{
    "type": "FeatureCollection",
    "features": [
        {
            "type": "Feature",
            "properties": {},
            "geometry": {
                "type": "MultiPolygon",
                "coordinates": [
                    [
                        [
                            [
                                -122.357210529,
                                48.387722343
                            ],
                            [
                                -122.35585492,
                                48.387714761
                            ],
                            [
                                -122.355885876,
                                48.384847879
                            ],
                            [
                                -122.337934949,
                                48.384813717
                            ],
                            [
                                -122.336409022,
                                48.402990515
                            ],
                            [
                                -122.34454855,
                                48.403068184
                            ],
                            [
                                -122.344578925,
                                48.406371571
                            ],
                            [
                                -122.347642471,
                                48.40638929
                            ],
                            [
                                -122.347694549,
                                48.407143989
                            ],
                            [
                                -122.347758895,
                                48.407037692
                            ],
                            [
                                -122.348111129,
                                48.407118533
                            ],
                            [
                                -122.34790886,
                                48.40748243
                            ],
                            [
                                -122.347952091,
                                48.40774588
                            ],
                            [
                                -122.349231889,
                                48.408830729
                            ],
                            [
                                -122.349261907,
                                48.409405457
                            ],
                            [
                                -122.34891499,
                                48.40968083
                            ],
                            [
                                -122.348978665,
                                48.40880043
                            ],
                            [
                                -122.34791115,
                                48.408176811
                            ],
                            [
                                -122.347693594,
                                48.407565617
                            ],
                            [
                                -122.347519756,
                                48.407567642
                            ],
                            [
                                -122.347622653,
                                48.407279873
                            ],
                            [
                                -122.347545705,
                                48.407453714
                            ],
                            [
                                -122.347508883,
                                48.407601711
                            ],
                            [
                                -122.347505759,
                                48.40790134
                            ],
                            [
                                -122.347940867,
                                48.410007784
                            ],
                            [
                                -122.351527154,
                                48.410023924
                            ],
                            [
                                -122.351547533,
                                48.399171453
                            ],
                            [
                                -122.348767521,
                                48.39918995
                            ],
                            [
                                -122.348756136,
                                48.397443922
                            ],
                            [
                                -122.351568023,
                                48.397433362
                            ],
                            [
                                -122.351547553,
                                48.399171433
                            ],
                            [
                                -122.357225627,
                                48.399168624
                            ],
                            [
                                -122.357225581,
                                48.400984328
                            ],
                            [
                                -122.354559357,
                                48.400977328
                            ],
                            [
                                -122.354572693,
                                48.402559304
                            ],
                            [
                                -122.355976725,
                                48.402564817
                            ],
                            [
                                -122.355997809,
                                48.410032207
                            ],
                            [
                                -122.355109257,
                                48.410010597
                            ],
                            [
                                -122.355102641,
                                48.409715683
                            ],
                            [
                                -122.354480368,
                                48.409709298
                            ],
                            [
                                -122.354492454,
                                48.409459985
                            ],
                            [
                                -122.353345752,
                                48.409452383
                            ],
                            [
                                -122.353302753,
                                48.41285447
                            ],
                            [
                                -122.357054929,
                                48.413916241
                            ],
                            [
                                -122.358268492,
                                48.413942667
                            ],
                            [
                                -122.359234843,
                                48.413627555
                            ],
                            [
                                -122.362329539,
                                48.411755323
                            ],
                            [
                                -122.362988069,
                                48.411400159
                            ],
                            [
                                -122.363173773,
                                48.411459545
                            ],
                            [
                                -122.363851886,
                                48.409645729
                            ],
                            [
                                -122.36377977,
                                48.408412328
                            ],
                            [
                                -122.364350791,
                                48.406822068
                            ],
                            [
                                -122.36481237,
                                48.404639424
                            ],
                            [
                                -122.364791161,
                                48.403905946
                            ],
                            [
                                -122.363734472,
                                48.400932983
                            ],
                            [
                                -122.363375278,
                                48.399248389
                            ],
                            [
                                -122.362971817,
                                48.398226599
                            ],
                            [
                                -122.363117697,
                                48.398010035
                            ],
                            [
                                -122.362906259,
                                48.397267647
                            ],
                            [
                                -122.362690869,
                                48.39713092
                            ],
                            [
                                -122.36239796,
                                48.395885066
                            ],
                            [
                                -122.362213308,
                                48.393721202
                            ],
                            [
                                -122.362814797,
                                48.391337042
                            ],
                            [
                                -122.364243735,
                                48.389069751
                            ],
                            [
                                -122.363013236,
                                48.389078485
                            ],
                            [
                                -122.362380482,
                                48.389847016
                            ],
                            [
                                -122.360742027,
                                48.390492715
                            ],
                            [
                                -122.360404466,
                                48.391035116
                            ],
                            [
                                -122.360359934,
                                48.392022335
                            ],
                            [
                                -122.359913027,
                                48.393278715
                            ],
                            [
                                -122.359122027,
                                48.393512715
                            ],
                            [
                                -122.357149097,
                                48.392939133
                            ],
                            [
                                -122.357210529,
                                48.387722343
                            ]
                        ],
                        [
                            [
                                -122.357012496,
                                48.392901194
                            ],
                            [
                                -122.356436909,
                                48.392465893
                            ],
                            [
                                -122.3551094,
                                48.392105744
                            ],
                            [
                                -122.354890927,
                                48.391935131
                            ],
                            [
                                -122.356600809,
                                48.392387255
                            ],
                            [
                                -122.357006194,
                                48.392679295
                            ],
                            [
                                -122.357012496,
                                48.392901194
                            ]
                        ],
                        [
                            [
                                -122.347288933,
                                48.404954946
                            ],
                            [
                                -122.34781663,
                                48.406002212
                            ],
                            [
                                -122.347315264,
                                48.405704106
                            ],
                            [
                                -122.346978333,
                                48.405150607
                            ],
                            [
                                -122.347035426,
                                48.404477227
                            ],
                            [
                                -122.347583156,
                                48.40359304
                            ],
                            [
                                -122.347672293,
                                48.403728008
                            ],
                            [
                                -122.347288933,
                                48.404954946
                            ]
                        ],
                        [
                            [
                                -122.353443614,
                                48.392653929
                            ],
                            [
                                -122.351146952,
                                48.392292457
                            ],
                            [
                                -122.348867388,
                                48.392211248
                            ],
                            [
                                -122.351428016,
                                48.392181502
                            ],
                            [
                                -122.353071816,
                                48.392511392
                            ],
                            [
                                -122.353533241,
                                48.392380842
                            ],
                            [
                                -122.353720772,
                                48.392053819
                            ],
                            [
                                -122.353899815,
                                48.392097957
                            ],
                            [
                                -122.353783463,
                                48.392430379
                            ],
                            [
                                -122.353443614,
                                48.392653929
                            ]
                        ],
                        [
                            [
                                -122.347604531,
                                48.392327211
                            ],
                            [
                                -122.348498485,
                                48.392208093
                            ],
                            [
                                -122.347057594,
                                48.392557409
                            ],
                            [
                                -122.347604531,
                                48.392327211
                            ]
                        ],
                        [
                            [
                                -122.346675846,
                                48.392701411
                            ],
                            [
                                -122.346655354,
                                48.392835354
                            ],
                            [
                                -122.345757875,
                                48.393029544
                            ],
                            [
                                -122.345171473,
                                48.39354228
                            ],
                            [
                                -122.344590104,
                                48.394359837
                            ],
                            [
                                -122.344047808,
                                48.394635838
                            ],
                            [
                                -122.345511517,
                                48.393016585
                            ],
                            [
                                -122.346675846,
                                48.392701411
                            ]
                        ],
                        [
                            [
                                -122.346372082,
                                48.394054905
                            ],
                            [
                                -122.347377681,
                                48.393672308
                            ],
                            [
                                -122.347572421,
                                48.393724428
                            ],
                            [
                                -122.347660767,
                                48.393998489
                            ],
                            [
                                -122.347996021,
                                48.394009022
                            ],
                            [
                                -122.34637409,
                                48.394901754
                            ],
                            [
                                -122.346198848,
                                48.394746205
                            ],
                            [
                                -122.346372082,
                                48.394054905
                            ]
                        ],
                        [
                            [
                                -122.343836817,
                                48.394852884
                            ],
                            [
                                -122.343760597,
                                48.395641337
                            ],
                            [
                                -122.343624812,
                                48.39577398
                            ],
                            [
                                -122.343497011,
                                48.395607068
                            ],
                            [
                                -122.343836817,
                                48.394852884
                            ]
                        ],
                        [
                            [
                                -122.343522953,
                                48.396096551
                            ],
                            [
                                -122.34359483,
                                48.396194795
                            ],
                            [
                                -122.342478537,
                                48.397354338
                            ],
                            [
                                -122.343080752,
                                48.396396004
                            ],
                            [
                                -122.343522953,
                                48.396096551
                            ]
                        ],
                        [
                            [
                                -122.348031616,
                                48.396921446
                            ],
                            [
                                -122.348183909,
                                48.397170194
                            ],
                            [
                                -122.347698606,
                                48.398100688
                            ],
                            [
                                -122.347118738,
                                48.398127895
                            ],
                            [
                                -122.347270475,
                                48.397835009
                            ],
                            [
                                -122.347040638,
                                48.397575149
                            ],
                            [
                                -122.34711422,
                                48.397414695
                            ],
                            [
                                -122.347601294,
                                48.397016892
                            ],
                            [
                                -122.348031616,
                                48.396921446
                            ]
                        ],
                        [
                            [
                                -122.344753739,
                                48.397261351
                            ],
                            [
                                -122.345015813,
                                48.397589582
                            ],
                            [
                                -122.34488151,
                                48.398115826
                            ],
                            [
                                -122.3449766,
                                48.398655284
                            ],
                            [
                                -122.34473905,
                                48.398937511
                            ],
                            [
                                -122.34444733,
                                48.398453866
                            ],
                            [
                                -122.344577813,
                                48.397877322
                            ],
                            [
                                -122.344489912,
                                48.397439842
                            ],
                            [
                                -122.344753739,
                                48.397261351
                            ]
                        ],
                        [
                            [
                                -122.342322658,
                                48.39769111
                            ],
                            [
                                -122.342564884,
                                48.400533177
                            ],
                            [
                                -122.343183252,
                                48.401104227
                            ],
                            [
                                -122.34473644,
                                48.401572347
                            ],
                            [
                                -122.343098194,
                                48.401392991
                            ],
                            [
                                -122.342438996,
                                48.400875668
                            ],
                            [
                                -122.342068189,
                                48.399236698
                            ],
                            [
                                -122.34216065,
                                48.398030054
                            ],
                            [
                                -122.342322658,
                                48.39769111
                            ]
                        ],
                        [
                            [
                                -122.345025345,
                                48.401478421
                            ],
                            [
                                -122.345610798,
                                48.401477177
                            ],
                            [
                                -122.34667958,
                                48.402038803
                            ],
                            [
                                -122.345025345,
                                48.401478421
                            ]
                        ],
                        [
                            [
                                -122.347108448,
                                48.402223614
                            ],
                            [
                                -122.347348682,
                                48.40222226
                            ],
                            [
                                -122.347549733,
                                48.402452778
                            ],
                            [
                                -122.347156267,
                                48.4023397
                            ],
                            [
                                -122.347108448,
                                48.402223614
                            ]
                        ],
                        [
                            [
                                -122.347664191,
                                48.402796653
                            ],
                            [
                                -122.347867541,
                                48.403179571
                            ],
                            [
                                -122.347702046,
                                48.403316791
                            ],
                            [
                                -122.347664191,
                                48.402796653
                            ]
                        ],
                        [
                            [
                                -122.348066161,
                                48.406470038
                            ],
                            [
                                -122.348332458,
                                48.406536472
                            ],
                            [
                                -122.347945756,
                                48.406542848
                            ],
                            [
                                -122.348066161,
                                48.406470038
                            ]
                        ]
                    ],
                    [
                        [
                            [
                                -122.327300307,
                                48.387551175
                            ],
                            [
                                -122.325986462,
                                48.386011324
                            ],
                            [
                                -122.326209766,
                                48.386007864
                            ],
                            [
                                -122.326195995,
                                48.384802772
                            ],
                            [
                                -122.306973016,
                                48.38470472
                            ],
                            [
                                -122.30676507,
                                48.381771829
                            ],
                            [
                                -122.305489353,
                                48.381884238
                            ],
                            [
                                -122.305201892,
                                48.382745192
                            ],
                            [
                                -122.305145016,
                                48.383500721
                            ],
                            [
                                -122.304397749,
                                48.384759736
                            ],
                            [
                                -122.305067599,
                                48.384760044
                            ],
                            [
                                -122.305091155,
                                48.387065289
                            ],
                            [
                                -122.303060838,
                                48.387039192
                            ],
                            [
                                -122.303054182,
                                48.392021645
                            ],
                            [
                                -122.313895417,
                                48.392028412
                            ],
                            [
                                -122.313846934,
                                48.39913833
                            ],
                            [
                                -122.308386402,
                                48.399170524
                            ],
                            [
                                -122.308258812,
                                48.402239679
                            ],
                            [
                                -122.305280411,
                                48.402251175
                            ],
                            [
                                -122.30435762,
                                48.401455694
                            ],
                            [
                                -122.303271541,
                                48.399200443
                            ],
                            [
                                -122.301291057,
                                48.399211967
                            ],
                            [
                                -122.305269596,
                                48.402786408
                            ],
                            [
                                -122.305372191,
                                48.403836488
                            ],
                            [
                                -122.305663027,
                                48.404671588
                            ],
                            [
                                -122.305583069,
                                48.40521049
                            ],
                            [
                                -122.306194085,
                                48.405215832
                            ],
                            [
                                -122.305814785,
                                48.405994923
                            ],
                            [
                                -122.305871696,
                                48.406181268
                            ],
                            [
                                -122.315077988,
                                48.406219458
                            ],
                            [
                                -122.315076187,
                                48.405830497
                            ],
                            [
                                -122.316369659,
                                48.404674165
                            ],
                            [
                                -122.31643805,
                                48.403852564
                            ],
                            [
                                -122.317036953,
                                48.403540507
                            ],
                            [
                                -122.317426079,
                                48.402916911
                            ],
                            [
                                -122.315363183,
                                48.402794483
                            ],
                            [
                                -122.317966359,
                                48.400616262
                            ],
                            [
                                -122.318176527,
                                48.400182569
                            ],
                            [
                                -122.318205536,
                                48.399355791
                            ],
                            [
                                -122.319383898,
                                48.399363045
                            ],
                            [
                                -122.319323624,
                                48.401011576
                            ],
                            [
                                -122.323667344,
                                48.401047616
                            ],
                            [
                                -122.323814388,
                                48.401040975
                            ],
                            [
                                -122.323835856,
                                48.400859128
                            ],
                            [
                                -122.324298614,
                                48.400859191
                            ],
                            [
                                -122.324189338,
                                48.400348028
                            ],
                            [
                                -122.323473137,
                                48.399047336
                            ],
                            [
                                -122.323049312,
                                48.399149368
                            ],
                            [
                                -122.323010149,
                                48.398999572
                            ],
                            [
                                -122.323312906,
                                48.398792468
                            ],
                            [
                                -122.323164841,
                                48.398577374
                            ],
                            [
                                -122.32476338,
                                48.398565193
                            ],
                            [
                                -122.325060668,
                                48.398287173
                            ],
                            [
                                -122.325307487,
                                48.397442684
                            ],
                            [
                                -122.326129748,
                                48.397474737
                            ],
                            [
                                -122.326139067,
                                48.396446845
                            ],
                            [
                                -122.326544112,
                                48.396456431
                            ],
                            [
                                -122.326140034,
                                48.394737678
                            ],
                            [
                                -122.326372246,
                                48.393799274
                            ],
                            [
                                -122.326087499,
                                48.393040092
                            ],
                            [
                                -122.326337425,
                                48.392036
                            ],
                            [
                                -122.326121448,
                                48.39203657
                            ],
                            [
                                -122.326376798,
                                48.390097918
                            ],
                            [
                                -122.327265692,
                                48.388529851
                            ],
                            [
                                -122.327300307,
                                48.387551175
                            ]
                        ]
                    ],
                    [
                        [
                            [
                                -122.27391048,
                                48.495185717
                            ],
                            [
                                -122.280032443,
                                48.492788355
                            ],
                            [
                                -122.280350223,
                                48.492964902
                            ],
                            [
                                -122.280382426,
                                48.496637683
                            ],
                            [
                                -122.274811865,
                                48.49657668
                            ],
                            [
                                -122.261136607,
                                48.501705844
                            ],
                            [
                                -122.260948436,
                                48.506564566
                            ],
                            [
                                -122.260317077,
                                48.507313065
                            ],
                            [
                                -122.257757427,
                                48.507305623
                            ],
                            [
                                -122.257753159,
                                48.511123396
                            ],
                            [
                                -122.255177984,
                                48.51111591
                            ],
                            [
                                -122.255199124,
                                48.512908718
                            ],
                            [
                                -122.255739306,
                                48.51291337
                            ],
                            [
                                -122.255744079,
                                48.513962351
                            ],
                            [
                                -122.256805988,
                                48.513962097
                            ],
                            [
                                -122.256806044,
                                48.515544185
                            ],
                            [
                                -122.255871738,
                                48.515067089
                            ],
                            [
                                -122.25561407,
                                48.515281228
                            ],
                            [
                                -122.255643214,
                                48.51834648
                            ],
                            [
                                -122.254415485,
                                48.518330766
                            ],
                            [
                                -122.254397112,
                                48.516539834
                            ],
                            [
                                -122.253044243,
                                48.51651924
                            ],
                            [
                                -122.253049162,
                                48.51696706
                            ],
                            [
                                -122.250426703,
                                48.516935646
                            ],
                            [
                                -122.250399548,
                                48.514760925
                            ],
                            [
                                -122.244245968,
                                48.514700725
                            ],
                            [
                                -122.244262183,
                                48.515764834
                            ],
                            [
                                -122.247499757,
                                48.515742992
                            ],
                            [
                                -122.247510835,
                                48.516501167
                            ],
                            [
                                -122.246911635,
                                48.516505226
                            ],
                            [
                                -122.246923972,
                                48.517390576
                            ],
                            [
                                -122.242232218,
                                48.517422195
                            ],
                            [
                                -122.24220212,
                                48.515797888
                            ],
                            [
                                -122.243104248,
                                48.515772627
                            ],
                            [
                                -122.243088048,
                                48.514707955
                            ],
                            [
                                -122.237701073,
                                48.514703163
                            ],
                            [
                                -122.237424727,
                                48.516055637
                            ],
                            [
                                -122.237639644,
                                48.517116098
                            ],
                            [
                                -122.238114031,
                                48.518217748
                            ],
                            [
                                -122.238901979,
                                48.519266845
                            ],
                            [
                                -122.239773698,
                                48.52006546
                            ],
                            [
                                -122.241135529,
                                48.520946097
                            ],
                            [
                                -122.24230745,
                                48.521482806
                            ],
                            [
                                -122.242311735,
                                48.521714171
                            ],
                            [
                                -122.239613431,
                                48.521641719
                            ],
                            [
                                -122.239661632,
                                48.523381367
                            ],
                            [
                                -122.235516524,
                                48.524990586
                            ],
                            [
                                -122.231509766,
                                48.524956226
                            ],
                            [
                                -122.231548678,
                                48.526156508
                            ],
                            [
                                -122.232380552,
                                48.52617012
                            ],
                            [
                                -122.231693278,
                                48.528297326
                            ],
                            [
                                -122.231502207,
                                48.528413942
                            ],
                            [
                                -122.226298446,
                                48.528470883
                            ],
                            [
                                -122.226261753,
                                48.527654858
                            ],
                            [
                                -122.222104323,
                                48.527679668
                            ],
                            [
                                -122.22195436,
                                48.52768902
                            ],
                            [
                                -122.221988084,
                                48.528543626
                            ],
                            [
                                -122.216415168,
                                48.52859161
                            ],
                            [
                                -122.216394293,
                                48.529390698
                            ],
                            [
                                -122.216866038,
                                48.529697738
                            ],
                            [
                                -122.21746052,
                                48.530703092
                            ],
                            [
                                -122.218588972,
                                48.530809389
                            ],
                            [
                                -122.218575391,
                                48.531691965
                            ],
                            [
                                -122.22139804,
                                48.533824738
                            ],
                            [
                                -122.22213004,
                                48.534727738
                            ],
                            [
                                -122.222557041,
                                48.535841738
                            ],
                            [
                                -122.222537041,
                                48.536903738
                            ],
                            [
                                -122.222049041,
                                48.538165738
                            ],
                            [
                                -122.220263042,
                                48.541158738
                            ],
                            [
                                -122.218411317,
                                48.542826618
                            ],
                            [
                                -122.218407071,
                                48.543060825
                            ],
                            [
                                -122.226236181,
                                48.543118344
                            ],
                            [
                                -122.237152045,
                                48.542801736
                            ],
                            [
                                -122.248523047,
                                48.542723735
                            ],
                            [
                                -122.247516438,
                                48.550074808
                            ],
                            [
                                -122.256806165,
                                48.55039343
                            ],
                            [
                                -122.258682203,
                                48.549776321
                            ],
                            [
                                -122.26198105,
                                48.548331734
                            ],
                            [
                                -122.265348276,
                                48.547279838
                            ],
                            [
                                -122.267627465,
                                48.546068905
                            ],
                            [
                                -122.267763755,
                                48.544796976
                            ],
                            [
                                -122.26746605,
                                48.542438733
                            ],
                            [
                                -122.26753705,
                                48.541961733
                            ],
                            [
                                -122.26800405,
                                48.541091733
                            ],
                            [
                                -122.270712238,
                                48.539197752
                            ],
                            [
                                -122.271311037,
                                48.538024459
                            ],
                            [
                                -122.271405049,
                                48.537433732
                            ],
                            [
                                -122.27187599,
                                48.537053391
                            ],
                            [
                                -122.272352117,
                                48.536196952
                            ],
                            [
                                -122.272704529,
                                48.534835799
                            ],
                            [
                                -122.272719408,
                                48.534356538
                            ],
                            [
                                -122.272456048,
                                48.533823732
                            ],
                            [
                                -122.272736048,
                                48.532656732
                            ],
                            [
                                -122.272765126,
                                48.531164376
                            ],
                            [
                                -122.273018126,
                                48.531165974
                            ],
                            [
                                -122.273173047,
                                48.529384732
                            ],
                            [
                                -122.274544047,
                                48.528358732
                            ],
                            [
                                -122.275475047,
                                48.528058731
                            ],
                            [
                                -122.275940048,
                                48.528160731
                            ],
                            [
                                -122.276592048,
                                48.527813731
                            ],
                            [
                                -122.277591048,
                                48.527792731
                            ],
                            [
                                -122.279872207,
                                48.529105475
                            ],
                            [
                                -122.280146651,
                                48.52097739
                            ],
                            [
                                -122.280437296,
                                48.500131738
                            ],
                            [
                                -122.280368033,
                                48.489304454
                            ],
                            [
                                -122.274954038,
                                48.489331729
                            ],
                            [
                                -122.274668035,
                                48.479776729
                            ],
                            [
                                -122.274717035,
                                48.479442729
                            ],
                            [
                                -122.275622035,
                                48.478539729
                            ],
                            [
                                -122.280222778,
                                48.478436707
                            ],
                            [
                                -122.280381609,
                                48.475769753
                            ],
                            [
                                -122.2785274,
                                48.476414068
                            ],
                            [
                                -122.275994335,
                                48.477625981
                            ],
                            [
                                -122.273626837,
                                48.480003404
                            ],
                            [
                                -122.272140492,
                                48.480785469
                            ],
                            [
                                -122.270234856,
                                48.481441724
                            ],
                            [
                                -122.269971172,
                                48.481941471
                            ],
                            [
                                -122.27006764,
                                48.482541039
                            ],
                            [
                                -122.271931468,
                                48.484696582
                            ],
                            [
                                -122.272883813,
                                48.486068442
                            ],
                            [
                                -122.273840159,
                                48.488323312
                            ],
                            [
                                -122.274028393,
                                48.489808909
                            ],
                            [
                                -122.273951451,
                                48.491163419
                            ],
                            [
                                -122.27321545,
                                48.492208895
                            ],
                            [
                                -122.273139687,
                                48.492991966
                            ],
                            [
                                -122.272911652,
                                48.493466631
                            ],
                            [
                                -122.272074966,
                                48.494472153
                            ],
                            [
                                -122.269917532,
                                48.495992349
                            ],
                            [
                                -122.266591315,
                                48.497225062
                            ],
                            [
                                -122.262158776,
                                48.497007822
                            ],
                            [
                                -122.260712439,
                                48.496529295
                            ],
                            [
                                -122.260086174,
                                48.496056875
                            ],
                            [
                                -122.259402643,
                                48.495324353
                            ],
                            [
                                -122.259289544,
                                48.493857066
                            ],
                            [
                                -122.258656109,
                                48.492816316
                            ],
                            [
                                -122.258850471,
                                48.492477406
                            ],
                            [
                                -122.259713346,
                                48.493319311
                            ],
                            [
                                -122.259841527,
                                48.494616472
                            ],
                            [
                                -122.260274371,
                                48.494505548
                            ],
                            [
                                -122.260487771,
                                48.492451771
                            ],
                            [
                                -122.258749024,
                                48.490614163
                            ],
                            [
                                -122.256397226,
                                48.489213648
                            ],
                            [
                                -122.254901845,
                                48.488592346
                            ],
                            [
                                -122.253300324,
                                48.488509877
                            ],
                            [
                                -122.252058334,
                                48.488879626
                            ],
                            [
                                -122.251469405,
                                48.489650045
                            ],
                            [
                                -122.250835719,
                                48.489834422
                            ],
                            [
                                -122.248086878,
                                48.488750632
                            ],
                            [
                                -122.245785377,
                                48.488368188
                            ],
                            [
                                -122.248103362,
                                48.488725495
                            ],
                            [
                                -122.25071246,
                                48.489744042
                            ],
                            [
                                -122.251289378,
                                48.489468574
                            ],
                            [
                                -122.252061832,
                                48.488610423
                            ],
                            [
                                -122.252479145,
                                48.488405054
                            ],
                            [
                                -122.254511491,
                                48.488296262
                            ],
                            [
                                -122.255678108,
                                48.488660424
                            ],
                            [
                                -122.257385436,
                                48.489436404
                            ],
                            [
                                -122.258779547,
                                48.490302673
                            ],
                            [
                                -122.260651345,
                                48.492121422
                            ],
                            [
                                -122.260847575,
                                48.492661475
                            ],
                            [
                                -122.260426859,
                                48.494017579
                            ],
                            [
                                -122.260910599,
                                48.496197422
                            ],
                            [
                                -122.261456143,
                                48.496578961
                            ],
                            [
                                -122.263630031,
                                48.496937196
                            ],
                            [
                                -122.26629528,
                                48.497105406
                            ],
                            [
                                -122.269093365,
                                48.496143582
                            ],
                            [
                                -122.270530615,
                                48.495395052
                            ],
                            [
                                -122.272377852,
                                48.49381311
                            ],
                            [
                                -122.272703866,
                                48.493339492
                            ],
                            [
                                -122.273075413,
                                48.492037665
                            ],
                            [
                                -122.27359903,
                                48.491401651
                            ],
                            [
                                -122.273740678,
                                48.490526587
                            ],
                            [
                                -122.27354488,
                                48.488459794
                            ],
                            [
                                -122.272376884,
                                48.485897156
                            ],
                            [
                                -122.271265531,
                                48.484468808
                            ],
                            [
                                -122.271785442,
                                48.485983319
                            ],
                            [
                                -122.271830672,
                                48.486766534
                            ],
                            [
                                -122.272026975,
                                48.487055396
                            ],
                            [
                                -122.2727235,
                                48.48745599
                            ],
                            [
                                -122.273108579,
                                48.488849414
                            ],
                            [
                                -122.273294334,
                                48.489018301
                            ],
                            [
                                -122.273266104,
                                48.48975339
                            ],
                            [
                                -122.273056132,
                                48.490210807
                            ],
                            [
                                -122.273066756,
                                48.491137529
                            ],
                            [
                                -122.272206927,
                                48.492973596
                            ],
                            [
                                -122.270256925,
                                48.494630893
                            ],
                            [
                                -122.269926238,
                                48.494679137
                            ],
                            [
                                -122.269753826,
                                48.494463356
                            ],
                            [
                                -122.269441075,
                                48.495058851
                            ],
                            [
                                -122.268423269,
                                48.495862996
                            ],
                            [
                                -122.266563207,
                                48.496630483
                            ],
                            [
                                -122.26475305,
                                48.496493991
                            ],
                            [
                                -122.262622324,
                                48.495817063
                            ],
                            [
                                -122.264658018,
                                48.496103799
                            ],
                            [
                                -122.266950513,
                                48.495601698
                            ],
                            [
                                -122.269838956,
                                48.493935765
                            ],
                            [
                                -122.270376963,
                                48.493170096
                            ],
                            [
                                -122.271175158,
                                48.492813532
                            ],
                            [
                                -122.271719535,
                                48.492145728
                            ],
                            [
                                -122.27191727,
                                48.49140959
                            ],
                            [
                                -122.27246245,
                                48.490532306
                            ],
                            [
                                -122.272151186,
                                48.489584441
                            ],
                            [
                                -122.272257089,
                                48.488991454
                            ],
                            [
                                -122.271434955,
                                48.488149513
                            ],
                            [
                                -122.271213429,
                                48.488696791
                            ],
                            [
                                -122.271547701,
                                48.489715261
                            ],
                            [
                                -122.271418645,
                                48.490533193
                            ],
                            [
                                -122.271268695,
                                48.490640268
                            ],
                            [
                                -122.270471666,
                                48.487306653
                            ],
                            [
                                -122.271412028,
                                48.487591383
                            ],
                            [
                                -122.272142446,
                                48.48815807
                            ],
                            [
                                -122.272234352,
                                48.488505309
                            ],
                            [
                                -122.27243153,
                                48.488425837
                            ],
                            [
                                -122.272003349,
                                48.487316161
                            ],
                            [
                                -122.270036063,
                                48.48482065
                            ],
                            [
                                -122.270579188,
                                48.484418613
                            ],
                            [
                                -122.2703352,
                                48.484075251
                            ],
                            [
                                -122.270672222,
                                48.483816733
                            ],
                            [
                                -122.269618213,
                                48.482541721
                            ],
                            [
                                -122.269471812,
                                48.48192901
                            ],
                            [
                                -122.269631724,
                                48.481435539
                            ],
                            [
                                -122.266676301,
                                48.48163223
                            ],
                            [
                                -122.265332697,
                                48.481500566
                            ],
                            [
                                -122.264211034,
                                48.48183573
                            ],
                            [
                                -122.261429831,
                                48.481496843
                            ],
                            [
                                -122.259121033,
                                48.481622731
                            ],
                            [
                                -122.253755988,
                                48.481331018
                            ],
                            [
                                -122.253014874,
                                48.481599527
                            ],
                            [
                                -122.25187755,
                                48.482347505
                            ],
                            [
                                -122.247316316,
                                48.48435049
                            ],
                            [
                                -122.245568019,
                                48.484818594
                            ],
                            [
                                -122.244367021,
                                48.485431166
                            ],
                            [
                                -122.244218736,
                                48.485124284
                            ],
                            [
                                -122.244112212,
                                48.485531415
                            ],
                            [
                                -122.243535326,
                                48.484549337
                            ],
                            [
                                -122.243408785,
                                48.484612831
                            ],
                            [
                                -122.243885727,
                                48.485600177
                            ],
                            [
                                -122.243380529,
                                48.485639804
                            ],
                            [
                                -122.24343272,
                                48.485747993
                            ],
                            [
                                -122.241184744,
                                48.486346224
                            ],
                            [
                                -122.240884074,
                                48.486552895
                            ],
                            [
                                -122.240588023,
                                48.486476551
                            ],
                            [
                                -122.238511705,
                                48.487255722
                            ],
                            [
                                -122.23475435,
                                48.488229235
                            ],
                            [
                                -122.230605821,
                                48.488845071
                            ],
                            [
                                -122.227764841,
                                48.489013363
                            ],
                            [
                                -122.227964945,
                                48.489241679
                            ],
                            [
                                -122.228695752,
                                48.489470203
                            ],
                            [
                                -122.23102761,
                                48.489942871
                            ],
                            [
                                -122.231879406,
                                48.489850439
                            ],
                            [
                                -122.234360156,
                                48.489147666
                            ],
                            [
                                -122.234874311,
                                48.489051204
                            ],
                            [
                                -122.23663999,
                                48.488873815
                            ],
                            [
                                -122.237015873,
                                48.488867328
                            ],
                            [
                                -122.23754366,
                                48.488935168
                            ],
                            [
                                -122.234882918,
                                48.489078026
                            ],
                            [
                                -122.231894056,
                                48.489876089
                            ],
                            [
                                -122.231480525,
                                48.489946329
                            ],
                            [
                                -122.231023648,
                                48.489970208
                            ],
                            [
                                -122.230198468,
                                48.489883738
                            ],
                            [
                                -122.229250397,
                                48.489649826
                            ],
                            [
                                -122.229250367,
                                48.489973494
                            ],
                            [
                                -122.227867073,
                                48.489662258
                            ],
                            [
                                -122.226746536,
                                48.490014016
                            ],
                            [
                                -122.225729322,
                                48.49001055
                            ],
                            [
                                -122.225824124,
                                48.49069572
                            ],
                            [
                                -122.225965091,
                                48.490696279
                            ],
                            [
                                -122.225904036,
                                48.493327629
                            ],
                            [
                                -122.231519472,
                                48.493349864
                            ],
                            [
                                -122.231516605,
                                48.494341332
                            ],
                            [
                                -122.234733782,
                                48.494334815
                            ],
                            [
                                -122.234734931,
                                48.494202688
                            ],
                            [
                                -122.235502811,
                                48.494205617
                            ],
                            [
                                -122.235489329,
                                48.492676156
                            ],
                            [
                                -122.235943114,
                                48.492690523
                            ],
                            [
                                -122.236366194,
                                48.495634416
                            ],
                            [
                                -122.237620406,
                                48.495758529
                            ],
                            [
                                -122.237628919,
                                48.492908587
                            ],
                            [
                                -122.238825536,
                                48.492946464
                            ],
                            [
                                -122.23881127,
                                48.494418327
                            ],
                            [
                                -122.238172102,
                                48.494411848
                            ],
                            [
                                -122.238145153,
                                48.496620192
                            ],
                            [
                                -122.247495248,
                                48.496619723
                            ],
                            [
                                -122.24756876,
                                48.498684262
                            ],
                            [
                                -122.2502383,
                                48.498517799
                            ],
                            [
                                -122.253353616,
                                48.497596129
                            ],
                            [
                                -122.253397089,
                                48.499386066
                            ],
                            [
                                -122.258332773,
                                48.499321081
                            ],
                            [
                                -122.258326118,
                                48.498420753
                            ],
                            [
                                -122.261116943,
                                48.498389265
                            ],
                            [
                                -122.261107487,
                                48.497120307
                            ],
                            [
                                -122.26794377,
                                48.497293269
                            ],
                            [
                                -122.27391048,
                                48.495185717
                            ]
                        ],
                        [
                            [
                                -122.279970159,
                                48.498000036
                            ],
                            [
                                -122.280178962,
                                48.497803708
                            ],
                            [
                                -122.280178949,
                                48.49804624
                            ],
                            [
                                -122.279970159,
                                48.498000036
                            ]
                        ],
                        [
                            [
                                -122.244661912,
                                48.488416743
                            ],
                            [
                                -122.239730798,
                                48.48898452
                            ],
                            [
                                -122.238648803,
                                48.489031371
                            ],
                            [
                                -122.237667533,
                                48.488942565
                            ],
                            [
                                -122.239726574,
                                48.488957246
                            ],
                            [
                                -122.244661912,
                                48.488416743
                            ]
                        ]
                    ],
                    [
                        [
                            [
                                -122.5187364,
                                48.370518139
                            ],
                            [
                                -122.517511642,
                                48.370753569
                            ],
                            [
                                -122.517147107,
                                48.370607284
                            ],
                            [
                                -122.515516246,
                                48.370825935
                            ],
                            [
                                -122.513962576,
                                48.371223764
                            ],
                            [
                                -122.514338841,
                                48.371475016
                            ],
                            [
                                -122.516698038,
                                48.372022421
                            ],
                            [
                                -122.518284829,
                                48.372019683
                            ],
                            [
                                -122.518945125,
                                48.371218691
                            ],
                            [
                                -122.518928269,
                                48.370618923
                            ],
                            [
                                -122.5187364,
                                48.370518139
                            ]
                        ]
                    ],
                    [
                        [
                            [
                                -122.510781107,
                                48.374449754
                            ],
                            [
                                -122.511221761,
                                48.374659468
                            ],
                            [
                                -122.51055595,
                                48.374296536
                            ],
                            [
                                -122.510781107,
                                48.374449754
                            ]
                        ]
                    ],
                    [
                        [
                            [
                                -122.510692323,
                                48.376264042
                            ],
                            [
                                -122.510712978,
                                48.376262305
                            ],
                            [
                                -122.51069108,
                                48.376263356
                            ],
                            [
                                -122.510692323,
                                48.376264042
                            ]
                        ]
                    ],
                    [
                        [
                            [
                                -122.502693717,
                                48.387164322
                            ],
                            [
                                -122.503429856,
                                48.388438801
                            ],
                            [
                                -122.503577903,
                                48.388446985
                            ],
                            [
                                -122.508332318,
                                48.38846055
                            ],
                            [
                                -122.51003105,
                                48.387407698
                            ],
                            [
                                -122.511658051,
                                48.386973698
                            ],
                            [
                                -122.513885051,
                                48.387253698
                            ],
                            [
                                -122.514928051,
                                48.387156697
                            ],
                            [
                                -122.515302051,
                                48.387583697
                            ],
                            [
                                -122.516021079,
                                48.387883476
                            ],
                            [
                                -122.519144324,
                                48.387781551
                            ],
                            [
                                -122.519048052,
                                48.385962697
                            ],
                            [
                                -122.521594461,
                                48.385923916
                            ],
                            [
                                -122.521274051,
                                48.380561696
                            ],
                            [
                                -122.523556051,
                                48.380338696
                            ],
                            [
                                -122.531661646,
                                48.38015841
                            ],
                            [
                                -122.531708051,
                                48.376988695
                            ],
                            [
                                -122.531414051,
                                48.376238695
                            ],
                            [
                                -122.532964908,
                                48.375514926
                            ],
                            [
                                -122.533147849,
                                48.375198664
                            ],
                            [
                                -122.532445051,
                                48.375137964
                            ],
                            [
                                -122.531894238,
                                48.375366634
                            ],
                            [
                                -122.529404313,
                                48.375700762
                            ],
                            [
                                -122.527724645,
                                48.376272365
                            ],
                            [
                                -122.527114994,
                                48.37616789
                            ],
                            [
                                -122.52548285,
                                48.37632477
                            ],
                            [
                                -122.525209515,
                                48.37659843
                            ],
                            [
                                -122.52439405,
                                48.376646696
                            ],
                            [
                                -122.524192933,
                                48.376460815
                            ],
                            [
                                -122.52369405,
                                48.376564696
                            ],
                            [
                                -122.52199005,
                                48.376382696
                            ],
                            [
                                -122.521167049,
                                48.375949696
                            ],
                            [
                                -122.520900422,
                                48.375502356
                            ],
                            [
                                -122.52102949,
                                48.375020488
                            ],
                            [
                                -122.52150142,
                                48.374563558
                            ],
                            [
                                -122.52148136,
                                48.374321037
                            ],
                            [
                                -122.52125149,
                                48.374160832
                            ],
                            [
                                -122.52138175,
                                48.374098281
                            ],
                            [
                                -122.521305682,
                                48.373963266
                            ],
                            [
                                -122.520943156,
                                48.373724766
                            ],
                            [
                                -122.514401032,
                                48.371970437
                            ],
                            [
                                -122.513918625,
                                48.372063235
                            ],
                            [
                                -122.513673622,
                                48.371722701
                            ],
                            [
                                -122.512802359,
                                48.371315103
                            ],
                            [
                                -122.512058978,
                                48.371238964
                            ],
                            [
                                -122.511725303,
                                48.37168357
                            ],
                            [
                                -122.510809179,
                                48.371784111
                            ],
                            [
                                -122.510820182,
                                48.372070289
                            ],
                            [
                                -122.511056245,
                                48.372219828
                            ],
                            [
                                -122.509925707,
                                48.372991708
                            ],
                            [
                                -122.509886788,
                                48.373242507
                            ],
                            [
                                -122.510493915,
                                48.374211001
                            ],
                            [
                                -122.511525911,
                                48.374830418
                            ],
                            [
                                -122.512070901,
                                48.374960957
                            ],
                            [
                                -122.512263241,
                                48.375284229
                            ],
                            [
                                -122.512223776,
                                48.375811433
                            ],
                            [
                                -122.510768099,
                                48.376462503
                            ],
                            [
                                -122.509851057,
                                48.376397318
                            ],
                            [
                                -122.509839391,
                                48.37629254
                            ],
                            [
                                -122.510690879,
                                48.376263347
                            ],
                            [
                                -122.510402737,
                                48.376191173
                            ],
                            [
                                -122.509881247,
                                48.376257243
                            ],
                            [
                                -122.509594948,
                                48.37647553
                            ],
                            [
                                -122.509505444,
                                48.377063298
                            ],
                            [
                                -122.508667398,
                                48.378390602
                            ],
                            [
                                -122.508206602,
                                48.381853088
                            ],
                            [
                                -122.508523675,
                                48.381997667
                            ],
                            [
                                -122.509670013,
                                48.381797163
                            ],
                            [
                                -122.509266886,
                                48.381491495
                            ],
                            [
                                -122.509767285,
                                48.37889556
                            ],
                            [
                                -122.510822833,
                                48.378590886
                            ],
                            [
                                -122.511347181,
                                48.378840361
                            ],
                            [
                                -122.511198262,
                                48.379347995
                            ],
                            [
                                -122.510735347,
                                48.379692123
                            ],
                            [
                                -122.511080442,
                                48.380255434
                            ],
                            [
                                -122.510547338,
                                48.380662756
                            ],
                            [
                                -122.510993223,
                                48.381464714
                            ],
                            [
                                -122.511738277,
                                48.381597813
                            ],
                            [
                                -122.512336107,
                                48.381436103
                            ],
                            [
                                -122.512330354,
                                48.381173633
                            ],
                            [
                                -122.512079952,
                                48.380867162
                            ],
                            [
                                -122.512464019,
                                48.380405293
                            ],
                            [
                                -122.512476154,
                                48.380159433
                            ],
                            [
                                -122.512260086,
                                48.379903027
                            ],
                            [
                                -122.512310419,
                                48.379511957
                            ],
                            [
                                -122.512637238,
                                48.379275487
                            ],
                            [
                                -122.51376131,
                                48.380022089
                            ],
                            [
                                -122.515628844,
                                48.380922224
                            ],
                            [
                                -122.515706917,
                                48.38153523
                            ],
                            [
                                -122.515483382,
                                48.381929299
                            ],
                            [
                                -122.514299505,
                                48.382736768
                            ],
                            [
                                -122.513984024,
                                48.382720499
                            ],
                            [
                                -122.513837687,
                                48.382578426
                            ],
                            [
                                -122.513901886,
                                48.382266563
                            ],
                            [
                                -122.51338337,
                                48.382036968
                            ],
                            [
                                -122.511150043,
                                48.382356902
                            ],
                            [
                                -122.510854517,
                                48.382564034
                            ],
                            [
                                -122.510986776,
                                48.383183288
                            ],
                            [
                                -122.5114787,
                                48.383283153
                            ],
                            [
                                -122.512207258,
                                48.382995682
                            ],
                            [
                                -122.512812639,
                                48.382993288
                            ],
                            [
                                -122.513290648,
                                48.383442558
                            ],
                            [
                                -122.513239579,
                                48.383734631
                            ],
                            [
                                -122.512776908,
                                48.384048768
                            ],
                            [
                                -122.511731035,
                                48.383921972
                            ],
                            [
                                -122.511335383,
                                48.384080497
                            ],
                            [
                                -122.511548713,
                                48.384722028
                            ],
                            [
                                -122.511260573,
                                48.38505477
                            ],
                            [
                                -122.510824698,
                                48.385104636
                            ],
                            [
                                -122.509885444,
                                48.384859504
                            ],
                            [
                                -122.50955985,
                                48.385156627
                            ],
                            [
                                -122.509665915,
                                48.385549494
                            ],
                            [
                                -122.509565513,
                                48.385787968
                            ],
                            [
                                -122.50924337,
                                48.385945236
                            ],
                            [
                                -122.508448896,
                                48.38591037
                            ],
                            [
                                -122.508091755,
                                48.385636833
                            ],
                            [
                                -122.508018487,
                                48.385389361
                            ],
                            [
                                -122.508244454,
                                48.385042521
                            ],
                            [
                                -122.508808129,
                                48.384726776
                            ],
                            [
                                -122.508768618,
                                48.38429734
                            ],
                            [
                                -122.50900763,
                                48.384004153
                            ],
                            [
                                -122.509824249,
                                48.383595317
                            ],
                            [
                                -122.510121199,
                                48.38310957
                            ],
                            [
                                -122.510155928,
                                48.382723729
                            ],
                            [
                                -122.509968537,
                                48.382488528
                            ],
                            [
                                -122.509603212,
                                48.382477061
                            ],
                            [
                                -122.508163094,
                                48.382740666
                            ],
                            [
                                -122.507774939,
                                48.383110138
                            ],
                            [
                                -122.507483721,
                                48.384017092
                            ],
                            [
                                -122.506516449,
                                48.385830433
                            ],
                            [
                                -122.505983582,
                                48.386315632
                            ],
                            [
                                -122.505982509,
                                48.386651436
                            ],
                            [
                                -122.505522978,
                                48.386740772
                            ],
                            [
                                -122.504710101,
                                48.387208172
                            ],
                            [
                                -122.504398031,
                                48.387063707
                            ],
                            [
                                -122.503824564,
                                48.387200503
                            ],
                            [
                                -122.50338523,
                                48.387103841
                            ],
                            [
                                -122.502916969,
                                48.387329304
                            ],
                            [
                                -122.502693717,
                                48.387164322
                            ]
                        ]
                    ],
                    [
                        [
                            [
                                -122.646372094,
                                48.471539687
                            ],
                            [
                                -122.641601619,
                                48.477128496
                            ],
                            [
                                -122.640248095,
                                48.479315688
                            ],
                            [
                                -122.637186464,
                                48.483122519
                            ],
                            [
                                -122.637106943,
                                48.483238204
                            ],
                            [
                                -122.637482672,
                                48.483234841
                            ],
                            [
                                -122.63660709,
                                48.484288121
                            ],
                            [
                                -122.665117429,
                                48.484201363
                            ],
                            [
                                -122.665271093,
                                48.484189539
                            ],
                            [
                                -122.665399801,
                                48.483841861
                            ],
                            [
                                -122.665397711,
                                48.483554117
                            ],
                            [
                                -122.665223862,
                                48.483400038
                            ],
                            [
                                -122.66514612,
                                48.482465808
                            ],
                            [
                                -122.665253094,
                                48.482213642
                            ],
                            [
                                -122.665198809,
                                48.481856879
                            ],
                            [
                                -122.665239751,
                                48.482184782
                            ],
                            [
                                -122.665026554,
                                48.481479586
                            ],
                            [
                                -122.665953113,
                                48.48044411
                            ],
                            [
                                -122.666010499,
                                48.479697151
                            ],
                            [
                                -122.665801885,
                                48.479027248
                            ],
                            [
                                -122.664834685,
                                48.478190583
                            ],
                            [
                                -122.664324929,
                                48.478164361
                            ],
                            [
                                -122.663571134,
                                48.477629267
                            ],
                            [
                                -122.662285343,
                                48.476625932
                            ],
                            [
                                -122.661705123,
                                48.476005779
                            ],
                            [
                                -122.661256289,
                                48.476087277
                            ],
                            [
                                -122.660502685,
                                48.475396384
                            ],
                            [
                                -122.660794294,
                                48.475228332
                            ],
                            [
                                -122.660686899,
                                48.475145102
                            ],
                            [
                                -122.660397102,
                                48.475312208
                            ],
                            [
                                -122.658245147,
                                48.473635976
                            ],
                            [
                                -122.656917942,
                                48.472413713
                            ],
                            [
                                -122.657168925,
                                48.472307114
                            ],
                            [
                                -122.656631332,
                                48.472095991
                            ],
                            [
                                -122.656433745,
                                48.47174058
                            ],
                            [
                                -122.655222096,
                                48.471854686
                            ],
                            [
                                -122.654566095,
                                48.471614686
                            ],
                            [
                                -122.654477095,
                                48.471118686
                            ],
                            [
                                -122.654117095,
                                48.471049686
                            ],
                            [
                                -122.65186082,
                                48.466702946
                            ],
                            [
                                -122.651082381,
                                48.466057628
                            ],
                            [
                                -122.649345726,
                                48.46728433
                            ],
                            [
                                -122.648089033,
                                48.468428326
                            ],
                            [
                                -122.646372094,
                                48.471539687
                            ]
                        ]
                    ],
                    [
                        [
                            [
                                -122.662965047,
                                48.477023522
                            ],
                            [
                                -122.662964769,
                                48.477023312
                            ],
                            [
                                -122.66251191,
                                48.476718566
                            ],
                            [
                                -122.662965047,
                                48.477023522
                            ]
                        ]
                    ],
                    [
                        [
                            [
                                -122.664391317,
                                48.478138533
                            ],
                            [
                                -122.664120177,
                                48.477851141
                            ],
                            [
                                -122.664120147,
                                48.477851136
                            ],
                            [
                                -122.664391317,
                                48.478138533
                            ]
                        ]
                    ],
                    [
                        [
                            [
                                -122.666051297,
                                48.479887236
                            ],
                            [
                                -122.666045567,
                                48.479499643
                            ],
                            [
                                -122.6659851,
                                48.479373444
                            ],
                            [
                                -122.666051297,
                                48.479887236
                            ]
                        ]
                    ],
                    [
                        [
                            [
                                -122.665357454,
                                48.483125785
                            ],
                            [
                                -122.665400795,
                                48.48347237
                            ],
                            [
                                -122.665423064,
                                48.484011681
                            ],
                            [
                                -122.665400809,
                                48.483472387
                            ],
                            [
                                -122.665357454,
                                48.483125785
                            ]
                        ]
                    ],
                    [
                        [
                            [
                                -122.666279181,
                                48.484060783
                            ],
                            [
                                -122.665493001,
                                48.484066487
                            ],
                            [
                                -122.665493034,
                                48.484066511
                            ],
                            [
                                -122.666279181,
                                48.484060783
                            ]
                        ]
                    ],
                    [
                        [
                            [
                                -122.505365337,
                                48.371727175
                            ],
                            [
                                -122.505956333,
                                48.370785458
                            ],
                            [
                                -122.506192961,
                                48.370471689
                            ],
                            [
                                -122.505950754,
                                48.370489411
                            ],
                            [
                                -122.505097969,
                                48.371744582
                            ],
                            [
                                -122.505365337,
                                48.371727175
                            ]
                        ]
                    ],
                    [
                        [
                            [
                                -122.502710936,
                                48.373800898
                            ],
                            [
                                -122.503174459,
                                48.374292262
                            ],
                            [
                                -122.50354387,
                                48.374407366
                            ],
                            [
                                -122.502710936,
                                48.373800898
                            ]
                        ]
                    ],
                    [
                        [
                            [
                                -122.505184146,
                                48.381660977
                            ],
                            [
                                -122.504584529,
                                48.381953773
                            ],
                            [
                                -122.506150953,
                                48.382672456
                            ],
                            [
                                -122.506271392,
                                48.382067538
                            ],
                            [
                                -122.506048277,
                                48.381895207
                            ],
                            [
                                -122.506672649,
                                48.378730187
                            ],
                            [
                                -122.507006876,
                                48.377925002
                            ],
                            [
                                -122.506820581,
                                48.376934437
                            ],
                            [
                                -122.507164969,
                                48.376512322
                            ],
                            [
                                -122.507974899,
                                48.37638998
                            ],
                            [
                                -122.508655412,
                                48.375578423
                            ],
                            [
                                -122.507622326,
                                48.375789544
                            ],
                            [
                                -122.507299593,
                                48.375645376
                            ],
                            [
                                -122.507327578,
                                48.375457458
                            ],
                            [
                                -122.507693423,
                                48.375295301
                            ],
                            [
                                -122.508709461,
                                48.375197894
                            ],
                            [
                                -122.508773697,
                                48.374523918
                            ],
                            [
                                -122.50866509,
                                48.374292449
                            ],
                            [
                                -122.508190275,
                                48.374167217
                            ],
                            [
                                -122.508409556,
                                48.373890436
                            ],
                            [
                                -122.508211286,
                                48.373667325
                            ],
                            [
                                -122.508574568,
                                48.37341429
                            ],
                            [
                                -122.508093206,
                                48.372676438
                            ],
                            [
                                -122.507307504,
                                48.372529753
                            ],
                            [
                                -122.507210067,
                                48.372078453
                            ],
                            [
                                -122.505496781,
                                48.371987589
                            ],
                            [
                                -122.505036923,
                                48.37176638
                            ],
                            [
                                -122.503809605,
                                48.37196969
                            ],
                            [
                                -122.503821724,
                                48.372115979
                            ],
                            [
                                -122.504228438,
                                48.372290693
                            ],
                            [
                                -122.5039058,
                                48.372487679
                            ],
                            [
                                -122.50258513,
                                48.372377121
                            ],
                            [
                                -122.50238139,
                                48.372899929
                            ],
                            [
                                -122.502628584,
                                48.373690796
                            ],
                            [
                                -122.503568133,
                                48.374288684
                            ],
                            [
                                -122.503819245,
                                48.374681182
                            ],
                            [
                                -122.503775884,
                                48.375122
                            ],
                            [
                                -122.504422874,
                                48.376015709
                            ],
                            [
                                -122.504445141,
                                48.376628157
                            ],
                            [
                                -122.505323459,
                                48.377389768
                            ],
                            [
                                -122.504996961,
                                48.378425427
                            ],
                            [
                                -122.505098941,
                                48.379526144
                            ],
                            [
                                -122.504368214,
                                48.380390802
                            ],
                            [
                                -122.504282394,
                                48.381053231
                            ],
                            [
                                -122.504948322,
                                48.381469112
                            ],
                            [
                                -122.505288604,
                                48.381280081
                            ],
                            [
                                -122.505184146,
                                48.381660977
                            ]
                        ]
                    ],
                    [
                        [
                            [
                                -122.508368869,
                                48.381996212
                            ],
                            [
                                -122.508165608,
                                48.381858696
                            ],
                            [
                                -122.508167112,
                                48.381470348
                            ],
                            [
                                -122.508424886,
                                48.380139005
                            ],
                            [
                                -122.508518286,
                                48.379367432
                            ],
                            [
                                -122.508057248,
                                48.381894026
                            ],
                            [
                                -122.508368869,
                                48.381996212
                            ]
                        ]
                    ],
                    [
                        [
                            [
                                -122.350519271,
                                48.429809626
                            ],
                            [
                                -122.347115858,
                                48.429825268
                            ],
                            [
                                -122.34745046,
                                48.438663942
                            ],
                            [
                                -122.347458534,
                                48.445027663
                            ],
                            [
                                -122.3476702,
                                48.4450733
                            ],
                            [
                                -122.357595918,
                                48.446766266
                            ],
                            [
                                -122.360457691,
                                48.446856341
                            ],
                            [
                                -122.363849191,
                                48.446549884
                            ],
                            [
                                -122.365091663,
                                48.446352421
                            ],
                            [
                                -122.368900206,
                                48.445100492
                            ],
                            [
                                -122.3707746,
                                48.44390192
                            ],
                            [
                                -122.372237071,
                                48.442495252
                            ],
                            [
                                -122.372644752,
                                48.441886583
                            ],
                            [
                                -122.373062097,
                                48.440335154
                            ],
                            [
                                -122.373220043,
                                48.440333491
                            ],
                            [
                                -122.373098037,
                                48.438978156
                            ],
                            [
                                -122.371537814,
                                48.436532645
                            ],
                            [
                                -122.368946869,
                                48.434568234
                            ],
                            [
                                -122.365816655,
                                48.433525788
                            ],
                            [
                                -122.360433895,
                                48.43240458
                            ],
                            [
                                -122.353266857,
                                48.43008117
                            ],
                            [
                                -122.350519271,
                                48.429809626
                            ]
                        ]
                    ],
                    [
                        [
                            [
                                -122.356828868,
                                48.448428236
                            ],
                            [
                                -122.353608531,
                                48.448101254
                            ],
                            [
                                -122.346645938,
                                48.44664053
                            ],
                            [
                                -122.346716903,
                                48.450333868
                            ],
                            [
                                -122.347445512,
                                48.450341903
                            ],
                            [
                                -122.34755195,
                                48.457426267
                            ],
                            [
                                -122.34783529,
                                48.457420046
                            ],
                            [
                                -122.346525912,
                                48.457590038
                            ],
                            [
                                -122.346509693,
                                48.460426451
                            ],
                            [
                                -122.347683106,
                                48.460423038
                            ],
                            [
                                -122.347624033,
                                48.461072504
                            ],
                            [
                                -122.346504341,
                                48.461063577
                            ],
                            [
                                -122.34648766,
                                48.462210171
                            ],
                            [
                                -122.347622147,
                                48.462218476
                            ],
                            [
                                -122.34762144,
                                48.462483639
                            ],
                            [
                                -122.346486949,
                                48.462475333
                            ],
                            [
                                -122.346470612,
                                48.463584412
                            ],
                            [
                                -122.347015494,
                                48.46357832
                            ],
                            [
                                -122.347020625,
                                48.463850316
                            ],
                            [
                                -122.346478899,
                                48.463852404
                            ],
                            [
                                -122.346459425,
                                48.466458807
                            ],
                            [
                                -122.346608808,
                                48.468228933
                            ],
                            [
                                -122.347214763,
                                48.468235002
                            ],
                            [
                                -122.347665185,
                                48.468687146
                            ],
                            [
                                -122.347649874,
                                48.469448105
                            ],
                            [
                                -122.349192308,
                                48.468935193
                            ],
                            [
                                -122.350465744,
                                48.468930861
                            ],
                            [
                                -122.350464722,
                                48.470568931
                            ],
                            [
                                -122.351384256,
                                48.470575144
                            ],
                            [
                                -122.351398412,
                                48.471110735
                            ],
                            [
                                -122.350714083,
                                48.471110143
                            ],
                            [
                                -122.350728751,
                                48.47160571
                            ],
                            [
                                -122.350024658,
                                48.471614922
                            ],
                            [
                                -122.350019607,
                                48.472129552
                            ],
                            [
                                -122.356799273,
                                48.472178152
                            ],
                            [
                                -122.356805748,
                                48.472536993
                            ],
                            [
                                -122.351641865,
                                48.472443217
                            ],
                            [
                                -122.35164512,
                                48.475743547
                            ],
                            [
                                -122.345128104,
                                48.475712434
                            ],
                            [
                                -122.345134035,
                                48.475120215
                            ],
                            [
                                -122.341899113,
                                48.475109578
                            ],
                            [
                                -122.342049403,
                                48.479142532
                            ],
                            [
                                -122.341788091,
                                48.480100049
                            ],
                            [
                                -122.341086138,
                                48.481311462
                            ],
                            [
                                -122.340329315,
                                48.482114785
                            ],
                            [
                                -122.337188198,
                                48.484522196
                            ],
                            [
                                -122.335867433,
                                48.483643521
                            ],
                            [
                                -122.335378839,
                                48.483077177
                            ],
                            [
                                -122.335441259,
                                48.483426422
                            ],
                            [
                                -122.335952046,
                                48.484092722
                            ],
                            [
                                -122.338416047,
                                48.485856722
                            ],
                            [
                                -122.338720048,
                                48.487139722
                            ],
                            [
                                -122.339138048,
                                48.487628722
                            ],
                            [
                                -122.35022626,
                                48.495634031
                            ],
                            [
                                -122.356634904,
                                48.495671139
                            ],
                            [
                                -122.357153257,
                                48.478628093
                            ],
                            [
                                -122.357120042,
                                48.454071718
                            ],
                            [
                                -122.354298042,
                                48.454057719
                            ],
                            [
                                -122.354191042,
                                48.453935719
                            ],
                            [
                                -122.354411042,
                                48.453387719
                            ],
                            [
                                -122.354469041,
                                48.452569719
                            ],
                            [
                                -122.354352041,
                                48.452046719
                            ],
                            [
                                -122.355174041,
                                48.451007719
                            ],
                            [
                                -122.356833041,
                                48.450126718
                            ],
                            [
                                -122.360049294,
                                48.449963054
                            ],
                            [
                                -122.360383233,
                                48.449598571
                            ],
                            [
                                -122.360750782,
                                48.448404449
                            ],
                            [
                                -122.356828868,
                                48.448428236
                            ]
                        ],
                        [
                            [
                                -122.354616956,
                                48.454374792
                            ],
                            [
                                -122.355349964,
                                48.455136504
                            ],
                            [
                                -122.355377572,
                                48.455844517
                            ],
                            [
                                -122.355226544,
                                48.45584139
                            ],
                            [
                                -122.355293692,
                                48.455235365
                            ],
                            [
                                -122.354546818,
                                48.454489285
                            ],
                            [
                                -122.354616956,
                                48.454374792
                            ]
                        ]
                    ],
                    [
                        [
                            [
                                -122.274223938,
                                48.436185263
                            ],
                            [
                                -122.274178357,
                                48.436108671
                            ],
                            [
                                -122.274173379,
                                48.436103503
                            ],
                            [
                                -122.274223938,
                                48.436185263
                            ]
                        ]
                    ],
                    [
                        [
                            [
                                -122.276334578,
                                48.44266705
                            ],
                            [
                                -122.276435148,
                                48.442837678
                            ],
                            [
                                -122.276328555,
                                48.442655133
                            ],
                            [
                                -122.276334578,
                                48.44266705
                            ]
                        ]
                    ],
                    [
                        [
                            [
                                -122.278892166,
                                48.449330539
                            ],
                            [
                                -122.278993214,
                                48.448848107
                            ],
                            [
                                -122.278584518,
                                48.448959695
                            ],
                            [
                                -122.278892166,
                                48.449330539
                            ]
                        ]
                    ],
                    [
                        [
                            [
                                -122.346527577,
                                48.457561155
                            ],
                            [
                                -122.347168771,
                                48.45745668
                            ],
                            [
                                -122.346535405,
                                48.457445836
                            ],
                            [
                                -122.346527577,
                                48.457561155
                            ]
                        ]
                    ],
                    [
                        [
                            [
                                -122.308797908,
                                48.474749532
                            ],
                            [
                                -122.308518746,
                                48.474755358
                            ],
                            [
                                -122.308532344,
                                48.475255665
                            ],
                            [
                                -122.311038351,
                                48.475238664
                            ],
                            [
                                -122.311055952,
                                48.473508595
                            ],
                            [
                                -122.308793109,
                                48.473492231
                            ],
                            [
                                -122.308797908,
                                48.474749532
                            ]
                        ]
                    ],
                    [
                        [
                            [
                                -122.267056022,
                                48.430979727
                            ],
                            [
                                -122.267263765,
                                48.430997918
                            ],
                            [
                                -122.267032935,
                                48.430971936
                            ],
                            [
                                -122.267056022,
                                48.430979727
                            ]
                        ]
                    ],
                    [
                        [
                            [
                                -122.265045124,
                                48.431357365
                            ],
                            [
                                -122.265590021,
                                48.431321728
                            ],
                            [
                                -122.265647021,
                                48.431278728
                            ],
                            [
                                -122.265636021,
                                48.430678728
                            ],
                            [
                                -122.266440617,
                                48.430719503
                            ],
                            [
                                -122.265580633,
                                48.430663237
                            ],
                            [
                                -122.265601225,
                                48.431266065
                            ],
                            [
                                -122.265526952,
                                48.431320298
                            ],
                            [
                                -122.265045124,
                                48.431357365
                            ]
                        ]
                    ],
                    [
                        [
                            [
                                -122.227724425,
                                48.489019236
                            ],
                            [
                                -122.225900481,
                                48.489384325
                            ],
                            [
                                -122.225924104,
                                48.489819395
                            ],
                            [
                                -122.226225172,
                                48.489624203
                            ],
                            [
                                -122.228029081,
                                48.489302217
                            ],
                            [
                                -122.227724425,
                                48.489019236
                            ]
                        ]
                    ],
                    [
                        [
                            [
                                -122.229035147,
                                48.489587137
                            ],
                            [
                                -122.229009553,
                                48.489580539
                            ],
                            [
                                -122.229118415,
                                48.48961139
                            ],
                            [
                                -122.229035147,
                                48.489587137
                            ]
                        ]
                    ],
                    [
                        [
                            [
                                -122.203401879,
                                48.49338541
                            ],
                            [
                                -122.203986296,
                                48.494934086
                            ],
                            [
                                -122.204403191,
                                48.496638608
                            ],
                            [
                                -122.204016846,
                                48.497533951
                            ],
                            [
                                -122.202772864,
                                48.498580678
                            ],
                            [
                                -122.201605926,
                                48.499250695
                            ],
                            [
                                -122.200175211,
                                48.499655617
                            ],
                            [
                                -122.198479809,
                                48.499847817
                            ],
                            [
                                -122.198029254,
                                48.500337073
                            ],
                            [
                                -122.197568859,
                                48.501522937
                            ],
                            [
                                -122.197914869,
                                48.502001311
                            ],
                            [
                                -122.19923921,
                                48.502688287
                            ],
                            [
                                -122.199262923,
                                48.502953112
                            ],
                            [
                                -122.198626243,
                                48.503575744
                            ],
                            [
                                -122.198677223,
                                48.503724305
                            ],
                            [
                                -122.200129886,
                                48.504781322
                            ],
                            [
                                -122.201251965,
                                48.506425391
                            ],
                            [
                                -122.202232064,
                                48.506878179
                            ],
                            [
                                -122.203025225,
                                48.506976126
                            ],
                            [
                                -122.203512042,
                                48.507571827
                            ],
                            [
                                -122.204303295,
                                48.507923428
                            ],
                            [
                                -122.205079455,
                                48.508820123
                            ],
                            [
                                -122.204877175,
                                48.509564332
                            ],
                            [
                                -122.203665387,
                                48.510160473
                            ],
                            [
                                -122.202940915,
                                48.51012084
                            ],
                            [
                                -122.202325401,
                                48.510350618
                            ],
                            [
                                -122.206844202,
                                48.513685193
                            ],
                            [
                                -122.210461034,
                                48.515952738
                            ],
                            [
                                -122.21046803,
                                48.516160662
                            ],
                            [
                                -122.221248966,
                                48.511228805
                            ],
                            [
                                -122.221146192,
                                48.508985017
                            ],
                            [
                                -122.220846103,
                                48.50897796
                            ],
                            [
                                -122.220916484,
                                48.506847487
                            ],
                            [
                                -122.219508609,
                                48.506838497
                            ],
                            [
                                -122.219446711,
                                48.505087006
                            ],
                            [
                                -122.220180921,
                                48.505093546
                            ],
                            [
                                -122.220056425,
                                48.503320696
                            ],
                            [
                                -122.213220789,
                                48.503267845
                            ],
                            [
                                -122.209914838,
                                48.504924313
                            ],
                            [
                                -122.2097503,
                                48.50316858
                            ],
                            [
                                -122.212758129,
                                48.503154882
                            ],
                            [
                                -122.216258113,
                                48.501424054
                            ],
                            [
                                -122.214609334,
                                48.499831005
                            ],
                            [
                                -122.21516239,
                                48.499835912
                            ],
                            [
                                -122.2151979,
                                48.498910157
                            ],
                            [
                                -122.217514587,
                                48.498904305
                            ],
                            [
                                -122.217562227,
                                48.498626281
                            ],
                            [
                                -122.217911437,
                                48.498625155
                            ],
                            [
                                -122.218241817,
                                48.4982623
                            ],
                            [
                                -122.218459527,
                                48.498257095
                            ],
                            [
                                -122.218457694,
                                48.496911853
                            ],
                            [
                                -122.220604103,
                                48.496902876
                            ],
                            [
                                -122.220623154,
                                48.495982826
                            ],
                            [
                                -122.222893489,
                                48.496013892
                            ],
                            [
                                -122.22291376,
                                48.494289105
                            ],
                            [
                                -122.220620247,
                                48.494278218
                            ],
                            [
                                -122.22066964,
                                48.491724686
                            ],
                            [
                                -122.220177871,
                                48.491730149
                            ],
                            [
                                -122.220157374,
                                48.489881243
                            ],
                            [
                                -122.208330389,
                                48.490179255
                            ],
                            [
                                -122.205977213,
                                48.490571079
                            ],
                            [
                                -122.205204137,
                                48.490986617
                            ],
                            [
                                -122.203579732,
                                48.492828987
                            ],
                            [
                                -122.203401879,
                                48.49338541
                            ]
                        ],
                        [
                            [
                                -122.21444766,
                                48.511051229
                            ],
                            [
                                -122.211666253,
                                48.511110846
                            ],
                            [
                                -122.211644825,
                                48.510562249
                            ],
                            [
                                -122.210361856,
                                48.510556406
                            ],
                            [
                                -122.210355655,
                                48.510397654
                            ],
                            [
                                -122.211638627,
                                48.510403491
                            ],
                            [
                                -122.211631148,
                                48.510211674
                            ],
                            [
                                -122.214395067,
                                48.510224215
                            ],
                            [
                                -122.214356962,
                                48.509620394
                            ],
                            [
                                -122.21298015,
                                48.509612612
                            ],
                            [
                                -122.212932845,
                                48.50868439
                            ],
                            [
                                -122.21346637,
                                48.508686452
                            ],
                            [
                                -122.213429414,
                                48.507797284
                            ],
                            [
                                -122.212887493,
                                48.50779451
                            ],
                            [
                                -122.212844189,
                                48.50694477
                            ],
                            [
                                -122.216172589,
                                48.506987597
                            ],
                            [
                                -122.216280492,
                                48.508697356
                            ],
                            [
                                -122.215661747,
                                48.508694975
                            ],
                            [
                                -122.215828188,
                                48.511332712
                            ],
                            [
                                -122.214467044,
                                48.511355763
                            ],
                            [
                                -122.21444766,
                                48.511051229
                            ]
                        ]
                    ],
                    [
                        [
                            [
                                -122.313789718,
                                48.457171587
                            ],
                            [
                                -122.313581688,
                                48.450017749
                            ],
                            [
                                -122.308543093,
                                48.450045392
                            ],
                            [
                                -122.307521655,
                                48.451493535
                            ],
                            [
                                -122.30714276,
                                48.451862423
                            ],
                            [
                                -122.306785566,
                                48.45197205
                            ],
                            [
                                -122.306361901,
                                48.453598412
                            ],
                            [
                                -122.303673488,
                                48.453608282
                            ],
                            [
                                -122.303670399,
                                48.45323549
                            ],
                            [
                                -122.302883343,
                                48.453238365
                            ],
                            [
                                -122.302847853,
                                48.450647633
                            ],
                            [
                                -122.300010276,
                                48.450664131
                            ],
                            [
                                -122.300033443,
                                48.451827759
                            ],
                            [
                                -122.297319005,
                                48.451833319
                            ],
                            [
                                -122.297375486,
                                48.453720057
                            ],
                            [
                                -122.29191379,
                                48.453791234
                            ],
                            [
                                -122.291879891,
                                48.450037737
                            ],
                            [
                                -122.297241743,
                                48.450035365
                            ],
                            [
                                -122.297160385,
                                48.444582475
                            ],
                            [
                                -122.296203892,
                                48.444585556
                            ],
                            [
                                -122.296120615,
                                48.442927045
                            ],
                            [
                                -122.292212367,
                                48.442908558
                            ],
                            [
                                -122.291820028,
                                48.442605257
                            ],
                            [
                                -122.291811933,
                                48.441055443
                            ],
                            [
                                -122.289715464,
                                48.441040295
                            ],
                            [
                                -122.289701105,
                                48.440535552
                            ],
                            [
                                -122.291305664,
                                48.440536617
                            ],
                            [
                                -122.291275087,
                                48.439463373
                            ],
                            [
                                -122.291811096,
                                48.439372491
                            ],
                            [
                                -122.283592696,
                                48.43918568
                            ],
                            [
                                -122.283624497,
                                48.43739192
                            ],
                            [
                                -122.285580238,
                                48.437395943
                            ],
                            [
                                -122.285579216,
                                48.43574596
                            ],
                            [
                                -122.283053454,
                                48.435590019
                            ],
                            [
                                -122.27636244,
                                48.434287342
                            ],
                            [
                                -122.275164231,
                                48.433755768
                            ],
                            [
                                -122.275154681,
                                48.433191114
                            ],
                            [
                                -122.273305999,
                                48.431998728
                            ],
                            [
                                -122.269872695,
                                48.432017342
                            ],
                            [
                                -122.26986895,
                                48.4302802
                            ],
                            [
                                -122.268604874,
                                48.429900152
                            ],
                            [
                                -122.267184044,
                                48.429759455
                            ],
                            [
                                -122.266638939,
                                48.428550995
                            ],
                            [
                                -122.266638281,
                                48.428224532
                            ],
                            [
                                -122.26716917,
                                48.428235829
                            ],
                            [
                                -122.267161528,
                                48.424609566
                            ],
                            [
                                -122.26985677,
                                48.424620219
                            ],
                            [
                                -122.26984786,
                                48.420491909
                            ],
                            [
                                -122.270254376,
                                48.420630068
                            ],
                            [
                                -122.274342913,
                                48.420652443
                            ],
                            [
                                -122.278073201,
                                48.420666693
                            ],
                            [
                                -122.277961277,
                                48.41426473
                            ],
                            [
                                -122.275090909,
                                48.414227067
                            ],
                            [
                                -122.275095482,
                                48.413513732
                            ],
                            [
                                -122.274444648,
                                48.413502532
                            ],
                            [
                                -122.269788926,
                                48.413479676
                            ],
                            [
                                -122.270059483,
                                48.403650685
                            ],
                            [
                                -122.264621438,
                                48.403718172
                            ],
                            [
                                -122.264724312,
                                48.399203904
                            ],
                            [
                                -122.292181201,
                                48.3992156
                            ],
                            [
                                -122.29212564,
                                48.391033576
                            ],
                            [
                                -122.289914958,
                                48.391370575
                            ],
                            [
                                -122.287940513,
                                48.39230294
                            ],
                            [
                                -122.287664015,
                                48.392822723
                            ],
                            [
                                -122.287849015,
                                48.393399723
                            ],
                            [
                                -122.287755016,
                                48.394064723
                            ],
                            [
                                -122.287501016,
                                48.394269723
                            ],
                            [
                                -122.286330015,
                                48.394280723
                            ],
                            [
                                -122.285509015,
                                48.393915723
                            ],
                            [
                                -122.283804576,
                                48.393676922
                            ],
                            [
                                -122.281043793,
                                48.3942855
                            ],
                            [
                                -122.281035015,
                                48.394689724
                            ],
                            [
                                -122.271976013,
                                48.394963725
                            ],
                            [
                                -122.270579013,
                                48.394728725
                            ],
                            [
                                -122.267829012,
                                48.393876725
                            ],
                            [
                                -122.264190175,
                                48.392238619
                            ],
                            [
                                -122.25719301,
                                48.391197726
                            ],
                            [
                                -122.250506248,
                                48.387348294
                            ],
                            [
                                -122.250153145,
                                48.387860232
                            ],
                            [
                                -122.250098008,
                                48.389090727
                            ],
                            [
                                -122.249654008,
                                48.390361727
                            ],
                            [
                                -122.249600009,
                                48.391506727
                            ],
                            [
                                -122.249320009,
                                48.391708727
                            ],
                            [
                                -122.246238823,
                                48.39169465
                            ],
                            [
                                -122.246230008,
                                48.392957728
                            ],
                            [
                                -122.245446009,
                                48.395008728
                            ],
                            [
                                -122.24310702,
                                48.398436943
                            ],
                            [
                                -122.243088634,
                                48.39897226
                            ],
                            [
                                -122.243484445,
                                48.400438659
                            ],
                            [
                                -122.24384701,
                                48.399007728
                            ],
                            [
                                -122.24538101,
                                48.398940728
                            ],
                            [
                                -122.24833201,
                                48.397754728
                            ],
                            [
                                -122.24837301,
                                48.397913728
                            ],
                            [
                                -122.24745101,
                                48.398396728
                            ],
                            [
                                -122.24703901,
                                48.398810728
                            ],
                            [
                                -122.24688501,
                                48.399201728
                            ],
                            [
                                -122.24707201,
                                48.399536728
                            ],
                            [
                                -122.248038815,
                                48.400162727
                            ],
                            [
                                -122.250681011,
                                48.400132728
                            ],
                            [
                                -122.250730011,
                                48.401333728
                            ],
                            [
                                -122.250952011,
                                48.401736728
                            ],
                            [
                                -122.257254504,
                                48.407137334
                            ],
                            [
                                -122.258380752,
                                48.407345419
                            ],
                            [
                                -122.261625015,
                                48.407370727
                            ],
                            [
                                -122.261625014,
                                48.406258727
                            ],
                            [
                                -122.266873015,
                                48.406308726
                            ],
                            [
                                -122.267150015,
                                48.406520726
                            ],
                            [
                                -122.266912018,
                                48.418247727
                            ],
                            [
                                -122.265614018,
                                48.419343727
                            ],
                            [
                                -122.264402018,
                                48.419005727
                            ],
                            [
                                -122.263238817,
                                48.419228581
                            ],
                            [
                                -122.262669691,
                                48.419640477
                            ],
                            [
                                -122.261840018,
                                48.420690727
                            ],
                            [
                                -122.261062018,
                                48.421107728
                            ],
                            [
                                -122.259639018,
                                48.421329728
                            ],
                            [
                                -122.257340014,
                                48.421100153
                            ],
                            [
                                -122.256566587,
                                48.421311822
                            ],
                            [
                                -122.256839017,
                                48.421768728
                            ],
                            [
                                -122.25748093,
                                48.424594677
                            ],
                            [
                                -122.258715273,
                                48.426930476
                            ],
                            [
                                -122.259983353,
                                48.428241176
                            ],
                            [
                                -122.261206095,
                                48.429169002
                            ],
                            [
                                -122.26215802,
                                48.429598728
                            ],
                            [
                                -122.264359021,
                                48.430046728
                            ],
                            [
                                -122.264444021,
                                48.430367728
                            ],
                            [
                                -122.263977266,
                                48.431221184
                            ],
                            [
                                -122.265512629,
                                48.431294127
                            ],
                            [
                                -122.265480793,
                                48.4307008
                            ],
                            [
                                -122.265561512,
                                48.430637931
                            ],
                            [
                                -122.265834493,
                                48.430611488
                            ],
                            [
                                -122.266402066,
                                48.430678952
                            ],
                            [
                                -122.267281878,
                                48.430972689
                            ],
                            [
                                -122.267725466,
                                48.431282465
                            ],
                            [
                                -122.268562867,
                                48.431488101
                            ],
                            [
                                -122.268740679,
                                48.431675374
                            ],
                            [
                                -122.268792924,
                                48.432136432
                            ],
                            [
                                -122.268919707,
                                48.432228717
                            ],
                            [
                                -122.269004739,
                                48.432040791
                            ],
                            [
                                -122.269213936,
                                48.432090376
                            ],
                            [
                                -122.27021969,
                                48.433014961
                            ],
                            [
                                -122.271792909,
                                48.433507466
                            ],
                            [
                                -122.272488418,
                                48.434374442
                            ],
                            [
                                -122.273208829,
                                48.434543617
                            ],
                            [
                                -122.274218505,
                                48.436173378
                            ],
                            [
                                -122.276807632,
                                48.436092396
                            ],
                            [
                                -122.277586991,
                                48.436592488
                            ],
                            [
                                -122.277659647,
                                48.436789231
                            ],
                            [
                                -122.277468627,
                                48.436884939
                            ],
                            [
                                -122.274436976,
                                48.437180706
                            ],
                            [
                                -122.274508107,
                                48.437918761
                            ],
                            [
                                -122.27431644,
                                48.438500035
                            ],
                            [
                                -122.274901495,
                                48.440423311
                            ],
                            [
                                -122.2754766,
                                48.44106142
                            ],
                            [
                                -122.276435494,
                                48.44283822
                            ],
                            [
                                -122.276640512,
                                48.442839689
                            ],
                            [
                                -122.277374861,
                                48.443571873
                            ],
                            [
                                -122.279032489,
                                48.444283572
                            ],
                            [
                                -122.279400981,
                                48.444619266
                            ],
                            [
                                -122.28120901,
                                48.444728943
                            ],
                            [
                                -122.282229221,
                                48.44441151
                            ],
                            [
                                -122.282819908,
                                48.44439719
                            ],
                            [
                                -122.283851204,
                                48.444898925
                            ],
                            [
                                -122.284431061,
                                48.444956023
                            ],
                            [
                                -122.287097373,
                                48.444280013
                            ],
                            [
                                -122.287713002,
                                48.443510249
                            ],
                            [
                                -122.287725334,
                                48.442832317
                            ],
                            [
                                -122.287530424,
                                48.442811875
                            ],
                            [
                                -122.288267386,
                                48.442090164
                            ],
                            [
                                -122.288215227,
                                48.441041129
                            ],
                            [
                                -122.288410526,
                                48.440622856
                            ],
                            [
                                -122.288666866,
                                48.440475066
                            ],
                            [
                                -122.289277951,
                                48.440973025
                            ],
                            [
                                -122.289091666,
                                48.441700709
                            ],
                            [
                                -122.289705782,
                                48.442406714
                            ],
                            [
                                -122.290553333,
                                48.442889149
                            ],
                            [
                                -122.291190163,
                                48.444125182
                            ],
                            [
                                -122.291154284,
                                48.444710142
                            ],
                            [
                                -122.291479306,
                                48.445323977
                            ],
                            [
                                -122.291523449,
                                48.446386012
                            ],
                            [
                                -122.291338124,
                                48.447203489
                            ],
                            [
                                -122.290872749,
                                48.448010099
                            ],
                            [
                                -122.290026844,
                                48.448751778
                            ],
                            [
                                -122.289863878,
                                48.449542081
                            ],
                            [
                                -122.288980365,
                                48.450301523
                            ],
                            [
                                -122.288736191,
                                48.451226829
                            ],
                            [
                                -122.28843472,
                                48.451513022
                            ],
                            [
                                -122.286975789,
                                48.451189005
                            ],
                            [
                                -122.286637743,
                                48.451366663
                            ],
                            [
                                -122.286196498,
                                48.45199405
                            ],
                            [
                                -122.284961441,
                                48.452165877
                            ],
                            [
                                -122.284203128,
                                48.45209805
                            ],
                            [
                                -122.283588537,
                                48.452589668
                            ],
                            [
                                -122.282068884,
                                48.452814002
                            ],
                            [
                                -122.280747461,
                                48.452634504
                            ],
                            [
                                -122.279194993,
                                48.452175399
                            ],
                            [
                                -122.278859973,
                                48.451381466
                            ],
                            [
                                -122.279299675,
                                48.450736373
                            ],
                            [
                                -122.279242651,
                                48.450430262
                            ],
                            [
                                -122.279800594,
                                48.449866861
                            ],
                            [
                                -122.279662864,
                                48.44911879
                            ],
                            [
                                -122.280438474,
                                48.448754842
                            ],
                            [
                                -122.280890467,
                                48.448838645
                            ],
                            [
                                -122.281562761,
                                48.449347255
                            ],
                            [
                                -122.281956612,
                                48.450303106
                            ],
                            [
                                -122.282881247,
                                48.451118352
                            ],
                            [
                                -122.282429312,
                                48.451187408
                            ],
                            [
                                -122.282500862,
                                48.451313799
                            ],
                            [
                                -122.283496627,
                                48.451410465
                            ],
                            [
                                -122.284040884,
                                48.451143984
                            ],
                            [
                                -122.28513053,
                                48.450961803
                            ],
                            [
                                -122.285955916,
                                48.449707203
                            ],
                            [
                                -122.286270263,
                                48.449529157
                            ],
                            [
                                -122.286304784,
                                48.448458599
                            ],
                            [
                                -122.28646864,
                                48.448279979
                            ],
                            [
                                -122.285691835,
                                48.447698945
                            ],
                            [
                                -122.285981537,
                                48.447044288
                            ],
                            [
                                -122.285577149,
                                48.446960812
                            ],
                            [
                                -122.285274419,
                                48.447075655
                            ],
                            [
                                -122.284800471,
                                48.44689294
                            ],
                            [
                                -122.284300305,
                                48.447330701
                            ],
                            [
                                -122.284162345,
                                48.44693407
                            ],
                            [
                                -122.283941301,
                                48.447040794
                            ],
                            [
                                -122.2835699,
                                48.447623427
                            ],
                            [
                                -122.283824744,
                                48.448272445
                            ],
                            [
                                -122.282120608,
                                48.447793797
                            ],
                            [
                                -122.280950361,
                                48.447912782
                            ],
                            [
                                -122.280103876,
                                48.447781654
                            ],
                            [
                                -122.279147999,
                                48.448827379
                            ],
                            [
                                -122.279170467,
                                48.449170154
                            ],
                            [
                                -122.27902728,
                                48.449286287
                            ],
                            [
                                -122.279109432,
                                48.449755255
                            ],
                            [
                                -122.278107011,
                                48.450458858
                            ],
                            [
                                -122.277537763,
                                48.451480753
                            ],
                            [
                                -122.276760888,
                                48.452084566
                            ],
                            [
                                -122.275705818,
                                48.45230572
                            ],
                            [
                                -122.27434878,
                                48.451901939
                            ],
                            [
                                -122.273071343,
                                48.452622651
                            ],
                            [
                                -122.272598265,
                                48.452691405
                            ],
                            [
                                -122.270566294,
                                48.451752693
                            ],
                            [
                                -122.270063502,
                                48.451773143
                            ],
                            [
                                -122.269822107,
                                48.452179992
                            ],
                            [
                                -122.271835488,
                                48.453233539
                            ],
                            [
                                -122.271904025,
                                48.453587667
                            ],
                            [
                                -122.271665725,
                                48.453565294
                            ],
                            [
                                -122.271784334,
                                48.454269776
                            ],
                            [
                                -122.271476166,
                                48.455122823
                            ],
                            [
                                -122.271957574,
                                48.455628343
                            ],
                            [
                                -122.273579649,
                                48.456696966
                            ],
                            [
                                -122.273425684,
                                48.457264118
                            ],
                            [
                                -122.27308997,
                                48.457480068
                            ],
                            [
                                -122.273347498,
                                48.457925692
                            ],
                            [
                                -122.274237806,
                                48.458151274
                            ],
                            [
                                -122.275187036,
                                48.457737166
                            ],
                            [
                                -122.275848508,
                                48.457714173
                            ],
                            [
                                -122.277811944,
                                48.458803483
                            ],
                            [
                                -122.282802707,
                                48.460683759
                            ],
                            [
                                -122.286836581,
                                48.46135672
                            ],
                            [
                                -122.288610262,
                                48.461365382
                            ],
                            [
                                -122.28991897,
                                48.461958267
                            ],
                            [
                                -122.292026777,
                                48.463415228
                            ],
                            [
                                -122.292909337,
                                48.464337415
                            ],
                            [
                                -122.292713771,
                                48.464406228
                            ],
                            [
                                -122.292958986,
                                48.46440556
                            ],
                            [
                                -122.293227097,
                                48.464829441
                            ],
                            [
                                -122.294228778,
                                48.46780246
                            ],
                            [
                                -122.293842527,
                                48.467802631
                            ],
                            [
                                -122.293970719,
                                48.468090356
                            ],
                            [
                                -122.294271287,
                                48.468255202
                            ],
                            [
                                -122.294121732,
                                48.469131751
                            ],
                            [
                                -122.293339672,
                                48.470040714
                            ],
                            [
                                -122.293812414,
                                48.470516128
                            ],
                            [
                                -122.294658467,
                                48.470903617
                            ],
                            [
                                -122.295252961,
                                48.470845102
                            ],
                            [
                                -122.295741683,
                                48.470517124
                            ],
                            [
                                -122.296559777,
                                48.469514519
                            ],
                            [
                                -122.297707472,
                                48.468665939
                            ],
                            [
                                -122.299750297,
                                48.467735526
                            ],
                            [
                                -122.301275101,
                                48.467301645
                            ],
                            [
                                -122.304217143,
                                48.466783159
                            ],
                            [
                                -122.307708501,
                                48.466481633
                            ],
                            [
                                -122.308537232,
                                48.466201743
                            ],
                            [
                                -122.309719931,
                                48.465512563
                            ],
                            [
                                -122.310683578,
                                48.464419804
                            ],
                            [
                                -122.308441963,
                                48.464437637
                            ],
                            [
                                -122.308363813,
                                48.457263009
                            ],
                            [
                                -122.313789718,
                                48.457171587
                            ]
                        ],
                        [
                            [
                                -122.285884894,
                                48.395958922
                            ],
                            [
                                -122.285757981,
                                48.39641715
                            ],
                            [
                                -122.285306826,
                                48.396765165
                            ],
                            [
                                -122.285202281,
                                48.396656424
                            ],
                            [
                                -122.285318572,
                                48.396324428
                            ],
                            [
                                -122.284925448,
                                48.396033685
                            ],
                            [
                                -122.285075769,
                                48.395522343
                            ],
                            [
                                -122.285884894,
                                48.395958922
                            ]
                        ]
                    ],
                    [
                        [
                            [
                                -122.378801586,
                                48.420909816
                            ],
                            [
                                -122.365178035,
                                48.420789716
                            ],
                            [
                                -122.365146033,
                                48.414270716
                            ],
                            [
                                -122.365346033,
                                48.413872715
                            ],
                            [
                                -122.366610033,
                                48.413158715
                            ],
                            [
                                -122.367048033,
                                48.412685715
                            ],
                            [
                                -122.367638638,
                                48.411822343
                            ],
                            [
                                -122.368416959,
                                48.409974512
                            ],
                            [
                                -122.368353641,
                                48.408791583
                            ],
                            [
                                -122.367717032,
                                48.407371715
                            ],
                            [
                                -122.367531032,
                                48.406437715
                            ],
                            [
                                -122.368113236,
                                48.405045141
                            ],
                            [
                                -122.368444858,
                                48.403280192
                            ],
                            [
                                -122.368414844,
                                48.402283091
                            ],
                            [
                                -122.368206798,
                                48.401839751
                            ],
                            [
                                -122.367396447,
                                48.400508284
                            ],
                            [
                                -122.36639803,
                                48.399266715
                            ],
                            [
                                -122.36592803,
                                48.399054715
                            ],
                            [
                                -122.365428029,
                                48.397925715
                            ],
                            [
                                -122.365599755,
                                48.395803001
                            ],
                            [
                                -122.365412029,
                                48.395606715
                            ],
                            [
                                -122.365061029,
                                48.395619715
                            ],
                            [
                                -122.365000644,
                                48.394953961
                            ],
                            [
                                -122.364716204,
                                48.395603272
                            ],
                            [
                                -122.3647028,
                                48.396118835
                            ],
                            [
                                -122.365906958,
                                48.399507793
                            ],
                            [
                                -122.366076995,
                                48.399633734
                            ],
                            [
                                -122.366097385,
                                48.400230837
                            ],
                            [
                                -122.366571469,
                                48.401714166
                            ],
                            [
                                -122.366842562,
                                48.404416089
                            ],
                            [
                                -122.366520936,
                                48.407765364
                            ],
                            [
                                -122.366655292,
                                48.408179076
                            ],
                            [
                                -122.366413924,
                                48.408999321
                            ],
                            [
                                -122.366061807,
                                48.409516236
                            ],
                            [
                                -122.365949116,
                                48.410767257
                            ],
                            [
                                -122.365045925,
                                48.412262954
                            ],
                            [
                                -122.362076644,
                                48.414690796
                            ],
                            [
                                -122.358283818,
                                48.415873394
                            ],
                            [
                                -122.357056612,
                                48.415803589
                            ],
                            [
                                -122.353653208,
                                48.41498567
                            ],
                            [
                                -122.352858026,
                                48.414988817
                            ],
                            [
                                -122.352654285,
                                48.415020799
                            ],
                            [
                                -122.35259778,
                                48.415201496
                            ],
                            [
                                -122.351309649,
                                48.415232339
                            ],
                            [
                                -122.3503362,
                                48.41543316
                            ],
                            [
                                -122.350099358,
                                48.415044434
                            ],
                            [
                                -122.350006901,
                                48.420546194
                            ],
                            [
                                -122.352445378,
                                48.42050168
                            ],
                            [
                                -122.352485728,
                                48.421708452
                            ],
                            [
                                -122.354498939,
                                48.421630808
                            ],
                            [
                                -122.35451753,
                                48.422543235
                            ],
                            [
                                -122.357234254,
                                48.422500521
                            ],
                            [
                                -122.357217755,
                                48.421692345
                            ],
                            [
                                -122.357752856,
                                48.421689431
                            ],
                            [
                                -122.357762989,
                                48.420772447
                            ],
                            [
                                -122.360880851,
                                48.420804321
                            ],
                            [
                                -122.360884765,
                                48.424314358
                            ],
                            [
                                -122.357170368,
                                48.424283043
                            ],
                            [
                                -122.356636802,
                                48.42484394
                            ],
                            [
                                -122.352916226,
                                48.422920997
                            ],
                            [
                                -122.351716049,
                                48.424225932
                            ],
                            [
                                -122.351367319,
                                48.424229383
                            ],
                            [
                                -122.351361662,
                                48.424398867
                            ],
                            [
                                -122.350089839,
                                48.424403507
                            ],
                            [
                                -122.350072305,
                                48.423238104
                            ],
                            [
                                -122.349487615,
                                48.423231337
                            ],
                            [
                                -122.349471651,
                                48.422516079
                            ],
                            [
                                -122.348712679,
                                48.422514146
                            ],
                            [
                                -122.348747437,
                                48.423229227
                            ],
                            [
                                -122.346224267,
                                48.423221282
                            ],
                            [
                                -122.346337645,
                                48.428215362
                            ],
                            [
                                -122.35188345,
                                48.428427732
                            ],
                            [
                                -122.354152401,
                                48.428934062
                            ],
                            [
                                -122.361540002,
                                48.431098341
                            ],
                            [
                                -122.365143328,
                                48.431900141
                            ],
                            [
                                -122.368395354,
                                48.432296605
                            ],
                            [
                                -122.369946777,
                                48.432834384
                            ],
                            [
                                -122.372845508,
                                48.434613373
                            ],
                            [
                                -122.373704101,
                                48.435418578
                            ],
                            [
                                -122.374630636,
                                48.436737246
                            ],
                            [
                                -122.375490955,
                                48.438658534
                            ],
                            [
                                -122.375267426,
                                48.43878097
                            ],
                            [
                                -122.375502309,
                                48.439233847
                            ],
                            [
                                -122.375410643,
                                48.440241181
                            ],
                            [
                                -122.375252257,
                                48.440768869
                            ],
                            [
                                -122.375113315,
                                48.440768103
                            ],
                            [
                                -122.375242424,
                                48.440834663
                            ],
                            [
                                -122.375100759,
                                48.441340159
                            ],
                            [
                                -122.374961238,
                                48.441339184
                            ],
                            [
                                -122.374797648,
                                48.441798846
                            ],
                            [
                                -122.374347764,
                                48.442975083
                            ],
                            [
                                -122.372478756,
                                48.444890156
                            ],
                            [
                                -122.374250812,
                                48.445496098
                            ],
                            [
                                -122.376064042,
                                48.442648716
                            ],
                            [
                                -122.378687215,
                                48.442547482
                            ],
                            [
                                -122.378699311,
                                48.441819977
                            ],
                            [
                                -122.378801586,
                                48.420909816
                            ]
                        ]
                    ]
                ]
            }
        }
    ]
}