{
"type": "FeatureCollection",
"name": "benton_ui_with_pop_centers",
"crs": { "type": "name", "properties": { "name": "urn:ogc:def:crs:OGC:1.3:CRS84" } },
"features": [
{ "type": "Feature", "properties": { "pop_centers": "Benton City UGA,Finley CDP,Kennewick UGA,Prosser UGA,Richland UGA,West Richland UGA" }, "geometry": { "type": "MultiPolygon", "coordinates": [ [ [ [ -119.80972365, 46.19370527 ], [ -119.80971966, 46.19442727 ], [ -119.80971166, 46.19521927 ], [ -119.80970866, 46.19536327 ], [ -119.80970466, 46.19586327 ], [ -119.80970266, 46.19593727 ], [ -119.80969266, 46.19605627 ], [ -119.80961288, 46.19609422 ], [ -119.80927748, 46.19612373 ], [ -119.80881115, 46.19613973 ], [ -119.80849036, 46.19615103 ], [ -119.80844166, 46.19614627 ], [ -119.80833366, 46.19613927 ], [ -119.80821965, 46.19614027 ], [ -119.80805466, 46.19614427 ], [ -119.80787666, 46.19614127 ], [ -119.80781665, 46.19613527 ], [ -119.80772466, 46.19612627 ], [ -119.80758065, 46.19613127 ], [ -119.80749365, 46.19614627 ], [ -119.80692565, 46.19614327 ], [ -119.80679165, 46.19614227 ], [ -119.80670565, 46.19614127 ], [ -119.80658065, 46.19614127 ], [ -119.80648065, 46.19614527 ], [ -119.80628065, 46.19614927 ], [ -119.80620465, 46.19616027 ], [ -119.80597665, 46.19615727 ], [ -119.80584311, 46.19615901 ], [ -119.80550246, 46.19615735 ], [ -119.80541465, 46.19615027 ], [ -119.80533565, 46.19614927 ], [ -119.80510165, 46.19614027 ], [ -119.80482065, 46.19613128 ], [ -119.80463865, 46.19614127 ], [ -119.80444065, 46.19614028 ], [ -119.80429165, 46.19615128 ], [ -119.80413465, 46.19615328 ], [ -119.80394465, 46.19618328 ], [ -119.80379565, 46.19618228 ], [ -119.80368965, 46.19618528 ], [ -119.80359265, 46.19618828 ], [ -119.80332165, 46.19622128 ], [ -119.80314565, 46.19623928 ], [ -119.80301265, 46.19625828 ], [ -119.80294315, 46.19626928 ], [ -119.80278165, 46.19628728 ], [ -119.80266965, 46.19629428 ], [ -119.80259165, 46.19632028 ], [ -119.80246565, 46.19633728 ], [ -119.80235165, 46.19633428 ], [ -119.80207964, 46.19638828 ], [ -119.80192465, 46.19641928 ], [ -119.80149564, 46.19650128 ], [ -119.80118964, 46.19656028 ], [ -119.80101464, 46.19658928 ], [ -119.80077864, 46.19665428 ], [ -119.80069164, 46.19667228 ], [ -119.80050764, 46.19670128 ], [ -119.80022864, 46.19678728 ], [ -119.79929544, 46.19700947 ], [ -119.79904869, 46.19705455 ], [ -119.79880357, 46.19713191 ], [ -119.7981258, 46.19725646 ], [ -119.79774039, 46.19736906 ], [ -119.79747797, 46.19743397 ], [ -119.79732019, 46.19749973 ], [ -119.7970496, 46.19753443 ], [ -119.79685724, 46.19757554 ], [ -119.79671728, 46.19761102 ], [ -119.79644606, 46.19766993 ], [ -119.79626266, 46.19770515 ], [ -119.79607007, 46.19776431 ], [ -119.79581659, 46.1977991 ], [ -119.79571127, 46.19785307 ], [ -119.79538766, 46.1979176 ], [ -119.79526551, 46.1979228 ], [ -119.79502083, 46.19796382 ], [ -119.79479345, 46.19801682 ], [ -119.79441944, 46.19808458 ], [ -119.79408551, 46.19815785 ], [ -119.79383218, 46.19818053 ], [ -119.79361327, 46.19823952 ], [ -119.79351668, 46.1982796 ], [ -119.79342915, 46.19830512 ], [ -119.7933221, 46.19831407 ], [ -119.79326358, 46.19833587 ], [ -119.79317701, 46.19835066 ], [ -119.79312513, 46.19832909 ], [ -119.79305982, 46.19834126 ], [ -119.79296609, 46.19836331 ], [ -119.79291358, 46.19838796 ], [ -119.79260128, 46.19841659 ], [ -119.792605824139187, 46.197983673080536 ], [ -119.792607633, 46.197811632 ], [ -119.79246796, 46.197526687 ], [ -119.792154893, 46.196887993 ], [ -119.79211976002378, 46.196816315762788 ], [ -119.79207292, 46.19672075 ], [ -119.792011957896975, 46.194241640609654 ], [ -119.792010048, 46.194163967 ], [ -119.792010040129398, 46.194163651902208 ], [ -119.79200994, 46.19415958 ], [ -119.792009187686986, 46.194129708747937 ], [ -119.792008751, 46.194112334 ], [ -119.792088261075946, 46.194090104045173 ], [ -119.79209865, 46.1940872 ], [ -119.792321708079342, 46.194024817921878 ], [ -119.793183507, 46.193783803 ], [ -119.793184526, 46.193827751 ], [ -119.793190744047678, 46.194096053041179 ], [ -119.79319369, 46.19422325 ], [ -119.793193691895013, 46.194223249470035 ], [ -119.793193692, 46.194223254 ], [ -119.794375373, 46.19389278 ], [ -119.794444012674845, 46.193873594263373 ], [ -119.79445723, 46.1938699 ], [ -119.79447456328036, 46.193865430768149 ], [ -119.794533753, 46.19385017 ], [ -119.795436081, 46.19361756 ], [ -119.795971885, 46.19351411 ], [ -119.795991075523162, 46.193510404319348 ], [ -119.79605072, 46.19349889 ], [ -119.796050720022961, 46.193498827092021 ], [ -119.796050741, 46.193444121 ], [ -119.79605103, 46.193105032 ], [ -119.79605208, 46.191867522 ], [ -119.796380779, 46.191932042 ], [ -119.796717387, 46.191972315 ], [ -119.797058207, 46.191987951 ], [ -119.797165702798452, 46.191985062152575 ], [ -119.79739954, 46.19197878 ], [ -119.7977376, 46.19194485 ], [ -119.797751843642416, 46.191942339186582 ], [ -119.798068724, 46.191886558 ], [ -119.798070200994474, 46.191886220401265 ], [ -119.79807026, 46.19188621 ], [ -119.79813782945736, 46.19187075400751 ], [ -119.798177283, 46.191861731 ], [ -119.798181669, 46.191694154 ], [ -119.798203352, 46.190865622 ], [ -119.800796689, 46.190851478 ], [ -119.800821011, 46.190851346 ], [ -119.80089866592354, 46.19081640548611 ], [ -119.80089868, 46.1908164 ], [ -119.80091027241717, 46.190811183191975 ], [ -119.80108068, 46.190734509 ], [ -119.801141967003375, 46.190704004293508 ], [ -119.80114212, 46.19070393 ], [ -119.80131581, 46.19061748 ], [ -119.80147188, 46.19053459 ], [ -119.801587529966966, 46.190502506654227 ], [ -119.801655081745167, 46.190486783486051 ], [ -119.80167366, 46.19048246 ], [ -119.801687599461232, 46.190479214750894 ], [ -119.801735468, 46.190468073 ], [ -119.802054474, 46.190453952 ], [ -119.80223932, 46.190404571 ], [ -119.802562202, 46.190186164 ], [ -119.802835083, 46.190018373 ], [ -119.803045068, 46.189935163 ], [ -119.8033036, 46.18987792 ], [ -119.803661, 46.18977902 ], [ -119.804518417941111, 46.189451184766796 ], [ -119.805118142, 46.189221883 ], [ -119.805413895, 46.189139452 ], [ -119.805635033, 46.189115922 ], [ -119.805789150214025, 46.189103976468139 ], [ -119.80583143, 46.1891007 ], [ -119.805831431940859, 46.189100699237116 ], [ -119.805831435, 46.189100699 ], [ -119.805979653, 46.189042444 ], [ -119.807898609487623, 46.188337384693462 ], [ -119.80804486, 46.18828365 ], [ -119.808081616951554, 46.188270144442612 ], [ -119.808242213007077, 46.188211138548382 ], [ -119.80838707, 46.18816182 ], [ -119.8084608, 46.18813705 ], [ -119.80864516, 46.18811318 ], [ -119.809088213727875, 46.18806530646382 ], [ -119.809517323, 46.188018943 ], [ -119.809764990468906, 46.187937461832718 ], [ -119.80977746, 46.1879862 ], [ -119.80979865, 46.18805027 ], [ -119.80980615, 46.18815677 ], [ -119.80980465, 46.18826427 ], [ -119.80979329, 46.18918624 ], [ -119.80978165, 46.19011727 ], [ -119.80976665, 46.19126027 ], [ -119.80976165, 46.19166527 ], [ -119.80975565, 46.19214027 ], [ -119.80975165, 46.19249327 ], [ -119.80974765, 46.19267727 ], [ -119.80974465, 46.19286027 ], [ -119.80974065, 46.19306127 ], [ -119.80972365, 46.19370527 ] ] ], [ [ [ -119.789406134, 46.185983461 ], [ -119.789406134, 46.185983462 ], [ -119.789406133, 46.185983462 ], [ -119.789406132, 46.185983463 ], [ -119.789406132, 46.185983464 ], [ -119.789406132, 46.185983465 ], [ -119.789406131, 46.185983466 ], [ -119.789406131, 46.185983467 ], [ -119.789406131, 46.185983468 ], [ -119.789305623, 46.191186565 ], [ -119.789296194, 46.191325356 ], [ -119.789157234, 46.191331958 ], [ -119.785130702, 46.19132777 ], [ -119.783805089, 46.191326392 ], [ -119.777861829, 46.191320211 ], [ -119.774513743, 46.191316729 ], [ -119.764221347, 46.191306026 ], [ -119.764149664, 46.191305951 ], [ -119.758299702, 46.191299868 ], [ -119.758299701, 46.191299868 ], [ -119.7582997, 46.191299868 ], [ -119.758299699, 46.191299868 ], [ -119.758299698, 46.191299869 ], [ -119.758299697, 46.191299869 ], [ -119.758299696, 46.19129987 ], [ -119.758299695, 46.191299871 ], [ -119.758299694, 46.191299872 ], [ -119.758299693, 46.191299873 ], [ -119.758299693, 46.191299874 ], [ -119.758299693, 46.191299875 ], [ -119.758299692, 46.191299876 ], [ -119.758299692, 46.191299877 ], [ -119.758299692, 46.191299878 ], [ -119.758183993, 46.199456895 ], [ -119.758175119, 46.199597602 ], [ -119.758152352, 46.199603152 ], [ -119.756405142, 46.199594627 ], [ -119.756405141, 46.199594627 ], [ -119.75640514, 46.199594627 ], [ -119.756405139, 46.199594627 ], [ -119.756405138, 46.199594627 ], [ -119.756405137, 46.199594628 ], [ -119.756405136, 46.199594628 ], [ -119.756405136, 46.199594629 ], [ -119.756405135, 46.19959463 ], [ -119.756405134, 46.19959463 ], [ -119.756405134, 46.199594631 ], [ -119.756405133, 46.199594632 ], [ -119.756405133, 46.199594633 ], [ -119.756405132, 46.199594634 ], [ -119.756405132, 46.199594635 ], [ -119.756405132, 46.199594636 ], [ -119.756405132, 46.199594637 ], [ -119.756392828, 46.200263994 ], [ -119.756390956, 46.200264867 ], [ -119.756247106, 46.200271835 ], [ -119.75359115, 46.200271523 ], [ -119.751187412, 46.200271242 ], [ -119.747955276, 46.200283424 ], [ -119.747955275, 46.200283424 ], [ -119.747955274, 46.200283424 ], [ -119.747955273, 46.200283424 ], [ -119.747955272, 46.200283424 ], [ -119.747955272, 46.200283425 ], [ -119.747955271, 46.200283425 ], [ -119.747955270773801, 46.200283425226196 ], [ -119.74795528, 46.20028343 ], [ -119.747955279891698, 46.200283433985334 ], [ -119.747955276, 46.200283434 ], [ -119.747940553381198, 46.200825318837829 ], [ -119.7479338, 46.20107382 ], [ -119.747931, 46.20117692 ], [ -119.74792145, 46.20152837 ], [ -119.747914, 46.20180255 ], [ -119.747911819159825, 46.201882918650284 ], [ -119.747868511645933, 46.203476907155391 ], [ -119.7478606, 46.20376799 ], [ -119.74785784024094, 46.203869681881294 ], [ -119.747853580845444, 46.204026454387048 ], [ -119.74784406, 46.20437684 ], [ -119.74783837, 46.20458612 ], [ -119.747113998988752, 46.204587956936884 ], [ -119.746537063, 46.204589416 ], [ -119.746537062929491, 46.204589419992566 ], [ -119.74653706, 46.20458942 ], [ -119.746536980213577, 46.204593537056994 ], [ -119.746514425, 46.205870579 ], [ -119.746507832, 46.205871693 ], [ -119.746219281375204, 46.205920467590438 ], [ -119.74621886471536, 46.205920547188789 ], [ -119.746218854, 46.205920549 ], [ -119.746205275364375, 46.205922926953981 ], [ -119.74613844, 46.20593463 ], [ -119.746113977115485, 46.205940381905265 ], [ -119.746060615, 46.205952926 ], [ -119.745574780686624, 46.206067075562828 ], [ -119.74467457, 46.20627858 ], [ -119.743710831504472, 46.206502685842189 ], [ -119.742639209, 46.206751873 ], [ -119.742512400006419, 46.206781359300933 ], [ -119.742512985788636, 46.206717557854603 ], [ -119.742514539231621, 46.2065492241097 ], [ -119.74251501, 46.20649853 ], [ -119.742527515141091, 46.205143132320039 ], [ -119.742535852, 46.204239736 ], [ -119.741285937972194, 46.204268828122807 ], [ -119.740013951037199, 46.204298429975864 ], [ -119.740020024, 46.203641478 ], [ -119.738366714499023, 46.203679945828654 ], [ -119.73758041, 46.20369824 ], [ -119.7375883, 46.20297866 ], [ -119.737600378106592, 46.201876758624529 ], [ -119.737612904, 46.200734372 ], [ -119.737613513, 46.200676359 ], [ -119.737564922883706, 46.200678621299097 ], [ -119.737512005438191, 46.200681084136598 ], [ -119.737510474111659, 46.200681155370113 ], [ -119.72703978, 46.20116778 ], [ -119.72697611, 46.20790108 ], [ -119.72697572, 46.20794271 ], [ -119.72697472, 46.20804832 ], [ -119.73042381, 46.2078603 ], [ -119.73081341, 46.20783905 ], [ -119.73215599, 46.20776583 ], [ -119.73739105, 46.20748017 ], [ -119.737390847035172, 46.207480185736557 ], [ -119.737539045, 46.207472099 ], [ -119.737541126, 46.208005829 ], [ -119.737541126, 46.20800583 ], [ -119.737541126, 46.208005831 ], [ -119.737541127, 46.208005832 ], [ -119.737541127, 46.208005833 ], [ -119.737541128, 46.208005834 ], [ -119.737541128, 46.208005835 ], [ -119.737541129, 46.208005836 ], [ -119.73754113, 46.208005836 ], [ -119.73754113, 46.208005837 ], [ -119.737541131, 46.208005837 ], [ -119.737541132, 46.208005838 ], [ -119.737541133, 46.208005838 ], [ -119.737541134, 46.208005838 ], [ -119.737541135, 46.208005838 ], [ -119.737541136, 46.208005839 ], [ -119.737541137, 46.208005839 ], [ -119.737920737, 46.207978456 ], [ -119.738808428, 46.207914416 ], [ -119.738839879, 46.207912148 ], [ -119.73888537, 46.207908866 ], [ -119.738945737, 46.20790406 ], [ -119.738966224, 46.207902428 ], [ -119.738966268, 46.207902425 ], [ -119.738974012, 46.207901809 ], [ -119.739019329166581, 46.207898207397847 ], [ -119.73901933, 46.2078982 ], [ -119.739082746500983, 46.207893157197255 ], [ -119.739155652, 46.207887363 ], [ -119.739475600739908, 46.207846338446274 ], [ -119.73963431, 46.20782599 ], [ -119.74001919, 46.20777664 ], [ -119.740306339843073, 46.207717719759074 ], [ -119.740393385, 46.20769986 ], [ -119.740782236, 46.207620074 ], [ -119.740848831193219, 46.20760641327567 ], [ -119.74086172, 46.20760377 ], [ -119.740909006044802, 46.207592669989488 ], [ -119.740940532, 46.20758527 ], [ -119.74116132917257, 46.207533399740015 ], [ -119.74286782, 46.20713251 ], [ -119.742962731834183, 46.207110209427789 ], [ -119.743007290741602, 46.207099741530548 ], [ -119.74322485, 46.20754875 ], [ -119.743225122647289, 46.207577699549446 ], [ -119.743225247, 46.207591098 ], [ -119.744020147975945, 46.207575488796586 ], [ -119.74402821, 46.20757534 ], [ -119.74473905, 46.20756138 ], [ -119.7454713, 46.207547 ], [ -119.746205766158113, 46.207532570546611 ], [ -119.746207830000117, 46.207532530019634 ], [ -119.746208890513984, 46.207727360134925 ], [ -119.746214165, 46.208697266 ], [ -119.745497160699841, 46.208711050708182 ], [ -119.7451538, 46.20871765 ], [ -119.745153799951765, 46.208717651962473 ], [ -119.745153798, 46.208717652 ], [ -119.745143568979685, 46.209133969091845 ], [ -119.745138840090974, 46.209326396298053 ], [ -119.741584443, 46.210491806 ], [ -119.741336610009839, 46.210531889086596 ], [ -119.741336610119617, 46.210531878894372 ], [ -119.73992112, 46.210760813 ], [ -119.739494068, 46.210829877 ], [ -119.739494067, 46.210829878 ], [ -119.739494066, 46.210829878 ], [ -119.739494065, 46.210829878 ], [ -119.739494064, 46.210829879 ], [ -119.739494063, 46.210829879 ], [ -119.739494062, 46.21082988 ], [ -119.739494062, 46.210829881 ], [ -119.739494061, 46.210829882 ], [ -119.73949406, 46.210829882 ], [ -119.73949406, 46.210829883 ], [ -119.73949406, 46.210829884 ], [ -119.739494059, 46.210829885 ], [ -119.739494059, 46.210829886 ], [ -119.739494059, 46.210829887 ], [ -119.739507563, 46.211934239 ], [ -119.739507563, 46.21193424 ], [ -119.739507563, 46.211934241 ], [ -119.739507563, 46.211934242 ], [ -119.739507564, 46.211934243 ], [ -119.739507564, 46.211934244 ], [ -119.739507565, 46.211934245 ], [ -119.739507565, 46.211934246 ], [ -119.739507566, 46.211934247 ], [ -119.739507567, 46.211934247 ], [ -119.739507568, 46.211934248 ], [ -119.739507569, 46.211934248 ], [ -119.73950757, 46.211934249 ], [ -119.739507571, 46.211934249 ], [ -119.739507572, 46.211934249 ], [ -119.745051159, 46.212692281 ], [ -119.7450464, 46.212931431 ], [ -119.742045975, 46.212928298 ], [ -119.742045974, 46.212928298 ], [ -119.742045973, 46.212928299 ], [ -119.742045972, 46.212928299 ], [ -119.742045971, 46.212928299 ], [ -119.74204597, 46.2129283 ], [ -119.742045969, 46.2129283 ], [ -119.742045968, 46.212928301 ], [ -119.742045967, 46.212928301 ], [ -119.742045967, 46.212928302 ], [ -119.742045966, 46.212928303 ], [ -119.742045966, 46.212928304 ], [ -119.742045965, 46.212928305 ], [ -119.742045965, 46.212928306 ], [ -119.742045965, 46.212928307 ], [ -119.742045965, 46.212928308 ], [ -119.742045965, 46.212928309 ], [ -119.742080697, 46.214005778 ], [ -119.742080697, 46.214005779 ], [ -119.742080697, 46.21400578 ], [ -119.742080698, 46.214005781 ], [ -119.742080698, 46.214005782 ], [ -119.742080699, 46.214005783 ], [ -119.742080699, 46.214005784 ], [ -119.7420807, 46.214005785 ], [ -119.742080701, 46.214005785 ], [ -119.742080702, 46.214005786 ], [ -119.742080703, 46.214005787 ], [ -119.742080704, 46.214005787 ], [ -119.742080705, 46.214005787 ], [ -119.742080706, 46.214005787 ], [ -119.742080707, 46.214005787 ], [ -119.746638590047823, 46.213992262422174 ], [ -119.747245211467089, 46.213990452398235 ], [ -119.747487317, 46.213989734 ], [ -119.747553008, 46.213989542 ], [ -119.747553137639144, 46.2139895457886 ], [ -119.747553757728411, 46.213989573910432 ], [ -119.747644883, 46.213992237 ], [ -119.747662864906388, 46.213994522059281 ], [ -119.747662989599263, 46.213994527714263 ], [ -119.747663116825308, 46.213994543881128 ], [ -119.747663306922178, 46.21399457822865 ], [ -119.7476812, 46.213996852 ], [ -119.747721886101829, 46.21400516256719 ], [ -119.747722327584341, 46.214005242336157 ], [ -119.74772237, 46.214005251 ], [ -119.747722404537598, 46.214005260851977 ], [ -119.74772276936632, 46.21400537548395 ], [ -119.747762058, 46.214016582 ], [ -119.747780831044665, 46.214023618907476 ], [ -119.74778093, 46.21402365 ], [ -119.747781001799225, 46.214023682913293 ], [ -119.747799802, 46.21403073 ], [ -119.747835206, 46.214047535 ], [ -119.747842765619779, 46.214051995903553 ], [ -119.74784284, 46.21405203 ], [ -119.747842905118574, 46.214052078221279 ], [ -119.747850473, 46.214056544 ], [ -119.747884722, 46.214082447 ], [ -119.747886914685921, 46.214084667965572 ], [ -119.74792322784549, 46.214111558404554 ], [ -119.74784464, 46.214126315 ], [ -119.732267449, 46.217049107 ], [ -119.729318307, 46.217599776 ], [ -119.727968453, 46.217956378 ], [ -119.72796624967738, 46.216210421657628 ], [ -119.72796374, 46.21421899 ], [ -119.72796352, 46.21404658 ], [ -119.72796351900179, 46.214046580414234 ], [ -119.727963519, 46.214046579 ], [ -119.727884940949195, 46.21407918800648 ], [ -119.72759106, 46.21420114 ], [ -119.727127139271715, 46.214393667171578 ], [ -119.726922004, 46.214478796 ], [ -119.721933105, 46.217282142 ], [ -119.721604439, 46.21745408 ], [ -119.72130348, 46.21764891 ], [ -119.721296609346851, 46.217653867972956 ], [ -119.72129656, 46.2176539 ], [ -119.721113673202012, 46.217785875187879 ], [ -119.721008574, 46.217861715 ], [ -119.720987242, 46.217654149 ], [ -119.720987240792553, 46.217654149448911 ], [ -119.72104609, 46.21761323 ], [ -119.72704594, 46.21425543 ], [ -119.72720822, 46.21425653 ], [ -119.72701155, 46.21405136 ], [ -119.72717355, 46.21396136 ], [ -119.72722855, 46.21393136 ], [ -119.72774555, 46.21364336 ], [ -119.72929755, 46.21278136 ], [ -119.72981555, 46.21249436 ], [ -119.72995755, 46.21241536 ], [ -119.73127955, 46.21186286 ], [ -119.73205256, 46.21161835 ], [ -119.73289756, 46.21143735 ], [ -119.73353556, 46.21133435 ], [ -119.73422956, 46.21126835 ], [ -119.73496756, 46.21124035 ], [ -119.73571456, 46.21124935 ], [ -119.73631056, 46.21130135 ], [ -119.737037988456635, 46.211414955654853 ], [ -119.737261943, 46.207637037 ], [ -119.737278210572711, 46.20748891882829 ], [ -119.7364975, 46.20754945 ], [ -119.73541521, 46.20761987 ], [ -119.73541352, 46.20774099 ], [ -119.73493257, 46.20777254 ], [ -119.73448903, 46.20780172 ], [ -119.73404556, 46.20783073 ], [ -119.73360209, 46.20785996 ], [ -119.73315862, 46.20788919 ], [ -119.73271515, 46.20791842 ], [ -119.73241961, 46.20793791 ], [ -119.73257388, 46.20836859 ], [ -119.7334236, 46.20958236 ], [ -119.73310542, 46.20968991 ], [ -119.73074208, 46.21073228 ], [ -119.7297136, 46.21127745 ], [ -119.72690645, 46.20946941 ], [ -119.72690548, 46.20930486 ], [ -119.72690238, 46.20854519 ], [ -119.72689968, 46.20794413 ], [ -119.72690145, 46.20790229 ], [ -119.7268971, 46.20488336 ], [ -119.72689115, 46.20110543 ], [ -119.73749128, 46.20014526 ], [ -119.737705848344007, 46.200147763955918 ], [ -119.738373367, 46.188878129 ], [ -119.738373423, 46.188877183 ], [ -119.738389114, 46.188734418 ], [ -119.738532574, 46.188741293 ], [ -119.739032658, 46.188790557 ], [ -119.739056073, 46.188792864 ], [ -119.739079505, 46.188794987 ], [ -119.740137041, 46.188890797 ], [ -119.740314467, 46.188912218 ], [ -119.741006518, 46.189016772 ], [ -119.741060073, 46.189024863 ], [ -119.741113765, 46.189031986 ], [ -119.741842736, 46.189128693 ], [ -119.742251073, 46.189182863 ], [ -119.742577073, 46.189207863 ], [ -119.743148053, 46.189158551 ], [ -119.743288968, 46.189146381 ], [ -119.743677074, 46.189112863 ], [ -119.743967074, 46.189088863 ], [ -119.746423074, 46.188841863 ], [ -119.746953074, 46.188675863 ], [ -119.747087074, 46.188634863 ], [ -119.747992074, 46.188301863 ], [ -119.747998074, 46.186621863 ], [ -119.748000994, 46.186115666 ], [ -119.748006382, 46.186106613 ], [ -119.748065783, 46.186061669 ], [ -119.748123187, 46.18602626 ], [ -119.748261229, 46.186014461 ], [ -119.749753927, 46.185956935 ], [ -119.750047505, 46.18594562 ], [ -119.750119074, 46.185942862 ], [ -119.750190557, 46.185938396 ], [ -119.751613202, 46.185849519 ], [ -119.752488074, 46.185794862 ], [ -119.753083075, 46.185758862 ], [ -119.753429075, 46.185729862 ], [ -119.754163075, 46.185668862 ], [ -119.754240075, 46.185661862 ], [ -119.754343075, 46.185653862 ], [ -119.754472075, 46.185634862 ], [ -119.754550075, 46.185624862 ], [ -119.754488075, 46.185360862 ], [ -119.754581075, 46.184916862 ], [ -119.754841795, 46.184660531 ], [ -119.754882266, 46.184631342 ], [ -119.755013501, 46.1845556 ], [ -119.755089756, 46.184516601 ], [ -119.755233015, 46.184443333 ], [ -119.755361545, 46.184385075 ], [ -119.755494993, 46.184339188 ], [ -119.755737803, 46.184268314 ], [ -119.756090238, 46.184188462 ], [ -119.756344926, 46.184147809 ], [ -119.756747887, 46.18411119 ], [ -119.756929496, 46.184107007 ], [ -119.757065652, 46.184110072 ], [ -119.757110318, 46.184115166 ], [ -119.757520075, 46.184219861 ], [ -119.758093075, 46.184344861 ], [ -119.758842075, 46.184303861 ], [ -119.759506075, 46.184157861 ], [ -119.759863481, 46.184012682 ], [ -119.759912654, 46.184001142 ], [ -119.760066923, 46.183997527 ], [ -119.764571157, 46.184125232 ], [ -119.764571559, 46.184125243 ], [ -119.790295747, 46.184851133 ], [ -119.790438231, 46.184862303 ], [ -119.79043706, 46.185005218 ], [ -119.79038879, 46.185833489 ], [ -119.790372559, 46.185982263 ], [ -119.790371225, 46.185984634 ], [ -119.789406141, 46.185983458 ], [ -119.78940614, 46.185983458 ], [ -119.789406139, 46.185983458 ], [ -119.789406138, 46.185983459 ], [ -119.789406137, 46.185983459 ], [ -119.789406136, 46.18598346 ], [ -119.789406135, 46.18598346 ], [ -119.789406134, 46.185983461 ] ] ], [ [ [ -119.76447694, 46.21191454 ], [ -119.76406191, 46.21191604 ], [ -119.76463157, 46.21188798 ], [ -119.764875745305915, 46.211896599584641 ], [ -119.765106551034961, 46.211904750926692 ], [ -119.76502227, 46.21190574 ], [ -119.76447694, 46.21191454 ] ] ], [ [ [ -119.76276381, 46.21197997 ], [ -119.76402384, 46.21191791 ], [ -119.76375048, 46.21196354 ], [ -119.76325234, 46.211989 ], [ -119.76290488, 46.21198854 ], [ -119.76258948, 46.21200974 ], [ -119.762373032927428, 46.212024224450566 ], [ -119.762662755322822, 46.211991413176619 ], [ -119.76276381, 46.21197997 ] ] ], [ [ [ -119.76593107, 46.21204134 ], [ -119.76557468, 46.2119464 ], [ -119.76544397, 46.21191667 ], [ -119.76558808, 46.21192176 ], [ -119.76604885, 46.21205149 ], [ -119.76593107, 46.21204134 ] ] ], [ [ [ -119.76182449, 46.21208635 ], [ -119.76191771378474, 46.212075789677705 ], [ -119.762061202365516, 46.212059539490603 ], [ -119.761825, 46.2121066 ], [ -119.76182449, 46.21208635 ] ] ], [ [ [ -119.76510094, 46.21235834 ], [ -119.76514034, 46.21230793 ], [ -119.76520368, 46.21229294 ], [ -119.76533788, 46.2122896 ], [ -119.76544088, 46.21235914 ], [ -119.765446979883933, 46.212390659400263 ], [ -119.765372639, 46.212385309 ], [ -119.765325947, 46.212411429 ], [ -119.765311888, 46.212425138 ], [ -119.765297911, 46.21243458 ], [ -119.765297628213091, 46.212435201919924 ], [ -119.76528331, 46.21244435 ], [ -119.76528268, 46.212444 ], [ -119.76521317, 46.21248915 ], [ -119.76521093, 46.2124906 ], [ -119.76517154, 46.2124736 ], [ -119.76512468, 46.21244334 ], [ -119.76510094, 46.21235834 ] ] ], [ [ [ -119.76489487, 46.2124172 ], [ -119.76493792, 46.21246869 ], [ -119.764821854824561, 46.212427440937645 ], [ -119.764778070968319, 46.21241187954633 ], [ -119.76480014, 46.21240154 ], [ -119.76489487, 46.2124172 ] ] ], [ [ [ -119.766367241335871, 46.212141130547984 ], [ -119.766446742, 46.212163514 ], [ -119.767310707723382, 46.21249114487587 ], [ -119.76737508876181, 46.212515559530452 ], [ -119.767451918876503, 46.212569055908261 ], [ -119.7678607, 46.21285369 ], [ -119.767892622647324, 46.212857070303251 ], [ -119.768035205289465, 46.212872169861306 ], [ -119.76777748, 46.21286974 ], [ -119.76765994, 46.21279593 ], [ -119.76750928, 46.2126916 ], [ -119.76738274, 46.2126316 ], [ -119.76723288, 46.21254074 ], [ -119.76694154, 46.2123904 ], [ -119.76668034, 46.2122706 ], [ -119.76637214, 46.21214314 ], [ -119.766367241335871, 46.212141130547984 ] ] ], [ [ [ -119.76225714, 46.2126206 ], [ -119.76269874, 46.21253794 ], [ -119.76301508, 46.2125168 ], [ -119.763103366851468, 46.212523868947223 ], [ -119.762015267225408, 46.212664995002861 ], [ -119.76225714, 46.2126206 ] ] ], [ [ [ -119.7686874, 46.21308718 ], [ -119.76853614, 46.2130086 ], [ -119.76835434, 46.2129456 ], [ -119.768040627590025, 46.212872744085075 ], [ -119.768358246, 46.21290638 ], [ -119.768686410095, 46.213059302675191 ], [ -119.7686874, 46.21308718 ] ] ], [ [ [ -119.7633152, 46.22095506 ], [ -119.76331532, 46.22080782 ], [ -119.763252733611495, 46.220807270031735 ], [ -119.763252771, 46.220763578 ], [ -119.763253287312878, 46.220161005285611 ], [ -119.76325363, 46.21976448 ], [ -119.76635873, 46.21980366 ], [ -119.766446621267022, 46.21972204668063 ], [ -119.76644665188941, 46.219722018324418 ], [ -119.766488036558073, 46.219685317013244 ], [ -119.766492603, 46.219681272 ], [ -119.766539954, 46.219642894 ], [ -119.766614103191372, 46.219589523663998 ], [ -119.7666266, 46.21958053 ], [ -119.7667197, 46.21952283 ], [ -119.76681873, 46.2194701 ], [ -119.76692316, 46.21942264 ], [ -119.76703239, 46.21938072 ], [ -119.76714582, 46.21934457 ], [ -119.76726281, 46.21931439 ], [ -119.767369822869455, 46.219293052552459 ], [ -119.767387688, 46.219289491 ], [ -119.767421984250959, 46.219284284695931 ], [ -119.76747123, 46.21927681 ], [ -119.76799307, 46.21918163 ], [ -119.76817472, 46.21900158 ], [ -119.768174720001085, 46.219001579981281 ], [ -119.768174722, 46.219001578 ], [ -119.768194482479586, 46.218660175549793 ], [ -119.76823765, 46.21791444 ], [ -119.76822689, 46.21740379 ], [ -119.768225673136726, 46.217346214031075 ], [ -119.768224703, 46.217300172 ], [ -119.768224700042438, 46.217300172007953 ], [ -119.7682247, 46.21730017 ], [ -119.767918797009827, 46.217300994682311 ], [ -119.767398994839027, 46.217302392602136 ], [ -119.76736612498749, 46.217302479986742 ], [ -119.767361105406081, 46.216895748119441 ], [ -119.7673601, 46.2168142 ], [ -119.767360306671421, 46.216814199772436 ], [ -119.768113886, 46.216813374 ], [ -119.768113886817559, 46.2168133700035 ], [ -119.76811389, 46.21681337 ], [ -119.76814264, 46.21667282 ], [ -119.768142639995233, 46.216672816023298 ], [ -119.76814264, 46.216672816 ], [ -119.768142638526044, 46.216671590314519 ], [ -119.76814172, 46.21590528 ], [ -119.76814165, 46.21584838 ], [ -119.76813822, 46.21579583 ], [ -119.7681331, 46.21571711 ], [ -119.76805626, 46.21523525 ], [ -119.76804608, 46.21517134 ], [ -119.76803062965817, 46.215118636295919 ], [ -119.768030317037699, 46.215117564920902 ], [ -119.76797841, 46.21485334 ], [ -119.767972916896099, 46.21472141871925 ], [ -119.767967654, 46.214594933 ], [ -119.767987025, 46.214527138 ], [ -119.764611619, 46.214452159 ], [ -119.764200190038309, 46.21456711512608 ], [ -119.76332531, 46.21481156 ], [ -119.762503185232987, 46.214997559752575 ], [ -119.761651175, 46.215190318 ], [ -119.761563965476597, 46.215217762932426 ], [ -119.76074563, 46.21547529 ], [ -119.760745581596865, 46.215475309443093 ], [ -119.760745488, 46.215475339 ], [ -119.760584756, 46.215539909 ], [ -119.760180767, 46.2157022 ], [ -119.760052111899071, 46.2158032628749 ], [ -119.75986886, 46.21594721 ], [ -119.75994752, 46.21597519 ], [ -119.759947522630185, 46.215975189178444 ], [ -119.759947558, 46.215975202 ], [ -119.760103920537176, 46.215926337239694 ], [ -119.76013074, 46.21591796 ], [ -119.760130792737286, 46.21591794067816 ], [ -119.760154091, 46.215910661 ], [ -119.760499796448656, 46.215782745438105 ], [ -119.76050396, 46.21578122 ], [ -119.76072569, 46.21576073 ], [ -119.760691491650007, 46.215837131905595 ], [ -119.760676688504745, 46.215870200872459 ], [ -119.760542701504704, 46.215948380288999 ], [ -119.760341723, 46.216065647 ], [ -119.760075038, 46.216262638 ], [ -119.760074424, 46.216263092 ], [ -119.759870205, 46.21641394 ], [ -119.759704488, 46.216493496 ], [ -119.759658392857176, 46.216515624519246 ], [ -119.7593286, 46.21667391 ], [ -119.759084901325096, 46.216713133688309 ], [ -119.758837212, 46.216752996 ], [ -119.758760678570994, 46.216775828076671 ], [ -119.75873583, 46.21678324 ], [ -119.75856719, 46.21683355 ], [ -119.758493751710986, 46.216786782489756 ], [ -119.758488774, 46.21678361 ], [ -119.758502112998116, 46.216749742856315 ], [ -119.75851194, 46.2167248 ], [ -119.75852976, 46.21667956 ], [ -119.75858809, 46.21662009 ], [ -119.758590122187982, 46.216618016032726 ], [ -119.758626065, 46.21658137 ], [ -119.758626026136781, 46.216581373942645 ], [ -119.75862603, 46.21658137 ], [ -119.758625885192913, 46.216581387237781 ], [ -119.758515219, 46.216591612 ], [ -119.758515173, 46.216591616 ], [ -119.758493252022106, 46.216602462181655 ], [ -119.75833962, 46.21667844 ], [ -119.75803227, 46.21680223 ], [ -119.758025543243718, 46.216804939159424 ], [ -119.757844206, 46.216877966 ], [ -119.756857550585849, 46.217498748572481 ], [ -119.75638631, 46.21779524 ], [ -119.756386309963275, 46.217795243135569 ], [ -119.756386307, 46.217795245 ], [ -119.756384383829214, 46.217959683087983 ], [ -119.756382450036355, 46.218124776896531 ], [ -119.752287418919622, 46.219363559721806 ], [ -119.75155731, 46.21917556 ], [ -119.75149593, 46.21923435 ], [ -119.74918818, 46.21773091 ], [ -119.74830126, 46.21714251 ], [ -119.74839006, 46.21712504 ], [ -119.74843706, 46.21708839 ], [ -119.74850503, 46.21708352 ], [ -119.74856943, 46.21706909 ], [ -119.7486617, 46.21703862 ], [ -119.74874303, 46.21701402 ], [ -119.74883742, 46.21698494 ], [ -119.74902609, 46.21692334 ], [ -119.74919966, 46.21687032 ], [ -119.74933633, 46.21686688 ], [ -119.74946441, 46.21686613 ], [ -119.74952434, 46.21686515 ], [ -119.74958892, 46.21683747 ], [ -119.74965943, 46.21683337 ], [ -119.74973095, 46.21682767 ], [ -119.74982503, 46.21680909 ], [ -119.74988937, 46.216799 ], [ -119.74995567, 46.21678916 ], [ -119.75003704, 46.21676158 ], [ -119.75014318, 46.21672801 ], [ -119.75026321, 46.21669017 ], [ -119.75041781, 46.21662743 ], [ -119.75054615, 46.21660771 ], [ -119.75064688, 46.21658461 ], [ -119.75075997, 46.2165721 ], [ -119.75084155, 46.21655321 ], [ -119.75092933, 46.21653757 ], [ -119.75104954, 46.21648648 ], [ -119.75112897, 46.21645592 ], [ -119.75120178, 46.21642829 ], [ -119.7513449, 46.21638696 ], [ -119.75140711, 46.21638737 ], [ -119.75146688, 46.21637451 ], [ -119.75154741, 46.2163475 ], [ -119.75164455, 46.21633408 ], [ -119.75172403, 46.21629987 ], [ -119.75183564, 46.21626907 ], [ -119.75193173, 46.21625462 ], [ -119.75198526, 46.21624011 ], [ -119.75204554, 46.21621377 ], [ -119.75215392, 46.21617232 ], [ -119.75223641, 46.21614704 ], [ -119.75230638, 46.21610968 ], [ -119.7523484, 46.21607065 ], [ -119.75242975, 46.21606821 ], [ -119.7525134, 46.21602957 ], [ -119.75255058, 46.21597119 ], [ -119.75276354, 46.2159262 ], [ -119.75287249, 46.21592715 ], [ -119.75293033, 46.21591107 ], [ -119.75303325, 46.21587176 ], [ -119.75315125, 46.21583688 ], [ -119.75321479, 46.21580107 ], [ -119.75326536, 46.21577387 ], [ -119.75356673, 46.21566729 ], [ -119.75364176, 46.21564562 ], [ -119.75381965, 46.21558897 ], [ -119.75384954, 46.2155518 ], [ -119.7539081, 46.21552442 ], [ -119.75396911, 46.21550482 ], [ -119.7540689, 46.21546548 ], [ -119.75414626, 46.21544165 ], [ -119.7541914, 46.21541521 ], [ -119.75425348, 46.21540076 ], [ -119.7543471, 46.21536801 ], [ -119.75441361, 46.21534331 ], [ -119.75448617, 46.21533327 ], [ -119.75455488, 46.21531613 ], [ -119.75462241, 46.21528903 ], [ -119.75471351, 46.21525923 ], [ -119.75480787, 46.21523186 ], [ -119.75491288, 46.21520878 ], [ -119.75496794, 46.21519028 ], [ -119.75501053, 46.21515754 ], [ -119.75506632, 46.21514614 ], [ -119.75511675, 46.21512944 ], [ -119.75518435, 46.21509721 ], [ -119.75528179, 46.21507339 ], [ -119.75535488, 46.21504873 ], [ -119.75539359, 46.21501059 ], [ -119.7554494, 46.21499747 ], [ -119.75550684, 46.21498654 ], [ -119.75559464, 46.21499351 ], [ -119.75569527, 46.21497737 ], [ -119.75576942, 46.21494724 ], [ -119.75584665, 46.214921 ], [ -119.75593427, 46.21490535 ], [ -119.75599964, 46.21489161 ], [ -119.75609538, 46.21484722 ], [ -119.75617668, 46.21482398 ], [ -119.75623266, 46.21479921 ], [ -119.7562881, 46.21478906 ], [ -119.7563731, 46.21474814 ], [ -119.75645354, 46.21472798 ], [ -119.75649863, 46.21470451 ], [ -119.75658337, 46.21469432 ], [ -119.75665418, 46.21466805 ], [ -119.75672664, 46.21462927 ], [ -119.75680207, 46.21461416 ], [ -119.75689307, 46.21459179 ], [ -119.75698989, 46.21455283 ], [ -119.75705552, 46.21449584 ], [ -119.75709879, 46.2144607 ], [ -119.75714814, 46.21443863 ], [ -119.75723151, 46.21443266 ], [ -119.75733721, 46.21443107 ], [ -119.75742289, 46.21442466 ], [ -119.75751022, 46.21441837 ], [ -119.75769159, 46.21439533 ], [ -119.75785768, 46.21435894 ], [ -119.75799812, 46.2143202 ], [ -119.75814703, 46.21428747 ], [ -119.75825576, 46.21423253 ], [ -119.75839298, 46.21416338 ], [ -119.75853809, 46.21409599 ], [ -119.75864043, 46.21402627 ], [ -119.7587382, 46.21397755 ], [ -119.75880715, 46.21394235 ], [ -119.75886174, 46.21392282 ], [ -119.75893906, 46.21390138 ], [ -119.75902133, 46.21384262 ], [ -119.7591476, 46.21379282 ], [ -119.759308, 46.21376278 ], [ -119.75941695, 46.21373973 ], [ -119.75959756, 46.21367554 ], [ -119.75974989, 46.21360912 ], [ -119.7599708, 46.21353537 ], [ -119.76011433, 46.21348671 ], [ -119.76031214, 46.21344047 ], [ -119.76043802, 46.21341946 ], [ -119.76053496, 46.21341998 ], [ -119.76059869, 46.21335709 ], [ -119.76069176, 46.21331542 ], [ -119.7608439, 46.21326293 ], [ -119.76096778, 46.21318238 ], [ -119.76111996, 46.21310224 ], [ -119.76120947, 46.21303152 ], [ -119.76127049, 46.21297432 ], [ -119.76132359, 46.21294221 ], [ -119.76138691, 46.21288527 ], [ -119.76148162, 46.21286805 ], [ -119.76156726, 46.2128645 ], [ -119.761638969740261, 46.212872849969749 ], [ -119.76163945927361, 46.213030518417803 ], [ -119.76164513, 46.21485791 ], [ -119.76164529, 46.21490605 ], [ -119.761645290989449, 46.214906049787182 ], [ -119.761645291, 46.214906053 ], [ -119.761724594, 46.214888995 ], [ -119.761754469, 46.214882572 ], [ -119.761776221344249, 46.214877895555752 ], [ -119.76182525, 46.21486736 ], [ -119.762525070119452, 46.214716903733127 ], [ -119.763360794, 46.214537235 ], [ -119.764694399, 46.214189163 ], [ -119.765018353404798, 46.214122152996367 ], [ -119.76564624, 46.21399228 ], [ -119.76691914, 46.21402263 ], [ -119.767331389976661, 46.214093884160228 ], [ -119.768146848, 46.214234833 ], [ -119.768456032, 46.214288294 ], [ -119.76837385, 46.21365208 ], [ -119.76831624, 46.21333562 ], [ -119.76830848, 46.21327332 ], [ -119.76844094, 46.2133304 ], [ -119.76867834, 46.2134464 ], [ -119.76870078, 46.21346392 ], [ -119.76870509, 46.21358513 ], [ -119.76877102, 46.21361961 ], [ -119.76885274, 46.21365286 ], [ -119.76893811, 46.21368209 ], [ -119.76899178, 46.213731 ], [ -119.76907805, 46.21376434 ], [ -119.76912788, 46.21380453 ], [ -119.76928781, 46.21406916 ], [ -119.76928122, 46.21408332 ], [ -119.76928053, 46.21413497 ], [ -119.76931106, 46.21419047 ], [ -119.76936717, 46.21427813 ], [ -119.76944645, 46.21433211 ], [ -119.76954572, 46.2143684 ], [ -119.76961382, 46.21439649 ], [ -119.76980511, 46.21441966 ], [ -119.76988507, 46.214422 ], [ -119.7699678, 46.21441477 ], [ -119.77005698, 46.2143678 ], [ -119.7700028, 46.2143574 ], [ -119.76990327, 46.21434099 ], [ -119.76984069, 46.21431888 ], [ -119.76976661, 46.21429464 ], [ -119.76971571, 46.21426049 ], [ -119.76958778, 46.21422607 ], [ -119.76955895, 46.21421016 ], [ -119.76956234, 46.2141718 ], [ -119.76948274, 46.2140748 ], [ -119.76944405, 46.21402905 ], [ -119.76951292, 46.2140503 ], [ -119.76963542, 46.2140728 ], [ -119.76977852, 46.2140559 ], [ -119.76986005, 46.21403962 ], [ -119.7699831, 46.21402053 ], [ -119.77009899, 46.21400745 ], [ -119.77018761, 46.21400208 ], [ -119.77027307, 46.21401245 ], [ -119.77033917, 46.21399299 ], [ -119.77047358, 46.21398609 ], [ -119.77057342, 46.21397873 ], [ -119.77073757, 46.21398801 ], [ -119.77084326, 46.21398686 ], [ -119.77105499, 46.21395851 ], [ -119.77123782, 46.21394963 ], [ -119.77132139, 46.21400272 ], [ -119.77123936, 46.21405659 ], [ -119.77109327, 46.21407554 ], [ -119.77099933, 46.21405916 ], [ -119.7709191, 46.21407648 ], [ -119.77080987, 46.21412125 ], [ -119.77067248, 46.21415419 ], [ -119.77050347, 46.21418876 ], [ -119.77040557, 46.21424755 ], [ -119.77033929, 46.21428072 ], [ -119.77033879, 46.21433031 ], [ -119.77039865, 46.21434646 ], [ -119.77048997, 46.21433722 ], [ -119.77060427, 46.21433201 ], [ -119.77069455, 46.21431374 ], [ -119.7707894, 46.21427378 ], [ -119.77087111, 46.2142446 ], [ -119.77093729, 46.2142192 ], [ -119.77102182, 46.21419997 ], [ -119.77109766, 46.21419052 ], [ -119.77119215, 46.2141653 ], [ -119.77127232, 46.2141521 ], [ -119.77137376, 46.21413675 ], [ -119.77142984, 46.2141154 ], [ -119.77152861, 46.21410221 ], [ -119.77159313, 46.21409063 ], [ -119.77167044, 46.21406941 ], [ -119.77174352, 46.2140452 ], [ -119.77183233, 46.21402611 ], [ -119.77189248, 46.21400867 ], [ -119.77194404, 46.213993 ], [ -119.77201157, 46.21397767 ], [ -119.77208444, 46.21395642 ], [ -119.77217471, 46.21393906 ], [ -119.77232216, 46.21391624 ], [ -119.77244212, 46.21391895 ], [ -119.77256787, 46.21391976 ], [ -119.77267372, 46.21390649 ], [ -119.77278238, 46.21387954 ], [ -119.7728667, 46.21385151 ], [ -119.77291483, 46.21379731 ], [ -119.77295696, 46.21372342 ], [ -119.77302358, 46.21366443 ], [ -119.77307848, 46.21362113 ], [ -119.77314196, 46.21357583 ], [ -119.77321352, 46.21356646 ], [ -119.77323119, 46.21352498 ], [ -119.77328554, 46.21349768 ], [ -119.77332497, 46.21345336 ], [ -119.77338629, 46.21344667 ], [ -119.7734596, 46.21341755 ], [ -119.77352146, 46.21338218 ], [ -119.77355346, 46.21332788 ], [ -119.77364069, 46.21332843 ], [ -119.77372303, 46.21330679 ], [ -119.7738059, 46.21329487 ], [ -119.77387362, 46.21331404 ], [ -119.77387496, 46.21331467 ], [ -119.77387591, 46.21331877 ], [ -119.77395433, 46.21336346 ], [ -119.77403116, 46.21340723 ], [ -119.77404953, 46.2133904 ], [ -119.77405595, 46.21339256 ], [ -119.77412517, 46.21336731 ], [ -119.77416414, 46.21331452 ], [ -119.77419792, 46.21326138 ], [ -119.77419668, 46.21318173 ], [ -119.77418309, 46.21313867 ], [ -119.774154748258994, 46.213068790363451 ], [ -119.774159883, 46.213078227 ], [ -119.774260410010498, 46.213161880215218 ], [ -119.77426058, 46.21316203 ], [ -119.774328006563863, 46.213314673317889 ], [ -119.774334069, 46.213328399 ], [ -119.774280517, 46.213452168 ], [ -119.774107517, 46.213580726 ], [ -119.774020307, 46.213680519 ], [ -119.7740386194655, 46.213778979842743 ], [ -119.774043459929572, 46.213805009621254 ], [ -119.774041619, 46.213899661 ], [ -119.773970817, 46.214035113 ], [ -119.773969934781391, 46.214036005313581 ], [ -119.77386647, 46.21414065 ], [ -119.77380054, 46.21425238 ], [ -119.77518222, 46.21425454 ], [ -119.775813286012436, 46.214255519993813 ], [ -119.775814899, 46.21438438 ], [ -119.775817795619957, 46.214615662632937 ], [ -119.77582796, 46.21542756 ], [ -119.77365389, 46.21542272 ], [ -119.77366486, 46.2209022 ], [ -119.773664861990028, 46.220902200018763 ], [ -119.773664862, 46.220902205 ], [ -119.77384835, 46.22090393 ], [ -119.777718527429201, 46.220950679968951 ], [ -119.777699349, 46.221814975 ], [ -119.777691239907455, 46.223371721907952 ], [ -119.77769054, 46.2235059 ], [ -119.77867677088696, 46.223511089610703 ], [ -119.779148448, 46.223513574 ], [ -119.779148448016258, 46.223513569989585 ], [ -119.77914845, 46.22351357 ], [ -119.779150691587674, 46.222960328179575 ], [ -119.779151941104871, 46.22265220999077 ], [ -119.780153665989474, 46.222643840033513 ], [ -119.780146538381857, 46.223343530980472 ], [ -119.78014476, 46.22351801 ], [ -119.780146356815919, 46.223518017094904 ], [ -119.780869467, 46.223521232 ], [ -119.780862909135493, 46.225150920652858 ], [ -119.78086217, 46.22533435 ], [ -119.780004018376673, 46.225330535616052 ], [ -119.779141094, 46.225326696 ], [ -119.779022563403828, 46.225326166666981 ], [ -119.7789633, 46.2253259 ], [ -119.778139809497802, 46.225322221527009 ], [ -119.776444821, 46.225314646 ], [ -119.776444820983571, 46.225314650004393 ], [ -119.77644482, 46.22531465 ], [ -119.776442984464467, 46.22576214276534 ], [ -119.776441079, 46.226226435 ], [ -119.77644108002049, 46.226226435004108 ], [ -119.77644108, 46.22622644 ], [ -119.77840874, 46.22623436 ], [ -119.778806898377397, 46.226235957375039 ], [ -119.778959601, 46.226236572 ], [ -119.779137409983662, 46.226234204040168 ], [ -119.7791366, 46.22643446 ], [ -119.780298455987193, 46.226384490172585 ], [ -119.780295385, 46.227145468 ], [ -119.780295390007993, 46.227145468020034 ], [ -119.78029539, 46.22714547 ], [ -119.780427963702664, 46.227145998221793 ], [ -119.780694449983997, 46.227147063979942 ], [ -119.780692, 46.2277564 ], [ -119.780689703059664, 46.228326968908412 ], [ -119.780687369, 46.228906515 ], [ -119.781233018924937, 46.228908694107346 ], [ -119.78166919, 46.22891044 ], [ -119.78167625, 46.22715099 ], [ -119.78298682, 46.22715621 ], [ -119.7842982169838, 46.227161419988022 ], [ -119.784291068, 46.228920866 ], [ -119.784291070016224, 46.22892086600794 ], [ -119.78429107, 46.22892087 ], [ -119.78945554, 46.2289412 ], [ -119.78961359, 46.22894182 ], [ -119.789613590004095, 46.228941818992141 ], [ -119.789613592, 46.228941819 ], [ -119.789620319481131, 46.22728810692626 ], [ -119.7896223, 46.2268021 ], [ -119.789626790599499, 46.225697412524241 ], [ -119.78962811099592, 46.225372840002855 ], [ -119.789683188868509, 46.225372997992196 ], [ -119.79041713045352, 46.225375116646873 ], [ -119.7921632, 46.22538016 ], [ -119.79215038, 46.22895065 ], [ -119.792809985089036, 46.228952929508687 ], [ -119.794766221, 46.228959693 ], [ -119.79561399896977, 46.228962603884547 ], [ -119.79686684, 46.22896691 ], [ -119.797259566949961, 46.228968254017701 ], [ -119.79761397328808, 46.228969470888117 ], [ -119.79765711, 46.22896962 ], [ -119.797657114650818, 46.228968099676806 ], [ -119.797658620990802, 46.228476010003384 ], [ -119.79844888, 46.22847871 ], [ -119.798448889932899, 46.228475447170204 ], [ -119.798452712739959, 46.22722047507596 ], [ -119.79845274, 46.22721153 ], [ -119.798452759130697, 46.227205245442789 ], [ -119.798457463, 46.225660978 ], [ -119.798459832412618, 46.224882761090186 ], [ -119.798460619992497, 46.224624412461758 ], [ -119.798496752493975, 46.224641223131236 ], [ -119.7985823, 46.22468103 ], [ -119.79863924, 46.22470752 ], [ -119.798672135855938, 46.224723791131893 ], [ -119.798768741048534, 46.22477158773129 ], [ -119.79877879, 46.22477656 ], [ -119.79879135579823, 46.224782776655019 ], [ -119.798918808451958, 46.224845835412708 ], [ -119.79897417, 46.22487323 ], [ -119.7990579, 46.22491466 ], [ -119.799138279416212, 46.22495442135385 ], [ -119.799169831270532, 46.224970032019286 ], [ -119.79924568580671, 46.22500833253828 ], [ -119.799313931134236, 46.22504468585003 ], [ -119.7993613, 46.22506992 ], [ -119.79947005, 46.22512785 ], [ -119.799501083416743, 46.225144379199278 ], [ -119.799600726459772, 46.22519745762586 ], [ -119.79964679, 46.225222 ], [ -119.79972836, 46.22526545 ], [ -119.79983713, 46.22532339 ], [ -119.79995949, 46.22538857 ], [ -119.80008185, 46.22545375 ], [ -119.8002042, 46.22551892 ], [ -119.800204339221295, 46.225518993527203 ], [ -119.800340135, 46.22559133 ], [ -119.800340698126433, 46.225591009010508 ], [ -119.8003407, 46.22559101 ], [ -119.800668268234702, 46.225404291006249 ], [ -119.801066043, 46.225405404 ], [ -119.802635091, 46.225409783 ], [ -119.802635109280132, 46.225395250004652 ], [ -119.80263511, 46.22539525 ], [ -119.80263731, 46.22364668 ], [ -119.802637334301579, 46.223626323374106 ], [ -119.802638875746595, 46.222400850628908 ], [ -119.80263966, 46.22177815 ], [ -119.80180643508487, 46.221776304695531 ], [ -119.800138144, 46.221772606 ], [ -119.800144397133295, 46.219698030314326 ], [ -119.80014909, 46.21814209 ], [ -119.799951552006107, 46.21814381998243 ], [ -119.79996227279301, 46.214602602827007 ], [ -119.7999623, 46.21459362 ], [ -119.79996229998801, 46.214593619963992 ], [ -119.7999623, 46.214593616 ], [ -119.799948031927855, 46.214550802451413 ], [ -119.79990879, 46.21443304 ], [ -119.79986677, 46.2129251 ], [ -119.79985923, 46.21270874 ], [ -119.799830475758526, 46.211883799114375 ], [ -119.799808043, 46.211240156 ], [ -119.789296394, 46.211206948 ], [ -119.789286699540014, 46.210645081794603 ], [ -119.78928173, 46.21035694 ], [ -119.789272632980513, 46.209759705487407 ], [ -119.789267951, 46.209452256 ], [ -119.788057774, 46.209445878 ], [ -119.788052211750255, 46.20905116340149 ], [ -119.78804746, 46.20871372 ], [ -119.78803286, 46.20767755 ], [ -119.788032855027808, 46.207677549973305 ], [ -119.788032855, 46.207677548 ], [ -119.784297685256263, 46.2076574634468 ], [ -119.78417133, 46.20765678 ], [ -119.784171330042852, 46.207656784016365 ], [ -119.784171327, 46.207656784 ], [ -119.784174103307109, 46.207916721498428 ], [ -119.78417566, 46.20806263 ], [ -119.78418102, 46.20856446 ], [ -119.784185759978868, 46.209008478020934 ], [ -119.780680812080249, 46.209026722359354 ], [ -119.78061195, 46.20902708 ], [ -119.78037754, 46.2090283 ], [ -119.780377539648171, 46.209028300986212 ], [ -119.780377537, 46.209028301 ], [ -119.780362489344753, 46.209070487690894 ], [ -119.78033159, 46.2091571 ], [ -119.78004879, 46.20936656 ], [ -119.77968593, 46.20963531 ], [ -119.779647463984844, 46.209663799971878 ], [ -119.77935580136689, 46.209879817790707 ], [ -119.779136201145619, 46.210042459151516 ], [ -119.778411144817724, 46.20957291472979 ], [ -119.77841476, 46.20956896 ], [ -119.77864745, 46.20923391 ], [ -119.77865078, 46.20923031 ], [ -119.77866809, 46.20921635 ], [ -119.77873039, 46.20914704 ], [ -119.77880003, 46.20909584 ], [ -119.77896999, 46.2088861 ], [ -119.77912226, 46.20872191 ], [ -119.77914573, 46.20868341 ], [ -119.77914616, 46.20868302 ], [ -119.77914631, 46.20868246 ], [ -119.77941712, 46.20823828 ], [ -119.77954685, 46.20822477 ], [ -119.77977232, 46.20741206 ], [ -119.77995484, 46.20682124 ], [ -119.78003178, 46.20627481 ], [ -119.77999501, 46.20575325 ], [ -119.77982579, 46.20523868 ], [ -119.77970891, 46.20493098 ], [ -119.77970655, 46.20492981 ], [ -119.77968905, 46.20487269 ], [ -119.77965766, 46.20480713 ], [ -119.77961865, 46.20465731 ], [ -119.77958816, 46.2045913 ], [ -119.77953372, 46.20447006 ], [ -119.77949724, 46.20441578 ], [ -119.77945873, 46.20436617 ], [ -119.77942367, 46.20430379 ], [ -119.77939159, 46.20426542 ], [ -119.77936607, 46.20422915 ], [ -119.77928305, 46.20413424 ], [ -119.77922563, 46.2040708 ], [ -119.77919869, 46.20402332 ], [ -119.77916647, 46.20398906 ], [ -119.77911404, 46.20392154 ], [ -119.77903735, 46.20384678 ], [ -119.77896987, 46.20379699 ], [ -119.77886931, 46.20370997 ], [ -119.77879573, 46.20364871 ], [ -119.77872185, 46.20358517 ], [ -119.77867694, 46.20354672 ], [ -119.77863092, 46.20349472 ], [ -119.77858998, 46.2034299 ], [ -119.77856852, 46.20337566 ], [ -119.77855038, 46.20330961 ], [ -119.77855176, 46.203255 ], [ -119.77854474, 46.20321313 ], [ -119.77854965, 46.2031398 ], [ -119.77857681, 46.20307736 ], [ -119.77860434, 46.2030108 ], [ -119.77863122, 46.20296903 ], [ -119.77865087, 46.20292722 ], [ -119.77866281, 46.20286971 ], [ -119.77868973, 46.20282554 ], [ -119.77873384, 46.20277475 ], [ -119.77879341, 46.20270051 ], [ -119.77883928, 46.2026407 ], [ -119.77890418, 46.20258626 ], [ -119.77895774, 46.2025185 ], [ -119.7790036, 46.20248474 ], [ -119.77904924, 46.2024432 ], [ -119.7791064, 46.20240175 ], [ -119.77914102, 46.20234689 ], [ -119.7792017, 46.20232522 ], [ -119.77929398, 46.20226604 ], [ -119.77936561, 46.20221256 ], [ -119.77948622, 46.20215185 ], [ -119.7795575, 46.20211231 ], [ -119.77970376, 46.20204286 ], [ -119.779703761963574, 46.202042860877341 ], [ -119.779703755, 46.202042865 ], [ -119.779758392689487, 46.202067270350618 ], [ -119.7797893, 46.20208108 ], [ -119.78081701, 46.20254014 ], [ -119.782159502430176, 46.203139788710011 ], [ -119.782186554, 46.203151872 ], [ -119.78220418, 46.203089801 ], [ -119.782268971827563, 46.203089766014777 ], [ -119.78252828, 46.20308963 ], [ -119.78252068, 46.20130918 ], [ -119.78252466, 46.2012705 ], [ -119.78261512, 46.20125935 ], [ -119.78272438, 46.20124793 ], [ -119.78289525, 46.20120582 ], [ -119.78297249, 46.2012143 ], [ -119.78306367, 46.20121305 ], [ -119.7831392, 46.20120118 ], [ -119.78322216, 46.20119919 ], [ -119.78332977, 46.20117542 ], [ -119.78344765, 46.20117136 ], [ -119.78353098, 46.20116709 ], [ -119.78359343, 46.20114829 ], [ -119.78372062, 46.20113709 ], [ -119.78399636, 46.20106627 ], [ -119.78410089, 46.20105139 ], [ -119.78411339, 46.20223573 ], [ -119.78424945, 46.20757493 ], [ -119.78923977, 46.20760174 ], [ -119.79450319, 46.20758078 ], [ -119.79451343, 46.20766324 ], [ -119.79840366, 46.20769028 ], [ -119.79969766, 46.20769928 ], [ -119.80074266, 46.20770228 ], [ -119.80207666, 46.20770628 ], [ -119.80388066, 46.20771128 ], [ -119.80492667, 46.20771528 ], [ -119.80596467, 46.20772227 ], [ -119.80908167, 46.20774327 ], [ -119.81012067, 46.20775127 ], [ -119.81018568, 46.20910827 ], [ -119.81038268, 46.21317927 ], [ -119.81043968, 46.21435427 ], [ -119.81050068, 46.21452627 ], [ -119.81049969, 46.21597427 ], [ -119.81049795, 46.21849341 ], [ -119.8104999, 46.22179521 ], [ -119.81050412, 46.2290676 ], [ -119.80488134, 46.22904889 ], [ -119.80429918, 46.22904692 ], [ -119.7999978, 46.22903239 ], [ -119.78953429, 46.22899649 ], [ -119.77904747, 46.2289549 ], [ -119.77640863, 46.22893892 ], [ -119.77260064, 46.22892631 ], [ -119.77123464, 46.22892431 ], [ -119.77069664, 46.22892131 ], [ -119.76908263, 46.22891332 ], [ -119.76854563, 46.22891132 ], [ -119.76833663, 46.22891232 ], [ -119.76771063, 46.22891632 ], [ -119.76750263, 46.22891832 ], [ -119.76702763, 46.22891832 ], [ -119.76560463, 46.22891932 ], [ -119.76513063, 46.22892032 ], [ -119.76486563, 46.22892032 ], [ -119.76407162, 46.22892132 ], [ -119.76380762, 46.22892232 ], [ -119.76268562, 46.22892232 ], [ -119.75931962, 46.22892533 ], [ -119.75819861, 46.22892733 ], [ -119.75802761, 46.22892733 ], [ -119.75802761, 46.22833333 ], [ -119.75804561, 46.22653333 ], [ -119.75805761, 46.22538033 ], [ -119.75805861, 46.22528933 ], [ -119.75808918, 46.22162654 ], [ -119.75808961, 46.22157533 ], [ -119.7580906, 46.22151733 ], [ -119.7582166, 46.22143433 ], [ -119.7582686, 46.22140033 ], [ -119.7581706, 46.22140033 ], [ -119.75809161, 46.22139933 ], [ -119.7580936, 46.22111933 ], [ -119.75809561, 46.22092041 ], [ -119.7633152, 46.22095506 ] ] ], [ [ [ -119.716247743513961, 46.220629383769904 ], [ -119.717337553, 46.220533873 ], [ -119.718644418, 46.220332374 ], [ -119.719706264542282, 46.220208275822728 ], [ -119.7198564, 46.22019073 ], [ -119.719856403232214, 46.220190729089737 ], [ -119.719856404, 46.220190729 ], [ -119.719866671755582, 46.220187837237134 ], [ -119.72327693, 46.21922743 ], [ -119.72509171, 46.21871629 ], [ -119.725635768077794, 46.218572590507705 ], [ -119.725645751949131, 46.218894418886116 ], [ -119.72564755, 46.21895239 ], [ -119.725649562112963, 46.219017238863294 ], [ -119.725650038, 46.219032579 ], [ -119.725588136, 46.219049753 ], [ -119.725587562, 46.219085017 ], [ -119.725651080820228, 46.21906622305319 ], [ -119.72565335, 46.21913952 ], [ -119.725562040261408, 46.219167926810911 ], [ -119.725561543134589, 46.219168077460907 ], [ -119.72536344, 46.21920817 ], [ -119.72536324561348, 46.219208182444362 ], [ -119.725353026, 46.219191408 ], [ -119.725353004, 46.219191373 ], [ -119.725273320550656, 46.219213939324561 ], [ -119.72527331, 46.21921394 ], [ -119.725139947314361, 46.219251710577737 ], [ -119.72236496, 46.220037586 ], [ -119.722351008861708, 46.220641016559966 ], [ -119.722349520018028, 46.220705329221019 ], [ -119.721906068669469, 46.220978522099493 ], [ -119.72168434, 46.22111512 ], [ -119.721684340000891, 46.221115120383388 ], [ -119.721684339, 46.221115121 ], [ -119.721685399325338, 46.221567728044903 ], [ -119.72168856, 46.22291816 ], [ -119.721688562990678, 46.222918160020484 ], [ -119.721688563, 46.222918164 ], [ -119.722387760382958, 46.222922948531782 ], [ -119.72309177, 46.22292777 ], [ -119.723857795189048, 46.223032882780934 ], [ -119.724522193, 46.223124054 ], [ -119.725715538, 46.223194365 ], [ -119.72686887, 46.223639961 ], [ -119.726909982826655, 46.223645883508127 ], [ -119.72691, 46.22364589 ], [ -119.72673987, 46.22364293 ], [ -119.72670716, 46.22364509 ], [ -119.72669007, 46.22364101 ], [ -119.72650029, 46.22363402 ], [ -119.72647343, 46.22362712 ], [ -119.72641574, 46.22361065 ], [ -119.72632339, 46.22359393 ], [ -119.72624232, 46.22357532 ], [ -119.72613846, 46.2235625 ], [ -119.72605617, 46.22357188 ], [ -119.72604663, 46.22357104 ], [ -119.72573374, 46.22350634 ], [ -119.72488874, 46.22340054 ], [ -119.72458907, 46.22336714 ], [ -119.72417027, 46.22330514 ], [ -119.72372687, 46.22322114 ], [ -119.72326047, 46.22315574 ], [ -119.72307934, 46.22311041 ], [ -119.72293707, 46.22310934 ], [ -119.72277954, 46.22314461 ], [ -119.72262907, 46.22324721 ], [ -119.72259775, 46.22326909 ], [ -119.72253806, 46.22326336 ], [ -119.7224367, 46.22326065 ], [ -119.72237854, 46.22327634 ], [ -119.72229152, 46.22328379 ], [ -119.72223072, 46.22328136 ], [ -119.72219937, 46.22324495 ], [ -119.72212182, 46.22319818 ], [ -119.72201808, 46.22315926 ], [ -119.72183676, 46.22312298 ], [ -119.72170874, 46.22311492 ], [ -119.72160476, 46.22308416 ], [ -119.71958889, 46.22312822 ], [ -119.71957147, 46.22312654 ], [ -119.71956709, 46.2231287 ], [ -119.71825961, 46.22315726 ], [ -119.71822874, 46.22315414 ], [ -119.71809447, 46.22315281 ], [ -119.71807123, 46.22316137 ], [ -119.71732628, 46.22317763 ], [ -119.71546942, 46.22332594 ], [ -119.71445984, 46.22328446 ], [ -119.712139, 46.22231426 ], [ -119.71177353, 46.22062321 ], [ -119.71169218, 46.22062693 ], [ -119.71160199, 46.22063054 ], [ -119.71151096, 46.2206337 ], [ -119.71144061, 46.22063591 ], [ -119.71137329, 46.22063762 ], [ -119.71131051, 46.22063889 ], [ -119.71122683, 46.2206405 ], [ -119.71114272, 46.22064197 ], [ -119.71108059, 46.22064303 ], [ -119.71101889, 46.2206439 ], [ -119.71094019, 46.22064501 ], [ -119.71085111, 46.22064604 ], [ -119.71079136, 46.22063455 ], [ -119.70929978687991, 46.220646619377909 ], [ -119.712144110940613, 46.220585815929965 ], [ -119.71219457, 46.22058474 ], [ -119.71227130949562, 46.220584704899032 ], [ -119.712241588, 46.220624955 ], [ -119.712241595381073, 46.220624954641558 ], [ -119.71224159, 46.22062496 ], [ -119.71230926, 46.22062167 ], [ -119.71265791, 46.22060474 ], [ -119.71272338, 46.22060156 ], [ -119.71278927, 46.22059836 ], [ -119.71285682, 46.22059508 ], [ -119.71293368, 46.22059135 ], [ -119.712971807398731, 46.220589494317686 ], [ -119.713000252, 46.220588113 ], [ -119.713036100626908, 46.2205888636529 ], [ -119.71308968, 46.22058999 ], [ -119.71316026, 46.22059147 ], [ -119.71600156, 46.22065096 ], [ -119.716247743513961, 46.220629383769904 ] ] ], [ [ [ -119.70929971, 46.22064662 ], [ -119.709299719046541, 46.220646619806608 ], [ -119.709299718189399, 46.220646619933731 ], [ -119.70929971, 46.22064662 ] ] ], [ [ [ -119.47394885, 46.2467345 ], [ -119.47401208, 46.24674164 ], [ -119.47407471, 46.24674792 ], [ -119.47414317, 46.24675414 ], [ -119.47422371, 46.24676035 ], [ -119.4742949, 46.2467649 ], [ -119.4743088, 46.24665839 ], [ -119.47636397, 46.24671348 ], [ -119.47644069, 46.24671554 ], [ -119.47694042, 46.24669719 ], [ -119.47932274, 46.24673225 ], [ -119.47939035, 46.24673325 ], [ -119.47966698, 46.24673732 ], [ -119.48023893, 46.24674579 ], [ -119.48034578, 46.24674731 ], [ -119.48098872, 46.24675677 ], [ -119.48122585, 46.24676026 ], [ -119.48189729, 46.24677013 ], [ -119.48493017, 46.24681474 ], [ -119.48484579, 46.24889386 ], [ -119.48480871, 46.2498103 ], [ -119.48478684, 46.25034993 ], [ -119.484740400004867, 46.251915209836049 ], [ -119.484740325, 46.251915185 ], [ -119.479987299191038, 46.250339821628152 ], [ -119.47988825, 46.25030699 ], [ -119.479856302926308, 46.250296401484697 ], [ -119.4742387814279, 46.248434123237352 ], [ -119.47419383, 46.24841922 ], [ -119.47411875, 46.24839433 ], [ -119.47403848, 46.24835265 ], [ -119.473961888519867, 46.248312878712944 ], [ -119.473138149, 46.247885136 ], [ -119.472982402923861, 46.247766181013212 ], [ -119.47260611, 46.24747877 ], [ -119.47165947, 46.24675573 ], [ -119.47017485, 46.24677801 ], [ -119.469861617207997, 46.246565848454992 ], [ -119.46958803937855, 46.246380539900755 ], [ -119.47024482, 46.24637359 ], [ -119.47048651, 46.24637065 ], [ -119.47073168, 46.24637289 ], [ -119.47144721, 46.24637509 ], [ -119.47148435, 46.24622241 ], [ -119.47148955, 46.24617355 ], [ -119.47309478, 46.24702215 ], [ -119.47332911, 46.24718548 ], [ -119.4733702, 46.24663588 ], [ -119.47344601, 46.24665229 ], [ -119.47352088, 46.24666748 ], [ -119.47358672, 46.24667998 ], [ -119.47365882, 46.24669275 ], [ -119.47375262, 46.2467079 ], [ -119.47386615, 46.24672413 ], [ -119.47394885, 46.2467345 ] ] ], [ [ [ -119.353812878651041, 46.25697258193351 ], [ -119.353803715, 46.256972476 ], [ -119.353366843848903, 46.256967425191256 ], [ -119.35294118, 46.2569625 ], [ -119.35294667, 46.25630047 ], [ -119.35295014, 46.25519204 ], [ -119.35828515, 46.25523066 ], [ -119.358234345618101, 46.25702358542793 ], [ -119.355836165944112, 46.256995941653273 ], [ -119.3558355, 46.25699593 ], [ -119.355100224774986, 46.256987448450374 ], [ -119.355091694, 46.25698735 ], [ -119.355100201, 46.256487815 ], [ -119.355100199915299, 46.256487814971955 ], [ -119.3551002, 46.25648781 ], [ -119.35382006, 46.25645472 ], [ -119.353820060000075, 46.256454720051707 ], [ -119.353820058, 46.25645472 ], [ -119.353820060086662, 46.256454780653357 ], [ -119.3538208, 46.25697267 ], [ -119.353812878651041, 46.25697258193351 ] ] ], [ [ [ -119.889500831, 46.263338533 ], [ -119.88950083, 46.263338534 ], [ -119.88950083, 46.263338535 ], [ -119.88950083, 46.263338536 ], [ -119.88949674, 46.263369243 ], [ -119.889479452, 46.263703401 ], [ -119.88947663, 46.263758395 ], [ -119.889476629, 46.263758424 ], [ -119.889436641, 46.263759362 ], [ -119.889436375, 46.263759369 ], [ -119.889409238, 46.263760005 ], [ -119.889409199, 46.263760006 ], [ -119.88940898, 46.263760011 ], [ -119.889278132, 46.263763096 ], [ -119.889280115, 46.263557853 ], [ -119.889280428, 46.263524363 ], [ -119.889280707, 46.263494442 ], [ -119.889281115, 46.263450853 ], [ -119.889281115, 46.263418852 ], [ -119.889281115, 46.26341489 ], [ -119.889281115, 46.263386853 ], [ -119.889281115, 46.263367853 ], [ -119.889278115, 46.263065853 ], [ -119.889271115, 46.262175853 ], [ -119.889268115, 46.262162853 ], [ -119.889245115, 46.262046853 ], [ -119.889143031, 46.261914421 ], [ -119.889141998, 46.261908178 ], [ -119.88914131, 46.261902359 ], [ -119.889138507, 46.261759386 ], [ -119.889141725, 46.261661144 ], [ -119.889147114, 46.261497853 ], [ -119.889151114, 46.261397853 ], [ -119.889131709, 46.261061175 ], [ -119.889112615, 46.260708755 ], [ -119.889112362, 46.260552708 ], [ -119.889116615, 46.260532571 ], [ -119.889257114, 46.260315853 ], [ -119.889259114, 46.260183853 ], [ -119.889268282, 46.259643856 ], [ -119.889275348, 46.25960147 ], [ -119.889417321, 46.25959832 ], [ -119.889741511, 46.259607148 ], [ -119.889883954, 46.259618171 ], [ -119.889883017, 46.259761036 ], [ -119.889823805, 46.260806753 ], [ -119.889700331, 46.262987383 ], [ -119.88968514, 46.263131491 ], [ -119.889684134, 46.263136401 ], [ -119.889584432, 46.263184323 ], [ -119.889584431, 46.263184324 ], [ -119.88958443, 46.263184324 ], [ -119.88958443, 46.263184325 ], [ -119.889584429, 46.263184326 ], [ -119.889584428, 46.263184327 ], [ -119.889584428, 46.263184328 ], [ -119.889500831, 46.263338532 ], [ -119.889500831, 46.263338533 ] ] ], [ [ [ -119.36346106, 46.2607393 ], [ -119.36337025, 46.26345914 ], [ -119.36346092, 46.2607393 ], [ -119.36346106, 46.2607393 ] ] ], [ [ [ -119.36850663, 46.26445059 ], [ -119.3685022, 46.26457682 ], [ -119.36848364, 46.26509201 ], [ -119.36848246, 46.26513313 ], [ -119.36846526, 46.26561383 ], [ -119.36845237, 46.26596635 ], [ -119.36843583, 46.2664315 ], [ -119.36841897, 46.26689597 ], [ -119.36840037, 46.26741276 ], [ -119.36839393, 46.26758067 ], [ -119.36837707, 46.26804537 ], [ -119.36831886, 46.26966381 ], [ -119.36830653, 46.27000514 ], [ -119.36830037, 46.27017535 ], [ -119.36828479, 46.27060989 ], [ -119.368223980042387, 46.271728569220173 ], [ -119.368223936215841, 46.271728569845443 ], [ -119.36811711928631, 46.271728192786142 ], [ -119.368116330151764, 46.271728185050499 ], [ -119.368333788261879, 46.264636175977301 ], [ -119.36833767, 46.264509583 ], [ -119.368337669908044, 46.264509582999224 ], [ -119.36833767, 46.26450958 ], [ -119.366373044461156, 46.264492990324847 ], [ -119.359448720264055, 46.264434509428739 ], [ -119.35947126, 46.26353215 ], [ -119.35947126009296, 46.263532146272397 ], [ -119.360479836, 46.263540704 ], [ -119.360558152, 46.263541368 ], [ -119.360559725161039, 46.263453379954292 ], [ -119.36055973, 46.26345338 ], [ -119.36079067, 46.26345557 ], [ -119.36079756, 46.26316024 ], [ -119.36294974, 46.26364356 ], [ -119.36335778, 46.26373416 ], [ -119.36336218, 46.26363702 ], [ -119.36709264, 46.26442589 ], [ -119.36769454, 46.26443302 ], [ -119.36786884, 46.26443407 ], [ -119.36850663, 46.26445059 ] ] ], [ [ [ -119.888310966, 46.270591062 ], [ -119.888310965, 46.270591062 ], [ -119.888184356, 46.270629618 ], [ -119.888184355, 46.270629618 ], [ -119.888184354, 46.270629619 ], [ -119.888184353, 46.270629619 ], [ -119.888184352, 46.27062962 ], [ -119.888184352, 46.270629621 ], [ -119.888184351, 46.270629621 ], [ -119.88818435, 46.270629622 ], [ -119.88818435, 46.270629623 ], [ -119.88818435, 46.270629624 ], [ -119.888184349, 46.270629625 ], [ -119.888184349, 46.270629626 ], [ -119.888184349, 46.270629627 ], [ -119.888184349, 46.270629628 ], [ -119.888184446, 46.270644288 ], [ -119.888184446, 46.270644289 ], [ -119.888184446, 46.27064429 ], [ -119.888184446, 46.270644291 ], [ -119.888184446, 46.270644292 ], [ -119.888184447, 46.270644293 ], [ -119.888184447, 46.270644294 ], [ -119.888184448, 46.270644295 ], [ -119.888184449, 46.270644296 ], [ -119.888486688, 46.270927033 ], [ -119.888486689, 46.270927034 ], [ -119.88848669, 46.270927034 ], [ -119.889220843, 46.271335414 ], [ -119.889220459, 46.271342063 ], [ -119.889219268, 46.271483243 ], [ -119.889157226, 46.272578948 ], [ -119.888881966, 46.2774402 ], [ -119.888867514, 46.27757768 ], [ -119.888729306, 46.277580572 ], [ -119.88423101, 46.277457958 ], [ -119.884093104, 46.277447534 ], [ -119.884086262, 46.277309404 ], [ -119.884086177, 46.277244281 ], [ -119.884086139, 46.277214658 ], [ -119.884094864, 46.275185838 ], [ -119.884095116, 46.275127855 ], [ -119.884084139, 46.274397396 ], [ -119.884063502, 46.272975457 ], [ -119.884063202, 46.272922248 ], [ -119.884063328, 46.272882996 ], [ -119.884064075, 46.272651583 ], [ -119.884071069, 46.271715079 ], [ -119.884073834, 46.271428832 ], [ -119.884074116, 46.271399854 ], [ -119.884074116, 46.271296546 ], [ -119.884077126, 46.270898483 ], [ -119.884078079, 46.270779373 ], [ -119.884078116, 46.270774854 ], [ -119.884078145, 46.270770335 ], [ -119.884078664, 46.270690332 ], [ -119.884079115, 46.270620854 ], [ -119.88407808, 46.27055875 ], [ -119.884076964, 46.270480203 ], [ -119.884074321, 46.27011942 ], [ -119.884071116, 46.269681935 ], [ -119.884071115, 46.269681854 ], [ -119.884070202, 46.269557673 ], [ -119.884076137, 46.269416158 ], [ -119.884118549, 46.269409771 ], [ -119.885842116, 46.269406854 ], [ -119.887503116, 46.269404854 ], [ -119.889075116, 46.269410854 ], [ -119.889151116, 46.269393854 ], [ -119.889220116, 46.269362854 ], [ -119.889271116, 46.269320854 ], [ -119.889305116, 46.269271854 ], [ -119.889318116, 46.269217854 ], [ -119.889320116, 46.267969854 ], [ -119.889308116, 46.267465854 ], [ -119.889274891, 46.265956284 ], [ -119.889525323, 46.265956323 ], [ -119.889525347, 46.265956594 ], [ -119.889524101, 46.266099699 ], [ -119.889267534, 46.270630837 ], [ -119.889254392, 46.270753495 ], [ -119.889252942, 46.270778635 ], [ -119.888970442, 46.270661722 ], [ -119.888970441, 46.270661722 ], [ -119.88897044, 46.270661721 ], [ -119.888970439, 46.270661721 ], [ -119.888310969, 46.270591062 ], [ -119.888310968, 46.270591062 ], [ -119.888310967, 46.270591062 ], [ -119.888310966, 46.270591062 ] ] ], [ [ [ -119.50482191, 46.27273237 ], [ -119.50481172, 46.27307509 ], [ -119.5048021, 46.27340411 ], [ -119.50785632, 46.27356472 ], [ -119.50793322, 46.27356879 ], [ -119.50781067, 46.27361797 ], [ -119.50737833, 46.27397497 ], [ -119.50701046, 46.2740756 ], [ -119.50576724, 46.27514182 ], [ -119.50564928, 46.27534054 ], [ -119.50549135, 46.27560591 ], [ -119.50529832, 46.27593008 ], [ -119.50520697, 46.27608349 ], [ -119.50509441, 46.27627251 ], [ -119.50501592, 46.27640432 ], [ -119.50518262, 46.27656924 ], [ -119.50550638, 46.27688953 ], [ -119.50576862, 46.27714897 ], [ -119.50582841, 46.27723493 ], [ -119.50609912, 46.27762417 ], [ -119.50625545, 46.27784898 ], [ -119.50633429, 46.27805717 ], [ -119.50645616, 46.27837951 ], [ -119.50648415, 46.2784714 ], [ -119.50659357, 46.27883505 ], [ -119.50664517, 46.27897011 ], [ -119.505223141291836, 46.279034929941119 ], [ -119.505233731, 46.278680332 ], [ -119.505233732, 46.278680294 ], [ -119.502666395, 46.278789366 ], [ -119.501145138, 46.278853969 ], [ -119.501139955795054, 46.278854229783107 ], [ -119.50113948, 46.27885425 ], [ -119.499826820456306, 46.278920196431429 ], [ -119.499567053, 46.278933246 ], [ -119.499566921, 46.278933253 ], [ -119.499558710401104, 46.278933666280999 ], [ -119.499487831041023, 46.278937229947658 ], [ -119.499487926785662, 46.278927772658818 ], [ -119.49948839, 46.27888251 ], [ -119.499491460645672, 46.278578088793161 ], [ -119.499521288, 46.275625818 ], [ -119.499521139, 46.275625825 ], [ -119.49899375, 46.275649451 ], [ -119.498399699, 46.275613841 ], [ -119.498398276, 46.275261621 ], [ -119.496847326, 46.275242219 ], [ -119.496813685423533, 46.275745466409276 ], [ -119.49618, 46.275726 ], [ -119.496467, 46.271235 ], [ -119.502944, 46.271433 ], [ -119.502912775651183, 46.271923418793307 ], [ -119.50484064, 46.27184762 ], [ -119.50484486, 46.27195987 ], [ -119.50484305, 46.27202339 ], [ -119.50483228, 46.27237982 ], [ -119.50482191, 46.27273237 ] ] ], [ [ [ -119.486995560511716, 46.273005927967084 ], [ -119.486995564, 46.273005928 ], [ -119.487021955488459, 46.272901069683186 ], [ -119.48704055, 46.2728272 ], [ -119.48706441, 46.27273239 ], [ -119.487436807380703, 46.27273686996849 ], [ -119.487353546, 46.273135972 ], [ -119.487347286, 46.273247516 ], [ -119.487348580605712, 46.273262875518903 ], [ -119.48734858, 46.2732629 ], [ -119.487348590874333, 46.273262997348354 ], [ -119.487354085, 46.273328181 ], [ -119.487357975626153, 46.273347010844716 ], [ -119.48735798, 46.27334705 ], [ -119.48737151, 46.27341253 ], [ -119.487388680909291, 46.27345625072698 ], [ -119.487451738, 46.273616839 ], [ -119.487510325923935, 46.273751414087414 ], [ -119.4875726, 46.27389446 ], [ -119.487613073546356, 46.273987422966734 ], [ -119.487616219, 46.273994648 ], [ -119.487606535679546, 46.274061748104103 ], [ -119.48759901, 46.27411389 ], [ -119.48758368468097, 46.27422009300129 ], [ -119.487520256, 46.274659619 ], [ -119.487290336, 46.275479872 ], [ -119.487184751912153, 46.27585653610069 ], [ -119.48717572, 46.27588874 ], [ -119.48710945, 46.27604207 ], [ -119.48693756, 46.27643979 ], [ -119.48686903, 46.27659835 ], [ -119.486814515027348, 46.276724482729684 ], [ -119.486645806, 46.277114819 ], [ -119.486591878, 46.277311799 ], [ -119.486464698734252, 46.27785378087097 ], [ -119.48631141, 46.27795926 ], [ -119.486144703533213, 46.278046225319194 ], [ -119.485727656, 46.278263778 ], [ -119.485719364561476, 46.278274757517757 ], [ -119.48571936, 46.27827476 ], [ -119.48566916, 46.27834123 ], [ -119.485455125895314, 46.278624662195881 ], [ -119.485370089, 46.278737268 ], [ -119.485380389, 46.279140045 ], [ -119.485688299, 46.279744801 ], [ -119.48569596074077, 46.279759625531625 ], [ -119.48569607, 46.27975984 ], [ -119.48569324, 46.28022091 ], [ -119.48568501, 46.28056726 ], [ -119.485682496723399, 46.280673195147749 ], [ -119.485680347, 46.28076368 ], [ -119.485818002096167, 46.281113911472232 ], [ -119.48582509, 46.28113195 ], [ -119.485878372992445, 46.281146715629262 ], [ -119.485889177636849, 46.281179264838194 ], [ -119.485899037301195, 46.281215929963949 ], [ -119.485902679697091, 46.281254823963771 ], [ -119.48590148, 46.28131013 ], [ -119.48589137, 46.28136941 ], [ -119.485631608401974, 46.282442550846937 ], [ -119.485603615002788, 46.282557690724879 ], [ -119.48559424, 46.28259624 ], [ -119.48549087, 46.28302142 ], [ -119.48597181, 46.28302542 ], [ -119.48685795, 46.28303278 ], [ -119.48773647, 46.28304007 ], [ -119.48891190338567, 46.283049811805697 ], [ -119.488994939967156, 46.283050500966525 ], [ -119.48898643, 46.28330098 ], [ -119.48897711, 46.28357515 ], [ -119.488974446296766, 46.283653624098953 ], [ -119.488951960575022, 46.284315242527065 ], [ -119.48895152, 46.2843282 ], [ -119.488950796970755, 46.284349480344012 ], [ -119.488946975626774, 46.284461919322901 ], [ -119.48894217, 46.28460329 ], [ -119.48894134175103, 46.284627690119805 ], [ -119.488901294099747, 46.285806049630736 ], [ -119.48890043, 46.28583146 ], [ -119.488899950915609, 46.285845571394347 ], [ -119.488877630866909, 46.286502315069029 ], [ -119.48887181, 46.28667351 ], [ -119.48833934, 46.28667015 ], [ -119.48729117, 46.28666334 ], [ -119.48497297, 46.28664885 ], [ -119.48399961, 46.28664268 ], [ -119.48356287, 46.2866398 ], [ -119.48328863, 46.28663815 ], [ -119.48327191, 46.28657995 ], [ -119.48325987, 46.2865362 ], [ -119.4832088, 46.28626903 ], [ -119.48319899, 46.28582123 ], [ -119.4832079, 46.28532469 ], [ -119.48321681, 46.28482792 ], [ -119.48323188, 46.28394611 ], [ -119.48324185, 46.28337462 ], [ -119.48327659, 46.28144846 ], [ -119.48328388, 46.28139331 ], [ -119.48329693, 46.28133975 ], [ -119.4833124, 46.28129377 ], [ -119.4833345, 46.2812442 ], [ -119.48318096, 46.28121584 ], [ -119.4832071, 46.28116614 ], [ -119.48309209, 46.28116442 ], [ -119.4830671, 46.28110798 ], [ -119.48230121, 46.28109976 ], [ -119.48155971, 46.28109198 ], [ -119.48007638, 46.28107617 ], [ -119.47914505, 46.28106645 ], [ -119.47859337, 46.28106058 ], [ -119.47608836, 46.28102303 ], [ -119.47612891, 46.28099317 ], [ -119.47642931, 46.28068524 ], [ -119.47719523, 46.2797462 ], [ -119.47722157, 46.27973437 ], [ -119.47727924, 46.27966404 ], [ -119.47729394, 46.27962518 ], [ -119.47740091, 46.27949404 ], [ -119.47765478, 46.2791499 ], [ -119.47769252, 46.27910291 ], [ -119.47771615, 46.27906671 ], [ -119.47802491, 46.27864817 ], [ -119.47829371, 46.27823717 ], [ -119.47838824, 46.27803717 ], [ -119.4784117, 46.27794366 ], [ -119.47843075, 46.27790844 ], [ -119.47843157, 46.27786445 ], [ -119.47844471, 46.27781208 ], [ -119.47846537, 46.2777754 ], [ -119.47851357, 46.27772727 ], [ -119.47853252, 46.27768287 ], [ -119.47854301, 46.27761532 ], [ -119.47855639, 46.27755213 ], [ -119.47858465, 46.27750393 ], [ -119.47854882, 46.27746339 ], [ -119.47858326, 46.27741913 ], [ -119.4786116, 46.27736659 ], [ -119.47864296, 46.27732871 ], [ -119.47865298, 46.27728652 ], [ -119.47869051, 46.27723612 ], [ -119.47871268, 46.27719609 ], [ -119.47873504, 46.27714556 ], [ -119.4787399, 46.27712418 ], [ -119.47906764, 46.27676684 ], [ -119.47911544, 46.27675237 ], [ -119.47927324, 46.27677597 ], [ -119.47943211, 46.27679497 ], [ -119.479552, 46.27676712 ], [ -119.47961172, 46.2767777 ], [ -119.47970031, 46.27676387 ], [ -119.47974581, 46.27670543 ], [ -119.47974245, 46.27669522 ], [ -119.47982711, 46.27665137 ], [ -119.47986671, 46.27660557 ], [ -119.47987234, 46.27650242 ], [ -119.47987246, 46.27650191 ], [ -119.47987239, 46.27650137 ], [ -119.47988171, 46.27633057 ], [ -119.47988211, 46.27615063 ], [ -119.47984793, 46.27605115 ], [ -119.47985807, 46.27602778 ], [ -119.47984073, 46.27596821 ], [ -119.47981543, 46.27594187 ], [ -119.47975531, 46.27568977 ], [ -119.47966054, 46.27551942 ], [ -119.47964197, 46.27547437 ], [ -119.47960632, 46.2754064 ], [ -119.47958938, 46.27534272 ], [ -119.47956407, 46.27530878 ], [ -119.47950982, 46.27518348 ], [ -119.47950966, 46.27518179 ], [ -119.47949579, 46.27509505 ], [ -119.47947535, 46.27504208 ], [ -119.4794429, 46.27499722 ], [ -119.4794102, 46.27494824 ], [ -119.47940467, 46.27493616 ], [ -119.47937844, 46.27486902 ], [ -119.47937445, 46.27480623 ], [ -119.47933476, 46.274734 ], [ -119.47931242, 46.27463775 ], [ -119.47926647, 46.27458239 ], [ -119.47912503, 46.27422033 ], [ -119.47914045, 46.2741305 ], [ -119.47908771, 46.27412477 ], [ -119.47905847, 46.27404993 ], [ -119.47907352, 46.27403026 ], [ -119.47909167, 46.27396723 ], [ -119.47908471, 46.27386341 ], [ -119.47902501, 46.27377762 ], [ -119.47901765, 46.2736954 ], [ -119.47899328, 46.27358856 ], [ -119.47895961, 46.27350301 ], [ -119.47891749, 46.27341122 ], [ -119.47889581, 46.27331892 ], [ -119.47885807, 46.27322191 ], [ -119.47883994, 46.27317832 ], [ -119.47880817, 46.2731145 ], [ -119.47878883, 46.27304725 ], [ -119.4787374, 46.27292475 ], [ -119.47872275, 46.27286188 ], [ -119.47868226, 46.27280644 ], [ -119.47868182, 46.27274165 ], [ -119.47866606, 46.27265889 ], [ -119.47865513, 46.27260028 ], [ -119.47862156, 46.2725449 ], [ -119.47858505, 46.2724703 ], [ -119.47858078, 46.27241644 ], [ -119.47856237, 46.27237913 ], [ -119.47855471, 46.27233004 ], [ -119.47852263, 46.27228302 ], [ -119.4785047, 46.27222892 ], [ -119.4784835, 46.27217251 ], [ -119.47845769, 46.27213792 ], [ -119.478446870291108, 46.272099871023734 ], [ -119.478535734678147, 46.2721007916413 ], [ -119.48141275, 46.27213063 ], [ -119.4830073, 46.27214714 ], [ -119.484106240925442, 46.272158500989754 ], [ -119.484147366494952, 46.272158927042561 ], [ -119.4841978, 46.27215945 ], [ -119.4842768, 46.27216027 ], [ -119.48425627, 46.27270575 ], [ -119.48424595, 46.27297998 ], [ -119.48464059, 46.27298371 ], [ -119.48503601, 46.27298744 ], [ -119.48543143, 46.27299117 ], [ -119.48582685, 46.27299491 ], [ -119.48622227, 46.27299864 ], [ -119.48661768, 46.27300237 ], [ -119.48699556, 46.27300593 ], [ -119.486995560511716, 46.273005927967084 ] ] ], [ [ [ -119.40015278, 46.29713778 ], [ -119.4021421, 46.29714899 ], [ -119.40214337, 46.29774253 ], [ -119.4021443, 46.29833653 ], [ -119.40214474, 46.29867569 ], [ -119.40214535, 46.29894104 ], [ -119.40214651, 46.29952384 ], [ -119.40214657, 46.29961914 ], [ -119.4021485, 46.3007381 ], [ -119.4001623, 46.30072872 ], [ -119.4001592, 46.29962098 ], [ -119.400159, 46.29948362 ], [ -119.40015676, 46.29867729 ], [ -119.40015505, 46.29799187 ], [ -119.40015278, 46.29713778 ] ] ], [ [ [ -119.390931021566942, 46.355588621047843 ], [ -119.390889778, 46.355564657 ], [ -119.390822605634895, 46.355537913575262 ], [ -119.39066427, 46.35547487 ], [ -119.39034646, 46.35539112 ], [ -119.389746012714255, 46.355232237734306 ], [ -119.389440695, 46.355151446 ], [ -119.388807079443126, 46.354987025759108 ], [ -119.3886854, 46.35495545 ], [ -119.38824301, 46.35482638 ], [ -119.38794997, 46.35470557 ], [ -119.38732263, 46.35440565 ], [ -119.387322618014338, 46.354405644455817 ], [ -119.387311949, 46.354395472 ], [ -119.386731531942772, 46.354132227289178 ], [ -119.3867313, 46.35413212 ], [ -119.386385627546588, 46.353980788056305 ], [ -119.386080442, 46.353847179 ], [ -119.385732351, 46.353722106 ], [ -119.385529228, 46.353677657 ], [ -119.385290552594881, 46.353626353779894 ], [ -119.3848592, 46.35353363 ], [ -119.38418325, 46.3533877 ], [ -119.38338501, 46.35327384 ], [ -119.38293015, 46.35322965 ], [ -119.382747352900395, 46.353195509919139 ], [ -119.382381764, 46.35312723 ], [ -119.38192622, 46.353049855 ], [ -119.381170289, 46.352983129 ], [ -119.380755241, 46.352942046 ], [ -119.380318049371965, 46.352832577896152 ], [ -119.38026654, 46.35281968 ], [ -119.379874941391236, 46.352733050307769 ], [ -119.379483342, 46.35264642 ], [ -119.379469267888169, 46.352642773697276 ], [ -119.37935965, 46.35261437 ], [ -119.37887536, 46.35248005 ], [ -119.378835246164016, 46.35246764684473 ], [ -119.378676754, 46.352418637 ], [ -119.378483969823364, 46.352383117239363 ], [ -119.37840931, 46.35236936 ], [ -119.378294016644716, 46.352341811265738 ], [ -119.377848724, 46.352235406 ], [ -119.377338797, 46.352072758 ], [ -119.376954343, 46.351928479 ], [ -119.376753414, 46.351822431 ], [ -119.37631436, 46.351610228 ], [ -119.376171282, 46.351522861 ], [ -119.376155933297099, 46.351521481846987 ], [ -119.37615593, 46.35152148 ], [ -119.375449860627199, 46.351111943371919 ], [ -119.375449508, 46.351111735 ], [ -119.375325174, 46.350887482 ], [ -119.375195298791709, 46.350736482542899 ], [ -119.37503237, 46.35054705 ], [ -119.3749628, 46.35042266 ], [ -119.374866574243057, 46.350314552394039 ], [ -119.374823103, 46.350265711 ], [ -119.374719600539748, 46.350091173292888 ], [ -119.3746846, 46.35003215 ], [ -119.374669136338198, 46.350011904708751 ], [ -119.374495933, 46.349785137 ], [ -119.374453043, 46.349695071 ], [ -119.374347074, 46.349571818 ], [ -119.374015363, 46.34908082 ], [ -119.373993240386227, 46.34907001231479 ], [ -119.37363892, 46.34878677 ], [ -119.373504475451952, 46.348724262904049 ], [ -119.373253847, 46.348607738 ], [ -119.372849012, 46.348437267 ], [ -119.372676380328272, 46.348370706051249 ], [ -119.372592, 46.34833817 ], [ -119.372453472711527, 46.348308843724475 ], [ -119.372286714, 46.348273538 ], [ -119.372012653492831, 46.348209619347379 ], [ -119.37189115, 46.34818128 ], [ -119.37161889, 46.34807647 ], [ -119.3712638, 46.34791774 ], [ -119.371072044580202, 46.347784107564848 ], [ -119.370936794, 46.347689848 ], [ -119.370842211, 46.347610706 ], [ -119.370430667, 46.347414656 ], [ -119.370274135872478, 46.347362894641265 ], [ -119.37013481, 46.34731682 ], [ -119.36976390400001, 46.347245108764056 ], [ -119.369675004, 46.34722792 ], [ -119.369561466916522, 46.347189891343952 ], [ -119.36942037, 46.34714263 ], [ -119.36915348, 46.34701855 ], [ -119.36886425, 46.34675685 ], [ -119.368735781908725, 46.346699666814231 ], [ -119.368503486, 46.346596265 ], [ -119.36842716457565, 46.346535444798356 ], [ -119.36830938, 46.34644158 ], [ -119.3680519, 46.34625325 ], [ -119.368051894503807, 46.34625324658969 ], [ -119.368046885, 46.346240924 ], [ -119.367849222, 46.346127489 ], [ -119.3678468052954, 46.346125583913711 ], [ -119.367634010000458, 46.345957610491226 ], [ -119.367621769, 46.345947721 ], [ -119.366944349065903, 46.34552144294333 ], [ -119.36694387, 46.34552114 ], [ -119.366760999579895, 46.345377684603307 ], [ -119.366594601, 46.34524715 ], [ -119.366446711480421, 46.345161817988348 ], [ -119.3659341, 46.34486604 ], [ -119.36587919, 46.34478933 ], [ -119.365875782265121, 46.34478783901379 ], [ -119.365423355, 46.344589432 ], [ -119.365399758132298, 46.344579560880312 ], [ -119.365103507837333, 46.344438000545914 ], [ -119.365103134, 46.34443782 ], [ -119.365019713137372, 46.344355840157526 ], [ -119.36485178, 46.3441908 ], [ -119.3645196, 46.34400551 ], [ -119.36441592, 46.34386067 ], [ -119.36406702, 46.34350928 ], [ -119.364007369957832, 46.34347515519935 ], [ -119.363805244, 46.343359516 ], [ -119.363530411758632, 46.343209385498852 ], [ -119.36340122, 46.34313881 ], [ -119.36328165, 46.34311782 ], [ -119.36319687, 46.34305868 ], [ -119.363162626020724, 46.34304722869571 ], [ -119.362689132, 46.342888886 ], [ -119.36207523, 46.342661047 ], [ -119.361423582, 46.342475668 ], [ -119.361300484970684, 46.342445714141832 ], [ -119.36104093, 46.34238255 ], [ -119.36081075468185, 46.342297470488369 ], [ -119.360799578, 46.342293339 ], [ -119.360776491406881, 46.342290374785982 ], [ -119.36069127, 46.34227943 ], [ -119.36028722, 46.34208951 ], [ -119.360218456372166, 46.342067885158379 ], [ -119.360152485, 46.342047135 ], [ -119.360081736530901, 46.342022458185177 ], [ -119.360054114409252, 46.342008007948657 ], [ -119.359769508, 46.341859118 ], [ -119.359735968482667, 46.341833048562556 ], [ -119.35947653, 46.34163139 ], [ -119.35923489, 46.34146746 ], [ -119.359234885510176, 46.341467458346102 ], [ -119.359234885, 46.341467458 ], [ -119.358877687, 46.341335878 ], [ -119.358289505003057, 46.341399850894732 ], [ -119.35775632, 46.34145784 ], [ -119.356946644701964, 46.341546315032566 ], [ -119.356136969, 46.341634788 ], [ -119.355584391, 46.341704217 ], [ -119.35494246109279, 46.341688227361125 ], [ -119.35450746, 46.34167739 ], [ -119.35386661, 46.34149692 ], [ -119.353826739334281, 46.34148569985858 ], [ -119.353788215, 46.341474855 ], [ -119.353709783, 46.34145418 ], [ -119.353287405, 46.341325567 ], [ -119.35236521, 46.340883369 ], [ -119.351841435, 46.340384201 ], [ -119.351484517539106, 46.339856387861559 ], [ -119.35137761, 46.33969829 ], [ -119.35120177, 46.33938524 ], [ -119.351171100710474, 46.339292145688873 ], [ -119.350955331, 46.338637186 ], [ -119.350993954895031, 46.338294031602388 ], [ -119.35109493, 46.33739693 ], [ -119.351529, 46.33606584 ], [ -119.35154196, 46.33594045 ], [ -119.351541958813826, 46.335940448801445 ], [ -119.351541959, 46.335940447 ], [ -119.351454958587439, 46.335852540471954 ], [ -119.35136568, 46.33576233 ], [ -119.351365676380638, 46.335762328384604 ], [ -119.351365676, 46.335762328 ], [ -119.350745703, 46.33548562 ], [ -119.350479464972906, 46.335354588657673 ], [ -119.34993851, 46.33508835 ], [ -119.34927697, 46.33448091 ], [ -119.34889748, 46.33390587 ], [ -119.348792014997372, 46.333802794973941 ], [ -119.348680368, 46.333693676 ], [ -119.348299939936709, 46.333500606037838 ], [ -119.34823526, 46.33346778 ], [ -119.34727082, 46.3331199 ], [ -119.34680179, 46.33288068 ], [ -119.346504490126208, 46.332647519262508 ], [ -119.346387911, 46.33255609 ], [ -119.346386371487654, 46.332554882790447 ], [ -119.346265520285826, 46.332460055651552 ], [ -119.346246294, 46.332444911 ], [ -119.345758922, 46.332061247 ], [ -119.345394471215712, 46.331894497490211 ], [ -119.34494484, 46.33168877 ], [ -119.34394259, 46.33161959 ], [ -119.34289331, 46.33142783 ], [ -119.342461665434499, 46.331265263489172 ], [ -119.341800012, 46.331016065 ], [ -119.341282433363645, 46.330696576284609 ], [ -119.34069414, 46.33033343 ], [ -119.340391894956184, 46.329979260908473 ], [ -119.340156234, 46.329703107 ], [ -119.339796174209496, 46.329016089704183 ], [ -119.33970392, 46.32884006 ], [ -119.339640357090317, 46.328415450304057 ], [ -119.339515775, 46.32758319 ], [ -119.33979979129451, 46.326820806698123 ], [ -119.3399056, 46.32653679 ], [ -119.340317047783088, 46.325971679710925 ], [ -119.340347780610642, 46.325929469534771 ], [ -119.340390965996306, 46.325896568222575 ], [ -119.341029992, 46.325409722 ], [ -119.341058256555868, 46.325379557706988 ], [ -119.34109336, 46.3253421 ], [ -119.34111717, 46.32526552 ], [ -119.34122596, 46.32486618 ], [ -119.341276815094787, 46.324593092499207 ], [ -119.341346147950404, 46.324220810287969 ], [ -119.34132906, 46.3245567 ], [ -119.34181606, 46.32501989 ], [ -119.34174219, 46.32517432 ], [ -119.3416328, 46.32535445 ], [ -119.34142944, 46.32562595 ], [ -119.34100453, 46.32595256 ], [ -119.34072556, 46.32628843 ], [ -119.34046698, 46.32661216 ], [ -119.34011327, 46.32726723 ], [ -119.33995662, 46.32757531 ], [ -119.33988931, 46.32780888 ], [ -119.33988522, 46.32806344 ], [ -119.3399521, 46.32836329 ], [ -119.34011976, 46.32868634 ], [ -119.34030069, 46.32892907 ], [ -119.34038454, 46.32911276 ], [ -119.34061427, 46.32949677 ], [ -119.34066333, 46.32957886 ], [ -119.34102152, 46.32998864 ], [ -119.34146688, 46.3303481 ], [ -119.34195591, 46.33062459 ], [ -119.34201688, 46.33065903 ], [ -119.34263866, 46.3309147 ], [ -119.34292905, 46.33100564 ], [ -119.34327418, 46.33111359 ], [ -119.34395756, 46.33121858 ], [ -119.3446012, 46.33128362 ], [ -119.34479466, 46.33129358 ], [ -119.34506679, 46.33134343 ], [ -119.34545689, 46.33140018 ], [ -119.3463137, 46.33188561 ], [ -119.3466405, 46.33220637 ], [ -119.34648965, 46.33228758 ], [ -119.34668104, 46.33245841 ], [ -119.34681448, 46.33256078 ], [ -119.34696264, 46.3326537 ], [ -119.34711596, 46.33273707 ], [ -119.34728297, 46.33281235 ], [ -119.34826788, 46.33320193 ], [ -119.34835917, 46.33323805 ], [ -119.34849528, 46.33329222 ], [ -119.3487397, 46.33338954 ], [ -119.34906265, 46.33351805 ], [ -119.34980713, 46.33467196 ], [ -119.35075334, 46.33530384 ], [ -119.3511893, 46.33548811 ], [ -119.35164738, 46.33556175 ], [ -119.35198498, 46.33603025 ], [ -119.35125948, 46.33820737 ], [ -119.35142246, 46.3390247 ], [ -119.35176725, 46.33973324 ], [ -119.35193293, 46.33996734 ], [ -119.3522579, 46.34042588 ], [ -119.35296812, 46.34086155 ], [ -119.35358734, 46.34115279 ], [ -119.35383895, 46.34127119 ], [ -119.35455445, 46.34147197 ], [ -119.3553527, 46.3415353 ], [ -119.3563339, 46.34143455 ], [ -119.35737576, 46.34132067 ], [ -119.35815735, 46.3412179 ], [ -119.35899812, 46.34115708 ], [ -119.3596326, 46.34139861 ], [ -119.36042249, 46.34186269 ], [ -119.36101592, 46.34215888 ], [ -119.36157317, 46.34227507 ], [ -119.3623872, 46.34253209 ], [ -119.36299823, 46.34266503 ], [ -119.3637712, 46.34297694 ], [ -119.36447954, 46.3435092 ], [ -119.36483285, 46.34381692 ], [ -119.36612406, 46.34449005 ], [ -119.3673397, 46.34516424 ], [ -119.36867387, 46.34615567 ], [ -119.37005378, 46.3468534 ], [ -119.37123569, 46.34723217 ], [ -119.37216074, 46.34779235 ], [ -119.37243303, 46.34788738 ], [ -119.37258114, 46.3479389 ], [ -119.37371539, 46.3484063 ], [ -119.37453379, 46.34884325 ], [ -119.37457517, 46.34888514 ], [ -119.37459807, 46.34894296 ], [ -119.37466944, 46.3491313 ], [ -119.37480311, 46.34945121 ], [ -119.37499086, 46.34980571 ], [ -119.37519089, 46.35015713 ], [ -119.37542848, 46.35046413 ], [ -119.37570262, 46.35074246 ], [ -119.37600065, 46.35099931 ], [ -119.37633069, 46.35124048 ], [ -119.37671762, 46.35144382 ], [ -119.37714399, 46.35162332 ], [ -119.37762601, 46.35179285 ], [ -119.37809123, 46.3519453 ], [ -119.37835854, 46.35202701 ], [ -119.37843431, 46.35205038 ], [ -119.37849235, 46.35206855 ], [ -119.37855106, 46.35208673 ], [ -119.37861042, 46.35210537 ], [ -119.37867011, 46.35212401 ], [ -119.37873733, 46.35214512 ], [ -119.37903377, 46.35223912 ], [ -119.37955124, 46.35238705 ], [ -119.3801059, 46.35249169 ], [ -119.38069182, 46.35256921 ], [ -119.38131013, 46.35264431 ], [ -119.38155642, 46.35267347 ], [ -119.38161173, 46.35268018 ], [ -119.38168713, 46.35268915 ], [ -119.38176252, 46.35269834 ], [ -119.38183726, 46.35270753 ], [ -119.381912, 46.3527165 ], [ -119.38198674, 46.35272569 ], [ -119.38206081, 46.35273487 ], [ -119.38213489, 46.35274405 ], [ -119.38221735, 46.35275435 ], [ -119.38250426, 46.35279064 ], [ -119.38280141, 46.35282647 ], [ -119.38290528, 46.35283914 ], [ -119.383008, 46.3528518 ], [ -119.38312323, 46.35286596 ], [ -119.38325295, 46.35288186 ], [ -119.38339716, 46.3528995 ], [ -119.38354959, 46.35291837 ], [ -119.3837017, 46.352937 ], [ -119.38384491, 46.35295486 ], [ -119.38397068, 46.35297026 ], [ -119.38407142, 46.35298267 ], [ -119.38414978, 46.35299235 ], [ -119.38474873, 46.35307844 ], [ -119.38530316, 46.35319539 ], [ -119.38536905, 46.35321775 ], [ -119.38554081, 46.35327588 ], [ -119.38574798, 46.35334601 ], [ -119.38581288, 46.35336813 ], [ -119.38628895, 46.35357276 ], [ -119.38652428, 46.35368637 ], [ -119.38674621, 46.35379344 ], [ -119.38768028, 46.35423205 ], [ -119.38773021, 46.35425473 ], [ -119.38777816, 46.35427563 ], [ -119.38783805, 46.35430101 ], [ -119.38789149, 46.35432262 ], [ -119.38796802, 46.35435209 ], [ -119.38804212, 46.35437928 ], [ -119.38810794, 46.35440206 ], [ -119.38817838, 46.35442529 ], [ -119.38825529, 46.35444915 ], [ -119.38942387, 46.35479157 ], [ -119.39025016, 46.3550332 ], [ -119.39030921, 46.35505148 ], [ -119.3903765, 46.35507393 ], [ -119.39044368, 46.35509776 ], [ -119.39051148, 46.35512366 ], [ -119.39058609, 46.35515409 ], [ -119.39066435, 46.35518853 ], [ -119.39072488, 46.35521688 ], [ -119.39078593, 46.35524738 ], [ -119.39085146, 46.35528211 ], [ -119.39090707, 46.35531333 ], [ -119.39096697, 46.3553489 ], [ -119.39101331, 46.35537773 ], [ -119.39191466, 46.35595946 ], [ -119.39255377, 46.35637277 ], [ -119.39262534, 46.35641815 ], [ -119.39268141, 46.35645307 ], [ -119.39274808, 46.35649396 ], [ -119.39281779, 46.35653583 ], [ -119.39287642, 46.35657057 ], [ -119.39294109, 46.35660818 ], [ -119.39299118, 46.35663697 ], [ -119.39305641, 46.35667371 ], [ -119.39312598, 46.35671223 ], [ -119.39395587, 46.35716521 ], [ -119.39476068, 46.35763525 ], [ -119.39480845, 46.3576644 ], [ -119.39485968, 46.35769772 ], [ -119.39491827, 46.35773843 ], [ -119.39498463, 46.35778836 ], [ -119.39502161, 46.35781799 ], [ -119.3950718, 46.35786119 ], [ -119.39512671, 46.35791193 ], [ -119.39516842, 46.35795357 ], [ -119.39520189, 46.35798943 ], [ -119.39523558, 46.35802758 ], [ -119.39526531, 46.35806335 ], [ -119.39529523, 46.35810193 ], [ -119.39532338, 46.35814065 ], [ -119.39535324, 46.35818513 ], [ -119.39537975, 46.35822753 ], [ -119.39569305, 46.35876793 ], [ -119.3958561, 46.35876871 ], [ -119.39608715, 46.35876992 ], [ -119.39610862, 46.35882715 ], [ -119.39612024, 46.35887991 ], [ -119.39526318, 46.35888056 ], [ -119.39517909, 46.35888062 ], [ -119.39514673, 46.35882548 ], [ -119.395000285806674, 46.358575793808178 ], [ -119.39492538, 46.358448076 ], [ -119.394810263, 46.358267904 ], [ -119.394810261618559, 46.358267902533292 ], [ -119.39481026, 46.3582679 ], [ -119.394775768100558, 46.358231279741268 ], [ -119.394561501, 46.358003786 ], [ -119.394156682, 46.357715251 ], [ -119.393800202, 46.357482709 ], [ -119.393276346, 46.357163317 ], [ -119.393211040505292, 46.35712932742711 ], [ -119.39277841, 46.35690415 ], [ -119.39275300643898, 46.356880003254346 ], [ -119.39274324, 46.356870717 ], [ -119.392491412, 46.356710089 ], [ -119.392305865196874, 46.35661650513299 ], [ -119.39225847, 46.3565926 ], [ -119.392249301484696, 46.356588849871422 ], [ -119.392119043, 46.356535568 ], [ -119.39167631, 46.356219978 ], [ -119.391264030999807, 46.355853698698326 ], [ -119.39121803, 46.35581283 ], [ -119.39104109, 46.35565257 ], [ -119.390931021566942, 46.355588621047843 ] ] ], [ [ [ -119.40752819, 46.35654519 ], [ -119.4075412, 46.35609257 ], [ -119.40755421, 46.35564018 ], [ -119.40756415, 46.35529198 ], [ -119.4075741, 46.35494309 ], [ -119.40757816, 46.354806 ], [ -119.40768616, 46.35105664 ], [ -119.40789414, 46.34384147 ], [ -119.40813254, 46.33858497 ], [ -119.40285291, 46.33839093 ], [ -119.40284571, 46.33748445 ], [ -119.40283814, 46.33657958 ], [ -119.40283387, 46.33567519 ], [ -119.4028296, 46.33477057 ], [ -119.40282883, 46.33466086 ], [ -119.40282483, 46.33382527 ], [ -119.40282282, 46.33340144 ], [ -119.403301018973366, 46.333409059983644 ], [ -119.403250066241398, 46.335290682369688 ], [ -119.4032018, 46.33707306 ], [ -119.408333755873443, 46.337121689960895 ], [ -119.408145846, 46.344487426 ], [ -119.407795259954085, 46.352967568669982 ], [ -119.40755262, 46.35883659 ], [ -119.4074624, 46.35882725 ], [ -119.40747581, 46.35835498 ], [ -119.40750184, 46.35744997 ], [ -119.40752819, 46.35654519 ] ] ], [ [ [ -119.295560209, 46.213082847 ], [ -119.295560208, 46.213082846 ], [ -119.295560207, 46.213082845 ], [ -119.295560206, 46.213082845 ], [ -119.295560205, 46.213082844 ], [ -119.295560204, 46.213082844 ], [ -119.295560203, 46.213082844 ], [ -119.295560202, 46.213082844 ], [ -119.286242793, 46.213035832 ], [ -119.284831554, 46.213027241 ], [ -119.284831550331532, 46.213027240984921 ], [ -119.28483155, 46.21302725 ], [ -119.284804208535576, 46.213027138599699 ], [ -119.275753060595335, 46.212989934924892 ], [ -119.27575270704304, 46.212989923570426 ], [ -119.275698802, 46.212989702 ], [ -119.275633961360498, 46.212986110008217 ], [ -119.275536504803569, 46.212982980154266 ], [ -119.27553616041638, 46.212982734864624 ], [ -119.275433003337881, 46.212908268820101 ], [ -119.275419856, 46.212899885 ], [ -119.274551283, 46.212281244 ], [ -119.274435814, 46.21219049 ], [ -119.274435798436102, 46.212188416089781 ], [ -119.27443579, 46.21218841 ], [ -119.27442482, 46.21072619 ], [ -119.27322657031597, 46.210724985177343 ], [ -119.270844458, 46.210722588 ], [ -119.270775478800701, 46.210721960545683 ], [ -119.2706472, 46.21072079 ], [ -119.270026085276626, 46.210715143850116 ], [ -119.269437494741993, 46.21070978986404 ], [ -119.269100344980515, 46.210706720045344 ], [ -119.269173328, 46.210670663 ], [ -119.269333912, 46.210591326 ], [ -119.26935235, 46.210581901 ], [ -119.269370339, 46.210572068 ], [ -119.26938786, 46.210561835 ], [ -119.269404896, 46.210551214 ], [ -119.269421428, 46.210540216 ], [ -119.269437439, 46.210528853 ], [ -119.269452912, 46.210517136 ], [ -119.269467831, 46.210505078 ], [ -119.269474915407685, 46.210498963193473 ], [ -119.26947501, 46.21049889 ], [ -119.269475114588673, 46.210498791273217 ], [ -119.269482181, 46.210492692 ], [ -119.269495946, 46.210479989 ], [ -119.269509112, 46.210466985 ], [ -119.269521666, 46.210453691 ], [ -119.269682143, 46.210277605 ], [ -119.270062396, 46.209860357 ], [ -119.27007217871413, 46.209848991413033 ], [ -119.27007218, 46.20984899 ], [ -119.270072437635037, 46.20984870573055 ], [ -119.27008197, 46.209837631 ], [ -119.270102129501154, 46.209815944308218 ], [ -119.270102649966731, 46.209815370036701 ], [ -119.270102650144736, 46.209815369859022 ], [ -119.270103230228884, 46.209814804801141 ], [ -119.270124435, 46.209793638 ], [ -119.270135590583322, 46.209783282696847 ], [ -119.27013585, 46.20978303 ], [ -119.27013603656917, 46.209782868705176 ], [ -119.270147282, 46.20977243 ], [ -119.270171169, 46.209751783 ], [ -119.27018328275345, 46.209742022914789 ], [ -119.270183500917838, 46.209741834304907 ], [ -119.270183728385419, 46.209741651033639 ], [ -119.270183965156122, 46.209741473101026 ], [ -119.270196069, 46.209731721 ], [ -119.270221951, 46.209712266 ], [ -119.270235148085916, 46.20970300925292 ], [ -119.27023536, 46.20970285 ], [ -119.270235587171072, 46.209702701268242 ], [ -119.270248785, 46.209693444 ], [ -119.270276539, 46.209675276 ], [ -119.270290479631413, 46.209666762484964 ], [ -119.270290748926627, 46.209666586174002 ], [ -119.270290957547672, 46.20966645875783 ], [ -119.270291245134857, 46.209666294993582 ], [ -119.27030518, 46.209657785 ], [ -119.270334672, 46.209640989 ], [ -119.270349480821892, 46.20963313314229 ], [ -119.270349773144673, 46.209632966681404 ], [ -119.270349893181447, 46.20963290300579 ], [ -119.270350349139591, 46.209632672512789 ], [ -119.270364982, 46.20962491 ], [ -119.270395284881019, 46.209609956888251 ], [ -119.27039607, 46.20960956 ], [ -119.270396889004985, 46.209609193992783 ], [ -119.270422031, 46.209597673 ], [ -119.270422031, 46.209597671 ], [ -119.270422032, 46.209597671 ], [ -119.270422033, 46.209597671 ], [ -119.270422034, 46.209597671 ], [ -119.270422035, 46.209597671 ], [ -119.270422036, 46.209597671 ], [ -119.270427909, 46.209594979 ], [ -119.270443690742624, 46.209588278645469 ], [ -119.270444169864746, 46.20958806452937 ], [ -119.270444190052757, 46.209588055958271 ], [ -119.270444665275363, 46.209587864894281 ], [ -119.270460453, 46.209581162 ], [ -119.270650159282567, 46.209505245705174 ], [ -119.27065475, 46.2095034 ], [ -119.270712699980962, 46.209483944443576 ], [ -119.270731341650361, 46.209477686837971 ], [ -119.270732518985142, 46.209477302748667 ], [ -119.270770173, 46.209464663 ], [ -119.270789178554423, 46.209458818342476 ], [ -119.27078948, 46.20945872 ], [ -119.27088739, 46.20942861 ], [ -119.27096629, 46.2094065 ], [ -119.270967339750428, 46.209406215140454 ], [ -119.271006275, 46.209395306 ], [ -119.271025614461507, 46.209390401755385 ], [ -119.2710261, 46.20939027 ], [ -119.27112669, 46.20936476 ], [ -119.271223256949085, 46.209342733624489 ], [ -119.271250056, 46.209336621 ], [ -119.271261717975221, 46.209334157144305 ], [ -119.27160621, 46.20926138 ], [ -119.271610678121235, 46.209260441847334 ], [ -119.271789592, 46.209222642 ], [ -119.27181032596728, 46.209218522626898 ], [ -119.27181091, 46.2092184 ], [ -119.271811307707466, 46.209218327577197 ], [ -119.271832239, 46.209214169 ], [ -119.271874023876734, 46.209206906919896 ], [ -119.27187527, 46.20920668 ], [ -119.271876538540539, 46.209206500808925 ], [ -119.271918639, 46.209200212 ], [ -119.27193996695371, 46.209197541059147 ], [ -119.27194047, 46.20919747 ], [ -119.27194080341927, 46.209197436306951 ], [ -119.271962294, 46.209194745 ], [ -119.272007186, 46.209190202 ], [ -119.272029119116795, 46.209188511731639 ], [ -119.272029537576799, 46.20918846944496 ], [ -119.272029922376717, 46.209188439789827 ], [ -119.272030340822823, 46.209188417581274 ], [ -119.272052278, 46.209186727 ], [ -119.272097512, 46.209184323 ], [ -119.272119826703999, 46.209183668220042 ], [ -119.27212017, 46.20918365 ], [ -119.272120938567298, 46.209183635594663 ], [ -119.272142838, 46.209182993 ], [ -119.27231792, 46.209179932 ], [ -119.272327126862081, 46.209179770984946 ], [ -119.272335098053858, 46.209179621580027 ], [ -119.272489823760054, 46.209176915645351 ], [ -119.27259206, 46.20917513 ], [ -119.272628944651203, 46.209174482616916 ], [ -119.272660429, 46.209173932 ], [ -119.272854862, 46.209170531 ], [ -119.272854996073789, 46.209170530148789 ], [ -119.272856339754881, 46.209170531617978 ], [ -119.272897547, 46.20917027 ], [ -119.272918114118994, 46.209170599162583 ], [ -119.27291878476926, 46.209170599895877 ], [ -119.272918974996372, 46.209170602940326 ], [ -119.272919643995792, 46.209170623647204 ], [ -119.272940223, 46.209170953 ], [ -119.272981876177127, 46.209172549858224 ], [ -119.27298285, 46.20917258 ], [ -119.272983822229534, 46.209172646382022 ], [ -119.273025369, 46.209175171 ], [ -119.273046095165682, 46.20917689826198 ], [ -119.27304656, 46.20917693 ], [ -119.273046867785752, 46.20917696265002 ], [ -119.273067751, 46.209178703 ], [ -119.273109949, 46.209183178 ], [ -119.273130728758773, 46.209185858652262 ], [ -119.27313093, 46.20918588 ], [ -119.27313111749632, 46.209185908800585 ], [ -119.273151917, 46.209188592 ], [ -119.273193613, 46.209194941 ], [ -119.273234994, 46.209202216 ], [ -119.273276016, 46.209210411 ], [ -119.273287824253146, 46.209212913126855 ], [ -119.273288390222476, 46.209213022629946 ], [ -119.273861403, 46.209334442 ], [ -119.273865612, 46.209335278 ], [ -119.273869858, 46.209336013 ], [ -119.273874141, 46.209336644 ], [ -119.273878451, 46.209337171 ], [ -119.273882786, 46.209337594 ], [ -119.273887139, 46.209337911 ], [ -119.273891505, 46.209338123 ], [ -119.273895879, 46.209338229 ], [ -119.273900256, 46.20933823 ], [ -119.273904631, 46.209338125 ], [ -119.273908997, 46.209337913 ], [ -119.273913351, 46.209337598 ], [ -119.273917686, 46.209337176 ], [ -119.273921997, 46.20933665 ], [ -119.273926279, 46.20933602 ], [ -119.273930527, 46.209335288 ], [ -119.273934734, 46.209334452 ], [ -119.273938899, 46.209333516 ], [ -119.273943014, 46.209332479 ], [ -119.273947074, 46.209331345 ], [ -119.273951074, 46.209330112 ], [ -119.273955011, 46.209328783 ], [ -119.273958878, 46.20932736 ], [ -119.273962672, 46.209325844 ], [ -119.273966388, 46.209324238 ], [ -119.27397002, 46.209322542 ], [ -119.273973565, 46.20932076 ], [ -119.273977018, 46.209318893 ], [ -119.273980377, 46.209316944 ], [ -119.273983636, 46.209314915 ], [ -119.27398679, 46.209312808 ], [ -119.273989836, 46.209310626 ], [ -119.273992772, 46.209308373 ], [ -119.273995594, 46.209306049 ], [ -119.273998296, 46.209303659 ], [ -119.274000877, 46.209301205 ], [ -119.274003334, 46.209298689 ], [ -119.274005662, 46.209296117 ], [ -119.274007861, 46.209293489 ], [ -119.274009926, 46.20929081 ], [ -119.274080704, 46.209195015 ], [ -119.274083407, 46.209191197 ], [ -119.274085922, 46.209187316 ], [ -119.274088243, 46.209183378 ], [ -119.27409037, 46.209179387 ], [ -119.274092299, 46.209175349 ], [ -119.274094028, 46.209171267 ], [ -119.274095556, 46.209167147 ], [ -119.274096879, 46.209162992 ], [ -119.274097998, 46.209158808 ], [ -119.27409891, 46.209154601 ], [ -119.274099614, 46.209150374 ], [ -119.274100109, 46.209146133 ], [ -119.274100396, 46.209141883 ], [ -119.274100474, 46.209137628 ], [ -119.274100341, 46.209133374 ], [ -119.274100001, 46.209129126 ], [ -119.274099451, 46.209124889 ], [ -119.274098692, 46.209120666 ], [ -119.274097727, 46.209116464 ], [ -119.274096556, 46.209112288 ], [ -119.274095179, 46.209108141 ], [ -119.274093599, 46.20910403 ], [ -119.274091819, 46.209099959 ], [ -119.274089838, 46.209095933 ], [ -119.27408766, 46.209091955 ], [ -119.274085289, 46.209088032 ], [ -119.274082725, 46.209084167 ], [ -119.274079973, 46.209080366 ], [ -119.274077036, 46.209076631 ], [ -119.274073915, 46.209072969 ], [ -119.274070617, 46.209069382 ], [ -119.274067145, 46.209065876 ], [ -119.273818406173888, 46.208823720077667 ], [ -119.273817895550977, 46.208823209153714 ], [ -119.273769515, 46.208776109 ], [ -119.273758275, 46.208764757 ], [ -119.273747607, 46.208753142 ], [ -119.273737522, 46.208741279 ], [ -119.273728036, 46.20872918 ], [ -119.273723664283281, 46.20872311591058 ], [ -119.27372359013961, 46.208723030161465 ], [ -119.273723589917154, 46.208723029852891 ], [ -119.273723545918571, 46.208722951724695 ], [ -119.273719155, 46.208716861 ], [ -119.273710894, 46.208704337 ], [ -119.27370326, 46.208691622 ], [ -119.273696263, 46.208678731 ], [ -119.273689912, 46.208665682 ], [ -119.273684214, 46.208652486 ], [ -119.273679177, 46.208639163 ], [ -119.273674804, 46.208625726 ], [ -119.273671102, 46.208612193 ], [ -119.273668078, 46.208598579 ], [ -119.273665731, 46.2085849 ], [ -119.273664066, 46.208571173 ], [ -119.273663086, 46.208557415 ], [ -119.273662791, 46.208543642 ], [ -119.273663181, 46.208529869 ], [ -119.273664256, 46.208516114 ], [ -119.273666015, 46.208502393 ], [ -119.273668454, 46.208488722 ], [ -119.273671581, 46.208475091 ], [ -119.273675384, 46.208461543 ], [ -119.27367986, 46.208448094 ], [ -119.273685006, 46.208434761 ], [ -119.273690811, 46.20842156 ], [ -119.273697272, 46.208408506 ], [ -119.273704381, 46.208395615 ], [ -119.273712127, 46.208382903 ], [ -119.273720502, 46.208370384 ], [ -119.273729496, 46.208358074 ], [ -119.273739099, 46.208345988 ], [ -119.273819674594961, 46.208248593962246 ], [ -119.2738216, 46.20824625 ], [ -119.274050223, 46.20796991 ], [ -119.274054082, 46.207965071 ], [ -119.274057722, 46.207960151 ], [ -119.274061138, 46.207955154 ], [ -119.274064329, 46.207950086 ], [ -119.274067288, 46.20794495 ], [ -119.274070015, 46.207939753 ], [ -119.274072507, 46.207934499 ], [ -119.27407476, 46.207929193 ], [ -119.274076843, 46.207923644 ], [ -119.274078666, 46.207918051 ], [ -119.274080227, 46.20791242 ], [ -119.274081522, 46.207906756 ], [ -119.274082554, 46.207901067 ], [ -119.27408332, 46.207895357 ], [ -119.274083819, 46.207889632 ], [ -119.274084049, 46.2078839 ], [ -119.274084012, 46.207878165 ], [ -119.274083707, 46.207872435 ], [ -119.274067770683033, 46.207664378772556 ], [ -119.274067733630488, 46.207663764455759 ], [ -119.27406735, 46.207658756 ], [ -119.274066913513551, 46.207650167233794 ], [ -119.27406686, 46.20764928 ], [ -119.274066862098337, 46.207649155534206 ], [ -119.274066387, 46.207639807 ], [ -119.274066404, 46.207620847 ], [ -119.274067398, 46.2076019 ], [ -119.274069173, 46.207584515 ], [ -119.274071772, 46.207567179 ], [ -119.274075191, 46.207549912 ], [ -119.274079426, 46.207532733 ], [ -119.274084474, 46.20751566 ], [ -119.27408733349165, 46.207507382369961 ], [ -119.274087380032526, 46.207507215695919 ], [ -119.27408740440039, 46.207507145156072 ], [ -119.274087471639703, 46.207506982460245 ], [ -119.274090329, 46.207498711 ], [ -119.274096984, 46.207481906 ], [ -119.274104433, 46.207465262 ], [ -119.274112666, 46.207448796 ], [ -119.274193290669174, 46.207295742875971 ], [ -119.27419452, 46.20729339 ], [ -119.274194518476563, 46.207293389993673 ], [ -119.274194519, 46.207293389 ], [ -119.263844782567546, 46.207249867549351 ], [ -119.263772834166048, 46.207249560017807 ], [ -119.263810884842869, 46.20610788797584 ], [ -119.26382976, 46.20554162 ], [ -119.26400195, 46.20554212 ], [ -119.26412251235665, 46.205542472476701 ], [ -119.268686062659043, 46.205555636904343 ], [ -119.26887518, 46.20555618 ], [ -119.26927229, 46.20555732 ], [ -119.269272290035929, 46.205557317988564 ], [ -119.269272294, 46.205557318 ], [ -119.269288632928848, 46.204642558983707 ], [ -119.2698195, 46.20445835 ], [ -119.27003697, 46.20438611 ], [ -119.27056637, 46.20420251 ], [ -119.27109636, 46.2040187 ], [ -119.2716319, 46.20383296 ], [ -119.27185125, 46.20397771 ], [ -119.2719824, 46.20406425 ], [ -119.272698278, 46.204250414 ], [ -119.272971096044685, 46.204035580384044 ], [ -119.27330859, 46.20376982 ], [ -119.27353378699047, 46.203772395712541 ], [ -119.27383405, 46.203775834 ], [ -119.273905417641103, 46.203776651168745 ], [ -119.273940079253848, 46.203777049991416 ], [ -119.274188740599399, 46.203893459443776 ], [ -119.27457689, 46.20407517 ], [ -119.27458138, 46.20387883 ], [ -119.27459011, 46.20349697 ], [ -119.274593758454827, 46.203337258150277 ], [ -119.274600408555258, 46.203046366635967 ], [ -119.27460251, 46.20295465 ], [ -119.27462623, 46.20191708 ], [ -119.274626235517474, 46.201917079056031 ], [ -119.274626597, 46.201901267 ], [ -119.275228748962022, 46.201813996636403 ], [ -119.27522908, 46.20181394 ], [ -119.27590479, 46.20171601 ], [ -119.27627124, 46.2016629 ], [ -119.276271240062073, 46.201662897280862 ], [ -119.276271242, 46.201662897 ], [ -119.276279941, 46.201281821 ], [ -119.276402019, 46.201308632 ], [ -119.27640201991909, 46.201308629982229 ], [ -119.27640202, 46.20130863 ], [ -119.27647311, 46.20115257 ], [ -119.276659983822043, 46.200742292368098 ], [ -119.276699631067586, 46.200655250242441 ], [ -119.27673317002629, 46.200662866824146 ], [ -119.276782278001136, 46.200674025930432 ], [ -119.27681282, 46.20068097 ], [ -119.27687328, 46.20069471 ], [ -119.27696604, 46.20071579 ], [ -119.277304077778012, 46.200792597693749 ], [ -119.277393028350858, 46.20081281047792 ], [ -119.277393255228489, 46.200812872463608 ], [ -119.277413844, 46.200817551 ], [ -119.277618714029231, 46.200874470514307 ], [ -119.27761992, 46.2008748 ], [ -119.27770214, 46.20089764 ], [ -119.278007230501672, 46.200985275430313 ], [ -119.278031786, 46.200992329 ], [ -119.278088777342248, 46.201008699274794 ], [ -119.27836144, 46.20108702 ], [ -119.27852636582044, 46.201134160234503 ], [ -119.278691291, 46.201181301 ], [ -119.278768972387539, 46.20120148178794 ], [ -119.27886223, 46.20122571 ], [ -119.278923149291941, 46.201241535287402 ], [ -119.279024642, 46.201267902 ], [ -119.27906769243539, 46.201277538905906 ], [ -119.27921679, 46.20131092 ], [ -119.27940053, 46.20135205 ], [ -119.279543024903063, 46.201378714815455 ], [ -119.279782215, 46.201423482 ], [ -119.27994552407219, 46.201448826136044 ], [ -119.28008549, 46.20147055 ], [ -119.280225137299269, 46.201488021187664 ], [ -119.280462598, 46.201517734 ], [ -119.28081607738244, 46.201544590456585 ], [ -119.28094118, 46.2015541 ], [ -119.281110412338052, 46.201566953271367 ], [ -119.281176073, 46.201571942 ], [ -119.281273000517501, 46.201574496589288 ], [ -119.2814009, 46.20157787 ], [ -119.28162285, 46.20158372 ], [ -119.281941101851942, 46.201586027633986 ], [ -119.282048999, 46.201586811 ], [ -119.282363180141147, 46.201589090710755 ], [ -119.28236997, 46.20158914 ], [ -119.282369992283449, 46.201589140772477 ], [ -119.282934198, 46.201264148 ], [ -119.283047763, 46.201202609 ], [ -119.283899656, 46.200861653 ], [ -119.284146527, 46.200759312 ], [ -119.284146528, 46.200759312 ], [ -119.284293372, 46.200675379 ], [ -119.284293373, 46.200675378 ], [ -119.284293374, 46.200675378 ], [ -119.284293374, 46.200675377 ], [ -119.284378, 46.200590125 ], [ -119.284378, 46.200590124 ], [ -119.284378001, 46.200590124 ], [ -119.284496609, 46.200405698 ], [ -119.284590755, 46.200312656 ], [ -119.28479996, 46.200118129 ], [ -119.284986301, 46.19999659 ], [ -119.285426379, 46.199768974 ], [ -119.286122133, 46.199445048 ], [ -119.286219416, 46.199398775 ], [ -119.286219417, 46.199398775 ], [ -119.286312054, 46.199341675 ], [ -119.286312055, 46.199341674 ], [ -119.286403228, 46.19926695 ], [ -119.286403229, 46.19926695 ], [ -119.286645046, 46.199035347 ], [ -119.286965164, 46.198728746 ], [ -119.28758681, 46.198133339 ], [ -119.287586811, 46.198133338 ], [ -119.287586811, 46.198133337 ], [ -119.287586812, 46.198133337 ], [ -119.287586812, 46.198133336 ], [ -119.287586813, 46.198133335 ], [ -119.287586813, 46.198133334 ], [ -119.287586813, 46.198133333 ], [ -119.287586813, 46.198133332 ], [ -119.287586813, 46.198133331 ], [ -119.287586813, 46.19813333 ], [ -119.287586813, 46.198133329 ], [ -119.287586812, 46.198133328 ], [ -119.287586812, 46.198133327 ], [ -119.287586812, 46.198133326 ], [ -119.287586811, 46.198133325 ], [ -119.28758681, 46.198133325 ], [ -119.28758681, 46.198133324 ], [ -119.287586809, 46.198133323 ], [ -119.287586808, 46.198133323 ], [ -119.287586807, 46.198133322 ], [ -119.287586806, 46.198133322 ], [ -119.287586805, 46.198133322 ], [ -119.287586804, 46.198133322 ], [ -119.287586803, 46.198133322 ], [ -119.28100668, 46.197957345 ], [ -119.279860769, 46.197917815 ], [ -119.278722571, 46.197833921 ], [ -119.277749849, 46.197720852 ], [ -119.276602505, 46.197541794 ], [ -119.275686317, 46.197371353 ], [ -119.274859619, 46.197178097 ], [ -119.273861681, 46.1969259 ], [ -119.272854485, 46.196621055 ], [ -119.27190511, 46.196283573 ], [ -119.271339405, 46.196059667 ], [ -119.271339404, 46.196059666 ], [ -119.271339403, 46.196059666 ], [ -119.271339402, 46.196059666 ], [ -119.271071725, 46.195953719 ], [ -119.270036808, 46.19549718 ], [ -119.268641123, 46.194817285 ], [ -119.268641122, 46.194817285 ], [ -119.267662546, 46.194386058 ], [ -119.267662545, 46.194386058 ], [ -119.267662544, 46.194386057 ], [ -119.267662543, 46.194386057 ], [ -119.267662542, 46.194386057 ], [ -119.267662541, 46.194386057 ], [ -119.26766254, 46.194386057 ], [ -119.267662539, 46.194386058 ], [ -119.267662538, 46.194386058 ], [ -119.267662537, 46.194386058 ], [ -119.267662536, 46.194386059 ], [ -119.267662535, 46.194386059 ], [ -119.267662535, 46.19438606 ], [ -119.267662534, 46.194386061 ], [ -119.266776102, 46.195424024 ], [ -119.266230969, 46.195220354 ], [ -119.265623603, 46.194974977 ], [ -119.264904559, 46.194684473 ], [ -119.264684398, 46.194587945 ], [ -119.264433437, 46.194457361 ], [ -119.264174554, 46.194294754 ], [ -119.263903397, 46.194093433 ], [ -119.263735449, 46.193946525 ], [ -119.263447097, 46.193595964 ], [ -119.263193528, 46.193172543 ], [ -119.263193528, 46.193172542 ], [ -119.262941627, 46.192764053 ], [ -119.262941627, 46.192764052 ], [ -119.262941626, 46.192764051 ], [ -119.262647687, 46.192423248 ], [ -119.262647686, 46.192423247 ], [ -119.262421924, 46.192210749 ], [ -119.261970517, 46.191854268 ], [ -119.261970516, 46.191854268 ], [ -119.26138077, 46.191481483 ], [ -119.26138077, 46.191481482 ], [ -119.257852624, 46.189562 ], [ -119.257852623, 46.189562 ], [ -119.257852622, 46.189562 ], [ -119.257852621, 46.189561999 ], [ -119.25785262, 46.189561999 ], [ -119.257852619, 46.189561999 ], [ -119.257852618, 46.189561999 ], [ -119.256474631, 46.189701057 ], [ -119.256291329, 46.189709646 ], [ -119.256000959, 46.189666807 ], [ -119.255595182, 46.189595754 ], [ -119.255349109, 46.189556653 ], [ -119.255349108, 46.189556653 ], [ -119.255349107, 46.189556653 ], [ -119.255349106, 46.189556653 ], [ -119.255349105, 46.189556654 ], [ -119.255349104, 46.189556654 ], [ -119.255349103, 46.189556654 ], [ -119.255349102, 46.189556655 ], [ -119.255349101, 46.189556655 ], [ -119.2553491, 46.189556656 ], [ -119.2553491, 46.189556657 ], [ -119.255349099, 46.189556657 ], [ -119.255349098, 46.189556658 ], [ -119.255349098, 46.189556659 ], [ -119.255349098, 46.18955666 ], [ -119.253866772, 46.193711589 ], [ -119.253477847, 46.193716488 ], [ -119.253479395, 46.193203898 ], [ -119.253484781, 46.190192446 ], [ -119.253495981, 46.18770953 ], [ -119.253495981, 46.187709529 ], [ -119.253495981, 46.187709528 ], [ -119.253495981, 46.187709527 ], [ -119.25349598, 46.187709526 ], [ -119.25349598, 46.187709525 ], [ -119.253495979, 46.187709525 ], [ -119.253495979, 46.187709524 ], [ -119.253495978, 46.187709523 ], [ -119.253495977, 46.187709522 ], [ -119.253495976, 46.187709521 ], [ -119.253495975, 46.187709521 ], [ -119.251988475, 46.187123876 ], [ -119.250937003, 46.186608398 ], [ -119.250734739, 46.186509242 ], [ -119.250706053, 46.186487006 ], [ -119.250639095, 46.186440086 ], [ -119.250606308, 46.186411829 ], [ -119.250732643, 46.186409877 ], [ -119.251538996, 46.186436372 ], [ -119.251949711, 46.186449867 ], [ -119.252104393, 46.18646306 ], [ -119.252247471, 46.186523302 ], [ -119.252591271, 46.186689695 ], [ -119.252884195, 46.186832634 ], [ -119.252884462, 46.186832764 ], [ -119.252935987, 46.186857913 ], [ -119.252988525, 46.186882312 ], [ -119.253525742, 46.187131799 ], [ -119.253525987, 46.187131913 ], [ -119.253828366, 46.187272373 ], [ -119.254094493, 46.187396901 ], [ -119.254171143, 46.187434113 ], [ -119.254344004, 46.187521098 ], [ -119.254750036, 46.187725415 ], [ -119.255056001, 46.187880374 ], [ -119.255056163, 46.187880456 ], [ -119.255062987, 46.187883913 ], [ -119.255070144, 46.187887514 ], [ -119.255195094, 46.187950387 ], [ -119.255210967, 46.187958374 ], [ -119.255806441, 46.188258621 ], [ -119.255867409, 46.188289521 ], [ -119.255867862, 46.188289751 ], [ -119.255881988, 46.188296913 ], [ -119.255897062, 46.18830445 ], [ -119.255935274, 46.188323556 ], [ -119.255940326, 46.188326082 ], [ -119.255967988, 46.188339913 ], [ -119.255998988, 46.188355913 ], [ -119.256018988, 46.188364913 ], [ -119.256039724, 46.188374897 ], [ -119.256055373, 46.188382533 ], [ -119.256758689, 46.188728766 ], [ -119.256758988, 46.188728913 ], [ -119.257143854, 46.18891843 ], [ -119.257586731, 46.189138795 ], [ -119.257642608, 46.189166723 ], [ -119.259031217, 46.189861527 ], [ -119.259031988, 46.189861913 ], [ -119.25978717, 46.190239503 ], [ -119.259789989, 46.190240913 ], [ -119.259792809, 46.190242319 ], [ -119.260549179, 46.190619511 ], [ -119.261307989, 46.190998912 ], [ -119.261307999, 46.190998917 ], [ -119.261558708, 46.191124272 ], [ -119.261633989, 46.191161912 ], [ -119.261710297, 46.191197427 ], [ -119.261780226, 46.191229972 ], [ -119.262850117, 46.19173403 ], [ -119.263619971, 46.192097487 ], [ -119.263619977, 46.19209749 ], [ -119.26362299, 46.192098912 ], [ -119.263626014, 46.192100336 ], [ -119.263744117, 46.192155933 ], [ -119.263956583, 46.192255952 ], [ -119.264007168, 46.192280346 ], [ -119.264037021, 46.192295088 ], [ -119.264056582, 46.192304748 ], [ -119.26406299, 46.192307912 ], [ -119.264069405, 46.192311061 ], [ -119.26537699, 46.192952912 ], [ -119.265814184, 46.193167516 ], [ -119.267346743, 46.193920369 ], [ -119.267694663, 46.194092767 ], [ -119.267694915, 46.194092892 ], [ -119.267698991, 46.194094912 ], [ -119.267703574, 46.194097174 ], [ -119.26784791, 46.194168404 ], [ -119.268215807, 46.194350829 ], [ -119.268215878, 46.194350864 ], [ -119.268217991, 46.194351912 ], [ -119.268298649, 46.194391825 ], [ -119.26846818, 46.194477003 ], [ -119.268746088, 46.194617309 ], [ -119.268746132, 46.194617332 ], [ -119.268776991, 46.194632912 ], [ -119.268780908, 46.194634755 ], [ -119.269051303, 46.194769584 ], [ -119.26915661, 46.194822808 ], [ -119.269306991, 46.194898912 ], [ -119.269462869, 46.194966997 ], [ -119.271357324, 46.195794465 ], [ -119.271357367, 46.195794484 ], [ -119.271563528, 46.195884528 ], [ -119.271742992, 46.195962912 ], [ -119.271927185, 46.196029426 ], [ -119.272028089, 46.196065863 ], [ -119.272985163, 46.196412587 ], [ -119.272985172, 46.19641259 ], [ -119.273101992, 46.196454912 ], [ -119.273220483, 46.196492365 ], [ -119.273553588, 46.196597657 ], [ -119.273623992, 46.196619912 ], [ -119.273694924, 46.196640427 ], [ -119.274087956, 46.196754101 ], [ -119.274152993, 46.196772912 ], [ -119.274218437, 46.196790249 ], [ -119.274401906, 46.196838855 ], [ -119.274615574, 46.196895461 ], [ -119.274688993, 46.196914912 ], [ -119.274762881, 46.196932497 ], [ -119.275168039, 46.197028928 ], [ -119.275230993, 46.197043911 ], [ -119.275294255, 46.197057534 ], [ -119.275701995, 46.197145331 ], [ -119.275778993, 46.197161911 ], [ -119.2758564, 46.197176464 ], [ -119.276331156, 46.197265722 ], [ -119.276395993, 46.197277911 ], [ -119.276461083, 46.197288673 ], [ -119.276956006, 46.197370498 ], [ -119.277018993, 46.197380911 ], [ -119.277082188, 46.197389982 ], [ -119.27757858, 46.197461235 ], [ -119.277645993, 46.197470911 ], [ -119.277713609, 46.197479055 ], [ -119.278210775, 46.197538936 ], [ -119.278276993, 46.197546911 ], [ -119.278343373, 46.197553413 ], [ -119.278774316, 46.197595622 ], [ -119.278813398, 46.19759945 ], [ -119.278909994, 46.197608911 ], [ -119.279006844, 46.197615243 ], [ -119.280496471, 46.197712632 ], [ -119.280668994, 46.197723911 ], [ -119.28084188, 46.197725237 ], [ -119.281781621, 46.197732446 ], [ -119.283536691, 46.197745908 ], [ -119.283536994, 46.197745911 ], [ -119.285080138, 46.197757904 ], [ -119.287429529, 46.197776834 ], [ -119.287438995, 46.19777691 ], [ -119.287448462, 46.197776957 ], [ -119.287628609, 46.19777784 ], [ -119.287935258, 46.197780813 ], [ -119.287944995, 46.19778091 ], [ -119.287955441, 46.197780978 ], [ -119.288245402, 46.197782848 ], [ -119.288453746, 46.197784859 ], [ -119.288454209, 46.197784863 ], [ -119.288458995, 46.19778491 ], [ -119.288464708, 46.197784955 ], [ -119.291243969, 46.19780691 ], [ -119.291243996, 46.19780691 ], [ -119.297141602, 46.19785355 ], [ -119.297141712, 46.19785355 ], [ -119.29959951, 46.197872897 ], [ -119.299600923, 46.197872908 ], [ -119.299600997, 46.197872909 ], [ -119.302386685, 46.197894906 ], [ -119.302386998, 46.197894909 ], [ -119.306236173, 46.197924902 ], [ -119.308785085, 46.197945465 ], [ -119.30889486, 46.197948361 ], [ -119.311167731, 46.198049973 ], [ -119.311254194, 46.198055091 ], [ -119.311508672, 46.198073842 ], [ -119.311583288, 46.19807934 ], [ -119.312656169, 46.198161175 ], [ -119.312727808, 46.198167506 ], [ -119.314129108, 46.198308301 ], [ -119.314200795, 46.198316376 ], [ -119.315594481, 46.198490349 ], [ -119.315667397, 46.198500361 ], [ -119.316674575, 46.198651264 ], [ -119.317048325, 46.198707262 ], [ -119.317123521, 46.198719507 ], [ -119.318493627, 46.198960509 ], [ -119.318566206, 46.198974199 ], [ -119.318631946, 46.198987439 ], [ -119.319922008, 46.199247255 ], [ -119.319997784, 46.199263538 ], [ -119.321337775, 46.199569632 ], [ -119.321410012, 46.199587077 ], [ -119.3223679, 46.199831002 ], [ -119.322744001, 46.199926777 ], [ -119.322785153, 46.199937679 ], [ -119.322916479, 46.199980835 ], [ -119.322913962, 46.200122046 ], [ -119.322885525, 46.200547672 ], [ -119.322876226406677, 46.200686847115591 ], [ -119.32745732, 46.20072362 ], [ -119.32741662, 46.20190603 ], [ -119.32725022169349, 46.206898618481276 ], [ -119.328679429, 46.206944555 ], [ -119.33839675, 46.207256883 ], [ -119.338543851, 46.207268975 ], [ -119.33866724, 46.207349968 ], [ -119.338792189, 46.207441212 ], [ -119.338938364, 46.207547957 ], [ -119.33901668, 46.207607136 ], [ -119.339749335, 46.208179835 ], [ -119.339971265, 46.208353312 ], [ -119.340036027, 46.208405396 ], [ -119.340562757, 46.208841165 ], [ -119.340721189, 46.208972237 ], [ -119.340780178, 46.209022335 ], [ -119.34143593, 46.209593969 ], [ -119.341514821, 46.20966524 ], [ -119.342248965, 46.210352485 ], [ -119.342329582, 46.210430837 ], [ -119.343025069, 46.211132606 ], [ -119.343103394, 46.211214687 ], [ -119.343540976, 46.211690966 ], [ -119.343759035, 46.211928309 ], [ -119.343839148, 46.212019119 ], [ -119.344389961, 46.212669488 ], [ -119.344392008, 46.212671906 ], [ -119.344394059, 46.212674321 ], [ -119.344453576, 46.212744445 ], [ -119.344530522, 46.212838929 ], [ -119.344724476, 46.213087224 ], [ -119.344725009, 46.213087905 ], [ -119.344926037, 46.213345103 ], [ -119.345109154, 46.213580164 ], [ -119.345177183, 46.213670989 ], [ -119.345790176, 46.214522514 ], [ -119.345843009, 46.214595905 ], [ -119.345896373, 46.214665511 ], [ -119.34605506, 46.214893662 ], [ -119.346331592, 46.215333404 ], [ -119.346403599, 46.215454094 ], [ -119.346651913, 46.215893364 ], [ -119.346670644, 46.215926499 ], [ -119.34671101, 46.215997905 ], [ -119.346753312, 46.216068182 ], [ -119.346907423, 46.216324205 ], [ -119.34695901, 46.216409905 ], [ -119.34712301, 46.216668905 ], [ -119.34721301, 46.216794905 ], [ -119.347398547, 46.217022367 ], [ -119.347533838, 46.217188229 ], [ -119.347618735, 46.217303681 ], [ -119.34750908, 46.217395943 ], [ -119.347260197, 46.217584868 ], [ -119.347192123, 46.217636542 ], [ -119.34718901, 46.217638906 ], [ -119.3471859, 46.217641273 ], [ -119.346892313, 46.217864735 ], [ -119.346789585, 46.217941757 ], [ -119.346641454, 46.218043095 ], [ -119.346638068, 46.218044935 ], [ -119.34642907, 46.217909437 ], [ -119.346308532, 46.217779674 ], [ -119.345969903, 46.217376941 ], [ -119.345863977, 46.217250962 ], [ -119.345780343, 46.21714161 ], [ -119.345778138, 46.21713602 ], [ -119.345775316, 46.217129788 ], [ -119.345815978, 46.216126684 ], [ -119.345867406, 46.215365702 ], [ -119.345867406, 46.215365701 ], [ -119.345867406, 46.2153657 ], [ -119.345867406, 46.215365699 ], [ -119.34580338, 46.215045708 ], [ -119.345803379, 46.215045707 ], [ -119.345803379, 46.215045706 ], [ -119.345803379, 46.215045705 ], [ -119.345803378, 46.215045704 ], [ -119.34528979, 46.214229852 ], [ -119.345289789, 46.214229851 ], [ -119.344565506, 46.21333816 ], [ -119.344565505, 46.213338159 ], [ -119.344565504, 46.213338158 ], [ -119.344565503, 46.213338157 ], [ -119.344565502, 46.213338157 ], [ -119.344565501, 46.213338157 ], [ -119.3445655, 46.213338156 ], [ -119.344565499, 46.213338156 ], [ -119.344565498, 46.213338156 ], [ -119.327098661, 46.213332294 ], [ -119.327094952, 46.213328946 ], [ -119.327087241, 46.213185479 ], [ -119.327081550786204, 46.211991653973307 ], [ -119.327081542115906, 46.211991916044127 ], [ -119.327063350725808, 46.208175370737337 ], [ -119.32703384, 46.20198321 ], [ -119.32703337, 46.20188459 ], [ -119.327033366007953, 46.201884590668968 ], [ -119.327033366, 46.201884589 ], [ -119.325980471, 46.202061028 ], [ -119.32534757, 46.202220989 ], [ -119.325257599830962, 46.202205589053612 ], [ -119.324959321391248, 46.202154530238154 ], [ -119.324913846615175, 46.20208895535832 ], [ -119.32481395, 46.2019449 ], [ -119.324768755208879, 46.201944431864788 ], [ -119.316930705, 46.201863067 ], [ -119.308947138100294, 46.201779545581978 ], [ -119.30641364, 46.20175304 ], [ -119.306307951783523, 46.205022379398166 ], [ -119.30630077980102, 46.205244229789947 ], [ -119.306300770099895, 46.205244219548767 ], [ -119.306300358, 46.205256967 ], [ -119.306300358, 46.205256968 ], [ -119.306300358, 46.205256969 ], [ -119.306300358, 46.20525697 ], [ -119.306300358, 46.205256971 ], [ -119.306300359, 46.205256972 ], [ -119.306300359, 46.205256973 ], [ -119.30630036, 46.205256974 ], [ -119.307075967, 46.206247354 ], [ -119.30707597, 46.206247354 ], [ -119.30707597, 46.206247355 ], [ -119.30707597, 46.206247356 ], [ -119.30707597, 46.206247357 ], [ -119.307075971, 46.206247358 ], [ -119.307075971, 46.206247359 ], [ -119.307075971, 46.20624736 ], [ -119.307075972, 46.206247361 ], [ -119.307883867, 46.20727897 ], [ -119.308356152, 46.208330936 ], [ -119.308357745, 46.208350589 ], [ -119.308355324, 46.208496276 ], [ -119.308306354, 46.209244584 ], [ -119.308288246, 46.209398282 ], [ -119.308238832, 46.209544943 ], [ -119.307983029, 46.21019119 ], [ -119.307922708, 46.21032524 ], [ -119.307092366, 46.210835216 ], [ -119.307092365, 46.210835217 ], [ -119.307092364, 46.210835217 ], [ -119.307092363, 46.210835218 ], [ -119.307092363, 46.210835219 ], [ -119.307092362, 46.21083522 ], [ -119.307092362, 46.210835221 ], [ -119.307092361, 46.210835222 ], [ -119.3068609, 46.211579912 ], [ -119.306213166, 46.211672724 ], [ -119.306213165, 46.211672724 ], [ -119.306213164, 46.211672724 ], [ -119.306213163, 46.211672724 ], [ -119.306213163, 46.211672725 ], [ -119.306213162, 46.211672725 ], [ -119.306213161, 46.211672726 ], [ -119.30621316, 46.211672727 ], [ -119.305843649, 46.212166929 ], [ -119.305843648, 46.212166929 ], [ -119.305843648, 46.21216693 ], [ -119.305843647, 46.212166931 ], [ -119.305843647, 46.212166932 ], [ -119.305843647, 46.212166933 ], [ -119.305843647, 46.212166934 ], [ -119.305843647, 46.212166935 ], [ -119.305899082995182, 46.213146899914946 ], [ -119.30589909, 46.2131469 ], [ -119.306071677152318, 46.213148711987138 ], [ -119.306503669835266, 46.21315325004678 ], [ -119.307274349849507, 46.213161349998416 ], [ -119.307125967681912, 46.217103843540428 ], [ -119.30712418, 46.21715134 ], [ -119.30478492, 46.21707198 ], [ -119.304662215346809, 46.217262691994641 ], [ -119.304621559578621, 46.217325879992252 ], [ -119.30439599933645, 46.217321735394314 ], [ -119.293488967845107, 46.217121126059581 ], [ -119.293488962239181, 46.217121115808673 ], [ -119.293464017, 46.217120657 ], [ -119.293447914894131, 46.217046057235187 ], [ -119.2934479, 46.21704603 ], [ -119.29342478, 46.21693891 ], [ -119.29340517, 46.21684806 ], [ -119.29339904, 46.21675629 ], [ -119.293396066534683, 46.216711823618105 ], [ -119.293386773, 46.2165727 ], [ -119.293390961752323, 46.216520884970016 ], [ -119.29339419, 46.21648098 ], [ -119.29340161, 46.2163892 ], [ -119.29340598753079, 46.216335015502843 ], [ -119.293409022, 46.216297479 ], [ -119.293438886679709, 46.216167734590904 ], [ -119.2934508, 46.216116 ], [ -119.29347168, 46.21602528 ], [ -119.29350581, 46.21593652 ], [ -119.293522087155381, 46.215894177464271 ], [ -119.293574083, 46.215758951 ], [ -119.293632486225164, 46.215646548096437 ], [ -119.29366393, 46.21558604 ], [ -119.293690798917766, 46.21554552299262 ], [ -119.293777641489612, 46.215414589795706 ], [ -119.29383, 46.21533565 ], [ -119.293861373661187, 46.215298806680636 ], [ -119.293994835886011, 46.215142078986396 ], [ -119.29403207, 46.21509836 ], [ -119.2941107, 46.21502447 ], [ -119.29418938, 46.21495054 ], [ -119.29426801, 46.21487665 ], [ -119.294283734, 46.214863808244402 ], [ -119.294353774, 46.21480661 ], [ -119.294474836688821, 46.214717426650353 ], [ -119.29453537, 46.21467284 ], [ -119.29463253, 46.2146104 ], [ -119.294635118053435, 46.214608736879299 ], [ -119.294729684, 46.21454797 ], [ -119.294935815, 46.214432595 ], [ -119.295116636994791, 46.21434480650737 ], [ -119.2951528, 46.21432725 ], [ -119.29526622, 46.21427984 ], [ -119.295347706485728, 46.214245768144316 ], [ -119.295379631, 46.214232422 ], [ -119.295467536602843, 46.214200319611408 ], [ -119.29549681, 46.21418963 ], [ -119.29556008, 46.21416653 ], [ -119.295560159997578, 46.213444098518586 ], [ -119.295560202, 46.213082854 ], [ -119.295560199999557, 46.213082853989903 ], [ -119.2955602, 46.21308285 ], [ -119.295560211, 46.21308285005572 ], [ -119.295560211, 46.21308285 ], [ -119.29556021, 46.213082849 ], [ -119.29556021, 46.213082848 ], [ -119.295560209, 46.213082847 ] ] ], [ [ [ -119.28761454, 46.22538355 ], [ -119.28761453166463, 46.2253835494597 ], [ -119.287592489, 46.225372694 ], [ -119.287433121711075, 46.22538838113109 ], [ -119.28739338, 46.22539229 ], [ -119.287291540399465, 46.225402317520476 ], [ -119.287155119, 46.225415746 ], [ -119.28661378, 46.2255354 ], [ -119.28603092, 46.225697676 ], [ -119.286031671, 46.225416411 ], [ -119.285987245, 46.225435104 ], [ -119.285908284, 46.225468328 ], [ -119.285789618758699, 46.225518258839223 ], [ -119.285572763512135, 46.225315470853246 ], [ -119.285236203, 46.225000737 ], [ -119.284628061731766, 46.224316123332137 ], [ -119.284258613782825, 46.223900214258549 ], [ -119.284543263, 46.223824373 ], [ -119.285152801373101, 46.223661967186551 ], [ -119.285281039928151, 46.223627800019145 ], [ -119.286068928, 46.223632951 ], [ -119.286065590007908, 46.22372527978132 ], [ -119.28605891, 46.22390994 ], [ -119.286097768160133, 46.223910741739125 ], [ -119.286431503619085, 46.223917645407745 ], [ -119.28651048, 46.22391928 ], [ -119.2868659, 46.22392664 ], [ -119.28722133, 46.22393399 ], [ -119.287393483284745, 46.223937554831821 ], [ -119.287996852139329, 46.223950036089029 ], [ -119.289037188400769, 46.223971546735243 ], [ -119.289355579753874, 46.223978132994908 ], [ -119.28924676, 46.22530224 ], [ -119.289228120181932, 46.225529007786776 ], [ -119.289019404848347, 46.225587279154311 ], [ -119.28862206, 46.22569821 ], [ -119.288462212362404, 46.225697914548846 ], [ -119.288248748, 46.225697516 ], [ -119.287916672, 46.225532346 ], [ -119.287740509851204, 46.22544559055823 ], [ -119.28761454, 46.22538355 ] ] ], [ [ [ -119.30672650138473, 46.227953469272805 ], [ -119.306727069930517, 46.227936202110207 ], [ -119.30672707002924, 46.2279362 ], [ -119.306727189881528, 46.227936199996911 ], [ -119.30672782, 46.227920395 ], [ -119.306900023, 46.224243221 ], [ -119.306932963, 46.22353984 ], [ -119.307131329, 46.219303975 ], [ -119.308660067, 46.219258834 ], [ -119.308754768, 46.219375231 ], [ -119.309025446, 46.219742829 ], [ -119.30967343, 46.220622834 ], [ -119.309673431, 46.220622835 ], [ -119.309673431, 46.220622836 ], [ -119.309673432, 46.220622836 ], [ -119.309673433, 46.220622837 ], [ -119.312592567, 46.22251774 ], [ -119.312592567, 46.222517741 ], [ -119.312592568, 46.222517741 ], [ -119.31259257, 46.222517741 ], [ -119.312592571, 46.222517742 ], [ -119.321335665, 46.223733785 ], [ -119.321335666, 46.223733785 ], [ -119.322424976, 46.223885293 ], [ -119.327367354, 46.224572709 ], [ -119.328971994, 46.224955173 ], [ -119.328972034, 46.224955175 ], [ -119.328972034, 46.224955176 ], [ -119.328972034, 46.224955177 ], [ -119.328972034, 46.224955178 ], [ -119.328972035, 46.224955179 ], [ -119.328972035, 46.22495518 ], [ -119.328972036, 46.224955181 ], [ -119.328972036, 46.224955182 ], [ -119.328972037, 46.224955182 ], [ -119.328972038, 46.224955183 ], [ -119.328972039, 46.224955183 ], [ -119.328972039, 46.224955184 ], [ -119.32897204, 46.224955184 ], [ -119.328972041, 46.224955185 ], [ -119.333683837, 46.226078235 ], [ -119.333933704, 46.226149361 ], [ -119.339419454, 46.227971248 ], [ -119.339928623, 46.228140349 ], [ -119.340293975, 46.228271826 ], [ -119.340293977, 46.228271826 ], [ -119.340293978, 46.228271826 ], [ -119.340293979, 46.228271826 ], [ -119.34287065, 46.228285317 ], [ -119.342906961, 46.229179908 ], [ -119.342906961, 46.229179909 ], [ -119.342906961, 46.22917991 ], [ -119.342906962, 46.229179911 ], [ -119.342906962, 46.229179912 ], [ -119.342906962, 46.229179913 ], [ -119.342906963, 46.229179914 ], [ -119.342906964, 46.229179914 ], [ -119.342906964, 46.229179915 ], [ -119.342906965, 46.229179916 ], [ -119.342906966, 46.229179916 ], [ -119.342906967, 46.229179916 ], [ -119.342906968, 46.229179917 ], [ -119.342906969, 46.229179917 ], [ -119.34290697, 46.229179917 ], [ -119.342906971, 46.229179917 ], [ -119.346892148, 46.229197741 ], [ -119.346901663, 46.229202182 ], [ -119.346899108, 46.229341585 ], [ -119.346071595, 46.241795286 ], [ -119.346056072, 46.241932344 ], [ -119.345991867, 46.242054425 ], [ -119.345975349, 46.242082579 ], [ -119.345782097, 46.242411957 ], [ -119.345734015, 46.242493907 ], [ -119.345688552, 46.242577339 ], [ -119.345478085, 46.24296358 ], [ -119.345437105, 46.243038786 ], [ -119.345370015, 46.243161908 ], [ -119.345198982, 46.2434779 ], [ -119.344924015, 46.243985908 ], [ -119.344810015, 46.244514908 ], [ -119.344735015, 46.245315908 ], [ -119.344731477, 46.245353949 ], [ -119.34469542, 46.245741557 ], [ -119.3446645, 46.24606878 ], [ -119.344664495, 46.246068838 ], [ -119.344664016, 46.246073908 ], [ -119.344663534, 46.246079096 ], [ -119.344634435, 46.246392798 ], [ -119.344617996, 46.246515021 ], [ -119.34459155, 46.246635476 ], [ -119.344583677, 46.246665394 ], [ -119.344521853, 46.246893442 ], [ -119.344516016, 46.246914908 ], [ -119.344509766, 46.246938657 ], [ -119.344505183, 46.24695607 ], [ -119.344492065, 46.247005921 ], [ -119.344443052, 46.247158365 ], [ -119.344362642, 46.247296841 ], [ -119.34416951, 46.247591727 ], [ -119.343929292, 46.247910069 ], [ -119.343858079, 46.247992415 ], [ -119.343011016, 46.248971908 ], [ -119.342960016, 46.249031908 ], [ -119.342538016, 46.249686908 ], [ -119.342532016, 46.249724908 ], [ -119.342427016, 46.250421908 ], [ -119.342407016, 46.250555908 ], [ -119.342395016, 46.250640908 ], [ -119.342395016, 46.250775908 ], [ -119.342395016, 46.251003908 ], [ -119.342395016, 46.251522908 ], [ -119.342395016, 46.251545908 ], [ -119.342397011, 46.252102504 ], [ -119.342397993, 46.252445656 ], [ -119.342398017, 46.25267411 ], [ -119.342398017, 46.25267442 ], [ -119.342398017, 46.252692908 ], [ -119.342398138, 46.252712016 ], [ -119.34239849, 46.252767171 ], [ -119.342398899, 46.252831468 ], [ -119.342399017, 46.253359576 ], [ -119.342399017, 46.253581909 ], [ -119.342399017, 46.253865909 ], [ -119.342399017, 46.254707382 ], [ -119.342399017, 46.254717909 ], [ -119.342399054, 46.254728435 ], [ -119.342399324, 46.254805447 ], [ -119.342399983, 46.254993141 ], [ -119.342400017, 46.255128667 ], [ -119.342400017, 46.255383909 ], [ -119.342400017, 46.255771701 ], [ -119.342400017, 46.256526909 ], [ -119.342401017, 46.256907909 ], [ -119.342400921, 46.256916918 ], [ -119.342352061, 46.256924305 ], [ -119.342221431, 46.256924855 ], [ -119.34222143, 46.256924855 ], [ -119.342079605, 46.256927983 ], [ -119.342077520026905, 46.256837144621578 ], [ -119.342077510536029, 46.256837149712474 ], [ -119.342075221, 46.256737417 ], [ -119.340290527805578, 46.256810182463319 ], [ -119.34021676, 46.25681319 ], [ -119.33837999, 46.25682319 ], [ -119.33601246, 46.2568074 ], [ -119.33569621, 46.25681749 ], [ -119.33545226, 46.25686546 ], [ -119.33523568, 46.25694876 ], [ -119.33503728, 46.25713571 ], [ -119.335037274577118, 46.257135709061572 ], [ -119.33503501, 46.257137843 ], [ -119.334979303, 46.257135002 ], [ -119.334976754, 46.257134681 ], [ -119.334595436261893, 46.257059249154509 ], [ -119.33459521, 46.25705921 ], [ -119.334595209895113, 46.257059214770528 ], [ -119.334595206, 46.257059214 ], [ -119.334594919025832, 46.257072399813175 ], [ -119.33459490904572, 46.257072397899236 ], [ -119.334594909, 46.2570724 ], [ -119.334594448, 46.257093509 ], [ -119.334425798, 46.257076145 ], [ -119.334279971, 46.257052694 ], [ -119.333850046, 46.256983555 ], [ -119.333850044, 46.256983554 ], [ -119.333414642, 46.256977217 ], [ -119.33208045, 46.256957796 ], [ -119.331940544, 46.2569489 ], [ -119.331940180540869, 46.256939617644584 ], [ -119.33193377, 46.25693947 ], [ -119.331935196808587, 46.256793751958746 ], [ -119.331941862070579, 46.256114064968777 ], [ -119.33194311, 46.25598689 ], [ -119.33194607, 46.25568527 ], [ -119.33194903, 46.25538363 ], [ -119.331950858004035, 46.255196708841268 ], [ -119.331968361970667, 46.253411749990782 ], [ -119.332151377556812, 46.253410894002265 ], [ -119.342078974328174, 46.253364101052071 ], [ -119.34222028, 46.25336343 ], [ -119.342220280011588, 46.253363435018798 ], [ -119.342220284, 46.253363435 ], [ -119.342220285, 46.253363435 ], [ -119.342220286, 46.253363435 ], [ -119.342220287, 46.253363435 ], [ -119.342220288, 46.253363435 ], [ -119.342220289, 46.253363434 ], [ -119.34222029, 46.253363434 ], [ -119.34222029, 46.253363433 ], [ -119.342220291, 46.253363432 ], [ -119.342220292, 46.253363432 ], [ -119.342220292, 46.253363431 ], [ -119.342220293, 46.25336343 ], [ -119.342220293, 46.253363429 ], [ -119.342220294, 46.253363428 ], [ -119.342220294, 46.253363427 ], [ -119.342220294, 46.253363426 ], [ -119.342220294, 46.253363425 ], [ -119.342176694, 46.252456021 ], [ -119.342176693, 46.25245602 ], [ -119.342176693, 46.252456019 ], [ -119.342176693, 46.252456018 ], [ -119.342176693, 46.252456017 ], [ -119.342176692, 46.252456016 ], [ -119.342176692, 46.252456015 ], [ -119.342176691, 46.252456015 ], [ -119.34217669, 46.252456014 ], [ -119.34217669, 46.252456013 ], [ -119.342176689, 46.252456013 ], [ -119.342176688, 46.252456012 ], [ -119.342176687, 46.252456012 ], [ -119.342176686, 46.252456012 ], [ -119.342176685, 46.252456011 ], [ -119.342176684, 46.252456011 ], [ -119.339557659, 46.252468996 ], [ -119.339555891, 46.25156209 ], [ -119.340996193, 46.251554599 ], [ -119.342156839, 46.251548549 ], [ -119.34215684, 46.251548549 ], [ -119.342156841, 46.251548549 ], [ -119.342156842, 46.251548548 ], [ -119.342156843, 46.251548548 ], [ -119.342156844, 46.251548548 ], [ -119.342156845, 46.251548547 ], [ -119.342156846, 46.251548546 ], [ -119.342156847, 46.251548545 ], [ -119.342156847, 46.251548544 ], [ -119.342156848, 46.251548544 ], [ -119.342156848, 46.251548543 ], [ -119.342156849, 46.251548542 ], [ -119.342156849, 46.251548541 ], [ -119.342156849, 46.25154854 ], [ -119.342215104, 46.251099916 ], [ -119.342215104, 46.251099915 ], [ -119.34221405, 46.250640666 ], [ -119.342213213, 46.250275518 ], [ -119.342213213, 46.250275517 ], [ -119.342213213, 46.250275516 ], [ -119.342213213, 46.250275515 ], [ -119.342213212, 46.250275514 ], [ -119.342213212, 46.250275513 ], [ -119.342213211, 46.250275512 ], [ -119.34221321, 46.250275511 ], [ -119.34221321, 46.25027551 ], [ -119.342213209, 46.25027551 ], [ -119.342213208, 46.250275509 ], [ -119.342213207, 46.250275509 ], [ -119.342213206, 46.250275509 ], [ -119.342213205, 46.250275508 ], [ -119.342213204, 46.250275508 ], [ -119.342213203, 46.250275508 ], [ -119.34215392, 46.250275574 ], [ -119.342152151, 46.249451489 ], [ -119.342370897, 46.249228849 ], [ -119.342892219, 46.248787291 ], [ -119.34289222, 46.24878729 ], [ -119.34289222, 46.248787289 ], [ -119.342892221, 46.248787289 ], [ -119.342892221, 46.248787288 ], [ -119.342892222, 46.248787287 ], [ -119.342892222, 46.248787286 ], [ -119.342892222, 46.248787285 ], [ -119.342955188, 46.248495194 ], [ -119.343558885, 46.248104718 ], [ -119.343558886, 46.248104717 ], [ -119.343558887, 46.248104717 ], [ -119.343558888, 46.248104716 ], [ -119.34372449, 46.2479075 ], [ -119.343724491, 46.247907499 ], [ -119.343724492, 46.247907498 ], [ -119.343724492, 46.247907497 ], [ -119.343724492, 46.247907496 ], [ -119.343724493, 46.247907495 ], [ -119.343724493, 46.247907494 ], [ -119.343724493, 46.247907493 ], [ -119.343724492, 46.247907492 ], [ -119.343724492, 46.247907491 ], [ -119.343724492, 46.24790749 ], [ -119.343724491, 46.247907489 ], [ -119.343724491, 46.247907488 ], [ -119.34372449, 46.247907488 ], [ -119.34372449, 46.247907487 ], [ -119.343724489, 46.247907486 ], [ -119.343724488, 46.247907486 ], [ -119.343724487, 46.247907485 ], [ -119.343724486, 46.247907485 ], [ -119.343724486, 46.247907484 ], [ -119.343724485, 46.247907484 ], [ -119.343724484, 46.247907484 ], [ -119.343724483, 46.247907484 ], [ -119.342367376, 46.247915402 ], [ -119.342364041, 46.246491607 ], [ -119.342362167, 46.245592843 ], [ -119.344340402, 46.245533143 ], [ -119.344340403, 46.245533143 ], [ -119.344340404, 46.245533143 ], [ -119.344340405, 46.245533142 ], [ -119.344340406, 46.245533142 ], [ -119.344340407, 46.245533142 ], [ -119.344340408, 46.245533141 ], [ -119.344340409, 46.245533141 ], [ -119.344340409, 46.24553314 ], [ -119.34434041, 46.245533139 ], [ -119.344340411, 46.245533138 ], [ -119.344340411, 46.245533137 ], [ -119.344340412, 46.245533136 ], [ -119.344340412, 46.245533135 ], [ -119.344340412, 46.245533134 ], [ -119.34437298, 46.245133399 ], [ -119.34437298, 46.245133398 ], [ -119.34437298, 46.245133397 ], [ -119.34437298, 46.245133396 ], [ -119.34437298, 46.245133395 ], [ -119.34437298, 46.245133394 ], [ -119.344372979, 46.245133393 ], [ -119.344372979, 46.245133392 ], [ -119.344372978, 46.245133391 ], [ -119.344372977, 46.245133391 ], [ -119.344372976, 46.24513339 ], [ -119.344372976, 46.245133389 ], [ -119.344372975, 46.245133389 ], [ -119.344372974, 46.245133389 ], [ -119.344372973, 46.245133388 ], [ -119.344372972, 46.245133388 ], [ -119.344372971, 46.245133388 ], [ -119.344333518, 46.245131841 ], [ -119.344366977, 46.244721174 ], [ -119.344406429, 46.244722722 ], [ -119.34440643, 46.244722722 ], [ -119.344406431, 46.244722721 ], [ -119.344406432, 46.244722721 ], [ -119.344406433, 46.244722721 ], [ -119.344406434, 46.244722721 ], [ -119.344406435, 46.24472272 ], [ -119.344406436, 46.244722719 ], [ -119.344406437, 46.244722718 ], [ -119.344406438, 46.244722718 ], [ -119.344406438, 46.244722717 ], [ -119.344406439, 46.244722716 ], [ -119.344406439, 46.244722715 ], [ -119.344406439, 46.244722714 ], [ -119.344406439, 46.244722713 ], [ -119.34440644, 46.244722712 ], [ -119.344443541, 46.244267318 ], [ -119.344912318, 46.243468697 ], [ -119.344912318, 46.243468696 ], [ -119.344912319, 46.243468696 ], [ -119.344912319, 46.243468695 ], [ -119.344912319, 46.243468694 ], [ -119.344912319, 46.243468693 ], [ -119.344912321, 46.243468693 ], [ -119.345055089, 46.24322547 ], [ -119.345204082, 46.24297148 ], [ -119.345258986, 46.242986984 ], [ -119.345258987, 46.242986984 ], [ -119.345258988, 46.242986984 ], [ -119.345258989, 46.242986984 ], [ -119.34525899, 46.242986984 ], [ -119.345258991, 46.242986984 ], [ -119.345258992, 46.242986984 ], [ -119.345258993, 46.242986984 ], [ -119.345258994, 46.242986983 ], [ -119.345258995, 46.242986983 ], [ -119.345258996, 46.242986982 ], [ -119.345258996, 46.242986981 ], [ -119.345258997, 46.24298698 ], [ -119.345258998, 46.24298698 ], [ -119.345578173, 46.242442869 ], [ -119.34557865, 46.242442056 ], [ -119.345578651, 46.242442055 ], [ -119.345578651, 46.242442054 ], [ -119.345578651, 46.242442053 ], [ -119.345578651, 46.242442052 ], [ -119.345578652, 46.242442051 ], [ -119.345578652, 46.24244205 ], [ -119.345578651, 46.242442049 ], [ -119.345578651, 46.242442048 ], [ -119.345578651, 46.242442047 ], [ -119.34557865, 46.242442046 ], [ -119.34557865, 46.242442045 ], [ -119.345578649, 46.242442045 ], [ -119.345578649, 46.242442044 ], [ -119.345578648, 46.242442043 ], [ -119.345578647, 46.242442043 ], [ -119.345578646, 46.242442042 ], [ -119.345578645, 46.242442042 ], [ -119.345578644, 46.242442041 ], [ -119.345578643, 46.242442041 ], [ -119.345578642, 46.242442041 ], [ -119.345578641, 46.242442041 ], [ -119.3423679, 46.242466003 ], [ -119.328417356, 46.242555752 ], [ -119.328417352, 46.242555752 ], [ -119.326863277, 46.24256575 ], [ -119.326782046, 46.242565173 ], [ -119.326465253, 46.242558632 ], [ -119.321812379, 46.242462553 ], [ -119.321663646960971, 46.242451898339716 ], [ -119.321674076441454, 46.24245970733557 ], [ -119.321674076340955, 46.242459707333495 ], [ -119.32166332943784, 46.242451875593439 ], [ -119.321662344, 46.242451805 ], [ -119.321536539, 46.242369349 ], [ -119.320156146, 46.241360661 ], [ -119.320156141, 46.241360657 ], [ -119.320156136, 46.241360654 ], [ -119.317229778, 46.239222291 ], [ -119.316554299802192, 46.238728701425323 ], [ -119.316548053619272, 46.238724149557633 ], [ -119.316545205, 46.238722068 ], [ -119.311540971, 46.236893736 ], [ -119.309425477893328, 46.236120707703911 ], [ -119.30832583, 46.23571888 ], [ -119.30649287, 46.23504903 ], [ -119.306523648568529, 46.234114261743947 ], [ -119.306726161, 46.227962007 ], [ -119.30672650138473, 46.227953469272805 ] ] ], [ [ [ -119.303509195, 46.242135075 ], [ -119.303509194, 46.242135076 ], [ -119.303509194, 46.242135077 ], [ -119.303509194, 46.242135078 ], [ -119.303509194, 46.242135079 ], [ -119.30350902, 46.242135073 ], [ -119.303467897, 46.242135977 ], [ -119.303187414, 46.242132171 ], [ -119.30318722, 46.242131254 ], [ -119.30318597, 46.241982281 ], [ -119.303292725, 46.239415906 ], [ -119.303306126, 46.239270095 ], [ -119.303314819, 46.239264427 ], [ -119.303331422, 46.239263006 ], [ -119.303834243, 46.23919735 ], [ -119.303900008, 46.239200819 ], [ -119.30394981, 46.239223396 ], [ -119.303979734, 46.239260793 ], [ -119.303974775, 46.239316049 ], [ -119.30391533, 46.239424709 ], [ -119.30391533, 46.23942471 ], [ -119.303915329, 46.239424711 ], [ -119.303892475, 46.239510899 ], [ -119.303892475, 46.2395109 ], [ -119.303892475, 46.239510901 ], [ -119.303892475, 46.239510902 ], [ -119.303893518, 46.239595038 ], [ -119.303893518, 46.239595039 ], [ -119.303893518, 46.23959504 ], [ -119.303893518, 46.239595041 ], [ -119.303912896, 46.239667449 ], [ -119.303912897, 46.23966745 ], [ -119.303912897, 46.239667451 ], [ -119.303943843, 46.239728691 ], [ -119.303943844, 46.239728692 ], [ -119.303943844, 46.239728693 ], [ -119.303980586, 46.239778708 ], [ -119.303980587, 46.239778708 ], [ -119.303980587, 46.239778709 ], [ -119.304038618, 46.239836148 ], [ -119.304038619, 46.239836149 ], [ -119.304106887, 46.239885488 ], [ -119.304106888, 46.239885489 ], [ -119.304176684, 46.239923221 ], [ -119.304176685, 46.239923222 ], [ -119.304274176, 46.239962154 ], [ -119.304401912, 46.240009736 ], [ -119.304395088, 46.24054588 ], [ -119.304397139, 46.242066944 ], [ -119.304390771, 46.242110872 ], [ -119.304380542, 46.242115914 ], [ -119.303509204, 46.242135069 ], [ -119.303509203, 46.242135069 ], [ -119.303509202, 46.242135069 ], [ -119.303509201, 46.24213507 ], [ -119.3035092, 46.24213507 ], [ -119.303509199, 46.24213507 ], [ -119.303509198, 46.242135071 ], [ -119.303509197, 46.242135072 ], [ -119.303509196, 46.242135073 ], [ -119.303509195, 46.242135074 ], [ -119.303509195, 46.242135075 ] ] ], [ [ [ -119.27137171, 46.24498815 ], [ -119.27146393, 46.2450127 ], [ -119.271553023566199, 46.245042365437278 ], [ -119.271775395, 46.24511641 ], [ -119.271991563, 46.245208823 ], [ -119.272069346, 46.245242073 ], [ -119.27214619859771, 46.245277657539546 ], [ -119.27214737, 46.2452782 ], [ -119.27223111, 46.245317 ], [ -119.27268639, 46.24549778 ], [ -119.27277055, 46.24553122 ], [ -119.272780440632246, 46.24553497095485 ], [ -119.272842432, 46.245558484 ], [ -119.274697297, 46.246262134 ], [ -119.274748076786679, 46.246281402276026 ], [ -119.27477534, 46.24629175 ], [ -119.274775340073134, 46.246291747268849 ], [ -119.274775342, 46.246291748 ], [ -119.274775951864882, 46.246268898008559 ], [ -119.27477692, 46.24623274 ], [ -119.274785239863803, 46.245921055102549 ], [ -119.281447336, 46.248485943 ], [ -119.281694079227591, 46.248576892342058 ], [ -119.281906, 46.24865501 ], [ -119.28226133, 46.24877959 ], [ -119.28268367, 46.24892063 ], [ -119.28305714, 46.24903916 ], [ -119.283296531234171, 46.249111484767646 ], [ -119.283434108, 46.249153051 ], [ -119.283817873, 46.249263214 ], [ -119.284401243691136, 46.249421180734402 ], [ -119.28508373, 46.24960599 ], [ -119.28508372972216, 46.249605996 ], [ -119.28508373, 46.249605996 ], [ -119.285083731, 46.249605996 ], [ -119.285083732, 46.249605995 ], [ -119.285083733, 46.249605995 ], [ -119.285083734, 46.249605995 ], [ -119.285083735, 46.249605994 ], [ -119.285083735, 46.249605993 ], [ -119.285083736, 46.249605993 ], [ -119.285083737, 46.249605992 ], [ -119.285083737, 46.249605991 ], [ -119.285083738, 46.24960599 ], [ -119.285083738, 46.249605989 ], [ -119.285083738, 46.249605988 ], [ -119.285083739, 46.249605987 ], [ -119.285083739, 46.249605986 ], [ -119.28508936, 46.249422094 ], [ -119.285179447, 46.249422671 ], [ -119.287039432, 46.249434586 ], [ -119.290167401, 46.249454623 ], [ -119.290314946, 46.249462927 ], [ -119.290316623, 46.249463746 ], [ -119.29027148, 46.250988803 ], [ -119.29027148, 46.250988804 ], [ -119.29027148, 46.250988805 ], [ -119.29027148, 46.250988806 ], [ -119.29027148, 46.250988807 ], [ -119.290271481, 46.250988808 ], [ -119.290271481, 46.250988809 ], [ -119.290271482, 46.25098881 ], [ -119.290271483, 46.250988811 ], [ -119.290271484, 46.250988812 ], [ -119.290271485, 46.250988812 ], [ -119.290271485, 46.250988813 ], [ -119.290271486, 46.250988813 ], [ -119.290271487, 46.250988813 ], [ -119.29217258, 46.251494591 ], [ -119.292172581, 46.251494592 ], [ -119.292871699, 46.251631809 ], [ -119.2928717, 46.251631809 ], [ -119.292871701, 46.251631809 ], [ -119.292871702, 46.251631809 ], [ -119.292871703, 46.251631809 ], [ -119.292871704, 46.251631808 ], [ -119.292871705, 46.251631808 ], [ -119.292871706, 46.251631808 ], [ -119.292871707, 46.251631807 ], [ -119.292871708, 46.251631806 ], [ -119.292871709, 46.251631805 ], [ -119.29287171, 46.251631804 ], [ -119.29287171, 46.251631803 ], [ -119.292871711, 46.251631802 ], [ -119.292871711, 46.251631801 ], [ -119.292871711, 46.2516318 ], [ -119.292871711, 46.251631799 ], [ -119.292907658, 46.250385024 ], [ -119.293602798, 46.250389589 ], [ -119.294209158, 46.250393571 ], [ -119.294161544, 46.252169938 ], [ -119.294161544, 46.252169939 ], [ -119.294161544, 46.25216994 ], [ -119.294161545, 46.252169941 ], [ -119.294161545, 46.252169942 ], [ -119.294161545, 46.252169943 ], [ -119.294161546, 46.252169944 ], [ -119.294161547, 46.252169945 ], [ -119.294161547, 46.252169946 ], [ -119.294161548, 46.252169946 ], [ -119.294161549, 46.252169947 ], [ -119.29416155, 46.252169947 ], [ -119.29416155, 46.252169948 ], [ -119.294161551, 46.252169948 ], [ -119.294161552, 46.252169948 ], [ -119.295349866, 46.252403153 ], [ -119.29558652, 46.252449594 ], [ -119.296881638, 46.252714654 ], [ -119.296679447, 46.256364968 ], [ -119.296679448, 46.25636497 ], [ -119.296689639, 46.256479848 ], [ -119.29668545, 46.256495697 ], [ -119.296548327, 46.256541349 ], [ -119.295771765, 46.256757798 ], [ -119.295636088, 46.256788781 ], [ -119.295516202, 46.256718103 ], [ -119.295443041, 46.256670169 ], [ -119.29544304, 46.256670169 ], [ -119.295443003, 46.256670144 ], [ -119.295055693, 46.256416374 ], [ -119.294241619, 46.255882984 ], [ -119.294241618, 46.255882983 ], [ -119.294241617, 46.255882983 ], [ -119.294241616, 46.255882982 ], [ -119.293300681, 46.255634272 ], [ -119.293249927, 46.255620856 ], [ -119.293249926, 46.255620856 ], [ -119.293249925, 46.255620856 ], [ -119.293249924, 46.255620856 ], [ -119.28986694, 46.254726656 ], [ -119.289747706, 46.254689747 ], [ -119.289636273, 46.254633517 ], [ -119.289317034, 46.254455323 ], [ -119.287490479, 46.25343577 ], [ -119.287490412, 46.253435732 ], [ -119.287490359790354, 46.253435702855739 ], [ -119.28749041, 46.25343574 ], [ -119.286769324464771, 46.253033220163744 ], [ -119.286380619, 46.252816238 ], [ -119.286109509874208, 46.252755509908496 ], [ -119.286109489993052, 46.252755495445733 ], [ -119.285529345, 46.252625543 ], [ -119.285370944, 46.252590062 ], [ -119.285370943, 46.252590061 ], [ -119.285233712, 46.252552333 ], [ -119.285196938, 46.252524275 ], [ -119.284728741, 46.252046464 ], [ -119.28472874, 46.252046464 ], [ -119.284728739, 46.252046463 ], [ -119.284728738, 46.252046462 ], [ -119.28270765, 46.251082775 ], [ -119.282407403, 46.250939613 ], [ -119.282407402, 46.250939612 ], [ -119.282093171, 46.250830516 ], [ -119.280652156, 46.250330216 ], [ -119.280188157, 46.250169123 ], [ -119.280188156, 46.250169122 ], [ -119.280188155, 46.250169122 ], [ -119.279704136, 46.250085635 ], [ -119.278448238, 46.249869008 ], [ -119.278369936, 46.249855481 ], [ -119.278369927, 46.249855479 ], [ -119.278368955, 46.249855311 ], [ -119.278290578, 46.249841797 ], [ -119.278290465, 46.249841778 ], [ -119.277927527, 46.249779185 ], [ -119.27775029, 46.249743084 ], [ -119.277051879, 46.249578747 ], [ -119.275788874, 46.249281561 ], [ -119.275627729, 46.249233937 ], [ -119.275472952, 46.249168518 ], [ -119.274993434, 46.248933234 ], [ -119.27386006, 46.248377125 ], [ -119.273752618, 46.248318848 ], [ -119.27365029, 46.248251999 ], [ -119.272949807, 46.247752435 ], [ -119.272392642, 46.247355081 ], [ -119.272392641, 46.24735508 ], [ -119.27239264, 46.24735508 ], [ -119.270484845, 46.246565561 ], [ -119.270438233, 46.246545809 ], [ -119.269866907, 46.246297999 ], [ -119.269695678, 46.24622373 ], [ -119.269565012, 46.246159191 ], [ -119.26956148, 46.246151258 ], [ -119.269559846, 46.246146995 ], [ -119.269575860888025, 46.245549735118381 ], [ -119.269575851284387, 46.245549730603784 ], [ -119.269580798355008, 46.245365232267815 ], [ -119.26960023, 46.24464073 ], [ -119.269601749922714, 46.244583902889865 ], [ -119.269656856385751, 46.244596403720507 ], [ -119.26968011, 46.24460168 ], [ -119.27121507, 46.24494937 ], [ -119.27128819, 46.24496593 ], [ -119.27137171, 46.24498815 ] ] ], [ [ [ -119.30134582, 46.25072779 ], [ -119.301344, 46.25077318 ], [ -119.30134765, 46.2508325 ], [ -119.301351826018958, 46.250900310862562 ], [ -119.301355037, 46.2509525 ], [ -119.301357137495401, 46.250989155829544 ], [ -119.30136004, 46.25103988 ], [ -119.301360051984332, 46.251040016692599 ], [ -119.301364892, 46.25112448 ], [ -119.301380178603921, 46.251172808023284 ], [ -119.3014038, 46.2512475 ], [ -119.30143687997797, 46.251352079930363 ], [ -119.301412736275765, 46.251351661931054 ], [ -119.30069132, 46.25133917 ], [ -119.300691319953785, 46.251339172068455 ], [ -119.300691316, 46.251339172 ], [ -119.300679347, 46.251874868 ], [ -119.2997301249912, 46.252179125013967 ], [ -119.29970829, 46.25218612 ], [ -119.299675313347564, 46.252196693956606 ], [ -119.299537739970489, 46.252240790769065 ], [ -119.2995138, 46.25224846 ], [ -119.299457883855382, 46.25226253231083 ], [ -119.299097836452162, 46.252353117386633 ], [ -119.29908403, 46.25235659 ], [ -119.299061397229195, 46.252362285206608 ], [ -119.29901524, 46.252373898 ], [ -119.298738308694453, 46.252420771318512 ], [ -119.298738115211933, 46.252420793883438 ], [ -119.29871193, 46.252425226 ], [ -119.2985948871886, 46.252437497871483 ], [ -119.298594029079183, 46.252437597948614 ], [ -119.298442497, 46.252453486 ], [ -119.298341390528137, 46.252457138199091 ], [ -119.29824905, 46.25246047 ], [ -119.29807408, 46.25246679 ], [ -119.29791259, 46.25247098 ], [ -119.297839761222917, 46.2524728700823 ], [ -119.297750372, 46.252475188 ], [ -119.297433457, 46.252468906 ], [ -119.297357858783542, 46.252464053786412 ], [ -119.29726159, 46.25245787 ], [ -119.29710046, 46.25244753 ], [ -119.297035796456555, 46.252443382462765 ], [ -119.296923609199339, 46.252436181809635 ], [ -119.296923505510279, 46.25243616509232 ], [ -119.296906475, 46.252435072 ], [ -119.296775747085377, 46.252412342674148 ], [ -119.296774930033294, 46.252412210944563 ], [ -119.296639077065507, 46.25238859069929 ], [ -119.29659056, 46.25238015 ], [ -119.296428020085472, 46.252351890014864 ], [ -119.296428395741188, 46.252329982885612 ], [ -119.296445699948123, 46.251321083024607 ], [ -119.296594305905913, 46.251322009270908 ], [ -119.29679112, 46.25132324 ], [ -119.296791120094611, 46.251323235994356 ], [ -119.296791121, 46.251323236 ], [ -119.296814602, 46.250329195 ], [ -119.295517913, 46.250321078 ], [ -119.295534680616385, 46.249695440541821 ], [ -119.295540219973063, 46.249488791005184 ], [ -119.295602900058839, 46.249489124965507 ], [ -119.296220388895051, 46.249492424858104 ], [ -119.297311633, 46.249498239 ], [ -119.300113413411822, 46.249513167068081 ], [ -119.30054181161114, 46.249515439551693 ], [ -119.300711559987136, 46.249516343973291 ], [ -119.30070886, 46.25035038 ], [ -119.30109947, 46.25035285 ], [ -119.301369585824901, 46.250354559973566 ], [ -119.301358703392609, 46.250477213771632 ], [ -119.30135353, 46.25053548 ], [ -119.301350236725142, 46.250617718577701 ], [ -119.301349705598469, 46.250630966091812 ], [ -119.30134582, 46.25072779 ] ] ], [ [ [ -119.339356573, 46.258048981 ], [ -119.339218195, 46.258024882 ], [ -119.339204512, 46.258021819 ], [ -119.339177621, 46.258015799 ], [ -119.337793127, 46.257698215 ], [ -119.337287667, 46.257579057 ], [ -119.337148423, 46.257539088 ], [ -119.337148592, 46.257226022 ], [ -119.338374183, 46.257234525 ], [ -119.339497105, 46.257228451 ], [ -119.339359673, 46.258046896 ], [ -119.339356573, 46.258048981 ] ] ], [ [ [ -119.351998280007237, 46.264125672844642 ], [ -119.349724186, 46.264111548 ], [ -119.349696707, 46.261895148 ], [ -119.349682752, 46.260769492 ], [ -119.349682036, 46.260713575 ], [ -119.349680749983833, 46.260713287625016 ], [ -119.34968061, 46.26069273 ], [ -119.347698843169681, 46.260234560732805 ], [ -119.347698869, 46.260216659 ], [ -119.347699185846736, 46.259942209055858 ], [ -119.34769919, 46.25994221 ], [ -119.35199013, 46.26091705 ], [ -119.35199828, 46.26412567 ], [ -119.351998280007237, 46.264125672844642 ] ] ], [ [ [ -119.3411511, 46.27905728 ], [ -119.34114601, 46.27878029 ], [ -119.34114481, 46.27871458 ], [ -119.34114366, 46.27864612 ], [ -119.34113976, 46.27841327 ], [ -119.3411364, 46.27821273 ], [ -119.34113303, 46.27801136 ], [ -119.34112958, 46.27780528 ], [ -119.34111722, 46.27696909 ], [ -119.3411162, 46.27690048 ], [ -119.34110283, 46.27599568 ], [ -119.34108945, 46.27509089 ], [ -119.341089979998827, 46.274189582003714 ], [ -119.341089985, 46.274189582 ], [ -119.34179764, 46.27418901 ], [ -119.341644519, 46.286050159 ], [ -119.33928975, 46.286053359997275 ], [ -119.33928965, 46.28592437 ], [ -119.33993336, 46.28593313 ], [ -119.34124961, 46.28595101 ], [ -119.34123625, 46.28504589 ], [ -119.34122289, 46.28414077 ], [ -119.34120953, 46.28323566 ], [ -119.34120054, 46.28233366 ], [ -119.3411898, 46.28185051 ], [ -119.3411865, 46.28142519 ], [ -119.341169, 46.2805203 ], [ -119.34116846, 46.28045606 ], [ -119.34116611, 46.28017906 ], [ -119.34116245, 46.27974712 ], [ -119.34116134, 46.2796149 ], [ -119.34115892, 46.2794835 ], [ -119.3411511, 46.27905728 ] ] ], [ [ [ -119.26634321, 46.3515124 ], [ -119.266539465143481, 46.351511860013368 ], [ -119.266601719205724, 46.351951542718552 ], [ -119.26664399, 46.35225013 ], [ -119.26659982, 46.35214446 ], [ -119.26658409, 46.351947 ], [ -119.26648922, 46.3517276 ], [ -119.26634321, 46.3515124 ] ] ], [ [ [ -119.3109258, 46.35525659 ], [ -119.305666003374171, 46.355218074022851 ], [ -119.304589353, 46.355210189 ], [ -119.304615443689073, 46.353508605674797 ], [ -119.304650279984216, 46.351236911029723 ], [ -119.30573374694481, 46.351244993289924 ], [ -119.310986248924038, 46.351284179991971 ], [ -119.310956024800419, 46.353270398115029 ], [ -119.3109258, 46.35525659 ] ] ], [ [ [ -119.266824283300892, 46.353740318545476 ], [ -119.266823381431323, 46.354110296623524 ], [ -119.266823, 46.35426513 ], [ -119.26685781, 46.35452596 ], [ -119.26678809, 46.3544534 ], [ -119.26678042, 46.3541518 ], [ -119.26672522, 46.35386106 ], [ -119.26671169, 46.35272827 ], [ -119.26676768, 46.35312368 ], [ -119.2668248, 46.35352712 ], [ -119.266824283300892, 46.353740318545476 ] ] ], [ [ [ -119.295991955362638, 46.356339566065579 ], [ -119.291581100062743, 46.356306766022776 ], [ -119.291630739760009, 46.353160039012636 ], [ -119.291662641968216, 46.351137840014658 ], [ -119.29831434, 46.35118739 ], [ -119.298268660603426, 46.35414430858448 ], [ -119.298234487031237, 46.35635623997792 ], [ -119.295991955362638, 46.356339566065579 ] ] ], [ [ [ -119.26703269, 46.3556108 ], [ -119.26685889, 46.3550568 ], [ -119.26687729, 46.35467196 ], [ -119.26691729, 46.35497168 ], [ -119.26692765247499, 46.355049313381329 ], [ -119.266945266, 46.3551813 ], [ -119.267003220152361, 46.355463578055904 ], [ -119.26704755, 46.35567953 ], [ -119.26706582, 46.35576851 ], [ -119.26703269, 46.3556108 ] ] ], [ [ [ -119.267246, 46.35664613 ], [ -119.26725289, 46.3566797 ], [ -119.26718262, 46.3564938 ], [ -119.26714533, 46.3561558 ], [ -119.26715514, 46.35620359 ], [ -119.26718319, 46.3563402 ], [ -119.26719623, 46.35640371 ], [ -119.26721932, 46.35651617 ], [ -119.267246, 46.35664613 ] ] ], [ [ [ -119.283531649980304, 46.3512630110069 ], [ -119.284165219988097, 46.351267470971756 ], [ -119.284073274199528, 46.358766874953368 ], [ -119.284026878, 46.362550938 ], [ -119.28402688002457, 46.362550937996126 ], [ -119.28402688, 46.36255094 ], [ -119.283375382736779, 46.362550130003406 ], [ -119.283377934447671, 46.36201024176605 ], [ -119.28337873, 46.3618421 ], [ -119.28339594, 46.35820086 ], [ -119.283396626271355, 46.358165722907131 ], [ -119.283502631188824, 46.35274647672977 ], [ -119.283531649980304, 46.3512630110069 ] ] ], [ [ [ -119.32096, 46.35138854 ], [ -119.320996431055804, 46.351391370571079 ], [ -119.321143396383789, 46.35140279162232 ], [ -119.32124986, 46.35141107 ], [ -119.321382358513972, 46.351421361980172 ], [ -119.321388767, 46.35142186 ], [ -119.321413310482654, 46.351426884891303 ], [ -119.32153333, 46.35145146 ], [ -119.321622880848025, 46.351469791121076 ], [ -119.321703371863194, 46.351486270388001 ], [ -119.3218088, 46.35150786 ], [ -119.32202705, 46.35155254 ], [ -119.3225198, 46.35166072 ], [ -119.324093829936231, 46.352015476476438 ], [ -119.325189593, 46.352262444 ], [ -119.333417194385405, 46.35416025180983 ], [ -119.34508702, 46.35685206 ], [ -119.36555753, 46.36143507 ], [ -119.36254277, 46.36535546 ], [ -119.3586947, 46.3643916 ], [ -119.35866851, 46.36420713 ], [ -119.35848645, 46.36293551 ], [ -119.3528683, 46.36239136 ], [ -119.34536959, 46.36178401 ], [ -119.34197519, 46.36152581 ], [ -119.33892604, 46.36133342 ], [ -119.33361248, 46.36107231 ], [ -119.32502262, 46.36107856 ], [ -119.305275250511798, 46.361090619999686 ], [ -119.305288993, 46.359545793 ], [ -119.317666474, 46.359519241 ], [ -119.317760110520794, 46.35404908554478 ], [ -119.31778382, 46.35266406 ], [ -119.317783818983003, 46.352664059992627 ], [ -119.317783819, 46.352664059 ], [ -119.3167635359043, 46.352656662670732 ], [ -119.31467083, 46.35264149 ], [ -119.314658304386612, 46.351317258729104 ], [ -119.314658210037834, 46.351307280000334 ], [ -119.317270824143634, 46.351330351983606 ], [ -119.31792398, 46.351336121 ], [ -119.318143700754902, 46.351337687579459 ], [ -119.31882104, 46.35134252 ], [ -119.32052403, 46.35135466 ], [ -119.32066957, 46.35136597 ], [ -119.320687947453749, 46.351367397521969 ], [ -119.320943210032254, 46.351387234629321 ], [ -119.32096, 46.35138854 ] ] ], [ [ [ -119.268072619890518, 46.360213049560521 ], [ -119.268064276483315, 46.360484394829541 ], [ -119.26805166, 46.36089457 ], [ -119.268051661253509, 46.360894668815249 ], [ -119.268049177, 46.360975462 ], [ -119.268119965956458, 46.361209935302981 ], [ -119.26826199, 46.36168037 ], [ -119.26828189, 46.36174631 ], [ -119.2683509, 46.36197487 ], [ -119.26819249, 46.361759 ], [ -119.26814509, 46.3614136 ], [ -119.26797909, 46.3609802 ], [ -119.26798722, 46.36080466 ], [ -119.26802689, 46.36076086 ], [ -119.26801909, 46.36051406 ], [ -119.26757722, 46.3582928 ], [ -119.26752982, 46.35821586 ], [ -119.26741122, 46.35779366 ], [ -119.26736402, 46.35746459 ], [ -119.26735573, 46.35718058 ], [ -119.2674527, 46.35765291 ], [ -119.267474331057258, 46.357758224167142 ], [ -119.267513985633741, 46.357951370236975 ], [ -119.26753688, 46.35806289 ], [ -119.26773669, 46.35886484 ], [ -119.26775842, 46.35895203 ], [ -119.26778485, 46.3590581 ], [ -119.26781405, 46.35917531 ], [ -119.26788696, 46.35946793 ], [ -119.26794666, 46.35970753 ], [ -119.26796931, 46.35979845 ], [ -119.26802876, 46.36003704 ], [ -119.268046316051553, 46.360107476550191 ], [ -119.268067725396378, 46.360193401777643 ], [ -119.268072619890518, 46.360213049560521 ] ] ], [ [ [ -119.27067489, 46.3687688 ], [ -119.27063529, 46.368681 ], [ -119.27064329, 46.368533 ], [ -119.27072269, 46.36846166 ], [ -119.27069902, 46.36835746 ], [ -119.27052483, 46.3682204 ], [ -119.27039022, 46.3680174 ], [ -119.27019222, 46.36783086 ], [ -119.27015269, 46.36777046 ], [ -119.27016869, 46.36754566 ], [ -119.27021629, 46.36749626 ], [ -119.27019262, 46.36735366 ], [ -119.26999469, 46.3670904 ], [ -119.26978122, 46.36648706 ], [ -119.26976549, 46.36633346 ], [ -119.26972609, 46.36619086 ], [ -119.26959929, 46.36607566 ], [ -119.26952029, 46.3659002 ], [ -119.26949662, 46.36572466 ], [ -119.26937022, 46.36537366 ], [ -119.26937809, 46.365264 ], [ -119.26891189, 46.36356906 ], [ -119.26854022, 46.36275726 ], [ -119.26844542, 46.36241726 ], [ -119.26843413, 46.36225056 ], [ -119.26845645, 46.36232447 ], [ -119.26860312, 46.3628103 ], [ -119.26862498, 46.3628827 ], [ -119.26865829, 46.36299303 ], [ -119.268658293392548, 46.362993029987919 ], [ -119.268658294, 46.362993032 ], [ -119.278456923436408, 46.36295815105337 ], [ -119.28337354, 46.36294065 ], [ -119.28338817, 46.36322028 ], [ -119.28337711, 46.37036275 ], [ -119.27122347, 46.37035808 ], [ -119.27111762, 46.37009066 ], [ -119.27084082, 46.3695038 ], [ -119.27074589, 46.3691856 ], [ -119.27067489, 46.3687688 ] ] ], [ [ [ -118.99230693, 46.14161121 ], [ -118.99243313, 46.14161661 ], [ -118.99250413, 46.14166601 ], [ -118.99255953, 46.14174821 ], [ -118.99264639, 46.14184141 ], [ -118.99269393, 46.14191821 ], [ -118.9927492, 46.14201688 ], [ -118.99269379, 46.14200048 ], [ -118.99254393, 46.14195661 ], [ -118.99227559, 46.14185248 ], [ -118.99220439, 46.14180321 ], [ -118.99221233, 46.14174288 ], [ -118.99225959, 46.14166061 ], [ -118.99230693, 46.14161121 ] ] ], [ [ [ -118.99360373, 46.14428721 ], [ -118.99353253, 46.14421048 ], [ -118.9935168, 46.14417208 ], [ -118.99352459, 46.14413921 ], [ -118.99360353, 46.14413908 ], [ -118.99368253, 46.14419388 ], [ -118.99392739, 46.14443521 ], [ -118.99414859, 46.14470921 ], [ -118.99431453, 46.14494501 ], [ -118.99451213, 46.14525761 ], [ -118.99455173, 46.14537268 ], [ -118.9945202, 46.14541668 ], [ -118.99444133, 46.14541668 ], [ -118.9943702, 46.14533441 ], [ -118.99423593, 46.14516448 ], [ -118.99405413, 46.14492868 ], [ -118.99390393, 46.14470941 ], [ -118.99376173, 46.14447908 ], [ -118.99360373, 46.14428721 ] ] ], [ [ [ -118.99294113, 46.15243821 ], [ -118.99299633, 46.15248201 ], [ -118.99302013, 46.15260268 ], [ -118.9929808, 46.15270688 ], [ -118.99290993, 46.15281668 ], [ -118.9928862, 46.15284408 ], [ -118.9927126, 46.15277281 ], [ -118.9926414, 46.15267421 ], [ -118.9926414, 46.15257541 ], [ -118.9926728, 46.15249321 ], [ -118.992799, 46.15243268 ], [ -118.99287793, 46.15243821 ], [ -118.99294113, 46.15243821 ] ] ], [ [ [ -119.12503467, 46.15737074 ], [ -119.12498198, 46.15733641 ], [ -119.12494252, 46.15730747 ], [ -119.12482243, 46.15720873 ], [ -119.12478184, 46.15716811 ], [ -119.12474683, 46.15712374 ], [ -119.12471399, 46.1570682 ], [ -119.12469127, 46.15701082 ], [ -119.12465784, 46.15689476 ], [ -119.12461931, 46.15684933 ], [ -119.12455851, 46.15681973 ], [ -119.1244745, 46.15680069 ], [ -119.12437782, 46.15678672 ], [ -119.12431238, 46.15677478 ], [ -119.12424495, 46.15676031 ], [ -119.12419095, 46.15674651 ], [ -119.12413117, 46.15672925 ], [ -119.12407679, 46.15671164 ], [ -119.12401565, 46.1566891 ], [ -119.12395555, 46.15666452 ], [ -119.12389364, 46.15663579 ], [ -119.12283328, 46.15608255 ], [ -119.12278704, 46.1560534 ], [ -119.12274798, 46.15602407 ], [ -119.12270957, 46.1559898 ], [ -119.12266693, 46.15594262 ], [ -119.12263063, 46.15588961 ], [ -119.12260778, 46.15584461 ], [ -119.12259192, 46.1557993 ], [ -119.1225559, 46.15563392 ], [ -119.12253739, 46.1555896 ], [ -119.12250993, 46.15554725 ], [ -119.12247587, 46.1555084 ], [ -119.12204921, 46.15512644 ], [ -119.12172312, 46.15530281 ], [ -119.12072091, 46.15440428 ], [ -119.122057429178881, 46.154430059984165 ], [ -119.122002888, 46.154459535 ], [ -119.122002892239863, 46.154459538789304 ], [ -119.12200289, 46.15445954 ], [ -119.122416191221419, 46.15482891675147 ], [ -119.122903458, 46.155264402 ], [ -119.123008691, 46.155380944 ], [ -119.123026469505845, 46.155409641872183 ], [ -119.12305798, 46.15546051 ], [ -119.123080658229313, 46.155512024707541 ], [ -119.12308884, 46.155530612 ], [ -119.123108467, 46.155598119 ], [ -119.123132056, 46.155718941 ], [ -119.123143750843326, 46.15574280855467 ], [ -119.12315151, 46.15575865 ], [ -119.123182565533881, 46.155783014010005 ], [ -119.123193141, 46.155791312 ], [ -119.124221658, 46.156326863 ], [ -119.124294473431377, 46.15635692707793 ], [ -119.12431228, 46.15636428 ], [ -119.1244036, 46.1563921 ], [ -119.124486426186692, 46.156409067864637 ], [ -119.124510159, 46.156413931 ], [ -119.124575591817774, 46.156425046249623 ], [ -119.12471488, 46.15644871 ], [ -119.124747213757416, 46.156458100749767 ], [ -119.124812389, 46.156477034 ], [ -119.124882414817961, 46.156506991734965 ], [ -119.12492081, 46.15652342 ], [ -119.124966408424598, 46.156550727041342 ], [ -119.125004968, 46.156573821 ], [ -119.125080665, 46.156635368 ], [ -119.125139206, 46.156700987 ], [ -119.125162556599832, 46.156740257248806 ], [ -119.12518989, 46.15678623 ], [ -119.12521287, 46.15685213 ], [ -119.1252335, 46.15693758 ], [ -119.12526546, 46.15697943 ], [ -119.125311377062474, 46.157016425745191 ], [ -119.125365666, 46.157060172 ], [ -119.125437646, 46.15710304 ], [ -119.125522738, 46.15713525 ], [ -119.125706302, 46.157188091 ], [ -119.125786149, 46.157216744 ], [ -119.125860089, 46.15724743 ], [ -119.126334946687024, 46.157505810917947 ], [ -119.12775951, 46.15828095 ], [ -119.127794559863304, 46.158297331229178 ], [ -119.127882861, 46.158338604 ], [ -119.127992775, 46.158382541 ], [ -119.128175461, 46.158461821 ], [ -119.128262757, 46.158520634 ], [ -119.128315910857452, 46.158568060980549 ], [ -119.128320204433422, 46.158572970927864 ], [ -119.128360835, 46.158619437 ], [ -119.128407308684345, 46.158695140490202 ], [ -119.128410659255408, 46.158700598787 ], [ -119.128467868, 46.158876881 ], [ -119.128479386251939, 46.158895262225279 ], [ -119.12849365, 46.15891803 ], [ -119.12876127, 46.15916262 ], [ -119.12884226, 46.15922632 ], [ -119.128851723073836, 46.159232177936261 ], [ -119.128899637, 46.159261842 ], [ -119.128951186499194, 46.159287805509024 ], [ -119.12897337, 46.15929898 ], [ -119.12904423, 46.15932736 ], [ -119.129087740967122, 46.159332531635769 ], [ -119.129108339, 46.159334982 ], [ -119.12918327, 46.159319264 ], [ -119.129267993, 46.159282522 ], [ -119.129319954377948, 46.15926476367742 ], [ -119.12936518, 46.15924931 ], [ -119.129439733821201, 46.159233513005567 ], [ -119.129492041, 46.159222432 ], [ -119.129533255646109, 46.159219129381562 ], [ -119.12962915, 46.15921145 ], [ -119.129712774781581, 46.159214142587807 ], [ -119.129731945, 46.159214761 ], [ -119.129856622, 46.159232352 ], [ -119.129879001958173, 46.159238071632018 ], [ -119.12995066, 46.15925639 ], [ -119.130009596547694, 46.159278424889713 ], [ -119.130048419, 46.159292943 ], [ -119.130084648476441, 46.159312131617433 ], [ -119.13014745, 46.1593454 ], [ -119.130208294780815, 46.15938906507801 ], [ -119.13021715, 46.159395421 ], [ -119.130228098185768, 46.159405899841119 ], [ -119.13028237, 46.15945785 ], [ -119.13033881, 46.15953498 ], [ -119.13036826, 46.15959561 ], [ -119.130382697482901, 46.159645417441013 ], [ -119.13038751, 46.159662021 ], [ -119.130387566514898, 46.159663397977148 ], [ -119.13039198, 46.15977101 ], [ -119.130391972908498, 46.159771093714326 ], [ -119.130376658, 46.159905727 ], [ -119.130381878, 46.15993637 ], [ -119.130398023, 46.159963277 ], [ -119.130423887, 46.15998623 ], [ -119.131283537, 46.160567339 ], [ -119.131285964802416, 46.1605683937292 ], [ -119.13130333, 46.16057594 ], [ -119.13132313, 46.16058454 ], [ -119.131323131337993, 46.160584540277966 ], [ -119.131323133, 46.160584541 ], [ -119.131333093001885, 46.160586609758731 ], [ -119.13135851, 46.16059189 ], [ -119.13138674, 46.16059349 ], [ -119.13142096, 46.16059062 ], [ -119.131517900746204, 46.160574806846554 ], [ -119.131698358, 46.160545375 ], [ -119.131767666, 46.160536441 ], [ -119.131781808860879, 46.160535669859669 ], [ -119.13185414, 46.16053173 ], [ -119.131919460214149, 46.160533767277634 ], [ -119.131951611, 46.160534772 ], [ -119.132058490973108, 46.160548908732487 ], [ -119.13206606, 46.16054991 ], [ -119.1321508, 46.16056981 ], [ -119.13224098, 46.16060029 ], [ -119.132263389480698, 46.160610439958845 ], [ -119.132313638, 46.160633204 ], [ -119.132384277, 46.16067433 ], [ -119.132418852032757, 46.160699830024157 ], [ -119.1324419, 46.16071683 ], [ -119.1324908, 46.16076199 ], [ -119.132508877276138, 46.160783384170927 ], [ -119.132536086, 46.160815588 ], [ -119.132568037, 46.160865501 ], [ -119.132588766445636, 46.160909674723698 ], [ -119.13259157, 46.16091565 ], [ -119.132592673382462, 46.160919091145963 ], [ -119.132606307, 46.160961623 ], [ -119.132615216, 46.161010212 ], [ -119.132617505, 46.161059168 ], [ -119.132612547, 46.161111803 ], [ -119.132600519, 46.161161976 ], [ -119.132579811, 46.161214676 ], [ -119.132575628455726, 46.161222378447079 ], [ -119.13255779, 46.16125522 ], [ -119.13254689, 46.16127144 ], [ -119.13253599, 46.16128766 ], [ -119.13250395, 46.16132701 ], [ -119.132476081842611, 46.161358042704173 ], [ -119.13247075, 46.161363979 ], [ -119.132470082333185, 46.161365303995886 ], [ -119.13246545, 46.16137449 ], [ -119.132462367603353, 46.161380614005424 ], [ -119.132460158, 46.161384999 ], [ -119.132455906, 46.161411369 ], [ -119.132457458349833, 46.161418358249499 ], [ -119.13245928, 46.16142658 ], [ -119.13246266, 46.1614418 ], [ -119.132471482177621, 46.161455896911185 ], [ -119.132476906, 46.16146457 ], [ -119.132479761959203, 46.161467285321002 ], [ -119.13248672, 46.16147391 ], [ -119.13249654, 46.16148324 ], [ -119.13285234, 46.16175517 ], [ -119.132850650401494, 46.161812743421848 ], [ -119.132848749, 46.161877498 ], [ -119.132268651, 46.161867739 ], [ -119.13208074257679, 46.161709513663503 ], [ -119.13207509, 46.16170475 ], [ -119.13203412, 46.1616604 ], [ -119.13199776, 46.16162104 ], [ -119.131974975586814, 46.161596377669945 ], [ -119.131922663, 46.161539748 ], [ -119.13191607013151, 46.161480836755494 ], [ -119.13191533, 46.16147422 ], [ -119.131912627206702, 46.161450072151936 ], [ -119.131899780562378, 46.161335279659781 ], [ -119.13189698, 46.16131022 ], [ -119.131892876833433, 46.161273590690215 ], [ -119.131892181, 46.161267373 ], [ -119.131952478683502, 46.161213480274029 ], [ -119.13199782, 46.16117296 ], [ -119.132030784996203, 46.16114349183654 ], [ -119.132063774, 46.161114007 ], [ -119.132064902042657, 46.161068824480147 ], [ -119.1320653, 46.16105294 ], [ -119.13206604, 46.16102336 ], [ -119.132040905149552, 46.160999218883752 ], [ -119.131956814, 46.160918426 ], [ -119.131807735, 46.160916629 ], [ -119.131807730647267, 46.160916630007804 ], [ -119.13180773, 46.16091663 ], [ -119.13160589, 46.16096336 ], [ -119.131566419716066, 46.160972501618893 ], [ -119.131543497, 46.160977809 ], [ -119.131396511314193, 46.160969051256522 ], [ -119.13139431, 46.16096892 ], [ -119.131391043782088, 46.160968725488452 ], [ -119.131228974, 46.160959069 ], [ -119.131228973889975, 46.160959070231847 ], [ -119.13122897, 46.16095907 ], [ -119.13122005, 46.16105897 ], [ -119.131429732795141, 46.161267280835609 ], [ -119.13143248998631, 46.161270020012537 ], [ -119.13095835, 46.16170443 ], [ -119.13082491, 46.16182669 ], [ -119.130814148184101, 46.161836551424933 ], [ -119.130787256119234, 46.161861189890764 ], [ -119.13076490143726, 46.161860560631958 ], [ -119.127837611, 46.161778146 ], [ -119.127738075131489, 46.161775342427049 ], [ -119.12766673, 46.16177333 ], [ -119.12770484, 46.15871068 ], [ -119.12762191, 46.15867755 ], [ -119.12755163, 46.15864716 ], [ -119.1274755, 46.15861163 ], [ -119.12740945, 46.15857849 ], [ -119.12736498, 46.15855491 ], [ -119.12561912, 46.15759832 ], [ -119.12557203, 46.15757537 ], [ -119.12552075, 46.15755361 ], [ -119.1254495, 46.1575289 ], [ -119.12529335, 46.15748438 ], [ -119.1252311, 46.15746388 ], [ -119.12518126, 46.15744453 ], [ -119.12510067, 46.15740719 ], [ -119.12503467, 46.15737074 ] ] ], [ [ [ -119.11691026, 46.16171428 ], [ -119.11690957200976, 46.161743861909663 ], [ -119.116871631276226, 46.163375055884252 ], [ -119.11684573, 46.16448844 ], [ -119.11676871, 46.16448745 ], [ -119.11660834, 46.16448538 ], [ -119.11660759, 46.16441167 ], [ -119.11660511702226, 46.164169186737368 ], [ -119.116596475521604, 46.163321243099382 ], [ -119.11659363, 46.16304165 ], [ -119.116593626152138, 46.16304164991255 ], [ -119.116593586, 46.16303771 ], [ -119.116158239495306, 46.163031825836157 ], [ -119.11601753, 46.16302992 ], [ -119.11521494, 46.16327668 ], [ -119.115149555365093, 46.163296784715669 ], [ -119.115130088, 46.16330277 ], [ -119.115081176019487, 46.163322124825577 ], [ -119.11504515, 46.16333638 ], [ -119.11476533512959, 46.163447105357356 ], [ -119.114675507, 46.163482651 ], [ -119.114184099607243, 46.16371748928524 ], [ -119.11407867, 46.16376787 ], [ -119.11336086, 46.16422908 ], [ -119.11013988, 46.16421987 ], [ -119.110137386535314, 46.164219865708318 ], [ -119.110134070016642, 46.16421985599419 ], [ -119.11013997, 46.16280003 ], [ -119.11014827, 46.16168178 ], [ -119.11690957, 46.1616755 ], [ -119.11735455, 46.16168747 ], [ -119.117351270461313, 46.161687672575844 ], [ -119.117348563, 46.161687836 ], [ -119.117103089508632, 46.161702647756769 ], [ -119.11691026, 46.16171428 ] ] ], [ [ [ -119.06821458, 46.20060471 ], [ -119.06512584, 46.19906925 ], [ -119.06456517, 46.19881691 ], [ -119.06351444, 46.19841651 ], [ -119.05895704, 46.19691925 ], [ -119.05439977, 46.19541611 ], [ -119.05439197, 46.19537231 ], [ -119.05435244, 46.19533945 ], [ -119.05409177, 46.19529551 ], [ -119.05399697, 46.19526251 ], [ -119.05373644, 46.19508151 ], [ -119.05340477, 46.19493345 ], [ -119.05314417, 46.19468111 ], [ -119.05288357, 46.19440691 ], [ -119.05274137, 46.19418751 ], [ -119.05270183, 46.19407785 ], [ -119.05271777, 46.19378705 ], [ -119.05274144, 46.19365005 ], [ -119.05304157, 46.19346905 ], [ -119.05312844, 46.19337025 ], [ -119.05322324, 46.19316191 ], [ -119.05316797, 46.19309051 ], [ -119.05304177, 46.19300285 ], [ -119.05296264, 46.19301925 ], [ -119.05289944, 46.19324411 ], [ -119.05283624, 46.19333185 ], [ -119.05244137, 46.19339765 ], [ -119.05184904, 46.19355125 ], [ -119.05158844, 46.19354025 ], [ -119.05138303, 46.19347985 ], [ -119.05126457, 46.19340851 ], [ -119.05128043, 46.19332631 ], [ -119.05146984, 46.19324945 ], [ -119.05154883, 46.19317825 ], [ -119.05158837, 46.19311791 ], [ -119.05160437, 46.19293691 ], [ -119.05166743, 46.19278871 ], [ -119.05174637, 46.19273945 ], [ -119.05186497, 46.19269565 ], [ -119.05205443, 46.19256945 ], [ -119.05223617, 46.19250365 ], [ -119.05243363, 46.19245971 ], [ -119.05248097, 46.19239391 ], [ -119.05295484, 46.19205945 ], [ -119.05300237, 46.19198265 ], [ -119.05299437, 46.19190585 ], [ -119.05295497, 46.19185645 ], [ -119.05270224, 46.19165905 ], [ -119.05263904, 46.19163151 ], [ -119.05233897, 46.19163151 ], [ -119.05207044, 46.19157111 ], [ -119.05188883, 46.19158751 ], [ -119.05174664, 46.19162051 ], [ -119.05158077, 46.19175765 ], [ -119.05135963, 46.19185631 ], [ -119.05124117, 46.19201531 ], [ -119.05117797, 46.19208125 ], [ -119.05082244, 46.19208111 ], [ -119.05045137, 46.19197145 ], [ -119.05033283, 46.19195505 ], [ -119.05012757, 46.19196591 ], [ -119.04995384, 46.19199871 ], [ -119.04986697, 46.19207011 ], [ -119.04982743, 46.19214131 ], [ -119.04982737, 46.19232231 ], [ -119.04974837, 46.19241565 ], [ -119.04968517, 46.19245951 ], [ -119.04954297, 46.19249245 ], [ -119.04934564, 46.19248685 ], [ -119.04904544, 46.19243751 ], [ -119.04887957, 46.19234425 ], [ -119.04868224, 46.19202051 ], [ -119.04868237, 46.19187251 ], [ -119.04891924, 46.19172991 ], [ -119.04898244, 46.19163125 ], [ -119.04903763, 46.19162571 ], [ -119.04936944, 46.19167511 ], [ -119.04964597, 46.19166411 ], [ -119.04998544, 46.19161485 ], [ -119.05041984, 46.19158745 ], [ -119.05109904, 46.19147785 ], [ -119.05139917, 46.19141205 ], [ -119.05162817, 46.19132431 ], [ -119.05176257, 46.19122565 ], [ -119.05182577, 46.19112691 ], [ -119.05184937, 46.19105551 ], [ -119.05187317, 46.19063871 ], [ -119.05199163, 46.19055091 ], [ -119.05208657, 46.19038645 ], [ -119.05211024, 46.19013965 ], [ -119.05208644, 46.19010671 ], [ -119.05207077, 46.19001891 ], [ -119.05192857, 46.18983251 ], [ -119.05184957, 46.18961305 ], [ -119.05184177, 46.18950345 ], [ -119.05174703, 46.18931691 ], [ -119.05162857, 46.18917985 ], [ -119.05144704, 46.18906465 ], [ -119.05129697, 46.18900971 ], [ -119.04869097, 46.18851031 ], [ -119.04746697, 46.18832371 ], [ -119.04734837, 46.18833471 ], [ -119.04718257, 46.18836751 ], [ -119.04685884, 46.18851011 ], [ -119.04677983, 46.18851565 ], [ -119.04665343, 46.18843325 ], [ -119.04637703, 46.18819745 ], [ -119.04566643, 46.18810405 ], [ -119.04514517, 46.18831245 ], [ -119.04499503, 46.18833985 ], [ -119.04485297, 46.18833431 ], [ -119.04449763, 46.18824651 ], [ -119.04435543, 46.18816971 ], [ -119.04430817, 46.18806005 ], [ -119.04426857, 46.18806005 ], [ -119.04417383, 46.18815325 ], [ -119.04408697, 46.18814771 ], [ -119.04325777, 46.18796111 ], [ -119.04300517, 46.18787885 ], [ -119.04290243, 46.18795551 ], [ -119.04282343, 46.18795005 ], [ -119.04269717, 46.18787325 ], [ -119.04227863, 46.18775251 ], [ -119.04138637, 46.18751651 ], [ -119.04103897, 46.18737385 ], [ -119.04080203, 46.18723665 ], [ -119.03974396, 46.18685805 ], [ -119.03910437, 46.18668785 ], [ -119.03897803, 46.18668785 ], [ -119.03894636, 46.18671525 ], [ -119.03890683, 46.18691271 ], [ -119.03881983, 46.18712111 ], [ -119.03881963, 46.18780671 ], [ -119.03890643, 46.18790545 ], [ -119.03890643, 46.18792745 ], [ -119.03883537, 46.18792191 ], [ -119.03865377, 46.18781225 ], [ -119.03855903, 46.18773531 ], [ -119.03855903, 46.18771345 ], [ -119.03844076, 46.18759825 ], [ -119.03814856, 46.18722525 ], [ -119.03792757, 46.18699485 ], [ -119.03789603, 46.18698385 ], [ -119.03789603, 46.18696731 ], [ -119.03770656, 46.18684665 ], [ -119.03742223, 46.18673145 ], [ -119.03720116, 46.18660525 ], [ -119.03645116, 46.18635272 ], [ -119.0345923, 46.18548115 ], [ -119.03459186, 46.185463 ], [ -119.03441416, 46.18535405 ], [ -119.03423263, 46.18528812 ], [ -119.03380623, 46.18521685 ], [ -119.03375096, 46.18524411 ], [ -119.03370356, 46.18532645 ], [ -119.03363236, 46.18531551 ], [ -119.03356923, 46.18517831 ], [ -119.03348243, 46.18511252 ], [ -119.03306416, 46.18485465 ], [ -119.03236143, 46.18439912 ], [ -119.03178536, 46.18401511 ], [ -119.03152476, 46.18386705 ], [ -119.03132736, 46.18375725 ], [ -119.02974876, 46.18264885 ], [ -119.02914083, 46.18228665 ], [ -119.02895936, 46.18215492 ], [ -119.02881723, 46.18200685 ], [ -119.02859623, 46.18184225 ], [ -119.02853316, 46.18177645 ], [ -119.02813856, 46.18150205 ], [ -119.02771223, 46.18128805 ], [ -119.02764916, 46.18120572 ], [ -119.02724656, 46.18091492 ], [ -119.02702563, 46.18078325 ], [ -119.02679676, 46.18067892 ], [ -119.02633883, 46.18038805 ], [ -119.02625216, 46.18032225 ], [ -119.02623636, 46.18019605 ], [ -119.02605483, 46.18004245 ], [ -119.02528922, 46.17951565 ], [ -119.02435796, 46.17879131 ], [ -119.02375036, 46.17834132 ], [ -119.02302436, 46.17775425 ], [ -119.02280343, 46.17760052 ], [ -119.02171436, 46.17672265 ], [ -119.02159596, 46.17667325 ], [ -119.02141436, 46.17667865 ], [ -119.02128802, 46.17657991 ], [ -119.02114654, 46.17645808 ], [ -119.02083881, 46.17616168 ], [ -119.02057834, 46.17593128 ], [ -119.02034174, 46.17574468 ], [ -119.01993921, 46.17536061 ], [ -119.01987614, 46.17526181 ], [ -119.01866121, 46.17412048 ], [ -119.01807741, 46.17341281 ], [ -119.01763574, 46.17293001 ], [ -119.01763581, 46.17291348 ], [ -119.01745434, 46.17272688 ], [ -119.0166576, 46.17181068 ], [ -119.01644474, 46.17143761 ], [ -119.01623974, 46.17114128 ], [ -119.01589274, 46.17076268 ], [ -119.015798, 46.17062548 ], [ -119.01569554, 46.17049388 ], [ -119.0155774, 46.17020321 ], [ -119.0153486, 46.16995081 ], [ -119.01525414, 46.16982448 ], [ -119.01507274, 46.16961061 ], [ -119.01467854, 46.16894121 ], [ -119.0145838, 46.16874368 ], [ -119.0145604, 46.16852428 ], [ -119.01458414, 46.16849141 ], [ -119.01466314, 46.16849148 ], [ -119.0148288, 46.16857381 ], [ -119.01504194, 46.16868908 ], [ -119.01534974, 46.16877148 ], [ -119.01575214, 46.16903488 ], [ -119.01587834, 46.16908428 ], [ -119.01639934, 46.16919421 ], [ -119.0166044, 46.16927661 ], [ -119.01710154, 46.16957301 ], [ -119.0174646, 46.16972668 ], [ -119.01773294, 46.16989128 ], [ -119.018159, 46.17003408 ], [ -119.0186168, 46.17027561 ], [ -119.01976901, 46.17069841 ], [ -119.02017941, 46.17093441 ], [ -119.02047934, 46.17106621 ], [ -119.02098441, 46.17127481 ], [ -119.0220578, 46.17173588 ], [ -119.02233401, 46.17190047 ], [ -119.02247614, 46.17194441 ], [ -119.02269714, 46.17198288 ], [ -119.02279974, 46.17202681 ], [ -119.022855, 46.17212561 ], [ -119.02285481, 46.17224081 ], [ -119.02290214, 46.17227368 ], [ -119.02419694, 46.17249901 ], [ -119.02430741, 46.17248801 ], [ -119.02444954, 46.17240041 ], [ -119.02448914, 46.17234548 ], [ -119.02447334, 46.17229067 ], [ -119.02433134, 46.17218641 ], [ -119.02433121, 46.17214248 ], [ -119.02439441, 46.17212061 ], [ -119.02469454, 46.17209327 ], [ -119.02483654, 46.17212621 ], [ -119.02517594, 46.17232927 ], [ -119.02540481, 46.17242808 ], [ -119.02540474, 46.17249941 ], [ -119.02530201, 46.17261448 ], [ -119.02530201, 46.17266388 ], [ -119.02538094, 46.17270781 ], [ -119.02586241, 46.17276827 ], [ -119.02651781, 46.17268621 ], [ -119.02666001, 46.17269721 ], [ -119.02677834, 46.17273021 ], [ -119.02692041, 46.17277961 ], [ -119.02716521, 46.17276321 ], [ -119.02731521, 46.17269201 ], [ -119.02780541, 46.17154568 ], [ -119.02780541, 46.17146888 ], [ -119.02728441, 46.17133708 ], [ -119.02701614, 46.17122741 ], [ -119.02617174, 46.17070061 ], [ -119.02580861, 46.17059628 ], [ -119.02561934, 46.17047548 ], [ -119.02538254, 46.17045348 ], [ -119.0251614, 46.17037107 ], [ -119.02518514, 46.17029441 ], [ -119.0251378, 46.17025048 ], [ -119.02496421, 46.17023941 ], [ -119.024751, 46.17031068 ], [ -119.02463261, 46.17029967 ], [ -119.02438794, 46.17023381 ], [ -119.02421421, 46.17014048 ], [ -119.02406434, 46.17003068 ], [ -119.02390654, 46.16996481 ], [ -119.023788, 46.16994288 ], [ -119.02360654, 46.16994827 ], [ -119.0232196, 46.16994821 ], [ -119.02301434, 46.16992068 ], [ -119.02288014, 46.16988228 ], [ -119.02265141, 46.16971221 ], [ -119.02241481, 46.16947081 ], [ -119.02217014, 46.16926768 ], [ -119.02188601, 46.16913587 ], [ -119.02184674, 46.16902081 ], [ -119.02175194, 46.16890008 ], [ -119.02168894, 46.16883968 ], [ -119.02128641, 46.16857627 ], [ -119.02089974, 46.16842801 ], [ -119.0207418, 46.16837861 ], [ -119.01988934, 46.16830148 ], [ -119.01857894, 46.16820781 ], [ -119.0185316, 46.16818041 ], [ -119.01849221, 46.16813101 ], [ -119.01847654, 46.16799941 ], [ -119.0183818, 46.16787868 ], [ -119.0182398, 46.16777981 ], [ -119.01785301, 46.16768101 ], [ -119.01775041, 46.16763161 ], [ -119.0174902, 46.16743948 ], [ -119.01708754, 46.16732961 ], [ -119.01698494, 46.16740641 ], [ -119.01639234, 46.16809181 ], [ -119.01625794, 46.16817948 ], [ -119.01611594, 46.16814648 ], [ -119.01572914, 46.16806961 ], [ -119.0156502, 46.16805861 ], [ -119.0153266, 46.16795968 ], [ -119.01385894, 46.16725701 ], [ -119.0136932, 46.16714181 ], [ -119.01369334, 46.16704848 ], [ -119.01371694, 46.16700468 ], [ -119.01378814, 46.16694981 ], [ -119.01587154, 46.16782828 ], [ -119.0161714, 46.16789968 ], [ -119.01667714, 46.16736241 ], [ -119.0167246, 46.16723081 ], [ -119.01670094, 46.16717048 ], [ -119.01646414, 46.16713201 ], [ -119.01635354, 46.16724161 ], [ -119.01628254, 46.16725248 ], [ -119.015588, 46.16693408 ], [ -119.015588, 46.16691761 ], [ -119.01565134, 46.16680801 ], [ -119.013205, 46.16575381 ], [ -119.01316554, 46.16571001 ], [ -119.01314194, 46.16569348 ], [ -119.0130472, 46.16564408 ], [ -119.01298414, 46.16557828 ], [ -119.012929, 46.16543021 ], [ -119.012937, 46.16533141 ], [ -119.01298454, 46.16518881 ], [ -119.0130714, 46.16504081 ], [ -119.013182, 46.16490368 ], [ -119.01346654, 46.16467348 ], [ -119.01393254, 46.16427868 ], [ -119.0141142, 46.16413068 ], [ -119.01429594, 46.16405948 ], [ -119.01450114, 46.16403221 ], [ -119.0146906, 46.16399928 ], [ -119.01468274, 46.16397741 ], [ -119.0129478, 46.16191441 ], [ -119.0128454, 46.16185401 ], [ -119.0123402, 46.16188121 ], [ -119.01215073, 46.16187008 ], [ -119.0117088, 46.16166701 ], [ -119.0115746, 46.16165588 ], [ -119.01088013, 46.16161721 ], [ -119.01064333, 46.16157321 ], [ -119.0104776, 46.16151288 ], [ -119.0101936, 46.16132628 ], [ -119.0100358, 46.16118361 ], [ -119.0093338, 46.16070048 ], [ -119.0091288, 46.16048108 ], [ -119.0089318, 46.16020121 ], [ -119.00882933, 46.16000928 ], [ -119.0083248, 46.15934528 ], [ -119.00818294, 46.15913688 ], [ -119.00795433, 46.15881861 ], [ -119.00787553, 46.15865948 ], [ -119.0076154, 46.15829188 ], [ -119.0069928, 46.15738661 ], [ -119.0069062, 46.15720008 ], [ -119.0067486, 46.15693668 ], [ -119.00632293, 46.15637708 ], [ -119.00633893, 46.15622341 ], [ -119.00630733, 46.15619048 ], [ -119.00628373, 46.15610828 ], [ -119.00642593, 46.15600408 ], [ -119.0064496, 46.15597661 ], [ -119.0063786, 46.15594921 ], [ -119.0063234, 46.15588341 ], [ -119.0062998, 46.15576821 ], [ -119.00620513, 46.15573521 ], [ -119.0060236, 46.15572968 ], [ -119.0059842, 46.15571321 ], [ -119.0059606, 46.15562541 ], [ -119.0059212, 46.15558148 ], [ -119.0055354, 46.15466527 ], [ -119.00551973, 46.15456108 ], [ -119.00555133, 46.15452268 ], [ -119.0055594, 46.15438008 ], [ -119.005071, 46.15353521 ], [ -119.00500793, 46.15345288 ], [ -119.00411773, 46.15186728 ], [ -119.0038184, 46.15132408 ], [ -119.003779, 46.15128028 ], [ -119.0036528, 46.15125281 ], [ -119.00355813, 46.15120328 ], [ -119.0034714, 46.15108261 ], [ -119.0034006, 46.15084128 ], [ -119.003314, 46.15067668 ], [ -119.00317213, 46.15050648 ], [ -119.00304613, 46.15031448 ], [ -119.0029044, 46.14990301 ], [ -119.0027076, 46.14953548 ], [ -119.0023218, 46.14875641 ], [ -119.00218793, 46.14838341 ], [ -119.002062, 46.14808161 ], [ -119.00195993, 46.14773601 ], [ -119.0019442, 46.14763181 ], [ -119.001897, 46.14743428 ], [ -119.00189733, 46.14711068 ], [ -119.00194493, 46.14699001 ], [ -119.00198453, 46.14682001 ], [ -119.0022294, 46.14657341 ], [ -119.00281353, 46.14639821 ], [ -119.00301093, 46.14631588 ], [ -119.0037618, 46.14524141 ], [ -119.00446513, 46.14425441 ], [ -119.0053344, 46.14304267 ], [ -119.005453, 46.14281788 ], [ -119.00554793, 46.14258201 ], [ -119.00562713, 46.14219808 ], [ -119.00563533, 46.14194588 ], [ -119.00565913, 46.14179228 ], [ -119.0056678, 46.14109021 ], [ -119.0056284, 46.14095301 ], [ -119.0053686, 46.14040988 ], [ -119.0053136, 46.14019601 ], [ -119.0052036, 46.13982841 ], [ -119.00509333, 46.13960887 ], [ -119.00504613, 46.13954861 ], [ -119.00496733, 46.13940588 ], [ -119.0049202, 46.13920847 ], [ -119.00490717, 46.13904666 ], [ -119.00518199, 46.13904836 ], [ -119.00517749, 46.13891986 ], [ -119.00533199, 46.13888286 ], [ -119.00647399, 46.13887186 ], [ -119.00747999, 46.13886586 ], [ -119.00793899, 46.13886386 ], [ -119.01049699, 46.13886485 ], [ -119.01069799, 46.13886585 ], [ -119.01085999, 46.13887985 ], [ -119.01150299, 46.13887885 ], [ -119.01175399, 46.13887685 ], [ -119.01250999, 46.13887385 ], [ -119.01276199, 46.13887385 ], [ -119.01633499, 46.13891185 ], [ -119.01626699, 46.13942085 ], [ -119.01657999, 46.13931285 ], [ -119.01715699, 46.13914685 ], [ -119.01770599, 46.13903885 ], [ -119.01808699, 46.13897084 ], [ -119.01836099, 46.13897084 ], [ -119.01921399, 46.13894784 ], [ -119.02003799, 46.13895784 ], [ -119.02251299, 46.13898784 ], [ -119.02333799, 46.13899884 ], [ -119.02456599, 46.13900784 ], [ -119.02825098, 46.13903783 ], [ -119.02947998, 46.13904783 ], [ -119.02968798, 46.13919783 ], [ -119.02986999, 46.13948783 ], [ -119.02992299, 46.13977683 ], [ -119.03007099, 46.13992183 ], [ -119.03020299, 46.14005083 ], [ -119.03038999, 46.14016383 ], [ -119.03086499, 46.14035783 ], [ -119.03132399, 46.14056782 ], [ -119.03137899, 46.14088982 ], [ -119.03167899, 46.14124382 ], [ -119.03215499, 46.14145382 ], [ -119.03277899, 46.14152482 ], [ -119.03331599, 46.14158582 ], [ -119.03388799, 46.14168382 ], [ -119.03423399, 46.14179582 ], [ -119.03461199, 46.14198782 ], [ -119.03527299, 46.14209982 ], [ -119.03572899, 46.14225982 ], [ -119.03615999, 46.14256181 ], [ -119.03627699, 46.14264381 ], [ -119.03709299, 46.14312381 ], [ -119.03743899, 46.14321981 ], [ -119.03792499, 46.14347581 ], [ -119.03829999, 46.14379581 ], [ -119.03896099, 46.14401981 ], [ -119.04009499, 46.14421181 ], [ -119.04044099, 46.14421181 ], [ -119.04100599, 46.1444998 ], [ -119.04156999, 46.1448998 ], [ -119.04200999, 46.1450438 ], [ -119.04256199, 46.1450918 ], [ -119.04284799, 46.1453398 ], [ -119.04296799, 46.1454438 ], [ -119.04330699, 46.1459558 ], [ -119.04380899, 46.1462438 ], [ -119.04457799, 46.1466438 ], [ -119.04482099, 46.1467068 ], [ -119.04526899, 46.1467538 ], [ -119.04559599, 46.14676779 ], [ -119.04575999, 46.14680579 ], [ -119.04592999, 46.14685879 ], [ -119.04610599, 46.14696179 ], [ -119.04635899, 46.14711879 ], [ -119.04654799, 46.14721879 ], [ -119.04679599, 46.14726379 ], [ -119.04706099, 46.14726479 ], [ -119.04732999, 46.14728879 ], [ -119.04752899, 46.14733079 ], [ -119.04768599, 46.14739079 ], [ -119.04786199, 46.14746479 ], [ -119.04806099, 46.14756179 ], [ -119.04825599, 46.14763579 ], [ -119.04844999, 46.14768279 ], [ -119.04865899, 46.14768279 ], [ -119.04891799, 46.14766879 ], [ -119.04910299, 46.14766879 ], [ -119.04929299, 46.14768679 ], [ -119.04950099, 46.14773779 ], [ -119.04975599, 46.14782179 ], [ -119.05000099, 46.14792279 ], [ -119.05023699, 46.14806179 ], [ -119.05042699, 46.14818679 ], [ -119.05050599, 46.14823779 ], [ -119.05058499, 46.14833079 ], [ -119.05061699, 46.14840479 ], [ -119.050649, 46.14851578 ], [ -119.050728, 46.14866378 ], [ -119.05086199, 46.14877478 ], [ -119.051043, 46.14888178 ], [ -119.051279, 46.14899278 ], [ -119.051483, 46.14900678 ], [ -119.05171, 46.14897878 ], [ -119.05195999, 46.14892778 ], [ -119.05209399, 46.14889578 ], [ -119.05223699, 46.14891878 ], [ -119.05238599, 46.14894678 ], [ -119.05267299, 46.14908078 ], [ -119.05304299, 46.14926578 ], [ -119.05324899, 46.14939328 ], [ -119.053293, 46.14952478 ], [ -119.053302, 46.14980278 ], [ -119.053325, 46.14989078 ], [ -119.05339, 46.14996478 ], [ -119.053506, 46.15002078 ], [ -119.053788, 46.15004378 ], [ -119.053946, 46.15005778 ], [ -119.054034, 46.15009478 ], [ -119.054099, 46.15017078 ], [ -119.054149, 46.15024278 ], [ -119.054205, 46.15032178 ], [ -119.054251, 46.15049678 ], [ -119.054311, 46.15063178 ], [ -119.054432, 46.15071478 ], [ -119.054585, 46.15076078 ], [ -119.054733, 46.15075678 ], [ -119.054941, 46.15073478 ], [ -119.05527, 46.15081677 ], [ -119.055327, 46.15083177 ], [ -119.055959, 46.15105777 ], [ -119.056197, 46.15121977 ], [ -119.056478, 46.15141177 ], [ -119.056783, 46.15160377 ], [ -119.057263, 46.15198777 ], [ -119.057519, 46.15246777 ], [ -119.057615, 46.15296377 ], [ -119.057887, 46.15302777 ], [ -119.058399, 46.15285177 ], [ -119.059151, 46.15277177 ], [ -119.059455, 46.15267577 ], [ -119.06023, 46.15248477 ], [ -119.060303, 46.15246776 ], [ -119.060687, 46.15253176 ], [ -119.061039, 46.15269176 ], [ -119.061583, 46.15294776 ], [ -119.062335, 46.15323576 ], [ -119.062703, 46.15360376 ], [ -119.062846, 46.15411476 ], [ -119.063151, 46.15435576 ], [ -119.063471, 46.15432376 ], [ -119.064047, 46.15433976 ], [ -119.064719, 46.15438776 ], [ -119.065391, 46.15457975 ], [ -119.066223, 46.15483575 ], [ -119.066207, 46.15547575 ], [ -119.066287, 46.15624375 ], [ -119.066879, 46.15661175 ], [ -119.067343, 46.15683575 ], [ -119.068063, 46.15733175 ], [ -119.069135, 46.15734774 ], [ -119.069791, 46.15707574 ], [ -119.070143, 46.15701174 ], [ -119.070639, 46.15710774 ], [ -119.071295, 46.15736374 ], [ -119.071732, 46.15753574 ], [ -119.071903, 46.15760374 ], [ -119.072911, 46.15792374 ], [ -119.073183, 46.15805174 ], [ -119.073839, 46.15827574 ], [ -119.074559, 46.15881973 ], [ -119.075199, 46.15926773 ], [ -119.07575901, 46.15969973 ], [ -119.07584401, 46.15973673 ], [ -119.07646301, 46.16000373 ], [ -119.076884, 46.16016073 ], [ -119.077279, 46.16030773 ], [ -119.077807, 46.16049973 ], [ -119.078463, 46.16062773 ], [ -119.079007, 46.16064373 ], [ -119.07968, 46.16081972 ], [ -119.08013301, 46.16098172 ], [ -119.080304, 46.16104372 ], [ -119.08104001, 46.16136372 ], [ -119.08117901, 46.16138372 ], [ -119.081713, 46.16145972 ], [ -119.082418, 46.16157172 ], [ -119.083155, 46.16192372 ], [ -119.08394001, 46.16235572 ], [ -119.084212, 46.16248372 ], [ -119.08471601, 46.16270872 ], [ -119.08485301, 46.16277071 ], [ -119.08571901, 46.16331471 ], [ -119.08682401, 46.16389071 ], [ -119.08759401, 46.16441871 ], [ -119.08783501, 46.16493071 ], [ -119.08810801, 46.16526671 ], [ -119.08862001, 46.1654267 ], [ -119.08906901, 46.1654427 ], [ -119.08977401, 46.1656497 ], [ -119.09011101, 46.1660977 ], [ -119.09062301, 46.1664177 ], [ -119.09075201, 46.1668017 ], [ -119.09080101, 46.1672337 ], [ -119.09141001, 46.1676017 ], [ -119.09195501, 46.1675377 ], [ -119.09229101, 46.1674737 ], [ -119.09261201, 46.1675377 ], [ -119.09314001, 46.16776169 ], [ -119.09341301, 46.16801769 ], [ -119.09383701, 46.16829169 ], [ -119.09400601, 46.16840169 ], [ -119.09445401, 46.16848169 ], [ -119.09530401, 46.16875269 ], [ -119.09578701, 46.16898369 ], [ -119.09640901, 46.16928669 ], [ -119.09680401, 46.16972069 ], [ -119.09704201, 46.17011069 ], [ -119.09704101, 46.17017569 ], [ -119.09700201, 46.17022969 ], [ -119.09694601, 46.17027569 ], [ -119.09687601, 46.17031169 ], [ -119.09679501, 46.17033468 ], [ -119.09687701, 46.17045669 ], [ -119.09694101, 46.17058268 ], [ -119.09698601, 46.17071268 ], [ -119.09701301, 46.17084568 ], [ -119.09701201, 46.17089668 ], [ -119.09700602, 46.17203168 ], [ -119.09700602, 46.17207768 ], [ -119.09700102, 46.17273668 ], [ -119.09699802, 46.17335068 ], [ -119.09699602, 46.17343568 ], [ -119.09699302, 46.17369368 ], [ -119.09699202, 46.17377968 ], [ -119.09696502, 46.17573867 ], [ -119.09693303, 46.17813867 ], [ -119.09687203, 46.18161566 ], [ -119.09686903, 46.18179766 ], [ -119.09684504, 46.18290166 ], [ -119.09685104, 46.18341566 ], [ -119.09686004, 46.18357466 ], [ -119.09647604, 46.18357166 ], [ -119.09532404, 46.18356566 ], [ -119.09494004, 46.18356366 ], [ -119.09468704, 46.18356166 ], [ -119.09392804, 46.18355766 ], [ -119.09367604, 46.18355666 ], [ -119.09327904, 46.18355366 ], [ -119.09209104, 46.18354767 ], [ -119.09169504, 46.18354567 ], [ -119.09107804, 46.18354167 ], [ -119.08922704, 46.18353267 ], [ -119.08861004, 46.18352967 ], [ -119.08829504, 46.18353667 ], [ -119.08821404, 46.18354867 ], [ -119.08813004, 46.18355467 ], [ -119.08796904, 46.18358867 ], [ -119.08781704, 46.18363667 ], [ -119.08771004, 46.18368167 ], [ -119.08761004, 46.18373467 ], [ -119.08751704, 46.18379367 ], [ -119.08716404, 46.18405667 ], [ -119.08684705, 46.18429467 ], [ -119.08667605, 46.18442167 ], [ -119.08631305, 46.18469367 ], [ -119.08630605, 46.18499667 ], [ -119.08629505, 46.18546367 ], [ -119.08629605, 46.18557467 ], [ -119.08627905, 46.18625767 ], [ -119.08627305, 46.18653767 ], [ -119.0862143, 46.18902528 ], [ -119.08627807, 46.18901522 ], [ -119.08691083, 46.18901853 ], [ -119.08712702, 46.18901961 ], [ -119.08839057, 46.18902596 ], [ -119.091518, 46.18904174 ], [ -119.09212656, 46.18904463 ], [ -119.09419001, 46.18905446 ], [ -119.09444302, 46.18961614 ], [ -119.09448712, 46.18971407 ], [ -119.09473085, 46.19088712 ], [ -119.09476078, 46.19103146 ], [ -119.09480392, 46.19119452 ], [ -119.09509033, 46.19177483 ], [ -119.0951353, 46.19181118 ], [ -119.09529124, 46.19192572 ], [ -119.0955392, 46.1920664 ], [ -119.09568029, 46.19213655 ], [ -119.0957364, 46.19216444 ], [ -119.09629384, 46.19240992 ], [ -119.09673017, 46.19259172 ], [ -119.09679583, 46.19254827 ], [ -119.0972146, 46.19265361 ], [ -119.0974492, 46.19271263 ], [ -119.09785881, 46.19287378 ], [ -119.09898507, 46.19331681 ], [ -119.09936562, 46.1933171 ], [ -119.09943831, 46.19335393 ], [ -119.09944329, 46.19273201 ], [ -119.10003558, 46.19273368 ], [ -119.10058114, 46.19273521 ], [ -119.10109588, 46.19273667 ], [ -119.10134525, 46.19273666 ], [ -119.10199978, 46.19273901 ], [ -119.10265132, 46.19274136 ], [ -119.10275906, 46.19273866 ], [ -119.10328285, 46.19274054 ], [ -119.10359067, 46.19274362 ], [ -119.10723098, 46.19275367 ], [ -119.10727358, 46.18729259 ], [ -119.10730558, 46.18365042 ], [ -119.10742436, 46.18365119 ], [ -119.10742509, 46.18359635 ], [ -119.10744099, 46.18259545 ], [ -119.10744961, 46.18206232 ], [ -119.10745614, 46.18163728 ], [ -119.10747376, 46.18054247 ], [ -119.107482509999684, 46.179992310019813 ], [ -119.107483636780017, 46.179992321183924 ], [ -119.10799029, 46.17999735 ], [ -119.10834226, 46.18000084 ], [ -119.10849449, 46.18000235 ], [ -119.10899869, 46.18000736 ], [ -119.10948489, 46.18001218 ], [ -119.10989139, 46.1800162 ], [ -119.11000958, 46.18001737 ], [ -119.11012801, 46.18001855 ], [ -119.11051721, 46.1800224 ], [ -119.11069454, 46.18002416 ], [ -119.11088791, 46.18002607 ], [ -119.11126019, 46.18002976 ], [ -119.11136558, 46.1800308 ], [ -119.1124117, 46.18004115 ], [ -119.11243589, 46.18004139 ], [ -119.112453618641894, 46.180079393587825 ], [ -119.112472839, 46.180120604 ], [ -119.112482161113874, 46.180127704742972 ], [ -119.11248491, 46.1801298 ], [ -119.112496600059799, 46.180138703025676 ], [ -119.112496986, 46.180138997 ], [ -119.112496987252953, 46.180138997907875 ], [ -119.11249699, 46.180139 ], [ -119.11253432, 46.18016605 ], [ -119.112534341341416, 46.180166064227606 ], [ -119.112676834665223, 46.180269313162889 ], [ -119.11277146, 46.18033788 ], [ -119.112771503691491, 46.180337909191842 ], [ -119.112788284, 46.180350068 ], [ -119.112839528, 46.180383364 ], [ -119.112996483466063, 46.180485345682001 ], [ -119.1130261, 46.18050459 ], [ -119.11316373495093, 46.180571292501334 ], [ -119.113226207, 46.180601569 ], [ -119.113226209389282, 46.180601569704031 ], [ -119.11322621, 46.18060157 ], [ -119.113228515238234, 46.18060224915147 ], [ -119.113290433, 46.180620494 ], [ -119.113426157, 46.1806984 ], [ -119.113467541548644, 46.180727082725681 ], [ -119.11356863, 46.18079715 ], [ -119.11357417, 46.18080362 ], [ -119.113575455853635, 46.18080512210026 ], [ -119.1135797, 46.180810083 ], [ -119.11360502432882, 46.180847261577043 ], [ -119.11362532, 46.18087706 ], [ -119.113625322128343, 46.18087706072032 ], [ -119.113625323, 46.180877062 ], [ -119.113745336, 46.180917681 ], [ -119.113793493304527, 46.180967241238712 ], [ -119.11379459, 46.18096837 ], [ -119.113794590953503, 46.180968370864761 ], [ -119.113794594, 46.180968374 ], [ -119.113845297, 46.181014358 ], [ -119.113999862, 46.181211753 ], [ -119.114015438175713, 46.181223013555105 ], [ -119.11403612, 46.18123834 ], [ -119.114190728671247, 46.181360122104373 ], [ -119.114247642, 46.181404954 ], [ -119.114267286878373, 46.181409839975636 ], [ -119.11426797, 46.18141001 ], [ -119.1142883, 46.18141507 ], [ -119.11449085, 46.18153963 ], [ -119.114668647401857, 46.181651961189779 ], [ -119.114785629, 46.181725872 ], [ -119.115107057, 46.181911282 ], [ -119.115111864975617, 46.181914763082766 ], [ -119.1151208, 46.18192124 ], [ -119.115120868515817, 46.181921281848894 ], [ -119.115134552, 46.181931189 ], [ -119.115369055942935, 46.182072872665721 ], [ -119.11536951, 46.18207315 ], [ -119.11540613, 46.18212402 ], [ -119.115458995955095, 46.182239399805937 ], [ -119.115499827, 46.182328519 ], [ -119.115609708, 46.182557239 ], [ -119.115646971100404, 46.182626071278669 ], [ -119.11571938, 46.18275983 ], [ -119.115758930644503, 46.182887733416123 ], [ -119.115772689, 46.182932231 ], [ -119.115776099293328, 46.182968144267086 ], [ -119.11579285, 46.1831446 ], [ -119.11576762, 46.18333143 ], [ -119.115733078626135, 46.183436847717481 ], [ -119.115708686, 46.183511285 ], [ -119.115708656075412, 46.183511528753314 ], [ -119.11568779, 46.18366453 ], [ -119.115687789365097, 46.183664534645956 ], [ -119.115673227, 46.183690505 ], [ -119.115689911529444, 46.18405103059478 ], [ -119.11569196, 46.1840953 ], [ -119.115692459015051, 46.184106077622943 ], [ -119.115698297, 46.184232227 ], [ -119.115746341918964, 46.184449748433444 ], [ -119.11576929, 46.18455365 ], [ -119.11576929156324, 46.184553652022586 ], [ -119.115769292, 46.184553654 ], [ -119.116050049, 46.184923431 ], [ -119.116059778331206, 46.184929497840834 ], [ -119.11605978, 46.1849295 ], [ -119.116139809580588, 46.184979402283503 ], [ -119.116406082488069, 46.185145439939411 ], [ -119.116314513829209, 46.185144701355753 ], [ -119.113712144, 46.185123597 ], [ -119.11371214405554, 46.185123600032881 ], [ -119.11371214, 46.1851236 ], [ -119.113716586688341, 46.18536621158318 ], [ -119.113718798, 46.185486971 ], [ -119.113833192369043, 46.185487953563495 ], [ -119.11430032, 46.18549197 ], [ -119.11530779, 46.1855066 ], [ -119.115311178348193, 46.185917449711148 ], [ -119.115303631630113, 46.186720900073624 ], [ -119.1153024, 46.1868519 ], [ -119.115301626012879, 46.186934425194174 ], [ -119.115298305, 46.187287992 ], [ -119.115299251064698, 46.187316394162025 ], [ -119.11529984, 46.18733417 ], [ -119.115300610385717, 46.187357202845895 ], [ -119.11530466962995, 46.187479066933342 ], [ -119.11530752, 46.1875647 ], [ -119.116255668976308, 46.187554850010635 ], [ -119.116254337792995, 46.187723977118999 ], [ -119.11625301, 46.18789234 ], [ -119.116251852188398, 46.188039773686448 ], [ -119.116250968000088, 46.18815210998963 ], [ -119.11561819, 46.18814883 ], [ -119.11555425, 46.1881485 ], [ -119.11486669, 46.18814494 ], [ -119.114866689999872, 46.188144940005181 ], [ -119.114866689, 46.18814494 ], [ -119.114844976, 46.188991931 ], [ -119.114845778, 46.189146868 ], [ -119.114846516251333, 46.189289591526688 ], [ -119.11484717, 46.18941632 ], [ -119.11484971, 46.1899078 ], [ -119.114849713995085, 46.189907800048275 ], [ -119.114849714, 46.189907801 ], [ -119.115324729968592, 46.189913543999623 ], [ -119.11532471727817, 46.189915160085413 ], [ -119.115324238, 46.189976044 ], [ -119.115319369, 46.190595955 ], [ -119.116299395218022, 46.190592435240013 ], [ -119.11675526, 46.1905908 ], [ -119.11675448, 46.19063903 ], [ -119.116751321980573, 46.19083409945781 ], [ -119.11674975, 46.190931196 ], [ -119.115972981614831, 46.190925766330317 ], [ -119.11558324, 46.19092304 ], [ -119.115583240029707, 46.190923042007199 ], [ -119.115583239, 46.190923042 ], [ -119.115586329207034, 46.191131841847771 ], [ -119.11559233, 46.19153744 ], [ -119.11676157, 46.19154204 ], [ -119.11676782, 46.1923418 ], [ -119.11438, 46.19232542 ], [ -119.114378966661931, 46.192387093615999 ], [ -119.114376898, 46.192510436 ], [ -119.11436763, 46.19306307 ], [ -119.11421682, 46.19306109 ], [ -119.11374061, 46.19305484 ], [ -119.11374746, 46.19321423 ], [ -119.113747462959196, 46.193214230050785 ], [ -119.113747463, 46.193214231 ], [ -119.113861856507526, 46.193216193122595 ], [ -119.11421539, 46.19322226 ], [ -119.1143711, 46.19322493 ], [ -119.11437857, 46.19332569 ], [ -119.11438941, 46.19347184 ], [ -119.11439025, 46.19348312 ], [ -119.114391272564674, 46.19349682445349 ], [ -119.114395145924021, 46.193548789980618 ], [ -119.11431523, 46.19354841 ], [ -119.114274206237852, 46.193548222348724 ], [ -119.114212479, 46.193547937 ], [ -119.112890242710662, 46.193541821125216 ], [ -119.11244269, 46.19353975 ], [ -119.112442689980725, 46.193539751013788 ], [ -119.112442687, 46.193539751 ], [ -119.11244179983656, 46.193586586744885 ], [ -119.11244118, 46.1936192 ], [ -119.112441162929144, 46.193620211172544 ], [ -119.112405718951635, 46.195492083255147 ], [ -119.11175805, 46.19549094 ], [ -119.11175057, 46.19633535 ], [ -119.11175053, 46.19633976 ], [ -119.10984199, 46.19634148 ], [ -119.10956557, 46.19634109 ], [ -119.10928914, 46.19634069 ], [ -119.1090127, 46.1963403 ], [ -119.10865336, 46.19633978 ], [ -119.10819947, 46.19633913 ], [ -119.10796277, 46.19633879 ], [ -119.10728199, 46.19633781 ], [ -119.10716027, 46.19633848 ], [ -119.10714129, 46.19639248 ], [ -119.10714187, 46.19662238 ], [ -119.10714199, 46.19666672 ], [ -119.10714265, 46.19692701 ], [ -119.10714341, 46.19723085 ], [ -119.10714372, 46.19735081 ], [ -119.10714399, 46.19745926 ], [ -119.10714445, 46.19764046 ], [ -119.10714496, 46.19784321 ], [ -119.107145619920303, 46.198102248719117 ], [ -119.107145619, 46.198102278 ], [ -119.107144306744715, 46.198144026868107 ], [ -119.1071431100316, 46.198182068995095 ], [ -119.106089025, 46.198176736 ], [ -119.103589417268836, 46.196225771282549 ], [ -119.10281796, 46.19562364 ], [ -119.10208675, 46.19513403 ], [ -119.101450331867866, 46.194770515523025 ], [ -119.101118333, 46.19458088 ], [ -119.101028469, 46.194491807 ], [ -119.100977854, 46.194464267 ], [ -119.100912796039623, 46.194400884577902 ], [ -119.10087531, 46.19436436 ], [ -119.100590610252056, 46.194261349880321 ], [ -119.100298674, 46.194155718 ], [ -119.099894281, 46.193990746 ], [ -119.099789135898078, 46.193911036492445 ], [ -119.09974494, 46.19387753 ], [ -119.09937274, 46.19369006 ], [ -119.09844478, 46.19316758 ], [ -119.09819068, 46.19305489 ], [ -119.098114415133836, 46.193039785026507 ], [ -119.098038149, 46.193024679 ], [ -119.098032661258245, 46.193020741449743 ], [ -119.09796592, 46.19297285 ], [ -119.097772437851646, 46.19290904743314 ], [ -119.097602168, 46.192852897 ], [ -119.097002128, 46.192722307 ], [ -119.096633869658035, 46.192626766398774 ], [ -119.09633702, 46.19254975 ], [ -119.096153984180603, 46.192493519909696 ], [ -119.096041524, 46.19245897 ], [ -119.095547605, 46.192186746 ], [ -119.095478831580678, 46.192150910456057 ], [ -119.09528157, 46.19204812 ], [ -119.09500376, 46.19174433 ], [ -119.094931583957717, 46.191541234042582 ], [ -119.094929499, 46.191535367 ], [ -119.094923312750936, 46.191523603024223 ], [ -119.09490078, 46.19148075 ], [ -119.094827758088499, 46.191367074 ], [ -119.094787104, 46.191303784 ], [ -119.094623553, 46.190820666 ], [ -119.09454572, 46.190482845 ], [ -119.094468294205058, 46.190281800010979 ], [ -119.0944126, 46.19013718 ], [ -119.09434064, 46.18985135 ], [ -119.0941722, 46.18941685 ], [ -119.094163239784734, 46.189390947561606 ], [ -119.094085093, 46.189165029 ], [ -119.09364468542455, 46.189165977072385 ], [ -119.09187161, 46.18916979 ], [ -119.091871086663829, 46.189230079619719 ], [ -119.091825477, 46.194484077 ], [ -119.091825135000406, 46.194522952454165 ], [ -119.09182502, 46.19453591 ], [ -119.091805327738214, 46.194535960031153 ], [ -119.091746298, 46.194536107 ], [ -119.087384098, 46.194546817 ], [ -119.087051528, 46.194547626 ], [ -119.087051534357798, 46.194547629989373 ], [ -119.08705153, 46.19454763 ], [ -119.08958578, 46.19613786 ], [ -119.09138708, 46.19726809 ], [ -119.091767196261316, 46.197506577089946 ], [ -119.091880190122779, 46.197577471822193 ], [ -119.091906501936734, 46.197967964491291 ], [ -119.091938728, 46.198446263 ], [ -119.091942428852121, 46.198501069810128 ], [ -119.09186402, 46.1984881 ], [ -119.09165785, 46.19845402 ], [ -119.09157451, 46.19844024 ], [ -119.09152545960751, 46.198435756648898 ], [ -119.091500884, 46.198433509 ], [ -119.090327784890889, 46.198326458469353 ], [ -119.08998605, 46.19829527 ], [ -119.08990278, 46.19828768 ], [ -119.089893958212187, 46.198287266021687 ], [ -119.089828785, 46.198284202 ], [ -119.089824300661462, 46.198283994710849 ], [ -119.089405555214199, 46.198246669728633 ], [ -119.089395914, 46.198245806 ], [ -119.089162939751077, 46.198207403571267 ], [ -119.08897997, 46.19817724 ], [ -119.088807345192038, 46.198135135093281 ], [ -119.088654848, 46.198097936 ], [ -119.088561214, 46.198075096 ], [ -119.088561213984207, 46.198075100971799 ], [ -119.08856121, 46.1980751 ], [ -119.08856106590784, 46.198121713809947 ], [ -119.088561029, 46.198133332 ], [ -119.088559612603149, 46.198573460627834 ], [ -119.08855392, 46.20034113 ], [ -119.08879395, 46.20044331 ], [ -119.089517, 46.20075111 ], [ -119.091158507890455, 46.201449864995567 ], [ -119.091640073560527, 46.201654859961558 ], [ -119.091449548751399, 46.201653722583558 ], [ -119.0908913, 46.201650387 ], [ -119.090891300092466, 46.201650390000552 ], [ -119.0908913, 46.20165039 ], [ -119.090891444204786, 46.201655066086957 ], [ -119.090897635, 46.201855942 ], [ -119.090958985473733, 46.203846363633275 ], [ -119.09100597, 46.20537083 ], [ -119.091007099796428, 46.205407367440046 ], [ -119.091008525, 46.205453617 ], [ -119.091008529907967, 46.205453617023643 ], [ -119.09100853, 46.20545362 ], [ -119.09553253, 46.20547541 ], [ -119.0955325346861, 46.205474783029153 ], [ -119.095533164, 46.205391122 ], [ -119.09554564, 46.20373089 ], [ -119.09571135, 46.20373145 ], [ -119.09650364, 46.20373411 ], [ -119.096541220478301, 46.203734230980871 ], [ -119.096603851096688, 46.203734440909273 ], [ -119.09666205, 46.20373464 ], [ -119.09665927, 46.20396453 ], [ -119.0966193, 46.20727021 ], [ -119.09661807, 46.20737199 ], [ -119.091047183963383, 46.207321700035777 ], [ -119.090994444, 46.205933164 ], [ -119.090994440152429, 46.205933164013203 ], [ -119.09099444, 46.20593316 ], [ -119.08919359, 46.20593934 ], [ -119.089194656683475, 46.205995597095274 ], [ -119.089197764574351, 46.206159961397226 ], [ -119.08919878, 46.20621386 ], [ -119.08920001, 46.20627877 ], [ -119.089200304480173, 46.206294287170309 ], [ -119.08920443821431, 46.206512904345757 ], [ -119.08920485, 46.20653471 ], [ -119.08920863, 46.20673485 ], [ -119.08921537, 46.20709131 ], [ -119.089216462974179, 46.207148847283541 ], [ -119.089219145085721, 46.207290693766303 ], [ -119.08921983, 46.20732702 ], [ -119.089086883146066, 46.207331260399563 ], [ -119.088891569, 46.207337487 ], [ -119.088827435268996, 46.207339530839846 ], [ -119.08878378, 46.20734092 ], [ -119.08875716, 46.20762358 ], [ -119.08874365, 46.20776706 ], [ -119.0887327, 46.2078833 ], [ -119.088795450019461, 46.208081116008294 ], [ -119.08880958, 46.208125664 ], [ -119.088923987, 46.208165581 ], [ -119.090999847, 46.208157594 ], [ -119.091047627, 46.208871339 ], [ -119.091047629982029, 46.208871339731473 ], [ -119.09104763, 46.20887134 ], [ -119.09140653, 46.20895938 ], [ -119.092553087181201, 46.209240602005572 ], [ -119.093569566, 46.209489923 ], [ -119.093736818235982, 46.209609277871493 ], [ -119.09408762, 46.20985963 ], [ -119.0947273, 46.21031611 ], [ -119.09497824, 46.21049518 ], [ -119.09598179, 46.21079645 ], [ -119.09598179022835, 46.210796448867733 ], [ -119.095981794, 46.21079645 ], [ -119.09600730703886, 46.210669923500255 ], [ -119.0960124, 46.21064467 ], [ -119.09604192, 46.2104983 ], [ -119.09664168, 46.21056385 ], [ -119.09663898, 46.21071961 ], [ -119.096637077901889, 46.210829361988544 ], [ -119.096628727249083, 46.211311039053058 ], [ -119.09621505, 46.21116864 ], [ -119.09099985, 46.20942051 ], [ -119.08774465, 46.20859311 ], [ -119.08356485, 46.20736005 ], [ -119.08032558, 46.20623071 ], [ -119.07865065, 46.20562224 ], [ -119.07808178, 46.20538644 ], [ -119.07531644, 46.20386751 ], [ -119.07387858, 46.20325345 ], [ -119.07323084, 46.20293531 ], [ -119.07198264, 46.20225545 ], [ -119.07165864, 46.20211285 ], [ -119.07078978, 46.20177285 ], [ -119.06981818, 46.20140551 ], [ -119.06821458, 46.20060471 ] ] ], [ [ [ -119.03494943, 46.18596532 ], [ -119.03471192, 46.18578298 ], [ -119.03521299, 46.18615873 ], [ -119.03512756, 46.18610207 ], [ -119.03494943, 46.18596532 ] ] ], [ [ [ -119.0357854, 46.18653836 ], [ -119.03555197, 46.18638355 ], [ -119.03521299, 46.18615873 ], [ -119.03580971, 46.18655331 ], [ -119.0357854, 46.18653836 ] ] ], [ [ [ -119.04204923, 46.18878911 ], [ -119.04193077, 46.18881105 ], [ -119.04189137, 46.18877265 ], [ -119.04189137, 46.18860805 ], [ -119.04223883, 46.18859165 ], [ -119.04229403, 46.18862465 ], [ -119.04227823, 46.18866292 ], [ -119.04204923, 46.18878911 ] ] ], [ [ [ -119.04670077, 46.18895985 ], [ -119.04666123, 46.18904211 ], [ -119.04659803, 46.18906405 ], [ -119.04657437, 46.18904765 ], [ -119.04657437, 46.18886665 ], [ -119.04655077, 46.18877331 ], [ -119.04655063, 46.18868565 ], [ -119.04659817, 46.18868565 ], [ -119.04670077, 46.18875145 ], [ -119.04670077, 46.18895985 ] ] ], [ [ [ -119.04247537, 46.18955151 ], [ -119.04231757, 46.18958991 ], [ -119.04227796, 46.18963385 ], [ -119.04219897, 46.18962832 ], [ -119.04215943, 46.18958451 ], [ -119.04203317, 46.18949111 ], [ -119.04204903, 46.18943631 ], [ -119.04212797, 46.18939245 ], [ -119.04213583, 46.18935951 ], [ -119.04217537, 46.18934852 ], [ -119.04249137, 46.18934871 ], [ -119.04255443, 46.18938165 ], [ -119.04247537, 46.18955151 ] ] ], [ [ [ -119.04481303, 46.18937645 ], [ -119.04500277, 46.18932165 ], [ -119.04526336, 46.18932165 ], [ -119.04570543, 46.18937651 ], [ -119.04575297, 46.18939845 ], [ -119.04562657, 46.18950271 ], [ -119.04558703, 46.18956305 ], [ -119.04557117, 46.18965072 ], [ -119.04552383, 46.18970565 ], [ -119.04546857, 46.18970011 ], [ -119.04544477, 46.18967825 ], [ -119.04544483, 46.18950271 ], [ -119.04536583, 46.18946971 ], [ -119.04483677, 46.18944225 ], [ -119.04480523, 46.18942571 ], [ -119.04481303, 46.18937645 ] ] ], [ [ [ -119.04479697, 46.19067085 ], [ -119.04470224, 46.19070925 ], [ -119.04449677, 46.19070911 ], [ -119.04444157, 46.19067085 ], [ -119.04444163, 46.19061591 ], [ -119.04465483, 46.19057212 ], [ -119.04473377, 46.19057751 ], [ -119.04479697, 46.19061051 ], [ -119.04479697, 46.19067085 ] ] ], [ [ [ -119.04203317, 46.18970511 ], [ -119.04208843, 46.18980385 ], [ -119.04215936, 46.18985865 ], [ -119.04230156, 46.18984225 ], [ -119.04256223, 46.18977091 ], [ -119.04261757, 46.18971065 ], [ -119.04268076, 46.18955711 ], [ -119.04272023, 46.18952965 ], [ -119.04279937, 46.18951871 ], [ -119.04283877, 46.18956265 ], [ -119.04283863, 46.18968871 ], [ -119.04384957, 46.18972185 ], [ -119.04401537, 46.18969991 ], [ -119.04404703, 46.18946951 ], [ -119.04408657, 46.18941471 ], [ -119.04419717, 46.18940385 ], [ -119.04427603, 46.18940371 ], [ -119.04443397, 46.18943125 ], [ -119.04443403, 46.18946411 ], [ -119.04437877, 46.18951351 ], [ -119.04437877, 46.18954631 ], [ -119.04459197, 46.18963965 ], [ -119.04457617, 46.18976585 ], [ -119.04479724, 46.18980425 ], [ -119.04483663, 46.18983711 ], [ -119.04480517, 46.18991945 ], [ -119.04463903, 46.19014971 ], [ -119.04444163, 46.19023205 ], [ -119.04397577, 46.19031965 ], [ -119.04397557, 46.19064331 ], [ -119.04401503, 46.19072565 ], [ -119.04418877, 46.19083525 ], [ -119.04429937, 46.19087371 ], [ -119.04471783, 46.19086285 ], [ -119.04505757, 46.19091765 ], [ -119.04514443, 46.19095065 ], [ -119.04516803, 46.19101105 ], [ -119.04502577, 46.19115905 ], [ -119.04504163, 46.19125785 ], [ -119.04510483, 46.19130165 ], [ -119.04526263, 46.19134005 ], [ -119.04570503, 46.19130725 ], [ -119.04594983, 46.19125785 ], [ -119.04602883, 46.19119751 ], [ -119.04602884, 46.19112631 ], [ -119.04593404, 46.19109331 ], [ -119.04572877, 46.19108785 ], [ -119.04570504, 46.19106591 ], [ -119.04571303, 46.19099465 ], [ -119.04581563, 46.19093425 ], [ -119.04599723, 46.19087391 ], [ -119.04602897, 46.19084651 ], [ -119.04609217, 46.19061625 ], [ -119.04613163, 46.19058325 ], [ -119.04640023, 46.19051205 ], [ -119.04639223, 46.19045711 ], [ -119.04635277, 46.19041325 ], [ -119.04636077, 46.19028711 ], [ -119.04647137, 46.19007871 ], [ -119.04645563, 46.18996905 ], [ -119.04643197, 46.18993065 ], [ -119.04628983, 46.18982085 ], [ -119.04628983, 46.18973865 ], [ -119.04639257, 46.18967285 ], [ -119.04657417, 46.18962891 ], [ -119.04687437, 46.18960165 ], [ -119.04706383, 46.18953031 ], [ -119.04718237, 46.18955771 ], [ -119.04726117, 46.18961265 ], [ -119.04726123, 46.18972231 ], [ -119.04719797, 46.18982651 ], [ -119.04719803, 46.18991425 ], [ -119.04730063, 46.18999105 ], [ -119.04730063, 46.19002951 ], [ -119.04708737, 46.19010625 ], [ -119.04689783, 46.19009525 ], [ -119.04688197, 46.19018845 ], [ -119.04690563, 46.19020491 ], [ -119.04722157, 46.19023785 ], [ -119.04728477, 46.19027085 ], [ -119.04728477, 46.19031465 ], [ -119.04723737, 46.19034205 ], [ -119.04684257, 46.19037491 ], [ -119.04677923, 46.19042431 ], [ -119.04677917, 46.19066565 ], [ -119.04688197, 46.19080825 ], [ -119.04704777, 46.19093445 ], [ -119.04718197, 46.19097831 ], [ -119.04732417, 46.19096191 ], [ -119.04734784, 46.19087411 ], [ -119.04728463, 46.19073705 ], [ -119.04720564, 46.19065471 ], [ -119.04720577, 46.19056705 ], [ -119.04730843, 46.19059445 ], [ -119.04748997, 46.19073705 ], [ -119.04766377, 46.19090711 ], [ -119.04768743, 46.19098391 ], [ -119.04759263, 46.19106611 ], [ -119.04760837, 46.19114291 ], [ -119.04764783, 46.19121425 ], [ -119.04763197, 46.19131291 ], [ -119.04759257, 46.19135685 ], [ -119.04737137, 46.19149391 ], [ -119.04714237, 46.19159811 ], [ -119.04694477, 46.19172971 ], [ -119.04676317, 46.19193811 ], [ -119.04664457, 46.19201485 ], [ -119.04649457, 46.19201485 ], [ -119.04286217, 46.19041272 ], [ -119.04091963, 46.18950745 ], [ -119.04092757, 46.18947451 ], [ -119.04103817, 46.18948005 ], [ -119.04121977, 46.18954591 ], [ -119.04152763, 46.18957331 ], [ -119.04159083, 46.18958985 ], [ -119.04173297, 46.18969951 ], [ -119.04181203, 46.18968865 ], [ -119.04187517, 46.18964471 ], [ -119.04195417, 46.18965571 ], [ -119.04203317, 46.18970511 ] ] ], [ [ [ -119.265927237, 46.19642805 ], [ -119.26641986, 46.196625259 ], [ -119.266027698, 46.197105574 ], [ -119.265519733, 46.19691001 ], [ -119.265927237, 46.19642805 ] ] ], [ [ [ -119.22921422, 46.19638086 ], [ -119.22924708994104, 46.196364788717247 ], [ -119.229303491962995, 46.19633721876982 ], [ -119.22935254, 46.19631325 ], [ -119.229352535051234, 46.196313245952574 ], [ -119.229352537, 46.196313245 ], [ -119.229025030612249, 46.196045387500739 ], [ -119.22913111, 46.19561236 ], [ -119.22919666, 46.19534479 ], [ -119.229240387897306, 46.195358992391697 ], [ -119.229470918, 46.19543387 ], [ -119.229626952210282, 46.19547349474562 ], [ -119.22962965, 46.19547418 ], [ -119.229629658332755, 46.195474181962958 ], [ -119.229679637, 46.195486874 ], [ -119.229730210534328, 46.195495831656274 ], [ -119.22975814, 46.19550078 ], [ -119.22982097, 46.19551191 ], [ -119.229859335208943, 46.195518702402161 ], [ -119.229890498, 46.195524222 ], [ -119.230055854883673, 46.195547480170454 ], [ -119.23033559, 46.19558683 ], [ -119.230610834113548, 46.195627392069191 ], [ -119.230942463833983, 46.195676268192777 ], [ -119.23100896, 46.19569237 ], [ -119.231064658365767, 46.195709032593498 ], [ -119.23115694277196, 46.195736646577622 ], [ -119.23115926, 46.19573734 ], [ -119.23121543, 46.19575415 ], [ -119.231269960656505, 46.195770464577841 ], [ -119.23135842, 46.195796934 ], [ -119.231669047181271, 46.195889856247845 ], [ -119.23171458, 46.19590348 ], [ -119.231748988261486, 46.195913770139853 ], [ -119.231930552899911, 46.195968084106397 ], [ -119.23200734, 46.19599106 ], [ -119.232323513678267, 46.196047822227115 ], [ -119.232608509930941, 46.196098991628517 ], [ -119.232608058712259, 46.19610963053865 ], [ -119.232533615, 46.197856804 ], [ -119.232533482394004, 46.197868003553886 ], [ -119.23253348, 46.19786806 ], [ -119.232532322933707, 46.197965928523409 ], [ -119.232527487332717, 46.198374330679052 ], [ -119.23252535, 46.19855443 ], [ -119.23252079, 46.1989396 ], [ -119.232518717455079, 46.199115011502023 ], [ -119.2325073760164, 46.20007287961463 ], [ -119.23238499, 46.20006104 ], [ -119.23226746, 46.20004967 ], [ -119.232192114748983, 46.200042385385693 ], [ -119.227936207408035, 46.199630808919508 ], [ -119.22783201, 46.19962073 ], [ -119.227834991137087, 46.199605857727072 ], [ -119.227840044, 46.199580672 ], [ -119.227840097001433, 46.199580625960742 ], [ -119.22788617, 46.19954503 ], [ -119.22790573, 46.19952362 ], [ -119.22792404, 46.19949659 ], [ -119.227939884710935, 46.199458602680423 ], [ -119.227939894, 46.199458585 ], [ -119.227939894078162, 46.199458563958117 ], [ -119.22794562, 46.199422 ], [ -119.227940201934842, 46.199375686538978 ], [ -119.227940202, 46.199375669 ], [ -119.227940189063574, 46.199375642945959 ], [ -119.22792534, 46.19933891 ], [ -119.227914076953724, 46.199323052978635 ], [ -119.227910288, 46.199315422 ], [ -119.227905355543555, 46.199310774276746 ], [ -119.22789793, 46.19930032 ], [ -119.22790741, 46.19924014 ], [ -119.22791319, 46.19919615 ], [ -119.22791293, 46.19915174 ], [ -119.22790783, 46.19911367 ], [ -119.22786624, 46.19895225 ], [ -119.228373768767398, 46.196880595031331 ], [ -119.228373893635691, 46.196880596069612 ], [ -119.22845423, 46.19688454 ], [ -119.228534701538038, 46.196881933189601 ], [ -119.228534799, 46.196881934 ], [ -119.228534836157095, 46.196881926243819 ], [ -119.228594, 46.19687578 ], [ -119.22868697, 46.19685849 ], [ -119.228780178307773, 46.196830713484339 ], [ -119.228780195, 46.19683071 ], [ -119.228780213701626, 46.196830700236148 ], [ -119.22884731, 46.19680306 ], [ -119.22891121, 46.19676928 ], [ -119.228961914703206, 46.196735836685022 ], [ -119.228961939, 46.196735824 ], [ -119.228961963927716, 46.196735799036126 ], [ -119.22903912, 46.1966682 ], [ -119.22908258, 46.19661501 ], [ -119.22910484, 46.19657058 ], [ -119.22918142, 46.19641772 ], [ -119.229189251670775, 46.196402079342505 ], [ -119.229195233967374, 46.196390138061226 ], [ -119.22921422, 46.19638086 ] ] ], [ [ [ -119.250880114258933, 46.197314625235364 ], [ -119.251293, 46.19730459 ], [ -119.25174157, 46.19730039 ], [ -119.25232626, 46.19728114 ], [ -119.252485385908031, 46.197277350489735 ], [ -119.26388028528639, 46.197005478106057 ], [ -119.26405344, 46.19700134 ], [ -119.264058409992614, 46.198201318217123 ], [ -119.263610549553604, 46.198742428684817 ], [ -119.26341561, 46.19897795 ], [ -119.26315978, 46.19924563 ], [ -119.262938251501367, 46.199427844559096 ], [ -119.262870431, 46.199483627 ], [ -119.26259514, 46.199667029 ], [ -119.262504137522484, 46.199716543564293 ], [ -119.26227262, 46.19984251 ], [ -119.262134882887949, 46.199903388950951 ], [ -119.26196567, 46.199978177 ], [ -119.261808001925303, 46.200035636027216 ], [ -119.26170289, 46.20007394 ], [ -119.261577218700793, 46.200111459534874 ], [ -119.261414028, 46.200160178 ], [ -119.260563728, 46.200314086 ], [ -119.251415702301799, 46.200623717029771 ], [ -119.25137181, 46.2006252 ], [ -119.25128763208987, 46.200622824693021 ], [ -119.251258825, 46.200622878 ], [ -119.25086996, 46.200611153 ], [ -119.250865147885605, 46.20061090316068 ], [ -119.250805370059069, 46.200609216367937 ], [ -119.250804794, 46.200609199 ], [ -119.250638762540788, 46.200596956594097 ], [ -119.25038943, 46.20057857 ], [ -119.249715630925508, 46.200528889060465 ], [ -119.249124856, 46.200485328 ], [ -119.245504802, 46.200178597 ], [ -119.245513099518533, 46.19925537635914 ], [ -119.24551593, 46.19894062 ], [ -119.245521178042921, 46.198356522029201 ], [ -119.245529312, 46.1974515 ], [ -119.246899403, 46.197411291 ], [ -119.246975561496455, 46.197409441411281 ], [ -119.247653560040817, 46.19739298505845 ], [ -119.250351246316583, 46.197327469277518 ], [ -119.2505863, 46.19732176 ], [ -119.250681156179681, 46.19731945711446 ], [ -119.250880114258933, 46.197314625235364 ] ] ], [ [ [ -119.1712305, 46.22374626 ], [ -119.17119033, 46.22371654 ], [ -119.17093857, 46.22369017 ], [ -119.170938005715328, 46.223690063408611 ], [ -119.170442304, 46.223592394 ], [ -119.17036333, 46.223586168 ], [ -119.170251617327182, 46.223568137372759 ], [ -119.17014892, 46.22355156 ], [ -119.17013002, 46.22354851 ], [ -119.170129875474174, 46.223548477786515 ], [ -119.170111383, 46.223545493 ], [ -119.170071403952718, 46.223535445020779 ], [ -119.17004859, 46.22353036 ], [ -119.170043107995625, 46.22352903646312 ], [ -119.170029329, 46.223525709 ], [ -119.169355483, 46.223362978 ], [ -119.169251255837779, 46.223340311098084 ], [ -119.16917778, 46.22332433 ], [ -119.16954293, 46.2231145 ], [ -119.169542929989802, 46.223114499580497 ], [ -119.169542931, 46.223114499 ], [ -119.169535461, 46.222807423 ], [ -119.16966465266718, 46.222307880286884 ], [ -119.17001339, 46.22234539 ], [ -119.17003597, 46.22234782 ], [ -119.172058942214846, 46.222565360699235 ], [ -119.17434628, 46.222811334 ], [ -119.174422305974844, 46.222819510071581 ], [ -119.17442435, 46.22281973 ], [ -119.17450354, 46.22282505 ], [ -119.17606944, 46.22292998 ], [ -119.17783615, 46.22292374 ], [ -119.179142743040501, 46.222823719897256 ], [ -119.179592246, 46.222789312 ], [ -119.180023452858848, 46.222724086711736 ], [ -119.18125992, 46.22253706 ], [ -119.18130322037625, 46.222530511384058 ], [ -119.181338335, 46.222525204 ], [ -119.181416365, 46.22257873 ], [ -119.182018497, 46.222948953 ], [ -119.182080427487563, 46.222987014672825 ], [ -119.18209228, 46.2229943 ], [ -119.18217376, 46.22303223 ], [ -119.18226807, 46.22307574 ], [ -119.18232808, 46.22310343 ], [ -119.182328252897634, 46.223103505333007 ], [ -119.182375317, 46.223125219 ], [ -119.182391898329925, 46.223131236201077 ], [ -119.18239193, 46.22313125 ], [ -119.18244867, 46.22315184 ], [ -119.18252473, 46.22317944 ], [ -119.18260017, 46.22320682 ], [ -119.182600414218214, 46.223206904560143 ], [ -119.182666113, 46.223230746 ], [ -119.182754616716366, 46.223255076573672 ], [ -119.18275509, 46.22325521 ], [ -119.182805917581675, 46.223269179704417 ], [ -119.182870711625185, 46.223286992247374 ], [ -119.18290373, 46.22329607 ], [ -119.182903777156127, 46.223296082298837 ], [ -119.182971209, 46.22331462 ], [ -119.183082357538765, 46.223336167620253 ], [ -119.1831148, 46.22334246 ], [ -119.18328724, 46.22337589 ], [ -119.183422257152316, 46.223391748839603 ], [ -119.183610757, 46.223413894 ], [ -119.183756231393232, 46.223420256654506 ], [ -119.18386187, 46.22342488 ], [ -119.183890853333068, 46.223426150201021 ], [ -119.183938312, 46.223428235 ], [ -119.183978834977736, 46.22342830493524 ], [ -119.18401943, 46.22342838 ], [ -119.186344599284936, 46.223432626467606 ], [ -119.187737321, 46.223435173 ], [ -119.187798641376475, 46.223435284013718 ], [ -119.187839508955335, 46.223435359998064 ], [ -119.187831777, 46.223781282 ], [ -119.188105422, 46.223780741 ], [ -119.188422997, 46.223780113 ], [ -119.188419411315152, 46.223941300287976 ], [ -119.18841691, 46.22405365 ], [ -119.18838595, 46.22534386 ], [ -119.188385834012948, 46.225348701026078 ], [ -119.188383316, 46.225453629 ], [ -119.188379396121533, 46.22561694993626 ], [ -119.18816826, 46.22561348 ], [ -119.18816825999896, 46.225613482016435 ], [ -119.188168259, 46.225613482 ], [ -119.188168165036501, 46.225796979454699 ], [ -119.18816788, 46.22634776 ], [ -119.189312155967031, 46.22651912917599 ], [ -119.189544532, 46.226553931 ], [ -119.189622976, 46.226565852 ], [ -119.191237459702506, 46.226811052954815 ], [ -119.191236531751784, 46.226820270024589 ], [ -119.191228838, 46.226896665 ], [ -119.191228716968382, 46.226897867507759 ], [ -119.19122854, 46.22689959 ], [ -119.191228526541025, 46.226899659140841 ], [ -119.191228239, 46.226902516 ], [ -119.191219164971486, 46.226947750970481 ], [ -119.191218827550372, 46.226949484354876 ], [ -119.191207176432911, 46.227007566941936 ], [ -119.19118676, 46.22710933 ], [ -119.191169072766073, 46.227172946776598 ], [ -119.191145986, 46.227255969 ], [ -119.191008337837175, 46.227688640067967 ], [ -119.19090111, 46.22802568 ], [ -119.19085699006834, 46.228164369785169 ], [ -119.190851430423692, 46.228163087773773 ], [ -119.19076611, 46.22814341 ], [ -119.19056114309204, 46.228113972705756 ], [ -119.190277181, 46.228073185 ], [ -119.189472958, 46.227945245 ], [ -119.189187321705276, 46.227853696768918 ], [ -119.18903274, 46.22780415 ], [ -119.18874893, 46.22775771 ], [ -119.18799188, 46.22764666 ], [ -119.18704552, 46.22751195 ], [ -119.187044102669475, 46.227511668418892 ], [ -119.186013514, 46.227305177 ], [ -119.185989864404789, 46.227302222861802 ], [ -119.18598985, 46.22730222 ], [ -119.185846414809703, 46.227268968200292 ], [ -119.185809634, 46.227262356 ], [ -119.185365149, 46.227157592 ], [ -119.185333058, 46.227150029 ], [ -119.185315300158152, 46.227145842780516 ], [ -119.1853127, 46.22714524 ], [ -119.185231907204212, 46.227126791154099 ], [ -119.18446233, 46.226951057 ], [ -119.184343946, 46.226939015 ], [ -119.183915288254923, 46.226807440243412 ], [ -119.18364414, 46.22672421 ], [ -119.183563078859379, 46.226704863815385 ], [ -119.183490025859697, 46.226687426593415 ], [ -119.18339972, 46.22666587 ], [ -119.183378893485795, 46.226660900058384 ], [ -119.182954320845298, 46.226559556783549 ], [ -119.18295136, 46.22655885 ], [ -119.18260182, 46.22649666 ], [ -119.18254172915961, 46.226485969717906 ], [ -119.18241402, 46.226463248 ], [ -119.181923954975105, 46.226376054797484 ], [ -119.18190735, 46.2263731 ], [ -119.181844190490352, 46.22636186296473 ], [ -119.181619457, 46.226321878 ], [ -119.181499185333209, 46.226296195303043 ], [ -119.1812115, 46.22623476 ], [ -119.181040123792727, 46.226198167739746 ], [ -119.180760977, 46.226138559 ], [ -119.180726083520653, 46.226131710696301 ], [ -119.18028797, 46.22604572 ], [ -119.180287431039929, 46.226045609095237 ], [ -119.180195422, 46.226027551 ], [ -119.180028279, 46.225994747 ], [ -119.180010082, 46.225992237 ], [ -119.179647699, 46.225923415 ], [ -119.179291393, 46.225834224 ], [ -119.179257211297482, 46.225824536152146 ], [ -119.17920146, 46.22581172 ], [ -119.179167343368405, 46.225800903903064 ], [ -119.178956294, 46.225733978 ], [ -119.178328852, 46.225535007 ], [ -119.177974104646012, 46.225454349537642 ], [ -119.17767535, 46.22538642 ], [ -119.17726549, 46.22531685 ], [ -119.17673885, 46.22522666 ], [ -119.17645369, 46.22517782 ], [ -119.176412882592501, 46.225168919768173 ], [ -119.176374916, 46.225160635 ], [ -119.175822396084868, 46.225077147366797 ], [ -119.17560225, 46.22504388 ], [ -119.17526353, 46.22497495 ], [ -119.17477453, 46.22491013 ], [ -119.174529356506483, 46.224866180872787 ], [ -119.174419901, 46.224846559 ], [ -119.174066056, 46.224739115 ], [ -119.173132807, 46.224602525 ], [ -119.172376427, 46.224477006 ], [ -119.171991561, 46.22430932 ], [ -119.171511170142679, 46.223953910028307 ], [ -119.1712305, 46.22374626 ] ] ], [ [ [ -119.21831006, 46.22966655 ], [ -119.218252719423759, 46.229666660688459 ], [ -119.218087840918287, 46.229666973203038 ], [ -119.21798718, 46.22966716 ], [ -119.217987180119295, 46.229667163997874 ], [ -119.217987179, 46.229667164 ], [ -119.217995337, 46.229940612 ], [ -119.218210521255983, 46.229940068856784 ], [ -119.21831743, 46.2299398 ], [ -119.21831177, 46.23040519 ], [ -119.21801472, 46.23040631 ], [ -119.217970936981118, 46.230551543243458 ], [ -119.217899838, 46.230787378 ], [ -119.217879238, 46.230826459 ], [ -119.217861463201459, 46.230860180136133 ], [ -119.21784036, 46.23090021 ], [ -119.217295023839341, 46.230981028843019 ], [ -119.213115804, 46.231600386 ], [ -119.2129004287968, 46.231632299480417 ], [ -119.21269207, 46.23166317 ], [ -119.212656377854202, 46.231668493543651 ], [ -119.21261309, 46.231674946 ], [ -119.212534229, 46.231668815 ], [ -119.212441313886785, 46.231661619485472 ], [ -119.2124239, 46.23166027 ], [ -119.2115406, 46.23152633 ], [ -119.21089464515093, 46.231406055180614 ], [ -119.210736715, 46.231376648 ], [ -119.210641769611442, 46.231344949126139 ], [ -119.2101629, 46.23118507 ], [ -119.20997391, 46.23113951 ], [ -119.20957122, 46.2311085 ], [ -119.20929021, 46.23104149 ], [ -119.209191944356391, 46.231024917346311 ], [ -119.209186091, 46.23102393 ], [ -119.209186084614913, 46.23102392892298 ], [ -119.20918599, 46.23102391 ], [ -119.209086419191024, 46.231007117667069 ], [ -119.208941096, 46.230982605 ], [ -119.208932782409718, 46.230980555126671 ], [ -119.20892499, 46.23097863 ], [ -119.20890889, 46.23097466 ], [ -119.208740556627021, 46.230933157290764 ], [ -119.208708849, 46.230925339 ], [ -119.208664530762249, 46.230911903391707 ], [ -119.20842941, 46.23084062 ], [ -119.208212865826269, 46.230790222979472 ], [ -119.208208896, 46.230789299 ], [ -119.208055542242803, 46.230784568504262 ], [ -119.20771105, 46.23077394 ], [ -119.207654953102974, 46.230764574347184 ], [ -119.207537595, 46.230744977 ], [ -119.207239243, 46.230627146 ], [ -119.207207862, 46.230610413 ], [ -119.206887048441899, 46.230575802790192 ], [ -119.20688687, 46.23057578 ], [ -119.20676997, 46.23057418 ], [ -119.20661554, 46.23057225 ], [ -119.20633787, 46.23062463 ], [ -119.206269208266889, 46.230627995310527 ], [ -119.206147923, 46.230633938 ], [ -119.206009870534842, 46.230604219350184 ], [ -119.20593523, 46.23058815 ], [ -119.20516417, 46.23037289 ], [ -119.205005755288042, 46.230338624292763 ], [ -119.204793952, 46.230292807 ], [ -119.204619582, 46.230318696 ], [ -119.204421435, 46.230344349 ], [ -119.203956425, 46.23025795 ], [ -119.203152961, 46.23008626 ], [ -119.203131778424748, 46.230084247875027 ], [ -119.20226101, 46.23000153 ], [ -119.20200071, 46.22996631 ], [ -119.20171128704132, 46.2298694838233 ], [ -119.201647009, 46.229847979 ], [ -119.201607754, 46.229831158 ], [ -119.201261101, 46.229762266 ], [ -119.200819245, 46.229708928 ], [ -119.199934672, 46.229651705 ], [ -119.199635095, 46.229605149 ], [ -119.199358300965699, 46.229541196848878 ], [ -119.19909171, 46.2294796 ], [ -119.198805093117684, 46.229437575668236 ], [ -119.198295242, 46.229362816 ], [ -119.19813769, 46.229328477 ], [ -119.197824221, 46.229172095 ], [ -119.197733163753071, 46.229145125667927 ], [ -119.19769051, 46.22913249 ], [ -119.19684657, 46.22901524 ], [ -119.19638923, 46.22894534 ], [ -119.19590767, 46.22890262 ], [ -119.19514981, 46.22883548 ], [ -119.1950866, 46.22883493 ], [ -119.194714750771851, 46.2288480799727 ], [ -119.194367601, 46.228806548 ], [ -119.194139096100869, 46.228766736299285 ], [ -119.19373702, 46.22869668 ], [ -119.19290961, 46.22854117 ], [ -119.19207365, 46.22841844 ], [ -119.191672779097999, 46.228338693221438 ], [ -119.191422735, 46.228288948 ], [ -119.191477984, 46.228115277 ], [ -119.191567149145101, 46.227834991532752 ], [ -119.19172328, 46.22734422 ], [ -119.191723318192643, 46.227344083180448 ], [ -119.191724906, 46.227339092 ], [ -119.191770095, 46.227176534 ], [ -119.191805013, 46.226937439 ], [ -119.19180760928019, 46.226916302760728 ], [ -119.19180986, 46.226898 ], [ -119.191827839377993, 46.226082491122362 ], [ -119.191844301911985, 46.225335869992328 ], [ -119.19426049, 46.22532617 ], [ -119.19502429, 46.22532309 ], [ -119.195063525, 46.225322935 ], [ -119.195102760008282, 46.225322781003896 ], [ -119.19510329, 46.22538702 ], [ -119.195115688965927, 46.226899177219813 ], [ -119.19511577, 46.226909064 ], [ -119.199494622720366, 46.226935714683215 ], [ -119.20060932, 46.2269425 ], [ -119.200951588676659, 46.226944573113435 ], [ -119.201627978, 46.226948672 ], [ -119.201655209387781, 46.226948750883317 ], [ -119.201797895173996, 46.226949174723153 ], [ -119.217367068, 46.226994275 ], [ -119.217367069, 46.226994275 ], [ -119.21811347781393, 46.226996436491838 ], [ -119.218315228454372, 46.226997011278051 ], [ -119.218356899936566, 46.226997131991126 ], [ -119.2183555, 46.22704107 ], [ -119.218337334146383, 46.227612238005229 ], [ -119.218318695, 46.228198128 ], [ -119.218311168, 46.229478314 ], [ -119.218310619905779, 46.229571598050065 ], [ -119.21831006, 46.22966655 ] ] ], [ [ [ -119.251769974699812, 46.238937523802335 ], [ -119.251743877, 46.238896421 ], [ -119.25171341, 46.238881953 ], [ -119.251594869128084, 46.238841597959819 ], [ -119.25159465, 46.23884152 ], [ -119.25124169, 46.23877758 ], [ -119.2511454, 46.23875266 ], [ -119.25107204, 46.23875537 ], [ -119.250972461112099, 46.238758855326957 ], [ -119.250920899, 46.238760658 ], [ -119.250832188628436, 46.238736455571519 ], [ -119.25062674, 46.2386804 ], [ -119.249918644751588, 46.238459746575188 ], [ -119.249730087, 46.238400988 ], [ -119.249389088, 46.238323908 ], [ -119.249133071, 46.238295589 ], [ -119.249055752772747, 46.238282978093757 ], [ -119.24873422, 46.23823053 ], [ -119.248421564095224, 46.238122371416679 ], [ -119.248312004847747, 46.238051737500335 ], [ -119.24799156, 46.23784514 ], [ -119.247895267142709, 46.237805866946729 ], [ -119.247873599, 46.237797029 ], [ -119.24741961, 46.237670695 ], [ -119.246984701, 46.237582667 ], [ -119.246891973, 46.237560197 ], [ -119.246856773295036, 46.237550252505756 ], [ -119.24682814, 46.23754216 ], [ -119.246723809301585, 46.23751265058366 ], [ -119.246562273, 46.237466956 ], [ -119.24648409800001, 46.237441398 ], [ -119.24642864, 46.23738594 ], [ -119.246395019210951, 46.237352337209231 ], [ -119.246391277, 46.237348596 ], [ -119.245507868, 46.236566395 ], [ -119.245481419937903, 46.236542978345582 ], [ -119.245445160127019, 46.236510870112468 ], [ -119.245449160332896, 46.236510957867978 ], [ -119.2455221, 46.23651256 ], [ -119.245902674738929, 46.236521024392218 ], [ -119.246076031534031, 46.23652488094514 ], [ -119.246152898447676, 46.236572239979246 ], [ -119.246290209, 46.236656842 ], [ -119.246504446, 46.236779503 ], [ -119.246616361206762, 46.236883388574952 ], [ -119.24667826, 46.23694085 ], [ -119.24670377, 46.23698124 ], [ -119.246729276, 46.23702163 ], [ -119.246758080408469, 46.237044497921445 ], [ -119.24678875, 46.23706885 ], [ -119.246808381988117, 46.237082810720125 ], [ -119.24683344, 46.237100634 ], [ -119.247117297, 46.237180922 ], [ -119.247122953864491, 46.237182518625296 ], [ -119.24712508, 46.23718312 ], [ -119.247125096325334, 46.237183123325508 ], [ -119.247132865, 46.237185316 ], [ -119.247612853, 46.237282483 ], [ -119.247780992343181, 46.237329268527048 ], [ -119.24813483, 46.23742773 ], [ -119.24834673, 46.23751408 ], [ -119.248575162331633, 46.237661359971639 ], [ -119.248761636, 46.237781589 ], [ -119.248936451, 46.237842113 ], [ -119.249044513774194, 46.237859730226901 ], [ -119.24924739, 46.23789281 ], [ -119.249471038631, 46.237917549187721 ], [ -119.249528087, 46.237923861 ], [ -119.249630448257847, 46.237947002574302 ], [ -119.24994336, 46.23801775 ], [ -119.249949765674685, 46.238019740670964 ], [ -119.250856117, 46.238302191 ], [ -119.250881483186603, 46.238309101733243 ], [ -119.250933207801879, 46.238323207970659 ], [ -119.250975416, 46.238334724 ], [ -119.251054241, 46.238332659 ], [ -119.251069548, 46.238332262 ], [ -119.25110066, 46.238329149 ], [ -119.251172846, 46.238321961 ], [ -119.25125794, 46.238343971 ], [ -119.251311762863352, 46.238357881578992 ], [ -119.2514315, 46.23838883 ], [ -119.2518006, 46.23845468 ], [ -119.252012, 46.23852666 ], [ -119.25221694, 46.23862388 ], [ -119.25226782, 46.23870405 ], [ -119.25247091, 46.23884829 ], [ -119.25247095924459, 46.238848318329474 ], [ -119.252477099, 46.238852677 ], [ -119.252775371, 46.239023444 ], [ -119.252874213, 46.239117033 ], [ -119.253015612644717, 46.239169384363805 ], [ -119.25323186, 46.23924945 ], [ -119.253302785132789, 46.239272302247734 ], [ -119.25334955, 46.239287372 ], [ -119.25377374, 46.239345882 ], [ -119.253953823225203, 46.239364933684804 ], [ -119.254243, 46.23939553 ], [ -119.25468218, 46.2394994 ], [ -119.255026291681631, 46.239505875098658 ], [ -119.25514028, 46.239508021 ], [ -119.255663717, 46.239472022 ], [ -119.256231219, 46.239355171 ], [ -119.25659183, 46.239337871 ], [ -119.256670020200147, 46.239347168822057 ], [ -119.25699208, 46.23938547 ], [ -119.257559517768001, 46.239504617262895 ], [ -119.257587819, 46.23951056 ], [ -119.258012769, 46.239685873 ], [ -119.258072728904537, 46.239710612679787 ], [ -119.2580758, 46.23971188 ], [ -119.2581685, 46.23975694 ], [ -119.259989657456742, 46.240642078763898 ], [ -119.259990528, 46.240642693 ], [ -119.260349276313377, 46.240882124189156 ], [ -119.2603493, 46.24088214 ], [ -119.26034930000759, 46.240882140002839 ], [ -119.260349303, 46.240882142 ], [ -119.260767799, 46.241039031 ], [ -119.261288948, 46.241200593 ], [ -119.261770049546726, 46.241362503577335 ], [ -119.26194511, 46.24142142 ], [ -119.26243022, 46.24153624 ], [ -119.262863041, 46.241634335 ], [ -119.263245249, 46.241796534 ], [ -119.26360634, 46.241908201 ], [ -119.263980313, 46.242108969 ], [ -119.263985606, 46.242111473 ], [ -119.264285990794974, 46.242227773930196 ], [ -119.264286288695999, 46.242227889494146 ], [ -119.264342213031128, 46.24226759419868 ], [ -119.26447538, 46.24236214 ], [ -119.264565402131197, 46.242392269376779 ], [ -119.264804974, 46.242472454 ], [ -119.26516894, 46.24261025 ], [ -119.26567122, 46.24271347 ], [ -119.26601669, 46.24279259 ], [ -119.266236151369327, 46.242865803786323 ], [ -119.266382477, 46.242914621 ], [ -119.267247209, 46.243173743 ], [ -119.267601105974421, 46.24329003945796 ], [ -119.26809626, 46.24345276 ], [ -119.268463549825441, 46.243512238149606 ], [ -119.268748304, 46.243558354 ], [ -119.269027236, 46.24366476 ], [ -119.269105977061685, 46.243681090830179 ], [ -119.26954467, 46.24377208 ], [ -119.269623078978981, 46.24378834978814 ], [ -119.269621748, 46.243838254 ], [ -119.269614766, 46.244098252 ], [ -119.269613249, 46.244154939 ], [ -119.269534884, 46.244137189 ], [ -119.267388714, 46.243651017 ], [ -119.26700337, 46.243547575 ], [ -119.266137072, 46.24328794 ], [ -119.265795039, 46.243173825 ], [ -119.26553234903308, 46.243113695185976 ], [ -119.26549454, 46.24310504 ], [ -119.265409772332177, 46.243087618630724 ], [ -119.264940822, 46.242991237 ], [ -119.264534713, 46.242837508 ], [ -119.264350411150062, 46.242775810126275 ], [ -119.26412504, 46.24270036 ], [ -119.26392334, 46.24255719 ], [ -119.263653120630366, 46.242450752065132 ], [ -119.263653047761252, 46.242450717475144 ], [ -119.263302090817902, 46.242263561022476 ], [ -119.263300722, 46.242262826 ], [ -119.262969496, 46.242160418 ], [ -119.262907153332037, 46.242133962041208 ], [ -119.26261363, 46.2420094 ], [ -119.262269128634259, 46.241931304473496 ], [ -119.262242946, 46.241925369 ], [ -119.26223447538321, 46.24192336422243 ], [ -119.26171984, 46.24180156 ], [ -119.261436008765742, 46.241706043161507 ], [ -119.261039299, 46.241572535 ], [ -119.26066948907885, 46.241457907217281 ], [ -119.26050626, 46.24140731 ], [ -119.25999739, 46.2412165 ], [ -119.25965085, 46.24098523 ], [ -119.25958684, 46.24094206 ], [ -119.259511800965171, 46.240905802506454 ], [ -119.259495566, 46.240897957 ], [ -119.258920400493665, 46.240620005856002 ], [ -119.25782422, 46.24009027 ], [ -119.25775529, 46.24005694 ], [ -119.25766844, 46.24002112 ], [ -119.257410218133415, 46.239914584566513 ], [ -119.257347601, 46.239888749 ], [ -119.257234506724856, 46.239864998640932 ], [ -119.25685597, 46.2397855 ], [ -119.256644557033894, 46.239760367392229 ], [ -119.256561885, 46.239750538 ], [ -119.25633699, 46.239761329 ], [ -119.256204076374814, 46.239788696388068 ], [ -119.25577797, 46.23987643 ], [ -119.255404774918688, 46.239902081788706 ], [ -119.25516155, 46.239918798 ], [ -119.25492661285692, 46.239914391465575 ], [ -119.25457641, 46.23990782 ], [ -119.25410198, 46.2397956 ], [ -119.25367147, 46.23975003 ], [ -119.253164803314689, 46.239680190456902 ], [ -119.253138516144517, 46.23967171934828 ], [ -119.25296795, 46.23961675 ], [ -119.25247692, 46.23943496 ], [ -119.25234213, 46.23930724 ], [ -119.252059250918322, 46.239142936341651 ], [ -119.25205793904594, 46.23914200620839 ], [ -119.25176998, 46.23893753 ], [ -119.251769974699812, 46.238937523802335 ] ] ], [ [ [ -119.193018077, 46.256146634 ], [ -119.192940105, 46.256147065 ], [ -119.192084971, 46.256140676 ], [ -119.189554674, 46.256121773 ], [ -119.189417657, 46.256114163 ], [ -119.189420568, 46.255976965 ], [ -119.190184005, 46.244966385 ], [ -119.190200386, 46.244828003 ], [ -119.190258289, 46.244828001 ], [ -119.190737744, 46.244825552 ], [ -119.190854187, 46.244832035 ], [ -119.190855457, 46.244832507 ], [ -119.190836727, 46.245361115 ], [ -119.190836727, 46.245361116 ], [ -119.190836727, 46.245361117 ], [ -119.190836727, 46.245361118 ], [ -119.190836728, 46.245361119 ], [ -119.190836728, 46.24536112 ], [ -119.190836729, 46.245361121 ], [ -119.19083673, 46.245361122 ], [ -119.19083673, 46.245361123 ], [ -119.190836731, 46.245361123 ], [ -119.190836732, 46.245361124 ], [ -119.190836733, 46.245361124 ], [ -119.190836734, 46.245361125 ], [ -119.190836735, 46.245361125 ], [ -119.190836736, 46.245361125 ], [ -119.190836737, 46.245361125 ], [ -119.192859732, 46.245372726 ], [ -119.192907642, 46.245380251 ], [ -119.192909635, 46.245381229 ], [ -119.192897231, 46.245729441 ], [ -119.192897231, 46.245729442 ], [ -119.192897231, 46.245729443 ], [ -119.192897231, 46.245729444 ], [ -119.192897232, 46.245729445 ], [ -119.192897232, 46.245729446 ], [ -119.192897233, 46.245729447 ], [ -119.192897234, 46.245729448 ], [ -119.192897235, 46.245729449 ], [ -119.192897236, 46.24572945 ], [ -119.192897237, 46.24572945 ], [ -119.192897238, 46.245729451 ], [ -119.192897239, 46.245729451 ], [ -119.19289724, 46.245729451 ], [ -119.192897241, 46.245729451 ], [ -119.193332191, 46.245731819 ], [ -119.193315774, 46.246197806 ], [ -119.193315774, 46.246197807 ], [ -119.193315774, 46.246197808 ], [ -119.193315774, 46.246197809 ], [ -119.193315774, 46.24619781 ], [ -119.193315775, 46.246197811 ], [ -119.193315776, 46.246197812 ], [ -119.193315776, 46.246197813 ], [ -119.193315777, 46.246197814 ], [ -119.193315778, 46.246197814 ], [ -119.193315779, 46.246197815 ], [ -119.19331578, 46.246197815 ], [ -119.193315781, 46.246197816 ], [ -119.193315782, 46.246197816 ], [ -119.193315783, 46.246197816 ], [ -119.193315784, 46.246197816 ], [ -119.195781993, 46.246206505 ], [ -119.195934002, 46.246214502 ], [ -119.19593631, 46.246357117 ], [ -119.195927357, 46.24662145 ], [ -119.195907411, 46.247210388 ], [ -119.195907411, 46.247210389 ], [ -119.195927332, 46.249947115 ], [ -119.195925567, 46.250074118 ], [ -119.195844846, 46.252375054 ], [ -119.195836338, 46.252617592 ], [ -119.19572175, 46.255883534 ], [ -119.195719592, 46.255945029 ], [ -119.195707189, 46.256089489 ], [ -119.195562544, 46.256099499 ], [ -119.193126564, 46.256144624 ], [ -119.193018077, 46.256146634 ] ] ], [ [ [ -119.26109507, 46.3289963 ], [ -119.2611539, 46.32920742 ], [ -119.2612221, 46.32938438 ], [ -119.26108421, 46.32909719 ], [ -119.26103681, 46.32904779 ], [ -119.261042839731033, 46.328952794237402 ], [ -119.26108297, 46.328952821 ], [ -119.261084926105156, 46.328959849045624 ], [ -119.26109507, 46.3289963 ] ] ], [ [ [ -119.26148708, 46.33007346 ], [ -119.26133681, 46.32993086 ], [ -119.26127368, 46.32981019 ], [ -119.26124328, 46.32943934 ], [ -119.261292441674129, 46.329566888245772 ], [ -119.261307959, 46.329607151 ], [ -119.261381219, 46.32982623 ], [ -119.261565096, 46.330028398 ], [ -119.261679508, 46.330422783 ], [ -119.26182672, 46.33094319 ], [ -119.2619414, 46.33136504 ], [ -119.262062129020606, 46.331583898224551 ], [ -119.26206212924987, 46.331583922967781 ], [ -119.26205595, 46.33177312 ], [ -119.26205594865236, 46.331773130653794 ], [ -119.262048151, 46.331786858 ], [ -119.262027534934489, 46.331995366334652 ], [ -119.26203188, 46.33173006 ], [ -119.26169241, 46.33071526 ], [ -119.26158188, 46.3302382 ], [ -119.26148708, 46.33007346 ] ] ], [ [ [ -119.25536548, 46.33176546 ], [ -119.25543688, 46.3316942 ], [ -119.25549242, 46.3316832 ], [ -119.25565062, 46.3317876 ], [ -119.25571388, 46.3317656 ], [ -119.25573001, 46.33162846 ], [ -119.25557208, 46.3310636 ], [ -119.25535941, 46.3300982 ], [ -119.25526448, 46.3298734 ], [ -119.25508281, 46.32959899 ], [ -119.25505908, 46.32947826 ], [ -119.25499588, 46.32938506 ], [ -119.25495661, 46.32905046 ], [ -119.25495671, 46.32894841 ], [ -119.25748074, 46.32895027 ], [ -119.25760068, 46.32923826 ], [ -119.25773448, 46.33009926 ], [ -119.25789228, 46.33062586 ], [ -119.25793948, 46.3308892 ], [ -119.25808888, 46.3320464 ], [ -119.258429785810193, 46.333955810522973 ], [ -119.255683698279356, 46.333930249287675 ], [ -119.25565648, 46.33378926 ], [ -119.25563301, 46.33351506 ], [ -119.25569642, 46.333389 ], [ -119.25573608, 46.33333966 ], [ -119.25587082, 46.33331226 ], [ -119.25591041, 46.33326846 ], [ -119.25591048, 46.3331588 ], [ -119.25579968, 46.33308186 ], [ -119.25579982, 46.33296666 ], [ -119.25575228, 46.33291186 ], [ -119.25564942, 46.33293926 ], [ -119.25560988, 46.33288986 ], [ -119.25560222, 46.33267046 ], [ -119.25565761, 46.3326376 ], [ -119.25574468, 46.33262666 ], [ -119.25585548, 46.33274186 ], [ -119.25591088, 46.33275286 ], [ -119.25597428, 46.33268166 ], [ -119.25595068, 46.33251706 ], [ -119.25582448, 46.33211666 ], [ -119.25575328, 46.3320344 ], [ -119.25547628, 46.3319246 ], [ -119.25541302, 46.33188606 ], [ -119.25538128, 46.33184226 ], [ -119.25536548, 46.33176546 ] ] ], [ [ [ -119.26214202, 46.33259666 ], [ -119.26202362, 46.3322346 ], [ -119.26202731, 46.33200909 ], [ -119.26210798, 46.33226924 ], [ -119.262158937210671, 46.332492148829111 ], [ -119.262206927, 46.332702087 ], [ -119.262227949289283, 46.333020234847389 ], [ -119.26223446, 46.33311878 ], [ -119.26225977, 46.33328868 ], [ -119.2623193338395, 46.333369933032635 ], [ -119.262363989, 46.333430853 ], [ -119.262368488987335, 46.333522357223565 ], [ -119.2623834, 46.33382564 ], [ -119.26240912, 46.33393803 ], [ -119.262417046145586, 46.333972651756739 ], [ -119.262421699, 46.333992979 ], [ -119.262413540136805, 46.333992901539773 ], [ -119.26238426, 46.33399262 ], [ -119.26234668, 46.3338636 ], [ -119.26224402, 46.3336222 ], [ -119.26223648, 46.33321639 ], [ -119.26214168, 46.33287079 ], [ -119.26214202, 46.33259666 ] ] ] ] } }
]
}
