{
"type": "FeatureCollection",
"name": "chelan_ui_with_pop_centers",
"crs": { "type": "name", "properties": { "name": "urn:ogc:def:crs:OGC:1.3:CRS84" } },
"features": [
{ "type": "Feature", "properties": { }, "geometry": { "type": "MultiPolygon", "coordinates": [ [ [ [ -120.36697305, 47.42731681 ], [ -120.36697569, 47.42775406 ], [ -120.36698252, 47.42816401 ], [ -120.36698571, 47.42835517 ], [ -120.36699416, 47.4285754 ], [ -120.36699591, 47.42898572 ], [ -120.36700249, 47.42939084 ], [ -120.3670885, 47.43092137 ], [ -120.36712506, 47.43155283 ], [ -120.36713216, 47.43167398 ], [ -120.36713949, 47.4317884 ], [ -120.3671597, 47.43214878 ], [ -120.3671688, 47.43230393 ], [ -120.36718119, 47.43252578 ], [ -120.36729455, 47.43252418 ], [ -120.36732188, 47.43306694 ], [ -120.36734918, 47.43394726 ], [ -120.36735572, 47.43415809 ], [ -120.36737979, 47.43493397 ], [ -120.36739079, 47.43528855 ], [ -120.36741549, 47.43608514 ], [ -120.3674576, 47.43729017 ], [ -120.36582904, 47.4372721 ], [ -120.3654153, 47.43653273 ], [ -120.3642941, 47.43652468 ], [ -120.36424821, 47.43519745 ], [ -120.3642468, 47.43515681 ], [ -120.36413243, 47.43514246 ], [ -120.36388461, 47.43514463 ], [ -120.36401821, 47.43446904 ], [ -120.36317249, 47.43402413 ], [ -120.3625198, 47.43368076 ], [ -120.3621744, 47.43349905 ], [ -120.36206416, 47.4332889 ], [ -120.36204189, 47.43325026 ], [ -120.36186082, 47.43320208 ], [ -120.36177105, 47.43317893 ], [ -120.3615645, 47.43312566 ], [ -120.36150129, 47.43130007 ], [ -120.36149939, 47.43124434 ], [ -120.36158383, 47.43126803 ], [ -120.36167213, 47.43129276 ], [ -120.36166743, 47.43080934 ], [ -120.36166693, 47.43075481 ], [ -120.36174725, 47.43075298 ], [ -120.36192478, 47.43074895 ], [ -120.36192681, 47.43069986 ], [ -120.36239864, 47.43081041 ], [ -120.36273759, 47.43083858 ], [ -120.36274193, 47.43108101 ], [ -120.36298478, 47.43107878 ], [ -120.36353823, 47.43107371 ], [ -120.36388783, 47.43107716 ], [ -120.36428402, 47.43109074 ], [ -120.36428969, 47.4316157 ], [ -120.36453507, 47.431588 ], [ -120.36451313, 47.43111563 ], [ -120.36450883, 47.43102296 ], [ -120.36450667, 47.43097649 ], [ -120.36450484, 47.43093708 ], [ -120.36450216, 47.43087944 ], [ -120.3644997, 47.43082644 ], [ -120.36500172, 47.43082961 ], [ -120.36528993, 47.43083143 ], [ -120.36529038, 47.43078921 ], [ -120.36471791, 47.43057084 ], [ -120.36398233, 47.43055895 ], [ -120.36397445, 47.43013598 ], [ -120.36410998, 47.43013757 ], [ -120.36411003, 47.42990151 ], [ -120.36457981, 47.42990126 ], [ -120.36453186, 47.42981525 ], [ -120.36431454, 47.42942537 ], [ -120.36427399, 47.42772974 ], [ -120.36437247, 47.42770181 ], [ -120.36493138, 47.42755935 ], [ -120.36500853, 47.42753938 ], [ -120.3650357, 47.42804558 ], [ -120.36560131, 47.42804052 ], [ -120.36568199, 47.42803759 ], [ -120.36564237, 47.42730897 ], [ -120.36564965, 47.42710769 ], [ -120.36579515, 47.42701134 ], [ -120.36616516, 47.42684141 ], [ -120.36624769, 47.426806 ], [ -120.36632546, 47.42677263 ], [ -120.36652815, 47.42668567 ], [ -120.366861, 47.42659131 ], [ -120.36696057, 47.42656308 ], [ -120.36695718, 47.42635965 ], [ -120.36695134, 47.42600895 ], [ -120.36705095, 47.42617897 ], [ -120.36726549, 47.42627333 ], [ -120.36778141, 47.42647336 ], [ -120.36860876, 47.42680191 ], [ -120.36869316, 47.42684061 ], [ -120.36877887, 47.42689531 ], [ -120.36882321, 47.42693465 ], [ -120.36888965, 47.42702314 ], [ -120.36891908, 47.42710291 ], [ -120.36892767, 47.42716917 ], [ -120.36891707, 47.42723906 ], [ -120.36888252, 47.4273231 ], [ -120.36697305, 47.42731681 ] ] ], [ [ [ -120.340780457, 47.440952714 ], [ -120.340785517, 47.440964819 ], [ -120.340780334, 47.441998213 ], [ -120.340121153, 47.441997276 ], [ -120.340121152, 47.441997276 ], [ -120.340121151, 47.441997276 ], [ -120.34012115, 47.441997277 ], [ -120.340121149, 47.441997277 ], [ -120.340121148, 47.441997277 ], [ -120.340121148, 47.441997278 ], [ -120.340121147, 47.441997278 ], [ -120.340121146, 47.441997279 ], [ -120.340121145, 47.44199728 ], [ -120.340121145, 47.441997281 ], [ -120.340121144, 47.441997281 ], [ -120.340121144, 47.441997282 ], [ -120.340121143, 47.441997283 ], [ -120.340121143, 47.441997284 ], [ -120.340121143, 47.441997285 ], [ -120.340121143, 47.441997286 ], [ -120.340113274, 47.442402563 ], [ -120.339922205, 47.442400575 ], [ -120.33950715, 47.442399109 ], [ -120.339509442, 47.441717992 ], [ -120.339509442, 47.441717991 ], [ -120.339509442, 47.44171799 ], [ -120.339509442, 47.441717989 ], [ -120.339509441, 47.441717989 ], [ -120.339509441, 47.441717988 ], [ -120.33950944, 47.441717987 ], [ -120.33950944, 47.441717986 ], [ -120.339509439, 47.441717985 ], [ -120.339509438, 47.441717985 ], [ -120.339509438, 47.441717984 ], [ -120.339509437, 47.441717984 ], [ -120.339509436, 47.441717983 ], [ -120.339509435, 47.441717983 ], [ -120.339509434, 47.441717983 ], [ -120.339509433, 47.441717982 ], [ -120.339509432, 47.441717982 ], [ -120.33818179, 47.441718537 ], [ -120.338175361, 47.441570665 ], [ -120.338176877, 47.441310918 ], [ -120.338178493, 47.441033923 ], [ -120.338186361, 47.440892208 ], [ -120.338328245, 47.440888461 ], [ -120.34063541, 47.440942063 ], [ -120.340780457, 47.440952714 ] ] ], [ [ [ -120.33686473, 47.44857229 ], [ -120.33687126, 47.44820518 ], [ -120.33687531, 47.44797731 ], [ -120.33687754, 47.44785168 ], [ -120.33693966, 47.44785239 ], [ -120.337430871388563, 47.447858013395155 ], [ -120.340433438960744, 47.447892330983734 ], [ -120.34083189, 47.44789687 ], [ -120.34085115, 47.4471217 ], [ -120.34085422, 47.44699813 ], [ -120.34086813, 47.44643835 ], [ -120.34087418, 47.44619485 ], [ -120.34087339, 47.44601404 ], [ -120.34074799, 47.44601242 ], [ -120.34075425, 47.44576093 ], [ -120.34001206, 47.44575509 ], [ -120.34002027, 47.44551259 ], [ -120.34002178, 47.44546819 ], [ -120.33952424, 47.4454629 ], [ -120.33952656, 47.4452704 ], [ -120.33905212, 47.44526511 ], [ -120.33846561, 47.44525858 ], [ -120.33845998, 47.44544965 ], [ -120.33808984, 47.44544374 ], [ -120.33781745, 47.4454394 ], [ -120.33781952, 47.44500908 ], [ -120.33782149, 47.44459966 ], [ -120.33782311, 47.44426316 ], [ -120.3379763, 47.44426506 ], [ -120.33814738, 47.44426719 ], [ -120.33816675, 47.44362223 ], [ -120.33816883, 47.4435528 ], [ -120.33872516, 47.44355841 ], [ -120.33884171, 47.44355958 ], [ -120.33884877, 47.44309956 ], [ -120.33885342, 47.44279647 ], [ -120.33885791, 47.44250363 ], [ -120.33897615, 47.44250747 ], [ -120.33897079, 47.44279363 ], [ -120.3389645, 47.4431296 ], [ -120.33895695, 47.44353309 ], [ -120.33951112, 47.44353774 ], [ -120.3398258, 47.44354038 ], [ -120.33990334, 47.44354103 ], [ -120.34023793, 47.44354207 ], [ -120.34024014, 47.44335973 ], [ -120.34024262, 47.44315505 ], [ -120.34024509, 47.44295186 ], [ -120.34077025, 47.44295299 ], [ -120.34076992, 47.44300711 ], [ -120.34094776, 47.44300332 ], [ -120.34133359, 47.44300652 ], [ -120.34186857, 47.44301095 ], [ -120.34186719, 47.44318294 ], [ -120.34186575, 47.44336209 ], [ -120.34220104, 47.44337719 ], [ -120.34219914, 47.44357932 ], [ -120.3421984, 47.44365831 ], [ -120.34219718, 47.44378743 ], [ -120.34219583, 47.44393123 ], [ -120.34219532, 47.44398551 ], [ -120.34219339, 47.44419042 ], [ -120.34262732, 47.44419268 ], [ -120.34308973, 47.4441951 ], [ -120.34353855, 47.44419744 ], [ -120.34353757, 47.44427968 ], [ -120.34353731, 47.44439301 ], [ -120.3435367, 47.44466358 ], [ -120.34353634, 47.44482317 ], [ -120.34353616, 47.44490434 ], [ -120.34353544, 47.44522622 ], [ -120.34353482, 47.44550273 ], [ -120.34353415, 47.44579784 ], [ -120.34353357, 47.44605818 ], [ -120.34353313, 47.44622599 ], [ -120.34352818, 47.44701443 ], [ -120.34393534, 47.44701631 ], [ -120.34415155, 47.44701729 ], [ -120.34434667, 47.4468969 ], [ -120.34485183, 47.44689841 ], [ -120.34519888, 47.44689946 ], [ -120.34519723, 47.44702209 ], [ -120.34569178, 47.44702435 ], [ -120.34567948, 47.44785429 ], [ -120.34616031, 47.44785581 ], [ -120.34616616, 47.44826541 ], [ -120.34616948, 47.44849742 ], [ -120.34617004, 47.44853694 ], [ -120.3461743, 47.44883525 ], [ -120.34617713, 47.44903332 ], [ -120.34618152, 47.44934049 ], [ -120.34563893, 47.44934082 ], [ -120.34564033, 47.44967743 ], [ -120.34532876, 47.44967563 ], [ -120.3453233, 47.44979445 ], [ -120.34533347, 47.45018454 ], [ -120.34573957, 47.45018299 ], [ -120.34619338, 47.45018126 ], [ -120.346187, 47.45055525 ], [ -120.34618585, 47.4506224 ], [ -120.34617925, 47.45100938 ], [ -120.34617229, 47.4514174 ], [ -120.34617009, 47.45154604 ], [ -120.3417432, 47.45151143 ], [ -120.34156318, 47.45151002 ], [ -120.34156261, 47.45103762 ], [ -120.34174599, 47.45103879 ], [ -120.34227947, 47.45104218 ], [ -120.34245175, 47.45104328 ], [ -120.34244771, 47.45061271 ], [ -120.34218193, 47.45061188 ], [ -120.34082233, 47.45060764 ], [ -120.34072497, 47.45060734 ], [ -120.34071667, 47.45148696 ], [ -120.34071665991921, 47.451486959910952 ], [ -120.34071665, 47.451488011 ], [ -120.340145961680321, 47.451481918669039 ], [ -120.34013932, 47.45148186 ], [ -120.33945313, 47.45147454 ], [ -120.33899976, 47.4514697 ], [ -120.33854638, 47.45146486 ], [ -120.33812865, 47.45146039 ], [ -120.33812523, 47.45237029 ], [ -120.33812435, 47.45260544 ], [ -120.33812325, 47.45289635 ], [ -120.33812293, 47.45298215 ], [ -120.33812202, 47.45322382 ], [ -120.33767397, 47.45322281 ], [ -120.3374315, 47.45322227 ], [ -120.33709195, 47.4532215 ], [ -120.336768, 47.45322077 ], [ -120.33676852, 47.45288533 ], [ -120.33676882, 47.4526879 ], [ -120.33677073, 47.45144588 ], [ -120.33691978, 47.4514466 ], [ -120.33692872, 47.45050635 ], [ -120.33719597, 47.45050752 ], [ -120.33719928, 47.45015841 ], [ -120.33683504, 47.45015682 ], [ -120.33683944, 47.44969437 ], [ -120.33684663, 47.44959105 ], [ -120.33685225, 47.44927473 ], [ -120.33685518, 47.44910992 ], [ -120.33685838, 47.44892998 ], [ -120.33686155, 47.44875116 ], [ -120.33686473, 47.44857229 ] ] ], [ [ [ -120.33915064, 47.45877729 ], [ -120.33927437, 47.45877766 ], [ -120.33957098, 47.45877855 ], [ -120.33985645, 47.45877941 ], [ -120.34014264, 47.45878026 ], [ -120.34047734, 47.45878127 ], [ -120.34077915, 47.45878217 ], [ -120.34093344, 47.45878263 ], [ -120.34177485, 47.45878513 ], [ -120.3416689, 47.45897723 ], [ -120.34146878, 47.45935489 ], [ -120.34173677, 47.45942636 ], [ -120.34199437, 47.45950117 ], [ -120.3422486, 47.45958113 ], [ -120.34249923, 47.45966615 ], [ -120.34274604, 47.45975617 ], [ -120.34298881, 47.45985109 ], [ -120.34322734, 47.45995085 ], [ -120.34346545, 47.46005723 ], [ -120.34345515, 47.45960416 ], [ -120.34345279, 47.4595293 ], [ -120.34371183, 47.45940483 ], [ -120.34387779, 47.45932509 ], [ -120.34394261, 47.45938802 ], [ -120.34406172, 47.45944769 ], [ -120.34416819, 47.45949125 ], [ -120.34428185, 47.45953568 ], [ -120.34442368, 47.45959112 ], [ -120.34479139, 47.45973487 ], [ -120.34491638, 47.45978373 ], [ -120.34487025, 47.45927716 ], [ -120.34515324, 47.45891217 ], [ -120.34545731, 47.45902067 ], [ -120.34561746, 47.45907782 ], [ -120.34585705, 47.45916331 ], [ -120.34611094, 47.45926541 ], [ -120.34662354, 47.45916188 ], [ -120.34666958, 47.45921381 ], [ -120.34734848, 47.45997959 ], [ -120.34613609, 47.46000326 ], [ -120.34615046, 47.46042592 ], [ -120.34417319, 47.46041952 ], [ -120.34351805, 47.46041619 ], [ -120.34273262, 47.46051138 ], [ -120.34269652, 47.46047142 ], [ -120.34253532, 47.46031775 ], [ -120.34242265, 47.46015582 ], [ -120.34230985, 47.46004602 ], [ -120.34221305, 47.45996902 ], [ -120.34208392, 47.45988122 ], [ -120.34176085, 47.45973822 ], [ -120.34140552, 47.45962815 ], [ -120.34106612, 47.45956462 ], [ -120.34075525, 47.45946542 ], [ -120.34048672, 47.45940082 ], [ -120.34034852, 47.45934942 ], [ -120.34015745, 47.45927822 ], [ -120.33981825, 47.45918182 ], [ -120.33884885, 47.45896115 ], [ -120.33852565, 47.45889762 ], [ -120.338493394650541, 47.458890734867403 ], [ -120.337099003, 47.458858409 ], [ -120.336973349, 47.45885008 ], [ -120.33692392, 47.458833343 ], [ -120.336958418, 47.458697174 ], [ -120.336989674945116, 47.458595312022545 ], [ -120.33698967, 47.45859531 ], [ -120.33706286, 47.45835676 ], [ -120.33712282, 47.45816648 ], [ -120.33756304, 47.45835919 ], [ -120.33761129, 47.45830243 ], [ -120.33780651, 47.45836831 ], [ -120.33788568, 47.45839502 ], [ -120.3381305, 47.45847764 ], [ -120.33827578, 47.45852623 ], [ -120.3384278, 47.45856986 ], [ -120.33853836, 47.45860159 ], [ -120.33872742, 47.45865584 ], [ -120.33900529, 47.45873558 ], [ -120.33915064, 47.45877729 ] ] ], [ [ [ -120.31932275, 47.4877268 ], [ -120.31963236, 47.487272 ], [ -120.3197996, 47.48702632 ], [ -120.31997397, 47.48677017 ], [ -120.32013169, 47.48653847 ], [ -120.32030143, 47.48628911 ], [ -120.32036726, 47.48619241 ], [ -120.32047124, 47.48603966 ], [ -120.32060356, 47.48584527 ], [ -120.32114326, 47.48505238 ], [ -120.32246715, 47.48310733 ], [ -120.32346001, 47.48164853 ], [ -120.32414764, 47.48067658 ], [ -120.3242598, 47.48052386 ], [ -120.32429286, 47.48047884 ], [ -120.3242927, 47.47961147 ], [ -120.32470329, 47.4796085 ], [ -120.32471481, 47.47776796 ], [ -120.32476556, 47.47772696 ], [ -120.32519248, 47.47738213 ], [ -120.32572175, 47.47698782 ], [ -120.32622224, 47.47663737 ], [ -120.32635574, 47.47669833 ], [ -120.32709044, 47.47618518 ], [ -120.32747801, 47.47594149 ], [ -120.32783794, 47.47572847 ], [ -120.3277472, 47.47565053 ], [ -120.32821491, 47.47537293 ], [ -120.32826655, 47.47541638 ], [ -120.32836112, 47.47535919 ], [ -120.32885576, 47.47505837 ], [ -120.32933988, 47.47476395 ], [ -120.32928013, 47.47472304 ], [ -120.33010677, 47.47422714 ], [ -120.33021608, 47.47416162 ], [ -120.33070126, 47.47386453 ], [ -120.33109963, 47.47365012 ], [ -120.33116983, 47.4735908 ], [ -120.3317663, 47.47319171 ], [ -120.33174037, 47.47310923 ], [ -120.33413762, 47.47128759 ], [ -120.33456817, 47.47094731 ], [ -120.33465386, 47.47087958 ], [ -120.33486448, 47.4707047 ], [ -120.33497518, 47.47070401 ], [ -120.33521391, 47.47070252 ], [ -120.33521461, 47.47075726 ], [ -120.33533696, 47.47075648 ], [ -120.33539659, 47.4707561 ], [ -120.33563781, 47.47074217 ], [ -120.33573751, 47.47073642 ], [ -120.33574651, 47.47066504 ], [ -120.33586081, 47.47063938 ], [ -120.33591656, 47.47062687 ], [ -120.33597939, 47.47061386 ], [ -120.33604237, 47.47060115 ], [ -120.33612346, 47.47057428 ], [ -120.33619153, 47.47051847 ], [ -120.3362303, 47.47047467 ], [ -120.3362324, 47.47043571 ], [ -120.33623468, 47.47039354 ], [ -120.33623893, 47.47031473 ], [ -120.33623535, 47.4702707 ], [ -120.33622202, 47.47010648 ], [ -120.33623999, 47.46996967 ], [ -120.33627454, 47.46991641 ], [ -120.33631386, 47.46985582 ], [ -120.33635299, 47.46979551 ], [ -120.33639017, 47.469749 ], [ -120.33647793, 47.46967658 ], [ -120.33654421, 47.46964093 ], [ -120.3366235, 47.4696027 ], [ -120.33668454, 47.46957327 ], [ -120.33682056, 47.4695366 ], [ -120.33714746, 47.46950794 ], [ -120.33720564, 47.46950373 ], [ -120.33822646, 47.46949095 ], [ -120.33865419, 47.46949308 ], [ -120.33877304, 47.46954816 ], [ -120.33877288, 47.46958971 ], [ -120.33877247, 47.46969905 ], [ -120.33901505, 47.46969947 ], [ -120.33901191, 47.46958996 ], [ -120.33901072, 47.46954861 ], [ -120.33910405, 47.46950148 ], [ -120.33915888, 47.4694738 ], [ -120.33952995, 47.46948668 ], [ -120.33951722, 47.47064079 ], [ -120.33951488, 47.4708526 ], [ -120.33951162, 47.47114799 ], [ -120.34085749, 47.47112154 ], [ -120.34094619, 47.47111902 ], [ -120.34124912, 47.47111042 ], [ -120.3415519, 47.47110182 ], [ -120.34217012, 47.47107321 ], [ -120.3421813, 47.47067073 ], [ -120.34277604, 47.47066523 ], [ -120.34309058, 47.47066232 ], [ -120.34307414, 47.46992769 ], [ -120.34309596, 47.46988765 ], [ -120.34316397, 47.46976287 ], [ -120.34318126, 47.46969401 ], [ -120.34270367, 47.4695558 ], [ -120.34252453, 47.46950396 ], [ -120.34268493, 47.46924396 ], [ -120.3427492, 47.46913981 ], [ -120.34267512, 47.46911937 ], [ -120.34260853, 47.469101 ], [ -120.34197777, 47.46891269 ], [ -120.34181011, 47.46880014 ], [ -120.34133842, 47.46853107 ], [ -120.34118369, 47.46846 ], [ -120.34110249, 47.46842271 ], [ -120.33991875, 47.46775429 ], [ -120.33921013, 47.46707305 ], [ -120.33941234, 47.46676317 ], [ -120.33942472, 47.46630884 ], [ -120.339427, 47.46606788 ], [ -120.33913503, 47.46600555 ], [ -120.3389836, 47.465979 ], [ -120.33879305, 47.46594558 ], [ -120.33842488, 47.46584394 ], [ -120.33819721, 47.46570084 ], [ -120.33761962, 47.46522409 ], [ -120.33777491, 47.46513526 ], [ -120.33809673, 47.46495117 ], [ -120.33763175, 47.46470459 ], [ -120.33734021, 47.46451251 ], [ -120.33694748, 47.46411064 ], [ -120.33682415, 47.46391004 ], [ -120.33678546, 47.46384711 ], [ -120.33675163, 47.46378755 ], [ -120.33668163, 47.4636643 ], [ -120.3366116, 47.46354101 ], [ -120.3365893, 47.46350174 ], [ -120.33647356, 47.46347651 ], [ -120.33643702, 47.4633751 ], [ -120.33639737, 47.46326507 ], [ -120.33632824, 47.46291991 ], [ -120.33627686, 47.46250934 ], [ -120.33626991, 47.4619144 ], [ -120.33630615, 47.46153965 ], [ -120.33641302, 47.46101626 ], [ -120.33649259, 47.4608141 ], [ -120.3366154, 47.46081427 ], [ -120.33663215, 47.46075289 ], [ -120.33666323, 47.46057567 ], [ -120.33654157, 47.46057414 ], [ -120.33655334, 47.46049177 ], [ -120.33655827, 47.46042923 ], [ -120.33660177, 47.45987779 ], [ -120.3367063, 47.45951876 ], [ -120.33684989, 47.45905084 ], [ -120.33705752, 47.45912862 ], [ -120.33721692, 47.45922482 ], [ -120.33723512, 47.45923582 ], [ -120.33742865, 47.45937862 ], [ -120.33773572, 47.45943395 ], [ -120.33816492, 47.45948422 ], [ -120.33839845, 47.45951155 ], [ -120.33896412, 47.45958635 ], [ -120.33946512, 47.45967475 ], [ -120.33991765, 47.45976042 ], [ -120.34024065, 47.45983755 ], [ -120.34026092, 47.45984655 ], [ -120.34056372, 47.45998055 ], [ -120.34106425, 47.46024442 ], [ -120.34143545, 47.46042862 ], [ -120.34164925, 47.46059335 ], [ -120.34177832, 47.46069235 ], [ -120.34198792, 47.46090095 ], [ -120.34226172, 47.46124942 ], [ -120.34247105, 47.46156762 ], [ -120.34268445, 47.46187502 ], [ -120.34282925, 47.46211642 ], [ -120.34292565, 47.46233595 ], [ -120.34307052, 47.46255542 ], [ -120.34334846, 47.46288202 ], [ -120.34352566, 47.46312355 ], [ -120.34373505, 47.46341982 ], [ -120.34387972, 47.46367235 ], [ -120.34401252, 47.46389182 ], [ -120.34412532, 47.46405642 ], [ -120.34449625, 47.46438315 ], [ -120.34491592, 47.46462495 ], [ -120.34519052, 47.46472395 ], [ -120.34546512, 47.46486415 ], [ -120.34567492, 47.46498515 ], [ -120.34590505, 47.46509502 ], [ -120.34605032, 47.46519395 ], [ -120.34619546, 47.46534755 ], [ -120.34634105, 47.46531495 ], [ -120.34653512, 47.46529322 ], [ -120.34680992, 47.46535662 ], [ -120.34697152, 47.46536782 ], [ -120.34729512, 47.46533542 ], [ -120.34771546, 47.46536882 ], [ -120.34805486, 47.46542402 ], [ -120.34834552, 47.46555322 ], [ -120.34894032, 47.46536762 ], [ -120.34919912, 47.46532415 ], [ -120.34947412, 47.46529162 ], [ -120.34978152, 47.46524535 ], [ -120.35015365, 47.46521302 ], [ -120.35059032, 47.46518062 ], [ -120.35062206, 47.46517795 ], [ -120.35097852, 47.46514822 ], [ -120.35133432, 47.46511302 ], [ -120.35167406, 47.46506962 ], [ -120.35206212, 47.46504815 ], [ -120.35243412, 47.46503775 ], [ -120.35261212, 47.46500235 ], [ -120.35296406, 47.46495882 ], [ -120.35335206, 47.46495935 ], [ -120.35377252, 47.46493795 ], [ -120.35414452, 47.46490282 ], [ -120.35451652, 47.46485935 ], [ -120.35469452, 47.46483762 ], [ -120.35503426, 47.46480515 ], [ -120.35538992, 47.46480282 ], [ -120.35563246, 47.46483602 ], [ -120.35582666, 47.46480342 ], [ -120.35605306, 47.46480362 ], [ -120.35627932, 47.46481495 ], [ -120.35648952, 47.46483715 ], [ -120.35678046, 47.46486775 ], [ -120.35697446, 47.46491175 ], [ -120.35716832, 47.46493395 ], [ -120.35742706, 47.46495615 ], [ -120.35758886, 47.46495635 ], [ -120.35775046, 47.46497855 ], [ -120.35799306, 47.46494582 ], [ -120.35830032, 47.46493255 ], [ -120.35875312, 47.46494401 ], [ -120.35894712, 47.46494435 ], [ -120.35938372, 47.46496675 ], [ -120.35973932, 47.46500835 ], [ -120.36009106, 47.46504162 ], [ -120.36036586, 47.46503095 ], [ -120.36073786, 47.46502042 ], [ -120.36114213, 47.46505115 ], [ -120.36149766, 47.46509535 ], [ -120.36174013, 47.46515055 ], [ -120.36204712, 47.46523862 ], [ -120.36227346, 47.46528275 ], [ -120.36253212, 47.46529122 ], [ -120.36275846, 47.46529155 ], [ -120.36327592, 47.46534695 ], [ -120.36359926, 47.46534735 ], [ -120.36397092, 47.46542182 ], [ -120.36437506, 47.46552102 ], [ -120.36468206, 47.46560902 ], [ -120.36495672, 47.46570802 ], [ -120.36533232, 47.46584835 ], [ -120.36580086, 47.46602435 ], [ -120.36610786, 47.46616715 ], [ -120.36656006, 47.46635142 ], [ -120.36694773, 47.46652721 ], [ -120.36717373, 47.46669202 ], [ -120.36738353, 47.46688962 ], [ -120.36766186, 47.46710655 ], [ -120.36790413, 47.46723835 ], [ -120.36842086, 47.46758995 ], [ -120.36861412, 47.46784235 ], [ -120.36874313, 47.46804801 ], [ -120.36882366, 47.46817975 ], [ -120.36900546, 47.46823482 ], [ -120.36910246, 47.46826781 ], [ -120.36921533, 47.46833375 ], [ -120.36931226, 47.46841055 ], [ -120.36947373, 47.46854235 ], [ -120.36965113, 47.46868502 ], [ -120.36981253, 47.46884695 ], [ -120.36995752, 47.46905555 ], [ -120.37002172, 47.46924195 ], [ -120.37000913, 47.46947235 ], [ -120.36995993, 47.46974635 ], [ -120.36987853, 47.46998755 ], [ -120.36984586, 47.47013002 ], [ -120.36983333, 47.47027261 ], [ -120.36983286, 47.47046995 ], [ -120.36984853, 47.47066735 ], [ -120.36994453, 47.47108415 ], [ -120.37003466, 47.47128075 ], [ -120.37004513, 47.47130362 ], [ -120.37022246, 47.47152315 ], [ -120.37036766, 47.47168775 ], [ -120.37048053, 47.47184961 ], [ -120.37060933, 47.47204715 ], [ -120.37075433, 47.47226662 ], [ -120.37090346, 47.47247515 ], [ -120.37098393, 47.47263975 ], [ -120.37103213, 47.47279322 ], [ -120.37112866, 47.47300175 ], [ -120.37124126, 47.47326502 ], [ -120.37135793, 47.47348175 ], [ -120.37148686, 47.47369021 ], [ -120.37161586, 47.47386575 ], [ -120.37182553, 47.47409622 ], [ -120.37208353, 47.47440361 ], [ -120.37231346, 47.47464515 ], [ -120.37250733, 47.47474135 ], [ -120.37249153, 47.47456582 ], [ -120.37243926, 47.47445615 ], [ -120.37235873, 47.47432715 ], [ -120.37226213, 47.47410775 ], [ -120.37219813, 47.47382261 ], [ -120.37206933, 47.47354822 ], [ -120.37187553, 47.47348222 ], [ -120.37177833, 47.47350415 ], [ -120.37158433, 47.47352581 ], [ -120.37151986, 47.47344902 ], [ -120.37148753, 47.47338321 ], [ -120.37148373, 47.47330642 ], [ -120.37153253, 47.47315295 ], [ -120.37163026, 47.47291182 ], [ -120.37174373, 47.47276941 ], [ -120.37187326, 47.47271475 ], [ -120.37198666, 47.47269295 ], [ -120.37219686, 47.47266022 ], [ -120.37245566, 47.47267142 ], [ -120.37264953, 47.47274842 ], [ -120.37274633, 47.47282535 ], [ -120.37289173, 47.47289955 ], [ -120.37319886, 47.47299855 ], [ -120.37339273, 47.47304255 ], [ -120.37360293, 47.47306475 ], [ -120.37402353, 47.47308715 ], [ -120.37441153, 47.47308481 ], [ -120.37461263, 47.47307993 ], [ -120.37464124, 47.47311099 ], [ -120.37478024, 47.47336999 ], [ -120.37491924, 47.47373199 ], [ -120.37496524, 47.47381699 ], [ -120.37514124, 47.47413899 ], [ -120.37536324, 47.474537 ], [ -120.37590024, 47.474898 ], [ -120.37667824, 47.475296 ], [ -120.37734524, 47.475528 ], [ -120.37825492, 47.47587154 ], [ -120.37831906, 47.47592355 ], [ -120.37859366, 47.47612122 ], [ -120.37886806, 47.47638741 ], [ -120.37917073, 47.47658515 ], [ -120.37934846, 47.47673882 ], [ -120.37944513, 47.47682662 ], [ -120.37946555, 47.47683358 ], [ -120.37945425, 47.47684426 ], [ -120.37943325, 47.47693601 ], [ -120.37942925, 47.47713301 ], [ -120.37944525, 47.47722101 ], [ -120.37950925, 47.47734101 ], [ -120.37960625, 47.47747301 ], [ -120.37976725, 47.47766001 ], [ -120.37992525, 47.47786801 ], [ -120.38018325, 47.47804401 ], [ -120.38031525, 47.47821402 ], [ -120.38048225, 47.47838802 ], [ -120.38053425, 47.47844202 ], [ -120.38027525, 47.47845002 ], [ -120.38014625, 47.47850402 ], [ -120.38006425, 47.47851502 ], [ -120.37996725, 47.47858102 ], [ -120.37975725, 47.47861402 ], [ -120.37970725, 47.47908502 ], [ -120.37961325, 47.47924802 ], [ -120.37945425, 47.47935702 ], [ -120.37934325, 47.47946602 ], [ -120.37923225, 47.47955202 ], [ -120.37910525, 47.47968302 ], [ -120.37894725, 47.47971302 ], [ -120.37883625, 47.47981002 ], [ -120.37872525, 47.47987602 ], [ -120.37859425, 47.48004902 ], [ -120.37855024, 47.48008502 ], [ -120.37849925, 47.48012502 ], [ -120.37837224, 47.48013702 ], [ -120.37827624, 47.48013802 ], [ -120.37808624, 47.48019002 ], [ -120.37795824, 47.48025502 ], [ -120.37781624, 47.48031002 ], [ -120.37766624, 47.48035802 ], [ -120.37757124, 47.48038702 ], [ -120.37736724, 47.48046702 ], [ -120.37711124, 47.48053202 ], [ -120.37691374, 47.48066152 ], [ -120.37680424, 47.48071402 ], [ -120.37673224, 47.48075702 ], [ -120.37644424, 47.48093502 ], [ -120.37585724, 47.48135602 ], [ -120.37534224, 47.48167602 ], [ -120.37485374, 47.48190852 ], [ -120.37470724, 47.48202702 ], [ -120.37462524, 47.48212502 ], [ -120.37451224, 47.48241002 ], [ -120.37448324, 47.48249802 ], [ -120.37443524, 47.48252502 ], [ -120.37549224, 47.48382303 ], [ -120.37510124, 47.48395302 ], [ -120.37497724, 47.48399503 ], [ -120.37449124, 47.48417402 ], [ -120.3739709, 47.48444402 ], [ -120.37387824, 47.48449202 ], [ -120.37367824, 47.48462302 ], [ -120.37362024, 47.48466102 ], [ -120.37398124, 47.48491003 ], [ -120.37403024, 47.48500603 ], [ -120.37404224, 47.48508903 ], [ -120.37403324, 47.48520203 ], [ -120.37398874, 47.48548903 ], [ -120.37394324, 47.48563203 ], [ -120.37395724, 47.48587103 ], [ -120.37394824, 47.48601603 ], [ -120.37392024, 47.48612103 ], [ -120.37388824, 47.48624303 ], [ -120.37386874, 47.48629503 ], [ -120.37379524, 47.48654303 ], [ -120.37374523, 47.48666503 ], [ -120.37366224, 47.48679803 ], [ -120.37356324, 47.48690903 ], [ -120.37352824, 47.48696903 ], [ -120.37347123, 47.48707003 ], [ -120.37337123, 47.48721903 ], [ -120.37330423, 47.48737403 ], [ -120.37326223, 47.48751903 ], [ -120.37323623, 47.48766303 ], [ -120.37326823, 47.48778503 ], [ -120.37332523, 47.48783603 ], [ -120.37341523, 47.48788003 ], [ -120.37365824, 47.48798703 ], [ -120.37375424, 47.48804304 ], [ -120.37385624, 47.48807104 ], [ -120.37392924, 47.48812704 ], [ -120.37395324, 47.48818804 ], [ -120.37396124, 47.48826104 ], [ -120.37396024, 47.48833304 ], [ -120.37394924, 47.48841204 ], [ -120.37391924, 47.48850604 ], [ -120.37389624, 47.48864504 ], [ -120.37390724, 47.48873104 ], [ -120.37387074, 47.48880304 ], [ -120.37385423, 47.48888004 ], [ -120.37384624, 47.48894704 ], [ -120.37385623, 47.48899404 ], [ -120.37392924, 47.48902404 ], [ -120.37395424, 47.48908404 ], [ -120.37405924, 47.48925304 ], [ -120.37411024, 47.48930204 ], [ -120.37412424, 47.48934504 ], [ -120.37412724, 47.48939904 ], [ -120.37413274, 47.48946254 ], [ -120.37419024, 47.48950104 ], [ -120.37424724, 47.48952104 ], [ -120.37438124, 47.48955754 ], [ -120.37442524, 47.48961804 ], [ -120.37443024, 47.48966404 ], [ -120.37442024, 47.48973904 ], [ -120.37439824, 47.48980104 ], [ -120.37421324, 47.49008804 ], [ -120.37419324, 47.49020604 ], [ -120.37419224, 47.49029104 ], [ -120.37425824, 47.49053404 ], [ -120.37428524, 47.49070404 ], [ -120.37433224, 47.49083605 ], [ -120.37444824, 47.49090205 ], [ -120.37447624, 47.49096105 ], [ -120.37450224, 47.49128205 ], [ -120.37456824, 47.49153105 ], [ -120.37456624, 47.49180605 ], [ -120.37449724, 47.49191105 ], [ -120.37441924, 47.49199605 ], [ -120.37436024, 47.49214605 ], [ -120.37436924, 47.49227005 ], [ -120.37440024, 47.49238705 ], [ -120.37440424, 47.49259405 ], [ -120.37427824, 47.49296905 ], [ -120.37419524, 47.49331805 ], [ -120.37416523, 47.49364105 ], [ -120.37415123, 47.49392005 ], [ -120.37424623, 47.49413806 ], [ -120.37435224, 47.49441006 ], [ -120.37442924, 47.49472706 ], [ -120.37444724, 47.49515006 ], [ -120.37444924, 47.49532606 ], [ -120.37443124, 47.49538206 ], [ -120.37451724, 47.49558906 ], [ -120.37454024, 47.49567706 ], [ -120.37460224, 47.49583706 ], [ -120.37464824, 47.49604406 ], [ -120.37470524, 47.49626706 ], [ -120.37474424, 47.49653106 ], [ -120.37472524, 47.49662606 ], [ -120.37467824, 47.49667006 ], [ -120.37466024, 47.49672206 ], [ -120.37464224, 47.49680106 ], [ -120.37464124, 47.49687307 ], [ -120.37465824, 47.49696907 ], [ -120.37468624, 47.49708007 ], [ -120.37470324, 47.49717607 ], [ -120.37470824, 47.49725207 ], [ -120.37467424, 47.49754907 ], [ -120.37450923, 47.49792307 ], [ -120.37425723, 47.49844907 ], [ -120.37414223, 47.49881207 ], [ -120.37399123, 47.49913107 ], [ -120.37388123, 47.49931407 ], [ -120.37375823, 47.49948807 ], [ -120.37361523, 47.49977407 ], [ -120.37351423, 47.50003307 ], [ -120.37339823, 47.50024707 ], [ -120.37318223, 47.50043707 ], [ -120.37308723, 47.50054707 ], [ -120.37301823, 47.50068407 ], [ -120.37298823, 47.50083807 ], [ -120.37296523, 47.50092107 ], [ -120.37283923, 47.50104407 ], [ -120.37277023, 47.50110507 ], [ -120.37257223, 47.50119107 ], [ -120.37226923, 47.50131007 ], [ -120.37202323, 47.50143907 ], [ -120.37181723, 47.50157807 ], [ -120.37175523, 47.50174807 ], [ -120.37168323, 47.50190507 ], [ -120.37165523, 47.50203307 ], [ -120.37164023, 47.50218907 ], [ -120.37165523, 47.50233608 ], [ -120.37166523, 47.50242708 ], [ -120.37167723, 47.50264708 ], [ -120.37172923, 47.50282108 ], [ -120.37174123, 47.50297708 ], [ -120.37175123, 47.50336108 ], [ -120.37181723, 47.50353508 ], [ -120.37192423, 47.50367308 ], [ -120.37208522, 47.50381108 ], [ -120.37210422, 47.50389058 ], [ -120.37216522, 47.50395808 ], [ -120.37227822, 47.50405508 ], [ -120.37239023, 47.50420108 ], [ -120.37245822, 47.50440808 ], [ -120.37239022, 47.50450808 ], [ -120.37234822, 47.50460008 ], [ -120.37232022, 47.50471908 ], [ -120.37236022, 47.50480108 ], [ -120.37228822, 47.50535908 ], [ -120.37251922, 47.50559909 ], [ -120.37250622, 47.50586909 ], [ -120.37253522, 47.50609409 ], [ -120.37254122, 47.50623809 ], [ -120.37264222, 47.50661009 ], [ -120.37286622, 47.50691209 ], [ -120.37291522, 47.50696509 ], [ -120.37286822, 47.50704809 ], [ -120.37286822, 47.50713309 ], [ -120.37289622, 47.50722409 ], [ -120.37296822, 47.50733109 ], [ -120.37297522, 47.50740909 ], [ -120.37298022, 47.50746009 ], [ -120.37309322, 47.50763509 ], [ -120.37315722, 47.50782709 ], [ -120.37315722, 47.50798109 ], [ -120.37305522, 47.50831009 ], [ -120.37302322, 47.50839209 ], [ -120.37302222, 47.50849609 ], [ -120.37301422, 47.50857309 ], [ -120.37295722, 47.50877009 ], [ -120.37292022, 47.50884109 ], [ -120.37294922, 47.50892609 ], [ -120.37296422, 47.50900309 ], [ -120.37299722, 47.50909109 ], [ -120.37300422, 47.50922809 ], [ -120.37305322, 47.5094141 ], [ -120.37303222, 47.5095871 ], [ -120.37314522, 47.5097271 ], [ -120.37313722, 47.5097791 ], [ -120.37313622, 47.5100701 ], [ -120.37320022, 47.5102941 ], [ -120.37324022, 47.5104101 ], [ -120.37324022, 47.5105061 ], [ -120.37315522, 47.5105441 ], [ -120.37303822, 47.5106261 ], [ -120.37298122, 47.5106921 ], [ -120.37280322, 47.5107551 ], [ -120.37263222, 47.5108261 ], [ -120.37253521, 47.5108781 ], [ -120.37232921, 47.5109411 ], [ -120.37207421, 47.5110551 ], [ -120.37172121, 47.5112411 ], [ -120.37136121, 47.5114031 ], [ -120.37114221, 47.5114601 ], [ -120.37095221, 47.5114981 ], [ -120.37078221, 47.5115561 ], [ -120.37064821, 47.5116081 ], [ -120.37053521, 47.5116461 ], [ -120.37037321, 47.5117111 ], [ -120.37006121, 47.5117931 ], [ -120.36987121, 47.5118311 ], [ -120.36958721, 47.5119021 ], [ -120.36929221, 47.51194609 ], [ -120.36906521, 47.5119591 ], [ -120.36885521, 47.51196509 ], [ -120.36865621, 47.51195909 ], [ -120.36843821, 47.51194509 ], [ -120.36821921, 47.51193909 ], [ -120.3679572, 47.51191409 ], [ -120.36764821, 47.51192209 ], [ -120.3675682, 47.51192509 ], [ -120.3673782, 47.51198209 ], [ -120.3671672, 47.51206109 ], [ -120.3669412, 47.51210509 ], [ -120.3667912, 47.51212409 ], [ -120.3666372, 47.51215709 ], [ -120.3665032, 47.51216209 ], [ -120.3663332, 47.51214309 ], [ -120.3661922, 47.51211009 ], [ -120.3660302, 47.51210409 ], [ -120.3658122, 47.51211709 ], [ -120.3655772, 47.51215009 ], [ -120.3653022, 47.51215009 ], [ -120.3649702, 47.51217409 ], [ -120.3647232, 47.51219809 ], [ -120.3644842, 47.51221209 ], [ -120.3643352, 47.51218709 ], [ -120.3641812, 47.51221109 ], [ -120.3640592, 47.51224409 ], [ -120.3638612, 47.51226909 ], [ -120.3636792, 47.51231509 ], [ -120.3634232, 47.51240309 ], [ -120.3632742, 47.51246809 ], [ -120.36290919, 47.51254409 ], [ -120.36229419, 47.51279308 ], [ -120.36214419, 47.51281208 ], [ -120.36203919, 47.51284008 ], [ -120.36186819, 47.51287808 ], [ -120.36136719, 47.51295908 ], [ -120.36071119, 47.51303008 ], [ -120.36045619, 47.51308208 ], [ -120.36016819, 47.51309508 ], [ -120.35958219, 47.51317108 ], [ -120.35939119, 47.51328008 ], [ -120.35929819, 47.51334308 ], [ -120.35922119, 47.51343408 ], [ -120.35908719, 47.51362008 ], [ -120.35902219, 47.51377908 ], [ -120.35898519, 47.51401208 ], [ -120.35895619, 47.51416008 ], [ -120.35895519, 47.51431908 ], [ -120.35891519, 47.51443408 ], [ -120.35887019, 47.51452408 ], [ -120.35882919, 47.51468008 ], [ -120.35884118, 47.51479608 ], [ -120.35884018, 47.51496908 ], [ -120.35884818, 47.51516908 ], [ -120.35878218, 47.51547609 ], [ -120.35875318, 47.51573309 ], [ -120.35878118, 47.51586209 ], [ -120.35881718, 47.51609209 ], [ -120.35880918, 47.51621309 ], [ -120.35888518, 47.51667609 ], [ -120.35884418, 47.51682409 ], [ -120.35875018, 47.51692009 ], [ -120.35811418, 47.51731709 ], [ -120.35795218, 47.51744009 ], [ -120.35783018, 47.51754109 ], [ -120.35775318, 47.51766509 ], [ -120.35772418, 47.51781809 ], [ -120.35767518, 47.51801809 ], [ -120.35767518, 47.51819109 ], [ -120.35774318, 47.51841009 ], [ -120.35768618, 47.51860809 ], [ -120.35757218, 47.51890309 ], [ -120.35754318, 47.51909509 ], [ -120.35745318, 47.51932809 ], [ -120.35742518, 47.51943809 ], [ -120.35735117, 47.51954809 ], [ -120.35733117, 47.51968709 ], [ -120.35732217, 47.51981609 ], [ -120.35737917, 47.51993109 ], [ -120.35746317, 47.52002209 ], [ -120.35783117, 47.5203621 ], [ -120.35799217, 47.5204391 ], [ -120.35821117, 47.5205681 ], [ -120.35834417, 47.5206591 ], [ -120.35846517, 47.5207171 ], [ -120.35849318, 47.5207991 ], [ -120.35857818, 47.5208901 ], [ -120.35871218, 47.5209231 ], [ -120.35883718, 47.5209671 ], [ -120.35890218, 47.5210051 ], [ -120.35895818, 47.5210901 ], [ -120.35897017, 47.5212251 ], [ -120.35889217, 47.5214551 ], [ -120.35880717, 47.5216271 ], [ -120.35853117, 47.5218791 ], [ -120.35842517, 47.5219941 ], [ -120.35834817, 47.5221471 ], [ -120.35828317, 47.5224631 ], [ -120.35824617, 47.5225721 ], [ -120.35817717, 47.5227121 ], [ -120.35798617, 47.5229181 ], [ -120.35782817, 47.5231231 ], [ -120.35771317, 47.5234081 ], [ -120.35770117, 47.5235041 ], [ -120.35771317, 47.5236051 ], [ -120.35771317, 47.5237151 ], [ -120.35772917, 47.5237971 ], [ -120.35783417, 47.5239211 ], [ -120.35789817, 47.5239591 ], [ -120.35808017, 47.5240311 ], [ -120.35817317, 47.52412111 ], [ -120.35827017, 47.52423611 ], [ -120.35841117, 47.52446111 ], [ -120.35852417, 47.52465311 ], [ -120.35852317, 47.52474911 ], [ -120.35853517, 47.52496911 ], [ -120.35848617, 47.52519411 ], [ -120.35847717, 47.52533311 ], [ -120.35850517, 47.52553911 ], [ -120.35847617, 47.52566811 ], [ -120.35850417, 47.52578311 ], [ -120.35858017, 47.52588511 ], [ -120.35741416, 47.52592611 ], [ -120.35391516, 47.5260511 ], [ -120.35275016, 47.5260931 ], [ -120.35256916, 47.5259811 ], [ -120.35217816, 47.5258371 ], [ -120.35192816, 47.5257861 ], [ -120.35180916, 47.5257841 ], [ -120.35142216, 47.5258021 ], [ -120.35109415, 47.5254611 ], [ -120.35086016, 47.52511409 ], [ -120.35073415, 47.52497609 ], [ -120.35069816, 47.52488509 ], [ -120.35071915, 47.52474209 ], [ -120.35084415, 47.52463709 ], [ -120.35095316, 47.52456709 ], [ -120.35105016, 47.52449709 ], [ -120.35108716, 47.52428209 ], [ -120.35099616, 47.52424409 ], [ -120.35079416, 47.52403209 ], [ -120.35061616, 47.52388409 ], [ -120.35037116, 47.52374409 ], [ -120.35021416, 47.52368609 ], [ -120.34999116, 47.52362709 ], [ -120.34972616, 47.52360309 ], [ -120.34944715, 47.52360509 ], [ -120.34928715, 47.52362909 ], [ -120.34911415, 47.52362509 ], [ -120.34907315, 47.52357409 ], [ -120.34898915, 47.52346909 ], [ -120.34888615, 47.52315109 ], [ -120.34882615, 47.52300609 ], [ -120.34877015, 47.52281608 ], [ -120.34855116, 47.52241508 ], [ -120.34845015, 47.52230408 ], [ -120.34830915, 47.52221108 ], [ -120.34799815, 47.52205108 ], [ -120.34743815, 47.52182208 ], [ -120.34708715, 47.52166108 ], [ -120.34688015, 47.52157508 ], [ -120.34645415, 47.52133108 ], [ -120.34622515, 47.52111008 ], [ -120.34605815, 47.52075508 ], [ -120.34588315, 47.52054407 ], [ -120.34579715, 47.52038907 ], [ -120.34568515, 47.52024307 ], [ -120.34551415, 47.51995107 ], [ -120.34543015, 47.51976907 ], [ -120.34522415, 47.51935907 ], [ -120.34508915, 47.51914907 ], [ -120.34470615, 47.51883407 ], [ -120.34447515, 47.51867607 ], [ -120.34406315, 47.51842307 ], [ -120.34335515, 47.51797506 ], [ -120.34299215, 47.51779606 ], [ -120.34257615, 47.51762406 ], [ -120.34212015, 47.51742406 ], [ -120.34194015, 47.51731206 ], [ -120.34168015, 47.51718906 ], [ -120.34147315, 47.51708506 ], [ -120.34125615, 47.51690906 ], [ -120.34106715, 47.51672506 ], [ -120.34096915, 47.51655206 ], [ -120.34078415, 47.51628706 ], [ -120.34059315, 47.51610205 ], [ -120.34036215, 47.51596205 ], [ -120.33998915, 47.51571905 ], [ -120.33955215, 47.51541205 ], [ -120.33925715, 47.51522505 ], [ -120.33909015, 47.51510405 ], [ -120.33888415, 47.51498305 ], [ -120.33861315, 47.51479605 ], [ -120.33848515, 47.51472105 ], [ -120.33822515, 47.51460705 ], [ -120.33804315, 47.51451305 ], [ -120.33786115, 47.51444605 ], [ -120.33756415, 47.51428604 ], [ -120.33734515, 47.51415504 ], [ -120.33717815, 47.51404304 ], [ -120.33688415, 47.51381104 ], [ -120.33665515, 47.51359904 ], [ -120.33640515, 47.51339404 ], [ -120.33634915, 47.51334904 ], [ -120.33607115, 47.51306304 ], [ -120.33583015, 47.51285104 ], [ -120.33562515, 47.51270204 ], [ -120.33551315, 47.51256504 ], [ -120.33524615, 47.51232404 ], [ -120.33490815, 47.51192103 ], [ -120.33477215, 47.51171003 ], [ -120.33470115, 47.51152903 ], [ -120.33459015, 47.51112103 ], [ -120.33453915, 47.51081403 ], [ -120.33448215, 47.51062403 ], [ -120.33446415, 47.51045203 ], [ -120.33443315, 47.51028103 ], [ -120.33435215, 47.51002703 ], [ -120.33424815, 47.50974503 ], [ -120.33416715, 47.50949203 ], [ -120.33413515, 47.50932903 ], [ -120.33408015, 47.50912103 ], [ -120.33402315, 47.50893903 ], [ -120.33393715, 47.50878402 ], [ -120.33381515, 47.50865902 ], [ -120.33329615, 47.50869202 ], [ -120.33174115, 47.50879402 ], [ -120.33160915, 47.50880302 ], [ -120.33122315, 47.50878602 ], [ -120.33104114, 47.50870002 ], [ -120.33082314, 47.50859002 ], [ -120.33039814, 47.50841702 ], [ -120.33023714, 47.50832602 ], [ -120.33001014, 47.50823002 ], [ -120.32944014, 47.50808902 ], [ -120.32889914, 47.50787801 ], [ -120.32874114, 47.50782501 ], [ -120.32852314, 47.50774001 ], [ -120.32830514, 47.50768201 ], [ -120.32806614, 47.50764301 ], [ -120.32791714, 47.50759401 ], [ -120.32759314, 47.50752701 ], [ -120.32727014, 47.50745001 ], [ -120.32699214, 47.50733801 ], [ -120.32686614, 47.50728801 ], [ -120.32657114, 47.50708501 ], [ -120.32643014, 47.50700501 ], [ -120.32631714, 47.50690901 ], [ -120.32620414, 47.50679401 ], [ -120.32607914, 47.50670301 ], [ -120.32597414, 47.50661501 ], [ -120.32588914, 47.50650501 ], [ -120.32567214, 47.506253 ], [ -120.32548214, 47.506041 ], [ -120.32533314, 47.505822 ], [ -120.32517214, 47.505597 ], [ -120.32508714, 47.505451 ], [ -120.32505114, 47.505352 ], [ -120.32489014, 47.505264 ], [ -120.32483314, 47.505207 ], [ -120.32465214, 47.505116 ], [ -120.32451814, 47.505026 ], [ -120.32427214, 47.504844 ], [ -120.32405814, 47.504737 ], [ -120.32384914, 47.504504 ], [ -120.32380014, 47.504306 ], [ -120.32374414, 47.504183 ], [ -120.32368814, 47.504035 ], [ -120.32366014, 47.50398499 ], [ -120.32356714, 47.50395199 ], [ -120.32351114, 47.503905 ], [ -120.32345414, 47.50386699 ], [ -120.32334914, 47.50378499 ], [ -120.32316814, 47.50366899 ], [ -120.32305514, 47.50352099 ], [ -120.32299814, 47.50341699 ], [ -120.32289414, 47.50332099 ], [ -120.32267614, 47.50317199 ], [ -120.32251414, 47.50302699 ], [ -120.32240114, 47.50291699 ], [ -120.32233714, 47.50284499 ], [ -120.32224414, 47.50275999 ], [ -120.32209114, 47.50265299 ], [ -120.32176814, 47.50238899 ], [ -120.32165514, 47.50231299 ], [ -120.32149414, 47.50215599 ], [ -120.32138114, 47.50198899 ], [ -120.32120414, 47.50184899 ], [ -120.32107814, 47.50171999 ], [ -120.32078814, 47.50162898 ], [ -120.32050014, 47.50155998 ], [ -120.32019714, 47.50146898 ], [ -120.31985014, 47.50132598 ], [ -120.31960314, 47.50125398 ], [ -120.31931614, 47.50121498 ], [ -120.31907014, 47.50116498 ], [ -120.31880714, 47.50109398 ], [ -120.31851963, 47.50103956 ], [ -120.31944789, 47.50101667 ], [ -120.31939195, 47.4989026 ], [ -120.31930737, 47.49570601 ], [ -120.31928518, 47.49486719 ], [ -120.31928194, 47.49474455 ], [ -120.31928264, 47.49462417 ], [ -120.31928399, 47.49439095 ], [ -120.31929239, 47.49294838 ], [ -120.31930224, 47.49125367 ], [ -120.31930677, 47.49047595 ], [ -120.31931227, 47.48952968 ], [ -120.31932098, 47.48803161 ], [ -120.31932275, 47.4877268 ] ] ], [ [ [ -120.499291499, 47.512171869 ], [ -120.499291113, 47.512198774 ], [ -120.499275459, 47.513289082 ], [ -120.4992745, 47.513355869 ], [ -120.499275028, 47.513422661 ], [ -120.499293494, 47.515758086 ], [ -120.499298051, 47.516354073 ], [ -120.49929209, 47.516498151 ], [ -120.49914918, 47.516502174 ], [ -120.496578113457218, 47.516445863775054 ], [ -120.49657741, 47.51666147 ], [ -120.49657648, 47.51694691 ], [ -120.4966354, 47.5171092 ], [ -120.49665382, 47.51723658 ], [ -120.49665487, 47.5173175 ], [ -120.49664226, 47.51747957 ], [ -120.4966055, 47.51767383 ], [ -120.49655482, 47.51786193 ], [ -120.49642373, 47.51810724 ], [ -120.49635065, 47.51824415 ], [ -120.49630581, 47.51841692 ], [ -120.49631029, 47.51858108 ], [ -120.49632309, 47.51867038 ], [ -120.49638668, 47.51882094 ], [ -120.49650799, 47.51903739 ], [ -120.49668888, 47.51947295 ], [ -120.4966593, 47.51882491 ], [ -120.49942831, 47.51881656 ], [ -120.49943208, 47.5184625 ], [ -120.50009543, 47.51846223 ], [ -120.500297, 47.51846215 ], [ -120.50029492, 47.51836574 ], [ -120.50079237, 47.51836811 ], [ -120.50080163, 47.5188119 ], [ -120.50217294, 47.51879842 ], [ -120.50345132, 47.51878507 ], [ -120.50356832, 47.51878351 ], [ -120.50421041, 47.51878013 ], [ -120.50481582, 47.51877619 ], [ -120.50488295, 47.51877652 ], [ -120.50490573, 47.51972193 ], [ -120.5049127, 47.52002662 ], [ -120.5049288, 47.52051569 ], [ -120.50222584, 47.5205441 ], [ -120.50222302, 47.52070895 ], [ -120.50219694, 47.52137661 ], [ -120.50220566, 47.52172128 ], [ -120.50355025, 47.52171051 ], [ -120.50355084, 47.5224347 ], [ -120.50221583, 47.52244562 ], [ -120.50087204, 47.52245642 ], [ -120.50088506, 47.5228166 ], [ -120.50089752, 47.52336901 ], [ -120.50091607, 47.52419102 ], [ -120.49824302, 47.52421987 ], [ -120.49735418, 47.52422453 ], [ -120.4970287, 47.52422758 ], [ -120.49679069, 47.52422982 ], [ -120.4963538, 47.5242404 ], [ -120.49592852, 47.52424219 ], [ -120.4955609, 47.52425175 ], [ -120.49526748, 47.52425872 ], [ -120.49417417, 47.52428779 ], [ -120.4939802, 47.52429286 ], [ -120.49387919, 47.52430235 ], [ -120.49308905, 47.52432459 ], [ -120.49277987, 47.52432693 ], [ -120.4924715, 47.52433628 ], [ -120.4920669, 47.52434418 ], [ -120.49166236, 47.5243542 ], [ -120.49153307, 47.52082229 ], [ -120.49151117, 47.52065773 ], [ -120.49004165, 47.52068925 ], [ -120.48868001, 47.52069774 ], [ -120.48865577, 47.5203958 ], [ -120.48863971, 47.52019567 ], [ -120.48862434, 47.51984113 ], [ -120.48820018, 47.51981945 ], [ -120.48818399, 47.51946553 ], [ -120.48816863, 47.51912973 ], [ -120.48859174, 47.5191271 ], [ -120.48856218, 47.51865756 ], [ -120.48846469, 47.51710863 ], [ -120.48808881, 47.5171083 ], [ -120.48781933, 47.51710806 ], [ -120.48746629, 47.51710775 ], [ -120.48693854, 47.51710727 ], [ -120.48615328, 47.51710656 ], [ -120.48603315, 47.51710935 ], [ -120.48602128, 47.51694145 ], [ -120.4860147, 47.51679253 ], [ -120.48599829, 47.5164212 ], [ -120.48683554, 47.5164151 ], [ -120.48691768, 47.5164145 ], [ -120.48691242, 47.5163157 ], [ -120.48769822, 47.51632472 ], [ -120.48770402, 47.51646797 ], [ -120.48814916, 47.51646926 ], [ -120.48863475, 47.51647013 ], [ -120.488630204824744, 47.516271792619953 ], [ -120.486139617, 47.516217245 ], [ -120.48599122, 47.516206534 ], [ -120.485988763, 47.516205275 ], [ -120.485945212, 47.515219446 ], [ -120.485945212, 47.515219445 ], [ -120.485945211, 47.515219444 ], [ -120.485945211, 47.515219443 ], [ -120.485945211, 47.515219442 ], [ -120.48594521, 47.515219441 ], [ -120.485945209, 47.51521944 ], [ -120.485945209, 47.515219439 ], [ -120.485945208, 47.515219439 ], [ -120.485945207, 47.515219438 ], [ -120.485945206, 47.515219438 ], [ -120.485945205, 47.515219437 ], [ -120.485945204, 47.515219437 ], [ -120.485945203, 47.515219436 ], [ -120.485945202, 47.515219436 ], [ -120.485141879, 47.515217107 ], [ -120.485141878, 47.515217107 ], [ -120.485141877, 47.515217107 ], [ -120.485141876, 47.515217107 ], [ -120.485141875, 47.515217108 ], [ -120.485141874, 47.515217108 ], [ -120.485141873, 47.515217109 ], [ -120.485141872, 47.515217109 ], [ -120.485141872, 47.51521711 ], [ -120.485141871, 47.515217111 ], [ -120.48514187, 47.515217111 ], [ -120.48514187, 47.515217112 ], [ -120.485141869, 47.515217113 ], [ -120.485141869, 47.515217114 ], [ -120.485141869, 47.515217115 ], [ -120.485141869, 47.515217116 ], [ -120.485141869, 47.515217117 ], [ -120.485141869, 47.515217118 ], [ -120.485156657, 47.515493638 ], [ -120.484553532, 47.515495296 ], [ -120.483441825, 47.515494927 ], [ -120.483290915, 47.515487221 ], [ -120.483289337, 47.515486812 ], [ -120.483276009, 47.515220153 ], [ -120.483276009, 47.515220152 ], [ -120.483276008, 47.515220152 ], [ -120.483276008, 47.515220151 ], [ -120.483276008, 47.51522015 ], [ -120.483276007, 47.515220149 ], [ -120.483276007, 47.515220148 ], [ -120.483276006, 47.515220147 ], [ -120.483276005, 47.515220146 ], [ -120.483276004, 47.515220146 ], [ -120.483276003, 47.515220145 ], [ -120.483276002, 47.515220145 ], [ -120.483276002, 47.515220144 ], [ -120.483276001, 47.515220144 ], [ -120.483276, 47.515220144 ], [ -120.483275999, 47.515220144 ], [ -120.480896657, 47.515225597 ], [ -120.48075269, 47.515218808 ], [ -120.480746862, 47.515208984 ], [ -120.480685946, 47.514539525 ], [ -120.480685946, 47.514539524 ], [ -120.480685945, 47.514539523 ], [ -120.480685945, 47.514539522 ], [ -120.480685945, 47.514539521 ], [ -120.480685944, 47.51453952 ], [ -120.480685944, 47.514539519 ], [ -120.480685943, 47.514539519 ], [ -120.480685942, 47.514539518 ], [ -120.480685941, 47.514539517 ], [ -120.48068594, 47.514539516 ], [ -120.480685939, 47.514539516 ], [ -120.480685938, 47.514539516 ], [ -120.480685937, 47.514539516 ], [ -120.480685936, 47.514539516 ], [ -120.480572031, 47.514540964 ], [ -120.48057203, 47.514540964 ], [ -120.480468977, 47.514542274 ], [ -120.480314688, 47.512560515 ], [ -120.480287518, 47.512176074 ], [ -120.480287517, 47.512176073 ], [ -120.480287517, 47.512176072 ], [ -120.480287517, 47.512176071 ], [ -120.480287516, 47.51217607 ], [ -120.480287516, 47.512176069 ], [ -120.480287515, 47.512176068 ], [ -120.480287515, 47.512176067 ], [ -120.480287514, 47.512176067 ], [ -120.480287513, 47.512176066 ], [ -120.480287512, 47.512176066 ], [ -120.480287511, 47.512176065 ], [ -120.48028751, 47.512176065 ], [ -120.480287509, 47.512176065 ], [ -120.480287508, 47.512176064 ], [ -120.47896318315351, 47.512048551887837 ], [ -120.47896318, 47.51204856 ], [ -120.478962972425663, 47.512048531597983 ], [ -120.4787246, 47.51202558 ], [ -120.478729316913302, 47.512016560945931 ], [ -120.47872931, 47.51201656 ], [ -120.47875375, 47.51195895 ], [ -120.47876584, 47.51190925 ], [ -120.47877024, 47.51185898 ], [ -120.47876681, 47.51180865 ], [ -120.47875568, 47.51175884 ], [ -120.47847416, 47.51111504 ], [ -120.47844808, 47.51105538 ], [ -120.47843589368776, 47.511015834222057 ], [ -120.478432815, 47.511005849 ], [ -120.478431884752638, 47.511002824834527 ], [ -120.47842768, 47.51098918 ], [ -120.478427669585514, 47.510989121637699 ], [ -120.478422557, 47.510972501 ], [ -120.478409050210416, 47.510884779495591 ], [ -120.47840897, 47.51088433 ], [ -120.47840904, 47.51079567 ], [ -120.4784211, 47.51071849 ], [ -120.47803467, 47.5108156 ], [ -120.47784084, 47.5108696 ], [ -120.47775418, 47.51089373 ], [ -120.47745571, 47.51097687 ], [ -120.47712164, 47.51106992 ], [ -120.47698404, 47.51121109 ], [ -120.476983465623547, 47.511211698050978 ], [ -120.476558025, 47.511674321 ], [ -120.476541940692428, 47.511679108680688 ], [ -120.47654193, 47.51167912 ], [ -120.47636041, 47.51173315 ], [ -120.47597832, 47.51184689 ], [ -120.47575623, 47.511913 ], [ -120.47484459, 47.51165189 ], [ -120.47343413, 47.51179715 ], [ -120.47318365, 47.51190211 ], [ -120.47295072, 47.51202423 ], [ -120.47273793, 47.51216219 ], [ -120.47254758, 47.51231446 ], [ -120.472547523488274, 47.512314501122518 ], [ -120.472469673, 47.512387327 ], [ -120.472447458257449, 47.512387316714403 ], [ -120.47244744, 47.51238733 ], [ -120.47213923, 47.51238718 ], [ -120.47225137, 47.51286423 ], [ -120.46841672, 47.51286242 ], [ -120.468416717118117, 47.512862409268593 ], [ -120.468388237, 47.512862395 ], [ -120.468371751, 47.51270178 ], [ -120.468370618921242, 47.512690750458262 ], [ -120.4683706, 47.51269068 ], [ -120.46835186, 47.51250804 ], [ -120.46793354, 47.51245598 ], [ -120.467933539154856, 47.512455967645899 ], [ -120.466530849, 47.512281391 ], [ -120.466274723, 47.512218965 ], [ -120.465996413, 47.51204658 ], [ -120.465996412, 47.51204658 ], [ -120.465996412, 47.512046579 ], [ -120.465731543, 47.511938898 ], [ -120.465731542, 47.511938898 ], [ -120.465731541, 47.511938898 ], [ -120.465731541, 47.511938897 ], [ -120.465307459, 47.511880298 ], [ -120.465307458, 47.511880298 ], [ -120.465307457, 47.511880298 ], [ -120.464850775, 47.511897722 ], [ -120.464850774, 47.511897722 ], [ -120.464363053, 47.51196392 ], [ -120.463747824, 47.512041326 ], [ -120.463251562, 47.512044032 ], [ -120.46278843, 47.511998079 ], [ -120.458922408, 47.511476544 ], [ -120.458754028961238, 47.511453826134492 ], [ -120.45875403, 47.51145384 ], [ -120.45864917, 47.51143969 ], [ -120.45863866, 47.51263829 ], [ -120.458638645027705, 47.512638288841451 ], [ -120.458638645, 47.512638292 ], [ -120.458637721, 47.512743651 ], [ -120.458637721, 47.512743652 ], [ -120.458637721, 47.512743653 ], [ -120.458637721, 47.512743654 ], [ -120.458637722, 47.512743655 ], [ -120.458637722, 47.512743656 ], [ -120.458637722, 47.512743657 ], [ -120.458637723, 47.512743658 ], [ -120.458637724, 47.512743658 ], [ -120.458637724, 47.512743659 ], [ -120.458637725, 47.51274366 ], [ -120.459205787, 47.513124077 ], [ -120.459205788, 47.513124078 ], [ -120.459205789, 47.513124078 ], [ -120.45920579, 47.513124079 ], [ -120.46020301, 47.513434725 ], [ -120.463220392, 47.515705257 ], [ -120.463084133, 47.515708847 ], [ -120.461678776665835, 47.515677789202726 ], [ -120.46196084, 47.51588469 ], [ -120.462715, 47.51644685 ], [ -120.46114982, 47.51641313 ], [ -120.46105406, 47.51640353 ], [ -120.45951816, 47.51531287 ], [ -120.45885989, 47.51583554 ], [ -120.45857325, 47.515653 ], [ -120.45826222, 47.51545493 ], [ -120.45782705, 47.51576472 ], [ -120.45811598, 47.51594011 ], [ -120.45846294, 47.51615072 ], [ -120.45825134, 47.51631873 ], [ -120.45802298, 47.51631244 ], [ -120.4566228, 47.51528353 ], [ -120.45615161, 47.51496396 ], [ -120.45555396, 47.51440095 ], [ -120.45550156, 47.51435571 ], [ -120.4550401, 47.51395735 ], [ -120.45503966389883, 47.513956956623112 ], [ -120.454833984, 47.513779401 ], [ -120.454691927606703, 47.513628977333845 ], [ -120.45469169, 47.51362874 ], [ -120.45434653, 47.51326325 ], [ -120.45395771, 47.51285153 ], [ -120.453957725524617, 47.512851529460562 ], [ -120.453925095, 47.512816977 ], [ -120.453924236, 47.512816067 ], [ -120.45349346, 47.512359902 ], [ -120.450352387, 47.508954603 ], [ -120.450352387, 47.508954602 ], [ -120.450118816, 47.50871945 ], [ -120.449571194, 47.50816811 ], [ -120.449367173, 47.5079627 ], [ -120.449367172, 47.507962699 ], [ -120.449098573, 47.507759443 ], [ -120.448663168, 47.507429956 ], [ -120.448556826, 47.507349482 ], [ -120.448556825, 47.507349482 ], [ -120.448556825, 47.507349481 ], [ -120.448556824, 47.507349481 ], [ -120.448556823, 47.50734948 ], [ -120.448260476, 47.507265818 ], [ -120.448260475, 47.507265817 ], [ -120.448260474, 47.507265817 ], [ -120.448260473, 47.507265817 ], [ -120.448260472, 47.507265817 ], [ -120.448260471, 47.507265818 ], [ -120.44826047, 47.507265818 ], [ -120.448260469, 47.507265818 ], [ -120.448260468, 47.507265819 ], [ -120.447935878, 47.507485463 ], [ -120.447935877, 47.507485464 ], [ -120.447935876, 47.507485465 ], [ -120.447935875, 47.507485466 ], [ -120.447935875, 47.507485467 ], [ -120.447935874, 47.507485468 ], [ -120.447935874, 47.507485469 ], [ -120.447935874, 47.50748547 ], [ -120.447935874, 47.507485471 ], [ -120.447935874, 47.507485472 ], [ -120.447968011, 47.507793186 ], [ -120.447805416, 47.508210708 ], [ -120.447285389, 47.509243474 ], [ -120.447285389, 47.509243475 ], [ -120.446960108, 47.510144457 ], [ -120.446960108, 47.510144458 ], [ -120.446960108, 47.510144459 ], [ -120.446887394, 47.51087441 ], [ -120.446708562, 47.510869426 ], [ -120.446708561, 47.510869426 ], [ -120.44670856, 47.510869426 ], [ -120.446708559, 47.510869426 ], [ -120.446708558, 47.510869426 ], [ -120.446708557, 47.510869427 ], [ -120.446708556, 47.510869427 ], [ -120.446708555, 47.510869428 ], [ -120.446708554, 47.510869429 ], [ -120.446708553, 47.51086943 ], [ -120.446708553, 47.510869431 ], [ -120.446708552, 47.510869432 ], [ -120.446708552, 47.510869433 ], [ -120.446708552, 47.510869434 ], [ -120.446708551, 47.510869435 ], [ -120.446708551, 47.510869436 ], [ -120.446708551, 47.510869437 ], [ -120.446708552, 47.510869438 ], [ -120.446708552, 47.510869439 ], [ -120.446708552, 47.51086944 ], [ -120.446708553, 47.510869441 ], [ -120.446913629, 47.511168634 ], [ -120.447017499, 47.511380731 ], [ -120.447101805, 47.511598718 ], [ -120.447255716, 47.512347521 ], [ -120.447280712, 47.512955625 ], [ -120.447251509, 47.513258383 ], [ -120.447114653, 47.513543674 ], [ -120.446837075, 47.513878261 ], [ -120.446837075, 47.513878262 ], [ -120.446837074, 47.513878262 ], [ -120.446837074, 47.513878263 ], [ -120.446837073, 47.513878264 ], [ -120.446837073, 47.513878265 ], [ -120.446837073, 47.513878266 ], [ -120.446837073, 47.513878267 ], [ -120.446837073, 47.513878268 ], [ -120.446837073, 47.513878269 ], [ -120.446837073, 47.51387827 ], [ -120.446837074, 47.513878271 ], [ -120.446837074, 47.513878272 ], [ -120.446837074, 47.513878273 ], [ -120.446837075, 47.513878273 ], [ -120.446837076, 47.513878274 ], [ -120.446837076, 47.513878275 ], [ -120.446837077, 47.513878275 ], [ -120.446837078, 47.513878276 ], [ -120.446837079, 47.513878276 ], [ -120.447195188, 47.514042635 ], [ -120.447349808, 47.514123785 ], [ -120.447355636, 47.514126682 ], [ -120.447318, 47.514160498 ], [ -120.447211005, 47.514247838 ], [ -120.447081627, 47.514199505 ], [ -120.447068495, 47.514193877 ], [ -120.447068493, 47.514193876 ], [ -120.447068491, 47.514193875 ], [ -120.446949491, 47.514142875 ], [ -120.446839863, 47.514095892 ], [ -120.446837491, 47.514094875 ], [ -120.446419923, 47.513916342 ], [ -120.446116014, 47.513785958 ], [ -120.446115975, 47.513785941 ], [ -120.446113491, 47.513784875 ], [ -120.445217121, 47.51340128 ], [ -120.44520449, 47.513395875 ], [ -120.445191835, 47.513390528 ], [ -120.445143898, 47.513370273 ], [ -120.44513349, 47.513365875 ], [ -120.445123066, 47.513361516 ], [ -120.444904072, 47.513269954 ], [ -120.44490149, 47.513268875 ], [ -120.442955097, 47.512457213 ], [ -120.442955094, 47.512457212 ], [ -120.44294949, 47.512454875 ], [ -120.442943881, 47.512452549 ], [ -120.442650995, 47.512331109 ], [ -120.442620557, 47.512318107 ], [ -120.44260449, 47.512304875 ], [ -120.442189489, 47.512128875 ], [ -120.442153031, 47.512113411 ], [ -120.439247154, 47.510880882 ], [ -120.439216489, 47.510867875 ], [ -120.439185681, 47.51085521 ], [ -120.437511819, 47.510167067 ], [ -120.437506488, 47.510164876 ], [ -120.437501153, 47.510162694 ], [ -120.437104875, 47.510000669 ], [ -120.437103106, 47.509999946 ], [ -120.437100488, 47.509998876 ], [ -120.435183351, 47.509217131 ], [ -120.435104107, 47.509183484 ], [ -120.434498196, 47.508915886 ], [ -120.434392423, 47.508869172 ], [ -120.434389487, 47.508867876 ], [ -120.434386551, 47.508866583 ], [ -120.434018307, 47.50870442 ], [ -120.433953487, 47.508675876 ], [ -120.433888012, 47.50864887 ], [ -120.432756638, 47.508182216 ], [ -120.432111216, 47.507916002 ], [ -120.432108487, 47.507914876 ], [ -120.431492118, 47.507661354 ], [ -120.431417289, 47.507629383 ], [ -120.431365639, 47.507606481 ], [ -120.43136388, 47.507605701 ], [ -120.431333171, 47.507591878 ], [ -120.431318429, 47.507585143 ], [ -120.431249684, 47.507553734 ], [ -120.431215389, 47.507537802 ], [ -120.430908685, 47.50739297 ], [ -120.430836757, 47.507357822 ], [ -120.430722751, 47.507300217 ], [ -120.4304442, 47.507159469 ], [ -120.430355552, 47.507112803 ], [ -120.43026095, 47.507060966 ], [ -120.430253486, 47.507056876 ], [ -120.430246011, 47.507052808 ], [ -120.429989981, 47.50691346 ], [ -120.429907723, 47.506866996 ], [ -120.429693261, 47.506741362 ], [ -120.429552984, 47.506659186 ], [ -120.429470789, 47.506609249 ], [ -120.429130423, 47.506394915 ], [ -120.429045488, 47.506339401 ], [ -120.428862713, 47.506215479 ], [ -120.428691951, 47.506099702 ], [ -120.428602179, 47.506036407 ], [ -120.428395193, 47.505884718 ], [ -120.428283124, 47.505802589 ], [ -120.428195084, 47.505735539 ], [ -120.427884015, 47.505489436 ], [ -120.427884003, 47.505489426 ], [ -120.427883984, 47.50548941 ], [ -120.42787484, 47.505482176 ], [ -120.427789405, 47.505411984 ], [ -120.427602027, 47.505252162 ], [ -120.427501506, 47.505166423 ], [ -120.427414945, 47.50508966 ], [ -120.427350016, 47.505029803 ], [ -120.427267882, 47.504954086 ], [ -120.427216648, 47.504906751 ], [ -120.426962593, 47.504641367 ], [ -120.426546727, 47.50414989 ], [ -120.426460469, 47.504037515 ], [ -120.426459839, 47.504035887 ], [ -120.426498485, 47.503999876 ], [ -120.426639485, 47.503873876 ], [ -120.426674485, 47.503836876 ], [ -120.426439485, 47.503649876 ], [ -120.426308485, 47.503570876 ], [ -120.426294485, 47.503536876 ], [ -120.426221485, 47.503357876 ], [ -120.425975484, 47.502813876 ], [ -120.425827484, 47.502589876 ], [ -120.425589484, 47.502320876 ], [ -120.425553484, 47.502287876 ], [ -120.425445484, 47.502188876 ], [ -120.425187141, 47.502014517 ], [ -120.425108985, 47.501927474 ], [ -120.425044043, 47.501837998 ], [ -120.424996017, 47.501753801 ], [ -120.424937744, 47.501637935 ], [ -120.424933474, 47.501615467 ], [ -120.424939541, 47.50158287 ], [ -120.42495061, 47.501545077 ], [ -120.424961125, 47.501518755 ], [ -120.424975249, 47.501496399 ], [ -120.425161484, 47.501312876 ], [ -120.425219484, 47.501265876 ], [ -120.425242484, 47.501248876 ], [ -120.425334484, 47.501191876 ], [ -120.425411484, 47.501138876 ], [ -120.425469484, 47.501097876 ], [ -120.425629484, 47.500988876 ], [ -120.425646484, 47.500976876 ], [ -120.425707484, 47.500938876 ], [ -120.425752484, 47.500908876 ], [ -120.425891484, 47.500820876 ], [ -120.425910484, 47.500803876 ], [ -120.425927484, 47.500786876 ], [ -120.425970484, 47.500753876 ], [ -120.426011484, 47.500719876 ], [ -120.426061484, 47.500636876 ], [ -120.426074484, 47.500617876 ], [ -120.426073484, 47.500589876 ], [ -120.426055484, 47.499911876 ], [ -120.426014026, 47.498329748 ], [ -120.426020596, 47.498245459 ], [ -120.426023557, 47.49812119 ], [ -120.426024477, 47.498108759 ], [ -120.426041483, 47.497878876 ], [ -120.426042483, 47.497869876 ], [ -120.426039483, 47.497201876 ], [ -120.426006117, 47.496985354 ], [ -120.426004358, 47.496954259 ], [ -120.426000775, 47.496921836 ], [ -120.42599524, 47.49674687 ], [ -120.426009257, 47.495984193 ], [ -120.426014257, 47.495761829 ], [ -120.426016483, 47.495663876 ], [ -120.426015673, 47.495584548 ], [ -120.426014498, 47.495278811 ], [ -120.426014483, 47.495269721 ], [ -120.426014483, 47.495197484 ], [ -120.426014483, 47.495177876 ], [ -120.426014355, 47.495158269 ], [ -120.426013525, 47.495031321 ], [ -120.426011532, 47.4945772 ], [ -120.426011483, 47.494487219 ], [ -120.426011483, 47.494468006 ], [ -120.426011483, 47.494440338 ], [ -120.426011985, 47.494385419 ], [ -120.426024006, 47.493728919 ], [ -120.42602443, 47.493705715 ], [ -120.426065454, 47.491575333 ], [ -120.426076584, 47.491011646 ], [ -120.4260862, 47.490871828 ], [ -120.426226268, 47.490867007 ], [ -120.427179673, 47.490880849 ], [ -120.428596757, 47.490902279 ], [ -120.42859676, 47.490902279 ], [ -120.428596799, 47.490902279 ], [ -120.430488572, 47.490930861 ], [ -120.431448729, 47.49094566 ], [ -120.431589276, 47.490954572 ], [ -120.431592714, 47.490958331 ], [ -120.431606483, 47.491580875 ], [ -120.431627483, 47.492108875 ], [ -120.431653483, 47.492628875 ], [ -120.433588483, 47.492608875 ], [ -120.433875483, 47.492601875 ], [ -120.434082484, 47.492606875 ], [ -120.434344484, 47.492775875 ], [ -120.434727484, 47.492790875 ], [ -120.434879823, 47.492815959 ], [ -120.4350719, 47.492854065 ], [ -120.435107209, 47.492862276 ], [ -120.435148484, 47.492871875 ], [ -120.435233484, 47.492891875 ], [ -120.435370919, 47.492917394 ], [ -120.435508052, 47.492942857 ], [ -120.435531631, 47.492947235 ], [ -120.435680484, 47.492974875 ], [ -120.435830541, 47.492994972 ], [ -120.435922834, 47.493007332 ], [ -120.435998546, 47.493019911 ], [ -120.436115113, 47.493052086 ], [ -120.436283161, 47.493091121 ], [ -120.436540484, 47.493182875 ], [ -120.436773484, 47.493246875 ], [ -120.436990484, 47.493276875 ], [ -120.437136484, 47.493284875 ], [ -120.437272484, 47.493273875 ], [ -120.437537484, 47.493267875 ], [ -120.437584667, 47.493267037 ], [ -120.43770617, 47.493269815 ], [ -120.437758618, 47.493275293 ], [ -120.437980849, 47.49331941 ], [ -120.438094484, 47.493355875 ], [ -120.438328484, 47.493429874 ], [ -120.438605484, 47.493453874 ], [ -120.438883485, 47.493459874 ], [ -120.439081485, 47.493445874 ], [ -120.439118843, 47.493446401 ], [ -120.439231051, 47.493448384 ], [ -120.439401872, 47.493456466 ], [ -120.439404181, 47.493456642 ], [ -120.439610728, 47.49348359 ], [ -120.439860426, 47.493548797 ], [ -120.439965114, 47.493589537 ], [ -120.440029485, 47.493617874 ], [ -120.440182046, 47.493675361 ], [ -120.440226669, 47.493692176 ], [ -120.44038251, 47.493755949 ], [ -120.440465436, 47.493792635 ], [ -120.440590557, 47.493847986 ], [ -120.440977296, 47.494054124 ], [ -120.441352485, 47.494290874 ], [ -120.441433485, 47.494320874 ], [ -120.441531485, 47.494357874 ], [ -120.441671485, 47.494420874 ], [ -120.441962485, 47.494508874 ], [ -120.442170443, 47.494553035 ], [ -120.442358014, 47.49462475 ], [ -120.442543546, 47.494708078 ], [ -120.4426796, 47.494770834 ], [ -120.44308191, 47.494969208 ], [ -120.443116946, 47.494986769 ], [ -120.443202859, 47.495030536 ], [ -120.443205486, 47.495031874 ], [ -120.443314638, 47.495087345 ], [ -120.443445026, 47.495162103 ], [ -120.443449401, 47.495165957 ], [ -120.443447486, 47.495393874 ], [ -120.443485486, 47.495552874 ], [ -120.443692486, 47.495658874 ], [ -120.443873486, 47.495764874 ], [ -120.444081486, 47.495853874 ], [ -120.444249486, 47.495942874 ], [ -120.444506486, 47.496038874 ], [ -120.444534486, 47.496049874 ], [ -120.444793657, 47.496134365 ], [ -120.444877745, 47.496181728 ], [ -120.444956581, 47.496232113 ], [ -120.44496372, 47.496260905 ], [ -120.444980327, 47.496350796 ], [ -120.444980068, 47.496352043 ], [ -120.444784486, 47.496382874 ], [ -120.444439486, 47.496294874 ], [ -120.444083486, 47.496161874 ], [ -120.444013486, 47.496135874 ], [ -120.443352486, 47.495913874 ], [ -120.443040486, 47.495850874 ], [ -120.442897486, 47.495885874 ], [ -120.442778486, 47.496069874 ], [ -120.442725486, 47.496263874 ], [ -120.442814486, 47.496572874 ], [ -120.442681486, 47.496947874 ], [ -120.442757486, 47.497127874 ], [ -120.442856032, 47.497262507 ], [ -120.442899486, 47.497321874 ], [ -120.442948486, 47.497356874 ], [ -120.443145486, 47.497498874 ], [ -120.443277486, 47.497643874 ], [ -120.443415486, 47.497843874 ], [ -120.443414486, 47.497984874 ], [ -120.443425486, 47.498094874 ], [ -120.443427486, 47.498120874 ], [ -120.443452486, 47.498187874 ], [ -120.443512486, 47.498207874 ], [ -120.443608486, 47.498240874 ], [ -120.443729487, 47.498246874 ], [ -120.443816487, 47.498250874 ], [ -120.443900487, 47.498296874 ], [ -120.443932487, 47.498314874 ], [ -120.443964487, 47.498408874 ], [ -120.443990487, 47.498486874 ], [ -120.444058487, 47.498903874 ], [ -120.444027487, 47.499511874 ], [ -120.444048487, 47.500026874 ], [ -120.444179487, 47.500120874 ], [ -120.444151487, 47.500384874 ], [ -120.444146487, 47.501010874 ], [ -120.444197487, 47.501219874 ], [ -120.445695488, 47.501198874 ], [ -120.445919972, 47.501143721 ], [ -120.445921536, 47.501146117 ], [ -120.445833488, 47.501208874 ], [ -120.445780488, 47.501309874 ], [ -120.445816488, 47.501471874 ], [ -120.445909488, 47.501625874 ], [ -120.446023488, 47.501701874 ], [ -120.446023488, 47.501729874 ], [ -120.446023488, 47.501767874 ], [ -120.445897488, 47.501898874 ], [ -120.445650488, 47.501967874 ], [ -120.445577488, 47.502071874 ], [ -120.445565488, 47.502142874 ], [ -120.445630488, 47.502192874 ], [ -120.445832488, 47.502310874 ], [ -120.446135488, 47.502439874 ], [ -120.446248488, 47.502477874 ], [ -120.446293488, 47.502532874 ], [ -120.446334488, 47.502561874 ], [ -120.446374488, 47.502590874 ], [ -120.446572488, 47.502705874 ], [ -120.446831488, 47.502823874 ], [ -120.446988488, 47.502974874 ], [ -120.447105488, 47.503007874 ], [ -120.447211488, 47.503037874 ], [ -120.447421488, 47.503141874 ], [ -120.447659488, 47.503276874 ], [ -120.447862488, 47.503317874 ], [ -120.447975488, 47.503344874 ], [ -120.448000488, 47.503352874 ], [ -120.448032488, 47.503363874 ], [ -120.448124488, 47.503429874 ], [ -120.448327489, 47.503531874 ], [ -120.448557489, 47.503602874 ], [ -120.448767428, 47.503647799 ], [ -120.448799721, 47.503663096 ], [ -120.448816742, 47.503678284 ], [ -120.448909489, 47.503811874 ], [ -120.448864489, 47.503992874 ], [ -120.448852489, 47.504137874 ], [ -120.448836489, 47.504214874 ], [ -120.448783489, 47.504307874 ], [ -120.448767489, 47.504378874 ], [ -120.448844489, 47.504493874 ], [ -120.448941489, 47.504595874 ], [ -120.449066489, 47.504666874 ], [ -120.449123489, 47.504787874 ], [ -120.449248489, 47.504877874 ], [ -120.449290489, 47.504910874 ], [ -120.449353489, 47.504960874 ], [ -120.449486489, 47.505099874 ], [ -120.449644489, 47.505176874 ], [ -120.449895489, 47.505204874 ], [ -120.449919489, 47.505207874 ], [ -120.450162489, 47.505313874 ], [ -120.450267489, 47.505385874 ], [ -120.450287489, 47.505399874 ], [ -120.450449489, 47.505459874 ], [ -120.450506489, 47.505503874 ], [ -120.450509489, 47.505569874 ], [ -120.450550489, 47.505681874 ], [ -120.450610489, 47.505791874 ], [ -120.45080049, 47.505917874 ], [ -120.45104349, 47.505980874 ], [ -120.45115449, 47.505990874 ], [ -120.45119749, 47.505994874 ], [ -120.45130649, 47.506093874 ], [ -120.45139949, 47.506243874 ], [ -120.45153649, 47.506370874 ], [ -120.45174249, 47.506515874 ], [ -120.45183249, 47.506592874 ], [ -120.45198949, 47.506671874 ], [ -120.45214849, 47.506721874 ], [ -120.45231749, 47.506773874 ], [ -120.45251149, 47.506841874 ], [ -120.45260049, 47.506913874 ], [ -120.45270149, 47.507028874 ], [ -120.45283449, 47.507129874 ], [ -120.45306149, 47.507269874 ], [ -120.45314149, 47.507288874 ], [ -120.45332449, 47.507330874 ], [ -120.45346949, 47.507480874 ], [ -120.45357049, 47.507623874 ], [ -120.45359149, 47.507782874 ], [ -120.453699491, 47.508021874 ], [ -120.453926491, 47.508265874 ], [ -120.454140491, 47.508446874 ], [ -120.454294491, 47.508525874 ], [ -120.454297884, 47.508525279 ], [ -120.454448491, 47.508498874 ], [ -120.454500491, 47.508331874 ], [ -120.454618491, 47.508172874 ], [ -120.454691491, 47.508150874 ], [ -120.454746491, 47.508152874 ], [ -120.454772491, 47.508153874 ], [ -120.454958491, 47.508180874 ], [ -120.455107491, 47.508188874 ], [ -120.455245491, 47.508205874 ], [ -120.455277491, 47.508257874 ], [ -120.455289491, 47.508378874 ], [ -120.455322491, 47.508509874 ], [ -120.455398491, 47.508663874 ], [ -120.455540491, 47.508822874 ], [ -120.455697491, 47.508929874 ], [ -120.456001491, 47.509173874 ], [ -120.456146491, 47.509231874 ], [ -120.456369491, 47.509291874 ], [ -120.456717491, 47.509368873 ], [ -120.456996491, 47.509464873 ], [ -120.457166101940274, 47.50954300837698 ], [ -120.45740689, 47.50955167 ], [ -120.457674973006036, 47.509562011147402 ], [ -120.457708492, 47.509557873 ], [ -120.457951492, 47.509533873 ], [ -120.458177492, 47.509464873 ], [ -120.458278492, 47.509388873 ], [ -120.458384492, 47.509237873 ], [ -120.458428492, 47.509089873 ], [ -120.458449492, 47.508963873 ], [ -120.458566492, 47.508859873 ], [ -120.458688492, 47.508691873 ], [ -120.458777492, 47.508494873 ], [ -120.458676491, 47.508291873 ], [ -120.458587491, 47.508138873 ], [ -120.458494491, 47.508020873 ], [ -120.458518491, 47.507960873 ], [ -120.458575491, 47.507925873 ], [ -120.458700491, 47.507847873 ], [ -120.458972491, 47.507746873 ], [ -120.459150491, 47.507633873 ], [ -120.459222491, 47.507548873 ], [ -120.459385491, 47.507354873 ], [ -120.459551491, 47.507181873 ], [ -120.459567491, 47.507050873 ], [ -120.459579491, 47.506891873 ], [ -120.459575491, 47.506721873 ], [ -120.459595491, 47.506622873 ], [ -120.459579491, 47.506540873 ], [ -120.459438491, 47.506414873 ], [ -120.459228491, 47.506312873 ], [ -120.458956491, 47.506243873 ], [ -120.458900491, 47.506222873 ], [ -120.458819491, 47.506131873 ], [ -120.458718491, 47.506093873 ], [ -120.458556491, 47.505972873 ], [ -120.458562491, 47.505893873 ], [ -120.458568491, 47.505818873 ], [ -120.458637491, 47.505654873 ], [ -120.458553491, 47.505533873 ], [ -120.458528491, 47.505421873 ], [ -120.458646491, 47.505232873 ], [ -120.458674491, 47.505128873 ], [ -120.458613491, 47.505034873 ], [ -120.458484491, 47.504977873 ], [ -120.458387491, 47.504911873 ], [ -120.458389491, 47.504883873 ], [ -120.458391491, 47.504840873 ], [ -120.458472491, 47.504774873 ], [ -120.458488491, 47.504730873 ], [ -120.458484491, 47.504642873 ], [ -120.458509491, 47.504555873 ], [ -120.458501491, 47.504511873 ], [ -120.458464491, 47.504467873 ], [ -120.458445491, 47.504458873 ], [ -120.45833549, 47.504407873 ], [ -120.45827549, 47.504298873 ], [ -120.45827449, 47.504236873 ], [ -120.45835549, 47.504209873 ], [ -120.45849349, 47.504143873 ], [ -120.45852149, 47.504108873 ], [ -120.45851749, 47.503910873 ], [ -120.45853449, 47.503812873 ], [ -120.45858649, 47.503746873 ], [ -120.45861949, 47.503658873 ], [ -120.45854249, 47.503554873 ], [ -120.45843749, 47.503496873 ], [ -120.45835749, 47.503433873 ], [ -120.45834049, 47.503420873 ], [ -120.45830349, 47.503337873 ], [ -120.45829549, 47.503239873 ], [ -120.45821949, 47.503121873 ], [ -120.45810949, 47.503017873 ], [ -120.458049476, 47.502919413 ], [ -120.458050433, 47.502918225 ], [ -120.458145306, 47.502853505 ], [ -120.458236293, 47.502804745 ], [ -120.458320529, 47.502769244 ], [ -120.458439197, 47.502732913 ], [ -120.458492722, 47.502728824 ], [ -120.45908449, 47.502781873 ], [ -120.45928749, 47.502776873 ], [ -120.45943249, 47.502790873 ], [ -120.46005149, 47.502943873 ], [ -120.46031849, 47.503001873 ], [ -120.460557491, 47.503097873 ], [ -120.460763491, 47.503237873 ], [ -120.460957491, 47.503330873 ], [ -120.461159491, 47.503355873 ], [ -120.461305491, 47.503308873 ], [ -120.461394491, 47.503215873 ], [ -120.461309491, 47.503100873 ], [ -120.461127491, 47.502927873 ], [ -120.460897491, 47.502787873 ], [ -120.46071149, 47.502645873 ], [ -120.46056949, 47.502494873 ], [ -120.460518741, 47.502307492 ], [ -120.4605689, 47.502290248 ], [ -120.460607535, 47.502274669 ], [ -120.460684731, 47.502253212 ], [ -120.460709704, 47.502248522 ], [ -120.460741276, 47.502244549 ], [ -120.46090949, 47.502234873 ], [ -120.46093749, 47.502226873 ], [ -120.460988475, 47.502211686 ], [ -120.461051076, 47.502202213 ], [ -120.46116049, 47.502220873 ], [ -120.46124949, 47.502242873 ], [ -120.46137149, 47.502245873 ], [ -120.461670491, 47.502165873 ], [ -120.461824491, 47.502157873 ], [ -120.462034491, 47.502179872 ], [ -120.462180491, 47.502187872 ], [ -120.462503491, 47.502185872 ], [ -120.462738491, 47.502100872 ], [ -120.462928491, 47.501960872 ], [ -120.463001491, 47.501894872 ], [ -120.462997491, 47.501730872 ], [ -120.463040704, 47.501646367 ], [ -120.463190007, 47.501580461 ], [ -120.463252491, 47.501563872 ], [ -120.463341491, 47.501535872 ], [ -120.463442491, 47.501487872 ], [ -120.463499491, 47.501461872 ], [ -120.463587665, 47.501397887 ], [ -120.463614939, 47.501387158 ], [ -120.463688585, 47.501366488 ], [ -120.463748881, 47.501355289 ], [ -120.463831491, 47.501349872 ], [ -120.463920491, 47.501360872 ], [ -120.463985491, 47.501349872 ], [ -120.464108291, 47.50129795 ], [ -120.464134963, 47.501293506 ], [ -120.464275122, 47.501296705 ], [ -120.465648465, 47.50139273 ], [ -120.465820514, 47.501404877 ], [ -120.465820541, 47.501404878 ], [ -120.469191492, 47.501642872 ], [ -120.469307492, 47.501649872 ], [ -120.469338492, 47.501652872 ], [ -120.469459492, 47.501661872 ], [ -120.469608492, 47.501671872 ], [ -120.469787492, 47.501720872 ], [ -120.469963492, 47.501239872 ], [ -120.470236492, 47.500712872 ], [ -120.470407492, 47.500533871 ], [ -120.470463492, 47.500464871 ], [ -120.470978492, 47.499650871 ], [ -120.471259492, 47.499284871 ], [ -120.471362491, 47.499099871 ], [ -120.471438491, 47.498861871 ], [ -120.471443491, 47.498695871 ], [ -120.471434491, 47.498551871 ], [ -120.471416534, 47.498459388 ], [ -120.471418669, 47.49845584 ], [ -120.471561224, 47.498448557 ], [ -120.47188131, 47.498447872 ], [ -120.471881491, 47.498447871 ], [ -120.474460085, 47.498442193 ], [ -120.474599751, 47.498448705 ], [ -120.474608194, 47.498588269 ], [ -120.474608319, 47.498598967 ], [ -120.474608357, 47.498602246 ], [ -120.474608492, 47.498613871 ], [ -120.474608672, 47.498625495 ], [ -120.474614708, 47.499014809 ], [ -120.474616407, 47.499124362 ], [ -120.474616492, 47.499129871 ], [ -120.474616588, 47.49913538 ], [ -120.474619356, 47.499295051 ], [ -120.474630486, 47.500050443 ], [ -120.474630487, 47.500050524 ], [ -120.474630492, 47.500050871 ], [ -120.474648262, 47.501245394 ], [ -120.474648263, 47.501245408 ], [ -120.474658465, 47.50229499 ], [ -120.474658467, 47.502295221 ], [ -120.474658493, 47.502297871 ], [ -120.474666363, 47.503034708 ], [ -120.474667414, 47.503193318 ], [ -120.474667493, 47.503205871 ], [ -120.47466764, 47.503219434 ], [ -120.47466787, 47.503240775 ], [ -120.474670418, 47.503476405 ], [ -120.47466614, 47.503667819 ], [ -120.474666221, 47.503670768 ], [ -120.474665493, 47.503683871 ], [ -120.474660493, 47.503806871 ], [ -120.474658493, 47.503843871 ], [ -120.474623493, 47.504601871 ], [ -120.474640493, 47.504965871 ], [ -120.474621493, 47.505216871 ], [ -120.474577494, 47.505493871 ], [ -120.474508494, 47.505707871 ], [ -120.474507494, 47.505969871 ], [ -120.474546494, 47.506178871 ], [ -120.474508494, 47.506410871 ], [ -120.474451494, 47.506635871 ], [ -120.474445494, 47.506832871 ], [ -120.474441494, 47.506951871 ], [ -120.474452494, 47.507060871 ], [ -120.474493494, 47.507170871 ], [ -120.474509494, 47.507229871 ], [ -120.474531494, 47.507448871 ], [ -120.474548494, 47.507552871 ], [ -120.474556494, 47.508654872 ], [ -120.474557494, 47.508688872 ], [ -120.474572494, 47.509306872 ], [ -120.474566494, 47.509446872 ], [ -120.474540494, 47.509546872 ], [ -120.474517495, 47.509691872 ], [ -120.474517495, 47.509762872 ], [ -120.474507495, 47.509803872 ], [ -120.474507495, 47.509806303098529 ], [ -120.47476874, 47.50980601 ], [ -120.4753029, 47.50980681 ], [ -120.47561024, 47.50980539 ], [ -120.47591373, 47.50980399 ], [ -120.47603511, 47.50980343 ], [ -120.47642314, 47.50980164 ], [ -120.47684435, 47.50979969 ], [ -120.47726507, 47.50979774 ], [ -120.47796629, 47.5097945 ], [ -120.47849994, 47.50978729 ], [ -120.47871503, 47.50978434 ], [ -120.47889691, 47.50978284 ], [ -120.478972593516758, 47.509826074993157 ], [ -120.479063495, 47.509824871 ], [ -120.479117495, 47.509838871 ], [ -120.479161495, 47.509866871 ], [ -120.479185495, 47.509903871 ], [ -120.479187495, 47.509946871 ], [ -120.479166495, 47.509982871 ], [ -120.479028495, 47.510201871 ], [ -120.478921495, 47.510356871 ], [ -120.478765495, 47.510586871 ], [ -120.478749495, 47.510610871 ], [ -120.478732495, 47.510648871 ], [ -120.478711495, 47.510697871 ], [ -120.478694495, 47.510787871 ], [ -120.478697496, 47.510856871 ], [ -120.478699496, 47.510877871 ], [ -120.478713496, 47.510926871 ], [ -120.478725496, 47.510967871 ], [ -120.478787496, 47.511083871 ], [ -120.479035496, 47.511546871 ], [ -120.479118496, 47.511701871 ], [ -120.479129496, 47.511680871 ], [ -120.479165496, 47.511621871 ], [ -120.479177496, 47.511601871 ], [ -120.479193496, 47.511573871 ], [ -120.479204496, 47.511502871 ], [ -120.479194496, 47.511370871 ], [ -120.479187496, 47.511310871 ], [ -120.479145496, 47.511142871 ], [ -120.479097496, 47.510945871 ], [ -120.479089496, 47.510819871 ], [ -120.479111496, 47.510693871 ], [ -120.479126496, 47.510658871 ], [ -120.479161496, 47.510571871 ], [ -120.479239496, 47.510457871 ], [ -120.479343496, 47.510351871 ], [ -120.479570495, 47.510174871 ], [ -120.479743495, 47.510050871 ], [ -120.479769495, 47.510031871 ], [ -120.479852496, 47.509973871 ], [ -120.479966496, 47.509912871 ], [ -120.480091496, 47.509863871 ], [ -120.480193496, 47.509837871 ], [ -120.480226496, 47.509828871 ], [ -120.480367496, 47.509807871 ], [ -120.480512496, 47.509801871 ], [ -120.480664643, 47.509801871 ], [ -120.480701519, 47.509801871 ], [ -120.480732858, 47.509801871 ], [ -120.480798982, 47.509802105 ], [ -120.480800949, 47.509802112 ], [ -120.480952026, 47.509802747 ], [ -120.480981496, 47.509802871 ], [ -120.481010965, 47.509802705 ], [ -120.482398525, 47.509794904 ], [ -120.482948123, 47.509792908 ], [ -120.483235496, 47.509792871 ], [ -120.483235889, 47.509792871 ], [ -120.483452496, 47.509792871 ], [ -120.484068496, 47.509792871 ], [ -120.484310924, 47.509792871 ], [ -120.484346496, 47.509792871 ], [ -120.484382066, 47.509792449 ], [ -120.484591637, 47.509789964 ], [ -120.485355632, 47.509782906 ], [ -120.485605604, 47.509780933 ], [ -120.485605667, 47.509780932 ], [ -120.485613496, 47.50978087 ], [ -120.485621452, 47.509780787 ], [ -120.485793123, 47.50977898 ], [ -120.486355565, 47.509775004 ], [ -120.486567392, 47.50977487 ], [ -120.486795353, 47.50977487 ], [ -120.487536497, 47.50977787 ], [ -120.487536699, 47.509777871 ], [ -120.487715803, 47.509778608 ], [ -120.487723036, 47.509778638 ], [ -120.487779497, 47.50977887 ], [ -120.487835952, 47.50977804 ], [ -120.487855598, 47.509777751 ], [ -120.487901085, 47.509777082 ], [ -120.48830252, 47.509773108 ], [ -120.488453666, 47.50977287 ], [ -120.488464497, 47.50977287 ], [ -120.488480041, 47.50977279 ], [ -120.488655074, 47.509771883 ], [ -120.489571119, 47.509767876 ], [ -120.49289659, 47.509754873 ], [ -120.493995892, 47.509750908 ], [ -120.494006498, 47.50975087 ], [ -120.494017105, 47.509750794 ], [ -120.494116806, 47.509750082 ], [ -120.494139424, 47.50974992 ], [ -120.494146498, 47.50974987 ], [ -120.494153572, 47.509749802 ], [ -120.494524072, 47.509746282 ], [ -120.494543669, 47.509746096 ], [ -120.494689014, 47.509745869 ], [ -120.494708498, 47.509745869 ], [ -120.494732654, 47.509745675 ], [ -120.495600678, 47.509738685 ], [ -120.496672499, 47.509730054 ], [ -120.496718498, 47.509730037 ], [ -120.497557851, 47.509736148 ], [ -120.498629223, 47.50974395 ], [ -120.498755499, 47.509744869 ], [ -120.499239499, 47.509748869 ], [ -120.499286863, 47.509713546 ], [ -120.499296761, 47.509712704 ], [ -120.499339073, 47.509737015 ], [ -120.499364783, 47.509755346 ], [ -120.499365346, 47.509893863 ], [ -120.499347628, 47.510302784 ], [ -120.499323094, 47.510868992 ], [ -120.499320499, 47.510928869 ], [ -120.499318499, 47.510968869 ], [ -120.499291499, 47.512171869 ] ] ], [ [ [ -120.4758656, 47.51852829 ], [ -120.47593408, 47.51842325 ], [ -120.47603851, 47.51826307 ], [ -120.47609168, 47.5181815 ], [ -120.47626078, 47.51797807 ], [ -120.47631146, 47.51795162 ], [ -120.47631065, 47.51805855 ], [ -120.47630369, 47.51897572 ], [ -120.47649955, 47.51897576 ], [ -120.47659542, 47.51883575 ], [ -120.47684019, 47.5188358 ], [ -120.47711283, 47.51883585 ], [ -120.47848039, 47.51883611 ], [ -120.47901733, 47.51882802 ], [ -120.47950927, 47.51882061 ], [ -120.4800701, 47.51881215 ], [ -120.4800272, 47.51886377 ], [ -120.48000051, 47.51890794 ], [ -120.47995197, 47.51895253 ], [ -120.47995156, 47.51901938 ], [ -120.47978444, 47.5191295 ], [ -120.47972241, 47.5192407 ], [ -120.47965407, 47.51930498 ], [ -120.47938497, 47.51946265 ], [ -120.47930686, 47.51947512 ], [ -120.47908151, 47.52036344 ], [ -120.47891538, 47.52036886 ], [ -120.47882963, 47.52050473 ], [ -120.47827376, 47.52048554 ], [ -120.47785166, 47.52048088 ], [ -120.47758035, 47.52054617 ], [ -120.47747785, 47.52059052 ], [ -120.47741334, 47.52061843 ], [ -120.476494, 47.52037966 ], [ -120.47624907, 47.52064759 ], [ -120.47626869, 47.52047785 ], [ -120.4761733, 47.52030267 ], [ -120.47604479, 47.52006669 ], [ -120.47601755, 47.52001668 ], [ -120.47555986, 47.51987227 ], [ -120.47547829, 47.51986336 ], [ -120.47536663, 47.51987426 ], [ -120.47523809, 47.51989644 ], [ -120.47517108, 47.51990751 ], [ -120.47510957, 47.51992049 ], [ -120.47508504, 47.51891261 ], [ -120.4754721, 47.51887446 ], [ -120.47566289, 47.51874672 ], [ -120.4758656, 47.51852829 ] ] ], [ [ [ -120.48577166, 47.52680289 ], [ -120.48544453, 47.52671467 ], [ -120.48491272, 47.52643293 ], [ -120.48448079, 47.5260187 ], [ -120.48429674, 47.52569954 ], [ -120.48406923, 47.52518162 ], [ -120.48404754, 47.52513541 ], [ -120.48399516, 47.52489161 ], [ -120.48393809, 47.52458881 ], [ -120.48383349, 47.52429954 ], [ -120.48378596, 47.52420734 ], [ -120.48369189, 47.52403081 ], [ -120.48346536, 47.52382254 ], [ -120.48316089, 47.52361481 ], [ -120.48295556, 47.52346601 ], [ -120.48248616, 47.52319734 ], [ -120.48222509, 47.52308621 ], [ -120.48160796, 47.52286001 ], [ -120.48133276, 47.52276674 ], [ -120.48078249, 47.52261314 ], [ -120.48028043, 47.52253803 ], [ -120.48023649, 47.52252353 ], [ -120.47971282, 47.52242822 ], [ -120.47966569, 47.52241834 ], [ -120.47959576, 47.52240691 ], [ -120.47900022, 47.52229852 ], [ -120.47806944, 47.52222593 ], [ -120.47792471, 47.52223453 ], [ -120.47767456, 47.52223981 ], [ -120.47750221, 47.52225962 ], [ -120.47729881, 47.5222717 ], [ -120.47722069, 47.52229908 ], [ -120.47703509, 47.52233834 ], [ -120.47676789, 47.52245341 ], [ -120.47665985, 47.52249564 ], [ -120.47640631, 47.52258449 ], [ -120.47586216, 47.52280129 ], [ -120.47531876, 47.52300414 ], [ -120.47507972, 47.52311303 ], [ -120.47411007, 47.52349933 ], [ -120.47410036, 47.52350281 ], [ -120.47397496, 47.5235228 ], [ -120.47470718, 47.52285003 ], [ -120.47512566, 47.5225683 ], [ -120.47519986, 47.52250132 ], [ -120.47517169, 47.52158213 ], [ -120.47558147, 47.52163103 ], [ -120.47621459, 47.52170657 ], [ -120.47702858, 47.52176251 ], [ -120.47734859, 47.5217845 ], [ -120.47842224, 47.52179572 ], [ -120.48018412, 47.52207681 ], [ -120.48048252, 47.522133 ], [ -120.4806471, 47.52216399 ], [ -120.48139002, 47.52234241 ], [ -120.4818333, 47.52247094 ], [ -120.48216837, 47.52260238 ], [ -120.48253372, 47.5227751 ], [ -120.48307173, 47.52306818 ], [ -120.48346363, 47.5233638 ], [ -120.48362786, 47.52348138 ], [ -120.4838528, 47.52365138 ], [ -120.48391074, 47.52369418 ], [ -120.48397089, 47.52373705 ], [ -120.4840306, 47.52377817 ], [ -120.48409136, 47.52381858 ], [ -120.48415471, 47.52385929 ], [ -120.48421834, 47.52389875 ], [ -120.48428297, 47.52393745 ], [ -120.48434856, 47.52397536 ], [ -120.48441515, 47.52401251 ], [ -120.48448267, 47.52404886 ], [ -120.48455112, 47.5240844 ], [ -120.48462047, 47.52411914 ], [ -120.48469071, 47.52415304 ], [ -120.48476181, 47.52418611 ], [ -120.48483375, 47.52421834 ], [ -120.48495748, 47.52411964 ], [ -120.4850963, 47.52397324 ], [ -120.4853811, 47.52325078 ], [ -120.48554729, 47.5228292 ], [ -120.48560902, 47.52245677 ], [ -120.48561543, 47.5221581 ], [ -120.48622734, 47.52213979 ], [ -120.48621821, 47.52223756 ], [ -120.48755366, 47.52221174 ], [ -120.48756633, 47.52266401 ], [ -120.48901687, 47.52263692 ], [ -120.48906128, 47.5236234 ], [ -120.49042158, 47.52359529 ], [ -120.49040727, 47.52328482 ], [ -120.4910464, 47.52327066 ], [ -120.49109694, 47.52436672 ], [ -120.49166236, 47.5243542 ], [ -120.49168305, 47.52514129 ], [ -120.49168556, 47.5252586 ], [ -120.49079264, 47.5252662 ], [ -120.49091711, 47.52717485 ], [ -120.49090932, 47.52738685 ], [ -120.48904655, 47.52722564 ], [ -120.48866872, 47.52718118 ], [ -120.48820376, 47.52711814 ], [ -120.48758856, 47.52705221 ], [ -120.48719388, 47.52700763 ], [ -120.48669543, 47.52694897 ], [ -120.48611364, 47.5268822 ], [ -120.48577166, 47.52680289 ] ] ], [ [ [ -120.60400252, 47.5658602 ], [ -120.60349032, 47.56540899 ], [ -120.60328052, 47.56526973 ], [ -120.60288499, 47.565009 ], [ -120.60265799, 47.56489653 ], [ -120.60246432, 47.56482913 ], [ -120.60225879, 47.56478893 ], [ -120.60163199, 47.56474899 ], [ -120.60105072, 47.5647546 ], [ -120.60075512, 47.5647844 ], [ -120.59998999, 47.5649396 ], [ -120.59939899, 47.56511619 ], [ -120.59882832, 47.56530213 ], [ -120.59828192, 47.5655516 ], [ -120.59800629, 47.56570964 ], [ -120.59759231, 47.56531472 ], [ -120.59746974, 47.56528695 ], [ -120.59746967, 47.56429966 ], [ -120.59848816, 47.56430385 ], [ -120.59846953, 47.56205856 ], [ -120.59832642, 47.56192483 ], [ -120.58968758, 47.55708735 ], [ -120.58995055, 47.55693455 ], [ -120.59063581, 47.55665417 ], [ -120.59178176, 47.55641158 ], [ -120.59292778, 47.55620713 ], [ -120.59474999, 47.55596398 ], [ -120.59692903, 47.55561883 ], [ -120.59867629, 47.55537568 ], [ -120.60008477, 47.55497996 ], [ -120.6021127, 47.554355 ], [ -120.60390406, 47.55374394 ], [ -120.60402609, 47.55367826 ], [ -120.6040215, 47.55444241 ], [ -120.60401215, 47.5551336 ], [ -120.60400467, 47.5566277 ], [ -120.60399815, 47.55727194 ], [ -120.60399555, 47.55766945 ], [ -120.60399189, 47.55822855 ], [ -120.60398818, 47.55879386 ], [ -120.60397418, 47.55977543 ], [ -120.60398062, 47.5606579 ], [ -120.60397207, 47.56125496 ], [ -120.60397133, 47.56136755 ], [ -120.60396787, 47.56259898 ], [ -120.6039076, 47.56388402 ], [ -120.60411632, 47.56392629 ], [ -120.60407327, 47.5640882 ], [ -120.60415881, 47.56425027 ], [ -120.60434075, 47.5646424 ], [ -120.60445896, 47.56488866 ], [ -120.60450119, 47.56504533 ], [ -120.60479759, 47.56490738 ], [ -120.60511371, 47.56530384 ], [ -120.60535008, 47.56523349 ], [ -120.6057966, 47.56573177 ], [ -120.60582979, 47.56579159 ], [ -120.60597139, 47.56604641 ], [ -120.60669662, 47.56615859 ], [ -120.60621253, 47.56628924 ], [ -120.6064649, 47.56673813 ], [ -120.60657867, 47.56692901 ], [ -120.60709915, 47.56727174 ], [ -120.60691956, 47.56790655 ], [ -120.60717033, 47.56827415 ], [ -120.60754127, 47.56881861 ], [ -120.60792965, 47.56935563 ], [ -120.60712955, 47.56935395 ], [ -120.60647214, 47.56934871 ], [ -120.60622867, 47.56938258 ], [ -120.60612119, 47.56908099 ], [ -120.60608732, 47.5688734 ], [ -120.60607679, 47.56868433 ], [ -120.60607059, 47.56867359 ], [ -120.60601892, 47.56858393 ], [ -120.60596192, 47.56845679 ], [ -120.60585919, 47.56826573 ], [ -120.60552932, 47.5678178 ], [ -120.60539912, 47.567602 ], [ -120.60538099, 47.56757193 ], [ -120.60531379, 47.56740853 ], [ -120.60492092, 47.5668788 ], [ -120.60487932, 47.5668234 ], [ -120.60400252, 47.5658602 ] ] ], [ [ [ -120.60997049, 47.5820356 ], [ -120.60991737, 47.58185369 ], [ -120.60987312, 47.5816708 ], [ -120.60983777, 47.58148703 ], [ -120.60981134, 47.58130258 ], [ -120.60979386, 47.58111764 ], [ -120.60978536, 47.58093241 ], [ -120.60978584, 47.58074709 ], [ -120.6097953, 47.58056188 ], [ -120.60992262, 47.57974459 ], [ -120.61010963, 47.57854415 ], [ -120.61012519, 47.57836378 ], [ -120.61013424, 47.57800253 ], [ -120.61011385, 47.57764149 ], [ -120.61025912, 47.57764194 ], [ -120.61005774, 47.57697123 ], [ -120.60899277, 47.57704745 ], [ -120.60717233, 47.57703435 ], [ -120.60580384, 47.57704825 ], [ -120.60368349, 47.57706943 ], [ -120.60370759, 47.57541075 ], [ -120.60438646, 47.57541618 ], [ -120.60439191, 47.57524257 ], [ -120.60439477, 47.57472864 ], [ -120.6048049, 47.57440284 ], [ -120.60465472, 47.57428757 ], [ -120.60498745, 47.57404774 ], [ -120.60509808, 47.57396782 ], [ -120.60457176, 47.57363273 ], [ -120.60426833, 47.57343954 ], [ -120.60403585, 47.57329152 ], [ -120.60390713, 47.57328569 ], [ -120.60385185, 47.57332611 ], [ -120.60373167, 47.5734196 ], [ -120.60271204, 47.57341398 ], [ -120.601993, 47.5732615 ], [ -120.60183803, 47.57336299 ], [ -120.60175905, 47.5733995 ], [ -120.60169564, 47.57341927 ], [ -120.60161985, 47.57343525 ], [ -120.6015379, 47.57344379 ], [ -120.60120341, 47.57346093 ], [ -120.60114651, 47.57349002 ], [ -120.60112028, 47.57352966 ], [ -120.60111181, 47.57382059 ], [ -120.60109917, 47.57517065 ], [ -120.60097783, 47.57517091 ], [ -120.59950693, 47.57516271 ], [ -120.59865804, 47.57518416 ], [ -120.59832203, 47.57517546 ], [ -120.59832056, 47.5752387 ], [ -120.5971432, 47.5752197 ], [ -120.59714298, 47.57527709 ], [ -120.59709286, 47.57885817 ], [ -120.5957893, 47.57884668 ], [ -120.59534356, 47.57884267 ], [ -120.59309748, 47.5788229 ], [ -120.59309591, 47.5770123 ], [ -120.59309885, 47.57517792 ], [ -120.59026527, 47.5751611 ], [ -120.59095184, 47.5739837 ], [ -120.59077731, 47.57358795 ], [ -120.59120199, 47.57320132 ], [ -120.59131014, 47.57287891 ], [ -120.59214705, 47.57292485 ], [ -120.59286691, 47.57243474 ], [ -120.59297561, 47.57243611 ], [ -120.59299201, 47.57151555 ], [ -120.59293434, 47.57151544 ], [ -120.59236776, 47.57152366 ], [ -120.59205484, 47.57152276 ], [ -120.59172481, 47.57158447 ], [ -120.59146226, 47.57162328 ], [ -120.59138376, 47.57151735 ], [ -120.59117531, 47.57141517 ], [ -120.59110099, 47.57137891 ], [ -120.59109852, 47.57151552 ], [ -120.59003898, 47.57151089 ], [ -120.58977936, 47.57150999 ], [ -120.58931401, 47.57149845 ], [ -120.58874392, 47.57149722 ], [ -120.58777441, 47.57149513 ], [ -120.58777403, 47.57145425 ], [ -120.58638979, 47.57143702 ], [ -120.58756142, 47.57007787 ], [ -120.58750282, 47.56986234 ], [ -120.58755356, 47.56951892 ], [ -120.58669101, 47.56900593 ], [ -120.5862299, 47.56873296 ], [ -120.58558481, 47.56835259 ], [ -120.58483802, 47.56791445 ], [ -120.58241951, 47.56655547 ], [ -120.58241982, 47.56604101 ], [ -120.58282865, 47.56619032 ], [ -120.58336842, 47.56637297 ], [ -120.58341878, 47.5663912 ], [ -120.58342779, 47.56639306 ], [ -120.58343357, 47.56639501 ], [ -120.58403917, 47.56659267 ], [ -120.58441337, 47.56665061 ], [ -120.58495633, 47.56671248 ], [ -120.58539364, 47.56680619 ], [ -120.58572558, 47.56689984 ], [ -120.58600447, 47.56701107 ], [ -120.58628326, 47.56715802 ], [ -120.58669349, 47.56744098 ], [ -120.58690336, 47.5676037 ], [ -120.58698181, 47.56768748 ], [ -120.58708257, 47.56779432 ], [ -120.58718607, 47.56792605 ], [ -120.58736219, 47.56811681 ], [ -120.58748502, 47.56829998 ], [ -120.58751307, 47.56834548 ], [ -120.5878203, 47.56882658 ], [ -120.58783013, 47.56884056 ], [ -120.58785099, 47.56888693 ], [ -120.58793219, 47.56901473 ], [ -120.58804492, 47.5691612 ], [ -120.58808959, 47.56927033 ], [ -120.58821186, 47.56937519 ], [ -120.58830352, 47.56947975 ], [ -120.58843741, 47.56961077 ], [ -120.58882534, 47.56986176 ], [ -120.58892971, 47.56990946 ], [ -120.58901432, 47.56995553 ], [ -120.58930812, 47.5700968 ], [ -120.58936699, 47.57012493 ], [ -120.58975479, 47.570214 ], [ -120.59039219, 47.5703444 ], [ -120.59099572, 47.5704018 ], [ -120.59117812, 47.57041473 ], [ -120.59150919, 47.57038573 ], [ -120.59201837, 47.5702893 ], [ -120.59202267, 47.57028898 ], [ -120.59255921, 47.57019238 ], [ -120.59285463, 47.57012071 ], [ -120.59328672, 47.5700272 ], [ -120.59362992, 47.56994433 ], [ -120.59429072, 47.5696974 ], [ -120.59444496, 47.56963295 ], [ -120.59445526, 47.56962935 ], [ -120.59447252, 47.56962143 ], [ -120.59470139, 47.5695258 ], [ -120.59481069, 47.56946623 ], [ -120.59484919, 47.56944856 ], [ -120.59490119, 47.56941692 ], [ -120.59509312, 47.56931233 ], [ -120.59514559, 47.56928313 ], [ -120.59595472, 47.5687514 ], [ -120.59597786, 47.56873288 ], [ -120.59606736, 47.56867315 ], [ -120.59627296, 47.56850873 ], [ -120.59637407, 47.56841571 ], [ -120.59649172, 47.56832153 ], [ -120.59666252, 47.56814533 ], [ -120.59694739, 47.5678092 ], [ -120.59700554, 47.56773135 ], [ -120.59713845, 47.56759517 ], [ -120.59724208, 47.56741804 ], [ -120.59729031, 47.56721846 ], [ -120.59733718, 47.56714112 ], [ -120.59747377, 47.5669233 ], [ -120.59750077, 47.56689382 ], [ -120.59782945, 47.56671006 ], [ -120.59834736, 47.56642042 ], [ -120.59853625, 47.56634945 ], [ -120.59846109, 47.56625868 ], [ -120.59861212, 47.5661798 ], [ -120.59917072, 47.5659662 ], [ -120.59947832, 47.5658378 ], [ -120.60025339, 47.56558393 ], [ -120.60066239, 47.5654934 ], [ -120.60106232, 47.56544793 ], [ -120.60178012, 47.56543593 ], [ -120.60216699, 47.56548913 ], [ -120.60234939, 47.56553793 ], [ -120.60249839, 47.5656128 ], [ -120.60285139, 47.5659352 ], [ -120.60324999, 47.5662676 ], [ -120.60344379, 47.5664696 ], [ -120.60351179, 47.56656993 ], [ -120.60403632, 47.56710273 ], [ -120.60442392, 47.5675248 ], [ -120.60458952, 47.5677892 ], [ -120.60465252, 47.5678714 ], [ -120.60475419, 47.56810773 ], [ -120.60502759, 47.5686174 ], [ -120.60507339, 47.56874413 ], [ -120.60514152, 47.56887153 ], [ -120.60520359, 47.5690168 ], [ -120.60534792, 47.5693168 ], [ -120.60539279, 47.5694528 ], [ -120.60540319, 47.5695518 ], [ -120.60546032, 47.56976013 ], [ -120.60555332, 47.57024799 ], [ -120.60558592, 47.57032059 ], [ -120.60577972, 47.57051373 ], [ -120.60629199, 47.5709562 ], [ -120.60661252, 47.57117913 ], [ -120.60720452, 47.5714972 ], [ -120.60736372, 47.5716088 ], [ -120.60763759, 47.5718124 ], [ -120.60817399, 47.57214733 ], [ -120.60852772, 47.5722988 ], [ -120.60915399, 47.57250073 ], [ -120.60968992, 47.5726198 ], [ -120.60995139, 47.57268839 ], [ -120.61012619, 47.57275033 ], [ -120.61076099, 47.57297513 ], [ -120.61112599, 47.57316293 ], [ -120.61126299, 47.5732556 ], [ -120.61142233, 47.573385 ], [ -120.61159279, 47.5736224 ], [ -120.61171879, 47.57383193 ], [ -120.61173119, 47.5739042 ], [ -120.61177692, 47.57399533 ], [ -120.61184433, 47.5743026 ], [ -120.61182113, 47.57477 ], [ -120.61178733, 47.57507539 ], [ -120.61179879, 47.57569619 ], [ -120.61171879, 47.5761716 ], [ -120.61165019, 47.57637733 ], [ -120.61157059, 47.57653733 ], [ -120.61153632, 47.57664459 ], [ -120.61142252, 47.57688533 ], [ -120.61134273, 47.57703693 ], [ -120.61131859, 47.5771082 ], [ -120.61122779, 47.57725053 ], [ -120.61108159, 47.5775532 ], [ -120.61092099, 47.57781993 ], [ -120.61081819, 47.57803339 ], [ -120.61078499, 47.57814999 ], [ -120.61072673, 47.57835573 ], [ -120.61071493, 47.57847253 ], [ -120.61067059, 47.5786154 ], [ -120.61064653, 47.57874093 ], [ -120.61056753, 47.57927 ], [ -120.61050933, 47.57948493 ], [ -120.61048733, 47.5796464 ], [ -120.61044212, 47.57979853 ], [ -120.61038493, 47.58009433 ], [ -120.61040679, 47.58034693 ], [ -120.61046479, 47.58050993 ], [ -120.61051559, 47.58059213 ], [ -120.61066893, 47.58075713 ], [ -120.61085153, 47.58087793 ], [ -120.61107959, 47.5809726 ], [ -120.61136453, 47.58114053 ], [ -120.61167379, 47.58129993 ], [ -120.61316713, 47.581943 ], [ -120.61342759, 47.58203393 ], [ -120.61423959, 47.5823162 ], [ -120.61521873, 47.58263353 ], [ -120.61557133, 47.5827308 ], [ -120.61602513, 47.58277433 ], [ -120.61641633, 47.5828116 ], [ -120.61717913, 47.58284533 ], [ -120.6176482, 47.58291793 ], [ -120.61796653, 47.5830146 ], [ -120.61860533, 47.58332473 ], [ -120.6189126, 47.58351113 ], [ -120.61910633, 47.58364113 ], [ -120.6191298, 47.58368659 ], [ -120.6193684, 47.58395259 ], [ -120.61950559, 47.58415333 ], [ -120.61958613, 47.58436193 ], [ -120.62005373, 47.58510953 ], [ -120.62016753, 47.585256 ], [ -120.6202642, 47.585429 ], [ -120.62030493, 47.58551973 ], [ -120.6204532, 47.58573893 ], [ -120.6204928, 47.58579259 ], [ -120.62078601, 47.58618341 ], [ -120.62066051, 47.58620351 ], [ -120.62009844, 47.58620578 ], [ -120.61959155, 47.58620958 ], [ -120.61841902, 47.58621253 ], [ -120.61706043, 47.58621938 ], [ -120.61437415, 47.58622872 ], [ -120.61437046, 47.58656064 ], [ -120.61342116, 47.58579192 ], [ -120.61450868, 47.58517973 ], [ -120.61402686, 47.5849363 ], [ -120.61233126, 47.58407957 ], [ -120.61197623, 47.58427806 ], [ -120.61116154, 47.5835982 ], [ -120.6112613, 47.58355276 ], [ -120.61111998, 47.5834076 ], [ -120.61098951, 47.58325926 ], [ -120.61086716, 47.5831078 ], [ -120.61075308, 47.5829534 ], [ -120.61064743, 47.58279629 ], [ -120.61055083, 47.58263643 ], [ -120.61049531, 47.58253456 ], [ -120.61016429, 47.5825343 ], [ -120.61009222, 47.58236942 ], [ -120.6100276, 47.58220314 ], [ -120.60997049, 47.5820356 ] ] ], [ [ [ -120.67327569, 47.58982486 ], [ -120.67307324, 47.58962699 ], [ -120.67284231, 47.58940127 ], [ -120.67320067, 47.58924988 ], [ -120.67335246, 47.58918576 ], [ -120.67369732, 47.58904007 ], [ -120.67396607, 47.58892653 ], [ -120.67442295, 47.58873351 ], [ -120.67467538, 47.58862687 ], [ -120.67500141, 47.58848913 ], [ -120.67534794, 47.58834707 ], [ -120.67813475, 47.58722441 ], [ -120.67802974, 47.58710719 ], [ -120.67820123, 47.58704619 ], [ -120.6783727, 47.58698519 ], [ -120.67855201, 47.58693555 ], [ -120.67873131, 47.5868859 ], [ -120.6789168, 47.58684806 ], [ -120.67910229, 47.58681022 ], [ -120.67940479, 47.58624064 ], [ -120.67943724, 47.58625674 ], [ -120.67945392, 47.58648651 ], [ -120.67947859, 47.58682642 ], [ -120.67948395, 47.58737608 ], [ -120.67947742, 47.58989927 ], [ -120.67947394, 47.59126498 ], [ -120.67948769, 47.59250821 ], [ -120.6764968, 47.59247619 ], [ -120.67644447, 47.59247562 ], [ -120.67643268, 47.59301252 ], [ -120.67638483, 47.59301205 ], [ -120.67424833, 47.59299127 ], [ -120.67420986, 47.59299089 ], [ -120.67420525, 47.59271645 ], [ -120.67425284, 47.59271691 ], [ -120.67516282, 47.59272581 ], [ -120.67516851, 47.59245177 ], [ -120.67425735, 47.5924427 ], [ -120.67420074, 47.59244213 ], [ -120.67419269, 47.59196885 ], [ -120.67418582, 47.59158591 ], [ -120.67417519, 47.59092537 ], [ -120.67416274, 47.59018485 ], [ -120.67405404, 47.58988541 ], [ -120.67341213, 47.5898837 ], [ -120.67333568, 47.58988349 ], [ -120.67327569, 47.58982486 ] ] ], [ [ [ -120.65672208, 47.5935428 ], [ -120.6566908, 47.59352239 ], [ -120.6566262, 47.59348059 ], [ -120.65672274, 47.59347812 ], [ -120.6569336, 47.59350039 ], [ -120.65711626, 47.59352313 ], [ -120.65670301, 47.59351901 ], [ -120.65672208, 47.5935428 ] ] ], [ [ [ -120.6572743, 47.59352269 ], [ -120.65726883, 47.59352465 ], [ -120.65725927, 47.59352456 ], [ -120.6572743, 47.59352269 ] ] ], [ [ [ -120.65047499, 47.59626175 ], [ -120.65073935, 47.59606806 ], [ -120.65087692, 47.59596726 ], [ -120.65109914, 47.59575969 ], [ -120.65154373, 47.595346 ], [ -120.65167546, 47.59522874 ], [ -120.65202052, 47.5948309 ], [ -120.65207816, 47.59474101 ], [ -120.65214387, 47.59463854 ], [ -120.65212445, 47.59448869 ], [ -120.65210835, 47.59436455 ], [ -120.6521828, 47.59422618 ], [ -120.65221592, 47.59416939 ], [ -120.65239439, 47.5938374 ], [ -120.65255092, 47.59354705 ], [ -120.6526998, 47.59327254 ], [ -120.65273817, 47.59316298 ], [ -120.65357302, 47.59316743 ], [ -120.6544104, 47.59317157 ], [ -120.65455466, 47.59328518 ], [ -120.65564173, 47.5932931 ], [ -120.65590485, 47.59330662 ], [ -120.65574221, 47.59339052 ], [ -120.65554814, 47.59356653 ], [ -120.65533814, 47.59381872 ], [ -120.65509554, 47.59407472 ], [ -120.6550312, 47.59423079 ], [ -120.6551254, 47.59439472 ], [ -120.65533654, 47.59456099 ], [ -120.65556361, 47.59474559 ], [ -120.655572, 47.59487179 ], [ -120.655467, 47.59506312 ], [ -120.65526494, 47.59521653 ], [ -120.65487694, 47.59546952 ], [ -120.6548084, 47.59551313 ], [ -120.65458174, 47.59563892 ], [ -120.6544606, 47.59572639 ], [ -120.65430681, 47.59585379 ], [ -120.6538618, 47.59613713 ], [ -120.65330394, 47.59650812 ], [ -120.652814, 47.59673659 ], [ -120.6524574, 47.59690019 ], [ -120.65206954, 47.59713533 ], [ -120.6517538, 47.59727733 ], [ -120.6514868, 47.59744733 ], [ -120.65121194, 47.59764413 ], [ -120.65076307, 47.5979529 ], [ -120.65005889, 47.59767561 ], [ -120.64997768, 47.59777051 ], [ -120.64892719, 47.59735482 ], [ -120.64891616, 47.59736854 ], [ -120.64890513, 47.59738225 ], [ -120.64748716, 47.59683146 ], [ -120.64921299, 47.59683852 ], [ -120.6498438, 47.59684435 ], [ -120.65044846, 47.59684994 ], [ -120.65096033, 47.59685467 ], [ -120.65077672, 47.59661204 ], [ -120.65073231, 47.59656099 ], [ -120.65047499, 47.59626175 ] ] ], [ [ [ -120.63969932, 47.60082556 ], [ -120.63964022, 47.60077848 ], [ -120.63949285, 47.60073214 ], [ -120.6394, 47.60069013 ], [ -120.63928754, 47.60065153 ], [ -120.63896714, 47.60055533 ], [ -120.6387632, 47.60046979 ], [ -120.63841281, 47.60027598 ], [ -120.63827759, 47.60019257 ], [ -120.63806862, 47.59996735 ], [ -120.63793016, 47.59969808 ], [ -120.63789958, 47.59963862 ], [ -120.6378181, 47.59936951 ], [ -120.63844994, 47.59931013 ], [ -120.63850618, 47.59957999 ], [ -120.63853932, 47.59953045 ], [ -120.63858438, 47.59950189 ], [ -120.63865233, 47.59948345 ], [ -120.63871882, 47.59948361 ], [ -120.63874332, 47.59949011 ], [ -120.6387814, 47.59950019 ], [ -120.63881889, 47.59952354 ], [ -120.63885547, 47.59956123 ], [ -120.63886642, 47.59959318 ], [ -120.63887174, 47.59960765 ], [ -120.63887707, 47.59962216 ], [ -120.63891159, 47.59964806 ], [ -120.63909474, 47.59977889 ], [ -120.63914823, 47.59981579 ], [ -120.63916743, 47.59982799 ], [ -120.63922504, 47.59986458 ], [ -120.63927717, 47.59989398 ], [ -120.63934331, 47.59993129 ], [ -120.63937641, 47.59994763 ], [ -120.63944805, 47.599983 ], [ -120.63946495, 47.59999039 ], [ -120.63955018, 47.60002763 ], [ -120.63962955, 47.60005798 ], [ -120.63967012, 47.60007349 ], [ -120.63972564, 47.60009181 ], [ -120.63978668, 47.60011195 ], [ -120.64082536, 47.60041711 ], [ -120.64096137, 47.60045281 ], [ -120.64109277, 47.60048085 ], [ -120.64110642, 47.60048321 ], [ -120.64119486, 47.60049852 ], [ -120.64122247, 47.60050232 ], [ -120.64130606, 47.60051382 ], [ -120.64140392, 47.60052364 ], [ -120.64142633, 47.60052589 ], [ -120.64153931, 47.60053309 ], [ -120.64161085, 47.60053377 ], [ -120.64168918, 47.60053451 ], [ -120.64179737, 47.60053554 ], [ -120.64207739, 47.6005382 ], [ -120.64280636, 47.60054512 ], [ -120.64292707, 47.60054627 ], [ -120.64299402, 47.60055163 ], [ -120.64401678, 47.60063352 ], [ -120.64415932, 47.60064493 ], [ -120.64416092, 47.60063762 ], [ -120.64434062, 47.59981291 ], [ -120.64435931, 47.59981459 ], [ -120.6444598, 47.59982359 ], [ -120.64527484, 47.59989658 ], [ -120.64556875, 47.59971133 ], [ -120.6458674, 47.59952309 ], [ -120.64616386, 47.59933614 ], [ -120.64638987, 47.59917813 ], [ -120.64657496, 47.59899835 ], [ -120.64678355, 47.59876413 ], [ -120.64686402, 47.59861814 ], [ -120.64724168, 47.59861069 ], [ -120.64747968, 47.59860599 ], [ -120.64771393, 47.59860137 ], [ -120.64779808, 47.59862851 ], [ -120.64784857, 47.59864591 ], [ -120.64786032, 47.5986306 ], [ -120.64787208, 47.5986153 ], [ -120.64801742, 47.5986667 ], [ -120.64809312, 47.59869347 ], [ -120.64814746, 47.59871269 ], [ -120.64837386, 47.59872193 ], [ -120.64843429, 47.59868985 ], [ -120.64863757, 47.5985765 ], [ -120.6486418, 47.59938603 ], [ -120.64840454, 47.59954379 ], [ -120.64791894, 47.59989819 ], [ -120.6474782, 47.60023113 ], [ -120.64717854, 47.60036899 ], [ -120.64681474, 47.60056399 ], [ -120.646458, 47.60082213 ], [ -120.64601314, 47.60110093 ], [ -120.64562249, 47.60133302 ], [ -120.64547104, 47.601403 ], [ -120.64545095, 47.60141152 ], [ -120.64524133, 47.60149465 ], [ -120.64487325, 47.60158598 ], [ -120.64474308, 47.60159532 ], [ -120.64445971, 47.60161348 ], [ -120.64431617, 47.60159928 ], [ -120.64397225, 47.60156544 ], [ -120.64387673, 47.60155649 ], [ -120.64351283, 47.60147802 ], [ -120.6431207, 47.60139588 ], [ -120.64281314, 47.60133249 ], [ -120.64244393, 47.60129135 ], [ -120.64208443, 47.60126462 ], [ -120.64195104, 47.60126511 ], [ -120.6417614, 47.60125159 ], [ -120.64150332, 47.6012108 ], [ -120.64143032, 47.60117723 ], [ -120.64123956, 47.60113977 ], [ -120.64102957, 47.60110919 ], [ -120.64083052, 47.6010814 ], [ -120.64050144, 47.60102096 ], [ -120.64006206, 47.60103497 ], [ -120.63995839, 47.60099594 ], [ -120.6397542, 47.60085039 ], [ -120.63969932, 47.60082556 ] ] ], [ [ [ -120.65763806, 47.60826123 ], [ -120.65763958, 47.60825704 ], [ -120.65765927, 47.60826029 ], [ -120.65768804, 47.60817535 ], [ -120.65771482, 47.60804466 ], [ -120.65773323, 47.60791332 ], [ -120.65773758, 47.60785625 ], [ -120.65774326, 47.60778156 ], [ -120.65775302, 47.60760819 ], [ -120.65775549, 47.60756437 ], [ -120.65775795, 47.60752054 ], [ -120.65776282, 47.60743413 ], [ -120.65776909, 47.60732264 ], [ -120.6577767, 47.60718747 ], [ -120.65778094, 47.60711215 ], [ -120.65778773, 47.60699165 ], [ -120.65779393, 47.60688145 ], [ -120.65779997, 47.60677406 ], [ -120.65780467, 47.60669053 ], [ -120.65782696, 47.60629456 ], [ -120.65783124, 47.6062186 ], [ -120.65784851, 47.60595001 ], [ -120.65785188, 47.60589765 ], [ -120.65786438, 47.60570338 ], [ -120.65788164, 47.60543501 ], [ -120.65788696, 47.60535227 ], [ -120.65789886, 47.60516724 ], [ -120.65789748, 47.60422647 ], [ -120.6578971, 47.60396816 ], [ -120.65789661, 47.60363871 ], [ -120.65789615, 47.60332648 ], [ -120.65789609, 47.60328431 ], [ -120.65815743, 47.60328655 ], [ -120.65870225, 47.60329122 ], [ -120.6591116, 47.60329472 ], [ -120.65947267, 47.60330019 ], [ -120.65983799, 47.60330573 ], [ -120.66027895, 47.60331241 ], [ -120.6602809, 47.60284042 ], [ -120.662408, 47.60286533 ], [ -120.66240332, 47.60348529 ], [ -120.66239982, 47.60394848 ], [ -120.66314186, 47.6039605 ], [ -120.66323742, 47.60396204 ], [ -120.66325665, 47.60396236 ], [ -120.66325628, 47.60408667 ], [ -120.66338212, 47.60408874 ], [ -120.66377134, 47.60409515 ], [ -120.66429718, 47.60410381 ], [ -120.66482399, 47.60411249 ], [ -120.66501214, 47.60411558 ], [ -120.66535078, 47.60412115 ], [ -120.66595223, 47.60413105 ], [ -120.66616727, 47.60413459 ], [ -120.66616994, 47.60297856 ], [ -120.66634184, 47.6029806 ], [ -120.66664758, 47.60321363 ], [ -120.66697994, 47.60323849 ], [ -120.66697844, 47.60389376 ], [ -120.66738667, 47.6041489 ], [ -120.66850182, 47.60416199 ], [ -120.66852769, 47.60293634 ], [ -120.66856232, 47.60129614 ], [ -120.66877736, 47.60129852 ], [ -120.66896716, 47.60130062 ], [ -120.66896197, 47.60226675 ], [ -120.67268858, 47.60228024 ], [ -120.67269675, 47.60074305 ], [ -120.67269697, 47.60070078 ], [ -120.67301519, 47.60070234 ], [ -120.67302089, 47.60053333 ], [ -120.67303874, 47.60000423 ], [ -120.67304186, 47.59991193 ], [ -120.67304458, 47.59983124 ], [ -120.67307586, 47.59890416 ], [ -120.67039175, 47.59889087 ], [ -120.67038923, 47.59889086 ], [ -120.67039297, 47.5987263 ], [ -120.67041897, 47.59804344 ], [ -120.67042195, 47.59796514 ], [ -120.67119717, 47.59797446 ], [ -120.67174087, 47.59798099 ], [ -120.67243715, 47.59798935 ], [ -120.67245125, 47.59708757 ], [ -120.67416135, 47.59711003 ], [ -120.67935334, 47.59717804 ], [ -120.67939115, 47.60902004 ], [ -120.67555902, 47.6090418 ], [ -120.67331628, 47.60908486 ], [ -120.67217578, 47.60899259 ], [ -120.66871833, 47.60898496 ], [ -120.66846619, 47.60903326 ], [ -120.66846411, 47.60931209 ], [ -120.66329028, 47.60931371 ], [ -120.66329387, 47.60874402 ], [ -120.6629973, 47.60875173 ], [ -120.66220038, 47.60873994 ], [ -120.66162299, 47.6087314 ], [ -120.66108754, 47.60872346 ], [ -120.66021338, 47.60871051 ], [ -120.65943463, 47.60870031 ], [ -120.65889891, 47.60869317 ], [ -120.6583532, 47.60870387 ], [ -120.65789162, 47.6086761 ], [ -120.65784123, 47.6083328 ], [ -120.65762414, 47.60826097 ], [ -120.65763806, 47.60826123 ] ] ], [ [ [ -120.64888873, 47.60725586 ], [ -120.64892802, 47.60720178 ], [ -120.64896749, 47.60715347 ], [ -120.64899847, 47.60711917 ], [ -120.64903131, 47.60708566 ], [ -120.64906584, 47.60705284 ], [ -120.64910173, 47.60702104 ], [ -120.64913947, 47.60698992 ], [ -120.6491945, 47.60694868 ], [ -120.64924077, 47.60691646 ], [ -120.64930037, 47.60687864 ], [ -120.64974155, 47.60662051 ], [ -120.64981876, 47.60656918 ], [ -120.6498737, 47.606528 ], [ -120.64991304, 47.60649539 ], [ -120.64997327, 47.60643986 ], [ -120.6500216, 47.6063892 ], [ -120.65006208, 47.60634129 ], [ -120.65010406, 47.6062839 ], [ -120.65012911, 47.60624543 ], [ -120.650156, 47.60619794 ], [ -120.65018169, 47.60614474 ], [ -120.65020291, 47.60609154 ], [ -120.65021622, 47.60605092 ], [ -120.65023008, 47.60599642 ], [ -120.65024171, 47.60592788 ], [ -120.65024548, 47.60588629 ], [ -120.65024642, 47.60583101 ], [ -120.65024144, 47.60575783 ], [ -120.65023297, 47.60570265 ], [ -120.65022331, 47.60566097 ], [ -120.65020235, 47.60559361 ], [ -120.65017709, 47.60552888 ], [ -120.6501326, 47.60544361 ], [ -120.64981922, 47.60486973 ], [ -120.64977197, 47.60482421 ], [ -120.64969165, 47.60478823 ], [ -120.64961156, 47.60477542 ], [ -120.64955693, 47.60480587 ], [ -120.64933737, 47.60492289 ], [ -120.64908134, 47.60504634 ], [ -120.64860174, 47.60530075 ], [ -120.6472253, 47.60433407 ], [ -120.64623159, 47.60373131 ], [ -120.64646946, 47.60365879 ], [ -120.64716658, 47.60344622 ], [ -120.64949919, 47.60206935 ], [ -120.64967405, 47.60196613 ], [ -120.64982844, 47.601875 ], [ -120.64983772, 47.60188056 ], [ -120.65012431, 47.60205247 ], [ -120.6513345, 47.60128212 ], [ -120.65149954, 47.60142095 ], [ -120.65225563, 47.60100821 ], [ -120.65247449, 47.60088873 ], [ -120.65242896, 47.60085042 ], [ -120.65225865, 47.60070713 ], [ -120.65235299, 47.60065263 ], [ -120.65284864, 47.60065379 ], [ -120.65302848, 47.60065421 ], [ -120.65307669, 47.60069456 ], [ -120.65338304, 47.60095095 ], [ -120.6535755, 47.60111201 ], [ -120.65324046, 47.60127132 ], [ -120.65292002, 47.60142709 ], [ -120.65265173, 47.60159335 ], [ -120.65227905, 47.60188903 ], [ -120.65202814, 47.60211599 ], [ -120.65171765, 47.60242304 ], [ -120.65142788, 47.60276426 ], [ -120.65121543, 47.60303327 ], [ -120.65094507, 47.60338757 ], [ -120.65063613, 47.60380747 ], [ -120.65046229, 47.604024 ], [ -120.65029422, 47.6042619 ], [ -120.65025229, 47.60436449 ], [ -120.65022906, 47.60445309 ], [ -120.65021794, 47.60454186 ], [ -120.65021813, 47.60463099 ], [ -120.65023347, 47.60473637 ], [ -120.65024728, 47.60478896 ], [ -120.65026464, 47.60484085 ], [ -120.65029458, 47.60490895 ], [ -120.65056423, 47.60540332 ], [ -120.65059559, 47.60546997 ], [ -120.65062238, 47.60553872 ], [ -120.65063666, 47.60558437 ], [ -120.65064267, 47.60560729 ], [ -120.6506487, 47.60563029 ], [ -120.6506536, 47.60565329 ], [ -120.65065852, 47.60567644 ], [ -120.65066248, 47.60570057 ], [ -120.65066572, 47.60572376 ], [ -120.65066841, 47.60574695 ], [ -120.65067054, 47.6057702 ], [ -120.65067212, 47.60579347 ], [ -120.65067315, 47.60581675 ], [ -120.65067362, 47.60584002 ], [ -120.65067354, 47.60586429 ], [ -120.65067235, 47.60588756 ], [ -120.65067116, 47.60591084 ], [ -120.65066876, 47.60593505 ], [ -120.65066603, 47.60595728 ], [ -120.65066269, 47.60598448 ], [ -120.65065949, 47.60600234 ], [ -120.65065453, 47.6060277 ], [ -120.65064946, 47.60605075 ], [ -120.65064384, 47.60607377 ], [ -120.65063765, 47.60609671 ], [ -120.6506324, 47.60611449 ], [ -120.65063091, 47.60611954 ], [ -120.65207167, 47.60622722 ], [ -120.65257374, 47.60626473 ], [ -120.65258117, 47.60643174 ], [ -120.65260133, 47.60688452 ], [ -120.65260433, 47.60695196 ], [ -120.65391142, 47.60693609 ], [ -120.65391217, 47.60710599 ], [ -120.65391379, 47.60747405 ], [ -120.6539141, 47.60754353 ], [ -120.65391447, 47.6076275 ], [ -120.6544075, 47.60762685 ], [ -120.65440371, 47.60767512 ], [ -120.65440156, 47.60798191 ], [ -120.65390916, 47.60798234 ], [ -120.65390964, 47.60768034 ], [ -120.65258343, 47.60766381 ], [ -120.65258326, 47.60772138 ], [ -120.64903935, 47.60767174 ], [ -120.64873506, 47.60767332 ], [ -120.64874063, 47.60762754 ], [ -120.64874928, 47.60757762 ], [ -120.64875829, 47.60753786 ], [ -120.64877469, 47.60748381 ], [ -120.64880059, 47.6074157 ], [ -120.64882032, 47.6073725 ], [ -120.64884014, 47.60733467 ], [ -120.64886165, 47.6072973 ], [ -120.64888873, 47.60725586 ] ] ], [ [ [ -120.30622807, 47.38884581 ], [ -120.3061974, 47.38824235 ], [ -120.3055478, 47.38779653 ], [ -120.30586541, 47.38754626 ], [ -120.30611402, 47.38739182 ], [ -120.3057733, 47.38723642 ], [ -120.30724835, 47.38617967 ], [ -120.30870724, 47.38553394 ], [ -120.30935552, 47.38485853 ], [ -120.31008958, 47.38512315 ], [ -120.31057821, 47.38455973 ], [ -120.31094232, 47.38456678 ], [ -120.3116281, 47.38458057 ], [ -120.31185864, 47.38458547 ], [ -120.31137882, 47.38539655 ], [ -120.31112122, 47.38596217 ], [ -120.31082054, 47.38701281 ], [ -120.31120205, 47.38701958 ], [ -120.31117973, 47.38784324 ], [ -120.31091188, 47.38783439 ], [ -120.31095259, 47.38772879 ], [ -120.31041303, 47.3877221 ], [ -120.31034912, 47.38772131 ], [ -120.31040827, 47.38752478 ], [ -120.30996417, 47.38751994 ], [ -120.30888132, 47.38752397 ], [ -120.30836792, 47.38752587 ], [ -120.30807129, 47.38752555 ], [ -120.30628527, 47.38753298 ], [ -120.30593816, 47.38753442 ], [ -120.30580308, 47.38764074 ], [ -120.30623391, 47.38793643 ], [ -120.30625625, 47.38879438 ], [ -120.30622807, 47.38884581 ] ] ], [ [ [ -120.2927583, 47.39851295 ], [ -120.2924365, 47.39820802 ], [ -120.2921309, 47.39788942 ], [ -120.2918857, 47.39761482 ], [ -120.29159623, 47.39729902 ], [ -120.29140343, 47.39703542 ], [ -120.2911463, 47.39670602 ], [ -120.29088489, 47.39642042 ], [ -120.29080483, 47.39625582 ], [ -120.29078243, 47.39616315 ], [ -120.2907731, 47.39612422 ], [ -120.2907091, 47.39595962 ], [ -120.29062883, 47.39580862 ], [ -120.29053243, 47.39572075 ], [ -120.2903191, 47.39555582 ], [ -120.2901901, 47.39547895 ], [ -120.29010963, 47.39542395 ], [ -120.2900133, 47.39525922 ], [ -120.28988489, 47.39508362 ], [ -120.2897401, 47.39495175 ], [ -120.2895953, 47.39479795 ], [ -120.28941803, 47.39469075 ], [ -120.2892569, 47.39459175 ], [ -120.2891763, 47.39454775 ], [ -120.28909229, 47.39437215 ], [ -120.28906063, 47.39419662 ], [ -120.28904483, 47.39411982 ], [ -120.28914243, 47.39394455 ], [ -120.28933683, 47.39378035 ], [ -120.28953149, 47.39357242 ], [ -120.28965723, 47.39343002 ], [ -120.28970603, 47.39334242 ], [ -120.2897551, 47.39317795 ], [ -120.28982023, 47.39304655 ], [ -120.2899015, 47.39289315 ], [ -120.28994709, 47.39259715 ], [ -120.28994783, 47.39239982 ], [ -120.2899651, 47.39212562 ], [ -120.28990129, 47.39192815 ], [ -120.28972463, 47.39165362 ], [ -120.28956003, 47.39144502 ], [ -120.28941529, 47.39129122 ], [ -120.2892219, 47.39116202 ], [ -120.2889483, 47.39092035 ], [ -120.28873889, 47.39081022 ], [ -120.28859403, 47.39072222 ], [ -120.28841669, 47.39062322 ], [ -120.28828769, 47.39054622 ], [ -120.28815883, 47.39050215 ], [ -120.28799743, 47.39046075 ], [ -120.28777143, 47.39043835 ], [ -120.28757783, 47.39039415 ], [ -120.28739649, 47.39031702 ], [ -120.28720323, 47.39019602 ], [ -120.28709049, 47.39010815 ], [ -120.28694543, 47.39005302 ], [ -120.28678383, 47.39007475 ], [ -120.28673509, 47.39012942 ], [ -120.28669443, 47.39024175 ], [ -120.28674609, 47.39044742 ], [ -120.28682243, 47.39054355 ], [ -120.28697149, 47.39060682 ], [ -120.2870843, 47.39063995 ], [ -120.2872739, 47.39067875 ], [ -120.28750403, 47.39071742 ], [ -120.2876533, 47.39072322 ], [ -120.28780649, 47.39076182 ], [ -120.28790743, 47.39078122 ], [ -120.28809703, 47.39082002 ], [ -120.28817349, 47.39084762 ], [ -120.28820983, 47.39087235 ], [ -120.28820969, 47.39089695 ], [ -120.28811669, 47.39092422 ], [ -120.28802383, 47.39094322 ], [ -120.28790683, 47.39094302 ], [ -120.28775743, 47.39092915 ], [ -120.28755983, 47.39089862 ], [ -120.2873983, 47.39089002 ], [ -120.28718029, 47.39088415 ], [ -120.28697043, 47.39087822 ], [ -120.28685743, 47.39086982 ], [ -120.28667983, 47.39084482 ], [ -120.28647003, 47.39080615 ], [ -120.2862441, 47.39076175 ], [ -120.28608283, 47.39074235 ], [ -120.28585703, 47.39067062 ], [ -120.28558289, 47.39056862 ], [ -120.28526029, 47.39046395 ], [ -120.28511123, 47.39040602 ], [ -120.28499429, 47.39034822 ], [ -120.2848455, 47.39021915 ], [ -120.28465623, 47.39009822 ], [ -120.28446703, 47.38997442 ], [ -120.28429823, 47.38979595 ], [ -120.28415349, 47.38961475 ], [ -120.28406909, 47.38954602 ], [ -120.28396849, 47.38947455 ], [ -120.28387169, 47.38944142 ], [ -120.28375089, 47.38935902 ], [ -120.28363409, 47.38927382 ], [ -120.28349329, 47.38917755 ], [ -120.28326789, 47.38900995 ], [ -120.28314289, 47.38894662 ], [ -120.28302209, 47.38887515 ], [ -120.28280469, 47.38873495 ], [ -120.28270003, 47.38866895 ], [ -120.28261549, 47.38862495 ], [ -120.28250269, 47.38855882 ], [ -120.28246649, 47.38850955 ], [ -120.28244649, 47.38847655 ], [ -120.28245463, 47.38845195 ], [ -120.28252329, 47.38842462 ], [ -120.28257989, 47.38844395 ], [ -120.28266443, 47.38847695 ], [ -120.28277729, 47.38853482 ], [ -120.28291823, 47.38862555 ], [ -120.28309949, 47.38869435 ], [ -120.28322049, 47.38874675 ], [ -120.28353509, 47.38882135 ], [ -120.28378109, 47.38887115 ], [ -120.28407149, 47.38891542 ], [ -120.28429749, 47.38893515 ], [ -120.28449149, 47.38890255 ], [ -120.28445923, 47.38886955 ], [ -120.28431423, 47.38882542 ], [ -120.28391129, 47.38861915 ], [ -120.28376642, 47.38852015 ], [ -120.28362163, 47.38839922 ], [ -120.28347643, 47.38833315 ], [ -120.28321843, 47.38825595 ], [ -120.28305723, 47.38821182 ], [ -120.28292823, 47.38814842 ], [ -120.28268629, 47.38807122 ], [ -120.28237989, 47.38798302 ], [ -120.28221863, 47.38791695 ], [ -120.28191209, 47.38783955 ], [ -120.28163802, 47.38774302 ], [ -120.28150909, 47.38769895 ], [ -120.28120249, 47.38764355 ], [ -120.28096063, 47.38755535 ], [ -120.28078323, 47.38750022 ], [ -120.28056963, 47.38741202 ], [ -120.28037609, 47.38734862 ], [ -120.28023083, 47.38733742 ], [ -120.27992423, 47.38729302 ], [ -120.27955342, 47.38714975 ], [ -120.27932763, 47.38709442 ], [ -120.27895669, 47.38696482 ], [ -120.27876322, 47.38688775 ], [ -120.27855363, 47.38683255 ], [ -120.27832789, 47.38675535 ], [ -120.27826329, 47.38672235 ], [ -120.27805362, 47.38667802 ], [ -120.27783003, 47.38661315 ], [ -120.27768269, 47.38657042 ], [ -120.27747309, 47.38649322 ], [ -120.27702929, 47.38641562 ], [ -120.27678329, 47.38636315 ], [ -120.27654949, 47.38631875 ], [ -120.27635989, 47.38628002 ], [ -120.27617842, 47.38624122 ], [ -120.27605729, 47.38622182 ], [ -120.27591202, 47.38620235 ], [ -120.27568602, 47.38619375 ], [ -120.27546002, 47.38618782 ], [ -120.27504429, 47.38618702 ], [ -120.27493529, 47.38619262 ], [ -120.27489082, 47.38619495 ], [ -120.27477782, 47.38620022 ], [ -120.274691284161577, 47.386205819624884 ], [ -120.273812662, 47.403231766 ], [ -120.273798878, 47.403369447 ], [ -120.27366055, 47.403372813 ], [ -120.260005792, 47.403046476 ], [ -120.250858264, 47.402827859 ], [ -120.250712812, 47.402817028 ], [ -120.250671644, 47.402677105 ], [ -120.250670226, 47.402671198 ], [ -120.250669431, 47.402667889 ], [ -120.250668632, 47.402664581 ], [ -120.250656033, 47.402612386 ], [ -120.250474111, 47.40185871 ], [ -120.250417641, 47.401623765 ], [ -120.250417633, 47.401623731 ], [ -120.25041743, 47.401622889 ], [ -120.249723462, 47.398739449 ], [ -120.249668073, 47.398445563 ], [ -120.24923806, 47.395312354 ], [ -120.249213953, 47.395054381 ], [ -120.24921319, 47.395039124 ], [ -120.249211536, 47.395006027 ], [ -120.249208508, 47.394921708 ], [ -120.24913144, 47.391392256 ], [ -120.249130849, 47.391299512 ], [ -120.249150067, 47.389184554 ], [ -120.249151427, 47.389034888 ], [ -120.249145323, 47.388885341 ], [ -120.249143291, 47.388835538 ], [ -120.249137035, 47.388682281 ], [ -120.249135035, 47.388505436 ], [ -120.249145799, 47.387913434 ], [ -120.249147851, 47.387844366 ], [ -120.249148688, 47.387824066 ], [ -120.249150427, 47.387781888 ], [ -120.249151573, 47.38773969 ], [ -120.249151805, 47.387731116 ], [ -120.249156047, 47.387574869 ], [ -120.249183196, 47.386721554 ], [ -120.249183203, 47.386721321 ], [ -120.249187427, 47.386588888 ], [ -120.249185774, 47.386455932 ], [ -120.249182978, 47.386231112 ], [ -120.249166924, 47.38493992 ], [ -120.249172343, 47.384796604 ], [ -120.249315712, 47.384792835 ], [ -120.253312384, 47.384888559 ], [ -120.263679327, 47.385136854 ], [ -120.263834911, 47.38514875 ], [ -120.263984622, 47.385192733 ], [ -120.26638543, 47.386036886 ], [ -120.26672043, 47.385772886 ], [ -120.267399248, 47.385240206 ], [ -120.267429864, 47.385233044 ], [ -120.267564898, 47.385229612 ], [ -120.269109408593167, 47.385266407353505 ], [ -120.26894502, 47.38518535 ], [ -120.26870742, 47.38505602 ], [ -120.26846182, 47.38491022 ], [ -120.26838929, 47.38487995 ], [ -120.26816362, 47.38479455 ], [ -120.26806442, 47.38471835 ], [ -120.26793429, 47.38461862 ], [ -120.26764429, 47.38446455 ], [ -120.26735429, 47.38432135 ], [ -120.26700002, 47.38409315 ], [ -120.26674242, 47.38392802 ], [ -120.26648462, 47.38378502 ], [ -120.26616249, 47.38361982 ], [ -120.26588462, 47.38349042 ], [ -120.26554642, 47.38327042 ], [ -120.26549809, 47.38324296 ], [ -120.26523249, 47.38305322 ], [ -120.26481782, 47.38284135 ], [ -120.26465649, 47.38276422 ], [ -120.26445922, 47.38266782 ], [ -120.26429809, 47.38260175 ], [ -120.26391929, 47.38244195 ], [ -120.26369369, 47.38235922 ], [ -120.26349209, 47.38229862 ], [ -120.26316162, 47.38219095 ], [ -120.26280282, 47.38208602 ], [ -120.26241569, 47.38198936 ], [ -120.26227469, 47.38193962 ], [ -120.26212722, 47.38188442 ], [ -120.26196442, 47.38182396 ], [ -120.26178302, 47.38177142 ], [ -120.26160142, 47.38173815 ], [ -120.26142409, 47.38169942 ], [ -120.26114989, 47.38162755 ], [ -120.26079922, 47.38153082 ], [ -120.26051682, 47.38147276 ], [ -120.26038622, 47.38145655 ], [ -120.26027082, 47.38144216 ], [ -120.26000449, 47.38140315 ], [ -120.25974242, 47.38135602 ], [ -120.25951262, 47.38129256 ], [ -120.25935542, 47.38124002 ], [ -120.25921042, 47.38118222 ], [ -120.25902122, 47.38108036 ], [ -120.25879562, 47.38096475 ], [ -120.25830822, 47.38073342 ], [ -120.25814309, 47.38066182 ], [ -120.25782082, 47.38052956 ], [ -120.25754662, 47.38046315 ], [ -120.25728849, 47.38039682 ], [ -120.25697822, 47.38031942 ], [ -120.25670382, 47.38027776 ], [ -120.25647782, 47.38026636 ], [ -120.25620749, 47.38026576 ], [ -120.25585262, 47.38018822 ], [ -120.25557449, 47.38011362 ], [ -120.25508648, 47.38001936 ], [ -120.25459042, 47.37993616 ], [ -120.25407009, 47.37985822 ], [ -120.25378789, 47.37979455 ], [ -120.25348529, 47.37977476 ], [ -120.25323902, 47.37977422 ], [ -120.25299269, 47.37978736 ], [ -120.25269782, 47.37984436 ], [ -120.25235842, 47.37992862 ], [ -120.25209149, 47.38001022 ], [ -120.25197842, 47.38003742 ], [ -120.25183728, 47.38002896 ], [ -120.25165582, 47.37999022 ], [ -120.25135742, 47.37993476 ], [ -120.25119402, 47.37996482 ], [ -120.25106649, 47.37998896 ], [ -120.25097762, 47.37999962 ], [ -120.25084848, 47.37998842 ], [ -120.25044528, 47.37987796 ], [ -120.25030842, 47.37982822 ], [ -120.25025208, 47.37979522 ], [ -120.25029268, 47.37975156 ], [ -120.25026862, 47.37969656 ], [ -120.25022042, 47.37965816 ], [ -120.25015582, 47.37964422 ], [ -120.25003442, 47.37973176 ], [ -120.24997769, 47.37978102 ], [ -120.24991282, 47.37984116 ], [ -120.24988042, 47.37986302 ], [ -120.24968642, 47.37989556 ], [ -120.24935542, 47.37993316 ], [ -120.24913728, 47.37994096 ], [ -120.24884688, 47.37991282 ], [ -120.24863729, 47.37985216 ], [ -120.24843569, 47.37979682 ], [ -120.24827448, 47.37974716 ], [ -120.24808506, 47.37973875 ], [ -120.24808502, 47.37973748 ], [ -120.24802101, 47.37966548 ], [ -120.24788401, 47.37957748 ], [ -120.24781201, 47.37955448 ], [ -120.24773101, 47.37952848 ], [ -120.24764301, 47.37947848 ], [ -120.24754601, 47.37940148 ], [ -120.24744601, 47.37928648 ], [ -120.24732501, 47.37912648 ], [ -120.24730901, 47.37907148 ], [ -120.24741501, 47.37889648 ], [ -120.24743701, 47.37882148 ], [ -120.24745601, 47.37875948 ], [ -120.24747701, 47.37863348 ], [ -120.24747701, 47.37853548 ], [ -120.24748501, 47.37849348 ], [ -120.24750101, 47.37843498 ], [ -120.24762851, 47.37821048 ], [ -120.24764201, 47.37815448 ], [ -120.24764101, 47.37811248 ], [ -120.24764101, 47.37805848 ], [ -120.24756501, 47.37788248 ], [ -120.24759801, 47.37775648 ], [ -120.24765301, 47.37770647 ], [ -120.24770301, 47.37766348 ], [ -120.24784901, 47.37751547 ], [ -120.24793101, 47.37740647 ], [ -120.24803301, 47.37705547 ], [ -120.24812302, 47.37690847 ], [ -120.24821202, 47.37678447 ], [ -120.24835002, 47.37664847 ], [ -120.24844701, 47.37649947 ], [ -120.24868102, 47.37605847 ], [ -120.24872802, 47.37596947 ], [ -120.24881502, 47.37579447 ], [ -120.24886302, 47.37570047 ], [ -120.24901702, 47.37548147 ], [ -120.24916402, 47.37522947 ], [ -120.24929502, 47.37505047 ], [ -120.24941202, 47.37489247 ], [ -120.24947402, 47.37484347 ], [ -120.24961602, 47.37498897 ], [ -120.24982702, 47.37547747 ], [ -120.24989902, 47.37564647 ], [ -120.24987102, 47.37577447 ], [ -120.24979502, 47.37614647 ], [ -120.24980802, 47.37628947 ], [ -120.24994902, 47.37631947 ], [ -120.25037102, 47.37640947 ], [ -120.25051302, 47.37644047 ], [ -120.25053902, 47.37637947 ], [ -120.25061352, 47.37621297 ], [ -120.25064802, 47.37613847 ], [ -120.25075802, 47.37616447 ], [ -120.25108802, 47.37624348 ], [ -120.25119802, 47.37627048 ], [ -120.25228402, 47.37640448 ], [ -120.25408303, 47.37662648 ], [ -120.25549303, 47.37703948 ], [ -120.25654403, 47.37734749 ], [ -120.25947004, 47.3782005 ], [ -120.26214404, 47.3788205 ], [ -120.26345304, 47.37912451 ], [ -120.26829305, 47.38093752 ], [ -120.27016006, 47.38163752 ], [ -120.27121506, 47.38188353 ], [ -120.27149306, 47.38194253 ], [ -120.27232706, 47.38212153 ], [ -120.27260506, 47.38218153 ], [ -120.27455207, 47.38261353 ], [ -120.27896407, 47.38359354 ], [ -120.28040108, 47.38387055 ], [ -120.28159608, 47.38410055 ], [ -120.28236008, 47.38424855 ], [ -120.28672109, 47.38509456 ], [ -120.2955031, 47.38679958 ], [ -120.29965211, 47.38821259 ], [ -120.30164512, 47.3888916 ], [ -120.30286312, 47.3888736 ], [ -120.30415544, 47.38887016 ], [ -120.30427712, 47.3888746 ], [ -120.30470627, 47.38889315 ], [ -120.30478612, 47.38889661 ], [ -120.30486948, 47.38889621 ], [ -120.30541312, 47.38889361 ], [ -120.30593012, 47.38889261 ], [ -120.30620452, 47.3888888 ], [ -120.306077, 47.38912158 ], [ -120.30583091, 47.38957078 ], [ -120.30578912, 47.38963761 ], [ -120.30584896, 47.38963917 ], [ -120.30594786, 47.38967359 ], [ -120.30589791, 47.38973322 ], [ -120.30585204, 47.38978797 ], [ -120.30580115, 47.38984872 ], [ -120.30604678, 47.38994361 ], [ -120.30586692, 47.39015831 ], [ -120.30577095, 47.39029234 ], [ -120.30567686, 47.39042374 ], [ -120.30558247, 47.39055556 ], [ -120.30553737, 47.39061854 ], [ -120.30548653, 47.3906873 ], [ -120.30540495, 47.39082354 ], [ -120.30538057, 47.39086427 ], [ -120.30571945, 47.39099618 ], [ -120.30611835, 47.39108908 ], [ -120.30641173, 47.3911574 ], [ -120.30669521, 47.39122342 ], [ -120.30698926, 47.39129189 ], [ -120.30728331, 47.39136037 ], [ -120.30756972, 47.39142706 ], [ -120.30772827, 47.39146398 ], [ -120.30788971, 47.39151041 ], [ -120.30855616, 47.39170208 ], [ -120.3083914, 47.39239955 ], [ -120.30837476, 47.39247383 ], [ -120.30834617, 47.39251439 ], [ -120.30827694, 47.39274147 ], [ -120.30702162, 47.39273257 ], [ -120.30687975, 47.39273156 ], [ -120.30689441, 47.39321273 ], [ -120.30701055, 47.39321388 ], [ -120.30748907, 47.39321865 ], [ -120.30795054, 47.39322324 ], [ -120.30826552, 47.39322638 ], [ -120.30824982, 47.39381398 ], [ -120.30823515, 47.39438352 ], [ -120.30824129, 47.3949533 ], [ -120.30827924, 47.39503519 ], [ -120.30828495, 47.39594512 ], [ -120.30570064, 47.39593681 ], [ -120.30570315, 47.39683798 ], [ -120.30660592, 47.39684183 ], [ -120.30660908, 47.39665261 ], [ -120.30732606, 47.39665781 ], [ -120.30731761, 47.3968026 ], [ -120.3075161, 47.39681868 ], [ -120.3082862, 47.39684187 ], [ -120.30830915, 47.39727066 ], [ -120.30827701, 47.39740256 ], [ -120.30827692, 47.39763294 ], [ -120.30827688, 47.39776421 ], [ -120.30827674, 47.39812043 ], [ -120.30828012, 47.39826293 ], [ -120.30787944, 47.39825923 ], [ -120.3076925, 47.3982575 ], [ -120.30747854, 47.3982553 ], [ -120.30710344, 47.39825174 ], [ -120.30690158, 47.39824982 ], [ -120.30690185, 47.39864517 ], [ -120.30668714, 47.39866196 ], [ -120.30659247, 47.39866086 ], [ -120.3062725, 47.39865711 ], [ -120.30587007, 47.3986524 ], [ -120.30573554, 47.39865082 ], [ -120.30546746, 47.39864559 ], [ -120.30506492, 47.39863811 ], [ -120.30496929, 47.39863659 ], [ -120.30490288, 47.39863553 ], [ -120.30467827, 47.3986334 ], [ -120.30453626, 47.39863204 ], [ -120.30383548, 47.39862537 ], [ -120.30348218, 47.39862202 ], [ -120.30348096, 47.39824491 ], [ -120.30318265, 47.39824208 ], [ -120.30318486, 47.39862401 ], [ -120.30320446, 47.39890884 ], [ -120.30321602, 47.39899585 ], [ -120.30321902, 47.39917414 ], [ -120.303222, 47.39935154 ], [ -120.30322497, 47.39952781 ], [ -120.30322571, 47.39957203 ], [ -120.30322893, 47.3997636 ], [ -120.30323259, 47.39998085 ], [ -120.30323875, 47.40034731 ], [ -120.30324008, 47.40042621 ], [ -120.30324086, 47.40047224 ], [ -120.30310784, 47.40047112 ], [ -120.30298283, 47.40047007 ], [ -120.30277529, 47.40046832 ], [ -120.30257358, 47.40046663 ], [ -120.30237157, 47.40046493 ], [ -120.30216866, 47.40046322 ], [ -120.30196773, 47.40046153 ], [ -120.30176684, 47.40045983 ], [ -120.30156446, 47.40045813 ], [ -120.30136066, 47.40045641 ], [ -120.30116083, 47.40045473 ], [ -120.30095798, 47.40045302 ], [ -120.30087495, 47.40045232 ], [ -120.30075716, 47.40045132 ], [ -120.30055426, 47.40044961 ], [ -120.30035239, 47.40044791 ], [ -120.30014843, 47.40044619 ], [ -120.29994655, 47.40044449 ], [ -120.29974468, 47.40044278 ], [ -120.29954388, 47.40044109 ], [ -120.29920217, 47.4004382 ], [ -120.29899401, 47.40043644 ], [ -120.29878864, 47.40043471 ], [ -120.29864164, 47.40043346 ], [ -120.29840207, 47.40043144 ], [ -120.29828296, 47.40043043 ], [ -120.29809696, 47.40004074 ], [ -120.29802838, 47.39989707 ], [ -120.29793714, 47.3997059 ], [ -120.29785187, 47.39952726 ], [ -120.29781341, 47.39944668 ], [ -120.29763466, 47.39907216 ], [ -120.29750951, 47.39887707 ], [ -120.29710138, 47.3980876 ], [ -120.29703085, 47.39795116 ], [ -120.29697775, 47.39784844 ], [ -120.29704906, 47.39783138 ], [ -120.29700098, 47.39771256 ], [ -120.29680745, 47.39736117 ], [ -120.29673597, 47.39707491 ], [ -120.29651669, 47.39707918 ], [ -120.29600085, 47.39708921 ], [ -120.29565995, 47.39709241 ], [ -120.29540295, 47.39708388 ], [ -120.29586307, 47.39823332 ], [ -120.29678413, 47.40044787 ], [ -120.2956951, 47.40044063 ], [ -120.2955061, 47.40044263 ], [ -120.29550071, 47.40044262 ], [ -120.29542463, 47.40027775 ], [ -120.2953727, 47.40012402 ], [ -120.2953085, 47.40001422 ], [ -120.2952441, 47.39994835 ], [ -120.29514763, 47.39987415 ], [ -120.29498623, 47.39981902 ], [ -120.29472823, 47.39971982 ], [ -120.29445403, 47.39962075 ], [ -120.29405103, 47.39941162 ], [ -120.2936319, 47.39920535 ], [ -120.2932937, 47.39893055 ], [ -120.2927583, 47.39851295 ] ] ], [ [ [ -120.32440468, 47.39643672 ], [ -120.32438044, 47.39463542 ], [ -120.32436217, 47.39327703 ], [ -120.32701331, 47.39329225 ], [ -120.32966109, 47.3933074 ], [ -120.3296655, 47.39412369 ], [ -120.32967313, 47.39514072 ], [ -120.33099711, 47.39516273 ], [ -120.33100253, 47.39701166 ], [ -120.33090916, 47.39701907 ], [ -120.33092679, 47.395185 ], [ -120.32967584, 47.39517945 ], [ -120.32960539, 47.39517913 ], [ -120.32959313, 47.39703201 ], [ -120.32975292, 47.39703245 ], [ -120.32975881, 47.39712145 ], [ -120.32976135, 47.39742158 ], [ -120.32974473, 47.39766733 ], [ -120.32968283, 47.39767474 ], [ -120.32968713, 47.39817443 ], [ -120.32968666, 47.39827311 ], [ -120.32971412, 47.39838833 ], [ -120.3297095, 47.39855026 ], [ -120.32969084, 47.39873998 ], [ -120.32969162, 47.39885471 ], [ -120.32969616, 47.39954277 ], [ -120.32970383, 47.40070429 ], [ -120.32727957, 47.4006905 ], [ -120.32689047, 47.40063049 ], [ -120.32633577, 47.40062801 ], [ -120.32633609, 47.40056753 ], [ -120.32606871, 47.40059416 ], [ -120.32526713, 47.40064343 ], [ -120.32526163, 47.40023222 ], [ -120.32457769, 47.40025852 ], [ -120.32458406, 47.40067558 ], [ -120.32458579, 47.40078908 ], [ -120.32459037, 47.40108942 ], [ -120.32459511, 47.40139964 ], [ -120.32459923, 47.40166942 ], [ -120.32460345, 47.40194589 ], [ -120.32460473, 47.40202978 ], [ -120.32436242, 47.40202737 ], [ -120.3237568, 47.40202135 ], [ -120.32375131, 47.40167297 ], [ -120.32435693, 47.40167899 ], [ -120.32435574, 47.40161246 ], [ -120.32427273, 47.40162129 ], [ -120.32402058, 47.40161547 ], [ -120.32117475, 47.40157145 ], [ -120.32105333, 47.4014253 ], [ -120.32095984, 47.40131334 ], [ -120.32074983, 47.40115816 ], [ -120.32052249, 47.40097642 ], [ -120.32051521, 47.40071556 ], [ -120.32018857, 47.40071211 ], [ -120.31987241, 47.40070876 ], [ -120.31955664, 47.40070541 ], [ -120.31932635, 47.40070297 ], [ -120.3193248, 47.40054605 ], [ -120.31922027, 47.4005451 ], [ -120.31912148, 47.40054421 ], [ -120.31909415, 47.39904808 ], [ -120.31908916, 47.39877488 ], [ -120.31906813, 47.39730422 ], [ -120.31816374, 47.39696471 ], [ -120.31772352, 47.39696104 ], [ -120.31773257, 47.39750958 ], [ -120.3171266, 47.39750519 ], [ -120.31674548, 47.39751925 ], [ -120.31639532, 47.39753932 ], [ -120.31639965, 47.39782948 ], [ -120.31605547, 47.39782643 ], [ -120.31523829, 47.39781921 ], [ -120.31520535, 47.39698115 ], [ -120.31518473, 47.39693978 ], [ -120.31447816, 47.39693586 ], [ -120.31383435, 47.39692937 ], [ -120.31383028, 47.39680496 ], [ -120.31381764, 47.39613294 ], [ -120.31381051, 47.39575376 ], [ -120.31379781, 47.39506378 ], [ -120.31380234, 47.39376142 ], [ -120.31503058, 47.39398651 ], [ -120.31653351, 47.39497537 ], [ -120.31772244, 47.39575927 ], [ -120.31722096, 47.39611052 ], [ -120.31712218, 47.39617971 ], [ -120.31833737, 47.3968496 ], [ -120.31906766, 47.39716646 ], [ -120.31905535, 47.39643931 ], [ -120.31961099, 47.39643516 ], [ -120.31976024, 47.39627691 ], [ -120.32277158, 47.39608473 ], [ -120.32339591, 47.39650096 ], [ -120.32440468, 47.39643672 ] ] ], [ [ [ -120.31241184, 47.43375515 ], [ -120.31225011, 47.43376582 ], [ -120.31214042, 47.43370596 ], [ -120.31212437, 47.43366997 ], [ -120.31220644, 47.43372944 ], [ -120.31227143, 47.43374523 ], [ -120.31245721, 47.43373975 ], [ -120.31241184, 47.43375515 ] ] ], [ [ [ -120.31255407, 47.43373689 ], [ -120.31264373, 47.43377438 ], [ -120.31264828, 47.43379598 ], [ -120.31254761, 47.43373708 ], [ -120.31255407, 47.43373689 ] ] ], [ [ [ -120.31388687, 47.43709073 ], [ -120.31388057, 47.43717307 ], [ -120.31389514, 47.43747456 ], [ -120.31386499, 47.43757634 ], [ -120.31383119, 47.43788104 ], [ -120.31386577, 47.43798493 ], [ -120.314079, 47.43813081 ], [ -120.31396087, 47.43827461 ], [ -120.31394124, 47.43848871 ], [ -120.31392855, 47.43864789 ], [ -120.31398279, 47.43891607 ], [ -120.31401399, 47.43923933 ], [ -120.31401596, 47.43933055 ], [ -120.31401467, 47.43964518 ], [ -120.31401038, 47.4398207 ], [ -120.31407295, 47.44009977 ], [ -120.31415593, 47.44057607 ], [ -120.31420906, 47.44078942 ], [ -120.31434355, 47.44102939 ], [ -120.31445605, 47.44137374 ], [ -120.31447289, 47.44177944 ], [ -120.31448506, 47.44197123 ], [ -120.31455256, 47.44210216 ], [ -120.31461195, 47.44223319 ], [ -120.31459781, 47.4423266 ], [ -120.31451915, 47.44242611 ], [ -120.31450692, 47.44261587 ], [ -120.31448624, 47.44261055 ], [ -120.31445411, 47.44255575 ], [ -120.31448671, 47.44245702 ], [ -120.31453544, 47.44239135 ], [ -120.31458024, 47.44228175 ], [ -120.31453204, 47.44220495 ], [ -120.31448384, 47.44211715 ], [ -120.31443624, 47.44185382 ], [ -120.31443724, 47.44156875 ], [ -120.31441771, 47.44136035 ], [ -120.31424144, 47.44096535 ], [ -120.31416124, 47.44077055 ], [ -120.31408111, 47.44057302 ], [ -120.31402951, 47.44029882 ], [ -120.31399825, 47.43998082 ], [ -120.31399924, 47.43971762 ], [ -120.31394785, 47.43936662 ], [ -120.31393304, 47.43899375 ], [ -120.31390171, 47.43867562 ], [ -120.31389871, 47.43840155 ], [ -120.31393164, 47.43824802 ], [ -120.31398024, 47.43819322 ], [ -120.31399664, 47.43812755 ], [ -120.31394831, 47.43809455 ], [ -120.31383531, 47.43802862 ], [ -120.31375504, 47.43789695 ], [ -120.31375564, 47.43771042 ], [ -120.31378851, 47.43755695 ], [ -120.31381731, 47.43738155 ], [ -120.31381811, 47.43717595 ], [ -120.31378631, 47.43698942 ], [ -120.31370611, 47.43682482 ], [ -120.31363964, 47.43664202 ], [ -120.31359404, 47.43651762 ], [ -120.31342951, 47.43618835 ], [ -120.31323671, 47.43588102 ], [ -120.31309211, 47.43561762 ], [ -120.31302811, 47.43544215 ], [ -120.31304064, 47.43532142 ], [ -120.31302484, 47.43523375 ], [ -120.31294431, 47.43513762 ], [ -120.31283151, 47.43506075 ], [ -120.31276724, 47.43492902 ], [ -120.31281604, 47.43483035 ], [ -120.31281671, 47.43466582 ], [ -120.31280124, 47.43446855 ], [ -120.31274931, 47.43427102 ], [ -120.31268571, 47.43400775 ], [ -120.31266706, 47.43388506 ], [ -120.31271123, 47.43409452 ], [ -120.31283684, 47.43448537 ], [ -120.31285805, 47.43472101 ], [ -120.31280506, 47.43488605 ], [ -120.31283246, 47.43503385 ], [ -120.31302148, 47.43518 ], [ -120.31308595, 47.43554679 ], [ -120.31334572, 47.43597743 ], [ -120.31358043, 47.43636993 ], [ -120.31368105, 47.4365389 ], [ -120.31375928, 47.43679589 ], [ -120.31388687, 47.43709073 ] ] ], [ [ [ -120.31453233, 47.44460014 ], [ -120.31455224, 47.44455995 ], [ -120.31464925, 47.44451622 ], [ -120.31481104, 47.44449455 ], [ -120.31495651, 47.44449475 ], [ -120.31498773, 47.44450539 ], [ -120.31473381, 47.44450799 ], [ -120.31459745, 47.44455874 ], [ -120.31453233, 47.44460014 ] ] ], [ [ [ -120.31450253, 47.44480509 ], [ -120.31453531, 47.44476822 ], [ -120.31450344, 47.44465842 ], [ -120.31451568, 47.44463373 ], [ -120.31455326, 47.44475665 ], [ -120.31450253, 47.44480509 ] ] ], [ [ [ -120.31448631, 47.44492162 ], [ -120.31448653, 47.44485684 ], [ -120.31455671, 47.44491564 ], [ -120.31476104, 47.44502324 ], [ -120.31488092, 47.44504287 ], [ -120.31480911, 47.44504275 ], [ -120.31466384, 47.44499875 ], [ -120.31448631, 47.44492162 ] ] ], [ [ [ -120.31497085, 47.44504302 ], [ -120.31494856, 47.44504298 ], [ -120.31510874, 47.44503066 ], [ -120.31517725, 47.44524664 ], [ -120.31508385, 47.44508715 ], [ -120.31497085, 47.44504302 ] ] ], [ [ [ -120.31547859, 47.44557678 ], [ -120.31539365, 47.44549322 ], [ -120.31518025, 47.44525175 ], [ -120.31518007, 47.44525146 ], [ -120.31546765, 47.44555898 ], [ -120.31547859, 47.44557678 ] ] ], [ [ [ -120.31618826, 47.44584532 ], [ -120.31629041, 47.44591484 ], [ -120.31622672, 47.44590224 ], [ -120.31618826, 47.44584532 ] ] ], [ [ [ -120.3186432, 47.44694223 ], [ -120.31882433, 47.44699435 ], [ -120.3186421, 47.44697978 ], [ -120.31839951, 47.44691542 ], [ -120.31815711, 47.44688215 ], [ -120.31773711, 47.44679642 ], [ -120.31726851, 47.44671895 ], [ -120.31673531, 47.44663042 ], [ -120.31636411, 47.44648995 ], [ -120.31613425, 47.44635802 ], [ -120.31597291, 47.44623715 ], [ -120.31584425, 47.44606155 ], [ -120.31573165, 47.44588595 ], [ -120.31565297, 47.44577171 ], [ -120.31572395, 47.44582514 ], [ -120.31588321, 47.44608674 ], [ -120.31594889, 47.44613544 ], [ -120.31617096, 47.44631415 ], [ -120.31632662, 47.44641131 ], [ -120.31646506, 47.44645924 ], [ -120.31661229, 47.44654 ], [ -120.31697332, 47.44660487 ], [ -120.31720418, 47.44665365 ], [ -120.31790383, 47.44679967 ], [ -120.31845376, 47.44691008 ], [ -120.3186432, 47.44694223 ] ] ], [ [ [ -120.336079749, 47.449959334 ], [ -120.335982106, 47.449959021 ], [ -120.335982105, 47.449959021 ], [ -120.335982104, 47.449959021 ], [ -120.335982103, 47.449959022 ], [ -120.335982102, 47.449959022 ], [ -120.335982101, 47.449959022 ], [ -120.3359821, 47.449959023 ], [ -120.335982099, 47.449959024 ], [ -120.335982098, 47.449959025 ], [ -120.335982097, 47.449959026 ], [ -120.335982097, 47.449959027 ], [ -120.335982096, 47.449959028 ], [ -120.335982096, 47.449959029 ], [ -120.335982096, 47.44995903 ], [ -120.335982096, 47.449959031 ], [ -120.335974604, 47.450639288 ], [ -120.335974044, 47.450698093 ], [ -120.335497891, 47.450696004 ], [ -120.335491693, 47.450688342 ], [ -120.335499781, 47.449738697 ], [ -120.335508597, 47.449681165 ], [ -120.335510059, 47.449679583 ], [ -120.335823574, 47.449683077 ], [ -120.336087081, 47.449684506 ], [ -120.336079749, 47.449959334 ] ] ], [ [ [ -120.324192099, 47.455297365 ], [ -120.324339286, 47.452396954 ], [ -120.324352907, 47.45226114 ], [ -120.32435933, 47.452265484 ], [ -120.324465294, 47.452353032 ], [ -120.324501099, 47.452385579 ], [ -120.324605759, 47.452490656 ], [ -120.32461173, 47.452497977 ], [ -120.324676031, 47.454134069 ], [ -120.324685726, 47.454454218 ], [ -120.324710197, 47.455262209 ], [ -120.324712303, 47.455331747 ], [ -120.324709675, 47.455471555 ], [ -120.324571218, 47.455469051 ], [ -120.324330084, 47.455452726 ], [ -120.3241918, 47.455436591 ], [ -120.324192099, 47.455297365 ] ] ], [ [ [ -120.30793531, 47.50720558 ], [ -120.30797932, 47.50720716 ], [ -120.30812926, 47.50718816 ], [ -120.30823446, 47.50714996 ], [ -120.30832786, 47.50703496 ], [ -120.30835653, 47.50694456 ], [ -120.30838532, 47.50680196 ], [ -120.30841426, 47.50666222 ], [ -120.30847152, 47.50646222 ], [ -120.30854126, 47.50621282 ], [ -120.30859046, 47.50605122 ], [ -120.30865566, 47.50589776 ], [ -120.30871292, 47.50572516 ], [ -120.30877846, 47.50552516 ], [ -120.30884786, 47.50533336 ], [ -120.30890533, 47.50507576 ], [ -120.30894232, 47.50490316 ], [ -120.3089426, 47.50482641 ], [ -120.30915444, 47.5042933 ], [ -120.30915506, 47.50429216 ], [ -120.30922026, 47.50414422 ], [ -120.30927726, 47.50400996 ], [ -120.30933452, 47.50384836 ], [ -120.30934449, 47.50381502 ], [ -120.30998636, 47.50219963 ], [ -120.31014397, 47.50220036 ], [ -120.31022652, 47.50220074 ], [ -120.31042268, 47.50220164 ], [ -120.31143886, 47.50220659 ], [ -120.31085483, 47.50390047 ], [ -120.31057865, 47.50385674 ], [ -120.30946649, 47.50705199 ], [ -120.30939368, 47.50731734 ], [ -120.3091343, 47.50827559 ], [ -120.30841439, 47.50819467 ], [ -120.30756716, 47.50812129 ], [ -120.30787416, 47.50734992 ], [ -120.30793531, 47.50720558 ] ] ], [ [ [ -120.05277557, 47.83035486 ], [ -120.05286363, 47.83032984 ], [ -120.05288318, 47.8303692 ], [ -120.05299459, 47.83073487 ], [ -120.05355358, 47.83105386 ], [ -120.05365865, 47.83108182 ], [ -120.05422261, 47.83123187 ], [ -120.0547806, 47.83156888 ], [ -120.05549258, 47.83170888 ], [ -120.05588362, 47.83167185 ], [ -120.05642761, 47.83162486 ], [ -120.05688762, 47.83143786 ], [ -120.05794856, 47.83131586 ], [ -120.05804434, 47.83128502 ], [ -120.05820417, 47.83123357 ], [ -120.0586036, 47.83111885 ], [ -120.05856258, 47.83089388 ], [ -120.05812961, 47.83065988 ], [ -120.05750699, 47.83048705 ], [ -120.05738, 47.83045179 ], [ -120.05725336, 47.83041664 ], [ -120.05719608, 47.83040074 ], [ -120.05692303, 47.83032472 ], [ -120.05674495, 47.83022233 ], [ -120.05669064, 47.83019033 ], [ -120.05663743, 47.83015898 ], [ -120.05657877, 47.83012442 ], [ -120.05651402, 47.83008627 ], [ -120.05646153, 47.83005534 ], [ -120.0564066, 47.83002297 ], [ -120.0562316, 47.82991986 ], [ -120.05611963, 47.82953086 ], [ -120.05591562, 47.82921286 ], [ -120.05576756, 47.82884387 ], [ -120.05558156, 47.82863786 ], [ -120.0547816, 47.82816387 ], [ -120.05485557, 47.82767688 ], [ -120.05486457, 47.82738986 ], [ -120.05472558, 47.82707087 ], [ -120.0547838, 47.82709848 ], [ -120.05482873, 47.82716032 ], [ -120.05489506, 47.82726016 ], [ -120.05496118, 47.82742442 ], [ -120.05497831, 47.82756564 ], [ -120.05495629, 47.82764322 ], [ -120.05488677, 47.82788439 ], [ -120.05487964, 47.82800679 ], [ -120.05491385, 47.82809372 ], [ -120.05496264, 47.82819037 ], [ -120.0550197, 47.82826254 ], [ -120.05512465, 47.82832735 ], [ -120.05527808, 47.82839417 ], [ -120.05546581, 47.82845702 ], [ -120.0555673, 47.82849006 ], [ -120.05565955, 47.82853176 ], [ -120.05575733, 47.82860202 ], [ -120.05585143, 47.82870631 ], [ -120.05591721, 47.82879307 ], [ -120.05596937, 47.82888463 ], [ -120.05604073, 47.82911263 ], [ -120.0560735, 47.82920938 ], [ -120.05611244, 47.82929838 ], [ -120.05614922, 47.82939308 ], [ -120.05633645, 47.82939396 ], [ -120.05851136, 47.82940164 ], [ -120.05860029, 47.8294011 ], [ -120.05859903, 47.82949433 ], [ -120.06013319, 47.82949708 ], [ -120.06086223, 47.82945186 ], [ -120.06108641, 47.82940619 ], [ -120.06119736, 47.82936921 ], [ -120.06162373, 47.82929761 ], [ -120.06177421, 47.82928077 ], [ -120.06199682, 47.8292706 ], [ -120.0622515, 47.82930513 ], [ -120.06253845, 47.82939599 ], [ -120.0628425, 47.8293963 ], [ -120.06388034, 47.82939733 ], [ -120.06432413, 47.82939761 ], [ -120.06461725, 47.82939779 ], [ -120.06648758, 47.82939891 ], [ -120.06914022, 47.82940046 ], [ -120.06916045, 47.83175091 ], [ -120.06916994, 47.83302024 ], [ -120.06937447, 47.83302035 ], [ -120.07059864, 47.83302184 ], [ -120.07182351, 47.83302331 ], [ -120.07187673, 47.82940282 ], [ -120.07464753, 47.82941354 ], [ -120.0771225, 47.82942156 ], [ -120.07964581, 47.82943519 ], [ -120.08018711, 47.82943452 ], [ -120.08283196, 47.82944546 ], [ -120.08295906, 47.82944599 ], [ -120.0854169, 47.82947439 ], [ -120.08692161, 47.82949356 ], [ -120.0881444, 47.82950933 ], [ -120.08826, 47.82951083 ], [ -120.09087364, 47.82955207 ], [ -120.09365564, 47.82957672 ], [ -120.0936541, 47.83021254 ], [ -120.09363738, 47.83329913 ], [ -120.09363179, 47.83443959 ], [ -120.09361997, 47.83678228 ], [ -120.0936405, 47.838897 ], [ -120.09350018, 47.83890579 ], [ -120.09336059, 47.83891885 ], [ -120.09322202, 47.83893613 ], [ -120.09309149, 47.83895639 ], [ -120.09295354, 47.83898177 ], [ -120.09282872, 47.839008 ], [ -120.09267837, 47.83904332 ], [ -120.09215831, 47.83915815 ], [ -120.09182331, 47.83923139 ], [ -120.0918025, 47.83919289 ], [ -120.09150918, 47.83930005 ], [ -120.09135628, 47.83935085 ], [ -120.09119927, 47.83939562 ], [ -120.09103869, 47.83943421 ], [ -120.09087507, 47.83946649 ], [ -120.09076565, 47.83948981 ], [ -120.09075532, 47.84010552 ], [ -120.08990792, 47.84080183 ], [ -120.08967997, 47.8407844 ], [ -120.0896311, 47.8407242 ], [ -120.0895985, 47.84063087 ], [ -120.08951697, 47.84059807 ], [ -120.0889713, 47.8404776 ], [ -120.08880857, 47.8404502 ], [ -120.0885805, 47.84045567 ], [ -120.0884829, 47.84046667 ], [ -120.0883607, 47.8404174 ], [ -120.0882303, 47.84027487 ], [ -120.08808376, 47.8401818 ], [ -120.0876847, 47.8400064 ], [ -120.08736697, 47.8398584 ], [ -120.0870251, 47.8397544 ], [ -120.0864795, 47.83965027 ], [ -120.08579537, 47.83945307 ], [ -120.08502997, 47.839223 ], [ -120.08445997, 47.839108 ], [ -120.08394697, 47.83899287 ], [ -120.08362137, 47.83896007 ], [ -120.0835725, 47.83904227 ], [ -120.08316536, 47.8390424 ], [ -120.0830677, 47.83902047 ], [ -120.0830513, 47.8389054 ], [ -120.0828559, 47.83889987 ], [ -120.0828397, 47.8389602 ], [ -120.0827257, 47.83893827 ], [ -120.0826931, 47.8388506 ], [ -120.0823267, 47.83880667 ], [ -120.0820825, 47.8388616 ], [ -120.0818545, 47.83894387 ], [ -120.08173236, 47.8389878 ], [ -120.08152877, 47.8390262 ], [ -120.08138216, 47.83899327 ], [ -120.08100423, 47.83897354 ], [ -120.08088203, 47.83897293 ], [ -120.08082523, 47.8389482 ], [ -120.0807567, 47.83886567 ], [ -120.0806575, 47.83883987 ], [ -120.0804377, 47.83885087 ], [ -120.0803237, 47.838829 ], [ -120.0801119, 47.838692 ], [ -120.08003856, 47.8385768 ], [ -120.08005476, 47.8383686 ], [ -120.07999776, 47.83822047 ], [ -120.07971276, 47.8379356 ], [ -120.07945217, 47.83774907 ], [ -120.07919977, 47.83763407 ], [ -120.0789393, 47.83756287 ], [ -120.0786379, 47.837519 ], [ -120.07851576, 47.8374916 ], [ -120.0782635, 47.83737107 ], [ -120.0780273, 47.837267 ], [ -120.07778296, 47.83721767 ], [ -120.07739216, 47.83715187 ], [ -120.0770339, 47.83705867 ], [ -120.07654536, 47.83688887 ], [ -120.07593456, 47.83668607 ], [ -120.07558456, 47.83659287 ], [ -120.07538916, 47.836582 ], [ -120.0750017, 47.83661933 ], [ -120.0749937, 47.83658634 ], [ -120.07494596, 47.83645187 ], [ -120.07489736, 47.83641334 ], [ -120.0746903, 47.8363632 ], [ -120.07407016, 47.8362312 ], [ -120.0731583, 47.8360504 ], [ -120.07239289, 47.835875 ], [ -120.0721079, 47.83583667 ], [ -120.07180078, 47.83587992 ], [ -120.0718008, 47.83587131 ], [ -120.07168456, 47.83588772 ], [ -120.07102104, 47.83596821 ], [ -120.07056449, 47.83600157 ], [ -120.06985171, 47.83608233 ], [ -120.06924629, 47.83614451 ], [ -120.06770801, 47.83615049 ], [ -120.06770779, 47.83616027 ], [ -120.06718216, 47.83616027 ], [ -120.06608309, 47.8362206 ], [ -120.06513869, 47.8362754 ], [ -120.06460136, 47.83629727 ], [ -120.0638767, 47.83629727 ], [ -120.06279389, 47.83630827 ], [ -120.06189829, 47.8363192 ], [ -120.06131178, 47.83632573 ], [ -120.06130474, 47.83304567 ], [ -120.06119786, 47.83304643 ], [ -120.05958436, 47.83305788 ], [ -120.05793303, 47.83306957 ], [ -120.05654811, 47.83307935 ], [ -120.05501099, 47.83309019 ], [ -120.05409927, 47.83309661 ], [ -120.05372718, 47.83239291 ], [ -120.0534776, 47.83192088 ], [ -120.05304461, 47.83129187 ], [ -120.05302324, 47.83123912 ], [ -120.05277559, 47.83062786 ], [ -120.05277561, 47.83052787 ], [ -120.05277557, 47.83035486 ] ] ], [ [ [ -120.06077153, 47.85330136 ], [ -120.06057134, 47.85323278 ], [ -120.06041659, 47.85318131 ], [ -120.0604631, 47.85318627 ], [ -120.06065036, 47.85324107 ], [ -120.06077153, 47.85330136 ] ] ], [ [ [ -120.05603941, 47.85957463 ], [ -120.05605055, 47.85870913 ], [ -120.05668408, 47.85870997 ], [ -120.05679336, 47.85871011 ], [ -120.05722515, 47.85871068 ], [ -120.05806433, 47.85871179 ], [ -120.05848797, 47.85871234 ], [ -120.05875264, 47.85871268 ], [ -120.05889125, 47.85871286 ], [ -120.05915897, 47.85871321 ], [ -120.05957559, 47.85871375 ], [ -120.05982266, 47.85871407 ], [ -120.05981728, 47.86059759 ], [ -120.06032502, 47.8606226 ], [ -120.06059892, 47.86063609 ], [ -120.0614225, 47.86066784 ], [ -120.06141321, 47.86225502 ], [ -120.06325322, 47.86225509 ], [ -120.06655476, 47.86225515 ], [ -120.06654051, 47.86305594 ], [ -120.06653152, 47.86356124 ], [ -120.06652326, 47.86402542 ], [ -120.06651643, 47.86440906 ], [ -120.06649946, 47.865363 ], [ -120.06691728, 47.86548481 ], [ -120.06719997, 47.86556723 ], [ -120.06766764, 47.86570357 ], [ -120.06799612, 47.86579934 ], [ -120.06843539, 47.86576776 ], [ -120.06878016, 47.86574137 ], [ -120.06886697, 47.86573473 ], [ -120.06896067, 47.86572755 ], [ -120.06906683, 47.86573293 ], [ -120.07006296, 47.86578339 ], [ -120.07014072, 47.86578733 ], [ -120.07022648, 47.86580099 ], [ -120.07088448, 47.86590575 ], [ -120.07103464, 47.86601392 ], [ -120.07171501, 47.86601407 ], [ -120.071717, 47.86752742 ], [ -120.07402095, 47.86812815 ], [ -120.07428465, 47.86873116 ], [ -120.07394172, 47.86933429 ], [ -120.07662431, 47.86930561 ], [ -120.07690366, 47.86999659 ], [ -120.07803832, 47.87021838 ], [ -120.07976033, 47.86997164 ], [ -120.07987937, 47.86927072 ], [ -120.08254073, 47.86924213 ], [ -120.08502746, 47.86917372 ], [ -120.08521847, 47.86924813 ], [ -120.08568454, 47.86924815 ], [ -120.0854758, 47.86972973 ], [ -120.08542878, 47.87010122 ], [ -120.08481845, 47.8705541 ], [ -120.08436739, 47.8714593 ], [ -120.08401824, 47.8720406 ], [ -120.0828241, 47.87172623 ], [ -120.08245555, 47.87280436 ], [ -120.08198587, 47.8728122 ], [ -120.07777081, 47.87288248 ], [ -120.07383459, 47.87294797 ], [ -120.07381032, 47.87253833 ], [ -120.07360692, 47.87048675 ], [ -120.07372882, 47.87048073 ], [ -120.0737041, 47.87025409 ], [ -120.07367042, 47.86994537 ], [ -120.07366013, 47.86985112 ], [ -120.07365167, 47.86979229 ], [ -120.0736419, 47.86974831 ], [ -120.07362535, 47.86969276 ], [ -120.07360438, 47.86963833 ], [ -120.07358066, 47.8695882 ], [ -120.07354305, 47.86952283 ], [ -120.07351043, 47.86947504 ], [ -120.07347451, 47.8694289 ], [ -120.07343479, 47.86938376 ], [ -120.07339171, 47.86934016 ], [ -120.07331683, 47.86927443 ], [ -120.07323415, 47.86921307 ], [ -120.07314425, 47.8691565 ], [ -120.07304773, 47.86910511 ], [ -120.07294524, 47.86905924 ], [ -120.07259372, 47.86891561 ], [ -120.07255142, 47.86896247 ], [ -120.0724603, 47.86906235 ], [ -120.07173389, 47.86875934 ], [ -120.07172059, 47.86900788 ], [ -120.07172122, 47.86935798 ], [ -120.07037699, 47.86937017 ], [ -120.06778422, 47.8693934 ], [ -120.06643945, 47.86940546 ], [ -120.06121264, 47.86751578 ], [ -120.06125821, 47.86623981 ], [ -120.06111587, 47.86615269 ], [ -120.06098106, 47.86605555 ], [ -120.06072605, 47.86583207 ], [ -120.05589165, 47.86587851 ], [ -120.05591311, 47.86519055 ], [ -120.05591655, 47.86508059 ], [ -120.05594489, 47.86417371 ], [ -120.04526028, 47.86229653 ], [ -120.04588359, 47.86229376 ], [ -120.04732281, 47.86228736 ], [ -120.04831287, 47.86228295 ], [ -120.0489524, 47.8622801 ], [ -120.04929845, 47.86227855 ], [ -120.04964449, 47.862277 ], [ -120.05055944, 47.86227291 ], [ -120.05068998, 47.86227232 ], [ -120.05138975, 47.86226918 ], [ -120.056005, 47.86224838 ], [ -120.05601988, 47.86109204 ], [ -120.05602719, 47.86052409 ], [ -120.05603941, 47.85957463 ] ] ], [ [ [ -120.088776, 47.86448244 ], [ -120.08882785, 47.86451289 ], [ -120.08883322, 47.86412088 ], [ -120.08883612, 47.86390826 ], [ -120.08819328, 47.86354227 ], [ -120.0882779, 47.86345444 ], [ -120.0883129, 47.8634792 ], [ -120.0884677, 47.8635778 ], [ -120.08877731, 47.863808 ], [ -120.08916037, 47.86407647 ], [ -120.08985291, 47.864482 ], [ -120.09032537, 47.8647176 ], [ -120.09091197, 47.86486007 ], [ -120.09139257, 47.8648764 ], [ -120.09188137, 47.86482147 ], [ -120.0925575, 47.86462947 ], [ -120.09279735, 47.86452689 ], [ -120.09279619, 47.8646138 ], [ -120.09279359, 47.864808 ], [ -120.09278976, 47.86509499 ], [ -120.09278361, 47.8655541 ], [ -120.09296161, 47.86555531 ], [ -120.09308279, 47.86574404 ], [ -120.09290964, 47.86589652 ], [ -120.09298228, 47.86658701 ], [ -120.09059299, 47.86856031 ], [ -120.09100298, 47.86862667 ], [ -120.09155534, 47.86825706 ], [ -120.09255026, 47.86732522 ], [ -120.09358662, 47.86733142 ], [ -120.09356, 47.86909044 ], [ -120.09351773, 47.87188259 ], [ -120.09235807, 47.87177176 ], [ -120.09111806, 47.87135151 ], [ -120.09049064, 47.87129425 ], [ -120.09011795, 47.8715894 ], [ -120.08971086, 47.8715949 ], [ -120.08967802, 47.87136292 ], [ -120.08898021, 47.87137234 ], [ -120.08858705, 47.87155571 ], [ -120.08865614, 47.86924316 ], [ -120.08775591, 47.86924303 ], [ -120.08767452, 47.86883548 ], [ -120.08731004, 47.86863737 ], [ -120.08715354, 47.86863638 ], [ -120.08712552, 47.86847736 ], [ -120.08681415, 47.86847857 ], [ -120.08681156, 47.86798671 ], [ -120.08673865, 47.86761548 ], [ -120.08678116, 47.86738623 ], [ -120.08704472, 47.86700319 ], [ -120.087386, 47.8665536 ], [ -120.08738864, 47.86613409 ], [ -120.08727723, 47.86565935 ], [ -120.0876158, 47.86535751 ], [ -120.08805193, 47.8645335 ], [ -120.08824423, 47.86417014 ], [ -120.088776, 47.86448244 ] ] ], [ [ [ -120.14180552, 47.8772628 ], [ -120.14248172, 47.8773562 ], [ -120.14267572, 47.87735873 ], [ -120.14282578, 47.87732808 ], [ -120.14284838, 47.87732346 ], [ -120.14306838, 47.87726319 ], [ -120.14341892, 47.8771922 ], [ -120.14386712, 47.87711006 ], [ -120.1438985, 47.87710334 ], [ -120.14404639, 47.87707166 ], [ -120.14404731, 47.87707175 ], [ -120.14433972, 47.87709926 ], [ -120.14469945, 47.87706708 ], [ -120.14470639, 47.87706646 ], [ -120.14470662, 47.87706646 ], [ -120.14496712, 47.87706106 ], [ -120.14525232, 47.8770612 ], [ -120.14549679, 47.8771052 ], [ -120.14586339, 47.87717106 ], [ -120.14612412, 47.8771986 ], [ -120.14680852, 47.8773304 ], [ -120.14689812, 47.8773688 ], [ -120.14708539, 47.8774346 ], [ -120.14732172, 47.87752786 ], [ -120.14804672, 47.87776386 ], [ -120.14819332, 47.8778078 ], [ -120.14849472, 47.8779066 ], [ -120.14882879, 47.8779834 ], [ -120.14913032, 47.87802186 ], [ -120.14931772, 47.87801639 ], [ -120.14935173, 47.87800881 ], [ -120.14941552, 47.8779946 ], [ -120.14941682, 47.87799466 ], [ -120.14973319, 47.87801106 ], [ -120.15000219, 47.87798386 ], [ -120.15000369, 47.87798338 ], [ -120.15017339, 47.87792906 ], [ -120.15017653, 47.87792836 ], [ -120.15019961, 47.87792319 ], [ -120.15036892, 47.87788526 ], [ -120.15063276, 47.87782732 ], [ -120.15079272, 47.87779219 ], [ -120.15083364, 47.87778221 ], [ -120.15097212, 47.8777484 ], [ -120.15097587, 47.87774823 ], [ -120.15121652, 47.87773746 ], [ -120.15131432, 47.8777376 ], [ -120.15145279, 47.87774306 ], [ -120.15169719, 47.87780886 ], [ -120.15203932, 47.8779296 ], [ -120.15247112, 47.87808326 ], [ -120.15277259, 47.87821486 ], [ -120.15327759, 47.8782864 ], [ -120.15354652, 47.87837406 ], [ -120.15386419, 47.87849479 ], [ -120.15413312, 47.87862646 ], [ -120.15432052, 47.87869779 ], [ -120.15449152, 47.8787746 ], [ -120.15466259, 47.878813 ], [ -120.15484192, 47.87880759 ], [ -120.15504572, 47.8787528 ], [ -120.15519239, 47.87869246 ], [ -120.15545312, 47.87859946 ], [ -120.15553472, 47.87857206 ], [ -120.15577912, 47.87845146 ], [ -120.15589332, 47.87836926 ], [ -120.15612972, 47.87822686 ], [ -120.15629272, 47.87812266 ], [ -120.15649652, 47.87800766 ], [ -120.15663519, 47.87792 ], [ -120.15686332, 47.87777206 ], [ -120.15705899, 47.87760766 ], [ -120.15719759, 47.87747606 ], [ -120.15733632, 47.87737199 ], [ -120.15744232, 47.877246 ], [ -120.15766239, 47.87709799 ], [ -120.15782539, 47.87698839 ], [ -120.15795579, 47.87685686 ], [ -120.15808632, 47.8767088 ], [ -120.15826572, 47.87654999 ], [ -120.15833079, 47.8764622 ], [ -120.15837979, 47.876402 ], [ -120.15850212, 47.87623746 ], [ -120.15859172, 47.87610046 ], [ -120.15864079, 47.87595246 ], [ -120.15864079, 47.8758812 ], [ -120.15862472, 47.87568939 ], [ -120.15856759, 47.87554126 ], [ -120.15847739, 47.87534626 ], [ -120.15838872, 47.87505886 ], [ -120.15832512, 47.8748626 ], [ -120.15826819, 47.87469819 ], [ -120.15821665, 47.87452693 ], [ -120.15817199, 47.87435146 ], [ -120.15807299, 47.87411706 ], [ -120.15804059, 47.87391966 ], [ -120.15806512, 47.87378819 ], [ -120.15814659, 47.87361266 ], [ -120.15826092, 47.87341539 ], [ -120.15830992, 47.87325099 ], [ -120.15829379, 47.87307006 ], [ -120.15823679, 47.8728178 ], [ -120.15822072, 47.87262059 ], [ -120.15827779, 47.8724616 ], [ -120.15841639, 47.8723684 ], [ -120.15855499, 47.87236846 ], [ -120.15871792, 47.87243426 ], [ -120.15899472, 47.87257686 ], [ -120.15929612, 47.87274146 ], [ -120.15958939, 47.87291139 ], [ -120.15984179, 47.8730322 ], [ -120.16014319, 47.87311446 ], [ -120.16044472, 47.87317486 ], [ -120.16066459, 47.87321866 ], [ -120.16107192, 47.87333946 ], [ -120.16147112, 47.87346566 ], [ -120.16178072, 47.87361379 ], [ -120.16206579, 47.87378379 ], [ -120.16229372, 47.87396466 ], [ -120.16257872, 47.87427726 ], [ -120.16274159, 47.87451306 ], [ -120.16287832, 47.87486259 ], [ -120.16287819, 47.87501966 ], [ -120.16287612, 47.87519546 ], [ -120.16292799, 47.87541873 ], [ -120.16295139, 47.87558619 ], [ -120.16294319, 47.8757342 ], [ -120.16294299, 47.87594799 ], [ -120.16295099, 47.87617279 ], [ -120.16296739, 47.87630986 ], [ -120.16304872, 47.87649626 ], [ -120.16310559, 47.87663879 ], [ -120.16312192, 47.87675939 ], [ -120.16301592, 47.87693479 ], [ -120.16282032, 47.87705539 ], [ -120.16268979, 47.87720879 ], [ -120.16262459, 47.87730186 ], [ -120.16252672, 47.87741706 ], [ -120.16244519, 47.87753219 ], [ -120.16232299, 47.87765266 ], [ -120.16220872, 47.87774039 ], [ -120.16206212, 47.87784446 ], [ -120.16196419, 47.87790479 ], [ -120.16173612, 47.8779102 ], [ -120.16150792, 47.87786086 ], [ -120.16141032, 47.87780059 ], [ -120.16112512, 47.87766886 ], [ -120.16095392, 47.8775976 ], [ -120.16082359, 47.87754279 ], [ -120.16062812, 47.87749886 ], [ -120.16038372, 47.87749339 ], [ -120.16016359, 47.87750426 ], [ -120.15991099, 47.87755899 ], [ -120.15979692, 47.87761926 ], [ -120.15969912, 47.87772886 ], [ -120.15951972, 47.87782746 ], [ -120.15931599, 47.8779098 ], [ -120.15925892, 47.87802479 ], [ -120.15910392, 47.878266 ], [ -120.15897352, 47.8784688 ], [ -120.15890819, 47.87866059 ], [ -120.15885112, 47.8787702 ], [ -120.15868792, 47.87898946 ], [ -120.15857372, 47.8792142 ], [ -120.15849212, 47.8793458 ], [ -120.15840252, 47.8795266 ], [ -120.15835339, 47.87968019 ], [ -120.15829632, 47.8798336 ], [ -120.15825552, 47.8799542 ], [ -120.15816579, 47.88011859 ], [ -120.15812499, 47.8801954 ], [ -120.15807592, 47.88034326 ], [ -120.15803512, 47.88052426 ], [ -120.15802692, 47.88071606 ], [ -120.15805119, 47.8808806 ], [ -120.15807559, 47.88105046 ], [ -120.15813252, 47.881215 ], [ -120.15820579, 47.88131366 ], [ -120.15828732, 47.8814452 ], [ -120.15839319, 47.88152199 ], [ -120.15855612, 47.88161526 ], [ -120.15867832, 47.8817414 ], [ -120.15878412, 47.88182359 ], [ -120.15884919, 47.88194426 ], [ -120.15928899, 47.88231166 ], [ -120.15945199, 47.88243226 ], [ -120.15959039, 47.88260219 ], [ -120.15979392, 47.883167 ], [ -120.15991592, 47.88343006 ], [ -120.16004619, 47.88373159 ], [ -120.16021712, 47.88407706 ], [ -120.16028992, 47.88423493 ], [ -120.16029039, 47.884236 ], [ -120.16033119, 47.88431826 ], [ -120.16051839, 47.8845266 ], [ -120.16065692, 47.88466366 ], [ -120.16098272, 47.8850366 ], [ -120.16110479, 47.88524486 ], [ -120.16119452, 47.8853546 ], [ -120.16143059, 47.88548606 ], [ -120.16161812, 47.8855246 ], [ -120.16181372, 47.88555746 ], [ -120.16200113, 47.88563426 ], [ -120.16220492, 47.8856782 ], [ -120.16240032, 47.88572206 ], [ -120.16276699, 47.88585926 ], [ -120.16327219, 47.88596346 ], [ -120.16350859, 47.885969 ], [ -120.16383459, 47.88600746 ], [ -120.16417692, 47.88604586 ], [ -120.16444579, 47.88607339 ], [ -120.16458439, 47.88607339 ], [ -120.16492672, 47.88607886 ], [ -120.16532599, 47.88605706 ], [ -120.16553792, 47.8860516 ], [ -120.16571719, 47.88602979 ], [ -120.16599433, 47.88599699 ], [ -120.16623073, 47.88592026 ], [ -120.16632039, 47.88587639 ], [ -120.16640999, 47.88581059 ], [ -120.16658112, 47.88575039 ], [ -120.16674419, 47.88564626 ], [ -120.16685019, 47.88550919 ], [ -120.16696439, 47.88543246 ], [ -120.16707032, 47.88539419 ], [ -120.16722519, 47.88530646 ], [ -120.16769779, 47.88532846 ], [ -120.16799939, 47.88538879 ], [ -120.16840692, 47.88548199 ], [ -120.16859432, 47.88550399 ], [ -120.16878979, 47.88552046 ], [ -120.16900173, 47.88556439 ], [ -120.16917293, 47.88572339 ], [ -120.16939293, 47.88585499 ], [ -120.16954772, 47.88591526 ], [ -120.16980839, 47.88608526 ], [ -120.16993879, 47.88621139 ], [ -120.17020773, 47.88642519 ], [ -120.17032979, 47.88654039 ], [ -120.17045199, 47.88666646 ], [ -120.17053339, 47.88674879 ], [ -120.17063939, 47.88686926 ], [ -120.17077793, 47.88697899 ], [ -120.17098973, 47.88706126 ], [ -120.17114459, 47.88709419 ], [ -120.17145419, 47.88717639 ], [ -120.17186999, 47.88725866 ], [ -120.17217952, 47.88733006 ], [ -120.17237513, 47.88737939 ], [ -120.17250553, 47.88743419 ], [ -120.17265219, 47.88754386 ], [ -120.17271753, 47.88759319 ], [ -120.17284779, 47.88767546 ], [ -120.17299439, 47.8877742 ], [ -120.17326353, 47.88772486 ], [ -120.17349979, 47.88774126 ], [ -120.17391553, 47.88779066 ], [ -120.17411919, 47.88781266 ], [ -120.17446153, 47.88782366 ], [ -120.17468159, 47.88785119 ], [ -120.17487719, 47.88785106 ], [ -120.17517053, 47.88786206 ], [ -120.17540679, 47.88790046 ], [ -120.17559432, 47.88796626 ], [ -120.17579799, 47.88810886 ], [ -120.17592833, 47.88827886 ], [ -120.17607499, 47.88833919 ], [ -120.17622993, 47.88841046 ], [ -120.17630319, 47.88849259 ], [ -120.17644173, 47.88862979 ], [ -120.17659653, 47.88885999 ], [ -120.17672113, 47.88898293 ], [ -120.17677593, 47.88901346 ], [ -120.17697959, 47.88906286 ], [ -120.17705299, 47.88911219 ], [ -120.17706113, 47.88921079 ], [ -120.17706109, 47.88924247 ], [ -120.17706099, 47.88932046 ], [ -120.17704473, 47.88941919 ], [ -120.17709352, 47.88956166 ], [ -120.17737893, 47.88973719 ], [ -120.17750099, 47.88981399 ], [ -120.17768839, 47.88990706 ], [ -120.17782713, 47.88994546 ], [ -120.17805533, 47.88992906 ], [ -120.17814493, 47.88991819 ], [ -120.17831599, 47.88990719 ], [ -120.17845795, 47.88991637 ], [ -120.17859206, 47.88995588 ], [ -120.17873559, 47.89008206 ], [ -120.17882959, 47.89012646 ], [ -120.17891913, 47.89020879 ], [ -120.17909853, 47.89028546 ], [ -120.17940813, 47.89032939 ], [ -120.17965259, 47.89038419 ], [ -120.17979933, 47.89044999 ], [ -120.17992973, 47.89055406 ], [ -120.18010913, 47.89071306 ], [ -120.18033733, 47.89078986 ], [ -120.18055733, 47.89085019 ], [ -120.18081, 47.89093799 ], [ -120.18103813, 47.89105306 ], [ -120.1813642, 47.89120106 ], [ -120.18145159, 47.89123319 ], [ -120.18145379, 47.89123399 ], [ -120.1815272, 47.89126146 ], [ -120.18169833, 47.89134366 ], [ -120.18187759, 47.89140939 ], [ -120.1822362, 47.89150266 ], [ -120.18240739, 47.89160679 ], [ -120.18254593, 47.89171646 ], [ -120.1827008, 47.89182606 ], [ -120.18273339, 47.89195766 ], [ -120.1827578, 47.89207279 ], [ -120.1827904, 47.89222086 ], [ -120.18286379, 47.89231406 ], [ -120.18308393, 47.89246199 ], [ -120.18319793, 47.89260459 ], [ -120.18345873, 47.89268679 ], [ -120.18365433, 47.89273619 ], [ -120.183964, 47.89287326 ], [ -120.1842494, 47.89294999 ], [ -120.18451833, 47.89305419 ], [ -120.184665, 47.89308706 ], [ -120.18481173, 47.89310899 ], [ -120.184934, 47.89313086 ], [ -120.18512153, 47.89316379 ], [ -120.1851218, 47.89316339 ], [ -120.18517053, 47.89309799 ], [ -120.18509713, 47.89298299 ], [ -120.1851052, 47.89286779 ], [ -120.18530093, 47.89276359 ], [ -120.18544753, 47.89271426 ], [ -120.18556173, 47.89267599 ], [ -120.18566344, 47.89265009 ], [ -120.18578364, 47.89264561 ], [ -120.18605658, 47.89258223 ], [ -120.18632118, 47.89251821 ], [ -120.18662179, 47.89245079 ], [ -120.18699602, 47.89245457 ], [ -120.18724893, 47.89254439 ], [ -120.18749446, 47.89260799 ], [ -120.18769506, 47.89264152 ], [ -120.18799059, 47.89271439 ], [ -120.18813733, 47.89279646 ], [ -120.1883038, 47.89288706 ], [ -120.1884178, 47.89293119 ], [ -120.1886102, 47.89302126 ], [ -120.18877226, 47.89309939 ], [ -120.18904813, 47.89314946 ], [ -120.18924593, 47.89318579 ], [ -120.1894904, 47.89322966 ], [ -120.1896942, 47.89333919 ], [ -120.18981639, 47.89338859 ], [ -120.18994386, 47.89347806 ], [ -120.1901588, 47.89366819 ], [ -120.1902484, 47.89381619 ], [ -120.19041973, 47.89409579 ], [ -120.1904768, 47.89422726 ], [ -120.19058273, 47.89443019 ], [ -120.1906398, 47.89456719 ], [ -120.1906968, 47.89472619 ], [ -120.19074573, 47.89485226 ], [ -120.19077446, 47.89502053 ], [ -120.1907702, 47.89518106 ], [ -120.190762, 47.89543326 ], [ -120.190762, 47.89564166 ], [ -120.19075393, 47.89574039 ], [ -120.19075393, 47.89593766 ], [ -120.1907784, 47.89616246 ], [ -120.19079473, 47.89638166 ], [ -120.1908518, 47.89650226 ], [ -120.19089253, 47.89657627 ], [ -120.19095177, 47.89685062 ], [ -120.19037752, 47.89692043 ], [ -120.19008212, 47.89692331 ], [ -120.18941849, 47.89684746 ], [ -120.18873833, 47.89552084 ], [ -120.18858134, 47.89521462 ], [ -120.18840888, 47.89487823 ], [ -120.18833473, 47.89473377 ], [ -120.18825539, 47.89461361 ], [ -120.1881901, 47.89454118 ], [ -120.18813217, 47.89448775 ], [ -120.18809001, 47.89445388 ], [ -120.18800678, 47.8943962 ], [ -120.18792339, 47.89434796 ], [ -120.18781673, 47.89429722 ], [ -120.18776016, 47.89427451 ], [ -120.18766279, 47.89424124 ], [ -120.1874023, 47.89415442 ], [ -120.18733438, 47.89412375 ], [ -120.1872518, 47.89407894 ], [ -120.1871916, 47.89403979 ], [ -120.18713918, 47.89400018 ], [ -120.18710045, 47.89396526 ], [ -120.18704428, 47.89390881 ], [ -120.18699539, 47.89384675 ], [ -120.18696428, 47.89379715 ], [ -120.1869433, 47.89375609 ], [ -120.18691823, 47.89369081 ], [ -120.18690439, 47.89363576 ], [ -120.18689813, 47.89359268 ], [ -120.18689569, 47.89354293 ], [ -120.18690064, 47.89341812 ], [ -120.18692903, 47.89336278 ], [ -120.18697094, 47.89333054 ], [ -120.18696541, 47.89316013 ], [ -120.18663993, 47.89315727 ], [ -120.18646169, 47.89315571 ], [ -120.18631488, 47.89316026 ], [ -120.18610326, 47.89318745 ], [ -120.18598009, 47.89321536 ], [ -120.18586223, 47.89325145 ], [ -120.18587712, 47.89338846 ], [ -120.1858199, 47.89343249 ], [ -120.18575185, 47.89349947 ], [ -120.18572288, 47.89353554 ], [ -120.1856945, 47.89357813 ], [ -120.18558787, 47.89375157 ], [ -120.18555714, 47.89380152 ], [ -120.18551909, 47.89384573 ], [ -120.18545849, 47.89388704 ], [ -120.1853491, 47.89392697 ], [ -120.18526682, 47.89393649 ], [ -120.18517739, 47.89392966 ], [ -120.1850776, 47.89390862 ], [ -120.18481163, 47.89384884 ], [ -120.18472523, 47.8938272 ], [ -120.18465411, 47.89380683 ], [ -120.18459822, 47.89378904 ], [ -120.18454505, 47.8937676 ], [ -120.18449109, 47.89374727 ], [ -120.1844379, 47.89372558 ], [ -120.18436286, 47.89369199 ], [ -120.18428993, 47.89365567 ], [ -120.18421801, 47.89361588 ], [ -120.18413021, 47.89356116 ], [ -120.1839122, 47.89341594 ], [ -120.1838209, 47.89335512 ], [ -120.18368889, 47.89326719 ], [ -120.18361362, 47.89321737 ], [ -120.18349453, 47.89314545 ], [ -120.18343167, 47.89311105 ], [ -120.18324885, 47.89302306 ], [ -120.18299802, 47.89291487 ], [ -120.18275183, 47.89280874 ], [ -120.18253882, 47.89271692 ], [ -120.18233085, 47.89262726 ], [ -120.18212241, 47.89254153 ], [ -120.18191656, 47.89246062 ], [ -120.18126098, 47.89217754 ], [ -120.18132696, 47.89210912 ], [ -120.18116319, 47.89202621 ], [ -120.18098859, 47.89195094 ], [ -120.18095559, 47.89198556 ], [ -120.18058512, 47.89182585 ], [ -120.18021323, 47.89166552 ], [ -120.17991537, 47.89155457 ], [ -120.17981639, 47.89153142 ], [ -120.17941378, 47.8913965 ], [ -120.17923304, 47.89134756 ], [ -120.17910906, 47.89131783 ], [ -120.17885715, 47.89126658 ], [ -120.17872947, 47.8912451 ], [ -120.17853272, 47.89124571 ], [ -120.17843108, 47.89123407 ], [ -120.17800124, 47.89120466 ], [ -120.17792828, 47.8912026 ], [ -120.17784581, 47.89120088 ], [ -120.17725813, 47.89118826 ], [ -120.17725472, 47.89136342 ], [ -120.17723543, 47.89322356 ], [ -120.17515433, 47.89403811 ], [ -120.17514888, 47.89514025 ], [ -120.17744485, 47.89518448 ], [ -120.17744911, 47.89627045 ], [ -120.17725459, 47.89627057 ], [ -120.17697031, 47.89627074 ], [ -120.17524316, 47.89628263 ], [ -120.17510318, 47.89646626 ], [ -120.17510262, 47.89713263 ], [ -120.17389304, 47.8971146 ], [ -120.17298978, 47.89710035 ], [ -120.17278905, 47.8966887 ], [ -120.17279436, 47.89634612 ], [ -120.17255631, 47.89632954 ], [ -120.17082289, 47.89700861 ], [ -120.1700518, 47.89732796 ], [ -120.16978236, 47.89735134 ], [ -120.16836314, 47.89748648 ], [ -120.16677419, 47.89751472 ], [ -120.16652935, 47.89752189 ], [ -120.16517266, 47.89654197 ], [ -120.16440476, 47.8959873 ], [ -120.16319907, 47.89511638 ], [ -120.16314769, 47.89508068 ], [ -120.16311412, 47.89504917 ], [ -120.16300112, 47.89503617 ], [ -120.16287512, 47.89502217 ], [ -120.16271224, 47.89500488 ], [ -120.16248812, 47.89505517 ], [ -120.16208112, 47.89519817 ], [ -120.16201512, 47.89522117 ], [ -120.16184512, 47.89528217 ], [ -120.16026911, 47.89588417 ], [ -120.15989311, 47.89602817 ], [ -120.15966511, 47.89611117 ], [ -120.15939711, 47.89591517 ], [ -120.15859511, 47.89532916 ], [ -120.15832811, 47.89513416 ], [ -120.15742611, 47.89447016 ], [ -120.15691611, 47.89409416 ], [ -120.15687642, 47.8940649 ], [ -120.15592312, 47.89336216 ], [ -120.15556612, 47.89310116 ], [ -120.15473162, 47.89248516 ], [ -120.15442712, 47.89204216 ], [ -120.15373612, 47.89220716 ], [ -120.15390211, 47.89253016 ], [ -120.15228611, 47.89296315 ], [ -120.1522251, 47.89277292 ], [ -120.15220111, 47.89269815 ], [ -120.15214711, 47.89252615 ], [ -120.15220311, 47.89242815 ], [ -120.15172212, 47.89072216 ], [ -120.15115612, 47.89076115 ], [ -120.15075512, 47.89079015 ], [ -120.15038812, 47.89081215 ], [ -120.15005812, 47.89083215 ], [ -120.14925789, 47.89088239 ], [ -120.14917811, 47.89087515 ], [ -120.14907411, 47.89066615 ], [ -120.14891212, 47.89034515 ], [ -120.14880712, 47.89022315 ], [ -120.14876112, 47.89017015 ], [ -120.14865312, 47.89007115 ], [ -120.14860512, 47.89002615 ], [ -120.14847112, 47.88990715 ], [ -120.14819912, 47.88966515 ], [ -120.14791812, 47.88941515 ], [ -120.14739712, 47.88892915 ], [ -120.14714862, 47.88869515 ], [ -120.14675612, 47.88869115 ], [ -120.14559962, 47.88872915 ], [ -120.14548312, 47.88872814 ], [ -120.14538512, 47.88871114 ], [ -120.14527562, 47.88867164 ], [ -120.14521812, 47.88864014 ], [ -120.14516012, 47.88859214 ], [ -120.14488412, 47.88836714 ], [ -120.14479212, 47.88829214 ], [ -120.14471108, 47.88815252 ], [ -120.14454214, 47.88802381 ], [ -120.143101, 47.88777445 ], [ -120.1421493, 47.88833249 ], [ -120.14164637, 47.88869008 ], [ -120.14128338, 47.88889789 ], [ -120.13974183, 47.88902434 ], [ -120.13964997, 47.88859444 ], [ -120.13899218, 47.88860539 ], [ -120.13899675, 47.8891307 ], [ -120.13709084, 47.88913551 ], [ -120.13708587, 47.88856219 ], [ -120.13708169, 47.8880784 ], [ -120.13623107, 47.88808054 ], [ -120.13622076, 47.88605356 ], [ -120.13463547, 47.88605752 ], [ -120.13195591, 47.88606418 ], [ -120.13197371, 47.88782936 ], [ -120.13183994, 47.88785792 ], [ -120.1297704, 47.88785647 ], [ -120.12960212, 47.88829052 ], [ -120.12943883, 47.8881154 ], [ -120.12824393, 47.88786773 ], [ -120.12827658, 47.89087473 ], [ -120.12827635, 47.89093653 ], [ -120.12713554, 47.89057944 ], [ -120.12624495, 47.89028583 ], [ -120.12585392, 47.89016685 ], [ -120.1258584, 47.89159399 ], [ -120.12547534, 47.89152432 ], [ -120.12538406, 47.89125385 ], [ -120.12517138, 47.89114418 ], [ -120.12470759, 47.89119807 ], [ -120.12413385, 47.8912003 ], [ -120.12453826, 47.89156448 ], [ -120.12481371, 47.89208604 ], [ -120.1234354, 47.89254811 ], [ -120.12336854, 47.89256821 ], [ -120.12326935, 47.89258795 ], [ -120.12319179, 47.89259637 ], [ -120.12310199, 47.89259798 ], [ -120.12300289, 47.89259034 ], [ -120.12286009, 47.89257694 ], [ -120.12273835, 47.89255927 ], [ -120.12261859, 47.89253373 ], [ -120.12255402, 47.89251565 ], [ -120.12245685, 47.89248428 ], [ -120.12231224, 47.89243339 ], [ -120.1222386, 47.89241273 ], [ -120.12215705, 47.89240463 ], [ -120.12207077, 47.89241225 ], [ -120.12198244, 47.89243994 ], [ -120.12191146, 47.89248563 ], [ -120.12186722, 47.89253764 ], [ -120.12177073, 47.89273312 ], [ -120.12173439, 47.89277397 ], [ -120.12167123, 47.89281075 ], [ -120.12161158, 47.89282905 ], [ -120.12151062, 47.89283303 ], [ -120.12141098, 47.89280771 ], [ -120.1212451, 47.89269774 ], [ -120.1208375, 47.89269506 ], [ -120.12084885, 47.89182831 ], [ -120.12082719, 47.89165672 ], [ -120.12066034, 47.89103181 ], [ -120.12058858, 47.89083718 ], [ -120.12058661, 47.89019948 ], [ -120.1203277, 47.88985976 ], [ -120.12042123, 47.8897709 ], [ -120.12101093, 47.89005246 ], [ -120.12126085, 47.88984545 ], [ -120.12129519, 47.88968085 ], [ -120.12148659, 47.88876343 ], [ -120.1213225, 47.88871068 ], [ -120.12176328, 47.88737012 ], [ -120.12133565, 47.88722161 ], [ -120.12057019, 47.88695981 ], [ -120.11980341, 47.88669556 ], [ -120.12090944, 47.88511597 ], [ -120.1209034, 47.88483216 ], [ -120.12083235, 47.88479106 ], [ -120.12063198, 47.88465087 ], [ -120.12053247, 47.88458235 ], [ -120.12024132, 47.88437755 ], [ -120.11983117, 47.88409059 ], [ -120.11975535, 47.88403851 ], [ -120.11968821, 47.88399908 ], [ -120.11964044, 47.88397489 ], [ -120.11959186, 47.88395319 ], [ -120.11935122, 47.88385493 ], [ -120.120211, 47.88156156 ], [ -120.11854991, 47.88046944 ], [ -120.11911727, 47.87893706 ], [ -120.11921407, 47.87871705 ], [ -120.11935814, 47.87837399 ], [ -120.11941125, 47.87819289 ], [ -120.11950253, 47.87795393 ], [ -120.11962804, 47.87762534 ], [ -120.11966278, 47.87753441 ], [ -120.11991181, 47.87690953 ], [ -120.11991578, 47.8769112 ], [ -120.12001371, 47.8769988 ], [ -120.12011158, 47.87713027 ], [ -120.12027471, 47.87728367 ], [ -120.12058471, 47.87754667 ], [ -120.12085371, 47.87770547 ], [ -120.12101678, 47.87779307 ], [ -120.12116351, 47.8778588 ], [ -120.12133458, 47.8779136 ], [ -120.12158751, 47.878034 ], [ -120.12183211, 47.8781984 ], [ -120.12206051, 47.8783956 ], [ -120.12237032, 47.8785654 ], [ -120.12264752, 47.87871867 ], [ -120.12294091, 47.8787624 ], [ -120.12312304, 47.87880316 ], [ -120.12319577, 47.87886521 ], [ -120.1233421, 47.87899005 ], [ -120.12344327, 47.87896391 ], [ -120.12379876, 47.87887207 ], [ -120.12406551, 47.87887687 ], [ -120.12430998, 47.87886027 ], [ -120.12439152, 47.87881647 ], [ -120.12439178, 47.8787708 ], [ -120.12440858, 47.878727 ], [ -120.12444118, 47.8787024 ], [ -120.12448911, 47.87870127 ], [ -120.12457052, 47.8787232 ], [ -120.12470091, 47.87871207 ], [ -120.12473352, 47.87865726 ], [ -120.12476592, 47.8785148 ], [ -120.12478192, 47.8782954 ], [ -120.12474911, 47.87812 ], [ -120.12474078, 47.87799947 ], [ -120.12478152, 47.87791167 ], [ -120.12484312, 47.87790333 ], [ -120.12497698, 47.87790067 ], [ -120.12518078, 47.87794987 ], [ -120.12537638, 47.8779992 ], [ -120.12551498, 47.87800446 ], [ -120.12566971, 47.87798246 ], [ -120.12591025, 47.87795327 ], [ -120.12615852, 47.87792186 ], [ -120.12619338, 47.87792816 ], [ -120.12619346, 47.87823205 ], [ -120.12724315, 47.8782498 ], [ -120.12734912, 47.8782922 ], [ -120.12742232, 47.87834707 ], [ -120.12758532, 47.87842387 ], [ -120.12773992, 47.87850067 ], [ -120.12791918, 47.87856106 ], [ -120.12825978, 47.87856926 ], [ -120.12838352, 47.87854486 ], [ -120.12853852, 47.87849566 ], [ -120.12886452, 47.8784136 ], [ -120.12903591, 47.87828206 ], [ -120.12903827, 47.87828012 ], [ -120.12903836, 47.87828012 ], [ -120.12903846, 47.87827996 ], [ -120.12914178, 47.87819447 ], [ -120.12927232, 47.87816706 ], [ -120.12950032, 47.8782384 ], [ -120.12974472, 47.87832086 ], [ -120.12994838, 47.8783594 ], [ -120.13014378, 47.8783978 ], [ -120.13029858, 47.87849646 ], [ -120.13041252, 47.87856786 ], [ -120.13059171, 47.878705 ], [ -120.13077092, 47.87881467 ], [ -120.13095736, 47.87890656 ], [ -120.13110529, 47.87900029 ], [ -120.13147112, 47.87924266 ], [ -120.13156144, 47.87927482 ], [ -120.13204862, 47.87948471 ], [ -120.13206572, 47.87949506 ], [ -120.13221232, 47.8796048 ], [ -120.13241592, 47.879698 ], [ -120.13263592, 47.87974747 ], [ -120.13265443, 47.87974631 ], [ -120.13345064, 47.88010785 ], [ -120.13345858, 47.88012066 ], [ -120.13359698, 47.8800988 ], [ -120.13385778, 47.88006046 ], [ -120.13396372, 47.8800442 ], [ -120.13412692, 47.87996746 ], [ -120.13429798, 47.87989626 ], [ -120.13444755, 47.87982094 ], [ -120.13447147, 47.87981048 ], [ -120.1353587, 47.87933928 ], [ -120.13539878, 47.87932666 ], [ -120.13563512, 47.87922266 ], [ -120.13587152, 47.8791076 ], [ -120.13601032, 47.8789816 ], [ -120.13627932, 47.8788118 ], [ -120.13640978, 47.8787296 ], [ -120.13653569, 47.8786382 ], [ -120.13674398, 47.87851388 ], [ -120.13686638, 47.87845026 ], [ -120.13707839, 47.8783188 ], [ -120.13726592, 47.87817626 ], [ -120.13745339, 47.8780284 ], [ -120.13762441, 47.87787185 ], [ -120.13765052, 47.87785221 ], [ -120.13781212, 47.87774346 ], [ -120.13789027, 47.8777214 ], [ -120.13827714, 47.87762468 ], [ -120.13836638, 47.87760666 ], [ -120.13852132, 47.87756286 ], [ -120.13879038, 47.8774698 ], [ -120.13891258, 47.87740406 ], [ -120.13914092, 47.87728906 ], [ -120.13936099, 47.8771522 ], [ -120.13949793, 47.87704762 ], [ -120.1398965, 47.87679155 ], [ -120.13989716, 47.87679135 ], [ -120.13992226, 47.87678352 ], [ -120.14000512, 47.87675766 ], [ -120.14000706, 47.87675777 ], [ -120.14020072, 47.8767688 ], [ -120.14037172, 47.87682906 ], [ -120.14055092, 47.8769004 ], [ -120.14071378, 47.87697726 ], [ -120.14092558, 47.8770486 ], [ -120.14122698, 47.87712546 ], [ -120.14152852, 47.87719686 ], [ -120.14180552, 47.8772628 ] ] ], [ [ [ -119.98568715, 47.80356292 ], [ -119.98555415, 47.80346892 ], [ -119.98549815, 47.80335892 ], [ -119.98539415, 47.80318892 ], [ -119.98537921, 47.80316492 ], [ -119.98533854, 47.80307441 ], [ -119.98532215, 47.80307323 ], [ -119.98532165, 47.80307242 ], [ -119.98531987, 47.80307306 ], [ -119.98529794, 47.80307148 ], [ -119.98521627, 47.80310948 ], [ -119.98514547, 47.80326821 ], [ -119.98513024, 47.80334639 ], [ -119.98511614, 47.80340563 ], [ -119.98504547, 47.80351988 ], [ -119.98494194, 47.80368941 ], [ -119.98485954, 47.80379868 ], [ -119.98481001, 47.8038481 ], [ -119.98479167, 47.80386542 ], [ -119.98478523, 47.80386898 ], [ -119.98471565, 47.80390492 ], [ -119.98463015, 47.80391992 ], [ -119.98443265, 47.80389392 ], [ -119.98436615, 47.80387792 ], [ -119.98422015, 47.80383592 ], [ -119.98415515, 47.80379492 ], [ -119.98418015, 47.80370992 ], [ -119.98428515, 47.80344192 ], [ -119.98430215, 47.80332092 ], [ -119.98430315, 47.80326092 ], [ -119.98427115, 47.80322792 ], [ -119.98410015, 47.80321892 ], [ -119.98389615, 47.80321792 ], [ -119.98378215, 47.80322292 ], [ -119.98373415, 47.80316192 ], [ -119.98373115, 47.80309092 ], [ -119.98383015, 47.80295392 ], [ -119.98402715, 47.80278492 ], [ -119.98413684, 47.80269817 ], [ -119.984193, 47.80268092 ], [ -119.98425215, 47.80266292 ], [ -119.98437415, 47.80261992 ], [ -119.98440715, 47.80256492 ], [ -119.98438415, 47.80248792 ], [ -119.98426765, 47.80248792 ], [ -119.98426515, 47.80248858 ], [ -119.98424174, 47.80248848 ], [ -119.98407027, 47.80253981 ], [ -119.98386607, 47.80261568 ], [ -119.98371874, 47.80270821 ], [ -119.9835354, 47.80278123 ], [ -119.98335115, 47.80280192 ], [ -119.98278115, 47.80281292 ], [ -119.98243115, 47.80282492 ], [ -119.98212215, 47.80280691 ], [ -119.98196815, 47.80278491 ], [ -119.98191515, 47.80275091 ], [ -119.98186815, 47.80258991 ], [ -119.98184215, 47.80232591 ], [ -119.98183615, 47.80211792 ], [ -119.98181115, 47.80174492 ], [ -119.98183315, 47.80156992 ], [ -119.98186715, 47.80147092 ], [ -119.98191615, 47.80139192 ], [ -119.98197298, 47.80135468 ], [ -119.98208414, 47.80135508 ], [ -119.98225427, 47.80144361 ], [ -119.98237547, 47.80152641 ], [ -119.98244034, 47.80155408 ], [ -119.98248166, 47.80154915 ], [ -119.98261542, 47.80153569 ], [ -119.98262873, 47.80153575 ], [ -119.98270061, 47.80154647 ], [ -119.98273327, 47.80155261 ], [ -119.98273394, 47.80155144 ], [ -119.98273715, 47.80155192 ], [ -119.98276215, 47.80150792 ], [ -119.98266515, 47.80134892 ], [ -119.98257415, 47.80117292 ], [ -119.98253515, 47.80099692 ], [ -119.98254915, 47.80078892 ], [ -119.98260815, 47.80053692 ], [ -119.98278615, 47.80023092 ], [ -119.98290716, 47.79994592 ], [ -119.98305616, 47.79969192 ], [ -119.98316816, 47.79948392 ], [ -119.98326316, 47.79927592 ], [ -119.98333116, 47.79904092 ], [ -119.98336416, 47.79893992 ], [ -119.98342716, 47.79875092 ], [ -119.98355716, 47.79838892 ], [ -119.98371416, 47.79817392 ], [ -119.98379216, 47.79801992 ], [ -119.98397316, 47.79783992 ], [ -119.98418216, 47.79764892 ], [ -119.98441216, 47.79746092 ], [ -119.98460516, 47.79728692 ], [ -119.98474516, 47.79712292 ], [ -119.98484016, 47.79695392 ], [ -119.98487316, 47.79689592 ], [ -119.98502216, 47.79661692 ], [ -119.98516717, 47.79637092 ], [ -119.98527817, 47.79620692 ], [ -119.98543517, 47.79601292 ], [ -119.98564617, 47.79578243 ], [ -119.98570217, 47.79573292 ], [ -119.98585017, 47.79560393 ], [ -119.98594517, 47.79545893 ], [ -119.98619117, 47.79519693 ], [ -119.98640117, 47.79498393 ], [ -119.98669617, 47.79477393 ], [ -119.98694517, 47.79462193 ], [ -119.98713093, 47.79453794 ], [ -119.98739479, 47.79446422 ], [ -119.98750017, 47.79443493 ], [ -119.98786417, 47.79430793 ], [ -119.98811717, 47.79417693 ], [ -119.98834617, 47.79403293 ], [ -119.98853117, 47.79386393 ], [ -119.98878318, 47.79349993 ], [ -119.98895618, 47.79320493 ], [ -119.98913418, 47.79291493 ], [ -119.98932718, 47.79269693 ], [ -119.98949218, 47.79247493 ], [ -119.98967118, 47.79211393 ], [ -119.98978318, 47.79184093 ], [ -119.98983318, 47.79167093 ], [ -119.98987218, 47.79149593 ], [ -119.98997118, 47.79130193 ], [ -119.99008918, 47.79114194 ], [ -119.99129418, 47.79114294 ], [ -119.99171818, 47.79114294 ], [ -119.99214418, 47.79114394 ], [ -119.99160818, 47.79184794 ], [ -119.99141118, 47.79209394 ], [ -119.99111418, 47.79246994 ], [ -119.99058018, 47.79314493 ], [ -119.99038418, 47.79339193 ], [ -119.99033768, 47.79345043 ], [ -119.99022218, 47.79360593 ], [ -119.99018218, 47.79366093 ], [ -119.99001718, 47.79390793 ], [ -119.98993618, 47.79403193 ], [ -119.98973317, 47.79432093 ], [ -119.98950817, 47.79463993 ], [ -119.98933817, 47.79488393 ], [ -119.98917417, 47.79517193 ], [ -119.98903317, 47.79542093 ], [ -119.98871317, 47.79605493 ], [ -119.98856417, 47.79635193 ], [ -119.98865717, 47.79635893 ], [ -119.98882817, 47.79637293 ], [ -119.98893817, 47.79636993 ], [ -119.98903217, 47.79636793 ], [ -119.98926717, 47.79640193 ], [ -119.98952717, 47.79644993 ], [ -119.98998917, 47.79648293 ], [ -119.99021017, 47.79649993 ], [ -119.99043717, 47.79656693 ], [ -119.99067617, 47.79665793 ], [ -119.99110617, 47.79679993 ], [ -119.99130117, 47.79682293 ], [ -119.99153717, 47.79683393 ], [ -119.99182217, 47.79679493 ], [ -119.99195217, 47.79682193 ], [ -119.99215517, 47.79689493 ], [ -119.99240717, 47.79692594 ], [ -119.99265917, 47.79692193 ], [ -119.99281417, 47.79692394 ], [ -119.99294417, 47.79692594 ], [ -119.99322017, 47.79699294 ], [ -119.99337017, 47.79706194 ], [ -119.99352417, 47.79709494 ], [ -119.99372817, 47.79711044 ], [ -119.99388217, 47.79710194 ], [ -119.99418417, 47.79703094 ], [ -119.99428917, 47.79702994 ], [ -119.99446817, 47.79705494 ], [ -119.99472817, 47.79709994 ], [ -119.99492417, 47.79706794 ], [ -119.99522917, 47.79701194 ], [ -119.99548917, 47.79700594 ], [ -119.99574217, 47.79700094 ], [ -119.99591967, 47.79699844 ], [ -119.99495117, 47.79815894 ], [ -119.99273316, 47.80079393 ], [ -119.99202016, 47.80164193 ], [ -119.99104316, 47.80280393 ], [ -119.99054615, 47.80339393 ], [ -119.99037315, 47.80359793 ], [ -119.98971815, 47.80437893 ], [ -119.98849515, 47.80583192 ], [ -119.98836715, 47.80598492 ], [ -119.98769914, 47.80678092 ], [ -119.98779814, 47.80630892 ], [ -119.98781914, 47.80620992 ], [ -119.98785514, 47.80590092 ], [ -119.98792115, 47.80520392 ], [ -119.98790515, 47.80487092 ], [ -119.98789215, 47.80458892 ], [ -119.98788715, 47.80438992 ], [ -119.98782015, 47.80439792 ], [ -119.98761915, 47.80442192 ], [ -119.98755215, 47.80442992 ], [ -119.98588165, 47.80453592 ], [ -119.98572815, 47.80436392 ], [ -119.98562015, 47.80420392 ], [ -119.98559715, 47.80405592 ], [ -119.98561515, 47.80392992 ], [ -119.98563615, 47.80383092 ], [ -119.98567715, 47.80374892 ], [ -119.98575915, 47.80367292 ], [ -119.98568715, 47.80356292 ] ] ], [ [ [ -119.98342762, 47.82471298 ], [ -119.98213211, 47.82367492 ], [ -119.98093389, 47.824323 ], [ -119.98087817, 47.82435314 ], [ -119.98057462, 47.8241022 ], [ -119.98014853, 47.82374994 ], [ -119.98067967, 47.82304343 ], [ -119.98089556, 47.82263524 ], [ -119.98438785, 47.82247556 ], [ -119.98454785, 47.82255393 ], [ -119.98429142, 47.82297514 ], [ -119.98524532, 47.8233078 ], [ -119.98550649, 47.82288706 ], [ -119.98502988, 47.82244631 ], [ -119.98615762, 47.82245312 ], [ -119.98614238, 47.82323692 ], [ -119.98505124, 47.82383021 ], [ -119.98416794, 47.82431047 ], [ -119.98342762, 47.82471298 ] ] ], [ [ [ -120.01828544, 47.82234604 ], [ -120.01865187, 47.82235005 ], [ -120.02369981, 47.82240468 ], [ -120.0290639, 47.82246228 ], [ -120.02906635, 47.82259063 ], [ -120.00869071, 47.82223622 ], [ -120.0087124, 47.82770949 ], [ -120.01012791, 47.82774649 ], [ -120.01013431, 47.829351 ], [ -120.01013468, 47.82944242 ], [ -120.00761082, 47.82940864 ], [ -120.00761906, 47.82933942 ], [ -120.00589703, 47.82934133 ], [ -120.00591566, 47.82860299 ], [ -120.00724533, 47.82860149 ], [ -120.00727458, 47.82668821 ], [ -120.00783347, 47.82669836 ], [ -120.00751507, 47.82628321 ], [ -120.00707073, 47.82570316 ], [ -120.00759636, 47.82570267 ], [ -120.00762797, 47.82214147 ], [ -120.00863549, 47.82214095 ], [ -120.0129116, 47.82227859 ], [ -120.01828544, 47.82234604 ] ] ], [ [ [ -119.98334565, 47.82782671 ], [ -119.98340036, 47.82785049 ], [ -119.98345509, 47.82787427 ], [ -119.98351577, 47.82790182 ], [ -119.98356708, 47.82792881 ], [ -119.9836184, 47.82795582 ], [ -119.98369962, 47.82800139 ], [ -119.9837535, 47.82803483 ], [ -119.98380063, 47.82806506 ], [ -119.98384553, 47.82809684 ], [ -119.98389541, 47.82813296 ], [ -119.98393783, 47.82816624 ], [ -119.98403245, 47.82813547 ], [ -119.98419424, 47.82826948 ], [ -119.98481529, 47.82878671 ], [ -119.98509186, 47.82901704 ], [ -119.98515992, 47.82907694 ], [ -119.98551266, 47.82938738 ], [ -119.98561741, 47.82947956 ], [ -119.98579152, 47.82963951 ], [ -119.98585829, 47.82970086 ], [ -119.98457285, 47.82971882 ], [ -119.98412697, 47.82972505 ], [ -119.98363124, 47.82973197 ], [ -119.98364555, 47.82980326 ], [ -119.98352383, 47.8298166 ], [ -119.98285883, 47.8298895 ], [ -119.98287767, 47.82998406 ], [ -119.98257608, 47.83001438 ], [ -119.98065661, 47.83019124 ], [ -119.98064246, 47.82910237 ], [ -119.98062697, 47.82799948 ], [ -119.98062881, 47.82755168 ], [ -119.98087997, 47.82754987 ], [ -119.98189772, 47.82754254 ], [ -119.98211654, 47.82754096 ], [ -119.98245482, 47.82762383 ], [ -119.98260943, 47.82763811 ], [ -119.98267133, 47.82764722 ], [ -119.98273461, 47.82765759 ], [ -119.98282126, 47.82767266 ], [ -119.98290636, 47.82769143 ], [ -119.9829833, 47.82770924 ], [ -119.98305141, 47.82772805 ], [ -119.98313365, 47.8277518 ], [ -119.98319149, 47.82777191 ], [ -119.98325967, 47.82779563 ], [ -119.98334565, 47.82782671 ] ] ], [ [ [ -119.99690392, 47.8348394 ], [ -119.99688375, 47.83475093 ], [ -119.99687839, 47.83399525 ], [ -119.99408127, 47.83400932 ], [ -119.99178791, 47.8340216 ], [ -119.99179178, 47.8337398 ], [ -119.991794, 47.83352713 ], [ -119.99178216, 47.8333938 ], [ -119.99173299, 47.83328636 ], [ -119.99168464, 47.83321354 ], [ -119.99164567, 47.83316163 ], [ -119.99137207, 47.83316501 ], [ -119.99110662, 47.8329907 ], [ -119.99077015, 47.83284699 ], [ -119.99044719, 47.83272326 ], [ -119.98951393, 47.83236514 ], [ -119.98834925, 47.83180209 ], [ -119.98823788, 47.83174552 ], [ -119.98806151, 47.83161011 ], [ -119.98835985, 47.83158142 ], [ -119.98870436, 47.83153332 ], [ -119.9887063, 47.83139629 ], [ -119.98876426, 47.83139411 ], [ -119.98875441, 47.83085278 ], [ -119.98874993, 47.83060652 ], [ -119.98873337, 47.82969556 ], [ -119.98873174, 47.82960601 ], [ -119.98875239, 47.82866511 ], [ -119.98875624, 47.82848966 ], [ -119.98877157, 47.82779144 ], [ -119.98878042, 47.82738846 ], [ -119.98896655, 47.82738183 ], [ -119.98945809, 47.82736464 ], [ -119.98946198, 47.8277748 ], [ -119.99013782, 47.82775196 ], [ -119.99013718, 47.82817766 ], [ -119.99013677, 47.82845621 ], [ -119.99063798, 47.82845991 ], [ -119.99063519, 47.82885215 ], [ -119.9911187, 47.82885184 ], [ -119.99111999, 47.82771598 ], [ -119.99148078, 47.82770084 ], [ -119.99146316, 47.82693068 ], [ -119.99127576, 47.82681582 ], [ -119.98987966, 47.82596017 ], [ -119.98899399, 47.82598541 ], [ -119.98888521, 47.82599915 ], [ -119.98881073, 47.82600856 ], [ -119.98881378, 47.82523098 ], [ -119.98874998, 47.82523195 ], [ -119.98868462, 47.82523295 ], [ -119.98867074, 47.82516259 ], [ -119.98867344, 47.82501392 ], [ -119.98890426, 47.82500237 ], [ -119.98890835, 47.82458551 ], [ -119.98888415, 47.82435624 ], [ -119.98885941, 47.82429929 ], [ -119.98883243, 47.82301045 ], [ -119.9896444, 47.82316612 ], [ -119.99074753, 47.82351042 ], [ -119.99102788, 47.82365528 ], [ -119.99130211, 47.82413462 ], [ -119.9916823, 47.82443059 ], [ -119.99219497, 47.82468723 ], [ -119.99260707, 47.82551897 ], [ -119.99299221, 47.8258742 ], [ -119.99389269, 47.82634559 ], [ -119.99418202, 47.82651324 ], [ -119.99433805, 47.82664761 ], [ -119.99444442, 47.82673722 ], [ -119.99480212, 47.82710103 ], [ -119.99471793, 47.82745727 ], [ -119.99476979, 47.82772835 ], [ -119.99482512, 47.82804047 ], [ -119.99509706, 47.82850318 ], [ -119.99517208, 47.82856339 ], [ -119.99528248, 47.82861559 ], [ -119.99545049, 47.8287481 ], [ -119.99566393, 47.82902626 ], [ -119.99587159, 47.82937966 ], [ -119.99626075, 47.82936612 ], [ -119.9967468, 47.82935119 ], [ -119.99676324, 47.82999112 ], [ -119.99665939, 47.83009637 ], [ -119.99648331, 47.83036763 ], [ -119.99641193, 47.83070551 ], [ -119.99643572, 47.83106243 ], [ -119.99655469, 47.83144314 ], [ -119.99680692, 47.83177627 ], [ -119.99680915, 47.83177838 ], [ -119.99683633, 47.83283614 ], [ -119.99684089, 47.83301381 ], [ -119.99706295, 47.83301143 ], [ -119.99943934, 47.83300457 ], [ -119.99999184, 47.83300296 ], [ -120.00086231, 47.83300043 ], [ -120.00223546, 47.83299642 ], [ -120.00246048, 47.83299577 ], [ -120.00247178, 47.83314845 ], [ -120.00247684, 47.83321728 ], [ -120.00258686, 47.83348563 ], [ -120.00264467, 47.83398029 ], [ -120.00262029, 47.83411112 ], [ -120.00265375, 47.8343871 ], [ -120.00298493, 47.83477141 ], [ -120.00323492, 47.83527757 ], [ -120.00328648, 47.83538193 ], [ -120.00335625, 47.83543864 ], [ -120.00360815, 47.83583454 ], [ -120.00433716, 47.83662511 ], [ -120.0048403, 47.83662598 ], [ -120.00486263, 47.83667461 ], [ -120.00437334, 47.836663 ], [ -120.00310441, 47.83663289 ], [ -120.00294007, 47.83662899 ], [ -120.00263924, 47.83662185 ], [ -120.00243569, 47.83661702 ], [ -120.00225571, 47.83661275 ], [ -120.00209405, 47.83660891 ], [ -120.00120707, 47.83658785 ], [ -120.00074199, 47.83657692 ], [ -120.00073335, 47.83645925 ], [ -120.00072637, 47.83636653 ], [ -120.0006237, 47.83636577 ], [ -120.00062453, 47.8363149 ], [ -120.00062666, 47.83618402 ], [ -119.99921737, 47.83615678 ], [ -119.99921474, 47.83608207 ], [ -119.9991886, 47.8353396 ], [ -119.99817406, 47.8351206 ], [ -119.99690392, 47.8348394 ] ] ], [ [ [ -120.04081637, 47.83497329 ], [ -120.04075502, 47.83525147 ], [ -120.04073849, 47.83524761 ], [ -120.04081637, 47.83497329 ] ] ], [ [ [ -120.04197135, 47.83476865 ], [ -120.04198924, 47.83477132 ], [ -120.04187929, 47.83548532 ], [ -120.04258964, 47.83563908 ], [ -120.04258656, 47.8356536 ], [ -120.04181316, 47.83548347 ], [ -120.04197135, 47.83476865 ] ] ], [ [ [ -120.04287446, 47.83569111 ], [ -120.04350654, 47.83577623 ], [ -120.04284709, 47.83569747 ], [ -120.04301412, 47.83489226 ], [ -120.04303285, 47.83489459 ], [ -120.04287446, 47.83569111 ] ] ], [ [ [ -120.04154532, 47.83539072 ], [ -120.04153636, 47.83543407 ], [ -120.04153294, 47.83543327 ], [ -120.04154532, 47.83539072 ] ] ], [ [ [ -120.04679621, 47.83550785 ], [ -120.04680873, 47.83550957 ], [ -120.04681622, 47.83551718 ], [ -120.04679621, 47.83550785 ] ] ], [ [ [ -120.04703705, 47.83571176 ], [ -120.04691776, 47.8357038 ], [ -120.04688529, 47.8355886 ], [ -120.04687641, 47.83557835 ], [ -120.04699725, 47.83570117 ], [ -120.04703705, 47.83571176 ] ] ], [ [ [ -120.00760618, 47.8364379 ], [ -120.00760701, 47.83673966 ], [ -120.00710272, 47.83672771 ], [ -120.00722896, 47.8366732 ], [ -120.00728473, 47.83663841 ], [ -120.00748582, 47.83663956 ], [ -120.00750491, 47.83656159 ], [ -120.00752191, 47.83649047 ], [ -120.00760618, 47.8364379 ] ] ], [ [ [ -120.00545018, 47.83668854 ], [ -120.00541481, 47.83662775 ], [ -120.00560878, 47.83662884 ], [ -120.00653863, 47.83663415 ], [ -120.00644908, 47.83671222 ], [ -120.00545018, 47.83668854 ] ] ], [ [ [ -120.04957169, 47.83675107 ], [ -120.0495071, 47.83669678 ], [ -120.04962418, 47.83675325 ], [ -120.04957169, 47.83675107 ] ] ], [ [ [ -120.05204275, 47.83743226 ], [ -120.05326781, 47.83791179 ], [ -120.05334969, 47.8379457 ], [ -120.05300709, 47.8378534 ], [ -120.05255116, 47.83769987 ], [ -120.05218489, 47.83754087 ], [ -120.05200576, 47.83746407 ], [ -120.05189176, 47.83742567 ], [ -120.05172889, 47.83741467 ], [ -120.05141149, 47.83734341 ], [ -120.05111519, 47.83722209 ], [ -120.05204275, 47.83743226 ] ] ], [ [ [ -120.05416509, 47.83815713 ], [ -120.05407356, 47.83818787 ], [ -120.05405361, 47.83818639 ], [ -120.05416509, 47.83815713 ] ] ], [ [ [ -119.98090074, 47.84255145 ], [ -119.98096377, 47.84255281 ], [ -119.98143358, 47.84242662 ], [ -119.98143473, 47.84236858 ], [ -119.98143633, 47.8422871 ], [ -119.98187937, 47.84216908 ], [ -119.98215965, 47.84214186 ], [ -119.98261159, 47.84209381 ], [ -119.98315081, 47.84202735 ], [ -119.9831667, 47.84208113 ], [ -119.98400615, 47.84197763 ], [ -119.98400663, 47.84193102 ], [ -119.98416586, 47.84190937 ], [ -119.98463074, 47.84184616 ], [ -119.98511833, 47.84177987 ], [ -119.98555293, 47.84170258 ], [ -119.98591359, 47.84163759 ], [ -119.98629607, 47.84156866 ], [ -119.98638933, 47.84398279 ], [ -119.99704679, 47.84404189 ], [ -120.00109534, 47.84407104 ], [ -120.00240348, 47.84408043 ], [ -120.00240438, 47.84773251 ], [ -120.00050918, 47.84773929 ], [ -119.99712368, 47.84775362 ], [ -119.99176907, 47.8477799 ], [ -119.98641442, 47.84780593 ], [ -119.98641779, 47.84596129 ], [ -119.98382477, 47.84601142 ], [ -119.98382136, 47.84436396 ], [ -119.98256023, 47.84448103 ], [ -119.98113208, 47.84461359 ], [ -119.97617251, 47.84507316 ], [ -119.97576469, 47.84511094 ], [ -119.97485136, 47.84625715 ], [ -119.97265573, 47.84567368 ], [ -119.97274175, 47.84562078 ], [ -119.97324182, 47.8453483 ], [ -119.97368152, 47.8451401 ], [ -119.97362877, 47.84477544 ], [ -119.97370415, 47.84480804 ], [ -119.97421924, 47.8445836 ], [ -119.97421419, 47.84415187 ], [ -119.97420573, 47.84342852 ], [ -119.97419989, 47.84292909 ], [ -119.97451507, 47.84293086 ], [ -119.97512073, 47.84293425 ], [ -119.9757151, 47.84293757 ], [ -119.9757347, 47.844032 ], [ -119.97574026, 47.84434268 ], [ -119.97810255, 47.84350203 ], [ -119.98078081, 47.84254885 ], [ -119.98090074, 47.84255145 ] ] ], [ [ [ -120.0485911, 47.84686467 ], [ -120.0487865, 47.84683727 ], [ -120.04911216, 47.84677707 ], [ -120.04930769, 47.84680447 ], [ -120.04942156, 47.84688127 ], [ -120.04955189, 47.84691967 ], [ -120.04969849, 47.84690867 ], [ -120.04985707, 47.84693188 ], [ -120.04985398, 47.84737061 ], [ -120.04985255, 47.8475731 ], [ -120.04985003, 47.84792977 ], [ -120.04984923, 47.84804328 ], [ -120.04943843, 47.84773001 ], [ -120.04941114, 47.84971151 ], [ -120.04933171, 47.84971252 ], [ -120.04866379, 47.84972095 ], [ -120.0479972, 47.84972936 ], [ -120.04703493, 47.84975184 ], [ -120.04689623, 47.84975508 ], [ -120.04689665, 47.85001365 ], [ -120.04689693, 47.85018842 ], [ -120.0466528, 47.85019497 ], [ -120.04665339, 47.85052658 ], [ -120.04665382, 47.85076728 ], [ -120.04540425, 47.85080361 ], [ -120.04540514, 47.85089082 ], [ -120.04527159, 47.8508844 ], [ -120.04523685, 47.8464498 ], [ -120.04526056, 47.84646401 ], [ -120.04572456, 47.84682581 ], [ -120.04595256, 47.84693001 ], [ -120.04603396, 47.84693007 ], [ -120.04641676, 47.84684787 ], [ -120.04666916, 47.84680947 ], [ -120.04687276, 47.84680961 ], [ -120.04759756, 47.84669461 ], [ -120.04781749, 47.84667821 ], [ -120.0481025, 47.84669467 ], [ -120.04822456, 47.84673847 ], [ -120.04845256, 47.84684267 ], [ -120.0485911, 47.84686467 ] ] ], [ [ [ -120.0538261, 47.85140421 ], [ -120.05385036, 47.85149187 ], [ -120.05385036, 47.8515194 ], [ -120.05387476, 47.851596 ], [ -120.05387476, 47.85174961 ], [ -120.0539317, 47.85193601 ], [ -120.0541759, 47.85219907 ], [ -120.05442836, 47.85239647 ], [ -120.0548111, 47.8526048 ], [ -120.05516936, 47.8527748 ], [ -120.05551136, 47.85296107 ], [ -120.0556417, 47.8530818 ], [ -120.05572316, 47.85319701 ], [ -120.05576483, 47.85324341 ], [ -120.05584536, 47.85325167 ], [ -120.05595116, 47.85324627 ], [ -120.05614355, 47.853251 ], [ -120.05614092, 47.85351846 ], [ -120.05586669, 47.85351363 ], [ -120.05570733, 47.85351083 ], [ -120.05531406, 47.85343101 ], [ -120.05505303, 47.85338254 ], [ -120.05487893, 47.8534385 ], [ -120.05486608, 47.85347374 ], [ -120.05471786, 47.85388031 ], [ -120.05432767, 47.85495054 ], [ -120.05425778, 47.85503541 ], [ -120.05419981, 47.85506816 ], [ -120.0541262, 47.85509704 ], [ -120.05396042, 47.8551272 ], [ -120.05389062, 47.85514959 ], [ -120.05380452, 47.85518267 ], [ -120.05374655, 47.85522109 ], [ -120.05222126, 47.8549494 ], [ -120.0520207, 47.85492275 ], [ -120.05184155, 47.85490483 ], [ -120.05166129, 47.85489299 ], [ -120.05059497, 47.85490999 ], [ -120.0506094, 47.85296893 ], [ -120.05001601, 47.85296079 ], [ -120.05000303, 47.85288176 ], [ -120.05050305, 47.85286311 ], [ -120.05057213, 47.85174809 ], [ -120.05283168, 47.8514837 ], [ -120.05282869, 47.85143699 ], [ -120.0528136, 47.85115136 ], [ -120.05366562, 47.85104199 ], [ -120.05368769, 47.85111921 ], [ -120.0538261, 47.85140421 ] ] ], [ [ [ -120.0594451, 47.8531204 ], [ -120.05994997, 47.85313147 ], [ -120.06039856, 47.85317938 ], [ -120.05958257, 47.85318275 ], [ -120.05931667, 47.8531884 ], [ -120.05899232, 47.85324034 ], [ -120.0594451, 47.8531204 ] ] ], [ [ [ -120.05778097, 47.85322087 ], [ -120.05790041, 47.85324952 ], [ -120.05758733, 47.85330083 ], [ -120.05754432, 47.85330041 ], [ -120.0576045, 47.85329027 ], [ -120.0577267, 47.853241 ], [ -120.05778097, 47.85322087 ] ] ], [ [ [ -119.94673203, 47.8672956 ], [ -119.9467585, 47.86795974 ], [ -119.94812346, 47.86792394 ], [ -119.94771242, 47.86909012 ], [ -119.94756037, 47.86909892 ], [ -119.94797289, 47.86800093 ], [ -119.94620042, 47.86805474 ], [ -119.9461956, 47.86797072 ], [ -119.94602237, 47.86495265 ], [ -119.94819505, 47.86344805 ], [ -119.94828099, 47.86600923 ], [ -119.94834723, 47.86727182 ], [ -119.94673203, 47.8672956 ] ] ], [ [ [ -119.93611744, 47.87336356 ], [ -119.93531725, 47.87337286 ], [ -119.93199992, 47.87331297 ], [ -119.93186073, 47.87320829 ], [ -119.93183214, 47.87150027 ], [ -119.93181737, 47.87061728 ], [ -119.93180257, 47.86967205 ], [ -119.93634534, 47.86965854 ], [ -119.93634722, 47.8689168 ], [ -119.93654383, 47.86830713 ], [ -119.9371379, 47.86831179 ], [ -119.93738129, 47.86855814 ], [ -119.9373865, 47.86878648 ], [ -119.93739642, 47.86896619 ], [ -119.93995152, 47.86722089 ], [ -119.94085178, 47.86660579 ], [ -119.94267464, 47.8653562 ], [ -119.94355208, 47.86476078 ], [ -119.94351111, 47.8628094 ], [ -119.94395494, 47.86464862 ], [ -119.93769768, 47.86895788 ], [ -119.9377271, 47.87015817 ], [ -119.93747058, 47.87033375 ], [ -119.93751229, 47.87100347 ], [ -119.93751537, 47.87105121 ], [ -119.93734275, 47.87177008 ], [ -119.93738048, 47.87324537 ], [ -119.93696895, 47.8732464 ], [ -119.93670448, 47.87324706 ], [ -119.93660238, 47.87325125 ], [ -119.9364731, 47.87332663 ], [ -119.93636054, 47.87334463 ], [ -119.93623753, 47.87335783 ], [ -119.93611744, 47.87336356 ] ] ] ] } }
]
}
