{
"type": "FeatureCollection",
"name": "franklin_ui_with_pop_centers",
"crs": { "type": "name", "properties": { "name": "urn:ogc:def:crs:OGC:1.3:CRS84" } },
"features": [
{ "type": "Feature", "properties": { }, "geometry": { "type": "MultiPolygon", "coordinates": [ [ [ [ -119.05702944, 46.20340211 ], [ -119.05727424, 46.20331991 ], [ -119.05737704, 46.20333091 ], [ -119.05745597, 46.20344051 ], [ -119.05751917, 46.20362711 ], [ -119.05753497, 46.20372031 ], [ -119.05755864, 46.20377511 ], [ -119.05755857, 46.20408231 ], [ -119.05749537, 46.20416451 ], [ -119.05743224, 46.20421945 ], [ -119.05710824, 46.20432365 ], [ -119.05673704, 46.20438391 ], [ -119.05648424, 46.20437291 ], [ -119.05618404, 46.20431811 ], [ -119.05589977, 46.20419745 ], [ -119.05529157, 46.20392311 ], [ -119.05487284, 46.20376405 ], [ -119.05474637, 46.20368185 ], [ -119.05470697, 46.20363791 ], [ -119.05471497, 46.20351185 ], [ -119.05487284, 46.20338571 ], [ -119.05523617, 46.20323211 ], [ -119.05563124, 46.20314985 ], [ -119.05567857, 46.20314445 ], [ -119.05584444, 46.20313345 ], [ -119.05634217, 46.20317725 ], [ -119.05661077, 46.20324311 ], [ -119.05688717, 46.20342411 ], [ -119.05702944, 46.20340211 ] ] ], [ [ [ -119.03326575, 46.20869061 ], [ -119.03309975, 46.20883321 ], [ -119.03281535, 46.20901961 ], [ -119.03255455, 46.20901401 ], [ -119.03256255, 46.20897021 ], [ -119.03286282, 46.20875088 ], [ -119.03312355, 46.20865221 ], [ -119.03322622, 46.20866321 ], [ -119.03326575, 46.20869061 ] ] ], [ [ [ -119.190299605, 46.228076396 ], [ -119.19025481, 46.228069616 ], [ -119.189989742, 46.228027448 ], [ -119.189585855, 46.227963195 ], [ -119.18947397, 46.227940997 ], [ -119.189364101, 46.227910345 ], [ -119.189032745, 46.227804143 ], [ -119.189032744, 46.227804143 ], [ -119.189032743, 46.227804143 ], [ -119.188748936, 46.227757701 ], [ -119.188516627, 46.227723625 ], [ -119.188004494, 46.227648503 ], [ -119.187991879, 46.227646653 ], [ -119.187979255, 46.227644856 ], [ -119.187129209, 46.227523855 ], [ -119.186962644, 46.227495337 ], [ -119.186017956, 46.227306057 ], [ -119.185897339, 46.227278123 ], [ -119.185809634, 46.227262356 ], [ -119.185365149, 46.227157592 ], [ -119.185333058, 46.227150029 ], [ -119.185312705, 46.227145231 ], [ -119.185292319, 46.227140576 ], [ -119.184660564, 46.226996314 ], [ -119.184462332, 46.226951047 ], [ -119.184462331, 46.226951047 ], [ -119.184392976, 46.226943992 ], [ -119.184203068, 46.226895763 ], [ -119.183826351, 46.22678013 ], [ -119.183644145, 46.226724203 ], [ -119.183458758, 46.226679953 ], [ -119.183399759, 46.22666587 ], [ -119.183399732, 46.226665864 ], [ -119.183399722, 46.226665861 ], [ -119.183148538, 46.226605905 ], [ -119.183121352, 46.226599416 ], [ -119.182951366, 46.226558841 ], [ -119.182779307, 46.226528229 ], [ -119.182414041, 46.226463242 ], [ -119.18241404, 46.226463242 ], [ -119.182414022, 46.226463239 ], [ -119.181670113, 46.22633088 ], [ -119.181569144, 46.226311124 ], [ -119.180809619, 46.226148936 ], [ -119.180760979, 46.226138549 ], [ -119.180712174, 46.226128971 ], [ -119.180195422, 46.226027551 ], [ -119.180028279, 46.225994747 ], [ -119.180010082, 46.225992237 ], [ -119.179647699, 46.225923415 ], [ -119.179291393, 46.225834224 ], [ -119.17911309, 46.225783689 ], [ -119.178966798, 46.225737298 ], [ -119.178956308, 46.225733972 ], [ -119.178956297, 46.225733968 ], [ -119.178584071, 46.22561593 ], [ -119.178567829, 46.225610779 ], [ -119.178328855, 46.225534997 ], [ -119.178328854, 46.225534997 ], [ -119.178084392, 46.225479415 ], [ -119.177837538, 46.225423289 ], [ -119.177675348, 46.225386413 ], [ -119.177511364, 46.225358578 ], [ -119.17726983, 46.225317581 ], [ -119.176738848, 46.225226651 ], [ -119.176738819, 46.225226646 ], [ -119.176520559, 46.225189267 ], [ -119.176492618, 46.225183828 ], [ -119.176438006, 46.225174392 ], [ -119.176374918, 46.225160626 ], [ -119.176374917, 46.225160625 ], [ -119.176242775, 46.225140658 ], [ -119.17567759, 46.225055257 ], [ -119.175527595, 46.22502868 ], [ -119.175466373, 46.225016221 ], [ -119.175263535, 46.224974943 ], [ -119.175263534, 46.224974943 ], [ -119.175058334, 46.224947743 ], [ -119.174842338, 46.224919111 ], [ -119.174842337, 46.224919111 ], [ -119.17470721, 46.224898054 ], [ -119.174593311, 46.224877635 ], [ -119.174251331, 46.224795363 ], [ -119.174066059, 46.224739106 ], [ -119.174066059, 46.224739105 ], [ -119.174066058, 46.224739105 ], [ -119.173672436, 46.224681495 ], [ -119.173161188, 46.224606669 ], [ -119.173161187, 46.224606669 ], [ -119.173104514, 46.22459782 ], [ -119.172836309, 46.224553312 ], [ -119.172498009, 46.224497172 ], [ -119.17237787, 46.224472127 ], [ -119.172263446, 46.224427769 ], [ -119.172244984, 46.224419725 ], [ -119.172147043, 46.224377052 ], [ -119.171945926, 46.224275545 ], [ -119.171190337, 46.223716534 ], [ -119.171190336, 46.223716533 ], [ -119.171190335, 46.223716533 ], [ -119.171190334, 46.223716532 ], [ -119.171190333, 46.223716532 ], [ -119.171190332, 46.223716532 ], [ -119.170938568, 46.223690164 ], [ -119.170442306, 46.223592384 ], [ -119.170442305, 46.223592384 ], [ -119.170363331, 46.223586158 ], [ -119.170148922, 46.223551552 ], [ -119.170111383, 46.223545493 ], [ -119.170021422, 46.223522883 ], [ -119.169998964, 46.223518365 ], [ -119.169426967, 46.223380231 ], [ -119.169422035, 46.22337904 ], [ -119.169355485, 46.223362968 ], [ -119.169318887, 46.223355009 ], [ -119.169188308, 46.223319956 ], [ -119.169189728, 46.223317475 ], [ -119.169542936, 46.223114508 ], [ -119.169542937, 46.223114507 ], [ -119.169542938, 46.223114507 ], [ -119.169542939, 46.223114506 ], [ -119.169542939, 46.223114505 ], [ -119.16954294, 46.223114505 ], [ -119.16954294, 46.223114504 ], [ -119.169542941, 46.223114503 ], [ -119.169542941, 46.223114502 ], [ -119.169542941, 46.223114501 ], [ -119.169542941, 46.2231145 ], [ -119.169542941, 46.223114499 ], [ -119.169535471, 46.222807424 ], [ -119.169652273, 46.222355787 ], [ -119.169669291, 46.222314944 ], [ -119.169806357, 46.22232313 ], [ -119.170035913, 46.22234782 ], [ -119.170035914, 46.222347821 ], [ -119.170035974, 46.222347827 ], [ -119.174304646, 46.222806867 ], [ -119.174346279, 46.222811344 ], [ -119.17442435, 46.22281974 ], [ -119.174424351, 46.22281974 ], [ -119.174503544, 46.222825058 ], [ -119.174545017, 46.222827837 ], [ -119.175636751, 46.222900992 ], [ -119.175858499, 46.222915851 ], [ -119.176069436, 46.222929986 ], [ -119.176069437, 46.222929986 ], [ -119.176280845, 46.222929239 ], [ -119.17761746, 46.222924518 ], [ -119.177836151, 46.222923745 ], [ -119.177836152, 46.222923745 ], [ -119.178054205, 46.222907054 ], [ -119.179371612, 46.222806211 ], [ -119.179592247, 46.222789322 ], [ -119.179592248, 46.222789322 ], [ -119.179811038, 46.222756227 ], [ -119.181199174, 46.222546255 ], [ -119.181336944, 46.222532006 ], [ -119.181397023, 46.222565474 ], [ -119.181416359, 46.222578739 ], [ -119.18141636, 46.222578739 ], [ -119.182018492, 46.222948962 ], [ -119.18209227, 46.222994305 ], [ -119.182092271, 46.222994305 ], [ -119.182173754, 46.223032236 ], [ -119.182375313, 46.223125228 ], [ -119.182375314, 46.223125228 ], [ -119.18266611, 46.223230755 ], [ -119.182666111, 46.223230755 ], [ -119.182971206, 46.22331463 ], [ -119.182971207, 46.22331463 ], [ -119.183287239, 46.223375896 ], [ -119.18328724, 46.223375897 ], [ -119.183610756, 46.223413904 ], [ -119.183610757, 46.223413904 ], [ -119.18386187, 46.223424887 ], [ -119.183938312, 46.223428245 ], [ -119.184019433, 46.223428385 ], [ -119.184482001, 46.223429231 ], [ -119.184482002, 46.223429231 ], [ -119.187690262, 46.223435097 ], [ -119.187837236, 46.223442678 ], [ -119.187839307, 46.223443945 ], [ -119.187831767, 46.223781282 ], [ -119.187831767, 46.223781283 ], [ -119.187831767, 46.223781284 ], [ -119.187831768, 46.223781285 ], [ -119.187831768, 46.223781286 ], [ -119.187831768, 46.223781287 ], [ -119.187831769, 46.223781288 ], [ -119.18783177, 46.223781289 ], [ -119.187831771, 46.22378129 ], [ -119.187831772, 46.223781291 ], [ -119.187831773, 46.223781291 ], [ -119.187831774, 46.223781291 ], [ -119.187831775, 46.223781292 ], [ -119.187831776, 46.223781292 ], [ -119.187831777, 46.223781292 ], [ -119.188105422, 46.223780751 ], [ -119.18840869, 46.223780152 ], [ -119.188418797, 46.223786297 ], [ -119.188422782, 46.223789302 ], [ -119.188416902, 46.224053652 ], [ -119.188383306, 46.225453629 ], [ -119.188379387, 46.225616945 ], [ -119.188168259, 46.225613472 ], [ -119.188168258, 46.225613472 ], [ -119.188168257, 46.225613472 ], [ -119.188168256, 46.225613472 ], [ -119.188168255, 46.225613473 ], [ -119.188168254, 46.225613473 ], [ -119.188168253, 46.225613474 ], [ -119.188168252, 46.225613475 ], [ -119.188168251, 46.225613476 ], [ -119.18816825, 46.225613477 ], [ -119.18816825, 46.225613478 ], [ -119.188168249, 46.225613479 ], [ -119.188168249, 46.22561348 ], [ -119.188168249, 46.225613481 ], [ -119.188168249, 46.225613482 ], [ -119.188167873, 46.226347757 ], [ -119.188167873, 46.226347758 ], [ -119.188167873, 46.226347759 ], [ -119.188167873, 46.22634776 ], [ -119.188167874, 46.226347761 ], [ -119.188167874, 46.226347762 ], [ -119.188167875, 46.226347763 ], [ -119.188167875, 46.226347764 ], [ -119.188167876, 46.226347764 ], [ -119.188167877, 46.226347765 ], [ -119.188167878, 46.226347766 ], [ -119.188167879, 46.226347766 ], [ -119.18816788, 46.226347767 ], [ -119.188167881, 46.226347767 ], [ -119.188167882, 46.226347767 ], [ -119.18954453, 46.226553941 ], [ -119.189622975, 46.226565862 ], [ -119.191237449, 46.226811061 ], [ -119.191228828, 46.226896664 ], [ -119.191228239, 46.226902516 ], [ -119.191186753, 46.227109328 ], [ -119.191145976, 46.227255966 ], [ -119.190901104, 46.228025675 ], [ -119.190857001, 46.228164306 ], [ -119.190855355, 46.228163982 ], [ -119.190766115, 46.228143404 ], [ -119.190766114, 46.228143404 ], [ -119.190709243, 46.228135235 ], [ -119.190299606, 46.228076396 ], [ -119.190299605, 46.228076396 ] ] ], [ [ [ -119.217077055, 46.231005742 ], [ -119.213110326, 46.231601188 ], [ -119.21278183, 46.231649863 ], [ -119.212612753, 46.23166539 ], [ -119.212479384, 46.231662563 ], [ -119.212315345, 46.2316438 ], [ -119.211590447, 46.231533883 ], [ -119.211491034, 46.231517095 ], [ -119.210940497, 46.231414583 ], [ -119.210540104, 46.231310996 ], [ -119.210162901, 46.231185061 ], [ -119.2101629, 46.231185061 ], [ -119.209973913, 46.231139504 ], [ -119.209973912, 46.231139504 ], [ -119.209973911, 46.231139504 ], [ -119.209610497, 46.231111517 ], [ -119.209456502, 46.231081136 ], [ -119.209290214, 46.231041483 ], [ -119.209290213, 46.231041483 ], [ -119.209186093, 46.23102392 ], [ -119.209091981, 46.231008046 ], [ -119.209051527, 46.231001222 ], [ -119.20883237, 46.230955786 ], [ -119.208708852, 46.230925329 ], [ -119.208429414, 46.230840614 ], [ -119.208208898, 46.23078929 ], [ -119.208208897, 46.230789289 ], [ -119.208208896, 46.230789289 ], [ -119.20788202, 46.230779206 ], [ -119.207833461, 46.230772332 ], [ -119.207531635, 46.230742612 ], [ -119.207239247, 46.230627137 ], [ -119.207207867, 46.230610404 ], [ -119.207207866, 46.230610403 ], [ -119.207207865, 46.230610403 ], [ -119.207207864, 46.230610403 ], [ -119.207207863, 46.230610403 ], [ -119.206886866, 46.230575773 ], [ -119.206769967, 46.230574171 ], [ -119.206615536, 46.230572245 ], [ -119.206615535, 46.230572245 ], [ -119.206615534, 46.230572245 ], [ -119.206337869, 46.230624621 ], [ -119.206278283, 46.230627541 ], [ -119.206148388, 46.23062825 ], [ -119.206021651, 46.230606686 ], [ -119.205848235, 46.230563855 ], [ -119.205811063, 46.230553478 ], [ -119.205810343, 46.230553277 ], [ -119.205164175, 46.230372883 ], [ -119.205164174, 46.230372883 ], [ -119.204793954, 46.230292797 ], [ -119.204793953, 46.230292797 ], [ -119.204793952, 46.230292797 ], [ -119.204793951, 46.230292797 ], [ -119.20461958, 46.230318686 ], [ -119.204452767, 46.230340282 ], [ -119.204267803, 46.230315794 ], [ -119.203995977, 46.230265289 ], [ -119.203917088, 46.230249534 ], [ -119.203493119, 46.230158937 ], [ -119.203152964, 46.23008625 ], [ -119.203152962, 46.23008625 ], [ -119.202806687, 46.230053358 ], [ -119.20232042, 46.230007167 ], [ -119.202201877, 46.229993522 ], [ -119.202140741, 46.22998525 ], [ -119.202002225, 46.229959819 ], [ -119.201866715, 46.229921473 ], [ -119.201647012, 46.229847969 ], [ -119.201607758, 46.229831149 ], [ -119.201607757, 46.229831148 ], [ -119.201607756, 46.229831148 ], [ -119.201261103, 46.229762256 ], [ -119.201261102, 46.229762256 ], [ -119.200819247, 46.229708918 ], [ -119.200819246, 46.229708918 ], [ -119.200568848, 46.22969272 ], [ -119.200068774, 46.22966037 ], [ -119.199801886, 46.22963106 ], [ -119.199797974, 46.229630452 ], [ -119.199743148, 46.229621931 ], [ -119.199528555, 46.229580523 ], [ -119.199329986, 46.229534645 ], [ -119.199091716, 46.229479593 ], [ -119.199091715, 46.229479593 ], [ -119.198849756, 46.229444114 ], [ -119.198397672, 46.229377826 ], [ -119.198397672, 46.229377825 ], [ -119.198229715, 46.229347246 ], [ -119.198139198, 46.229323558 ], [ -119.19810529, 46.229311614 ], [ -119.198101884, 46.229310603 ], [ -119.197824226, 46.229172086 ], [ -119.197824225, 46.229172086 ], [ -119.197824224, 46.229172085 ], [ -119.197690508, 46.229132482 ], [ -119.197690507, 46.229132482 ], [ -119.197690507, 46.229132481 ], [ -119.196937515, 46.229027869 ], [ -119.196866824, 46.229018048 ], [ -119.196866823, 46.229018048 ], [ -119.19682636, 46.229012145 ], [ -119.196605404, 46.228978372 ], [ -119.196576712, 46.228973986 ], [ -119.196389232, 46.22894533 ], [ -119.196389231, 46.22894533 ], [ -119.196200315, 46.228928571 ], [ -119.195908021, 46.228902642 ], [ -119.195907669, 46.228902611 ], [ -119.195497482, 46.228866272 ], [ -119.195149815, 46.228835472 ], [ -119.195149814, 46.228835472 ], [ -119.195086603, 46.228834924 ], [ -119.194862302, 46.228842854 ], [ -119.194705473, 46.228842837 ], [ -119.194599751, 46.228834311 ], [ -119.194479287, 46.2288199 ], [ -119.194447176, 46.228816058 ], [ -119.194288651, 46.228792782 ], [ -119.19375666, 46.228700095 ], [ -119.193717432, 46.228692992 ], [ -119.193027617, 46.22856334 ], [ -119.192909616, 46.228541162 ], [ -119.192790823, 46.228523722 ], [ -119.192148772, 46.228429463 ], [ -119.191999188, 46.228403621 ], [ -119.191568373, 46.228317912 ], [ -119.191424978, 46.228281929 ], [ -119.191477994, 46.22811528 ], [ -119.191724916, 46.227339095 ], [ -119.191724916, 46.227339094 ], [ -119.191770104, 46.227176537 ], [ -119.191770105, 46.227176536 ], [ -119.191805023, 46.22693744 ], [ -119.191809868, 46.226897997 ], [ -119.191809868, 46.226897996 ], [ -119.191844312, 46.225335876 ], [ -119.19246477, 46.225333386 ], [ -119.194260443, 46.225326176 ], [ -119.194260487, 46.225326176 ], [ -119.19495603, 46.225323374 ], [ -119.195099866, 46.225329856 ], [ -119.195102832, 46.225332511 ], [ -119.195103285, 46.225387018 ], [ -119.19511576, 46.226909064 ], [ -119.19511576, 46.226909065 ], [ -119.19511576, 46.226909066 ], [ -119.195115761, 46.226909066 ], [ -119.195115761, 46.226909067 ], [ -119.195115761, 46.226909068 ], [ -119.195115762, 46.226909069 ], [ -119.195115762, 46.22690907 ], [ -119.195115763, 46.226909071 ], [ -119.195115764, 46.226909071 ], [ -119.195115765, 46.226909072 ], [ -119.195115766, 46.226909073 ], [ -119.195115767, 46.226909073 ], [ -119.195115768, 46.226909073 ], [ -119.195115769, 46.226909073 ], [ -119.19511577, 46.226909074 ], [ -119.200609238, 46.226942509 ], [ -119.200609322, 46.226942509 ], [ -119.201618488, 46.226948625 ], [ -119.201627977, 46.226948682 ], [ -119.201637467, 46.22694871 ], [ -119.213810958, 46.226983973 ], [ -119.217222636, 46.226993856 ], [ -119.217359982, 46.227000871 ], [ -119.217357155, 46.227138367 ], [ -119.217329705, 46.227537348 ], [ -119.217101013, 46.230861332 ], [ -119.217083901, 46.231004711 ], [ -119.217077055, 46.231005742 ] ] ], [ [ [ -119.17118241, 46.23207964 ], [ -119.17134841, 46.23210164 ], [ -119.17171188, 46.23214004 ], [ -119.17289728, 46.23231564 ], [ -119.17342681, 46.2324089 ], [ -119.17372708, 46.2324803 ], [ -119.17381401, 46.23257904 ], [ -119.17379028, 46.23269424 ], [ -119.17367181, 46.23284224 ], [ -119.17360061, 46.2328587 ], [ -119.17352161, 46.2328257 ], [ -119.17342668, 46.2328203 ], [ -119.17334768, 46.23284224 ], [ -119.17326081, 46.2327215 ], [ -119.17317381, 46.2327379 ], [ -119.17310268, 46.23269411 ], [ -119.17309481, 46.23262284 ], [ -119.17206748, 46.23238684 ], [ -119.17140361, 46.23227164 ], [ -119.17110328, 46.2321673 ], [ -119.17104008, 46.23212344 ], [ -119.17118241, 46.23207964 ] ] ], [ [ [ -119.19630729, 46.23584224 ], [ -119.19637062, 46.2358587 ], [ -119.19643388, 46.23577643 ], [ -119.19663929, 46.23577643 ], [ -119.19675002, 46.23579283 ], [ -119.19740609, 46.23594083 ], [ -119.19778542, 46.2361053 ], [ -119.19806989, 46.23614924 ], [ -119.19838622, 46.23623143 ], [ -119.19907389, 46.2365001 ], [ -119.19993549, 46.23688383 ], [ -119.20025962, 46.2370483 ], [ -119.20044942, 46.2372073 ], [ -119.20052842, 46.2373225 ], [ -119.20050482, 46.23735003 ], [ -119.20010162, 46.23740484 ], [ -119.20005409, 46.23738844 ], [ -119.19974589, 46.23737203 ], [ -119.19913742, 46.2373173 ], [ -119.19903449, 46.23724603 ], [ -119.19883702, 46.2372131 ], [ -119.19870262, 46.2371637 ], [ -119.19830729, 46.2370815 ], [ -119.19761962, 46.23680184 ], [ -119.19734289, 46.2366429 ], [ -119.19652882, 46.23634684 ], [ -119.19531162, 46.23579303 ], [ -119.19444209, 46.2354969 ], [ -119.19419709, 46.23538724 ], [ -119.19419702, 46.2353597 ], [ -119.19423662, 46.2353433 ], [ -119.19432349, 46.2353269 ], [ -119.19437882, 46.23533784 ], [ -119.19470289, 46.2354585 ], [ -119.19512962, 46.2354913 ], [ -119.19554069, 46.2355735 ], [ -119.19630729, 46.23584224 ] ] ], [ [ [ -119.1539759, 46.24252885 ], [ -119.15424008, 46.24252984 ], [ -119.15659573, 46.24255755 ], [ -119.15658566, 46.24288084 ], [ -119.15656929, 46.24340646 ], [ -119.15757263, 46.24341119 ], [ -119.15830192, 46.24341461 ], [ -119.15884911, 46.24341718 ], [ -119.15895179, 46.24341766 ], [ -119.15907195, 46.24341823 ], [ -119.15919734, 46.24341881 ], [ -119.15917398, 46.24419148 ], [ -119.15916322, 46.24454746 ], [ -119.15915453, 46.24483517 ], [ -119.1590714, 46.24483386 ], [ -119.15879909, 46.24482954 ], [ -119.15854731, 46.24482555 ], [ -119.15854423, 46.24495121 ], [ -119.15769145, 46.24481947 ], [ -119.15650579, 46.2446363 ], [ -119.15621721, 46.24459131 ], [ -119.15615331, 46.24458134 ], [ -119.15400129, 46.24424578 ], [ -119.1539079, 46.24423121 ], [ -119.15391722, 46.24385857 ], [ -119.15392226, 46.24365698 ], [ -119.15392879, 46.24339621 ], [ -119.15393989, 46.24319097 ], [ -119.1539759, 46.24252885 ] ] ], [ [ [ -119.21368831, 46.3064104 ], [ -119.21375038, 46.30638358 ], [ -119.21437548, 46.30616598 ], [ -119.21646089, 46.30490347 ], [ -119.21699219, 46.30398513 ], [ -119.21517222, 46.30398674 ], [ -119.21286015, 46.30554475 ], [ -119.20997346, 46.30555817 ], [ -119.20997294, 46.30560953 ], [ -119.20042926, 46.30560198 ], [ -119.20010919, 46.30560171 ], [ -119.19944694, 46.30499593 ], [ -119.19926338, 46.30482802 ], [ -119.19890921, 46.30450404 ], [ -119.19598443, 46.30182837 ], [ -119.19588203, 46.3017347 ], [ -119.19580685, 46.30165876 ], [ -119.19563567, 46.30148588 ], [ -119.19545612, 46.30130453 ], [ -119.19530692, 46.30113412 ], [ -119.19515077, 46.30095455 ], [ -119.19503173, 46.30081763 ], [ -119.19500028, 46.30077241 ], [ -119.1948815, 46.30060157 ], [ -119.19484396, 46.30054758 ], [ -119.194519, 46.30008022 ], [ -119.17847304, 46.30006317 ], [ -119.17858448, 46.29757181 ], [ -119.17789615, 46.29828285 ], [ -119.17751042, 46.29866402 ], [ -119.17712766, 46.29896422 ], [ -119.17691251, 46.29910835 ], [ -119.1764683, 46.29936242 ], [ -119.17601578, 46.29957218 ], [ -119.17554017, 46.29974896 ], [ -119.17497445, 46.29990969 ], [ -119.17435914, 46.30003086 ], [ -119.16794075, 46.30002402 ], [ -119.16828726, 46.29273033 ], [ -119.16302069, 46.29275369 ], [ -119.15775499, 46.2927768 ], [ -119.15248688, 46.29277569 ], [ -119.14985293, 46.29277504 ], [ -119.14853599, 46.29277469 ], [ -119.14721898, 46.29277433 ], [ -119.14726265, 46.29185721 ], [ -119.14730632, 46.29094004 ], [ -119.14734176, 46.29019559 ], [ -119.1478636, 46.29062286 ], [ -119.15211167, 46.28775102 ], [ -119.14893963, 46.28543936 ], [ -119.14756754, 46.28543738 ], [ -119.14229964, 46.28542965 ], [ -119.13714924, 46.28542185 ], [ -119.1370311, 46.28542006 ], [ -119.11594022, 46.2854418 ], [ -119.11577282, 46.28909721 ], [ -119.11560545, 46.29275249 ], [ -119.11398963, 46.29274606 ], [ -119.11315271, 46.29274268 ], [ -119.1112242, 46.29273491 ], [ -119.10940187, 46.29272749 ], [ -119.1054841, 46.29271149 ], [ -119.10417917, 46.29270612 ], [ -119.10399004, 46.29455142 ], [ -119.10380093, 46.29639636 ], [ -119.10342255, 46.30008731 ], [ -119.10811321, 46.30007794 ], [ -119.1086528, 46.30007685 ], [ -119.11309776, 46.30006777 ], [ -119.11447803, 46.30550213 ], [ -119.11371836, 46.30619786 ], [ -119.11301631, 46.30671589 ], [ -119.11320836, 46.3074788 ], [ -119.10468791, 46.30747462 ], [ -119.104749, 46.3037363 ], [ -119.10414393, 46.30244386 ], [ -119.10376076, 46.30191026 ], [ -119.10341489, 46.30153582 ], [ -119.10297623, 46.30115205 ], [ -119.10259021, 46.30089761 ], [ -119.10193254, 46.3005671 ], [ -119.10121812, 46.3003069 ], [ -119.1004353, 46.30009314 ], [ -119.09394896, 46.30010559 ], [ -119.09296051, 46.30010745 ], [ -119.09299105, 46.29838843 ], [ -119.09300079, 46.29784002 ], [ -119.09309274, 46.29266306 ], [ -119.08342409, 46.29247857 ], [ -119.0840563, 46.28516072 ], [ -119.08414434, 46.28436026 ], [ -119.08403842, 46.28435305 ], [ -119.08415247, 46.28328369 ], [ -119.0843526, 46.28140716 ], [ -119.08186154, 46.28139941 ], [ -119.07925403, 46.28139124 ], [ -119.07664658, 46.28138301 ], [ -119.07403838, 46.28137472 ], [ -119.07447298, 46.27760932 ], [ -119.07513209, 46.27189753 ], [ -119.07534197, 46.27007852 ], [ -119.0727127, 46.27011294 ], [ -119.06473803, 46.27021695 ], [ -119.05413474, 46.27035438 ], [ -119.05446172, 46.26289944 ], [ -119.05450258, 46.26196765 ], [ -119.05478545, 46.2555165 ], [ -119.05469157, 46.25551594 ], [ -119.05469304, 46.25546112 ], [ -119.05478988, 46.25180075 ], [ -119.0548364, 46.25004243 ], [ -119.0548381, 46.24997824 ], [ -119.05483937, 46.24993009 ], [ -119.05488517, 46.24819706 ], [ -119.05256233, 46.24817528 ], [ -119.05237084, 46.24817348 ], [ -119.04989717, 46.24813862 ], [ -119.04975111, 46.24813157 ], [ -119.03965733, 46.24808266 ], [ -119.0370799, 46.24596454 ], [ -119.03622576, 46.24526257 ], [ -119.03613738, 46.24519469 ], [ -119.03409094, 46.24610555 ], [ -119.03415753, 46.24335148 ], [ -119.0342223, 46.24077126 ], [ -119.03436829, 46.23353672 ], [ -119.01677479, 46.2335899 ], [ -119.01310385, 46.23076164 ], [ -119.01321911, 46.22976754 ], [ -119.01341806, 46.22795199 ], [ -119.0121982, 46.22708819 ], [ -119.01198654, 46.22723214 ], [ -119.01149359, 46.22688004 ], [ -119.01121808, 46.22668326 ], [ -119.01083183, 46.22640737 ], [ -119.01085275, 46.22638261 ], [ -119.01096355, 46.22624561 ], [ -119.01094782, 46.22611388 ], [ -119.01092415, 46.22607561 ], [ -119.01092435, 46.22590001 ], [ -119.01100355, 46.22574101 ], [ -119.01132795, 46.22531328 ], [ -119.01159695, 46.22499528 ], [ -119.01193695, 46.22467741 ], [ -119.01205561, 46.22459508 ], [ -119.01198455, 46.22455121 ], [ -119.01232455, 46.22429908 ], [ -119.01248255, 46.22436488 ], [ -119.01272762, 46.22420601 ], [ -119.01298862, 46.22403048 ], [ -119.01317042, 46.22393188 ], [ -119.01319415, 46.22391001 ], [ -119.01312315, 46.22386061 ], [ -119.01332075, 46.22372348 ], [ -119.01351035, 46.22381141 ], [ -119.01359735, 46.22366881 ], [ -119.01371595, 46.22359761 ], [ -119.01402435, 46.22342761 ], [ -119.01422202, 46.22326321 ], [ -119.01470421, 46.22304941 ], [ -119.01521015, 46.22270421 ], [ -119.01570022, 46.22255621 ], [ -119.01596121, 46.22239181 ], [ -119.01602442, 46.22233701 ], [ -119.01604035, 46.22230408 ], [ -119.01600082, 46.22222728 ], [ -119.01617482, 46.22213408 ], [ -119.01624581, 46.22218348 ], [ -119.01674382, 46.22195328 ], [ -119.01668875, 46.22180521 ], [ -119.01690202, 46.22171748 ], [ -119.01700475, 46.22179988 ], [ -119.01731302, 46.22169028 ], [ -119.01744735, 46.22160248 ], [ -119.01736841, 46.22153668 ], [ -119.01758195, 46.22144901 ], [ -119.01766075, 46.22152041 ], [ -119.01773995, 46.22147648 ], [ -119.01787435, 46.22143821 ], [ -119.01792175, 46.22139428 ], [ -119.01807975, 46.22132308 ], [ -119.01823795, 46.22115308 ], [ -119.01838022, 46.22109828 ], [ -119.01868841, 46.22108201 ], [ -119.01949461, 46.22079148 ], [ -119.01970022, 46.22067641 ], [ -119.02173981, 46.21931688 ], [ -119.02256202, 46.21873581 ], [ -119.02284675, 46.21850001 ], [ -119.02336842, 46.21813281 ], [ -119.02381902, 46.21771048 ], [ -119.02410375, 46.21742001 ], [ -119.02416168, 46.21737258 ], [ -119.02449902, 46.21709641 ], [ -119.02475981, 46.21688808 ], [ -119.02502862, 46.21661941 ], [ -119.02539222, 46.21633981 ], [ -119.02607215, 46.21568741 ], [ -119.02630155, 46.21536381 ], [ -119.02639635, 46.21528701 ], [ -119.02642015, 46.21524321 ], [ -119.02716335, 46.21454128 ], [ -119.02753495, 46.21409721 ], [ -119.02773242, 46.21389968 ], [ -119.02805661, 46.21366401 ], [ -119.02842022, 46.21343368 ], [ -119.02856242, 46.21335148 ], [ -119.02872055, 46.21318148 ], [ -119.02887875, 46.21294021 ], [ -119.02999335, 46.21186001 ], [ -119.03011195, 46.21171201 ], [ -119.03019895, 46.21160781 ], [ -119.03072055, 46.21110328 ], [ -119.03108421, 46.21074141 ], [ -119.03128181, 46.21056048 ], [ -119.03185095, 46.20992981 ], [ -119.03209602, 46.20971048 ], [ -119.03235675, 46.20953508 ], [ -119.03252275, 46.20950221 ], [ -119.03256235, 46.20938701 ], [ -119.03261762, 46.20934308 ], [ -119.03259382, 46.20931028 ], [ -119.03252282, 46.20933761 ], [ -119.03239635, 46.20944181 ], [ -119.03233315, 46.20943628 ], [ -119.03223835, 46.20940341 ], [ -119.03219895, 46.20939241 ], [ -119.03219895, 46.20933761 ], [ -119.03227802, 46.20926628 ], [ -119.03251502, 46.20915121 ], [ -119.03268095, 46.20910188 ], [ -119.03274401, 46.20914028 ], [ -119.03275982, 46.20916768 ], [ -119.03291781, 46.20922261 ], [ -119.03298115, 46.20922248 ], [ -119.03300475, 46.20916781 ], [ -119.03299702, 46.20905248 ], [ -119.03324982, 46.20887161 ], [ -119.03351062, 46.20867421 ], [ -119.03360541, 46.20860841 ], [ -119.03385041, 46.20852621 ], [ -119.03395322, 46.20845488 ], [ -119.03408742, 46.20847141 ], [ -119.03421395, 46.20850441 ], [ -119.03435601, 46.20849888 ], [ -119.03445082, 46.20851001 ], [ -119.03461675, 46.20858128 ], [ -119.03470362, 46.20864708 ], [ -119.03469575, 46.20867448 ], [ -119.03459295, 46.20879521 ], [ -119.03460081, 46.20886101 ], [ -119.03484562, 46.20887748 ], [ -119.03492475, 46.20891588 ], [ -119.03494042, 46.20894881 ], [ -119.03500362, 46.20899268 ], [ -119.03543022, 46.20899821 ], [ -119.03565141, 46.20898188 ], [ -119.03593595, 46.20905868 ], [ -119.03643355, 46.20911368 ], [ -119.03657582, 46.20909728 ], [ -119.03659155, 46.20908081 ], [ -119.03648101, 46.20902041 ], [ -119.03449042, 46.20841661 ], [ -119.03409541, 46.20830688 ], [ -119.03395321, 46.20828488 ], [ -119.03389001, 46.20823001 ], [ -119.03343982, 46.20808741 ], [ -119.03316342, 46.20797761 ], [ -119.03317922, 46.20786788 ], [ -119.03324255, 46.20775268 ], [ -119.03334522, 46.20769788 ], [ -119.03342421, 46.20768148 ], [ -119.03354275, 46.20768701 ], [ -119.03422995, 46.20787908 ], [ -119.03433262, 46.20785721 ], [ -119.03437222, 46.20780241 ], [ -119.03441182, 46.20756101 ], [ -119.03449875, 46.20744041 ], [ -119.03457775, 46.20738001 ], [ -119.03461742, 46.20724848 ], [ -119.03468061, 46.20716621 ], [ -119.03477555, 46.20707841 ], [ -119.03482295, 46.20694128 ], [ -119.03488368, 46.20689374 ], [ -119.03488615, 46.20689188 ], [ -119.03491775, 46.20687008 ], [ -119.03491782, 46.20680428 ], [ -119.03483882, 46.20671648 ], [ -119.03485462, 46.20663421 ], [ -119.03487835, 46.20657381 ], [ -119.03482301, 46.20651348 ], [ -119.03479941, 46.20637641 ], [ -119.03485481, 46.20621188 ], [ -119.03493395, 46.20603081 ], [ -119.03495775, 46.20571281 ], [ -119.03506055, 46.20542208 ], [ -119.03537695, 46.20482981 ], [ -119.03551922, 46.20459401 ], [ -119.03570102, 46.20433621 ], [ -119.03585115, 46.20416068 ], [ -119.03593021, 46.20404561 ], [ -119.03627001, 46.20372748 ], [ -119.03647541, 46.20355761 ], [ -119.03654662, 46.20356848 ], [ -119.03655442, 46.20379341 ], [ -119.03657815, 46.20382087 ], [ -119.03664915, 46.20379888 ], [ -119.03675975, 46.20373861 ], [ -119.03683882, 46.20375508 ], [ -119.03675181, 46.20388121 ], [ -119.03663322, 46.20401828 ], [ -119.03664902, 46.20407861 ], [ -119.03669641, 46.20406221 ], [ -119.03685442, 46.20393608 ], [ -119.03721795, 46.20385928 ], [ -119.03725741, 46.20380448 ], [ -119.03724175, 46.20375508 ], [ -119.03711535, 46.20371668 ], [ -119.03701262, 46.20370581 ], [ -119.03687835, 46.20369468 ], [ -119.03681501, 46.20365641 ], [ -119.03679935, 46.20349728 ], [ -119.03675995, 46.20343688 ], [ -119.03676002, 46.20312428 ], [ -119.03683915, 46.20291041 ], [ -119.03683915, 46.20283908 ], [ -119.03677602, 46.20281708 ], [ -119.03672855, 46.20287201 ], [ -119.03665741, 46.20302001 ], [ -119.03663362, 46.20310788 ], [ -119.03654662, 46.20328881 ], [ -119.03647561, 46.20328881 ], [ -119.03647562, 46.20310781 ], [ -119.03659422, 46.20276781 ], [ -119.03664962, 46.20265808 ], [ -119.03665775, 46.20223581 ], [ -119.03671315, 46.20202728 ], [ -119.03676842, 46.20191768 ], [ -119.03685542, 46.20180248 ], [ -119.03691061, 46.20180248 ], [ -119.03697382, 46.20181901 ], [ -119.03695801, 46.20190128 ], [ -119.03691855, 46.20196701 ], [ -119.03693435, 46.20203287 ], [ -119.03723435, 46.20221401 ], [ -119.03740022, 46.20226881 ], [ -119.03756621, 46.20225241 ], [ -119.03770041, 46.20219761 ], [ -119.03796115, 46.20200021 ], [ -119.03804021, 46.20189601 ], [ -119.03807975, 46.20181368 ], [ -119.03806402, 46.20171501 ], [ -119.03796921, 46.20159428 ], [ -119.03768495, 46.20140781 ], [ -119.03759815, 46.20136388 ], [ -119.03751901, 46.20138028 ], [ -119.03717935, 46.20149001 ], [ -119.03702935, 46.20151181 ], [ -119.03693442, 46.20160501 ], [ -119.03687915, 46.20158861 ], [ -119.03689515, 46.20145148 ], [ -119.03695822, 46.20127047 ], [ -119.03711642, 46.20093041 ], [ -119.03719561, 46.20066721 ], [ -119.03729841, 46.20044241 ], [ -119.03767775, 46.19992141 ], [ -119.03802541, 46.19949908 ], [ -119.03857081, 46.19874781 ], [ -119.03879202, 46.19851201 ], [ -119.03901731, 46.19834779 ], [ -119.03900414, 46.19833566 ], [ -119.03929737, 46.19815665 ], [ -119.03955004, 46.19808545 ], [ -119.03965263, 46.19821165 ], [ -119.03976323, 46.19830492 ], [ -119.03979483, 46.19834332 ], [ -119.03979477, 46.19851332 ], [ -119.03996057, 46.19862305 ], [ -119.03996057, 46.19863951 ], [ -119.04077404, 46.19913325 ], [ -119.04084517, 46.19912785 ], [ -119.04089244, 46.19908391 ], [ -119.04107417, 46.19916625 ], [ -119.04238517, 46.19988505 ], [ -119.04230617, 46.19996725 ], [ -119.04230617, 46.19999465 ], [ -119.04243237, 46.20005505 ], [ -119.04264564, 46.20012631 ], [ -119.04307204, 46.20039525 ], [ -119.04396463, 46.20076831 ], [ -119.04436737, 46.20094385 ], [ -119.04473077, 46.20115785 ], [ -119.04558364, 46.20149805 ], [ -119.04619977, 46.20179425 ], [ -119.04654724, 46.20192591 ], [ -119.04687117, 46.20214545 ], [ -119.04703684, 46.20220025 ], [ -119.04717924, 46.20218932 ], [ -119.04763737, 46.20206871 ], [ -119.04774017, 46.20193152 ], [ -119.04786644, 46.20184385 ], [ -119.04804817, 46.20184932 ], [ -119.04824564, 46.20189325 ], [ -119.04834044, 46.20198105 ], [ -119.04834037, 46.20212365 ], [ -119.04824544, 46.20221685 ], [ -119.04807977, 46.20226612 ], [ -119.04777944, 46.20228265 ], [ -119.04740024, 46.20241971 ], [ -119.04743177, 46.20263365 ], [ -119.04747917, 46.20265005 ], [ -119.04753457, 46.20260611 ], [ -119.04758197, 46.20251845 ], [ -119.04767677, 46.20245265 ], [ -119.04781897, 46.20245265 ], [ -119.04800064, 46.20244172 ], [ -119.04806384, 46.20245265 ], [ -119.04810337, 46.20249665 ], [ -119.04810323, 46.20261725 ], [ -119.04816637, 46.20269405 ], [ -119.04820597, 46.20283111 ], [ -119.04830864, 46.20288045 ], [ -119.04851384, 46.20295185 ], [ -119.04890897, 46.20317672 ], [ -119.04931177, 46.20345651 ], [ -119.04954064, 46.20369785 ], [ -119.04968284, 46.20381305 ], [ -119.05021204, 46.20430125 ], [ -119.05074904, 46.20486625 ], [ -119.05095444, 46.20506911 ], [ -119.05144417, 46.20544765 ], [ -119.05192604, 46.20584265 ], [ -119.05227357, 46.20608391 ], [ -119.05281064, 46.20638571 ], [ -119.05303977, 46.20653931 ], [ -119.05307924, 46.20661065 ], [ -119.05305557, 46.20670932 ], [ -119.05305544, 46.20678065 ], [ -119.05310297, 46.20676412 ], [ -119.05318197, 46.20674225 ], [ -119.05333984, 46.20663805 ], [ -119.05342684, 46.20662705 ], [ -119.05366384, 46.20670385 ], [ -119.05405084, 46.20686305 ], [ -119.05423264, 46.20699465 ], [ -119.05441437, 46.20702751 ], [ -119.05537804, 46.20735665 ], [ -119.05747944, 46.20781745 ], [ -119.05837204, 46.20794365 ], [ -119.05865644, 46.20798205 ], [ -119.05909884, 46.20810825 ], [ -119.05991264, 46.20823431 ], [ -119.05998364, 46.20823431 ], [ -119.06041038, 46.20833305 ], [ -119.06093958, 46.20851405 ], [ -119.06131884, 46.20858531 ], [ -119.06172178, 46.20870065 ], [ -119.06196664, 46.20879931 ], [ -119.06222738, 46.20887605 ], [ -119.06284344, 46.20903511 ], [ -119.06342024, 46.20922165 ], [ -119.06458958, 46.20956705 ], [ -119.06467644, 46.20959445 ], [ -119.06480284, 46.20957805 ], [ -119.06483438, 46.20955065 ], [ -119.06483438, 46.20932571 ], [ -119.06496084, 46.20923791 ], [ -119.06506358, 46.20923251 ], [ -119.06514244, 46.20924905 ], [ -119.06527684, 46.20934765 ], [ -119.06531638, 46.20940251 ], [ -119.06526104, 46.20966585 ], [ -119.06526118, 46.20981931 ], [ -119.06537958, 46.20989065 ], [ -119.06566398, 46.21001131 ], [ -119.06576664, 46.21007711 ], [ -119.06584578, 46.21022525 ], [ -119.06592478, 46.21028005 ], [ -119.06688078, 46.21064191 ], [ -119.06714158, 46.21074065 ], [ -119.06816858, 46.21108611 ], [ -119.06886385, 46.21140425 ], [ -119.06942478, 46.21159611 ], [ -119.07003318, 46.21176065 ], [ -119.07042818, 46.21190871 ], [ -119.07049938, 46.21193071 ], [ -119.07141585, 46.21237485 ], [ -119.07172418, 46.21267104 ], [ -119.07177145, 46.21290685 ], [ -119.07162958, 46.21376251 ], [ -119.07146378, 46.21460165 ], [ -119.07146378, 46.21468945 ], [ -119.07241985, 46.21495811 ], [ -119.07272005, 46.21504585 ], [ -119.07297284, 46.21512811 ], [ -119.07308365, 46.21512805 ], [ -119.07313105, 46.21509511 ], [ -119.07399185, 46.21364704 ], [ -119.07410238, 46.21347705 ], [ -119.07451305, 46.21281871 ], [ -119.07454465, 46.21276391 ], [ -119.07461565, 46.21269251 ], [ -119.07469465, 46.21271451 ], [ -119.07471845, 46.21278031 ], [ -119.07463945, 46.21294485 ], [ -119.07453685, 46.21329591 ], [ -119.07457638, 46.21344951 ], [ -119.07487678, 46.21377311 ], [ -119.07509005, 46.21387725 ], [ -119.07846418, 46.21500111 ], [ -119.07870118, 46.21509431 ], [ -119.07896198, 46.21525331 ], [ -119.07933338, 46.21535211 ], [ -119.07991805, 46.21558231 ], [ -119.08163278, 46.21597691 ], [ -119.08233605, 46.21618524 ], [ -119.08503078, 46.21705671 ], [ -119.08535465, 46.21710051 ], [ -119.08646118, 46.21752264 ], [ -119.08684825, 46.21763224 ], [ -119.08729079, 46.21766505 ], [ -119.08787545, 46.21754424 ], [ -119.09045159, 46.21798231 ], [ -119.09053858, 46.21803164 ], [ -119.09052265, 46.21809204 ], [ -119.08800185, 46.21767031 ], [ -119.08774905, 46.21771971 ], [ -119.08751245, 46.21834505 ], [ -119.08946439, 46.21889864 ], [ -119.08955925, 46.21901365 ], [ -119.09035738, 46.21921644 ], [ -119.09089485, 46.21935344 ], [ -119.09098965, 46.21936431 ], [ -119.09119485, 46.21912851 ], [ -119.09128178, 46.21908451 ], [ -119.09132139, 46.21909551 ], [ -119.09172439, 46.21920511 ], [ -119.09176379, 46.21906791 ], [ -119.09185845, 46.21897471 ], [ -119.09273565, 46.21901284 ], [ -119.09279099, 46.21898545 ], [ -119.09287765, 46.21866731 ], [ -119.09288559, 46.21862345 ], [ -119.09125759, 46.21824544 ], [ -119.09124965, 46.21819051 ], [ -119.09133665, 46.21815211 ], [ -119.09313045, 46.21855205 ], [ -119.09324119, 46.21861784 ], [ -119.09358099, 46.21883164 ], [ -119.09375465, 46.21866151 ], [ -119.09382585, 46.21859565 ], [ -119.09396019, 46.21857371 ], [ -119.09418139, 46.21856824 ], [ -119.09456859, 46.21866671 ], [ -119.09475038, 46.21871611 ], [ -119.09501899, 46.21876531 ], [ -119.09509805, 46.21880371 ], [ -119.09537466, 46.21885844 ], [ -119.09541425, 46.21888591 ], [ -119.09573825, 46.21895711 ], [ -119.09712125, 46.21931864 ], [ -119.09716065, 46.21926371 ], [ -119.09726325, 46.21911571 ], [ -119.09846446, 46.21939504 ], [ -119.09854345, 46.21933471 ], [ -119.10028219, 46.21978384 ], [ -119.10063786, 46.22004691 ], [ -119.10078019, 46.22005784 ], [ -119.10306419, 46.22061644 ], [ -119.10439966, 46.22080251 ], [ -119.10467626, 46.22084071 ], [ -119.10518219, 46.22091184 ], [ -119.10520579, 46.22084051 ], [ -119.10527679, 46.22077471 ], [ -119.10534799, 46.22075824 ], [ -119.10546646, 46.22076911 ], [ -119.10552966, 46.22082404 ], [ -119.10556139, 46.22097204 ], [ -119.10620946, 46.22109791 ], [ -119.10690499, 46.22126211 ], [ -119.10837506, 46.22165091 ], [ -119.11397126, 46.22329944 ], [ -119.11411339, 46.22331024 ], [ -119.11412139, 46.22335411 ], [ -119.11782079, 46.22446024 ], [ -119.11992346, 46.22508984 ], [ -119.12101426, 46.22538544 ], [ -119.12613627, 46.22643024 ], [ -119.12700886, 46.22663051 ], [ -119.1322712, 46.22741731 ], [ -119.13277687, 46.22747244 ], [ -119.1329586, 46.22750544 ], [ -119.13299807, 46.22752744 ], [ -119.13575567, 46.22793451 ], [ -119.13634827, 46.22808291 ], [ -119.14215547, 46.22985671 ], [ -119.1427006, 46.23007084 ], [ -119.14301667, 46.23022444 ], [ -119.14345901, 46.23047691 ], [ -119.14364067, 46.23046051 ], [ -119.14372767, 46.23048251 ], [ -119.1439806, 46.23046064 ], [ -119.14423347, 46.23049371 ], [ -119.14449427, 46.23045531 ], [ -119.1446128, 46.23042251 ], [ -119.1446998, 46.23042251 ], [ -119.1448578, 46.23047191 ], [ -119.145079, 46.23056524 ], [ -119.14530027, 46.23055984 ], [ -119.145656, 46.23052164 ], [ -119.1457114, 46.23047231 ], [ -119.14574307, 46.23037904 ], [ -119.14583, 46.23037911 ], [ -119.14585367, 46.23039551 ], [ -119.1459168, 46.23051071 ], [ -119.14594847, 46.23053811 ], [ -119.14641461, 46.23059324 ], [ -119.14657267, 46.23056024 ], [ -119.14665967, 46.23050551 ], [ -119.14673867, 46.23050551 ], [ -119.1468968, 46.23061531 ], [ -119.147189, 46.23068664 ], [ -119.147608, 46.23066484 ], [ -119.1480032, 46.23059924 ], [ -119.1484694, 46.23061584 ], [ -119.1486748, 46.23064871 ], [ -119.14895941, 46.23074751 ], [ -119.14964687, 46.23080264 ], [ -119.14982867, 46.23077524 ], [ -119.14983661, 46.23064904 ], [ -119.149892, 46.23063811 ], [ -119.15008947, 46.23063824 ], [ -119.15025547, 46.23067111 ], [ -119.15114061, 46.23070984 ], [ -119.15154367, 46.23078671 ], [ -119.15196247, 46.23078684 ], [ -119.15233387, 46.23081444 ], [ -119.15241287, 46.23090764 ], [ -119.1524524, 46.23100091 ], [ -119.15257881, 46.23105571 ], [ -119.15279221, 46.23109424 ], [ -119.15322681, 46.23106151 ], [ -119.15328207, 46.23106691 ], [ -119.15337687, 46.23114924 ], [ -119.15347967, 46.23117124 ], [ -119.15394587, 46.23112744 ], [ -119.15430947, 46.23113304 ], [ -119.15438847, 46.2311495 ], [ -119.15458607, 46.23112764 ], [ -119.15480741, 46.23113864 ], [ -119.15560561, 46.23122111 ], [ -119.15621407, 46.23123771 ], [ -119.15627741, 46.23119944 ], [ -119.15630907, 46.23112804 ], [ -119.15633281, 46.23093604 ], [ -119.15641187, 46.23095804 ], [ -119.15645907, 46.23104584 ], [ -119.15648281, 46.23121031 ], [ -119.15654601, 46.23125424 ], [ -119.15663301, 46.23127624 ], [ -119.15687801, 46.23123244 ], [ -119.15695701, 46.23123784 ], [ -119.15702021, 46.23125444 ], [ -119.15743121, 46.2312215 ], [ -119.15759707, 46.2312271 ], [ -119.15773941, 46.23128191 ], [ -119.15803181, 46.23129851 ], [ -119.15823728, 46.23139184 ], [ -119.15854547, 46.23141931 ], [ -119.15965181, 46.23160051 ], [ -119.15976241, 46.23163904 ], [ -119.15992041, 46.2317377 ], [ -119.16016548, 46.23177624 ], [ -119.16038668, 46.23185304 ], [ -119.16066328, 46.23188044 ], [ -119.16079761, 46.23194631 ], [ -119.16086068, 46.2320505 ], [ -119.16092401, 46.23210544 ], [ -119.16240168, 46.2325445 ], [ -119.16267041, 46.2325993 ], [ -119.16277308, 46.23258291 ], [ -119.16294701, 46.2325335 ], [ -119.16306561, 46.2325281 ], [ -119.16322368, 46.23255011 ], [ -119.16372948, 46.23252824 ], [ -119.16449601, 46.2326929 ], [ -119.17321301, 46.23472344 ], [ -119.18520268, 46.2362707 ], [ -119.18576388, 46.23637484 ], [ -119.18663328, 46.2366051 ], [ -119.18685462, 46.23659424 ], [ -119.18724188, 46.23668203 ], [ -119.18761342, 46.23681904 ], [ -119.18790588, 46.23681904 ], [ -119.18805602, 46.2368465 ], [ -119.18816662, 46.23684644 ], [ -119.18853822, 46.2369067 ], [ -119.18905982, 46.2370877 ], [ -119.18996882, 46.23725224 ], [ -119.19095668, 46.23746604 ], [ -119.19150222, 46.2376141 ], [ -119.19235589, 46.23781704 ], [ -119.19257722, 46.2379157 ], [ -119.19264829, 46.23795964 ], [ -119.19319369, 46.2380747 ], [ -119.19342302, 46.23814603 ], [ -119.19362049, 46.23818444 ], [ -119.19383402, 46.23825023 ], [ -119.19416602, 46.23837084 ], [ -119.19467969, 46.2385847 ], [ -119.19494848, 46.2386449 ], [ -119.19509089, 46.23872723 ], [ -119.19532002, 46.23880404 ], [ -119.19547022, 46.23888624 ], [ -119.19563622, 46.23893563 ], [ -119.19576282, 46.2390069 ], [ -119.19603929, 46.23902324 ], [ -119.19621329, 46.23908363 ], [ -119.19620542, 46.23882584 ], [ -119.19659262, 46.2388203 ], [ -119.19657689, 46.23924264 ], [ -119.19660062, 46.23928644 ], [ -119.19675869, 46.2394017 ], [ -119.19733569, 46.23967583 ], [ -119.19799982, 46.2397745 ], [ -119.19852949, 46.2399773 ], [ -119.19924089, 46.24035023 ], [ -119.19990502, 46.24064624 ], [ -119.20059269, 46.2409149 ], [ -119.20085362, 46.2409917 ], [ -119.20097222, 46.24107944 ], [ -119.20102749, 46.2411945 ], [ -119.20115402, 46.24127684 ], [ -119.20127262, 46.24130424 ], [ -119.20146242, 46.2412767 ], [ -119.20156509, 46.24128224 ], [ -119.20171529, 46.24130964 ], [ -119.20205522, 46.24153444 ], [ -119.20217382, 46.24160024 ], [ -119.20237929, 46.24160024 ], [ -119.20252162, 46.2416221 ], [ -119.20298009, 46.2419401 ], [ -119.20364422, 46.24217584 ], [ -119.20381022, 46.2423075 ], [ -119.20392089, 46.2423733 ], [ -119.20403162, 46.24221424 ], [ -119.20417382, 46.24209904 ], [ -119.20420542, 46.2421539 ], [ -119.20417389, 46.2422635 ], [ -119.20404782, 46.24339343 ], [ -119.20409529, 46.24350864 ], [ -119.20513122, 46.2445613 ], [ -119.20521822, 46.2445887 ], [ -119.20518662, 46.24466564 ], [ -119.20533682, 46.24479164 ], [ -119.20601649, 46.24428144 ], [ -119.20576349, 46.2442103 ], [ -119.20560529, 46.24412804 ], [ -119.20555002, 46.24410064 ], [ -119.20550262, 46.2439525 ], [ -119.20551042, 46.2438703 ], [ -119.20539182, 46.24378804 ], [ -119.20520209, 46.24369484 ], [ -119.20471189, 46.24344264 ], [ -119.20445882, 46.2432727 ], [ -119.20435602, 46.24317944 ], [ -119.20435602, 46.2430423 ], [ -119.20439549, 46.2429381 ], [ -119.20440329, 46.2427955 ], [ -119.20453749, 46.24228544 ], [ -119.20460069, 46.24227444 ], [ -119.20470349, 46.24231824 ], [ -119.20471142, 46.2424115 ], [ -119.20467982, 46.2424937 ], [ -119.20466409, 46.24259803 ], [ -119.20468789, 46.24262004 ], [ -119.20502002, 46.2429215 ], [ -119.20528082, 46.24308604 ], [ -119.20579469, 46.24325043 ], [ -119.20615842, 46.24342584 ], [ -119.20625329, 46.24349724 ], [ -119.20674349, 46.2436945 ], [ -119.20709923, 46.24385904 ], [ -119.20734429, 46.24399064 ], [ -119.20747869, 46.2440125 ], [ -119.20762103, 46.2439959 ], [ -119.20768429, 46.24402884 ], [ -119.20779509, 46.2442153 ], [ -119.20795322, 46.24430303 ], [ -119.20873603, 46.24485683 ], [ -119.20890989, 46.2449555 ], [ -119.20974802, 46.2452405 ], [ -119.21003263, 46.2453775 ], [ -119.21031743, 46.24558044 ], [ -119.21049143, 46.2457339 ], [ -119.21061782, 46.24581624 ], [ -119.21105269, 46.24603004 ], [ -119.21197003, 46.24634243 ], [ -119.21295823, 46.2466547 ], [ -119.21410469, 46.24704383 ], [ -119.21470569, 46.2473125 ], [ -119.21534609, 46.24746583 ], [ -119.21579683, 46.2476303 ], [ -119.21663483, 46.24780003 ], [ -119.2169115, 46.2479261 ], [ -119.2171805, 46.2480357 ], [ -119.21767063, 46.2481507 ], [ -119.21819249, 46.2483261 ], [ -119.2187223, 46.2485563 ], [ -119.21909403, 46.2487591 ], [ -119.2197347, 46.24918124 ], [ -119.22015383, 46.24942783 ], [ -119.22080243, 46.2498717 ], [ -119.2214853, 46.2504847 ], [ -119.2220391, 46.25110423 ], [ -119.2226085, 46.25142223 ], [ -119.2230435, 46.25177863 ], [ -119.22377123, 46.2523487 ], [ -119.22457823, 46.25320963 ], [ -119.22542463, 46.25382363 ], [ -119.22558303, 46.25420743 ], [ -119.22567003, 46.25432803 ], [ -119.22610503, 46.25464603 ], [ -119.2262951, 46.25495863 ], [ -119.2267381, 46.2554575 ], [ -119.2272999, 46.2559729 ], [ -119.2278535, 46.2562743 ], [ -119.2279881, 46.25651563 ], [ -119.2281463, 46.2565977 ], [ -119.22862103, 46.25701443 ], [ -119.2291115, 46.25737083 ], [ -119.2294519, 46.2579081 ], [ -119.2298871, 46.25828643 ], [ -119.23107384, 46.25917443 ], [ -119.23169904, 46.2598433 ], [ -119.2329647, 46.2606819 ], [ -119.2343177, 46.26172343 ], [ -119.2356153, 46.26261683 ], [ -119.23601884, 46.26292383 ], [ -119.2366123, 46.2632691 ], [ -119.23701837, 46.26349817 ], [ -119.23733157, 46.26369703 ], [ -119.23743017, 46.26379557 ], [ -119.2379729, 46.26401983 ], [ -119.2382263, 46.26428303 ], [ -119.2384397, 46.26432683 ], [ -119.23876424, 46.2644637 ], [ -119.23928631, 46.2647817 ], [ -119.24004571, 46.2650555 ], [ -119.24048104, 46.26541183 ], [ -119.24104291, 46.2657899 ], [ -119.24143697, 46.2659983 ], [ -119.24177871, 46.26617903 ], [ -119.24264104, 46.2666557 ], [ -119.24358264, 46.26702823 ], [ -119.24472984, 46.2675651 ], [ -119.24498919, 46.26768238 ], [ -119.24589284, 46.26809103 ], [ -119.24694504, 46.2685073 ], [ -119.24791811, 46.2688523 ], [ -119.24889911, 46.2692467 ], [ -119.24984864, 46.26960823 ], [ -119.25056851, 46.26981623 ], [ -119.2511386, 46.27003406 ], [ -119.2514272, 46.27014646 ], [ -119.251696, 46.27024539 ], [ -119.2520438, 46.27039359 ], [ -119.2528694, 46.27081846 ], [ -119.25284273, 46.27081952 ], [ -119.25302333, 46.27091553 ], [ -119.25342713, 46.27107426 ], [ -119.25364827, 46.27113739 ], [ -119.2540124, 46.27116606 ], [ -119.2543598, 46.27132126 ], [ -119.25454013, 46.27133112 ], [ -119.25459707, 46.27135466 ], [ -119.25489707, 46.27135479 ], [ -119.25511173, 46.27138293 ], [ -119.25571967, 46.27156433 ], [ -119.25638427, 46.27164146 ], [ -119.25659813, 46.27171819 ], [ -119.2570958, 46.27200519 ], [ -119.25720573, 46.27208866 ], [ -119.25727727, 46.27224473 ], [ -119.2573486, 46.27228852 ], [ -119.25760153, 46.27233286 ], [ -119.25768833, 46.27243026 ], [ -119.25774347, 46.27261799 ], [ -119.25784647, 46.27269252 ], [ -119.25813873, 46.27284879 ], [ -119.25821807, 46.27296406 ], [ -119.2583758, 46.27298346 ], [ -119.2584628, 46.27303132 ], [ -119.25850287, 46.27313859 ], [ -119.2586444, 46.27321686 ], [ -119.258826, 46.27340219 ], [ -119.25957687, 46.27399935 ], [ -119.25960835, 46.27391777 ], [ -119.25949826, 46.27375795 ], [ -119.25929225, 46.27355492 ], [ -119.25919018, 46.27339045 ], [ -119.25906294, 46.27328953 ], [ -119.258905, 46.27315312 ], [ -119.25871613, 46.27306692 ], [ -119.2585336, 46.27287246 ], [ -119.25836854, 46.27274059 ], [ -119.25798913, 46.27237472 ], [ -119.25743593, 46.27196719 ], [ -119.25743873, 46.27194199 ], [ -119.2574556, 46.27194359 ], [ -119.25744, 46.27193032 ], [ -119.2574434, 46.27189939 ], [ -119.25762593, 46.27186886 ], [ -119.2579502, 46.27187146 ], [ -119.25865353, 46.27198786 ], [ -119.2590412, 46.27211993 ], [ -119.25974414, 46.27247046 ], [ -119.26010047, 46.27271092 ], [ -119.2609064, 46.27331612 ], [ -119.26106494, 46.27347486 ], [ -119.26185487, 46.27413886 ], [ -119.26190627, 46.27418659 ], [ -119.26247107, 46.27480446 ], [ -119.26249447, 46.27483006 ], [ -119.26333187, 46.27591086 ], [ -119.26365587, 46.27640459 ], [ -119.26401107, 46.27716699 ], [ -119.26400267, 46.27771546 ], [ -119.2639308, 46.27855459 ], [ -119.26389867, 46.27893839 ], [ -119.2637482, 46.27925099 ], [ -119.2632814, 46.27948659 ], [ -119.2631862, 46.27967299 ], [ -119.2632412, 46.28001306 ], [ -119.263257, 46.28011179 ], [ -119.2634548, 46.28008999 ], [ -119.26347067, 46.27995286 ], [ -119.26347087, 46.27980479 ], [ -119.26350267, 46.27965679 ], [ -119.26361347, 46.27958006 ], [ -119.26381121, 46.27953079 ], [ -119.26385867, 46.27962399 ], [ -119.2638584, 46.27996946 ], [ -119.26383427, 46.28030959 ], [ -119.26374707, 46.28045759 ], [ -119.26371527, 46.28062759 ], [ -119.26381007, 46.28078119 ], [ -119.26382567, 46.28106639 ], [ -119.26373847, 46.28124179 ], [ -119.263762, 46.28147219 ], [ -119.2636588, 46.28189986 ], [ -119.26367441, 46.28225646 ], [ -119.2637136, 46.28258546 ], [ -119.2636896, 46.28285966 ], [ -119.2636892, 46.28328199 ], [ -119.26370501, 46.28339719 ], [ -119.26368107, 46.28353979 ], [ -119.26353847, 46.28380299 ], [ -119.2635224, 46.28405519 ], [ -119.2633006, 46.28438419 ], [ -119.26328467, 46.28463646 ], [ -119.26308661, 46.28501479 ], [ -119.2630546, 46.28527259 ], [ -119.26311781, 46.28533286 ], [ -119.26334721, 46.28538239 ], [ -119.26342627, 46.28542079 ], [ -119.26344207, 46.28547019 ], [ -119.2633076, 46.28550846 ], [ -119.26269047, 46.28549166 ], [ -119.26261941, 46.28551366 ], [ -119.26257187, 46.28555746 ], [ -119.26276161, 46.28565086 ], [ -119.26281701, 46.28572219 ], [ -119.2627534, 46.28598539 ], [ -119.26261861, 46.28629246 ], [ -119.26208781, 46.28725199 ], [ -119.26196887, 46.28754806 ], [ -119.2610814, 46.28900646 ], [ -119.26094681, 46.28919846 ], [ -119.26088347, 46.28922579 ], [ -119.26088347, 46.28926966 ], [ -119.26075667, 46.28946706 ], [ -119.26071687, 46.28967546 ], [ -119.26067721, 46.28976866 ], [ -119.26040007, 46.29013599 ], [ -119.26035241, 46.29027859 ], [ -119.26001987, 46.29062399 ], [ -119.25994047, 46.29085979 ], [ -119.25986921, 46.29096386 ], [ -119.2598612, 46.29104619 ], [ -119.25993227, 46.29111199 ], [ -119.25993227, 46.29115586 ], [ -119.2597978, 46.29119419 ], [ -119.2594734, 46.29120506 ], [ -119.25943367, 46.29123799 ], [ -119.25943381, 46.29126539 ], [ -119.25971061, 46.29130939 ], [ -119.2597264, 46.29137519 ], [ -119.25954441, 46.29148479 ], [ -119.25946507, 46.29157246 ], [ -119.25920367, 46.29196179 ], [ -119.25913227, 46.29215366 ], [ -119.25902127, 46.29235106 ], [ -119.25860147, 46.29292126 ], [ -119.25817347, 46.29356819 ], [ -119.25755587, 46.29419319 ], [ -119.2574844, 46.29440159 ], [ -119.25740521, 46.29450566 ], [ -119.25658147, 46.29530599 ], [ -119.25656561, 46.29539926 ], [ -119.25638361, 46.29547599 ], [ -119.25638341, 46.29562946 ], [ -119.25609841, 46.29579939 ], [ -119.25581327, 46.29607899 ], [ -119.25569441, 46.29625439 ], [ -119.25547261, 46.29650659 ], [ -119.25517941, 46.29693966 ], [ -119.25511587, 46.29712619 ], [ -119.25480701, 46.29752079 ], [ -119.25473561, 46.29769626 ], [ -119.25470367, 46.29794859 ], [ -119.25459281, 46.29805266 ], [ -119.25440227, 46.29858459 ], [ -119.25444961, 46.29880399 ], [ -119.25440201, 46.29887526 ], [ -119.25438607, 46.29896299 ], [ -119.2544494, 46.29900699 ], [ -119.25442547, 46.29907819 ], [ -119.25416421, 46.29928646 ], [ -119.2541008, 46.29946746 ], [ -119.25355427, 46.29990586 ], [ -119.25347501, 46.30008139 ], [ -119.25337729, 46.30016742 ], [ -119.25307339, 46.30016443 ], [ -119.24156063, 46.30019037 ], [ -119.24156014, 46.30030482 ], [ -119.24155992, 46.30035758 ], [ -119.24155041, 46.30260627 ], [ -119.24154665, 46.30349323 ], [ -119.24153622, 46.3053211 ], [ -119.24152409, 46.30744557 ], [ -119.24152362, 46.30752783 ], [ -119.24152099, 46.30798796 ], [ -119.23241665, 46.30798282 ], [ -119.23239936, 46.3082459 ], [ -119.23240435, 46.30831771 ], [ -119.2324188, 46.3083889 ], [ -119.23244257, 46.30845887 ], [ -119.23247547, 46.30852705 ], [ -119.23273103, 46.30898567 ], [ -119.2299836, 46.30899356 ], [ -119.22523506, 46.30900703 ], [ -119.2224042, 46.30901496 ], [ -119.22220986, 46.3090155 ], [ -119.22124832, 46.30901818 ], [ -119.22056512, 46.30902008 ], [ -119.22032766, 46.30902074 ], [ -119.22034786, 46.30788388 ], [ -119.22035755, 46.30733824 ], [ -119.22036348, 46.30700502 ], [ -119.21931488, 46.30700421 ], [ -119.21330854, 46.30699934 ], [ -119.21341411, 46.30675773 ], [ -119.2134773, 46.30661313 ], [ -119.21350353, 46.30656568 ], [ -119.21353882, 46.30652055 ], [ -119.21358164, 46.30647945 ], [ -119.21363175, 46.30644253 ], [ -119.21368831, 46.3064104 ] ], [ [ -119.159273151, 46.255989206 ], [ -119.159273151, 46.255989205 ], [ -119.159273152, 46.255989205 ], [ -119.159273152, 46.255989204 ], [ -119.159273152, 46.255989203 ], [ -119.159273152, 46.255989202 ], [ -119.159273152, 46.255989201 ], [ -119.159273151, 46.2559892 ], [ -119.159273151, 46.255989199 ], [ -119.159273151, 46.255989198 ], [ -119.15927315, 46.255989197 ], [ -119.15927315, 46.255989196 ], [ -119.159273149, 46.255989195 ], [ -119.159273148, 46.255989195 ], [ -119.159273147, 46.255989194 ], [ -119.159273146, 46.255989193 ], [ -119.159273145, 46.255989193 ], [ -119.159273144, 46.255989193 ], [ -119.159273143, 46.255989192 ], [ -119.159273142, 46.255989192 ], [ -119.143166776, 46.255847589 ], [ -119.143166773, 46.255847589 ], [ -119.143166568, 46.255847588 ], [ -119.143044259, 46.255846504 ], [ -119.142902854, 46.255838239 ], [ -119.142899042, 46.255696644 ], [ -119.142918767, 46.254824268 ], [ -119.142953109, 46.253305433 ], [ -119.142953109, 46.253305432 ], [ -119.142953109, 46.253305425 ], [ -119.142968785, 46.252612078 ], [ -119.143000572, 46.251206151 ], [ -119.143010522, 46.251064584 ], [ -119.14301087, 46.251063278 ], [ -119.143273554, 46.251056427 ], [ -119.143273555, 46.251056427 ], [ -119.143273556, 46.251056427 ], [ -119.143273557, 46.251056427 ], [ -119.143273558, 46.251056426 ], [ -119.143273559, 46.251056426 ], [ -119.14327356, 46.251056425 ], [ -119.143273561, 46.251056425 ], [ -119.143273561, 46.251056424 ], [ -119.143273562, 46.251056423 ], [ -119.143273563, 46.251056422 ], [ -119.143273563, 46.251056421 ], [ -119.143273563, 46.25105642 ], [ -119.143273564, 46.251056419 ], [ -119.143273564, 46.251056418 ], [ -119.14345434, 46.246215965 ], [ -119.143466639, 46.246074514 ], [ -119.143494147613026, 46.246071730256283 ], [ -119.14345977, 46.24607022 ], [ -119.14343818, 46.2466485 ], [ -119.14342551, 46.24698762 ], [ -119.14342387, 46.2470315 ], [ -119.14341773, 46.24719603 ], [ -119.14340858, 46.24744108 ], [ -119.14339838, 46.24771429 ], [ -119.14327355, 46.25105642 ], [ -119.14311174, 46.25106064 ], [ -119.14300379, 46.25106345 ], [ -119.14297301, 46.25242501 ], [ -119.14296878, 46.25261208 ], [ -119.1429531, 46.25330542 ], [ -119.14293806, 46.25397084 ], [ -119.14289706, 46.25578383 ], [ -119.14289567, 46.2558452 ], [ -119.14316657, 46.2558476 ], [ -119.15927314, 46.2559892 ], [ -119.15916382, 46.25614446 ], [ -119.15911053, 46.25622014 ], [ -119.159110539995027, 46.256220139959716 ], [ -119.15927315, 46.255989208 ], [ -119.159273151, 46.255989207 ], [ -119.159273151, 46.255989206 ] ], [ [ -119.148269586, 46.246189292 ], [ -119.148269587, 46.246189292 ], [ -119.148269588, 46.246189291 ], [ -119.148269589, 46.246189291 ], [ -119.14826959, 46.246189291 ], [ -119.148269591, 46.24618929 ], [ -119.148269592, 46.246189289 ], [ -119.148269593, 46.246189288 ], [ -119.148269593, 46.246189287 ], [ -119.148269594, 46.246189287 ], [ -119.148269594, 46.246189286 ], [ -119.148269595, 46.246189285 ], [ -119.148269595, 46.246189284 ], [ -119.148269595, 46.246189283 ], [ -119.148269595, 46.246189282 ], [ -119.148270073, 46.246166316 ], [ -119.148304124, 46.243372278 ], [ -119.148309361, 46.243365376 ], [ -119.148316374, 46.243360285 ], [ -119.150011978, 46.243375395 ], [ -119.150011979, 46.243375395 ], [ -119.15001198, 46.243375395 ], [ -119.150011981, 46.243375395 ], [ -119.150011982, 46.243375395 ], [ -119.150011983, 46.243375394 ], [ -119.150011984, 46.243375393 ], [ -119.150011985, 46.243375393 ], [ -119.150011986, 46.243375392 ], [ -119.150011986, 46.243375391 ], [ -119.150011987, 46.24337539 ], [ -119.150011987, 46.243375389 ], [ -119.150011988, 46.243375388 ], [ -119.150011988, 46.243375387 ], [ -119.150011988, 46.243375386 ], [ -119.150076966, 46.24144682 ], [ -119.150081377, 46.241439865 ], [ -119.15021957131988, 46.241434445403563 ], [ -119.15007742, 46.241433 ], [ -119.15007274, 46.24157186 ], [ -119.15006937, 46.24167181 ], [ -119.15005553, 46.24208278 ], [ -119.15003909, 46.24257077 ], [ -119.15002674, 46.24293737 ], [ -119.15001198, 46.24337539 ], [ -119.14879977, 46.24336459 ], [ -119.14870245, 46.24336372 ], [ -119.14830426, 46.24336017 ], [ -119.14827083, 46.24610341 ], [ -119.14826982, 46.2461778 ], [ -119.14507901, 46.24614457 ], [ -119.14415062, 46.24610057 ], [ -119.144148357835931, 46.246100470619993 ], [ -119.145079012, 46.246144577 ], [ -119.148269585, 46.246189292 ], [ -119.148269586, 46.246189292 ] ], [ [ -119.155321108, 46.241491805 ], [ -119.155321108, 46.241491806 ], [ -119.155321108, 46.241491807 ], [ -119.155321109, 46.241491808 ], [ -119.155321109, 46.241491809 ], [ -119.15532111, 46.241491809 ], [ -119.15532111, 46.24149181 ], [ -119.155321111, 46.241491811 ], [ -119.155321112, 46.241491811 ], [ -119.155321113, 46.241491812 ], [ -119.155321114, 46.241491812 ], [ -119.155321115, 46.241491813 ], [ -119.155321116, 46.241491813 ], [ -119.155321117, 46.241491813 ], [ -119.155321118, 46.241491813 ], [ -119.156630033, 46.2414967 ], [ -119.156630034, 46.2414967 ], [ -119.156630035, 46.2414967 ], [ -119.156630036, 46.241496699 ], [ -119.156630037, 46.241496699 ], [ -119.156630038, 46.241496699 ], [ -119.156630039, 46.241496698 ], [ -119.15663004, 46.241496698 ], [ -119.15663004, 46.241496697 ], [ -119.156630041, 46.241496696 ], [ -119.156630042, 46.241496695 ], [ -119.156630043, 46.241496694 ], [ -119.156630043, 46.241496693 ], [ -119.156630043, 46.241496692 ], [ -119.156630043, 46.241496691 ], [ -119.156630043, 46.24149669 ], [ -119.156684787, 46.239774584 ], [ -119.156757224, 46.23797053 ], [ -119.156762254, 46.237960797 ], [ -119.156903521, 46.237957157 ], [ -119.159056165, 46.238006216 ], [ -119.159196478, 46.238016325 ], [ -119.159199983, 46.238156958 ], [ -119.159197906, 46.238242693 ], [ -119.159074545, 46.243336005 ], [ -119.159074545, 46.243336006 ], [ -119.159074545, 46.243336007 ], [ -119.159074546, 46.243336008 ], [ -119.159074546, 46.243336009 ], [ -119.159074546, 46.24333601 ], [ -119.159074547, 46.243336011 ], [ -119.159074547, 46.243336012 ], [ -119.159074548, 46.243336012 ], [ -119.159074549, 46.243336013 ], [ -119.159074549, 46.243336014 ], [ -119.15907455, 46.243336014 ], [ -119.159074551, 46.243336015 ], [ -119.159074552, 46.243336015 ], [ -119.159074553, 46.243336015 ], [ -119.159074554, 46.243336015 ], [ -119.159074555, 46.243336015 ], [ -119.160558526504374, 46.243344427984184 ], [ -119.16025278, 46.24334269 ], [ -119.15941097, 46.24333792 ], [ -119.15918951, 46.24333666 ], [ -119.15907456, 46.24333601 ], [ -119.15907919, 46.24314477 ], [ -119.1590849, 46.24290907 ], [ -119.15909446, 46.24251438 ], [ -119.15912046, 46.24144096 ], [ -119.15913774, 46.24072728 ], [ -119.15920356, 46.23800957 ], [ -119.15805566, 46.23798341 ], [ -119.15675788, 46.23795383 ], [ -119.15671803, 46.23894655 ], [ -119.15670379, 46.23930102 ], [ -119.15668478, 46.23977458 ], [ -119.15663003, 46.24149669 ], [ -119.15532129, 46.24148632 ], [ -119.155321282145451, 46.241486319920135 ], [ -119.155321108, 46.241491803 ], [ -119.155321108, 46.241491804 ], [ -119.155321108, 46.241491805 ] ], [ [ -119.161771047, 46.245252307 ], [ -119.161771047, 46.245252308 ], [ -119.161771047, 46.245252309 ], [ -119.161771047, 46.24525231 ], [ -119.161771048, 46.245252311 ], [ -119.161771048, 46.245252312 ], [ -119.161771049, 46.245252313 ], [ -119.161771049, 46.245252314 ], [ -119.16177105, 46.245252315 ], [ -119.161771051, 46.245252315 ], [ -119.161771051, 46.245252316 ], [ -119.161771052, 46.245252317 ], [ -119.161771053, 46.245252317 ], [ -119.161771054, 46.245252317 ], [ -119.161771055, 46.245252318 ], [ -119.161771056, 46.245252318 ], [ -119.161771057, 46.245252318 ], [ -119.163630460496876, 46.24525756038328 ], [ -119.16363044, 46.24525756 ], [ -119.1634631, 46.24525708 ], [ -119.16297657, 46.24525571 ], [ -119.16244314, 46.24525421 ], [ -119.16230788, 46.24525383 ], [ -119.16177106, 46.24525231 ], [ -119.16178674, 46.24474079 ], [ -119.16179894, 46.24434302 ], [ -119.1618243, 46.24351614 ], [ -119.1618268, 46.24343479 ], [ -119.16182935, 46.24335162 ], [ -119.16137684, 46.24334906 ], [ -119.16100217, 46.24334694 ], [ -119.160721900507014, 46.243345354189906 ], [ -119.161812843, 46.243351539 ], [ -119.161828969, 46.243363709 ], [ -119.161771047, 46.245252307 ] ], [ [ -119.164239916, 46.245829975 ], [ -119.164239916, 46.245829976 ], [ -119.164239916, 46.245829977 ], [ -119.164239916, 46.245829978 ], [ -119.164239917, 46.245829979 ], [ -119.164239917, 46.24582998 ], [ -119.164239918, 46.245829981 ], [ -119.164239918, 46.245829982 ], [ -119.164239919, 46.245829982 ], [ -119.16423992, 46.245829983 ], [ -119.164239921, 46.245829984 ], [ -119.164239922, 46.245829984 ], [ -119.164239923, 46.245829985 ], [ -119.164239924, 46.245829985 ], [ -119.164239925, 46.245829985 ], [ -119.164497738, 46.245858894 ], [ -119.164505143, 46.245881514 ], [ -119.1644929, 46.246271081 ], [ -119.164433612, 46.246270929 ], [ -119.164433611, 46.246270929 ], [ -119.16443361, 46.24627093 ], [ -119.164433609, 46.24627093 ], [ -119.164433608, 46.24627093 ], [ -119.164433607, 46.246270931 ], [ -119.164433606, 46.246270932 ], [ -119.164433605, 46.246270932 ], [ -119.164433605, 46.246270933 ], [ -119.164433604, 46.246270934 ], [ -119.164433603, 46.246270935 ], [ -119.164433603, 46.246270936 ], [ -119.164433603, 46.246270937 ], [ -119.164433602, 46.246270938 ], [ -119.164433602, 46.246270939 ], [ -119.164408283, 46.24707687 ], [ -119.164408283, 46.247076871 ], [ -119.164408283, 46.247076872 ], [ -119.164408283, 46.247076873 ], [ -119.164408283, 46.247076874 ], [ -119.164408284, 46.247076875 ], [ -119.164408284, 46.247076876 ], [ -119.164408285, 46.247076877 ], [ -119.164408286, 46.247076878 ], [ -119.164408287, 46.247076879 ], [ -119.164408288, 46.247076879 ], [ -119.164408289, 46.24707688 ], [ -119.16440829, 46.24707688 ], [ -119.164408291, 46.24707688 ], [ -119.164408292, 46.24707688 ], [ -119.164408293, 46.24707688 ], [ -119.164467581, 46.247077015 ], [ -119.164446578, 46.247802199 ], [ -119.164266941, 46.247800506 ], [ -119.164039967, 46.247799988 ], [ -119.164039966, 46.247799988 ], [ -119.163009669, 46.247797637 ], [ -119.163032145, 46.247073733 ], [ -119.163032145, 46.247073732 ], [ -119.163032144, 46.247073731 ], [ -119.163032144, 46.24707373 ], [ -119.163032144, 46.247073729 ], [ -119.163032144, 46.247073728 ], [ -119.163032143, 46.247073727 ], [ -119.163032142, 46.247073726 ], [ -119.163032141, 46.247073725 ], [ -119.16303214, 46.247073724 ], [ -119.163032139, 46.247073724 ], [ -119.163032138, 46.247073723 ], [ -119.163032137, 46.247073723 ], [ -119.163032136, 46.247073723 ], [ -119.163032135, 46.247073723 ], [ -119.159160638, 46.247064807 ], [ -119.159160637, 46.247064807 ], [ -119.159160636, 46.247064808 ], [ -119.159160635, 46.247064808 ], [ -119.159160634, 46.247064808 ], [ -119.159160633, 46.247064809 ], [ -119.159160632, 46.247064809 ], [ -119.159160631, 46.24706481 ], [ -119.159160631, 46.247064811 ], [ -119.15916063, 46.247064812 ], [ -119.159160629, 46.247064813 ], [ -119.159160629, 46.247064814 ], [ -119.159160629, 46.247064815 ], [ -119.159160628, 46.247064816 ], [ -119.159160628, 46.247064817 ], [ -119.159108628, 46.24880234 ], [ -119.159108628, 46.248802342 ], [ -119.159126014, 46.248962534 ], [ -119.159116383, 46.250615883 ], [ -119.159116383, 46.250615884 ], [ -119.159116383, 46.250615885 ], [ -119.159116383, 46.250615886 ], [ -119.159116383, 46.250615887 ], [ -119.159116384, 46.250615888 ], [ -119.159116384, 46.250615889 ], [ -119.159116385, 46.250615889 ], [ -119.159116386, 46.25061589 ], [ -119.159116386, 46.250615891 ], [ -119.159116387, 46.250615891 ], [ -119.159116388, 46.250615892 ], [ -119.159116389, 46.250615892 ], [ -119.15911639, 46.250615893 ], [ -119.159116391, 46.250615893 ], [ -119.159116392, 46.250615893 ], [ -119.159116393, 46.250615893 ], [ -119.161484294, 46.250618798 ], [ -119.161501714, 46.250706949 ], [ -119.161501714, 46.25070695 ], [ -119.161501714, 46.250706951 ], [ -119.161501714, 46.250706952 ], [ -119.161501715, 46.250706953 ], [ -119.161501716, 46.250706953 ], [ -119.161501716, 46.250706954 ], [ -119.161501717, 46.250706955 ], [ -119.161501718, 46.250706955 ], [ -119.161501718, 46.250706956 ], [ -119.161501719, 46.250706956 ], [ -119.16150172, 46.250706957 ], [ -119.161501721, 46.250706957 ], [ -119.161501722, 46.250706957 ], [ -119.161501723, 46.250706957 ], [ -119.161600474, 46.250709445 ], [ -119.161574633, 46.251616425 ], [ -119.161538223, 46.252622861 ], [ -119.161492803893225, 46.254321470170879 ], [ -119.16149281, 46.25432147 ], [ -119.16149441, 46.25426179 ], [ -119.16151655, 46.25343371 ], [ -119.16152555, 46.2530974 ], [ -119.16153823, 46.25262286 ], [ -119.16154198, 46.25251944 ], [ -119.16154475, 46.25244278 ], [ -119.16157464, 46.25161643 ], [ -119.1615876, 46.25116156 ], [ -119.16159821, 46.25078937 ], [ -119.16160048, 46.25070944 ], [ -119.16150066, 46.25070157 ], [ -119.1614843, 46.25061879 ], [ -119.16139127, 46.25061867 ], [ -119.16050783, 46.2506176 ], [ -119.15980781, 46.25061674 ], [ -119.15917545, 46.25061596 ], [ -119.15911639, 46.25061588 ], [ -119.1591167, 46.25056374 ], [ -119.15912068, 46.24987947 ], [ -119.15912282, 46.24951228 ], [ -119.15912572, 46.24901393 ], [ -119.15912602, 46.24896253 ], [ -119.15911701, 46.2488795 ], [ -119.15910864, 46.24880234 ], [ -119.15916064, 46.24706482 ], [ -119.16303213, 46.24707373 ], [ -119.16300966, 46.24779765 ], [ -119.16428832, 46.24780072 ], [ -119.16444659, 46.24780221 ], [ -119.16445308, 46.24757822 ], [ -119.16446759, 46.247077 ], [ -119.16440829, 46.24707687 ], [ -119.16442525, 46.24653719 ], [ -119.16442956, 46.24639992 ], [ -119.16443361, 46.24627094 ], [ -119.16449291, 46.24627109 ], [ -119.16450584, 46.24585979 ], [ -119.16434786, 46.24584208 ], [ -119.1642596, 46.24583218 ], [ -119.16428661, 46.24526983 ], [ -119.164283761156256, 46.245269776728264 ], [ -119.164286085, 46.245276066 ], [ -119.164239916, 46.245829974 ], [ -119.164239916, 46.245829975 ] ], [ [ -119.160237302, 46.254341577 ], [ -119.160237301, 46.254341578 ], [ -119.1602373, 46.254341578 ], [ -119.160237299, 46.254341578 ], [ -119.160237298, 46.254341579 ], [ -119.160237297, 46.25434158 ], [ -119.160237296, 46.25434158 ], [ -119.160237296, 46.254341581 ], [ -119.160237295, 46.254341582 ], [ -119.160237295, 46.254341583 ], [ -119.160237294, 46.254341584 ], [ -119.160237294, 46.254341585 ], [ -119.160237294, 46.254341586 ], [ -119.160237294, 46.254341587 ], [ -119.160160548, 46.255405654 ], [ -119.160160548, 46.255405655 ], [ -119.160113961, 46.256051564 ], [ -119.160113961, 46.256051565 ], [ -119.160110448, 46.256207367 ], [ -119.16010779, 46.256209332 ], [ -119.159988624894567, 46.256216600321856 ], [ -119.16011026, 46.25621611 ], [ -119.16011188, 46.25614426 ], [ -119.16011397, 46.25605157 ], [ -119.16013518, 46.25575756 ], [ -119.16014138, 46.25567154 ], [ -119.16016443, 46.25535199 ], [ -119.16016882, 46.25529107 ], [ -119.1601719, 46.25524833 ], [ -119.16017883, 46.25515228 ], [ -119.1602373, 46.25434159 ], [ -119.16086525, 46.25433903 ], [ -119.160865735868597, 46.254339016404721 ], [ -119.160237304, 46.254341577 ], [ -119.160237303, 46.254341577 ], [ -119.160237302, 46.254341577 ] ], [ [ -119.153893733, 46.244388171 ], [ -119.153893732, 46.244388171 ], [ -119.153893732, 46.244388172 ], [ -119.153893731, 46.244388173 ], [ -119.153893731, 46.244388174 ], [ -119.15389373, 46.244388174 ], [ -119.15389373, 46.244388175 ], [ -119.15389373, 46.244388176 ], [ -119.15389373, 46.244388177 ], [ -119.15389373, 46.244388178 ], [ -119.153894532, 46.244858885 ], [ -119.153894532, 46.244858886 ], [ -119.153894532, 46.244858887 ], [ -119.153894533, 46.244858888 ], [ -119.153894533, 46.244858889 ], [ -119.153894533, 46.24485889 ], [ -119.153894534, 46.244858891 ], [ -119.153894535, 46.244858892 ], [ -119.153894536, 46.244858893 ], [ -119.153894537, 46.244858893 ], [ -119.153894537, 46.244858894 ], [ -119.153894538, 46.244858894 ], [ -119.153894539, 46.244858895 ], [ -119.15389454, 46.244858895 ], [ -119.153894541, 46.244858895 ], [ -119.153894542, 46.244858895 ], [ -119.156500692, 46.244870821 ], [ -119.156485077, 46.245205399 ], [ -119.156485077, 46.2452054 ], [ -119.156485077, 46.245205401 ], [ -119.156485077, 46.245205402 ], [ -119.156485078, 46.245205403 ], [ -119.156485078, 46.245205404 ], [ -119.156485078, 46.245205405 ], [ -119.156485079, 46.245205406 ], [ -119.15648508, 46.245205407 ], [ -119.156485081, 46.245205408 ], [ -119.156485082, 46.245205409 ], [ -119.156485083, 46.245205409 ], [ -119.156485084, 46.245205409 ], [ -119.156485085, 46.24520541 ], [ -119.156485086, 46.24520541 ], [ -119.156485087, 46.24520541 ], [ -119.158548359, 46.245217449 ], [ -119.15854836, 46.245217449 ], [ -119.158548361, 46.245217449 ], [ -119.158548362, 46.245217448 ], [ -119.158548363, 46.245217448 ], [ -119.158548364, 46.245217448 ], [ -119.158548365, 46.245217447 ], [ -119.158548366, 46.245217447 ], [ -119.158548366, 46.245217446 ], [ -119.158548367, 46.245217445 ], [ -119.158548368, 46.245217444 ], [ -119.158548369, 46.245217443 ], [ -119.158548369, 46.245217442 ], [ -119.158548369, 46.245217441 ], [ -119.158548369, 46.24521744 ], [ -119.158548369, 46.245217439 ], [ -119.158547899, 46.245091736 ], [ -119.158547899, 46.245091735 ], [ -119.158547898, 46.245091734 ], [ -119.158547898, 46.245091733 ], [ -119.158547898, 46.245091732 ], [ -119.158547897, 46.245091731 ], [ -119.158547897, 46.24509173 ], [ -119.158547896, 46.245091729 ], [ -119.158547895, 46.245091728 ], [ -119.158547894, 46.245091727 ], [ -119.158547893, 46.245091727 ], [ -119.158547892, 46.245091726 ], [ -119.158547891, 46.245091726 ], [ -119.15854789, 46.245091726 ], [ -119.156505774, 46.244781708 ], [ -119.153893741, 46.244388168 ], [ -119.15389374, 46.244388168 ], [ -119.153893739, 46.244388168 ], [ -119.153893738, 46.244388168 ], [ -119.153893737, 46.244388168 ], [ -119.153893736, 46.244388169 ], [ -119.153893735, 46.244388169 ], [ -119.153893735, 46.24438817 ], [ -119.153893734, 46.24438817 ], [ -119.153893733, 46.244388171 ] ], [ [ -119.153907888, 46.244231219 ], [ -119.153907889, 46.24423122 ], [ -119.153907889, 46.244231221 ], [ -119.15390789, 46.244231221 ], [ -119.153907891, 46.244231222 ], [ -119.153907892, 46.244231222 ], [ -119.153907893, 46.244231223 ], [ -119.153907894, 46.244231223 ], [ -119.156505789, 46.244636313 ], [ -119.158544227, 46.244951217 ], [ -119.158544228, 46.244951217 ], [ -119.158544229, 46.244951217 ], [ -119.15854423, 46.244951217 ], [ -119.158544231, 46.244951217 ], [ -119.158544232, 46.244951216 ], [ -119.158544233, 46.244951216 ], [ -119.158544234, 46.244951215 ], [ -119.158544235, 46.244951215 ], [ -119.158544236, 46.244951214 ], [ -119.158544237, 46.244951213 ], [ -119.158544238, 46.244951212 ], [ -119.158544238, 46.244951211 ], [ -119.158544238, 46.24495121 ], [ -119.158544239, 46.244951209 ], [ -119.158544239, 46.244951208 ], [ -119.158544239, 46.244951207 ], [ -119.158547319, 46.244825556 ], [ -119.159154528, 46.244835184 ], [ -119.159154529, 46.244835184 ], [ -119.15915453, 46.244835184 ], [ -119.159154531, 46.244835184 ], [ -119.159154532, 46.244835183 ], [ -119.159154533, 46.244835183 ], [ -119.159154534, 46.244835182 ], [ -119.159154535, 46.244835181 ], [ -119.159154536, 46.244835181 ], [ -119.159154536, 46.24483518 ], [ -119.159154537, 46.244835179 ], [ -119.159154537, 46.244835178 ], [ -119.159154538, 46.244835177 ], [ -119.159154538, 46.244835176 ], [ -119.159154538, 46.244835175 ], [ -119.159154538, 46.244835174 ], [ -119.159197349, 46.243418813 ], [ -119.159197349, 46.243418812 ], [ -119.159197349, 46.243418811 ], [ -119.159197349, 46.24341881 ], [ -119.159197348, 46.243418809 ], [ -119.159197348, 46.243418808 ], [ -119.159197347, 46.243418807 ], [ -119.159197347, 46.243418806 ], [ -119.159197346, 46.243418806 ], [ -119.159197345, 46.243418805 ], [ -119.159197345, 46.243418804 ], [ -119.159197344, 46.243418804 ], [ -119.159197343, 46.243418803 ], [ -119.159197342, 46.243418803 ], [ -119.159197341, 46.243418803 ], [ -119.15919734, 46.243418803 ], [ -119.159197339, 46.243418803 ], [ -119.156569305, 46.243406453 ], [ -119.156596324, 46.242538651 ], [ -119.156596324, 46.24253865 ], [ -119.156596324, 46.242538649 ], [ -119.156596323, 46.242538648 ], [ -119.156596323, 46.242538647 ], [ -119.156596323, 46.242538646 ], [ -119.156596322, 46.242538645 ], [ -119.156596322, 46.242538644 ], [ -119.156596321, 46.242538644 ], [ -119.15659632, 46.242538643 ], [ -119.15659632, 46.242538642 ], [ -119.156596319, 46.242538642 ], [ -119.156596318, 46.242538641 ], [ -119.156596317, 46.242538641 ], [ -119.156596316, 46.242538641 ], [ -119.156596315, 46.242538641 ], [ -119.156596314, 46.242538641 ], [ -119.153975904, 46.24252884 ], [ -119.153975903, 46.24252884 ], [ -119.153975902, 46.24252884 ], [ -119.153975901, 46.24252884 ], [ -119.1539759, 46.24252884 ], [ -119.153975899, 46.242528841 ], [ -119.153975898, 46.242528841 ], [ -119.153975898, 46.242528842 ], [ -119.153975897, 46.242528843 ], [ -119.153975896, 46.242528843 ], [ -119.153975896, 46.242528844 ], [ -119.153975895, 46.242528845 ], [ -119.153975895, 46.242528846 ], [ -119.153975894, 46.242528847 ], [ -119.153975894, 46.242528848 ], [ -119.153975894, 46.242528849 ], [ -119.153928832, 46.243393994 ], [ -119.153907886, 46.244231213 ], [ -119.153907886, 46.244231214 ], [ -119.153907886, 46.244231215 ], [ -119.153907886, 46.244231216 ], [ -119.153907887, 46.244231217 ], [ -119.153907887, 46.244231218 ], [ -119.153907887, 46.244231219 ], [ -119.153907888, 46.244231219 ] ], [ [ -119.195908309, 46.247333808 ], [ -119.195927332, 46.249947115 ], [ -119.195925567, 46.250074118 ], [ -119.195844846, 46.252375054 ], [ -119.195836338, 46.252617592 ], [ -119.195836337, 46.252617603 ], [ -119.19572175, 46.255883534 ], [ -119.195719592, 46.255945029 ], [ -119.195707189, 46.256089489 ], [ -119.195562544, 46.256099499 ], [ -119.193126564, 46.256144624 ], [ -119.193018077, 46.256146634 ], [ -119.192940105, 46.256147065 ], [ -119.191753429, 46.256138199 ], [ -119.189410603, 46.256120697 ], [ -119.189410602, 46.256120697 ], [ -119.189410601, 46.256120697 ], [ -119.185092646, 46.256088438 ], [ -119.185079615, 46.256088341 ], [ -119.185066584, 46.2560883 ], [ -119.183909859, 46.256084683 ], [ -119.183766864, 46.256077333 ], [ -119.183765683, 46.256076781 ], [ -119.183888482, 46.254376878 ], [ -119.183888482, 46.254376877 ], [ -119.183888482, 46.254376876 ], [ -119.183888482, 46.254376875 ], [ -119.183888481, 46.254376874 ], [ -119.183888481, 46.254376873 ], [ -119.183888481, 46.254376872 ], [ -119.18388848, 46.254376872 ], [ -119.183888479, 46.254376871 ], [ -119.183888479, 46.25437687 ], [ -119.183888478, 46.254376869 ], [ -119.183888477, 46.254376869 ], [ -119.183888476, 46.254376868 ], [ -119.183888475, 46.254376868 ], [ -119.183888474, 46.254376867 ], [ -119.183888473, 46.254376867 ], [ -119.183888472, 46.254376867 ], [ -119.181772476, 46.254368137 ], [ -119.181772475, 46.254368137 ], [ -119.181772474, 46.254368137 ], [ -119.181772473, 46.254368138 ], [ -119.181772472, 46.254368138 ], [ -119.181772471, 46.254368138 ], [ -119.18177247, 46.254368139 ], [ -119.181772469, 46.25436814 ], [ -119.181772468, 46.254368141 ], [ -119.181772467, 46.254368142 ], [ -119.181772467, 46.254368143 ], [ -119.181772466, 46.254368144 ], [ -119.181772466, 46.254368145 ], [ -119.181772466, 46.254368146 ], [ -119.181772466, 46.254368147 ], [ -119.1817398, 46.255269979 ], [ -119.180804897, 46.255260505 ], [ -119.179902479, 46.25525136 ], [ -119.179753566, 46.255242409 ], [ -119.179753018, 46.255242321 ], [ -119.179779024, 46.254525037 ], [ -119.179779024, 46.254525036 ], [ -119.179779024, 46.254525035 ], [ -119.179779024, 46.254525034 ], [ -119.179779024, 46.254525033 ], [ -119.179779023, 46.254525032 ], [ -119.179779023, 46.254525031 ], [ -119.179779022, 46.25452503 ], [ -119.179779022, 46.254525029 ], [ -119.179779021, 46.254525029 ], [ -119.17977902, 46.254525028 ], [ -119.179779019, 46.254525027 ], [ -119.179779018, 46.254525027 ], [ -119.179779017, 46.254525027 ], [ -119.179779016, 46.254525026 ], [ -119.179779015, 46.254525026 ], [ -119.179779014, 46.254525026 ], [ -119.17725115, 46.254525485 ], [ -119.177257513, 46.254345387 ], [ -119.177257513, 46.254345386 ], [ -119.177257513, 46.254345385 ], [ -119.177257513, 46.254345384 ], [ -119.177257512, 46.254345383 ], [ -119.177257512, 46.254345382 ], [ -119.177257511, 46.254345381 ], [ -119.177257511, 46.25434538 ], [ -119.17725751, 46.25434538 ], [ -119.177257509, 46.254345379 ], [ -119.177257509, 46.254345378 ], [ -119.177257508, 46.254345378 ], [ -119.177257507, 46.254345377 ], [ -119.177257506, 46.254345377 ], [ -119.177257505, 46.254345377 ], [ -119.177257504, 46.254345377 ], [ -119.177257503, 46.254345377 ], [ -119.176005589, 46.254360257 ], [ -119.176005588, 46.254360257 ], [ -119.176005587, 46.254360257 ], [ -119.176005586, 46.254360257 ], [ -119.176005585, 46.254360258 ], [ -119.176005584, 46.254360258 ], [ -119.176005583, 46.254360259 ], [ -119.176005582, 46.25436026 ], [ -119.176005581, 46.25436026 ], [ -119.176005581, 46.254360261 ], [ -119.17600558, 46.254360262 ], [ -119.17600558, 46.254360263 ], [ -119.176005579, 46.254360264 ], [ -119.176005579, 46.254360265 ], [ -119.176005579, 46.254360266 ], [ -119.176005579, 46.254360267 ], [ -119.175976845, 46.255182938 ], [ -119.175256793, 46.255182867 ], [ -119.175256792, 46.255182867 ], [ -119.175256791, 46.255182867 ], [ -119.17525679, 46.255182867 ], [ -119.175256789, 46.255182868 ], [ -119.175256788, 46.255182868 ], [ -119.175256787, 46.255182868 ], [ -119.175256786, 46.255182869 ], [ -119.175256786, 46.25518287 ], [ -119.175256785, 46.25518287 ], [ -119.175256784, 46.255182871 ], [ -119.175256784, 46.255182872 ], [ -119.175256784, 46.255182873 ], [ -119.175256783, 46.255182874 ], [ -119.175256783, 46.255182875 ], [ -119.175256783, 46.255182876 ], [ -119.175229972, 46.255902089 ], [ -119.175227531, 46.255903493 ], [ -119.175078162, 46.255906037 ], [ -119.175078161, 46.255906037 ], [ -119.17461628, 46.255890568 ], [ -119.174472569, 46.255878766 ], [ -119.174471065, 46.255878178 ], [ -119.174490608, 46.254405815 ], [ -119.174490608, 46.254405814 ], [ -119.174490607, 46.254405813 ], [ -119.174490607, 46.254405812 ], [ -119.174490607, 46.254405811 ], [ -119.174490607, 46.25440581 ], [ -119.174490606, 46.254405809 ], [ -119.174490605, 46.254405808 ], [ -119.174490604, 46.254405807 ], [ -119.174490603, 46.254405806 ], [ -119.174490602, 46.254405806 ], [ -119.174490602, 46.254405805 ], [ -119.174490601, 46.254405805 ], [ -119.1744906, 46.254405805 ], [ -119.174490599, 46.254405805 ], [ -119.174490598, 46.254405805 ], [ -119.16984378, 46.254371754 ], [ -119.169843779, 46.254371754 ], [ -119.169843778, 46.254371755 ], [ -119.169843777, 46.254371755 ], [ -119.169843776, 46.254371755 ], [ -119.169843775, 46.254371756 ], [ -119.169843774, 46.254371756 ], [ -119.169843773, 46.254371757 ], [ -119.169843773, 46.254371758 ], [ -119.169843772, 46.254371759 ], [ -119.169843771, 46.254371759 ], [ -119.169843771, 46.25437176 ], [ -119.169843771, 46.254371761 ], [ -119.16984377, 46.254371762 ], [ -119.16984377, 46.254371763 ], [ -119.16984377, 46.254371764 ], [ -119.169779818, 46.255720144 ], [ -119.169777073, 46.25572105 ], [ -119.169628869, 46.255723529 ], [ -119.166535273, 46.255619918 ], [ -119.166390306, 46.25560795 ], [ -119.166388868, 46.255607383 ], [ -119.166461259, 46.252937465 ], [ -119.166524918, 46.250589317 ], [ -119.167463022, 46.250594874 ], [ -119.16836319, 46.250600198 ], [ -119.168363191, 46.250600197 ], [ -119.168363192, 46.250600197 ], [ -119.168363193, 46.250600197 ], [ -119.168363194, 46.250600196 ], [ -119.168363195, 46.250600196 ], [ -119.168363196, 46.250600195 ], [ -119.168363197, 46.250600195 ], [ -119.168363197, 46.250600194 ], [ -119.168363198, 46.250600193 ], [ -119.168363199, 46.250600192 ], [ -119.168363199, 46.250600191 ], [ -119.168363199, 46.25060019 ], [ -119.1683632, 46.250600189 ], [ -119.1683632, 46.250600188 ], [ -119.168371207, 46.250408318 ], [ -119.169905665, 46.250418783 ], [ -119.169953339, 46.250426026 ], [ -119.169943453, 46.250572146 ], [ -119.169943453, 46.250572147 ], [ -119.169943453, 46.250572148 ], [ -119.169943453, 46.250572149 ], [ -119.169943453, 46.25057215 ], [ -119.169943454, 46.250572151 ], [ -119.169943455, 46.250572152 ], [ -119.169943455, 46.250572153 ], [ -119.169943456, 46.250572154 ], [ -119.169943457, 46.250572154 ], [ -119.169943457, 46.250572155 ], [ -119.169943458, 46.250572155 ], [ -119.169943459, 46.250572156 ], [ -119.16994346, 46.250572156 ], [ -119.169943461, 46.250572156 ], [ -119.169943462, 46.250572157 ], [ -119.169943463, 46.250572157 ], [ -119.179849114, 46.250600257 ], [ -119.179849115, 46.250600257 ], [ -119.179849116, 46.250600257 ], [ -119.179849117, 46.250600257 ], [ -119.179849118, 46.250600257 ], [ -119.179849119, 46.250600256 ], [ -119.17984912, 46.250600256 ], [ -119.17984912, 46.250600255 ], [ -119.179849121, 46.250600255 ], [ -119.179849122, 46.250600254 ], [ -119.179849122, 46.250600253 ], [ -119.179849123, 46.250600252 ], [ -119.179849123, 46.250600251 ], [ -119.179849124, 46.250600251 ], [ -119.179849124, 46.25060025 ], [ -119.179849124, 46.250600249 ], [ -119.179849124, 46.250600248 ], [ -119.179987967, 46.24712279 ], [ -119.179995166, 46.247109065 ], [ -119.180138026, 46.247111029 ], [ -119.180146599, 46.247111575 ], [ -119.1801466, 46.247111575 ], [ -119.180226483, 46.247112079 ], [ -119.180756202760989, 46.247115425320061 ], [ -119.18026539, 46.24711232 ], [ -119.1801466, 46.24711156 ], [ -119.17998881, 46.24710152 ], [ -119.17998714, 46.24714325 ], [ -119.1799808, 46.24730197 ], [ -119.1799644, 46.24771274 ], [ -119.179938, 46.24837405 ], [ -119.17992324, 46.24874365 ], [ -119.17990901, 46.24910017 ], [ -119.17989907, 46.24934903 ], [ -119.17988772, 46.24963327 ], [ -119.17986394, 46.250229 ], [ -119.17984911, 46.25060025 ], [ -119.16994346, 46.25057215 ], [ -119.16995382, 46.2504191 ], [ -119.16962591, 46.25041687 ], [ -119.16950923, 46.25041607 ], [ -119.1683712, 46.25040831 ], [ -119.16836319, 46.25060019 ], [ -119.16746302, 46.25059486 ], [ -119.16652491, 46.25058931 ], [ -119.16646125, 46.25293746 ], [ -119.16637778, 46.25601612 ], [ -119.16942062, 46.25601306 ], [ -119.16951969, 46.25601296 ], [ -119.16976595, 46.25601271 ], [ -119.16984378, 46.25437176 ], [ -119.1744906, 46.25440581 ], [ -119.1744856, 46.25478267 ], [ -119.17447417, 46.25564364 ], [ -119.1744697, 46.25597998 ], [ -119.17446875, 46.25605216 ], [ -119.17457468, 46.2560505 ], [ -119.17516536, 46.25604128 ], [ -119.17522483, 46.25604036 ], [ -119.17525679, 46.25518288 ], [ -119.1759156, 46.25518294 ], [ -119.17597685, 46.25518295 ], [ -119.17600559, 46.25436027 ], [ -119.1772575, 46.25434539 ], [ -119.17725439, 46.25443341 ], [ -119.17725114, 46.25452549 ], [ -119.17977901, 46.25452504 ], [ -119.17975274, 46.25524985 ], [ -119.17988807, 46.25525123 ], [ -119.17997021, 46.25525206 ], [ -119.18116598, 46.25526418 ], [ -119.18167854, 46.25526937 ], [ -119.18173981, 46.25526999 ], [ -119.18177248, 46.25436815 ], [ -119.18250198, 46.25437116 ], [ -119.18327948, 46.25437437 ], [ -119.18382709, 46.25437662 ], [ -119.18388847, 46.25437688 ], [ -119.18381273, 46.25542538 ], [ -119.18376513, 46.25608424 ], [ -119.18452647, 46.25608662 ], [ -119.18507961, 46.25608835 ], [ -119.1864243, 46.25609844 ], [ -119.1877088, 46.25610805 ], [ -119.1884204, 46.25611338 ], [ -119.1890134, 46.25611781 ], [ -119.18960639, 46.25612224 ], [ -119.19297909, 46.25614737 ], [ -119.19492859, 46.25611126 ], [ -119.1953981, 46.25610256 ], [ -119.19559805, 46.25609885 ], [ -119.19571428, 46.2560967 ], [ -119.19574229, 46.2552984 ], [ -119.19575787, 46.25485441 ], [ -119.19577345, 46.25441043 ], [ -119.1958049, 46.25351399 ], [ -119.19583635, 46.2526176 ], [ -119.19583779, 46.25257648 ], [ -119.19584955, 46.25224118 ], [ -119.1958678, 46.25172119 ], [ -119.19587926, 46.25139452 ], [ -119.19589924, 46.25082478 ], [ -119.19591246, 46.25044807 ], [ -119.1959278, 46.25001064 ], [ -119.19592108, 46.24908749 ], [ -119.195913, 46.24797742 ], [ -119.19591252, 46.24791038 ], [ -119.19591206, 46.24784728 ], [ -119.19591101, 46.24770336 ], [ -119.19590742, 46.24721039 ], [ -119.19593825, 46.2463 ], [ -119.1959414, 46.24620706 ], [ -119.19536692, 46.24620504 ], [ -119.19527093, 46.2462047 ], [ -119.194756038863702, 46.246202890336569 ], [ -119.195781993, 46.246206505 ], [ -119.195934002, 46.246214502 ], [ -119.19593631, 46.246357117 ], [ -119.195927357, 46.24662145 ], [ -119.195911588, 46.247087037 ], [ -119.195907411, 46.247210388 ], [ -119.195907411, 46.247210389 ], [ -119.195908309, 46.247333808 ] ], [ [ -119.185219556, 46.248874238 ], [ -119.185219556, 46.248874239 ], [ -119.185219556, 46.24887424 ], [ -119.185219556, 46.248874241 ], [ -119.185219557, 46.248874242 ], [ -119.185219557, 46.248874243 ], [ -119.185219558, 46.248874243 ], [ -119.185219559, 46.248874244 ], [ -119.185219559, 46.248874245 ], [ -119.18521956, 46.248874246 ], [ -119.185219561, 46.248874246 ], [ -119.185219562, 46.248874247 ], [ -119.185219563, 46.248874247 ], [ -119.185219564, 46.248874247 ], [ -119.185219565, 46.248874247 ], [ -119.185219566, 46.248874247 ], [ -119.185536966, 46.248876491 ], [ -119.186896321, 46.24888609 ], [ -119.187965224, 46.248893625 ], [ -119.187965225, 46.248893625 ], [ -119.187965226, 46.248893625 ], [ -119.187965227, 46.248893625 ], [ -119.187965228, 46.248893625 ], [ -119.187965229, 46.248893624 ], [ -119.18796523, 46.248893624 ], [ -119.187965231, 46.248893623 ], [ -119.187965232, 46.248893622 ], [ -119.187965233, 46.248893621 ], [ -119.187965233, 46.24889362 ], [ -119.187965234, 46.248893619 ], [ -119.187965234, 46.248893618 ], [ -119.187965234, 46.248893617 ], [ -119.187965235, 46.248893616 ], [ -119.188110381, 46.244820781 ], [ -119.188112805, 46.244817974 ], [ -119.188114302, 46.244816051 ], [ -119.188255265, 46.244810049 ], [ -119.189205306, 46.244815367 ], [ -119.189815732478309, 46.244818784029121 ], [ -119.1891213, 46.24481489 ], [ -119.18811078, 46.24480923 ], [ -119.18809163, 46.24534659 ], [ -119.18808148, 46.24563149 ], [ -119.18807619, 46.24577983 ], [ -119.18806558, 46.24607755 ], [ -119.1880593, 46.24625394 ], [ -119.18805443, 46.24639057 ], [ -119.18804327, 46.2467038 ], [ -119.1880321, 46.24701704 ], [ -119.18802696, 46.24716125 ], [ -119.18802094, 46.24733028 ], [ -119.18801719, 46.24743543 ], [ -119.18800978, 46.24764352 ], [ -119.18800742, 46.2477096 ], [ -119.18799861, 46.24795675 ], [ -119.1879957, 46.24803862 ], [ -119.18798745, 46.24826999 ], [ -119.18797624, 46.24858442 ], [ -119.18796564, 46.24888203 ], [ -119.18729154, 46.24888887 ], [ -119.18689632, 46.24888608 ], [ -119.18628127, 46.24888174 ], [ -119.18553697, 46.24887648 ], [ -119.18533976, 46.24887509 ], [ -119.18521957, 46.24887424 ], [ -119.18525794, 46.24780373 ], [ -119.18528158, 46.247144 ], [ -119.184722261598452, 46.24714047968331 ], [ -119.185281572, 46.247144013 ], [ -119.185219556, 46.248874237 ], [ -119.185219556, 46.248874238 ] ], [ [ -119.190705651, 46.244823765 ], [ -119.190738372491367, 46.244825586825911 ], [ -119.19073807, 46.24482394 ], [ -119.19061857, 46.24482327 ], [ -119.19007621282924, 46.244820242139113 ], [ -119.190194092, 46.244820902 ], [ -119.190194093, 46.244820902 ], [ -119.190705651, 46.244823765 ] ], [ [ -119.190836727, 46.245361117 ], [ -119.190836727, 46.245361118 ], [ -119.190836728, 46.245361119 ], [ -119.190836728, 46.24536112 ], [ -119.190836729, 46.245361121 ], [ -119.19083673, 46.245361122 ], [ -119.19083673, 46.245361123 ], [ -119.190836731, 46.245361123 ], [ -119.190836732, 46.245361124 ], [ -119.190836733, 46.245361124 ], [ -119.190836734, 46.245361125 ], [ -119.190836735, 46.245361125 ], [ -119.190836736, 46.245361125 ], [ -119.190836737, 46.245361125 ], [ -119.192859732, 46.245372726 ], [ -119.192907642, 46.245380251 ], [ -119.192909635, 46.245381229 ], [ -119.192897231, 46.245729441 ], [ -119.192897231, 46.245729442 ], [ -119.192897231, 46.245729443 ], [ -119.192897231, 46.245729444 ], [ -119.192897232, 46.245729445 ], [ -119.192897232, 46.245729446 ], [ -119.192897233, 46.245729447 ], [ -119.192897234, 46.245729448 ], [ -119.192897235, 46.245729449 ], [ -119.192897236, 46.24572945 ], [ -119.192897237, 46.24572945 ], [ -119.192897238, 46.245729451 ], [ -119.192897239, 46.245729451 ], [ -119.19289724, 46.245729451 ], [ -119.192897241, 46.245729451 ], [ -119.193332191, 46.245731819 ], [ -119.193315774, 46.246197806 ], [ -119.193315774, 46.246197807 ], [ -119.193315774, 46.246197808 ], [ -119.193315774, 46.246197809 ], [ -119.193315774, 46.24619781 ], [ -119.193315775, 46.246197811 ], [ -119.193315776, 46.246197812 ], [ -119.193315776, 46.246197813 ], [ -119.193315777, 46.246197814 ], [ -119.193315778, 46.246197814 ], [ -119.193315779, 46.246197815 ], [ -119.19331578, 46.246197815 ], [ -119.193315781, 46.246197816 ], [ -119.193315782, 46.246197816 ], [ -119.193315783, 46.246197816 ], [ -119.193315784, 46.246197816 ], [ -119.194614663815329, 46.246202392240988 ], [ -119.19436006, 46.24620149 ], [ -119.19331578, 46.24619781 ], [ -119.19332545, 46.24592344 ], [ -119.1933322, 46.24573181 ], [ -119.19289724, 46.24572944 ], [ -119.19290994, 46.245373 ], [ -119.19115806, 46.24536296 ], [ -119.19092306, 46.24536161 ], [ -119.19083674, 46.24536112 ], [ -119.190836728953698, 46.245361059861686 ], [ -119.190836727, 46.245361115 ], [ -119.190836727, 46.245361116 ], [ -119.190836727, 46.245361117 ] ], [ [ -119.18179864, 46.25864179 ], [ -119.1817149, 46.25862839 ], [ -119.18156797, 46.25855303 ], [ -119.18146405, 46.25849973 ], [ -119.18137875, 46.25845598 ], [ -119.18119874, 46.2583496 ], [ -119.18109532, 46.25833092 ], [ -119.18099793, 46.25831332 ], [ -119.18056184, 46.25842713 ], [ -119.18040935, 46.25846693 ], [ -119.18056503, 46.25889467 ], [ -119.18066976, 46.25915426 ], [ -119.18077764, 46.25942163 ], [ -119.18081785, 46.25952131 ], [ -119.18086891, 46.25964785 ], [ -119.18092275, 46.25976069 ], [ -119.18162715, 46.259778 ], [ -119.18245345, 46.25978353 ], [ -119.18328008, 46.25978907 ], [ -119.1841057, 46.25979459 ], [ -119.18492047, 46.25980003 ], [ -119.1849934, 46.25980052 ], [ -119.1849553, 46.25872158 ], [ -119.18482565, 46.25866535 ], [ -119.18461582, 46.25865457 ], [ -119.1841123, 46.2586873 ], [ -119.18365994, 46.25871672 ], [ -119.18328609, 46.25874459 ], [ -119.18319678, 46.25875125 ], [ -119.18305386, 46.25876191 ], [ -119.1829908, 46.25875609 ], [ -119.18245815, 46.25870693 ], [ -119.18186171, 46.25865188 ], [ -119.18179864, 46.25864179 ] ] ], [ [ [ -119.25115675, 46.26722335 ], [ -119.2511562, 46.26730768 ], [ -119.25115659, 46.26722332 ], [ -119.25115675, 46.26722335 ] ] ], [ [ [ -119.00120308, 46.56719766 ], [ -119.0002517, 46.5655807 ], [ -118.99997627, 46.56495613 ], [ -118.99979704, 46.56431516 ], [ -118.99971592, 46.56366473 ], [ -118.99971704, 46.56322519 ], [ -118.99980405, 46.56204909 ], [ -119.00081719, 46.56204519 ], [ -119.00663123, 46.56202264 ], [ -119.00684635, 46.56202179 ], [ -119.00684536, 46.56362487 ], [ -119.00683899, 46.56929393 ], [ -119.00457956, 46.56929372 ], [ -119.00293892, 46.56929354 ], [ -119.00285628, 46.56929354 ], [ -119.00280851, 46.56923809 ], [ -119.00182917, 46.56810129 ], [ -119.00120308, 46.56719766 ] ] ], [ [ [ -119.15193506, 46.57658638 ], [ -119.15569106, 46.57659938 ], [ -119.17666507, 46.57678038 ], [ -119.17666507, 46.57685338 ], [ -119.17664608, 46.58286638 ], [ -119.17664309, 46.58398838 ], [ -119.17664509, 46.58452938 ], [ -119.17656609, 46.58516938 ], [ -119.17640909, 46.58563938 ], [ -119.17607209, 46.58623838 ], [ -119.17571109, 46.58667638 ], [ -119.1731791, 46.58933538 ], [ -119.1728731, 46.58971138 ], [ -119.1726871, 46.59003538 ], [ -119.1726441, 46.59011238 ], [ -119.1724971, 46.59053138 ], [ -119.1724321, 46.59105338 ], [ -119.1724311, 46.59119238 ], [ -119.1745501, 46.59121438 ], [ -119.1748111, 46.59121738 ], [ -119.1747721, 46.59145838 ], [ -119.17441011, 46.59499338 ], [ -119.17434311, 46.59510738 ], [ -119.17341812, 46.59766038 ], [ -119.17308612, 46.59839038 ], [ -119.17000612, 46.60112438 ], [ -119.16851413, 46.60306238 ], [ -119.16851513, 46.60443138 ], [ -119.16798513, 46.60474938 ], [ -119.16613013, 46.60570538 ], [ -119.16579813, 46.60593238 ], [ -119.16567813, 46.60613738 ], [ -119.16468913, 46.60611738 ], [ -119.16265513, 46.60605838 ], [ -119.15615713, 46.60588438 ], [ -119.15561313, 46.60583638 ], [ -119.15516813, 46.60578438 ], [ -119.15478613, 46.60573038 ], [ -119.15467813, 46.60571638 ], [ -119.15429213, 46.60564738 ], [ -119.15388613, 46.60554838 ], [ -119.15322813, 46.60538038 ], [ -119.15268312, 46.60520238 ], [ -119.15205012, 46.60497638 ], [ -119.15161012, 46.60478438 ], [ -119.15124812, 46.60460938 ], [ -119.15052612, 46.60416738 ], [ -119.14999112, 46.60378738 ], [ -119.14961012, 46.60347538 ], [ -119.14934312, 46.60320838 ], [ -119.14912612, 46.60298538 ], [ -119.14875412, 46.60256138 ], [ -119.14853712, 46.60225638 ], [ -119.14835412, 46.60194438 ], [ -119.14782411, 46.60099938 ], [ -119.14746311, 46.60033738 ], [ -119.14716611, 46.59980338 ], [ -119.14695311, 46.59939238 ], [ -119.14650311, 46.59861138 ], [ -119.14609211, 46.59785038 ], [ -119.14577511, 46.59732638 ], [ -119.1452761, 46.59641238 ], [ -119.1448801, 46.59568238 ], [ -119.1444791, 46.59495238 ], [ -119.1440981, 46.59429838 ], [ -119.1436721, 46.59363738 ], [ -119.14332609, 46.59312338 ], [ -119.14290509, 46.59259238 ], [ -119.14244509, 46.59204438 ], [ -119.14219209, 46.59175938 ], [ -119.14194909, 46.59150938 ], [ -119.14170009, 46.59125138 ], [ -119.14150159, 46.59102039 ], [ -119.13790509, 46.59102138 ], [ -119.13716409, 46.59102238 ], [ -119.13490609, 46.59102338 ], [ -119.13484809, 46.59011338 ], [ -119.13475108, 46.58858738 ], [ -119.13455408, 46.58548138 ], [ -119.13425907, 46.58084538 ], [ -119.13398406, 46.57652339 ], [ -119.15193506, 46.57658638 ] ] ], [ [ [ -119.01690723, 46.58367333 ], [ -119.01731046, 46.5693127 ], [ -119.01745328, 46.56933016 ], [ -119.0174466, 46.5699305 ], [ -119.01739353, 46.57481732 ], [ -119.01739197, 46.57496145 ], [ -119.01738728, 46.57539382 ], [ -119.01738617, 46.57549644 ], [ -119.01738371, 46.5757225 ], [ -119.01732325, 46.5802289 ], [ -119.01729732, 46.58207642 ], [ -119.01727212, 46.58386548 ], [ -119.01462145, 46.58385774 ], [ -119.00810584, 46.58384449 ], [ -119.00502827, 46.58384173 ], [ -119.00247417, 46.5838426 ], [ -119.00180572, 46.58384282 ], [ -118.99606738, 46.5838444 ], [ -118.9854898, 46.583847 ], [ -118.98565998, 46.57659652 ], [ -118.98106184, 46.57656644 ], [ -118.98034344, 46.57656276 ], [ -118.98047527, 46.56203424 ], [ -118.9857179, 46.56205992 ], [ -118.98559841, 46.57650351 ], [ -118.98559796, 46.57655817 ], [ -118.98566795, 46.57655813 ], [ -118.99594184, 46.57655063 ], [ -118.99602112, 46.57655058 ], [ -118.99602058, 46.57659385 ], [ -118.99593303, 46.5837604 ], [ -118.99606927, 46.5837609 ], [ -119.0010591, 46.58377927 ], [ -119.00121766, 46.58377987 ], [ -119.01690723, 46.58367333 ] ] ], [ [ [ -118.55663505, 46.64066693 ], [ -118.55627704, 46.64067097 ], [ -118.55627252, 46.6405796 ], [ -118.55625897, 46.64030573 ], [ -118.55624541, 46.6400316 ], [ -118.55509015, 46.64003093 ], [ -118.55502186, 46.6400302 ], [ -118.5548657, 46.6400322 ], [ -118.55326798, 46.64005273 ], [ -118.55288033, 46.64005771 ], [ -118.55265312, 46.64006062 ], [ -118.55110659, 46.64008046 ], [ -118.55107569, 46.63935333 ], [ -118.55114367, 46.63933087 ], [ -118.55120562, 46.63930451 ], [ -118.55125343, 46.63928393 ], [ -118.55130598, 46.63926079 ], [ -118.55136, 46.63923653 ], [ -118.55142165, 46.63920822 ], [ -118.55150668, 46.63916812 ], [ -118.55157595, 46.6391346 ], [ -118.55164937, 46.63909798 ], [ -118.55171669, 46.63906358 ], [ -118.55176869, 46.63903623 ], [ -118.55182147, 46.63900816 ], [ -118.55187918, 46.63897674 ], [ -118.55193212, 46.63894735 ], [ -118.55198677, 46.63891645 ], [ -118.55204094, 46.63888503 ], [ -118.55209688, 46.63885202 ], [ -118.552152, 46.6388188 ], [ -118.55220137, 46.63878842 ], [ -118.55225238, 46.63875639 ], [ -118.55230053, 46.63872555 ], [ -118.55236261, 46.63868481 ], [ -118.55243624, 46.63863534 ], [ -118.55248458, 46.63860205 ], [ -118.55252977, 46.63857039 ], [ -118.55258175, 46.63853313 ], [ -118.55264866, 46.63848406 ], [ -118.55270343, 46.6384428 ], [ -118.5527413, 46.63841401 ], [ -118.55278438, 46.63838028 ], [ -118.55282352, 46.63834923 ], [ -118.55286467, 46.63831597 ], [ -118.5529072, 46.63828065 ], [ -118.55295514, 46.63824047 ], [ -118.55300047, 46.63820161 ], [ -118.55303645, 46.63816999 ], [ -118.55307805, 46.63813252 ], [ -118.55313717, 46.63807838 ], [ -118.55318109, 46.63803696 ], [ -118.55321648, 46.63800333 ], [ -118.55325965, 46.63796096 ], [ -118.55330913, 46.63791138 ], [ -118.55334195, 46.63787765 ], [ -118.55338113, 46.6378366 ], [ -118.55342439, 46.63779028 ], [ -118.55345687, 46.63775443 ], [ -118.55349224, 46.63771521 ], [ -118.55352898, 46.63767309 ], [ -118.55356431, 46.63763168 ], [ -118.55359344, 46.63759686 ], [ -118.55362483, 46.63755882 ], [ -118.55365552, 46.63752051 ], [ -118.55369227, 46.63747348 ], [ -118.55465937, 46.63745309 ], [ -118.5548206, 46.63745468 ], [ -118.55632538, 46.63746927 ], [ -118.56284752, 46.6375206 ], [ -118.56707745, 46.63755529 ], [ -118.56708287, 46.63785048 ], [ -118.56714634, 46.64117436 ], [ -118.56585855, 46.64116342 ], [ -118.56585487, 46.64108687 ], [ -118.56545656, 46.6410803 ], [ -118.56355104, 46.64104885 ], [ -118.56195797, 46.64102253 ], [ -118.56149262, 46.64101484 ], [ -118.56148993, 46.64064121 ], [ -118.56045968, 46.64062836 ], [ -118.56026078, 46.64062587 ], [ -118.55767093, 46.64065521 ], [ -118.55663505, 46.64066693 ] ] ], [ [ [ -118.54861318, 46.64074077 ], [ -118.54862771, 46.64189942 ], [ -118.54864415, 46.64321037 ], [ -118.54864759, 46.64348458 ], [ -118.54581212, 46.64351093 ], [ -118.54568348, 46.64018721 ], [ -118.5469653, 46.64009273 ], [ -118.54697794, 46.64075546 ], [ -118.54861318, 46.64074077 ] ] ], [ [ [ -118.87461793, 46.64797055 ], [ -118.87461693, 46.64791658 ], [ -118.87460163, 46.64710241 ], [ -118.87103088, 46.6471109 ], [ -118.87106498, 46.64893439 ], [ -118.86845609, 46.64894533 ], [ -118.85789546, 46.64898898 ], [ -118.84567694, 46.64897218 ], [ -118.84540003, 46.6488776 ], [ -118.839437, 46.64684074 ], [ -118.83740639, 46.64613992 ], [ -118.83586911, 46.64558794 ], [ -118.83261995, 46.6443945 ], [ -118.82623317, 46.64204815 ], [ -118.82542101, 46.64174974 ], [ -118.83705113, 46.64170499 ], [ -118.84776786, 46.64166814 ], [ -118.85793364, 46.64163221 ], [ -118.87915875, 46.64183839 ], [ -118.87913196, 46.64547188 ], [ -118.87908618, 46.64892385 ], [ -118.87839147, 46.64891883 ], [ -118.87535037, 46.64892447 ], [ -118.87534068, 46.64796975 ], [ -118.87472127, 46.64797141 ], [ -118.87461793, 46.64797055 ] ] ], [ [ [ -118.58323726, 46.65189417 ], [ -118.57795685, 46.65190265 ], [ -118.56728016, 46.64822677 ], [ -118.5566392, 46.64810249 ], [ -118.55397443, 46.64809606 ], [ -118.55144377, 46.65179855 ], [ -118.54613465, 46.65175221 ], [ -118.54599174, 46.64806688 ], [ -118.54595216, 46.64706549 ], [ -118.55000745, 46.64696837 ], [ -118.552793, 46.64690157 ], [ -118.55374805, 46.64687865 ], [ -118.5539013, 46.64687497 ], [ -118.55389651, 46.64678044 ], [ -118.55472535, 46.64685519 ], [ -118.5552602, 46.64684235 ], [ -118.55557877, 46.6468347 ], [ -118.5565736, 46.6468108 ], [ -118.5565332, 46.64598863 ], [ -118.55816648, 46.64598532 ], [ -118.55932057, 46.64598296 ], [ -118.56079409, 46.64597994 ], [ -118.56076658, 46.64545901 ], [ -118.56062011, 46.64268521 ], [ -118.5605951, 46.64221146 ], [ -118.56028984, 46.64221059 ], [ -118.56027758, 46.64193663 ], [ -118.56052907, 46.64193839 ], [ -118.56085701, 46.6419518 ], [ -118.56100365, 46.64196601 ], [ -118.56123861, 46.64198879 ], [ -118.56147342, 46.64201155 ], [ -118.56170597, 46.64204763 ], [ -118.5618045, 46.64206292 ], [ -118.56193624, 46.64208725 ], [ -118.56718401, 46.6431589 ], [ -118.56718728, 46.64333073 ], [ -118.5678622, 46.6434679 ], [ -118.56797676, 46.64349119 ], [ -118.5696402, 46.64382924 ], [ -118.57130367, 46.64416727 ], [ -118.57296716, 46.64450528 ], [ -118.57463066, 46.64484327 ], [ -118.57469826, 46.64468546 ], [ -118.57519394, 46.64352822 ], [ -118.57353187, 46.643187 ], [ -118.57186983, 46.64284576 ], [ -118.57020781, 46.64250449 ], [ -118.56854575, 46.64216319 ], [ -118.56875923, 46.6416649 ], [ -118.56715372, 46.64133859 ], [ -118.56714634, 46.64117436 ], [ -118.57773427, 46.64117689 ], [ -118.58838363, 46.64479529 ], [ -118.59364554, 46.64480461 ], [ -118.59371833, 46.64823426 ], [ -118.58845637, 46.64816026 ], [ -118.58845951, 46.64829723 ], [ -118.58846165, 46.64843441 ], [ -118.58846694, 46.64870857 ], [ -118.5885245, 46.65188288 ], [ -118.58519923, 46.65188859 ], [ -118.58323726, 46.65189417 ] ] ], [ [ [ -118.81995568, 46.64016597 ], [ -118.82049375, 46.64039229 ], [ -118.82102685, 46.64060127 ], [ -118.82180073, 46.64088565 ], [ -118.83233937, 46.6447576 ], [ -118.833042, 46.64501569 ], [ -118.83559052, 46.64595178 ], [ -118.83713452, 46.64650617 ], [ -118.8391705, 46.64720885 ], [ -118.84403854, 46.64886628 ], [ -118.84434399, 46.64897027 ], [ -118.84267261, 46.64896785 ], [ -118.84258564, 46.64896772 ], [ -118.84243136, 46.65605508 ], [ -118.84242823, 46.6561988 ], [ -118.83717431, 46.65618436 ], [ -118.83706634, 46.65944184 ], [ -118.83705845, 46.65967986 ], [ -118.83086753, 46.65968117 ], [ -118.82660631, 46.65968187 ], [ -118.8265488, 46.65968178 ], [ -118.82660805, 46.65604966 ], [ -118.83707206, 46.65602333 ], [ -118.83719136, 46.65307991 ], [ -118.83719729, 46.65293421 ], [ -118.83720913, 46.65264255 ], [ -118.83721503, 46.65249685 ], [ -118.83736477, 46.64880698 ], [ -118.82671907, 46.64886501 ], [ -118.82377717, 46.64885007 ], [ -118.82320486, 46.64884714 ], [ -118.82282003, 46.64873774 ], [ -118.82243167, 46.64863444 ], [ -118.82203995, 46.64853733 ], [ -118.82164508, 46.6484464 ], [ -118.82124731, 46.64836176 ], [ -118.82084682, 46.64828341 ], [ -118.82047075, 46.648216 ], [ -118.81611157, 46.64751899 ], [ -118.81611593, 46.64737894 ], [ -118.81396103, 46.64703434 ], [ -118.8135044, 46.64695767 ], [ -118.81305689, 46.64687611 ], [ -118.81261258, 46.64678797 ], [ -118.81217045, 46.64669346 ], [ -118.81173084, 46.64659281 ], [ -118.81038512, 46.64627346 ], [ -118.81120753, 46.64637532 ], [ -118.81612493, 46.64729109 ], [ -118.81618675, 46.6453805 ], [ -118.81627795, 46.64197478 ], [ -118.81488253, 46.6408586 ], [ -118.81409155, 46.64006224 ], [ -118.81428279, 46.63903957 ], [ -118.81469168, 46.63795518 ], [ -118.81995568, 46.64016597 ] ] ], [ [ [ -118.89316294, 46.66408041 ], [ -118.89312306, 46.66412166 ], [ -118.89307981, 46.66416641 ], [ -118.89270493, 46.66440533 ], [ -118.89230082, 46.66466287 ], [ -118.89144835, 46.66517822 ], [ -118.8909994, 46.66544962 ], [ -118.89004151, 46.66545092 ], [ -118.88970318, 46.66545032 ], [ -118.88947621, 46.66544992 ], [ -118.88948251, 46.66528247 ], [ -118.88950493, 46.66505582 ], [ -118.8894793, 46.66441678 ], [ -118.88894663, 46.66441701 ], [ -118.88843265, 46.66441723 ], [ -118.88687512, 46.66441788 ], [ -118.88666697, 46.66441796 ], [ -118.88607892, 46.6644182 ], [ -118.88528304, 46.66441852 ], [ -118.88431023, 46.66441891 ], [ -118.88431414, 46.66428742 ], [ -118.88431252, 46.66422566 ], [ -118.88429792, 46.66367025 ], [ -118.8835135, 46.66367477 ], [ -118.88410548, 46.66304419 ], [ -118.88351082, 46.66284788 ], [ -118.88323927, 46.66275477 ], [ -118.88286321, 46.66262582 ], [ -118.88248716, 46.66249687 ], [ -118.88229925, 46.66243244 ], [ -118.88224244, 46.66241296 ], [ -118.88211149, 46.66236805 ], [ -118.88202475, 46.66233831 ], [ -118.88192984, 46.66229458 ], [ -118.88175542, 46.6622142 ], [ -118.8815635, 46.66212577 ], [ -118.88140632, 46.66205333 ], [ -118.88123175, 46.66197289 ], [ -118.88103702, 46.66188315 ], [ -118.88088267, 46.66181203 ], [ -118.88069338, 46.6617248 ], [ -118.88054415, 46.66164078 ], [ -118.88049942, 46.66161509 ], [ -118.88044719, 46.66158509 ], [ -118.88038288, 46.66154815 ], [ -118.88022159, 46.66145551 ], [ -118.88006026, 46.66136285 ], [ -118.87989897, 46.66127021 ], [ -118.87973774, 46.6611776 ], [ -118.87957659, 46.66108504 ], [ -118.87947091, 46.66102434 ], [ -118.87941938, 46.66098737 ], [ -118.879274, 46.66088308 ], [ -118.87912856, 46.66077874 ], [ -118.87904981, 46.66072225 ], [ -118.87845547, 46.66029587 ], [ -118.87792206, 46.65986681 ], [ -118.87798938, 46.65986736 ], [ -118.87872696, 46.65986411 ], [ -118.87913405, 46.65986232 ], [ -118.87912456, 46.65769467 ], [ -118.87912183, 46.6570706 ], [ -118.87912111, 46.65690688 ], [ -118.87911806, 46.65620876 ], [ -118.88964043, 46.65617638 ], [ -118.88957103, 46.66307989 ], [ -118.88956937, 46.66324427 ], [ -118.88957283, 46.66344469 ], [ -118.8999897, 46.66340347 ], [ -118.89998763, 46.66361484 ], [ -118.89928968, 46.66361965 ], [ -118.89358493, 46.66365885 ], [ -118.89334234, 46.66389798 ], [ -118.8932807, 46.66395883 ], [ -118.89316294, 46.66408041 ] ] ], [ [ [ -118.8216616, 46.65967395 ], [ -118.8216546, 46.66148226 ], [ -118.82165419, 46.6615864 ], [ -118.83705095, 46.66161039 ], [ -118.83700184, 46.66330011 ], [ -118.83640277, 46.66329974 ], [ -118.83467018, 46.66329831 ], [ -118.8337939, 46.66329758 ], [ -118.81590903, 46.66328113 ], [ -118.81590723, 46.65968343 ], [ -118.82122559, 46.65967818 ], [ -118.8216616, 46.65967395 ] ] ], [ [ [ -118.89346696, 46.66887448 ], [ -118.8935144, 46.66885173 ], [ -118.89356098, 46.66882403 ], [ -118.89389281, 46.66862672 ], [ -118.89400088, 46.66856245 ], [ -118.89414447, 46.66847707 ], [ -118.89428803, 46.6683917 ], [ -118.89434388, 46.66835809 ], [ -118.89442439, 46.66830195 ], [ -118.89455658, 46.66820835 ], [ -118.89468882, 46.66811471 ], [ -118.89482106, 46.66802106 ], [ -118.89495332, 46.66792741 ], [ -118.89512871, 46.66780321 ], [ -118.89536294, 46.66764266 ], [ -118.89562301, 46.66746439 ], [ -118.89575741, 46.66737227 ], [ -118.89588099, 46.66728757 ], [ -118.89645264, 46.66692914 ], [ -118.89696568, 46.66660745 ], [ -118.89882708, 46.66550596 ], [ -118.89909552, 46.66534037 ], [ -118.89966888, 46.66498666 ], [ -118.89990348, 46.66484194 ], [ -118.8999467, 46.66481528 ], [ -118.89994037, 46.66505585 ], [ -118.89985622, 46.66762407 ], [ -118.89975581, 46.67068705 ], [ -118.88927373, 46.67074062 ], [ -118.88395681, 46.67076746 ], [ -118.87863956, 46.67079404 ], [ -118.87654552, 46.67075302 ], [ -118.87868928, 46.6707476 ], [ -118.88930991, 46.67070949 ], [ -118.8922425, 46.66939765 ], [ -118.89273009, 46.66921092 ], [ -118.89290519, 46.66914386 ], [ -118.89298822, 46.66910404 ], [ -118.89307326, 46.66906326 ], [ -118.89317169, 46.66901607 ], [ -118.89327014, 46.66896886 ], [ -118.89336859, 46.66892165 ], [ -118.89346696, 46.66887448 ] ] ], [ [ [ -118.84739066, 46.66342504 ], [ -118.84731245, 46.66703138 ], [ -118.84675803, 46.67772933 ], [ -118.84675462, 46.67779511 ], [ -118.83680642, 46.67772166 ], [ -118.83683216, 46.67677211 ], [ -118.83698526, 46.67051416 ], [ -118.83701323, 46.66781193 ], [ -118.83702259, 46.66690723 ], [ -118.83706127, 46.6633968 ], [ -118.84739066, 46.66342504 ] ] ], [ [ [ -118.86978939, 46.66802799 ], [ -118.86968379, 46.67066898 ], [ -118.86809408, 46.67065712 ], [ -118.86782216, 46.67699553 ], [ -118.86780755, 46.67733816 ], [ -118.86779206, 46.6776986 ], [ -118.86778019, 46.67798276 ], [ -118.86776036, 46.67897351 ], [ -118.86775448, 46.67926849 ], [ -118.86775155, 46.67939919 ], [ -118.86763469, 46.68523948 ], [ -118.86738396, 46.68523544 ], [ -118.86756116, 46.67791816 ], [ -118.867797, 46.67076012 ], [ -118.86794389, 46.6670325 ], [ -118.86824904, 46.66703686 ], [ -118.86983934, 46.66705959 ], [ -118.87016075, 46.66706417 ], [ -118.87092487, 46.66707508 ], [ -118.87107374, 46.66707721 ], [ -118.87114174, 46.66745275 ], [ -118.87010045, 46.66789864 ], [ -118.86978939, 46.66802799 ] ] ], [ [ [ -118.84675323, 46.71387519 ], [ -118.84683463, 46.69223028 ], [ -118.85073474, 46.69223412 ], [ -118.85225177, 46.6922431 ], [ -118.85242897, 46.68503007 ], [ -118.8570342, 46.68506736 ], [ -118.85699429, 46.69227084 ], [ -118.85686529, 46.70246198 ], [ -118.8568109, 46.70675824 ], [ -118.85679715, 46.71400169 ], [ -118.85663396, 46.72118096 ], [ -118.84668355, 46.72111953 ], [ -118.84130698, 46.7210748 ], [ -118.8359344, 46.72102988 ], [ -118.83474603, 46.72102726 ], [ -118.83484494, 46.72084503 ], [ -118.83497138, 46.72059582 ], [ -118.83507073, 46.72039266 ], [ -118.83516707, 46.72018883 ], [ -118.8352604, 46.71998432 ], [ -118.83535071, 46.71977921 ], [ -118.83543802, 46.71957344 ], [ -118.83552227, 46.71936708 ], [ -118.83560347, 46.71916015 ], [ -118.83568166, 46.71895267 ], [ -118.83575676, 46.71874464 ], [ -118.83582877, 46.71853611 ], [ -118.83589772, 46.7183271 ], [ -118.83602633, 46.71790762 ], [ -118.83651706, 46.69399733 ], [ -118.83654273, 46.69209761 ], [ -118.83654345, 46.69205883 ], [ -118.83856139, 46.69210557 ], [ -118.83838875, 46.69256813 ], [ -118.83745477, 46.69507044 ], [ -118.83737833, 46.69527525 ], [ -118.83714734, 46.69589435 ], [ -118.83685081, 46.69849521 ], [ -118.83680414, 46.70590709 ], [ -118.83679996, 46.70657007 ], [ -118.84157645, 46.70661298 ], [ -118.84144239, 46.71380795 ], [ -118.84675323, 46.71387519 ] ] ] ] } }
]
}
