{
"type": "FeatureCollection",
"name": "graysharbor_ui_with_pop_centers",
"crs": { "type": "name", "properties": { "name": "urn:ogc:def:crs:OGC:1.3:CRS84" } },
"features": [
{ "type": "Feature", "properties": { "pop_centers": "Aberdeen Gardens CDP,Amanda Park CDP,Brady CDP,Central Park CDP,Copalis Beach CDP,Grayland CDP,Hogans Corner CDP,Hoquiam UGA,Humptulips CDP,Malone CDP,Markham CDP,Moclips CDP,Neilton CDP,Ocean City CDP,Ocosta CDP,Oyehut CDP,Pacific Beach CDP,Porter CDP,Queets CDP,Qui-nai-elt Village CDP,Santiago CDP,Satsop CDP,Taholah CDP" }, "geometry": { "type": "MultiPolygon", "coordinates": [ [ [ [ -124.07098369, 46.86178496 ], [ -124.07079569, 46.86183496 ], [ -124.07079334, 46.86183267 ], [ -124.07075751, 46.86175489 ], [ -124.07070002, 46.8616721 ], [ -124.07073444, 46.86160241 ], [ -124.07087455, 46.8615351 ], [ -124.07102822, 46.86147611 ], [ -124.07141776, 46.86139093 ], [ -124.07198755, 46.86129328 ], [ -124.07255657, 46.86112359 ], [ -124.07313334, 46.86101045 ], [ -124.07317301, 46.86088416 ], [ -124.07334776, 46.86074303 ], [ -124.07348119, 46.86064281 ], [ -124.07356732, 46.86058369 ], [ -124.07365363, 46.86049695 ], [ -124.07401618, 46.8602685 ], [ -124.07424106, 46.86012152 ], [ -124.0743969, 46.86000465 ], [ -124.07440937, 46.85999445 ], [ -124.07476371, 46.85986895 ], [ -124.07481172, 46.85982495 ], [ -124.07484822, 46.85975395 ], [ -124.07489172, 46.85969895 ], [ -124.07489432, 46.85967035 ], [ -124.07530644, 46.85940218 ], [ -124.07551688, 46.85933954 ], [ -124.07553948, 46.85934322 ], [ -124.07554772, 46.85935295 ], [ -124.07558772, 46.85960495 ], [ -124.07565172, 46.85976996 ], [ -124.07577572, 46.85986046 ], [ -124.07589171, 46.85987396 ], [ -124.07599572, 46.85983596 ], [ -124.07607572, 46.85976396 ], [ -124.07615572, 46.85958296 ], [ -124.07621172, 46.85952796 ], [ -124.07628372, 46.85950596 ], [ -124.07636372, 46.85950596 ], [ -124.07653072, 46.85956696 ], [ -124.07660272, 46.85960496 ], [ -124.07669872, 46.85968196 ], [ -124.07680272, 46.85978096 ], [ -124.07694672, 46.85988196 ], [ -124.07707172, 46.85985163 ], [ -124.07703472, 46.85978096 ], [ -124.07691472, 46.85962696 ], [ -124.07687472, 46.85949496 ], [ -124.07689072, 46.85943546 ], [ -124.07696272, 46.85937996 ], [ -124.07721872, 46.85928696 ], [ -124.07734672, 46.85920496 ], [ -124.07733872, 46.85915496 ], [ -124.07729072, 46.85907796 ], [ -124.07705873, 46.85892995 ], [ -124.07689073, 46.85886995 ], [ -124.07664273, 46.85885395 ], [ -124.07631096, 46.85885618 ], [ -124.07621734, 46.85882059 ], [ -124.07603462, 46.85883331 ], [ -124.07577723, 46.85881302 ], [ -124.07575573, 46.85875995 ], [ -124.07577973, 46.85872195 ], [ -124.07585873, 46.85864495 ], [ -124.07605073, 46.85849695 ], [ -124.07606872, 46.8584739 ], [ -124.07607477, 46.85847232 ], [ -124.0760744, 46.85846663 ], [ -124.07611473, 46.85841495 ], [ -124.07613873, 46.85837095 ], [ -124.07615048, 46.85826619 ], [ -124.0762076, 46.85821172 ], [ -124.0764871, 46.85811193 ], [ -124.07668383, 46.85806138 ], [ -124.07695605, 46.85806337 ], [ -124.07713155, 46.85799426 ], [ -124.07706793, 46.8579398 ], [ -124.07694595, 46.85791049 ], [ -124.07700745, 46.85782714 ], [ -124.07717874, 46.85771295 ], [ -124.07730624, 46.85762995 ], [ -124.07736446, 46.85760578 ], [ -124.07752274, 46.85761703 ], [ -124.07774874, 46.85754772 ], [ -124.07785572, 46.85750905 ], [ -124.07786545, 46.85749749 ], [ -124.07788974, 46.85748795 ], [ -124.0778997, 46.85745683 ], [ -124.07790024, 46.8574562 ], [ -124.07789998, 46.85745598 ], [ -124.07790575, 46.85743795 ], [ -124.07776175, 46.85736095 ], [ -124.07771375, 46.85730095 ], [ -124.07772975, 46.85722395 ], [ -124.07782352, 46.85713558 ], [ -124.07795074, 46.857093 ], [ -124.07800467, 46.85704703 ], [ -124.07818463, 46.85696394 ], [ -124.07821911, 46.85695358 ], [ -124.07850622, 46.85684805 ], [ -124.07868416, 46.85668268 ], [ -124.07871375, 46.85666495 ], [ -124.07891276, 46.85656595 ], [ -124.07909676, 46.85642895 ], [ -124.07916876, 46.85638995 ], [ -124.07928871, 46.85631157 ], [ -124.0793271, 46.85629034 ], [ -124.07952051, 46.85617487 ], [ -124.07963276, 46.85611095 ], [ -124.07985676, 46.85599495 ], [ -124.08029677, 46.85574295 ], [ -124.08048777, 46.85569895 ], [ -124.08067177, 46.85570995 ], [ -124.08079177, 46.85575895 ], [ -124.08089576, 46.85581995 ], [ -124.08094646, 46.85585888 ], [ -124.08095017, 46.85586178 ], [ -124.08095027, 46.8558618 ], [ -124.08095176, 46.85586295 ], [ -124.08101576, 46.85587395 ], [ -124.08109576, 46.85590695 ], [ -124.08107176, 46.85585195 ], [ -124.08105577, 46.85579195 ], [ -124.0810542, 46.85579088 ], [ -124.08105411, 46.85579052 ], [ -124.08095139, 46.85572002 ], [ -124.08094575, 46.85570605 ], [ -124.08090211, 46.85557658 ], [ -124.08087811, 46.85556558 ], [ -124.08071817, 46.85556558 ], [ -124.08066231, 46.85555461 ], [ -124.08061577, 46.85551195 ], [ -124.08057577, 46.85542995 ], [ -124.08057442, 46.85542902 ], [ -124.08057417, 46.85542851 ], [ -124.08051017, 46.85538458 ], [ -124.08039831, 46.85534632 ], [ -124.08029431, 46.85533532 ], [ -124.08016637, 46.85534631 ], [ -124.08004637, 46.85536818 ], [ -124.07997451, 46.85539571 ], [ -124.07991851, 46.85542318 ], [ -124.07990251, 46.85542858 ], [ -124.07980671, 46.85548352 ], [ -124.07960671, 46.85568652 ], [ -124.07951091, 46.85574678 ], [ -124.0794674, 46.85576177 ], [ -124.07946157, 46.85576354 ], [ -124.07943648, 46.85576783 ], [ -124.07940599, 46.85576878 ], [ -124.07936691, 46.85576878 ], [ -124.07936461, 46.85576789 ], [ -124.07930927, 46.85574044 ], [ -124.07929677, 46.85567194 ], [ -124.07935277, 46.85555694 ], [ -124.07935498, 46.85555492 ], [ -124.07935877, 46.85555492 ], [ -124.07939048, 46.85552238 ], [ -124.07952077, 46.85540294 ], [ -124.07959277, 46.85534294 ], [ -124.07968077, 46.85523294 ], [ -124.07977677, 46.85507894 ], [ -124.07982377, 46.85494794 ], [ -124.07983178, 46.85471694 ], [ -124.07989578, 46.85450294 ], [ -124.07993178, 46.85431994 ], [ -124.0799331, 46.8543118 ], [ -124.07993411, 46.85430972 ], [ -124.07993709, 46.85428719 ], [ -124.07994378, 46.85424594 ], [ -124.07997578, 46.85419594 ], [ -124.08009579, 46.85407494 ], [ -124.08020779, 46.85399294 ], [ -124.08034379, 46.85391594 ], [ -124.08048779, 46.85385594 ], [ -124.08051979, 46.85380694 ], [ -124.08065579, 46.85373494 ], [ -124.08076779, 46.85363694 ], [ -124.08077079, 46.85358444 ], [ -124.08075079, 46.85343394 ], [ -124.08075079, 46.85339494 ], [ -124.0807668, 46.85328494 ], [ -124.0807668, 46.85323094 ], [ -124.0808228, 46.85313194 ], [ -124.0809278, 46.85304694 ], [ -124.0809908, 46.85302193 ], [ -124.0813028, 46.85299994 ], [ -124.0814788, 46.85295094 ], [ -124.0815748, 46.85291794 ], [ -124.0816668, 46.85284394 ], [ -124.0802668, 46.85261093 ], [ -124.0803908, 46.85258293 ], [ -124.0805188, 46.85258893 ], [ -124.0807508, 46.85262193 ], [ -124.0810068, 46.85261593 ], [ -124.0811668, 46.85256693 ], [ -124.0813108, 46.85251193 ], [ -124.08140681, 46.85244593 ], [ -124.08160681, 46.85233593 ], [ -124.08170281, 46.85229193 ], [ -124.08186981, 46.85217193 ], [ -124.08196181, 46.85215543 ], [ -124.08204581, 46.85216593 ], [ -124.08212581, 46.85222693 ], [ -124.08222181, 46.85225893 ], [ -124.08234981, 46.85225893 ], [ -124.08242181, 46.85224293 ], [ -124.08246181, 46.85221493 ], [ -124.08255781, 46.85216093 ], [ -124.08258981, 46.85212793 ], [ -124.08260581, 46.85206193 ], [ -124.08260129, 46.85204327 ], [ -124.08260774, 46.85203248 ], [ -124.08259087, 46.85200029 ], [ -124.08258981, 46.85199593 ], [ -124.08258401, 46.85199115 ], [ -124.08255591, 46.85196698 ], [ -124.08254791, 46.85196151 ], [ -124.08253991, 46.85196158 ], [ -124.0824839, 46.85196151 ], [ -124.08245197, 46.85198338 ], [ -124.08243017, 46.8520133 ], [ -124.08240122, 46.85204205 ], [ -124.08238881, 46.85204628 ], [ -124.08231996, 46.85205273 ], [ -124.08228397, 46.85205478 ], [ -124.08217211, 46.85203291 ], [ -124.08210831, 46.85199464 ], [ -124.08210748, 46.85199392 ], [ -124.08200417, 46.85189578 ], [ -124.08198687, 46.85188985 ], [ -124.08198581, 46.85188893 ], [ -124.08198355, 46.85188871 ], [ -124.0819721, 46.85188478 ], [ -124.08196411, 46.85187932 ], [ -124.08194011, 46.85187392 ], [ -124.08186811, 46.85186838 ], [ -124.08182817, 46.85187938 ], [ -124.08163637, 46.85203298 ], [ -124.08137257, 46.85223052 ], [ -124.08133984, 46.85224174 ], [ -124.0812375, 46.85227043 ], [ -124.0811967, 46.85227451 ], [ -124.08102877, 46.85227991 ], [ -124.08090077, 46.85225252 ], [ -124.08075697, 46.85221418 ], [ -124.08064866, 46.85215946 ], [ -124.08053507, 46.85210122 ], [ -124.08050097, 46.85208258 ], [ -124.08042111, 46.85206072 ], [ -124.0802931, 46.85203878 ], [ -124.08010131, 46.85206072 ], [ -124.0799973, 46.85207172 ], [ -124.07985337, 46.85211012 ], [ -124.07983737, 46.85211558 ], [ -124.0797095, 46.85215398 ], [ -124.07950957, 46.85227471 ], [ -124.07941371, 46.85234598 ], [ -124.0792699, 46.85247778 ], [ -124.07913397, 46.85257098 ], [ -124.07889417, 46.85277938 ], [ -124.07879017, 46.85286732 ], [ -124.07875031, 46.85290558 ], [ -124.07857437, 46.85302078 ], [ -124.07852637, 46.85304278 ], [ -124.07842237, 46.85309218 ], [ -124.0783665, 46.85310318 ], [ -124.07811871, 46.85313618 ], [ -124.0779587, 46.85313072 ], [ -124.0778947, 46.85311972 ], [ -124.07786312, 46.85311425 ], [ -124.0778293, 46.85308043 ], [ -124.0778168, 46.85302293 ], [ -124.07782124, 46.85300768 ], [ -124.07782277, 46.85300452 ], [ -124.07782277, 46.8530024 ], [ -124.0778328, 46.85296793 ], [ -124.0778648, 46.85290443 ], [ -124.07787814, 46.85289478 ], [ -124.07787877, 46.85289478 ], [ -124.07788341, 46.85289097 ], [ -124.0779208, 46.85286393 ], [ -124.07857581, 46.85246293 ], [ -124.07883181, 46.85224893 ], [ -124.07904781, 46.85196393 ], [ -124.07912781, 46.85179393 ], [ -124.07913582, 46.85172193 ], [ -124.07911982, 46.85160193 ], [ -124.07899982, 46.85140393 ], [ -124.07887182, 46.85129992 ], [ -124.07863182, 46.85107242 ], [ -124.07862979, 46.85107068 ], [ -124.0786219, 46.85105718 ], [ -124.07855312, 46.85100492 ], [ -124.07848782, 46.85094892 ], [ -124.07827083, 46.85072592 ], [ -124.07826197, 46.85070934 ], [ -124.07826197, 46.85070618 ], [ -124.07824256, 46.85067301 ], [ -124.07823183, 46.85065292 ], [ -124.07821736, 46.85063413 ], [ -124.0782059, 46.85061838 ], [ -124.0781571, 46.85055588 ], [ -124.07808783, 46.85046592 ], [ -124.07793583, 46.85010492 ], [ -124.07787984, 46.84984092 ], [ -124.07788384, 46.84968592 ], [ -124.07788545, 46.84967565 ], [ -124.07788577, 46.84967498 ], [ -124.07788781, 46.84966052 ], [ -124.07791184, 46.84950692 ], [ -124.07801984, 46.84929541 ], [ -124.07802263, 46.84928794 ], [ -124.07802957, 46.84927998 ], [ -124.07804385, 46.84923106 ], [ -124.07805585, 46.84919891 ], [ -124.07835885, 46.84873291 ], [ -124.07837838, 46.84870597 ], [ -124.07838917, 46.84869298 ], [ -124.07838917, 46.84869093 ], [ -124.07863886, 46.84831591 ], [ -124.07875086, 46.84809091 ], [ -124.07888686, 46.84764691 ], [ -124.07891087, 46.84759791 ], [ -124.07905387, 46.84744391 ], [ -124.07928587, 46.84735591 ], [ -124.07935484, 46.84732918 ], [ -124.0794681, 46.84728858 ], [ -124.07951597, 46.84727218 ], [ -124.07952148, 46.84726461 ], [ -124.07952587, 46.84726291 ], [ -124.07956587, 46.84723491 ], [ -124.07967387, 46.84705141 ], [ -124.07981387, 46.84699391 ], [ -124.07986987, 46.84694991 ], [ -124.07986987, 46.84687291 ], [ -124.07985388, 46.84668691 ], [ -124.07986988, 46.84660491 ], [ -124.07990188, 46.84657191 ], [ -124.07992188, 46.84651691 ], [ -124.07992171, 46.84650927 ], [ -124.0799235, 46.84650431 ], [ -124.0799235, 46.84649878 ], [ -124.07991979, 46.84642488 ], [ -124.07991788, 46.8463409 ], [ -124.07996488, 46.8462479 ], [ -124.07999688, 46.8462039 ], [ -124.08009288, 46.8461219 ], [ -124.08014088, 46.8460889 ], [ -124.08020488, 46.8459739 ], [ -124.08020136, 46.84597523 ], [ -124.0802031, 46.84597211 ], [ -124.0801311, 46.84599951 ], [ -124.08007517, 46.84600498 ], [ -124.0800353, 46.84602151 ], [ -124.0799233, 46.84608738 ], [ -124.0798275, 46.84616958 ], [ -124.0797635, 46.84617518 ], [ -124.0797395, 46.84616958 ], [ -124.0796835, 46.84615872 ], [ -124.07949157, 46.84609838 ], [ -124.07946757, 46.84609292 ], [ -124.0793815, 46.84602852 ], [ -124.07932588, 46.8459739 ], [ -124.07929389, 46.8459079 ], [ -124.07929389, 46.8458199 ], [ -124.07930258, 46.84579619 ], [ -124.0793157, 46.84576932 ], [ -124.07931557, 46.84576378 ], [ -124.07931559, 46.84576068 ], [ -124.07931789, 46.8457544 ], [ -124.07935789, 46.8456889 ], [ -124.07952139, 46.8455569 ], [ -124.0795234, 46.8455535 ], [ -124.07953137, 46.84554978 ], [ -124.07953137, 46.84554438 ], [ -124.079543, 46.84552038 ], [ -124.07955689, 46.8454969 ], [ -124.07956489, 46.8454419 ], [ -124.07958089, 46.8453869 ], [ -124.07957866, 46.84538774 ], [ -124.07957937, 46.84538532 ], [ -124.07950737, 46.84541271 ], [ -124.07944337, 46.84542918 ], [ -124.0793475, 46.84551692 ], [ -124.0793235, 46.84553892 ], [ -124.07929157, 46.84556632 ], [ -124.07917157, 46.84564311 ], [ -124.0791077, 46.84569252 ], [ -124.0790757, 46.84578578 ], [ -124.07908377, 46.84592838 ], [ -124.07913177, 46.84601072 ], [ -124.07918777, 46.84610392 ], [ -124.07919504, 46.84610392 ], [ -124.07920961, 46.84611813 ], [ -124.07922777, 46.84613678 ], [ -124.07923039, 46.84613822 ], [ -124.07927589, 46.84616714 ], [ -124.07928377, 46.84617518 ], [ -124.07943209, 46.84622824 ], [ -124.07946988, 46.8462429 ], [ -124.07950373, 46.84626822 ], [ -124.07954757, 46.84630138 ], [ -124.07954845, 46.84630168 ], [ -124.07956813, 46.8463164 ], [ -124.07959274, 46.84637803 ], [ -124.0795957, 46.84638912 ], [ -124.07950777, 46.84663598 ], [ -124.0794519, 46.84677858 ], [ -124.07933997, 46.84694872 ], [ -124.07923611, 46.84708031 ], [ -124.07909217, 46.84718452 ], [ -124.0790123, 46.84722852 ], [ -124.07896431, 46.84725591 ], [ -124.07885356, 46.84725043 ], [ -124.07880587, 46.84719691 ], [ -124.07881387, 46.84681891 ], [ -124.07880386, 46.84678523 ], [ -124.0787963, 46.84675672 ], [ -124.07879106, 46.84674223 ], [ -124.07874188, 46.8465769 ], [ -124.07860588, 46.8463469 ], [ -124.07859547, 46.8463204 ], [ -124.0785403, 46.84616438 ], [ -124.07852955, 46.84616071 ], [ -124.07840469, 46.84601737 ], [ -124.0783563, 46.84596152 ], [ -124.0783535, 46.8459586 ], [ -124.07835289, 46.8459579 ], [ -124.07826189, 46.8458199 ], [ -124.07826189, 46.8457769 ], [ -124.07830989, 46.8457269 ], [ -124.07840189, 46.8456884 ], [ -124.07840675, 46.84568536 ], [ -124.07842017, 46.84568171 ], [ -124.07845217, 46.84566518 ], [ -124.07845214, 46.84565699 ], [ -124.07845389, 46.8456559 ], [ -124.07845213, 46.84565227 ], [ -124.0784521, 46.84564331 ], [ -124.0784261, 46.84559858 ], [ -124.07842189, 46.8455899 ], [ -124.07842189, 46.8455299 ], [ -124.07849389, 46.8454749 ], [ -124.07875789, 46.8453979 ], [ -124.07902189, 46.8452769 ], [ -124.07907789, 46.8452279 ], [ -124.07908589, 46.8451679 ], [ -124.07908343, 46.84516645 ], [ -124.0790835, 46.84516592 ], [ -124.07894841, 46.84508712 ], [ -124.0789259, 46.8450739 ], [ -124.0788899, 46.8450224 ], [ -124.0788779, 46.8447999 ], [ -124.07887325, 46.84478639 ], [ -124.07886777, 46.84475998 ], [ -124.07886221, 46.84475431 ], [ -124.0788619, 46.8447534 ], [ -124.07886127, 46.84475335 ], [ -124.0788517, 46.84474358 ], [ -124.0788117, 46.84474371 ], [ -124.07879577, 46.84474358 ], [ -124.07877977, 46.84474911 ], [ -124.07876377, 46.84476012 ], [ -124.07873177, 46.84478752 ], [ -124.07855597, 46.84496851 ], [ -124.07853197, 46.84500152 ], [ -124.07848136, 46.84509029 ], [ -124.07845675, 46.84512992 ], [ -124.07845215, 46.84513311 ], [ -124.07838257, 46.84513859 ], [ -124.07838017, 46.84513858 ], [ -124.07836562, 46.84513858 ], [ -124.0783499, 46.8450629 ], [ -124.07834812, 46.84504837 ], [ -124.07834817, 46.84501251 ], [ -124.0783481, 46.84494112 ], [ -124.07831617, 46.84491918 ], [ -124.07824417, 46.84491931 ], [ -124.07819617, 46.84497412 ], [ -124.0781643, 46.84501252 ], [ -124.0781563, 46.84502898 ], [ -124.07811637, 46.84523738 ], [ -124.07811477, 46.8452452 ], [ -124.07810639, 46.8452845 ], [ -124.0780845, 46.84537458 ], [ -124.0779885, 46.84560498 ], [ -124.0779885, 46.84561051 ], [ -124.0779565, 46.84564331 ], [ -124.07794622, 46.84564331 ], [ -124.07789639, 46.84563709 ], [ -124.07789435, 46.84563604 ], [ -124.07783089, 46.8455349 ], [ -124.07782289, 46.8452449 ], [ -124.0777829, 46.8451129 ], [ -124.0777829, 46.8450529 ], [ -124.0777909, 46.8450139 ], [ -124.0778149, 46.8449589 ], [ -124.0778469, 46.8449049 ], [ -124.0781259, 46.84467989 ], [ -124.0782699, 46.84462489 ], [ -124.0785819, 46.8445419 ], [ -124.0786779, 46.84445489 ], [ -124.07879791, 46.84424089 ], [ -124.07884591, 46.84407589 ], [ -124.07883791, 46.84401589 ], [ -124.07883791, 46.84393289 ], [ -124.07878991, 46.84387889 ], [ -124.07878925, 46.84387892 ], [ -124.0787875, 46.84387691 ], [ -124.0787715, 46.84387698 ], [ -124.0786915, 46.84387698 ], [ -124.07865957, 46.84388792 ], [ -124.07857957, 46.84395371 ], [ -124.07856413, 46.84398037 ], [ -124.07848264, 46.84409712 ], [ -124.07847312, 46.84410369 ], [ -124.07840591, 46.84410089 ], [ -124.07838191, 46.84392289 ], [ -124.07837986, 46.84392258 ], [ -124.0783797, 46.84392091 ], [ -124.07833177, 46.84390992 ], [ -124.0782839, 46.84390991 ], [ -124.0782279, 46.84398678 ], [ -124.07821249, 46.84401863 ], [ -124.07821138, 46.84402032 ], [ -124.0781959, 46.84403611 ], [ -124.07817997, 46.84406352 ], [ -124.0780521, 46.84435978 ], [ -124.0779323, 46.84457918 ], [ -124.07783637, 46.84465598 ], [ -124.07782037, 46.84466423 ], [ -124.0777549, 46.84468789 ], [ -124.0777429, 46.84463589 ], [ -124.0778329, 46.84436939 ], [ -124.07783272, 46.84436467 ], [ -124.0778363, 46.84435978 ], [ -124.0778363, 46.84431592 ], [ -124.07782382, 46.84413178 ], [ -124.07782191, 46.84408189 ], [ -124.07780591, 46.84401589 ], [ -124.07777391, 46.84393889 ], [ -124.07776591, 46.84358789 ], [ -124.07776207, 46.8435826 ], [ -124.0777401, 46.84354252 ], [ -124.07771617, 46.84353151 ], [ -124.07766817, 46.84353151 ], [ -124.0776123, 46.84354251 ], [ -124.07760417, 46.84354798 ], [ -124.0775803, 46.84356998 ], [ -124.0775243, 46.84361932 ], [ -124.0774843, 46.84372352 ], [ -124.0775085, 46.84402518 ], [ -124.0775565, 46.84426112 ], [ -124.07756437, 46.84436532 ], [ -124.07751657, 46.84451892 ], [ -124.07746857, 46.84466152 ], [ -124.0773887, 46.84476032 ], [ -124.07735115, 46.84476032 ], [ -124.0773192, 46.84475905 ], [ -124.07731336, 46.8447577 ], [ -124.07715996, 46.84466788 ], [ -124.0771409, 46.84465611 ], [ -124.07710482, 46.84463137 ], [ -124.0770869, 46.84461889 ], [ -124.07708635, 46.84461871 ], [ -124.0770849, 46.84461772 ], [ -124.07700497, 46.84459031 ], [ -124.0769009, 46.84456292 ], [ -124.0769411, 46.84463418 ], [ -124.07698097, 46.84472191 ], [ -124.07698897, 46.84472738 ], [ -124.07700205, 46.8447364 ], [ -124.07706926, 46.84479541 ], [ -124.0770849, 46.84480971 ], [ -124.07710097, 46.84484811 ], [ -124.0771649, 46.84490851 ], [ -124.0772609, 46.84501271 ], [ -124.07726443, 46.84501751 ], [ -124.07735996, 46.84524212 ], [ -124.0774289, 46.84540758 ], [ -124.0774529, 46.84551172 ], [ -124.07745612, 46.84553581 ], [ -124.07745888, 46.8455873 ], [ -124.07745884, 46.8455874 ], [ -124.07738556, 46.8455929 ], [ -124.07731889, 46.8454919 ], [ -124.07731722, 46.8454904 ], [ -124.07731697, 46.84548992 ], [ -124.07727697, 46.84542951 ], [ -124.0772211, 46.84542952 ], [ -124.07719697, 46.84544598 ], [ -124.0771811, 46.84546252 ], [ -124.0771251, 46.84546792 ], [ -124.07712143, 46.84546539 ], [ -124.07708689, 46.8454369 ], [ -124.07701489, 46.8452339 ], [ -124.0769429, 46.8450969 ], [ -124.0769109, 46.84502489 ], [ -124.0768469, 46.84495889 ], [ -124.07684568, 46.84495837 ], [ -124.0768451, 46.84495778 ], [ -124.0766533, 46.84487558 ], [ -124.07661935, 46.84486784 ], [ -124.07654924, 46.84484999 ], [ -124.07653337, 46.84484272 ], [ -124.07646937, 46.84483178 ], [ -124.07636537, 46.84483171 ], [ -124.0762055, 46.84487012 ], [ -124.07615399, 46.84486371 ], [ -124.07610441, 46.84485618 ], [ -124.07609375, 46.84485376 ], [ -124.07608411, 46.84484867 ], [ -124.07602339, 46.84481628 ], [ -124.07596206, 46.84474281 ], [ -124.0758937, 46.84465632 ], [ -124.07588021, 46.84464476 ], [ -124.0758799, 46.84464439 ], [ -124.07552591, 46.84424789 ], [ -124.07529591, 46.84378989 ], [ -124.07492291, 46.84352889 ], [ -124.07477092, 46.84342288 ], [ -124.07376692, 46.84347188 ], [ -124.0726829, 46.84478489 ], [ -124.07128589, 46.84558889 ], [ -124.07086299, 46.8464067 ], [ -124.07085761, 46.84640671 ], [ -124.07043259, 46.84630097 ], [ -124.07035377, 46.84628058 ], [ -124.0700739, 46.84623658 ], [ -124.0698501, 46.84621472 ], [ -124.06932237, 46.84622578 ], [ -124.0689467, 46.84618738 ], [ -124.0682511, 46.84604478 ], [ -124.06815517, 46.84601738 ], [ -124.06815082, 46.84601539 ], [ -124.06803288, 46.84594739 ], [ -124.06801289, 46.84584888 ], [ -124.06802089, 46.84578288 ], [ -124.06806089, 46.84564088 ], [ -124.06810889, 46.84553088 ], [ -124.06822089, 46.84539888 ], [ -124.0686909, 46.84493888 ], [ -124.06869598, 46.84493138 ], [ -124.0686987, 46.84493138 ], [ -124.0687067, 46.84492032 ], [ -124.06879371, 46.84478732 ], [ -124.0688849, 46.84465288 ], [ -124.0689649, 46.84447188 ], [ -124.06899591, 46.84425288 ], [ -124.06901941, 46.84418488 ], [ -124.0690197, 46.84418215 ], [ -124.0690263, 46.84417992 ], [ -124.06905084, 46.84388847 ], [ -124.06905991, 46.84380288 ], [ -124.06905991, 46.84372088 ], [ -124.06907591, 46.84366588 ], [ -124.06914791, 46.84352888 ], [ -124.06917774, 46.84348377 ], [ -124.06917817, 46.84348318 ], [ -124.06917828, 46.84348296 ], [ -124.06918792, 46.84346838 ], [ -124.06918985, 46.84345888 ], [ -124.06919397, 46.84345032 ], [ -124.06921872, 46.84331741 ], [ -124.06924392, 46.84319388 ], [ -124.06945192, 46.84279387 ], [ -124.06980293, 46.84225087 ], [ -124.07000293, 46.84205887 ], [ -124.07024494, 46.8418632 ], [ -124.07025427, 46.84185493 ], [ -124.0702571, 46.84185398 ], [ -124.07031039, 46.84180519 ], [ -124.07042694, 46.84170187 ], [ -124.07050694, 46.84164187 ], [ -124.07057894, 46.84161987 ], [ -124.07067494, 46.84161687 ], [ -124.07084813, 46.84173265 ], [ -124.07085657, 46.84173872 ], [ -124.07085773, 46.84173907 ], [ -124.07085894, 46.84173987 ], [ -124.07105894, 46.84180087 ], [ -124.07118594, 46.84181187 ], [ -124.07134594, 46.84180087 ], [ -124.07136017, 46.8417943 ], [ -124.07140017, 46.84178258 ], [ -124.0714243, 46.84176612 ], [ -124.07141617, 46.84174418 ], [ -124.0713683, 46.84170018 ], [ -124.0713321, 46.84168641 ], [ -124.07122194, 46.84164137 ], [ -124.07122087, 46.84164066 ], [ -124.0712163, 46.84163438 ], [ -124.0711843, 46.84161252 ], [ -124.07109723, 46.84155813 ], [ -124.07099494, 46.84144987 ], [ -124.07099158, 46.84137175 ], [ -124.0709925, 46.84137112 ], [ -124.0709925, 46.84136242 ], [ -124.07117794, 46.84133387 ], [ -124.07125794, 46.84132287 ], [ -124.07133794, 46.84128487 ], [ -124.07133566, 46.84128353 ], [ -124.0713361, 46.84128332 ], [ -124.07128037, 46.84125052 ], [ -124.07117637, 46.84125051 ], [ -124.07111821, 46.84124528 ], [ -124.07098805, 46.84123093 ], [ -124.07098457, 46.84122858 ], [ -124.0709824, 46.84122784 ], [ -124.07097094, 46.84117487 ], [ -124.07102394, 46.84114187 ], [ -124.07117794, 46.84110887 ], [ -124.07130994, 46.84107687 ], [ -124.07139394, 46.84107087 ], [ -124.07153794, 46.84107687 ], [ -124.07162594, 46.84107087 ], [ -124.07179395, 46.84103787 ], [ -124.07209795, 46.84093387 ], [ -124.07228195, 46.84075787 ], [ -124.07244895, 46.84066487 ], [ -124.07252473, 46.84068431 ], [ -124.072525, 46.84068462 ], [ -124.07253514, 46.84073743 ], [ -124.0725351, 46.84074572 ], [ -124.0724633, 46.84080058 ], [ -124.0724233, 46.84085538 ], [ -124.0724233, 46.84086638 ], [ -124.07243117, 46.84091018 ], [ -124.07243256, 46.84090923 ], [ -124.07243295, 46.84091187 ], [ -124.07259295, 46.84080187 ], [ -124.07265695, 46.84074187 ], [ -124.07265695, 46.84068187 ], [ -124.0726551, 46.84068018 ], [ -124.0726551, 46.84067991 ], [ -124.07258317, 46.84061412 ], [ -124.0724633, 46.84057018 ], [ -124.07238337, 46.84055378 ], [ -124.0722475, 46.84055931 ], [ -124.07219957, 46.84057032 ], [ -124.0721995, 46.84057578 ], [ -124.07207157, 46.84069652 ], [ -124.0719917, 46.84074032 ], [ -124.0718399, 46.84085012 ], [ -124.07171997, 46.84092131 ], [ -124.07163197, 46.84095978 ], [ -124.0715361, 46.84099812 ], [ -124.0714764, 46.84100295 ], [ -124.07138566, 46.84100748 ], [ -124.07137677, 46.84100648 ], [ -124.07133795, 46.84096087 ], [ -124.07155395, 46.84086787 ], [ -124.07164595, 46.84078837 ], [ -124.07165508, 46.84077936 ], [ -124.0716639, 46.84077331 ], [ -124.0716719, 46.84076778 ], [ -124.07205557, 46.84038932 ], [ -124.07205554, 46.84038424 ], [ -124.07205845, 46.84038137 ], [ -124.07206595, 46.84033587 ], [ -124.07201795, 46.84030287 ], [ -124.07201707, 46.84030281 ], [ -124.07201557, 46.84030158 ], [ -124.07193557, 46.84029052 ], [ -124.0719117, 46.84030152 ], [ -124.07174377, 46.84047158 ], [ -124.07161597, 46.84056478 ], [ -124.0715919, 46.84058138 ], [ -124.07158397, 46.84058678 ], [ -124.0714881, 46.84063612 ], [ -124.07135217, 46.84072952 ], [ -124.07129617, 46.84076791 ], [ -124.07116837, 46.84082818 ], [ -124.0710545, 46.84087163 ], [ -124.0709436, 46.84091174 ], [ -124.07092951, 46.84091366 ], [ -124.0708482, 46.84089562 ], [ -124.07086695, 46.84082987 ], [ -124.07099395, 46.84074787 ], [ -124.07116195, 46.84059887 ], [ -124.07118228, 46.84058095 ], [ -124.07123217, 46.84054298 ], [ -124.07123728, 46.84053249 ], [ -124.07124195, 46.84052837 ], [ -124.07151396, 46.84016087 ], [ -124.07152196, 46.84009987 ], [ -124.07151396, 46.84002887 ], [ -124.07142596, 46.83994686 ], [ -124.07142572, 46.83994676 ], [ -124.07142397, 46.83994512 ], [ -124.07132797, 46.83990118 ], [ -124.0711441, 46.83984092 ], [ -124.07112817, 46.83983532 ], [ -124.0710249, 46.83983949 ], [ -124.07102361, 46.83984218 ], [ -124.07100996, 46.83984286 ], [ -124.07088996, 46.83987486 ], [ -124.07085046, 46.83991636 ], [ -124.07074696, 46.84003486 ], [ -124.07067855, 46.84020113 ], [ -124.07067257, 46.84020838 ], [ -124.0706007, 46.84033458 ], [ -124.07027297, 46.84070212 ], [ -124.0702683, 46.84071166 ], [ -124.07025778, 46.84072346 ], [ -124.07024097, 46.84073498 ], [ -124.0700331, 46.84092698 ], [ -124.06949757, 46.84130012 ], [ -124.0694817, 46.84131098 ], [ -124.0692179, 46.84149211 ], [ -124.06901797, 46.84157978 ], [ -124.0689541, 46.84161812 ], [ -124.0689301, 46.84162918 ], [ -124.0687783, 46.84171692 ], [ -124.0687063, 46.84173892 ], [ -124.06861037, 46.84174438 ], [ -124.06854314, 46.84173928 ], [ -124.06853766, 46.84173875 ], [ -124.06852633, 46.84173614 ], [ -124.06836894, 46.84160687 ], [ -124.06836251, 46.84159722 ], [ -124.0683625, 46.84159638 ], [ -124.0683424, 46.84156706 ], [ -124.06830094, 46.84150487 ], [ -124.06816894, 46.84131837 ], [ -124.06816641, 46.84131598 ], [ -124.06816257, 46.84130012 ], [ -124.0680528, 46.84120867 ], [ -124.06796494, 46.84109286 ], [ -124.06794095, 46.84087886 ], [ -124.06800495, 46.84075286 ], [ -124.06799695, 46.84068186 ], [ -124.067961, 46.84065527 ], [ -124.0678987, 46.84060898 ], [ -124.06774677, 46.84055418 ], [ -124.0673471, 46.84051032 ], [ -124.0671473, 46.84047198 ], [ -124.0671153, 46.84046638 ], [ -124.06701137, 46.84048298 ], [ -124.0669315, 46.84049392 ], [ -124.06675557, 46.84055432 ], [ -124.06665957, 46.84054878 ], [ -124.06664954, 46.84054602 ], [ -124.06659245, 46.84052836 ], [ -124.06640595, 46.84036886 ], [ -124.06635938, 46.84033726 ], [ -124.0662919, 46.84029098 ], [ -124.06621219, 46.84024724 ], [ -124.06616595, 46.84020486 ], [ -124.06614196, 46.84010086 ], [ -124.06616596, 46.83999086 ], [ -124.06616596, 46.83991986 ], [ -124.06616221, 46.83990954 ], [ -124.06615597, 46.83987958 ], [ -124.06614947, 46.83987507 ], [ -124.06610196, 46.83979886 ], [ -124.06597396, 46.83968886 ], [ -124.06597362, 46.83968883 ], [ -124.06597217, 46.83968758 ], [ -124.06596644, 46.8396883 ], [ -124.06587946, 46.83968186 ], [ -124.06581796, 46.83961786 ], [ -124.06580596, 46.83952985 ], [ -124.06591396, 46.83941785 ], [ -124.06579797, 46.83917385 ], [ -124.06573397, 46.83899785 ], [ -124.06576597, 46.83888785 ], [ -124.06596597, 46.83865285 ], [ -124.06602198, 46.83848185 ], [ -124.06610998, 46.83833985 ], [ -124.06612598, 46.83826885 ], [ -124.06611398, 46.83809835 ], [ -124.06602198, 46.83791785 ], [ -124.06595398, 46.83784335 ], [ -124.06573699, 46.83760785 ], [ -124.06546199, 46.83739584 ], [ -124.06542199, 46.83733085 ], [ -124.06521499, 46.83719384 ], [ -124.06515899, 46.83713284 ], [ -124.064727, 46.83683684 ], [ -124.064559, 46.83667784 ], [ -124.064407, 46.83646884 ], [ -124.06435101, 46.83576684 ], [ -124.06435901, 46.83552584 ], [ -124.06432302, 46.83507083 ], [ -124.06413003, 46.83447783 ], [ -124.06376803, 46.83423683 ], [ -124.06357603, 46.83406683 ], [ -124.06333003, 46.83389383 ], [ -124.06333303, 46.83379983 ], [ -124.06346604, 46.83354783 ], [ -124.06383204, 46.83341083 ], [ -124.06419904, 46.83350283 ], [ -124.06436404, 46.83363083 ], [ -124.06523103, 46.83430283 ], [ -124.06599702, 46.83450783 ], [ -124.06633002, 46.83505684 ], [ -124.06786202, 46.83519384 ], [ -124.06786203, 46.83409683 ], [ -124.06769604, 46.83357083 ], [ -124.06796204, 46.83304583 ], [ -124.06822805, 46.83279383 ], [ -124.06859505, 46.83263383 ], [ -124.06932706, 46.83183383 ], [ -124.06939407, 46.83123982 ], [ -124.06902708, 46.83034782 ], [ -124.06789509, 46.82952582 ], [ -124.06752909, 46.82936581 ], [ -124.0655311, 46.82808581 ], [ -124.06619712, 46.8269198 ], [ -124.06716213, 46.8261198 ], [ -124.06756213, 46.8260288 ], [ -124.06809413, 46.8256398 ], [ -124.06832714, 46.8249318 ], [ -124.06889315, 46.82435979 ], [ -124.06945916, 46.82355979 ], [ -124.06959216, 46.82298879 ], [ -124.06952617, 46.82271479 ], [ -124.07002518, 46.82166279 ], [ -124.06969219, 46.82088578 ], [ -124.06942619, 46.82063478 ], [ -124.0693262, 46.82035978 ], [ -124.06932621, 46.81962878 ], [ -124.06912621, 46.81908077 ], [ -124.06789422, 46.81857777 ], [ -124.06709522, 46.81814477 ], [ -124.06629623, 46.81736676 ], [ -124.06596324, 46.81658976 ], [ -124.06589625, 46.81626976 ], [ -124.06566325, 46.81594976 ], [ -124.06559625, 46.81565275 ], [ -124.06523026, 46.81514975 ], [ -124.06496428, 46.81380175 ], [ -124.06553029, 46.81316174 ], [ -124.06599629, 46.81291074 ], [ -124.06636229, 46.81291074 ], [ -124.06765628, 46.81327675 ], [ -124.07193928, 46.81314575 ], [ -124.07209528, 46.81325475 ], [ -124.07239128, 46.81344075 ], [ -124.07257128, 46.81356075 ], [ -124.07267628, 46.81363975 ], [ -124.07279228, 46.81370876 ], [ -124.07288128, 46.81373975 ], [ -124.07298128, 46.81375776 ], [ -124.07322228, 46.81372876 ], [ -124.07344528, 46.81363776 ], [ -124.07366528, 46.81351676 ], [ -124.07399628, 46.81322375 ], [ -124.07422829, 46.81307675 ], [ -124.07464729, 46.81293175 ], [ -124.07492429, 46.81285975 ], [ -124.07532429, 46.81274475 ], [ -124.07545729, 46.81272775 ], [ -124.07560929, 46.81272375 ], [ -124.07579429, 46.81275975 ], [ -124.07599529, 46.81280576 ], [ -124.07618229, 46.81286276 ], [ -124.07630829, 46.81293176 ], [ -124.07648329, 46.81304176 ], [ -124.07667029, 46.81310876 ], [ -124.07681029, 46.81314676 ], [ -124.07704228, 46.81319176 ], [ -124.07715229, 46.81318476 ], [ -124.07755828, 46.81316976 ], [ -124.07774529, 46.81318076 ], [ -124.07791328, 46.81320076 ], [ -124.07836328, 46.81328076 ], [ -124.07870928, 46.81328576 ], [ -124.07897328, 46.81324876 ], [ -124.07904128, 46.81321976 ], [ -124.07915929, 46.81317076 ], [ -124.07937729, 46.81301376 ], [ -124.07955029, 46.81272176 ], [ -124.07977529, 46.81239676 ], [ -124.0799913, 46.81199376 ], [ -124.08025831, 46.81144676 ], [ -124.08030731, 46.81127475 ], [ -124.08030531, 46.81116075 ], [ -124.08016331, 46.81092275 ], [ -124.08000032, 46.81063075 ], [ -124.07992032, 46.81044575 ], [ -124.07990032, 46.81036275 ], [ -124.07991932, 46.81027975 ], [ -124.08012832, 46.81009975 ], [ -124.08024332, 46.80999975 ], [ -124.08040132, 46.80989675 ], [ -124.08055033, 46.80984175 ], [ -124.08155533, 46.80979175 ], [ -124.08174633, 46.80979275 ], [ -124.08170333, 46.80965575 ], [ -124.08168734, 46.80859174 ], [ -124.08167134, 46.80851974 ], [ -124.08169435, 46.80780174 ], [ -124.08373235, 46.80783374 ], [ -124.08429935, 46.80782874 ], [ -124.08429936, 46.80739474 ], [ -124.08233336, 46.80736274 ], [ -124.08233336, 46.80677574 ], [ -124.08294836, 46.80675374 ], [ -124.08298037, 46.80597973 ], [ -124.08402637, 46.80596874 ], [ -124.08401038, 46.80556873 ], [ -124.08348338, 46.80562373 ], [ -124.08297238, 46.80571673 ], [ -124.08262037, 46.80582673 ], [ -124.08140642, 46.80248672 ], [ -124.08137242, 46.80209772 ], [ -124.07994142, 46.80196071 ], [ -124.07964143, 46.80175571 ], [ -124.07990743, 46.80106971 ], [ -124.07994044, 46.80020071 ], [ -124.07887545, 46.7993557 ], [ -124.07877547, 46.7981667 ], [ -124.07954047, 46.7980527 ], [ -124.07934048, 46.79745869 ], [ -124.07830948, 46.79750469 ], [ -124.07800948, 46.79688769 ], [ -124.07897449, 46.79663569 ], [ -124.07920749, 46.79617869 ], [ -124.07947349, 46.79604169 ], [ -124.07935452, 46.79415468 ], [ -124.07943352, 46.79415568 ], [ -124.07982252, 46.79415668 ], [ -124.08004352, 46.79415768 ], [ -124.08109652, 46.79419768 ], [ -124.08122552, 46.79420368 ], [ -124.08145752, 46.79421568 ], [ -124.08167802, 46.79424768 ], [ -124.08179852, 46.79424668 ], [ -124.08212152, 46.79424468 ], [ -124.08222952, 46.79424468 ], [ -124.08230052, 46.79424368 ], [ -124.08251652, 46.79424368 ], [ -124.08258852, 46.79424368 ], [ -124.08280352, 46.79424268 ], [ -124.08355552, 46.79424268 ], [ -124.08379852, 46.79424368 ], [ -124.08387352, 46.79424368 ], [ -124.08685002, 46.79424419 ], [ -124.08703952, 46.79424269 ], [ -124.08755252, 46.79423769 ], [ -124.08901952, 46.79422669 ], [ -124.08950952, 46.79422369 ], [ -124.08967552, 46.79422169 ], [ -124.09017352, 46.79421569 ], [ -124.09034752, 46.79421369 ], [ -124.09043077, 46.79421269 ], [ -124.09056152, 46.79421069 ], [ -124.09095452, 46.79420569 ], [ -124.09152652, 46.79419969 ], [ -124.09244852, 46.79417869 ], [ -124.09294652, 46.79416769 ], [ -124.09389452, 46.7941457 ], [ -124.09627652, 46.7940927 ], [ -124.09673952, 46.7940917 ], [ -124.09768852, 46.7940917 ], [ -124.09804373, 46.79407858 ], [ -124.09807633, 46.79412309 ], [ -124.09829184, 46.79434996 ], [ -124.09841856, 46.79455899 ], [ -124.09846921, 46.79470802 ], [ -124.09854122, 46.79490356 ], [ -124.09859216, 46.79506661 ], [ -124.09859232, 46.79506882 ], [ -124.09859131, 46.79507268 ], [ -124.09858656, 46.79507646 ], [ -124.09857995, 46.79508026 ], [ -124.09857534, 46.79508287 ], [ -124.09857181, 46.79508536 ], [ -124.09857014, 46.79508752 ], [ -124.09857043, 46.79509099 ], [ -124.0985761, 46.79536952 ], [ -124.09854839, 46.79554122 ], [ -124.09859362, 46.79571936 ], [ -124.09859711, 46.79589076 ], [ -124.09856016, 46.7961197 ], [ -124.0984217, 46.79647104 ], [ -124.09835239, 46.79664314 ], [ -124.09832424, 46.79679342 ], [ -124.09821247, 46.79692306 ], [ -124.09814112, 46.79699518 ], [ -124.0979951, 46.79697515 ], [ -124.09792274, 46.79699727 ], [ -124.09799815, 46.79712513 ], [ -124.09810461, 46.79724554 ], [ -124.09814926, 46.79739511 ], [ -124.0983291, 46.7975434 ], [ -124.09852138, 46.79779156 ], [ -124.09862799, 46.79791911 ], [ -124.0987157, 46.79813971 ], [ -124.09885598, 46.79838837 ], [ -124.09897546, 46.79863723 ], [ -124.09905393, 46.79891506 ], [ -124.09909124, 46.79921471 ], [ -124.09913837, 46.7994857 ], [ -124.0990727, 46.79983634 ], [ -124.09903575, 46.80006527 ], [ -124.09904084, 46.80031523 ], [ -124.09904477, 46.80050806 ], [ -124.0990484, 46.8006866 ], [ -124.09902171, 46.8009083 ], [ -124.09895196, 46.80105897 ], [ -124.09880738, 46.80111036 ], [ -124.09870338, 46.80111136 ], [ -124.09859159, 46.80124101 ], [ -124.09876985, 46.80131073 ], [ -124.09899087, 46.80143718 ], [ -124.09918259, 46.80165678 ], [ -124.09936448, 46.80190504 ], [ -124.0995162, 46.80220359 ], [ -124.09963628, 46.80248102 ], [ -124.09966952, 46.80258071 ], [ -124.09964486, 46.80290238 ], [ -124.09961628, 46.80303123 ], [ -124.09964996, 46.80315234 ], [ -124.09972538, 46.80328019 ], [ -124.09976008, 46.8034513 ], [ -124.09970073, 46.80360187 ], [ -124.09962996, 46.80370255 ], [ -124.09969353, 46.80375909 ], [ -124.09981099, 46.80390796 ], [ -124.09988831, 46.80412866 ], [ -124.10001029, 46.80449893 ], [ -124.1001973, 46.80499715 ], [ -124.10027826, 46.80539638 ], [ -124.10036082, 46.80587418 ], [ -124.10036986, 46.80631696 ], [ -124.10041038, 46.80677373 ], [ -124.10053339, 46.80719399 ], [ -124.10058417, 46.80764352 ], [ -124.10062557, 46.80814314 ], [ -124.10063315, 46.80851451 ], [ -124.10067149, 46.80886415 ], [ -124.10071878, 46.80914228 ], [ -124.10069107, 46.80931398 ], [ -124.10057928, 46.80944363 ], [ -124.10061354, 46.80959331 ], [ -124.10076121, 46.80969189 ], [ -124.10085098, 46.81001246 ], [ -124.10092112, 46.81039037 ], [ -124.10096928, 46.81071135 ], [ -124.10094682, 46.81114015 ], [ -124.10098357, 46.81141124 ], [ -124.10102089, 46.81171089 ], [ -124.10106658, 46.81191046 ], [ -124.10107168, 46.81216042 ], [ -124.10103517, 46.81241078 ], [ -124.10093625, 46.81266174 ], [ -124.10083529, 46.81281271 ], [ -124.10069009, 46.81283554 ], [ -124.10043266, 46.81296659 ], [ -124.1005516, 46.81318688 ], [ -124.10083509, 46.81331273 ], [ -124.10102685, 46.81353232 ], [ -124.10125202, 46.81385874 ], [ -124.10158266, 46.81425557 ], [ -124.10177706, 46.81460371 ], [ -124.10182275, 46.81480328 ], [ -124.10182524, 46.81492469 ], [ -124.10189232, 46.81515262 ], [ -124.10201229, 46.8154229 ], [ -124.1021626, 46.81565003 ], [ -124.10227481, 46.81604897 ], [ -124.10235317, 46.81631965 ], [ -124.10232561, 46.81649849 ], [ -124.10235989, 46.81664817 ], [ -124.10247841, 46.81684703 ], [ -124.10248191, 46.81701843 ], [ -124.10241376, 46.81724767 ], [ -124.10244745, 46.81736878 ], [ -124.10245154, 46.81756874 ], [ -124.10238383, 46.8178194 ], [ -124.10235568, 46.81796968 ], [ -124.10235773, 46.81806966 ], [ -124.10228695, 46.81817035 ], [ -124.10232225, 46.81837002 ], [ -124.10232589, 46.81854856 ], [ -124.10228734, 46.81869893 ], [ -124.10221642, 46.81879248 ], [ -124.10221846, 46.81889246 ], [ -124.10218885, 46.81897132 ], [ -124.10211647, 46.81899345 ], [ -124.10204569, 46.81909413 ], [ -124.102298, 46.81922028 ], [ -124.1025528, 46.81946783 ], [ -124.10274517, 46.81971598 ], [ -124.10289491, 46.81991455 ], [ -124.10300246, 46.82008495 ], [ -124.10307937, 46.82028421 ], [ -124.10308142, 46.82038419 ], [ -124.10319951, 46.82056163 ], [ -124.10335131, 46.82086018 ], [ -124.10338719, 46.82108841 ], [ -124.10336197, 46.82138152 ], [ -124.10333646, 46.82166035 ], [ -124.10332912, 46.82181043 ], [ -124.10322757, 46.82193284 ], [ -124.10319796, 46.8220117 ], [ -124.10337732, 46.8221314 ], [ -124.10360194, 46.82242924 ], [ -124.10375228, 46.82265637 ], [ -124.1038292, 46.82285564 ], [ -124.10379109, 46.82302744 ], [ -124.10376149, 46.8231063 ], [ -124.10379475, 46.82320598 ], [ -124.10387959, 46.82328374 ], [ -124.10401733, 46.82340384 ], [ -124.10413646, 46.82363127 ], [ -124.10421382, 46.82385196 ], [ -124.10421792, 46.82405193 ], [ -124.10421938, 46.82412334 ], [ -124.1043265, 46.82427232 ], [ -124.10437222, 46.82447188 ], [ -124.10444973, 46.82469971 ], [ -124.10452768, 46.82494896 ], [ -124.10460622, 46.82522679 ], [ -124.10464255, 46.82547645 ], [ -124.10468929, 46.825726 ], [ -124.10472504, 46.82594709 ], [ -124.10477135, 46.82617522 ], [ -124.10484989, 46.82645305 ], [ -124.10493033, 46.82682371 ], [ -124.10497854, 46.82714468 ], [ -124.10501502, 46.82740148 ], [ -124.1049863, 46.82752319 ], [ -124.10505019, 46.82759401 ], [ -124.10513563, 46.82770033 ], [ -124.10547995, 46.82909373 ], [ -124.10600964, 46.83104137 ], [ -124.10642877, 46.83312973 ], [ -124.10693425, 46.83471289 ], [ -124.10747036, 46.83675503 ], [ -124.10793524, 46.83874828 ], [ -124.10853009, 46.84065046 ], [ -124.1092862, 46.8430504 ], [ -124.11017341, 46.84615506 ], [ -124.11158491, 46.8503398 ], [ -124.11304776, 46.85427159 ], [ -124.11460184, 46.85860724 ], [ -124.114643274839537, 46.858714474427906 ], [ -124.115624414, 46.858614851 ], [ -124.116359053, 46.858540257 ], [ -124.11650461, 46.858532634 ], [ -124.116508209, 46.858533152 ], [ -124.116563937, 46.858664444 ], [ -124.117776426, 46.858654537 ], [ -124.120583449, 46.858631603 ], [ -124.120727537, 46.858637685 ], [ -124.120735414, 46.858660578 ], [ -124.120750938, 46.858849443 ], [ -124.121074533, 46.859532031 ], [ -124.125242323, 46.868323522 ], [ -124.125393959, 46.86864338 ], [ -124.125915941, 46.869744443 ], [ -124.126009941, 46.870005443 ], [ -124.126286022, 46.87000835 ], [ -124.126288145, 46.870011237 ], [ -124.126293954, 46.870050671 ], [ -124.126294941, 46.870060605 ], [ -124.126294941, 46.870779443 ], [ -124.126597941, 46.871612443 ], [ -124.1266427, 46.87173503 ], [ -124.126814343, 46.872205138 ], [ -124.126855999, 46.872339902 ], [ -124.126715199, 46.872348367 ], [ -124.12289092, 46.872385674 ], [ -124.120254041, 46.872411397 ], [ -124.120101903, 46.872405107 ], [ -124.120097485, 46.872403999 ], [ -124.119969487, 46.872058354 ], [ -124.119969487, 46.872058353 ], [ -124.119969486, 46.872058352 ], [ -124.119969486, 46.872058351 ], [ -124.119969485, 46.87205835 ], [ -124.119969484, 46.87205835 ], [ -124.119969484, 46.872058349 ], [ -124.119969483, 46.872058348 ], [ -124.119969482, 46.872058348 ], [ -124.119969481, 46.872058348 ], [ -124.11996948, 46.872058347 ], [ -124.119969479, 46.872058347 ], [ -124.119969478, 46.872058347 ], [ -124.114980919, 46.872037624 ], [ -124.114980918, 46.872037624 ], [ -124.114980917, 46.872037624 ], [ -124.114980916, 46.872037624 ], [ -124.114980915, 46.872037625 ], [ -124.114980914, 46.872037626 ], [ -124.114980913, 46.872037626 ], [ -124.114980912, 46.872037627 ], [ -124.114980912, 46.872037628 ], [ -124.114980911, 46.872037628 ], [ -124.11498091, 46.872037629 ], [ -124.11498091, 46.87203763 ], [ -124.11498091, 46.872037631 ], [ -124.114980909, 46.872037632 ], [ -124.114980909, 46.872037633 ], [ -124.114980909, 46.872037634 ], [ -124.114982752, 46.872454664 ], [ -124.114981165, 46.872455266 ], [ -124.114831377, 46.872464297 ], [ -124.114831376, 46.872464297 ], [ -124.106359187, 46.872546946 ], [ -124.106357962, 46.872546928 ], [ -124.080263788, 46.872796185 ], [ -124.080124166, 46.872790708 ], [ -124.080114558, 46.872651306 ], [ -124.079852549, 46.859588792 ], [ -124.079857071, 46.859441931 ], [ -124.079960463097748, 46.859407677989353 ], [ -124.07936472, 46.85957196 ], [ -124.07835972, 46.85983996 ], [ -124.07798971, 46.85994196 ], [ -124.07712871, 46.86017996 ], [ -124.07606371, 46.86045896 ], [ -124.07517271, 46.86068896 ], [ -124.07098369, 46.86178496 ] ], [ [ -124.08296873, 46.85880796 ], [ -124.082919211311193, 46.858811135547178 ], [ -124.083018329138383, 46.858808016039497 ], [ -124.08296873, 46.85880796 ] ], [ [ -124.08246973, 46.85883996 ], [ -124.082457650682954, 46.858841360500527 ], [ -124.082481864326951, 46.858839181846768 ], [ -124.08246973, 46.85883996 ] ], [ [ -124.08212473, 46.85887996 ], [ -124.082058072965182, 46.858892893454517 ], [ -124.082192173526551, 46.85887214046069 ], [ -124.08212473, 46.85887996 ] ] ], [ [ [ -124.16916688, 47.01743384 ], [ -124.16957854, 47.01744941 ], [ -124.16955473, 47.01749169 ], [ -124.16957717, 47.01764452 ], [ -124.16958834, 47.01810341 ], [ -124.16956515, 47.01817551 ], [ -124.16958541, 47.01835517 ], [ -124.16958279, 47.01920118 ], [ -124.1696089, 47.01940793 ], [ -124.16964248, 47.01948852 ], [ -124.16965289, 47.01964138 ], [ -124.16968613, 47.01977602 ], [ -124.16977696, 47.020108 ], [ -124.16979634, 47.0202158 ], [ -124.16982083, 47.02057563 ], [ -124.16982018, 47.02121468 ], [ -124.16984077, 47.02134028 ], [ -124.16985356, 47.0216461 ], [ -124.16988524, 47.02181664 ], [ -124.16988417, 47.0226264 ], [ -124.16990513, 47.02269847 ], [ -124.16991649, 47.02280636 ], [ -124.16999536, 47.02302155 ], [ -124.17000855, 47.02315631 ], [ -124.17002888, 47.02321914 ], [ -124.17003086, 47.02354297 ], [ -124.17005351, 47.02387574 ], [ -124.17005272, 47.02421784 ], [ -124.17007264, 47.02445155 ], [ -124.17007287, 47.02516245 ], [ -124.17010655, 47.02565717 ], [ -124.17011499, 47.02601699 ], [ -124.17015068, 47.0261874 ], [ -124.17014886, 47.02669131 ], [ -124.17015893, 47.02689822 ], [ -124.1702285, 47.02721252 ], [ -124.17024851, 47.02786018 ], [ -124.1703387, 47.02830043 ], [ -124.17037093, 47.02859687 ], [ -124.17037209, 47.02873185 ], [ -124.17039359, 47.02892965 ], [ -124.17039702, 47.02914982 ], [ -124.17033666, 47.02942254 ], [ -124.1592298, 47.02940482 ], [ -124.1588068, 47.02940382 ], [ -124.1563028, 47.02939982 ], [ -124.15610081, 47.02766381 ], [ -124.15577783, 47.02467781 ], [ -124.15572384, 47.02418481 ], [ -124.15567484, 47.02372781 ], [ -124.15561584, 47.02318281 ], [ -124.15534586, 47.0210968 ], [ -124.15481988, 47.0186008 ], [ -124.15469388, 47.0179448 ], [ -124.15468988, 47.0176358 ], [ -124.15477688, 47.0174768 ], [ -124.15488988, 47.0173758 ], [ -124.15512888, 47.0172708 ], [ -124.15533688, 47.0172288 ], [ -124.155515297413302, 47.017225433633712 ], [ -124.155474, 47.01531 ], [ -124.158804895150922, 47.015276579647313 ], [ -124.158776907, 47.017106558 ], [ -124.162093420835276, 47.01716473110401 ], [ -124.162098069133634, 47.017380277969856 ], [ -124.16262088, 47.01738282 ], [ -124.16612588, 47.01740083 ], [ -124.16719438, 47.01740399 ], [ -124.16827076, 47.01740717 ], [ -124.16849788, 47.01740783 ], [ -124.16916688, 47.01743384 ] ] ], [ [ [ -124.077141, 47.043641 ], [ -124.07056, 47.043703 ], [ -124.070557, 47.043551 ], [ -124.070353, 47.043553 ], [ -124.070263, 47.039055 ], [ -124.076843, 47.038993 ], [ -124.076846, 47.039145 ], [ -124.07705, 47.039143 ], [ -124.077141, 47.043641 ] ] ], [ [ [ -124.17137431, 47.04480245 ], [ -124.17145316, 47.04513463 ], [ -124.17147563, 47.04528763 ], [ -124.17149874, 47.04533218 ], [ -124.17151072, 47.04544897 ], [ -124.17153044, 47.04550273 ], [ -124.17156454, 47.04582638 ], [ -124.17154163, 47.04596161 ], [ -124.17153126, 47.04633987 ], [ -124.17155336, 47.0465464 ], [ -124.17157555, 47.04663627 ], [ -124.17158625, 47.04685226 ], [ -124.17163058, 47.04703131 ], [ -124.17175487, 47.04791239 ], [ -124.17176166, 47.04907289 ], [ -124.17189769, 47.04989046 ], [ -124.17189757, 47.05012446 ], [ -124.17191759, 47.05142006 ], [ -124.17195269, 47.05158157 ], [ -124.17196212, 47.05189675 ], [ -124.17198367, 47.05197721 ], [ -124.17198963, 47.05205946 ], [ -124.17197964, 47.05220189 ], [ -124.1720319, 47.05264328 ], [ -124.17205204, 47.05292148 ], [ -124.1720911, 47.05314332 ], [ -124.17210178, 47.05323351 ], [ -124.17214115, 47.05375752 ], [ -124.17214955, 47.05423434 ], [ -124.17219543, 47.05449501 ], [ -124.17221659, 47.05474651 ], [ -124.17224155, 47.05481811 ], [ -124.17225103, 47.05501613 ], [ -124.17227443, 47.0551238 ], [ -124.17230619, 47.05582546 ], [ -124.17244057, 47.05655172 ], [ -124.17262859, 47.05940391 ], [ -124.17285257, 47.06248091 ], [ -124.17312022, 47.06440298 ], [ -124.17312919, 47.06483379 ], [ -124.17317418, 47.06502226 ], [ -124.1732297, 47.06518914 ], [ -124.17364553, 47.06817492 ], [ -124.17374751, 47.07060393 ], [ -124.1738285, 47.07254593 ], [ -124.17403749, 47.07427893 ], [ -124.17440648, 47.07580393 ], [ -124.17498346, 47.07815194 ], [ -124.17503395, 47.07866468 ], [ -124.17499773, 47.07883469 ], [ -124.17507809, 47.07911292 ], [ -124.17518445, 47.08019294 ], [ -124.17524944, 47.08056694 ], [ -124.17547289, 47.08186228 ], [ -124.17523913, 47.08206276 ], [ -124.17492195, 47.08275855 ], [ -124.17485317, 47.08295768 ], [ -124.17462798, 47.08363252 ], [ -124.17461178, 47.08382208 ], [ -124.17459712, 47.0839531 ], [ -124.17456616, 47.08419134 ], [ -124.17454614, 47.08441327 ], [ -124.17454615, 47.08459014 ], [ -124.17455023, 47.0848192 ], [ -124.17455847, 47.08511658 ], [ -124.17456296, 47.08526328 ], [ -124.17463612, 47.08556253 ], [ -124.17476156, 47.08601692 ], [ -124.17491173, 47.08649488 ], [ -124.17490111, 47.08675888 ], [ -124.17489307, 47.08717103 ], [ -124.17470804, 47.08752174 ], [ -124.17448485, 47.08770348 ], [ -124.17420244, 47.08790821 ], [ -124.17391045, 47.08812714 ], [ -124.17356304, 47.08828487 ], [ -124.17324575, 47.08843478 ], [ -124.17317694, 47.08847179 ], [ -124.17283819, 47.08845461 ], [ -124.17256788, 47.08809301 ], [ -124.17242217, 47.08805562 ], [ -124.17224391, 47.08814518 ], [ -124.17229694, 47.08817146 ], [ -124.1723533, 47.08824652 ], [ -124.17236951, 47.08833692 ], [ -124.17238622, 47.08842714 ], [ -124.1724029, 47.08852439 ], [ -124.17240287, 47.08867124 ], [ -124.17240042, 47.08879003 ], [ -124.17249215, 47.08878711 ], [ -124.17254667, 47.08868056 ], [ -124.17261643, 47.08865741 ], [ -124.1727287, 47.08865384 ], [ -124.17290309, 47.08866218 ], [ -124.1730063, 47.08867296 ], [ -124.17312048, 47.08869729 ], [ -124.17327672, 47.08873418 ], [ -124.17349314, 47.08876228 ], [ -124.17375642, 47.08871891 ], [ -124.17409996, 47.08865908 ], [ -124.17435034, 47.08858129 ], [ -124.17476029, 47.08858917 ], [ -124.17499286, 47.08900103 ], [ -124.17508313, 47.0891239 ], [ -124.17515808, 47.08932411 ], [ -124.17522206, 47.08951078 ], [ -124.17524401, 47.08967785 ], [ -124.17526498, 47.08983775 ], [ -124.17523145, 47.09009735 ], [ -124.17517789, 47.09035775 ], [ -124.17512717, 47.09051993 ], [ -124.17508464, 47.09064017 ], [ -124.17503155, 47.09076761 ], [ -124.17489009, 47.09093989 ], [ -124.17475579, 47.09106991 ], [ -124.17458082, 47.09135493 ], [ -124.17457315, 47.09139703 ], [ -124.17457026, 47.09150194 ], [ -124.17455638, 47.09160034 ], [ -124.17451098, 47.09167864 ], [ -124.17442445, 47.09176511 ], [ -124.17438813, 47.09182922 ], [ -124.17439336, 47.09190591 ], [ -124.1744091, 47.0919893 ], [ -124.17442677, 47.09209355 ], [ -124.1744511, 47.09215556 ], [ -124.17453088, 47.0922719 ], [ -124.17460967, 47.09238125 ], [ -124.17474676, 47.09258634 ], [ -124.17484801, 47.09272293 ], [ -124.17494641, 47.09281758 ], [ -124.17510933, 47.09295221 ], [ -124.17513711, 47.09297353 ], [ -124.17529277, 47.09309304 ], [ -124.17543323, 47.09320042 ], [ -124.17562481, 47.0933132 ], [ -124.1757968, 47.09343347 ], [ -124.17608583, 47.09361983 ], [ -124.17628361, 47.09381613 ], [ -124.17637053, 47.09397067 ], [ -124.17657451, 47.09425769 ], [ -124.17660705, 47.09446958 ], [ -124.17675653, 47.0949133 ], [ -124.17686331, 47.09553238 ], [ -124.17679943, 47.09580337 ], [ -124.17694647, 47.0961358 ], [ -124.17704835, 47.0965323 ], [ -124.17705431, 47.09680257 ], [ -124.17706061, 47.09708874 ], [ -124.17714027, 47.09753318 ], [ -124.17724075, 47.09786609 ], [ -124.17731411, 47.09802435 ], [ -124.17732532, 47.0985331 ], [ -124.17726143, 47.09880409 ], [ -124.17719789, 47.09909098 ], [ -124.17718057, 47.09936149 ], [ -124.17728106, 47.0996944 ], [ -124.17728491, 47.09986928 ], [ -124.17735827, 47.10002754 ], [ -124.17745525, 47.10020147 ], [ -124.17753246, 47.10053461 ], [ -124.17740258, 47.1009812 ], [ -124.17724696, 47.10131674 ], [ -124.17709134, 47.10165228 ], [ -124.17716715, 47.10192184 ], [ -124.17733749, 47.10225403 ], [ -124.17750538, 47.10247493 ], [ -124.1775152, 47.10292008 ], [ -124.17758996, 47.10314194 ], [ -124.17785345, 47.10347317 ], [ -124.17792821, 47.10369503 ], [ -124.17809751, 47.10397952 ], [ -124.17836592, 47.10453333 ], [ -124.17853488, 47.10480192 ], [ -124.17870664, 47.1051977 ], [ -124.17871647, 47.10564286 ], [ -124.17888683, 47.10597504 ], [ -124.17890017, 47.10657918 ], [ -124.17907195, 47.10697496 ], [ -124.17914777, 47.10724451 ], [ -124.17916007, 47.10780095 ], [ -124.17916884, 47.10819841 ], [ -124.17934273, 47.10868958 ], [ -124.17951557, 47.10913305 ], [ -124.17962593, 47.10991111 ], [ -124.1797116, 47.11062581 ], [ -124.1797913, 47.11107024 ], [ -124.1799631, 47.11146602 ], [ -124.18000361, 47.1122448 ], [ -124.18008683, 47.11284821 ], [ -124.18000246, 47.11324663 ], [ -124.18000984, 47.11358049 ], [ -124.18027339, 47.11391172 ], [ -124.1805112, 47.11413189 ], [ -124.18054926, 47.11479938 ], [ -124.18056508, 47.1155148 ], [ -124.18057634, 47.11602355 ], [ -124.18072698, 47.11651496 ], [ -124.18082998, 47.11695914 ], [ -124.18106922, 47.11724291 ], [ -124.1812421, 47.11768638 ], [ -124.18141498, 47.11812985 ], [ -124.18152046, 47.11868533 ], [ -124.18152891, 47.11906689 ], [ -124.18169934, 47.11939907 ], [ -124.18187118, 47.11979484 ], [ -124.18210902, 47.12001502 ], [ -124.18243509, 47.12001165 ], [ -124.18245379, 47.12000575 ], [ -124.18261716, 47.12101802 ], [ -124.18351614, 47.12336003 ], [ -124.18355714, 47.12370503 ], [ -124.18388679, 47.12476377 ], [ -124.18400425, 47.12543583 ], [ -124.18438348, 47.12681893 ], [ -124.18446313, 47.12798206 ], [ -124.1845184, 47.12916346 ], [ -124.18451908, 47.13031126 ], [ -124.18436986, 47.13190558 ], [ -124.18421169, 47.13224618 ], [ -124.18381795, 47.13266358 ], [ -124.18341732, 47.13297297 ], [ -124.18317587, 47.13307382 ], [ -124.18270376, 47.13324995 ], [ -124.18265327, 47.13325187 ], [ -124.18220117, 47.13316425 ], [ -124.18211477, 47.13298911 ], [ -124.18203327, 47.13252562 ], [ -124.18193955, 47.13242705 ], [ -124.1817441, 47.13228918 ], [ -124.18163995, 47.13203827 ], [ -124.18175114, 47.13184842 ], [ -124.18175218, 47.1316873 ], [ -124.18167041, 47.13157978 ], [ -124.18150245, 47.13148357 ], [ -124.18139841, 47.13141055 ], [ -124.18129891, 47.13122742 ], [ -124.18125426, 47.13111871 ], [ -124.18140488, 47.13096141 ], [ -124.18173357, 47.13068812 ], [ -124.18183974, 47.13060857 ], [ -124.18187389, 47.1305567 ], [ -124.18183279, 47.13050706 ], [ -124.18159463, 47.13047228 ], [ -124.18144151, 47.1304094 ], [ -124.18132859, 47.13021383 ], [ -124.18121705, 47.13003109 ], [ -124.18118213, 47.1298881 ], [ -124.18122486, 47.12978518 ], [ -124.18109614, 47.12953505 ], [ -124.18099548, 47.12933498 ], [ -124.18090002, 47.12921091 ], [ -124.18087168, 47.12879666 ], [ -124.18067392, 47.1286249 ], [ -124.18060247, 47.12849165 ], [ -124.18107725, 47.12817151 ], [ -124.18108823, 47.12797199 ], [ -124.18095731, 47.12786603 ], [ -124.18075434, 47.12780903 ], [ -124.18067026, 47.12766761 ], [ -124.18060105, 47.12755968 ], [ -124.18059862, 47.1273479 ], [ -124.18078831, 47.12721062 ], [ -124.18103907, 47.12725341 ], [ -124.18126576, 47.12729713 ], [ -124.18148048, 47.12734947 ], [ -124.18174148, 47.12735813 ], [ -124.18194243, 47.12738569 ], [ -124.1821286, 47.12738816 ], [ -124.18226331, 47.12735848 ], [ -124.18209361, 47.12723677 ], [ -124.18190462, 47.12720043 ], [ -124.18170359, 47.12716446 ], [ -124.18149061, 47.12713746 ], [ -124.18120782, 47.12699397 ], [ -124.18100216, 47.12689021 ], [ -124.18065313, 47.12668965 ], [ -124.18070433, 47.12652693 ], [ -124.18058092, 47.12636155 ], [ -124.18055673, 47.12618425 ], [ -124.1803745, 47.12606295 ], [ -124.18024135, 47.12593167 ], [ -124.1804615, 47.12497582 ], [ -124.18046478, 47.12484002 ], [ -124.18040645, 47.12471476 ], [ -124.18029047, 47.1246507 ], [ -124.17979885, 47.12454783 ], [ -124.17960516, 47.12443529 ], [ -124.17941947, 47.12426331 ], [ -124.17933253, 47.12407978 ], [ -124.17932992, 47.12368153 ], [ -124.17917164, 47.12354264 ], [ -124.17897959, 47.12327754 ], [ -124.17894808, 47.12317699 ], [ -124.17889073, 47.12288221 ], [ -124.17887357, 47.122815 ], [ -124.17877928, 47.12270787 ], [ -124.17850213, 47.12246246 ], [ -124.17850781, 47.12236913 ], [ -124.17854081, 47.12230032 ], [ -124.17871713, 47.12215901 ], [ -124.17874905, 47.12208182 ], [ -124.1787313, 47.12200605 ], [ -124.17857359, 47.12187555 ], [ -124.17845637, 47.12161665 ], [ -124.17857448, 47.12152814 ], [ -124.1786092, 47.12148466 ], [ -124.1786143, 47.12138277 ], [ -124.17893017, 47.12091519 ], [ -124.17887572, 47.12066287 ], [ -124.17886878, 47.12056136 ], [ -124.17862102, 47.12056925 ], [ -124.17842522, 47.12060945 ], [ -124.17828937, 47.12062219 ], [ -124.17819798, 47.12055734 ], [ -124.17813397, 47.12052541 ], [ -124.17790789, 47.12049024 ], [ -124.17764395, 47.12026139 ], [ -124.17735023, 47.11995733 ], [ -124.17718617, 47.11973371 ], [ -124.1768937, 47.119455 ], [ -124.17684139, 47.11904992 ], [ -124.17679966, 47.11898349 ], [ -124.17672139, 47.1189268 ], [ -124.17666943, 47.11889449 ], [ -124.17661804, 47.11887073 ], [ -124.17656896, 47.1188807 ], [ -124.17660271, 47.11900674 ], [ -124.17668444, 47.11911427 ], [ -124.17669022, 47.11919883 ], [ -124.17667035, 47.11927581 ], [ -124.17660866, 47.11927777 ], [ -124.17652865, 47.11919557 ], [ -124.17645895, 47.11908766 ], [ -124.17638241, 47.11905613 ], [ -124.17623107, 47.11901857 ], [ -124.17619906, 47.11891787 ], [ -124.17622982, 47.11882374 ], [ -124.17623947, 47.11878106 ], [ -124.17621316, 47.11875651 ], [ -124.17610067, 47.1187431 ], [ -124.17602363, 47.11871176 ], [ -124.17590304, 47.1185799 ], [ -124.17578461, 47.11829565 ], [ -124.17569496, 47.11825613 ], [ -124.17559219, 47.11820862 ], [ -124.1755385, 47.11815098 ], [ -124.17557215, 47.11809913 ], [ -124.17546873, 47.11803466 ], [ -124.17548926, 47.11797465 ], [ -124.17560794, 47.11789453 ], [ -124.17577916, 47.11785529 ], [ -124.17589437, 47.1177245 ], [ -124.17591087, 47.11760544 ], [ -124.17600005, 47.11745421 ], [ -124.17620377, 47.11734617 ], [ -124.17632533, 47.11730833 ], [ -124.17619625, 47.1172361 ], [ -124.17608211, 47.11720594 ], [ -124.17596112, 47.11725217 ], [ -124.17574307, 47.11732687 ], [ -124.17556328, 47.11741734 ], [ -124.1752483, 47.11753749 ], [ -124.17502291, 47.11768877 ], [ -124.1749448, 47.1178182 ], [ -124.17480427, 47.11775491 ], [ -124.17466785, 47.11775925 ], [ -124.17440105, 47.11748812 ], [ -124.17426794, 47.11735683 ], [ -124.17418258, 47.11701216 ], [ -124.17412865, 47.11659033 ], [ -124.17441665, 47.11625917 ], [ -124.17460362, 47.11590584 ], [ -124.17461722, 47.11574432 ], [ -124.17459199, 47.11555883 ], [ -124.17462564, 47.11550698 ], [ -124.17476089, 47.11548569 ], [ -124.17482026, 47.11544983 ], [ -124.17477969, 47.11540035 ], [ -124.17467974, 47.11538655 ], [ -124.1745924, 47.11538092 ], [ -124.17458836, 47.11532169 ], [ -124.17467223, 47.11527665 ], [ -124.17471957, 47.11524118 ], [ -124.17469162, 47.11519987 ], [ -124.17458935, 47.11515217 ], [ -124.17428619, 47.11507707 ], [ -124.174247236587789, 47.115044859157955 ], [ -124.173948, 47.115048 ], [ -124.17399, 47.116938 ], [ -124.173792, 47.11694 ], [ -124.173797, 47.117161 ], [ -124.173524994580447, 47.117163765457228 ], [ -124.17353562, 47.11717256 ], [ -124.17356952, 47.11748507 ], [ -124.17365083, 47.11777051 ], [ -124.17378524, 47.11810504 ], [ -124.17394863, 47.1183117 ], [ -124.17410648, 47.11862868 ], [ -124.17421271, 47.11872702 ], [ -124.1743271, 47.11895206 ], [ -124.17445675, 47.11903267 ], [ -124.17480529, 47.11941134 ], [ -124.17525876, 47.11968494 ], [ -124.17578076, 47.11988018 ], [ -124.17619597, 47.12013818 ], [ -124.1763691, 47.12031056 ], [ -124.17636522, 47.1204378 ], [ -124.17632249, 47.12054072 ], [ -124.17640654, 47.12068214 ], [ -124.17658429, 47.12092214 ], [ -124.17671973, 47.12108732 ], [ -124.17679637, 47.12129674 ], [ -124.17696834, 47.12145217 ], [ -124.17706378, 47.12157625 ], [ -124.17686756, 47.12179436 ], [ -124.17689917, 47.12207298 ], [ -124.1768783, 47.1223193 ], [ -124.17683897, 47.12246465 ], [ -124.17695107, 47.12265596 ], [ -124.17698515, 47.12315476 ], [ -124.17732231, 47.12427075 ], [ -124.1773789, 47.12437067 ], [ -124.17752871, 47.12456936 ], [ -124.17767051, 47.12482748 ], [ -124.17770211, 47.12510593 ], [ -124.17779022, 47.12530657 ], [ -124.17788162, 47.12537143 ], [ -124.17801107, 47.12581641 ], [ -124.17814074, 47.12589703 ], [ -124.17820929, 47.125988 ], [ -124.17823975, 47.12624966 ], [ -124.17831069, 47.12638293 ], [ -124.17830567, 47.12649322 ], [ -124.17828629, 47.12657018 ], [ -124.17834462, 47.12669543 ], [ -124.17838521, 47.12674492 ], [ -124.17842868, 47.12683669 ], [ -124.17848528, 47.12693661 ], [ -124.17869417, 47.12745524 ], [ -124.17869618, 47.12784493 ], [ -124.17875278, 47.12794485 ], [ -124.17878892, 47.12811319 ], [ -124.17884957, 47.12827217 ], [ -124.17890576, 47.12855 ], [ -124.17887846, 47.1286948 ], [ -124.17890315, 47.12887208 ], [ -124.17883816, 47.12900967 ], [ -124.17886233, 47.12918679 ], [ -124.17887274, 47.12933897 ], [ -124.17889742, 47.12951608 ], [ -124.17902555, 47.12975782 ], [ -124.17911656, 47.13000058 ], [ -124.17921607, 47.13018388 ], [ -124.1791986, 47.13047246 ], [ -124.17915645, 47.13058394 ], [ -124.17930233, 47.13090129 ], [ -124.17932239, 47.13101078 ], [ -124.17937783, 47.13109376 ], [ -124.17934707, 47.13118789 ], [ -124.17939806, 47.13138955 ], [ -124.17942861, 47.13165979 ], [ -124.17946005, 47.13175194 ], [ -124.17953892, 47.13181719 ], [ -124.1795444, 47.13225755 ], [ -124.17961421, 47.13237403 ], [ -124.17966734, 47.13242312 ], [ -124.17968642, 47.13270213 ], [ -124.17978593, 47.13288543 ], [ -124.17985573, 47.13300175 ], [ -124.17991639, 47.1331609 ], [ -124.18002149, 47.13324212 ], [ -124.18021753, 47.13338855 ], [ -124.1802502, 47.13350605 ], [ -124.18025493, 47.13375156 ], [ -124.18030988, 47.13383455 ], [ -124.18041384, 47.133899 ], [ -124.18047421, 47.13405387 ], [ -124.18052695, 47.13428103 ], [ -124.18059329, 47.13434668 ], [ -124.18059791, 47.13441429 ], [ -124.18056252, 47.13444081 ], [ -124.18060959, 47.1347613 ], [ -124.18065134, 47.13482773 ], [ -124.18066569, 47.13486107 ], [ -124.18071431, 47.13502061 ], [ -124.18076694, 47.13506971 ], [ -124.18070253, 47.13521586 ], [ -124.18071814, 47.13544403 ], [ -124.18076048, 47.13551902 ], [ -124.1806893, 47.13574996 ], [ -124.18076077, 47.13588338 ], [ -124.18075459, 47.13597673 ], [ -124.18069577, 47.13602097 ], [ -124.18067647, 47.13610633 ], [ -124.18074215, 47.13615502 ], [ -124.18072401, 47.13625732 ], [ -124.18069267, 47.13634306 ], [ -124.18070019, 47.13645296 ], [ -124.18073453, 47.13658739 ], [ -124.18076547, 47.13667955 ], [ -124.1807782, 47.13686561 ], [ -124.18078629, 47.13698389 ], [ -124.18078485, 47.13732292 ], [ -124.18082661, 47.13738935 ], [ -124.18097783, 47.13748333 ], [ -124.18106334, 47.13802672 ], [ -124.18117132, 47.13869348 ], [ -124.18125003, 47.13909021 ], [ -124.18134921, 47.13935952 ], [ -124.18158467, 47.13946841 ], [ -124.18200653, 47.13957537 ], [ -124.182242, 47.13968425 ], [ -124.18240897, 47.13985745 ], [ -124.18257313, 47.13990346 ], [ -124.18289827, 47.13985239 ], [ -124.18354819, 47.13973437 ], [ -124.18382571, 47.13971524 ], [ -124.18436262, 47.13967824 ], [ -124.18485545, 47.13983216 ], [ -124.18561094, 47.1402696 ], [ -124.18603882, 47.14064681 ], [ -124.18644518, 47.14110375 ], [ -124.18652711, 47.14164357 ], [ -124.18657504, 47.14172338 ], [ -124.18660362, 47.14178886 ], [ -124.18658445, 47.14205211 ], [ -124.18652295, 47.14224055 ], [ -124.18657688, 47.14248448 ], [ -124.18676091, 47.14263112 ], [ -124.18691022, 47.14282123 ], [ -124.18694574, 47.1429726 ], [ -124.18714878, 47.14322035 ], [ -124.18719402, 47.14333745 ], [ -124.1874681, 47.14388794 ], [ -124.18780108, 47.14440259 ], [ -124.1880144, 47.14497613 ], [ -124.18847553, 47.14572411 ], [ -124.18898635, 47.14647032 ], [ -124.18938854, 47.14708448 ], [ -124.18949174, 47.14714466 ], [ -124.18953467, 47.14722804 ], [ -124.18971733, 47.14825577 ], [ -124.1897346, 47.14833156 ], [ -124.18998712, 47.14893352 ], [ -124.19006348, 47.14932083 ], [ -124.1901901, 47.14971495 ], [ -124.19006347, 47.1498631 ], [ -124.1900956, 47.1499722 ], [ -124.19008841, 47.15022666 ], [ -124.19013309, 47.15033537 ], [ -124.19020061, 47.15041796 ], [ -124.1902265, 47.15061201 ], [ -124.19020655, 47.15068041 ], [ -124.19030329, 47.15191434 ], [ -124.19028334, 47.152525 ], [ -124.19042817, 47.15336764 ], [ -124.19048366, 47.15345062 ], [ -124.1904632, 47.15351903 ], [ -124.19050824, 47.15399209 ], [ -124.19083878, 47.15428654 ], [ -124.1910774, 47.15468549 ], [ -124.19113369, 47.15496331 ], [ -124.19106522, 47.15505024 ], [ -124.19120195, 47.15577461 ], [ -124.19119079, 47.15652051 ], [ -124.1911099, 47.15678573 ], [ -124.19105198, 47.15698245 ], [ -124.19096831, 47.15714106 ], [ -124.19088627, 47.15721367 ], [ -124.19089003, 47.15738561 ], [ -124.1905066, 47.15788179 ], [ -124.19041813, 47.15797056 ], [ -124.19034597, 47.15806979 ], [ -124.19023464, 47.1581701 ], [ -124.19011235, 47.1582277 ], [ -124.18996446, 47.15836691 ], [ -124.18987195, 47.1583968 ], [ -124.18983597, 47.15845164 ], [ -124.18973897, 47.15848869 ], [ -124.18957389, 47.1581421 ], [ -124.1892199, 47.1578241 ], [ -124.1887779, 47.1575931 ], [ -124.1883439, 47.15747309 ], [ -124.1880779, 47.15744109 ], [ -124.1880639, 47.15733109 ], [ -124.1878439, 47.15697609 ], [ -124.18777891, 47.15684509 ], [ -124.18758591, 47.15661909 ], [ -124.18750591, 47.15653409 ], [ -124.18744391, 47.15648809 ], [ -124.18738191, 47.15644109 ], [ -124.18713091, 47.15630709 ], [ -124.18691191, 47.15620709 ], [ -124.18660091, 47.15609909 ], [ -124.18606291, 47.15595109 ], [ -124.18502092, 47.15571508 ], [ -124.18373992, 47.15544308 ], [ -124.18347792, 47.15536408 ], [ -124.18316992, 47.15522308 ], [ -124.18307692, 47.15515208 ], [ -124.18294492, 47.15502807 ], [ -124.18282792, 47.15489707 ], [ -124.18269393, 47.15467307 ], [ -124.18265893, 47.15454207 ], [ -124.18266293, 47.15437107 ], [ -124.18269493, 47.15416407 ], [ -124.18281393, 47.15381107 ], [ -124.18289793, 47.15351907 ], [ -124.18295094, 47.15331207 ], [ -124.18298794, 47.15306507 ], [ -124.18288894, 47.15256507 ], [ -124.18287094, 47.15247407 ], [ -124.18272095, 47.15193707 ], [ -124.18271095, 47.15171507 ], [ -124.18271595, 47.15148007 ], [ -124.18275895, 47.15127307 ], [ -124.18278295, 47.15120807 ], [ -124.18281295, 47.15112707 ], [ -124.18289795, 47.15098907 ], [ -124.18306995, 47.15073207 ], [ -124.18316095, 47.15055707 ], [ -124.18319396, 47.15038807 ], [ -124.18319796, 47.15023307 ], [ -124.18318796, 47.15016707 ], [ -124.18317196, 47.15005607 ], [ -124.18307096, 47.14967207 ], [ -124.18298696, 47.14944907 ], [ -124.18292396, 47.14926107 ], [ -124.18289696, 47.14918007 ], [ -124.18232597, 47.14808106 ], [ -124.18228197, 47.14786006 ], [ -124.18228397, 47.14775906 ], [ -124.18234098, 47.14760006 ], [ -124.18186998, 47.14753106 ], [ -124.17954599, 47.14627205 ], [ -124.17846899, 47.14590505 ], [ -124.176552, 47.14553904 ], [ -124.17663501, 47.14274704 ], [ -124.17649902, 47.14235904 ], [ -124.17505003, 47.14132803 ], [ -124.17457703, 47.14084803 ], [ -124.17386704, 47.13972702 ], [ -124.17361604, 47.13948502 ], [ -124.17346204, 47.13933802 ], [ -124.17329904, 47.13931002 ], [ -124.17256905, 47.13806602 ], [ -124.17184506, 47.13691701 ], [ -124.17117807, 47.13588201 ], [ -124.17052907, 47.13521701 ], [ -124.16933708, 47.134684 ], [ -124.16537009, 47.13336899 ], [ -124.16519409, 47.13331099 ], [ -124.1642534, 47.13305734 ], [ -124.16423185, 47.13292272 ], [ -124.16393498, 47.13201212 ], [ -124.16378225, 47.13170492 ], [ -124.16368605, 47.13120572 ], [ -124.16372658, 47.13066279 ], [ -124.16382318, 47.13036652 ], [ -124.16393885, 47.13026772 ], [ -124.16405018, 47.13017912 ], [ -124.16409265, 47.13014192 ], [ -124.16409818, 47.13013732 ], [ -124.16414238, 47.13008799 ], [ -124.16434785, 47.12983332 ], [ -124.16435178, 47.12982852 ], [ -124.16449518, 47.12974372 ], [ -124.16463098, 47.12966352 ], [ -124.16473958, 47.12962372 ], [ -124.16490805, 47.12957058 ], [ -124.16497938, 47.12955172 ], [ -124.16520745, 47.12928679 ], [ -124.16547638, 47.12918899 ], [ -124.16547685, 47.12918892 ], [ -124.16573878, 47.12926092 ], [ -124.16593678, 47.12926392 ], [ -124.16593865, 47.12926399 ], [ -124.16576145, 47.12909592 ], [ -124.16540805, 47.12897339 ], [ -124.16529005, 47.12886892 ], [ -124.16514658, 47.12874178 ], [ -124.16511605, 47.12868078 ], [ -124.16507345, 47.12859578 ], [ -124.16486305, 47.12845892 ], [ -124.16486145, 47.12845852 ], [ -124.16485178, 47.12845639 ], [ -124.16477205, 47.12843919 ], [ -124.16432158, 47.12836139 ], [ -124.16410198, 47.12836139 ], [ -124.16406325, 47.12836139 ], [ -124.16356885, 47.12835359 ], [ -124.16351778, 47.12835092 ], [ -124.16253118, 47.12830599 ], [ -124.16222098, 47.12829272 ], [ -124.16188125, 47.12827799 ], [ -124.16178238, 47.12824452 ], [ -124.16142918, 47.12812812 ], [ -124.16113185, 47.12795259 ], [ -124.16113038, 47.12794672 ], [ -124.16112905, 47.12794592 ], [ -124.16107938, 47.12774559 ], [ -124.16106325, 47.12767078 ], [ -124.16105985, 47.12765518 ], [ -124.16105838, 47.12764799 ], [ -124.16107605, 47.12752818 ], [ -124.16110118, 47.12735932 ], [ -124.16110305, 47.12731652 ], [ -124.16110498, 47.12727679 ], [ -124.16103258, 47.12709232 ], [ -124.16094918, 47.12687939 ], [ -124.16096898, 47.12666039 ], [ -124.16099118, 47.12646452 ], [ -124.16100518, 47.12641552 ], [ -124.16123738, 47.12599352 ], [ -124.16141705, 47.12566992 ], [ -124.16148625, 47.12555839 ], [ -124.16168758, 47.12527592 ], [ -124.16176445, 47.12516692 ], [ -124.16181865, 47.12505832 ], [ -124.16184345, 47.12500892 ], [ -124.16188525, 47.12492619 ], [ -124.16192798, 47.12484239 ], [ -124.16193018, 47.12481392 ], [ -124.16195605, 47.12473158 ], [ -124.16205245, 47.12457812 ], [ -124.16224545, 47.12435872 ], [ -124.16241425, 47.12421612 ], [ -124.16262338, 47.12413939 ], [ -124.16279998, 47.12413939 ], [ -124.16296878, 47.12418879 ], [ -124.16308125, 47.12427112 ], [ -124.16322585, 47.12443019 ], [ -124.16328205, 47.12460032 ], [ -124.16336238, 47.12470992 ], [ -124.16340598, 47.12481419 ], [ -124.16340758, 47.12481572 ], [ -124.16340838, 47.12481652 ], [ -124.16342038, 47.12482832 ], [ -124.16355345, 47.12487592 ], [ -124.16370938, 47.12493612 ], [ -124.16372218, 47.12494459 ], [ -124.16381918, 47.12500879 ], [ -124.16391598, 47.12507299 ], [ -124.16391678, 47.12507559 ], [ -124.16392185, 47.12507912 ], [ -124.16396825, 47.12522178 ], [ -124.16410998, 47.12531552 ], [ -124.16411345, 47.12531612 ], [ -124.16423085, 47.12533492 ], [ -124.16429818, 47.12530092 ], [ -124.16430898, 47.12526392 ], [ -124.16431405, 47.12524672 ], [ -124.16431565, 47.12524152 ], [ -124.16428425, 47.12518519 ], [ -124.16413458, 47.12506312 ], [ -124.16406518, 47.12500812 ], [ -124.16393885, 47.12490799 ], [ -124.16385138, 47.12487292 ], [ -124.16378785, 47.12484099 ], [ -124.16373118, 47.12481658 ], [ -124.16372358, 47.12481619 ], [ -124.16361145, 47.12473192 ], [ -124.16349898, 47.12456192 ], [ -124.16345885, 47.12447412 ], [ -124.16344285, 47.12443032 ], [ -124.16338658, 47.12430412 ], [ -124.16334645, 47.12424918 ], [ -124.16327418, 47.12412312 ], [ -124.16308138, 47.12388172 ], [ -124.16308145, 47.12366779 ], [ -124.16340318, 47.12313579 ], [ -124.16357225, 47.12258179 ], [ -124.16362065, 47.12246672 ], [ -124.16362078, 47.12211559 ], [ -124.16358065, 47.12195112 ], [ -124.16352445, 47.12170418 ], [ -124.16345225, 47.12147932 ], [ -124.16339598, 47.12138599 ], [ -124.16333978, 47.12124339 ], [ -124.16328358, 47.12112818 ], [ -124.16326745, 47.12107339 ], [ -124.16315505, 47.12087592 ], [ -124.16311505, 47.12081012 ], [ -124.16301858, 47.12065652 ], [ -124.16290625, 47.12036032 ], [ -124.16290625, 47.12023412 ], [ -124.16288218, 47.12019572 ], [ -124.16286618, 47.12006952 ], [ -124.16290638, 47.11997079 ], [ -124.16307524, 47.11980078 ], [ -124.16329225, 47.11968018 ], [ -124.16367798, 47.11955959 ], [ -124.16403958, 47.11945552 ], [ -124.16460218, 47.11937879 ], [ -124.16493158, 47.11931299 ], [ -124.16521285, 47.11927472 ], [ -124.16554238, 47.11919798 ], [ -124.16660305, 47.11906098 ], [ -124.16706918, 47.11897332 ], [ -124.16737458, 47.11889112 ], [ -124.16781658, 47.11868812 ], [ -124.16798438, 47.11858452 ], [ -124.16798525, 47.11858398 ], [ -124.16812998, 47.11849619 ], [ -124.16825058, 47.11838658 ], [ -124.16844345, 47.11816718 ], [ -124.16853185, 47.11808499 ], [ -124.16857205, 47.11801358 ], [ -124.16862838, 47.11796978 ], [ -124.16877318, 47.11777778 ], [ -124.16880518, 47.11769559 ], [ -124.16879725, 47.11746518 ], [ -124.16867678, 47.11728412 ], [ -124.168627747680034, 47.117213555372601 ], [ -124.167708832723633, 47.117222897907055 ], [ -124.16754378, 47.11743212 ], [ -124.16749545, 47.11751978 ], [ -124.16743918, 47.11793658 ], [ -124.16743098, 47.11835899 ], [ -124.16738265, 47.11848512 ], [ -124.16730238, 47.11853999 ], [ -124.16714965, 47.11858938 ], [ -124.16637018, 47.11868252 ], [ -124.16555058, 47.11877558 ], [ -124.16507638, 47.11886332 ], [ -124.16400765, 47.11904398 ], [ -124.16370225, 47.11913732 ], [ -124.16317985, 47.11932919 ], [ -124.16295485, 47.11946618 ], [ -124.16268158, 47.11969652 ], [ -124.16258498, 47.11985012 ], [ -124.16254478, 47.11994892 ], [ -124.16251265, 47.12007498 ], [ -124.16248838, 47.12023412 ], [ -124.16245625, 47.12034372 ], [ -124.16240798, 47.12060698 ], [ -124.16233558, 47.12077699 ], [ -124.16226325, 47.12081539 ], [ -124.16209445, 47.12088672 ], [ -124.16153985, 47.12104019 ], [ -124.16136298, 47.12114978 ], [ -124.16115404, 47.12129232 ], [ -124.16100938, 47.12137459 ], [ -124.16080845, 47.12142392 ], [ -124.16039858, 47.12145679 ], [ -124.16025398, 47.12144019 ], [ -124.16011738, 47.12139639 ], [ -124.15998078, 47.12137979 ], [ -124.15980398, 47.12137979 ], [ -124.15965125, 47.12141819 ], [ -124.15942618, 47.12148952 ], [ -124.15933784, 47.12154432 ], [ -124.15930565, 47.12159912 ], [ -124.15930545, 47.12179112 ], [ -124.15932965, 47.12183499 ], [ -124.15933765, 47.12197759 ], [ -124.15930538, 47.12213112 ], [ -124.15924105, 47.12219699 ], [ -124.15911258, 47.12222979 ], [ -124.15901605, 47.12223532 ], [ -124.15887138, 47.12219139 ], [ -124.15838945, 47.12192252 ], [ -124.15806805, 47.12178532 ], [ -124.15789925, 47.12175792 ], [ -124.15759398, 47.12175232 ], [ -124.15740098, 47.12179059 ], [ -124.15719205, 47.12189479 ], [ -124.15704738, 47.12200999 ], [ -124.15680625, 47.12214699 ], [ -124.15662938, 47.12222379 ], [ -124.15621944, 47.12230052 ], [ -124.15560065, 47.12232232 ], [ -124.15531145, 47.12230032 ], [ -124.15502218, 47.12219039 ], [ -124.15476518, 47.12201479 ], [ -124.15454825, 47.12185579 ], [ -124.15419465, 47.12174052 ], [ -124.15393765, 47.12170752 ], [ -124.15340725, 47.12168539 ], [ -124.15329484, 47.12166339 ], [ -124.15304578, 47.12157559 ], [ -124.15260398, 47.12130672 ], [ -124.15223455, 47.12111207 ], [ -124.15212419, 47.12085093 ], [ -124.15210019, 47.12079393 ], [ -124.15231619, 47.12022593 ], [ -124.1524702, 47.11985393 ], [ -124.1525662, 47.11958193 ], [ -124.1525782, 47.11941793 ], [ -124.1525847, 47.11931143 ], [ -124.1525732, 47.11886893 ], [ -124.1525612, 47.11845993 ], [ -124.1525592, 47.11837493 ], [ -124.15255921, 47.11812993 ], [ -124.15255921, 47.11776593 ], [ -124.15261222, 47.11666593 ], [ -124.15262122, 47.11613493 ], [ -124.15263722, 47.11570593 ], [ -124.15269922, 47.11552593 ], [ -124.15282522, 47.11536893 ], [ -124.15297823, 47.11523593 ], [ -124.15312723, 47.11508693 ], [ -124.15333323, 47.11494793 ], [ -124.15362523, 47.11484793 ], [ -124.15398423, 47.11478693 ], [ -124.15433723, 47.11477493 ], [ -124.15448023, 47.11477693 ], [ -124.15690127, 47.10825193 ], [ -124.15683427, 47.10802293 ], [ -124.15720327, 47.10754193 ], [ -124.15727628, 47.10730493 ], [ -124.15730328, 47.10722193 ], [ -124.15546833, 47.09903391 ], [ -124.15520134, 47.09841591 ], [ -124.15473234, 47.09793591 ], [ -124.15430134, 47.09784591 ], [ -124.14885935, 47.09679789 ], [ -124.14796136, 47.09650089 ], [ -124.14744536, 47.09633088 ], [ -124.14747036, 47.09621888 ], [ -124.14759136, 47.09565388 ], [ -124.14753537, 47.09488588 ], [ -124.14739937, 47.09476588 ], [ -124.14735937, 47.09466688 ], [ -124.14734337, 47.09450188 ], [ -124.14736737, 47.09444188 ], [ -124.14741537, 47.09428888 ], [ -124.14749637, 47.09395388 ], [ -124.14748038, 47.09356488 ], [ -124.14744838, 47.09347688 ], [ -124.14734338, 47.09331788 ], [ -124.14691038, 47.09275288 ], [ -124.14675838, 47.09257688 ], [ -124.14661338, 47.09245088 ], [ -124.14652538, 47.09239588 ], [ -124.14633238, 47.09233487 ], [ -124.14588338, 47.09224787 ], [ -124.14543339, 47.09213787 ], [ -124.14532939, 47.09207687 ], [ -124.14532139, 47.09196787 ], [ -124.14526439, 47.09181387 ], [ -124.14520839, 47.09170987 ], [ -124.14497639, 47.09145187 ], [ -124.14479939, 47.09119987 ], [ -124.14465539, 47.09102987 ], [ -124.1444544, 47.09082687 ], [ -124.1443504, 47.09068387 ], [ -124.1442294, 47.09058487 ], [ -124.1440534, 47.09054087 ], [ -124.1438284, 47.09051386 ], [ -124.1437084, 47.09024486 ], [ -124.1437084, 47.09004686 ], [ -124.1437964, 47.08993786 ], [ -124.1441024, 47.08973986 ], [ -124.1445194, 47.08958087 ], [ -124.1448414, 47.08941687 ], [ -124.1450984, 47.08931287 ], [ -124.14548341, 47.08914287 ], [ -124.14569241, 47.08906587 ], [ -124.14583741, 47.08896787 ], [ -124.14584541, 47.08887387 ], [ -124.14562041, 47.08846287 ], [ -124.14551641, 47.08802387 ], [ -124.14550942, 47.08740387 ], [ -124.14538142, 47.08715186 ], [ -124.14539742, 47.08694286 ], [ -124.14543742, 47.08681186 ], [ -124.14549342, 47.08670186 ], [ -124.14564642, 47.08658187 ], [ -124.14592742, 47.08647187 ], [ -124.14597542, 47.08635687 ], [ -124.14582342, 47.08619186 ], [ -124.14523743, 47.08579686 ], [ -124.14515743, 47.08575886 ], [ -124.14517343, 47.08562686 ], [ -124.14517343, 47.08533586 ], [ -124.14513343, 47.08523686 ], [ -124.14506143, 47.08510586 ], [ -124.14491743, 47.08489186 ], [ -124.14486844, 47.08479286 ], [ -124.14489344, 47.08468286 ], [ -124.14494944, 47.08463986 ], [ -124.14504544, 47.08460086 ], [ -124.14540744, 47.08452386 ], [ -124.14563944, 47.08445886 ], [ -124.14573644, 47.08434386 ], [ -124.14583244, 47.08417886 ], [ -124.14602544, 47.08397086 ], [ -124.14603344, 47.08387686 ], [ -124.14598544, 47.08377286 ], [ -124.14589744, 47.08370186 ], [ -124.14581744, 47.08365786 ], [ -124.14556844, 47.08362486 ], [ -124.14534344, 47.08356486 ], [ -124.14517544, 47.08344886 ], [ -124.14513544, 47.08333986 ], [ -124.14515145, 47.08324086 ], [ -124.14530345, 47.08310386 ], [ -124.14547245, 47.08301086 ], [ -124.14608245, 47.08276386 ], [ -124.14630745, 47.08264286 ], [ -124.14641245, 47.08259986 ], [ -124.14659745, 47.08236886 ], [ -124.14664545, 47.08229786 ], [ -124.14669345, 47.08210086 ], [ -124.14675045, 47.08193086 ], [ -124.14675845, 47.08184786 ], [ -124.14692746, 47.08150286 ], [ -124.14702346, 47.08136586 ], [ -124.14720046, 47.08115686 ], [ -124.14733646, 47.08103086 ], [ -124.14742546, 47.08089386 ], [ -124.14741746, 47.08073486 ], [ -124.14730546, 47.08057586 ], [ -124.14721646, 47.08047686 ], [ -124.14714446, 47.08036686 ], [ -124.14714446, 47.08026886 ], [ -124.14717646, 47.08018086 ], [ -124.14729746, 47.08005986 ], [ -124.14753047, 47.07991186 ], [ -124.14769947, 47.07979686 ], [ -124.14785147, 47.07964386 ], [ -124.14799647, 47.07935786 ], [ -124.14798047, 47.07920986 ], [ -124.14790847, 47.07903986 ], [ -124.14781247, 47.07893086 ], [ -124.14764347, 47.07881486 ], [ -124.14722648, 47.07862286 ], [ -124.14700148, 47.07853486 ], [ -124.14676848, 47.07846386 ], [ -124.14650348, 47.07841986 ], [ -124.14622248, 47.07843586 ], [ -124.14588548, 47.07849085 ], [ -124.14549148, 47.07858385 ], [ -124.14530748, 47.07861185 ], [ -124.14508248, 47.07860085 ], [ -124.14480148, 47.07854585 ], [ -124.14435148, 47.07844085 ], [ -124.14396648, 47.07841885 ], [ -124.14335648, 47.07830885 ], [ -124.14248948, 47.07826484 ], [ -124.14223248, 47.07812184 ], [ -124.14192748, 47.07807284 ], [ -124.14171048, 47.07801184 ], [ -124.14165448, 47.07791884 ], [ -124.14165448, 47.07785884 ], [ -124.14173448, 47.07773284 ], [ -124.14174349, 47.07746884 ], [ -124.14170349, 47.07737084 ], [ -124.14153449, 47.07722784 ], [ -124.14126949, 47.07711284 ], [ -124.13990549, 47.07667283 ], [ -124.13958449, 47.07657383 ], [ -124.13931149, 47.07644283 ], [ -124.1390705, 47.07634383 ], [ -124.1387335, 47.07628283 ], [ -124.1385165, 47.07622283 ], [ -124.1384125, 47.07613483 ], [ -124.1383725, 47.07603083 ], [ -124.1383965, 47.07592083 ], [ -124.1384845, 47.07570183 ], [ -124.1384855, 47.07553183 ], [ -124.1384125, 47.07535083 ], [ -124.1383165, 47.07524683 ], [ -124.1383975, 47.07504383 ], [ -124.13841351, 47.07481283 ], [ -124.13839751, 47.07459883 ], [ -124.13822151, 47.07430883 ], [ -124.13805251, 47.07411683 ], [ -124.13801251, 47.07396283 ], [ -124.13806051, 47.07379283 ], [ -124.13829451, 47.07364483 ], [ -124.13862351, 47.07363383 ], [ -124.13880751, 47.07365583 ], [ -124.13900851, 47.07378783 ], [ -124.13930551, 47.07385383 ], [ -124.13963451, 47.07384283 ], [ -124.14028451, 47.07367883 ], [ -124.14059851, 47.07361783 ], [ -124.14098351, 47.07363483 ], [ -124.14133651, 47.07359683 ], [ -124.14163351, 47.07355284 ], [ -124.14209151, 47.07343284 ], [ -124.14232451, 47.07338284 ], [ -124.14283051, 47.07326284 ], [ -124.14315151, 47.07318084 ], [ -124.14353751, 47.07306584 ], [ -124.14381851, 47.07305984 ], [ -124.14403451, 47.07304884 ], [ -124.14420351, 47.07314284 ], [ -124.14421951, 47.07329584 ], [ -124.14422751, 47.07347684 ], [ -124.14421151, 47.07364184 ], [ -124.14426751, 47.07383384 ], [ -124.14449151, 47.07433785 ], [ -124.1445875, 47.07461285 ], [ -124.1445955, 47.07480985 ], [ -124.1447715, 47.07505185 ], [ -124.1449085, 47.07511685 ], [ -124.1453905, 47.07518285 ], [ -124.1458075, 47.07512285 ], [ -124.1462575, 47.07502485 ], [ -124.1467235, 47.07494785 ], [ -124.1469475, 47.07495885 ], [ -124.1471965, 47.07510685 ], [ -124.1472685, 47.07534285 ], [ -124.1472845, 47.07557385 ], [ -124.14754949, 47.07575486 ], [ -124.14797449, 47.07588586 ], [ -124.14823949, 47.07594086 ], [ -124.14857749, 47.07592986 ], [ -124.14897849, 47.07585386 ], [ -124.14941249, 47.07565086 ], [ -124.14977349, 47.07546986 ], [ -124.15013549, 47.07540386 ], [ -124.15044049, 47.07546486 ], [ -124.15073749, 47.07544886 ], [ -124.15099449, 47.07538287 ], [ -124.1513395, 47.07523487 ], [ -124.1516045, 47.07507587 ], [ -124.1517095, 47.07484487 ], [ -124.1516365, 47.07469187 ], [ -124.1513805, 47.07455987 ], [ -124.1509785, 47.07442786 ], [ -124.1506495, 47.07426386 ], [ -124.1505215, 47.07409886 ], [ -124.1506015, 47.07389586 ], [ -124.15087451, 47.07363286 ], [ -124.15141351, 47.07333086 ], [ -124.15182251, 47.07312886 ], [ -124.15203151, 47.07299686 ], [ -124.15220051, 47.07280487 ], [ -124.15222451, 47.07264087 ], [ -124.15214451, 47.07244886 ], [ -124.15184751, 47.07220686 ], [ -124.15153452, 47.07200986 ], [ -124.15139752, 47.07185586 ], [ -124.15131752, 47.07166886 ], [ -124.15130152, 47.07136786 ], [ -124.15144652, 47.07118686 ], [ -124.15191253, 47.07078086 ], [ -124.15237853, 47.07049586 ], [ -124.15278753, 47.07027086 ], [ -124.15333353, 47.07010087 ], [ -124.15359053, 47.07000287 ], [ -124.15390353, 47.06981087 ], [ -124.15428953, 47.06968987 ], [ -124.15458653, 47.06961887 ], [ -124.15467453, 47.06959187 ], [ -124.15518053, 47.06937187 ], [ -124.15551853, 47.06914787 ], [ -124.15580754, 47.06897187 ], [ -124.15592754, 47.06886787 ], [ -124.15598354, 47.06874187 ], [ -124.15604054, 47.06865387 ], [ -124.15629754, 47.06851187 ], [ -124.15641754, 47.06843987 ], [ -124.15657854, 47.06835787 ], [ -124.15677054, 47.06826987 ], [ -124.15689154, 47.06817187 ], [ -124.15718054, 47.06806187 ], [ -124.15746154, 47.06788087 ], [ -124.15751754, 47.06772187 ], [ -124.15750154, 47.06753487 ], [ -124.15762254, 47.06737687 ], [ -124.15790355, 47.06721187 ], [ -124.15816055, 47.06718487 ], [ -124.15824055, 47.06688787 ], [ -124.15828855, 47.06665287 ], [ -124.15836955, 47.06636187 ], [ -124.15851455, 47.06606587 ], [ -124.15859455, 47.06587387 ], [ -124.15873056, 47.06573687 ], [ -124.15884355, 47.06568687 ], [ -124.15912456, 47.06552288 ], [ -124.15926056, 47.06545688 ], [ -124.15946956, 47.06526488 ], [ -124.15955056, 47.06499588 ], [ -124.15964656, 47.06456888 ], [ -124.15973556, 47.06433788 ], [ -124.15995156, 47.06418988 ], [ -124.16004856, 47.06414588 ], [ -124.16028957, 47.06388888 ], [ -124.16053857, 47.06374088 ], [ -124.16088357, 47.06349388 ], [ -124.16122057, 47.06318088 ], [ -124.16146157, 47.06291288 ], [ -124.16174257, 47.06272588 ], [ -124.16190358, 47.06261088 ], [ -124.16214458, 47.06238088 ], [ -124.16244158, 47.06195788 ], [ -124.16256258, 47.06134388 ], [ -124.16262659, 47.06086088 ], [ -124.16270659, 47.06055988 ], [ -124.16286759, 47.05999488 ], [ -124.1632536, 47.05947888 ], [ -124.1634296, 47.05920488 ], [ -124.1634136, 47.05892488 ], [ -124.1632296, 47.05866688 ], [ -124.1629166, 47.05834888 ], [ -124.1627076, 47.05814588 ], [ -124.16245961, 47.05788787 ], [ -124.16241961, 47.05774587 ], [ -124.16241161, 47.05747687 ], [ -124.16249961, 47.05722987 ], [ -124.16258761, 47.05705987 ], [ -124.16292561, 47.05663787 ], [ -124.16320662, 47.05625987 ], [ -124.16335412, 47.05605687 ], [ -124.16332762, 47.05595087 ], [ -124.16313062, 47.05518387 ], [ -124.16302063, 47.05475687 ], [ -124.16281463, 47.05396487 ], [ -124.16272464, 47.05357487 ], [ -124.16262364, 47.05313787 ], [ -124.16240464, 47.05226787 ], [ -124.16230065, 47.05187587 ], [ -124.16199466, 47.05060286 ], [ -124.16165567, 47.04919286 ], [ -124.16123468, 47.04750486 ], [ -124.16109468, 47.04714585 ], [ -124.16098968, 47.04693985 ], [ -124.160899637286732, 47.046793457975852 ], [ -124.155162, 47.046851 ], [ -124.155155, 47.046526 ], [ -124.155016, 47.046527 ], [ -124.154998318086101, 47.045707069600788 ], [ -124.15497069, 47.04571484 ], [ -124.15469769, 47.04572083 ], [ -124.15446469, 47.04567683 ], [ -124.15410369, 47.04556083 ], [ -124.15384669, 47.04556683 ], [ -124.15368669, 47.04560483 ], [ -124.15338969, 47.04579683 ], [ -124.15327569, 47.04589583 ], [ -124.15276169, 47.04589583 ], [ -124.15292069, 47.04576483 ], [ -124.15310271, 47.04332583 ], [ -124.15250371, 47.04343583 ], [ -124.15188171, 47.04355782 ], [ -124.15208972, 47.04166582 ], [ -124.15230573, 47.04019782 ], [ -124.15239773, 47.04013682 ], [ -124.15242873, 47.04007482 ], [ -124.15233673, 47.03998282 ], [ -124.15249073, 47.03973682 ], [ -124.15252073, 47.03952182 ], [ -124.15242874, 47.03942882 ], [ -124.15233674, 47.03936782 ], [ -124.15258274, 47.03872182 ], [ -124.15296674, 47.03875282 ], [ -124.15295474, 47.03835182 ], [ -124.15293975, 47.03779882 ], [ -124.15799874, 47.03783483 ], [ -124.15941474, 47.03788384 ], [ -124.16084974, 47.03787784 ], [ -124.16120674, 47.03781484 ], [ -124.16148874, 47.03773084 ], [ -124.16195674, 47.03763584 ], [ -124.16254974, 47.03762585 ], [ -124.16349674, 47.03762185 ], [ -124.16414774, 47.03762485 ], [ -124.16434674, 47.03764285 ], [ -124.16447874, 47.03766385 ], [ -124.16460674, 47.03769885 ], [ -124.16470674, 47.03772585 ], [ -124.16481374, 47.03778185 ], [ -124.16492674, 47.03785985 ], [ -124.16499374, 47.03791085 ], [ -124.16513774, 47.03804385 ], [ -124.16518974, 47.03811385 ], [ -124.16523174, 47.03818485 ], [ -124.16526174, 47.03825485 ], [ -124.16529374, 47.03839585 ], [ -124.16530374, 47.03854386 ], [ -124.16531373, 47.03888586 ], [ -124.16532073, 47.03925786 ], [ -124.16532973, 47.03957486 ], [ -124.16533873, 47.04001086 ], [ -124.16533773, 47.04018486 ], [ -124.16533472, 47.04035986 ], [ -124.16532972, 47.04052586 ], [ -124.16532472, 47.04060686 ], [ -124.16532272, 47.04068586 ], [ -124.16533572, 47.04084386 ], [ -124.16535572, 47.04092286 ], [ -124.16546669, 47.04501486 ], [ -124.16613169, 47.04484687 ], [ -124.168223040690634, 47.044459376428165 ], [ -124.167376, 47.044468 ], [ -124.167278, 47.039969 ], [ -124.173858, 47.039902 ], [ -124.173957, 47.044401 ], [ -124.171329915472455, 47.044427745884114 ], [ -124.17133003, 47.04450605 ], [ -124.17137431, 47.04480245 ] ] ], [ [ [ -124.081928, 47.114613 ], [ -124.075339, 47.114675 ], [ -124.075248, 47.110177 ], [ -124.081837, 47.110115 ], [ -124.081928, 47.114613 ] ] ], [ [ [ -124.16846785, 47.11738832 ], [ -124.16854018, 47.11745959 ], [ -124.16856418, 47.11753092 ], [ -124.16856405, 47.11774478 ], [ -124.16849978, 47.11791492 ], [ -124.16842745, 47.11795332 ], [ -124.16825065, 47.11790939 ], [ -124.16817845, 47.11772832 ], [ -124.16823478, 47.11749799 ], [ -124.16832324, 47.11730058 ], [ -124.16843578, 47.11730598 ], [ -124.16846785, 47.11738832 ] ] ], [ [ [ -124.196337, 47.194163 ], [ -124.202936, 47.194094 ], [ -124.203038, 47.198593 ], [ -124.202821, 47.198595 ], [ -124.202822, 47.198616 ], [ -124.196222, 47.198685 ], [ -124.196121, 47.194187 ], [ -124.196337, 47.194185 ], [ -124.196337, 47.194163 ] ] ], [ [ [ -124.18507951, 47.21416217 ], [ -124.18518051, 47.21365917 ], [ -124.18571752, 47.21260817 ], [ -124.18575552, 47.21249517 ], [ -124.18598552, 47.21183117 ], [ -124.18736053, 47.21116717 ], [ -124.18752853, 47.21093817 ], [ -124.18759553, 47.21052717 ], [ -124.18722654, 47.20961217 ], [ -124.18732754, 47.20931517 ], [ -124.18741254, 47.20913617 ], [ -124.18744354, 47.20907117 ], [ -124.18753954, 47.20906917 ], [ -124.18787854, 47.20896517 ], [ -124.18825654, 47.20891017 ], [ -124.18858654, 47.20885517 ], [ -124.18874454, 47.20881017 ], [ -124.18864054, 47.20877417 ], [ -124.18874754, 47.20873517 ], [ -124.18882754, 47.20862517 ], [ -124.18877154, 47.20852617 ], [ -124.18849754, 47.20843917 ], [ -124.18837755, 47.20835617 ], [ -124.18878755, 47.20824717 ], [ -124.18928655, 47.20814817 ], [ -124.18964855, 47.20804917 ], [ -124.18976155, 47.20777517 ], [ -124.18969755, 47.20738017 ], [ -124.18954155, 47.20710517 ], [ -124.18951955, 47.20706717 ], [ -124.18947956, 47.20675517 ], [ -124.18940756, 47.20658517 ], [ -124.18951556, 47.20656817 ], [ -124.18962456, 47.20655217 ], [ -124.18960056, 47.20623417 ], [ -124.18983356, 47.20595917 ], [ -124.19012356, 47.20571817 ], [ -124.19042956, 47.20558117 ], [ -124.19064656, 47.20549317 ], [ -124.19063056, 47.20538917 ], [ -124.19108156, 47.20541617 ], [ -124.19191056, 47.20553118 ], [ -124.19246556, 47.20566318 ], [ -124.19356055, 47.20617918 ], [ -124.19422855, 47.20641419 ], [ -124.19485655, 47.20654619 ], [ -124.19551655, 47.20662819 ], [ -124.19618455, 47.20666719 ], [ -124.19683654, 47.20663919 ], [ -124.19748854, 47.2065462 ], [ -124.19778654, 47.2064072 ], [ -124.19791455, 47.2063482 ], [ -124.19823058, 47.20618769 ], [ -124.19835992, 47.2062929 ], [ -124.19847324, 47.20638508 ], [ -124.19883938, 47.20614573 ], [ -124.19898693, 47.20580256 ], [ -124.19904727, 47.20572841 ], [ -124.19914786, 47.20541984 ], [ -124.19933071, 47.2051143 ], [ -124.1993986, 47.20504009 ], [ -124.19953918, 47.20494673 ], [ -124.20014779, 47.20468298 ], [ -124.20038301, 47.20466996 ], [ -124.20076798, 47.20457994 ], [ -124.20087921, 47.2045431 ], [ -124.20124051, 47.20451867 ], [ -124.20150318, 47.20461199 ], [ -124.20190022, 47.20482126 ], [ -124.20240322, 47.20514362 ], [ -124.20261074, 47.20520371 ], [ -124.20292039, 47.20543791 ], [ -124.20334938, 47.20584034 ], [ -124.20363038, 47.20614819 ], [ -124.20372424, 47.20622443 ], [ -124.20373008, 47.20626525 ], [ -124.20381681, 47.20634756 ], [ -124.20404648, 47.20683082 ], [ -124.20423572, 47.20728278 ], [ -124.20430502, 47.2073605 ], [ -124.20442503, 47.20750196 ], [ -124.20453724, 47.20762514 ], [ -124.20468672, 47.20782157 ], [ -124.20475603, 47.20807461 ], [ -124.20481653, 47.2082365 ], [ -124.20516109, 47.208772 ], [ -124.20528754, 47.20904328 ], [ -124.2053428, 47.20930432 ], [ -124.20538475, 47.21036501 ], [ -124.20546439, 47.21041735 ], [ -124.20552212, 47.21047332 ], [ -124.20556115, 47.21052078 ], [ -124.20556911, 47.21063632 ], [ -124.20553477, 47.2107515 ], [ -124.20554506, 47.21090076 ], [ -124.20561637, 47.2110002 ], [ -124.20571622, 47.21102445 ], [ -124.20571153, 47.21127746 ], [ -124.20578556, 47.2114456 ], [ -124.20581191, 47.21163054 ], [ -124.20590781, 47.21185288 ], [ -124.20596283, 47.21194255 ], [ -124.20619009, 47.21199616 ], [ -124.20607468, 47.21226473 ], [ -124.20616301, 47.21250858 ], [ -124.20620106, 47.21273895 ], [ -124.206306, 47.21296099 ], [ -124.20637256, 47.21321772 ], [ -124.20652285, 47.21344741 ], [ -124.20665325, 47.21371736 ], [ -124.20678486, 47.21388057 ], [ -124.20677965, 47.21406051 ], [ -124.20687134, 47.21435298 ], [ -124.20692921, 47.21480486 ], [ -124.20708138, 47.21519299 ], [ -124.20727851, 47.21548842 ], [ -124.20741514, 47.21588494 ], [ -124.20742221, 47.2159873 ], [ -124.20740921, 47.21619288 ], [ -124.20756449, 47.21645826 ], [ -124.20770837, 47.21656567 ], [ -124.20780182, 47.21673044 ], [ -124.20789071, 47.21702608 ], [ -124.20832759, 47.21800052 ], [ -124.20833594, 47.21812136 ], [ -124.20825854, 47.2181892 ], [ -124.2082224, 47.21846072 ], [ -124.2082774, 47.21870569 ], [ -124.20834092, 47.21898853 ], [ -124.20844396, 47.21908781 ], [ -124.20853485, 47.21921545 ], [ -124.20865666, 47.21959391 ], [ -124.20883192, 47.21991492 ], [ -124.20902511, 47.22025507 ], [ -124.20903208, 47.22035589 ], [ -124.20902749, 47.22044267 ], [ -124.20932737, 47.22126281 ], [ -124.20941577, 47.22160221 ], [ -124.20953736, 47.22182278 ], [ -124.20965643, 47.22203879 ], [ -124.21054176, 47.22389019 ], [ -124.21071028, 47.22433938 ], [ -124.21100808, 47.22489558 ], [ -124.21117775, 47.22558713 ], [ -124.21180174, 47.22725562 ], [ -124.2124168, 47.22880158 ], [ -124.21269683, 47.22928235 ], [ -124.21322525, 47.23015022 ], [ -124.21350205, 47.23070778 ], [ -124.21385574, 47.23168504 ], [ -124.21404712, 47.23223093 ], [ -124.214642584312116, 47.233370482298326 ], [ -124.217141, 47.233344 ], [ -124.217244, 47.237842 ], [ -124.216915, 47.237846 ], [ -124.216919, 47.237988 ], [ -124.216682596686255, 47.23799050540984 ], [ -124.21675403, 47.23812595 ], [ -124.21693511, 47.23875502 ], [ -124.21730364, 47.23946487 ], [ -124.21739613, 47.23965111 ], [ -124.21763651, 47.24044536 ], [ -124.21783234, 47.24136729 ], [ -124.21796842, 47.24180448 ], [ -124.21813299, 47.24226768 ], [ -124.2182467, 47.24269477 ], [ -124.21824827, 47.24278289 ], [ -124.21815824, 47.24281409 ], [ -124.21803919, 47.2428337 ], [ -124.21796664, 47.24292094 ], [ -124.21798779, 47.24329183 ], [ -124.2180388, 47.24338814 ], [ -124.21807991, 47.24348717 ], [ -124.2181137, 47.24364048 ], [ -124.21811199, 47.24375392 ], [ -124.21799281, 47.24390254 ], [ -124.21767159, 47.24393481 ], [ -124.21752429, 47.24399032 ], [ -124.21738302, 47.24411099 ], [ -124.21716645, 47.24425021 ], [ -124.21704792, 47.24433636 ], [ -124.21703914, 47.24434274 ], [ -124.21700767, 47.24436561 ], [ -124.21680311, 47.24441627 ], [ -124.21649599, 47.24458669 ], [ -124.21642718, 47.24457518 ], [ -124.21632871, 47.24444093 ], [ -124.21619834, 47.24429708 ], [ -124.21578517, 47.24393243 ], [ -124.21564725, 47.24388334 ], [ -124.21536171, 47.24369574 ], [ -124.2150977, 47.24349167 ], [ -124.21489993, 47.24343661 ], [ -124.21451543, 47.24336232 ], [ -124.21371166, 47.24337404 ], [ -124.21329062, 47.24336868 ], [ -124.21325023, 47.24331646 ], [ -124.21312512, 47.24331412 ], [ -124.21302184, 47.24329222 ], [ -124.21286974, 47.24316175 ], [ -124.21280593, 47.24311807 ], [ -124.21256668, 47.24286112 ], [ -124.21238128, 47.24249358 ], [ -124.21221222, 47.24246079 ], [ -124.21213168, 47.24258699 ], [ -124.21201082, 47.24257052 ], [ -124.21190608, 47.24231819 ], [ -124.21188182, 47.24209879 ], [ -124.21200242, 47.24197818 ], [ -124.21225222, 47.24199459 ], [ -124.21253408, 47.24208772 ], [ -124.21266308, 47.24229612 ], [ -124.21287261, 47.24246612 ], [ -124.21329142, 47.24248798 ], [ -124.21380682, 47.24246039 ], [ -124.21437862, 47.24240538 ], [ -124.21474902, 47.24224632 ], [ -124.21503082, 47.24201578 ], [ -124.21529628, 47.24162079 ], [ -124.21563422, 47.24086932 ], [ -124.21558548, 47.24006852 ], [ -124.21561741, 47.23974492 ], [ -124.21560108, 47.23929518 ], [ -124.21552028, 47.23896072 ], [ -124.21536708, 47.23857672 ], [ -124.215069825898453, 47.238007597605922 ], [ -124.214737933082475, 47.23801111501654 ], [ -124.21491588, 47.23819292 ], [ -124.21498862, 47.23846172 ], [ -124.21500482, 47.23871392 ], [ -124.21512582, 47.23896619 ], [ -124.21521448, 47.23925138 ], [ -124.21522301, 47.23997538 ], [ -124.21523948, 47.24065552 ], [ -124.21523948, 47.24081999 ], [ -124.21517528, 47.24099012 ], [ -124.21487762, 47.24153312 ], [ -124.21469242, 47.24177998 ], [ -124.21412888, 47.24216412 ], [ -124.21370202, 47.24224652 ], [ -124.21322688, 47.24224672 ], [ -124.21292082, 47.24216439 ], [ -124.21278381, 47.24204379 ], [ -124.21297701, 47.24182432 ], [ -124.21325081, 47.24171459 ], [ -124.21335548, 47.24176392 ], [ -124.21346808, 47.24152259 ], [ -124.21315402, 47.24146232 ], [ -124.21298482, 47.24146779 ], [ -124.21298342, 47.24146785 ], [ -124.21267068, 47.24147892 ], [ -124.21221162, 47.24154479 ], [ -124.21178488, 47.24167659 ], [ -124.21154328, 47.24192892 ], [ -124.21151948, 47.24229639 ], [ -124.21165121, 47.24252507 ], [ -124.21167198, 47.24262857 ], [ -124.21183044, 47.24285987 ], [ -124.21197829, 47.24297626 ], [ -124.2121952, 47.2430386 ], [ -124.21232037, 47.24317302 ], [ -124.21239036, 47.24325261 ], [ -124.21253385, 47.2433897 ], [ -124.21262136, 47.24345311 ], [ -124.21272551, 47.24348751 ], [ -124.21290446, 47.24359824 ], [ -124.21315794, 47.24378859 ], [ -124.21339675, 47.24386623 ], [ -124.21347491, 47.24389164 ], [ -124.21363871, 47.24398725 ], [ -124.21384118, 47.24403736 ], [ -124.2139872, 47.24407985 ], [ -124.21414644, 47.24410939 ], [ -124.21426202, 47.24417808 ], [ -124.21432822, 47.24426104 ], [ -124.21447621, 47.24433194 ], [ -124.21457004, 47.24441384 ], [ -124.21464405, 47.24448592 ], [ -124.21480901, 47.24456177 ], [ -124.21487794, 47.24464052 ], [ -124.21491534, 47.24466041 ], [ -124.20987325, 47.24470129 ], [ -124.20562126, 47.24472728 ], [ -124.20222427, 47.24474927 ], [ -124.20197427, 47.24514027 ], [ -124.20169126, 47.24558527 ], [ -124.20125625, 47.24713927 ], [ -124.20122224, 47.24846427 ], [ -124.20011923, 47.24981427 ], [ -124.19991523, 47.25047527 ], [ -124.19983723, 47.25086927 ], [ -124.19986623, 47.25131127 ], [ -124.19975523, 47.25179427 ], [ -124.19987123, 47.25191827 ], [ -124.20015023, 47.25225027 ], [ -124.19981023, 47.25239827 ], [ -124.19946123, 47.25258527 ], [ -124.19920423, 47.25275927 ], [ -124.19893623, 47.25298227 ], [ -124.19876323, 47.25315827 ], [ -124.19860723, 47.25332527 ], [ -124.19850223, 47.25348627 ], [ -124.19840723, 47.25368526 ], [ -124.19832023, 47.25381926 ], [ -124.19824823, 47.25399626 ], [ -124.19820123, 47.25424226 ], [ -124.19811322, 47.25547326 ], [ -124.19797022, 47.25703826 ], [ -124.19793122, 47.25721426 ], [ -124.19785822, 47.25736526 ], [ -124.19776122, 47.25752126 ], [ -124.19758622, 47.25769726 ], [ -124.19730422, 47.25789426 ], [ -124.19704822, 47.25800326 ], [ -124.19682122, 47.25806226 ], [ -124.19659322, 47.25810926 ], [ -124.19635722, 47.25812526 ], [ -124.19609422, 47.25812526 ], [ -124.19578322, 47.25809126 ], [ -124.19550322, 47.25803026 ], [ -124.19531922, 47.25797025 ], [ -124.19513422, 47.25788425 ], [ -124.19457422, 47.25758825 ], [ -124.19422022, 47.25738925 ], [ -124.19372423, 47.25708625 ], [ -124.19284323, 47.25659425 ], [ -124.19124023, 47.25568924 ], [ -124.19074024, 47.25540724 ], [ -124.19058924, 47.25533224 ], [ -124.19020824, 47.25514424 ], [ -124.18973524, 47.25498524 ], [ -124.18949324, 47.25491423 ], [ -124.18919424, 47.25485823 ], [ -124.18881224, 47.25482223 ], [ -124.18852324, 47.25481323 ], [ -124.18820424, 47.25483723 ], [ -124.18789124, 47.25486923 ], [ -124.18721524, 47.25502623 ], [ -124.18686324, 47.25512923 ], [ -124.18655224, 47.25517323 ], [ -124.18613724, 47.25521722 ], [ -124.18579425, 47.25521422 ], [ -124.18543675, 47.25518822 ], [ -124.18507825, 47.25513722 ], [ -124.18469225, 47.25500522 ], [ -124.18440025, 47.25487922 ], [ -124.18356525, 47.25448622 ], [ -124.18320125, 47.25433221 ], [ -124.18284625, 47.25421221 ], [ -124.18243425, 47.25409421 ], [ -124.18190426, 47.25398621 ], [ -124.18143626, 47.25391121 ], [ -124.18075226, 47.25381121 ], [ -124.18036926, 47.25374521 ], [ -124.17994526, 47.2536532 ], [ -124.17957826, 47.2535422 ], [ -124.17919626, 47.2533972 ], [ -124.17884526, 47.2532382 ], [ -124.17849326, 47.2530612 ], [ -124.17814027, 47.2528392 ], [ -124.17828227, 47.2527612 ], [ -124.17853227, 47.2525912 ], [ -124.17866927, 47.2524432 ], [ -124.17878227, 47.2521742 ], [ -124.17881427, 47.2519652 ], [ -124.17880627, 47.2516972 ], [ -124.17868527, 47.2512192 ], [ -124.17864527, 47.2511652 ], [ -124.17854827, 47.2509072 ], [ -124.17849227, 47.2507922 ], [ -124.17847627, 47.2507262 ], [ -124.17844427, 47.2506382 ], [ -124.17833127, 47.2505122 ], [ -124.17808927, 47.2503092 ], [ -124.17792027, 47.2501552 ], [ -124.17776728, 47.2499522 ], [ -124.17777828, 47.2498162 ], [ -124.17783428, 47.2496192 ], [ -124.17772228, 47.24890019 ], [ -124.17750428, 47.24850519 ], [ -124.17739229, 47.24826419 ], [ -124.17741629, 47.24801219 ], [ -124.17759329, 47.24779219 ], [ -124.17782729, 47.24758419 ], [ -124.17833429, 47.24736519 ], [ -124.17868829, 47.24713419 ], [ -124.17867229, 47.24683819 ], [ -124.1783103, 47.24678919 ], [ -124.17811729, 47.24692619 ], [ -124.1780123, 47.24688219 ], [ -124.1780363, 47.24674519 ], [ -124.1776423, 47.24648119 ], [ -124.1775613, 47.24628419 ], [ -124.1777063, 47.24617419 ], [ -124.1778993, 47.24612519 ], [ -124.1787613, 47.24618019 ], [ -124.1791883, 47.24611419 ], [ -124.1796073, 47.2461632 ], [ -124.18013029, 47.2463612 ], [ -124.18063829, 47.2464492 ], [ -124.18103329, 47.2463552 ], [ -124.1813223, 47.2461362 ], [ -124.1815083, 47.2459172 ], [ -124.1818623, 47.2456152 ], [ -124.1824983, 47.2454722 ], [ -124.1830783, 47.24560421 ], [ -124.18336829, 47.24569721 ], [ -124.18349729, 47.24573621 ], [ -124.18407729, 47.24575821 ], [ -124.18463329, 47.24579621 ], [ -124.18509229, 47.24580721 ], [ -124.18527729, 47.24565321 ], [ -124.18540629, 47.24522021 ], [ -124.1855753, 47.24502321 ], [ -124.1856173, 47.24498621 ], [ -124.1857623, 47.24486421 ], [ -124.1835043, 47.24488521 ], [ -124.17904831, 47.24492519 ], [ -124.18168531, 47.2435452 ], [ -124.18755332, 47.24047521 ], [ -124.19091333, 47.23871722 ], [ -124.19278833, 47.23773623 ], [ -124.19289833, 47.23767823 ], [ -124.19360734, 47.23720723 ], [ -124.19424034, 47.23678723 ], [ -124.19427334, 47.23644423 ], [ -124.19464234, 47.23585023 ], [ -124.19477734, 47.23575823 ], [ -124.19477035, 47.23521023 ], [ -124.19474336, 47.23310723 ], [ -124.19457536, 47.23285623 ], [ -124.18726644, 47.22442419 ], [ -124.18548345, 47.22236618 ], [ -124.18477846, 47.22142918 ], [ -124.18457746, 47.22094918 ], [ -124.18454448, 47.21921217 ], [ -124.18444348, 47.21875517 ], [ -124.18417548, 47.21834417 ], [ -124.18383949, 47.21759017 ], [ -124.18380649, 47.21717817 ], [ -124.1841675, 47.21613717 ], [ -124.1842745, 47.21583017 ], [ -124.18507951, 47.21416217 ] ], [ [ -124.21371642, 47.23891179 ], [ -124.21335408, 47.23901052 ], [ -124.21299168, 47.23907652 ], [ -124.21262108, 47.23905459 ], [ -124.21229902, 47.23895039 ], [ -124.21205722, 47.23870919 ], [ -124.21176728, 47.23864338 ], [ -124.21073648, 47.23872598 ], [ -124.21030968, 47.23867672 ], [ -124.20988268, 47.23853412 ], [ -124.20938321, 47.23825452 ], [ -124.20894021, 47.23803532 ], [ -124.20838461, 47.23799152 ], [ -124.20799002, 47.23811779 ], [ -124.20761148, 47.23830978 ], [ -124.20742642, 47.23857858 ], [ -124.20740248, 47.23912699 ], [ -124.20735428, 47.23932992 ], [ -124.20718508, 47.23944518 ], [ -124.20695168, 47.23952212 ], [ -124.20663762, 47.23954952 ], [ -124.20637988, 47.23960992 ], [ -124.20664568, 47.23970312 ], [ -124.20693562, 47.23970299 ], [ -124.20712081, 47.23959872 ], [ -124.20739461, 47.23954932 ], [ -124.20780528, 47.23929699 ], [ -124.20789381, 47.23912138 ], [ -124.20760361, 47.23866639 ], [ -124.20774041, 47.23849632 ], [ -124.20807868, 47.23830432 ], [ -124.20844908, 47.23818899 ], [ -124.20875508, 47.23816152 ], [ -124.20896448, 47.23827672 ], [ -124.20906941, 47.23860012 ], [ -124.20919028, 47.23886892 ], [ -124.20951241, 47.23897852 ], [ -124.21106681, 47.23902752 ], [ -124.21167888, 47.23899452 ], [ -124.21194468, 47.23902732 ], [ -124.21204138, 47.23906018 ], [ -124.21296748, 47.23918612 ], [ -124.21337821, 47.23916412 ], [ -124.21369242, 47.23908172 ], [ -124.21399828, 47.23895012 ], [ -124.21414308, 47.23875259 ], [ -124.21419941, 47.23852759 ], [ -124.21419921, 47.23830819 ], [ -124.21403808, 47.23816018 ], [ -124.21372401, 47.23811092 ], [ -124.21349042, 47.23815492 ], [ -124.21331322, 47.23806712 ], [ -124.213318814048762, 47.238026154885176 ], [ -124.212971307902421, 47.238029837766362 ], [ -124.21303948, 47.23827012 ], [ -124.21335361, 47.23833038 ], [ -124.21379661, 47.23831392 ], [ -124.21396582, 47.23842352 ], [ -124.21399001, 47.23859899 ], [ -124.21387728, 47.23875259 ], [ -124.21371642, 47.23891179 ] ] ], [ [ [ -124.21243721, 47.24164899 ], [ -124.21258221, 47.24162152 ], [ -124.21267888, 47.24165438 ], [ -124.21271108, 47.24172019 ], [ -124.21264668, 47.24178059 ], [ -124.21251788, 47.24179159 ], [ -124.21238901, 47.24172032 ], [ -124.21243721, 47.24164899 ] ] ], [ [ [ -124.22341906, 47.30233834 ], [ -124.22345206, 47.30222334 ], [ -124.22344306, 47.30200334 ], [ -124.22341106, 47.30181734 ], [ -124.22333006, 47.30158134 ], [ -124.22315307, 47.30122534 ], [ -124.22303207, 47.30109934 ], [ -124.22262007, 47.30069333 ], [ -124.22246707, 47.30061133 ], [ -124.22226507, 47.30047933 ], [ -124.22217607, 47.30044133 ], [ -124.22187007, 47.30029333 ], [ -124.22112807, 47.30005233 ], [ -124.22045007, 47.29969033 ], [ -124.21987007, 47.29930033 ], [ -124.21949908, 47.29900433 ], [ -124.21886108, 47.29845632 ], [ -124.21807908, 47.29759032 ], [ -124.21804608, 47.29753532 ], [ -124.21793408, 47.29743132 ], [ -124.21774008, 47.29722232 ], [ -124.21759508, 47.29710232 ], [ -124.21746608, 47.29690432 ], [ -124.21728808, 47.29667432 ], [ -124.21713509, 47.29635632 ], [ -124.21708609, 47.29626832 ], [ -124.21705409, 47.29621332 ], [ -124.21690109, 47.29595632 ], [ -124.21681209, 47.29582932 ], [ -124.21670709, 47.29562632 ], [ -124.21659409, 47.29547332 ], [ -124.21611009, 47.29512832 ], [ -124.21591709, 47.29492532 ], [ -124.21582809, 47.29477132 ], [ -124.21583609, 47.29457932 ], [ -124.21590809, 47.29432132 ], [ -124.21597309, 47.29418432 ], [ -124.21623809, 47.29383932 ], [ -124.21647209, 47.29366832 ], [ -124.21729409, 47.29344932 ], [ -124.21760909, 47.29332332 ], [ -124.21774609, 47.29322932 ], [ -124.21785809, 47.29305932 ], [ -124.21789109, 47.29289532 ], [ -124.21789009, 47.29244532 ], [ -124.21791409, 47.29230232 ], [ -124.21793909, 47.29223132 ], [ -124.2181641, 47.29178732 ], [ -124.2183091, 47.29140832 ], [ -124.2187111, 47.29043733 ], [ -124.2187921, 47.29033933 ], [ -124.2189611, 47.29022933 ], [ -124.2191631, 47.29015733 ], [ -124.2196141, 47.29005933 ], [ -124.2198321, 47.28999333 ], [ -124.2199931, 47.28989433 ], [ -124.2200571, 47.28982833 ], [ -124.2201531, 47.28971433 ], [ -124.2201861, 47.28967533 ], [ -124.2202751, 47.28951533 ], [ -124.2203231, 47.28908233 ], [ -124.2203631, 47.28891833 ], [ -124.2204601, 47.28870433 ], [ -124.2205241, 47.28858333 ], [ -124.2206371, 47.28845733 ], [ -124.2208301, 47.28830933 ], [ -124.2210071, 47.28822133 ], [ -124.2211851, 47.28816033 ], [ -124.2214751, 47.28812233 ], [ -124.2216601, 47.28811133 ], [ -124.2223051, 47.28817134 ], [ -124.2225551, 47.28817734 ], [ -124.2227321, 47.28816534 ], [ -124.2229181, 47.28810034 ], [ -124.2231351, 47.28797334 ], [ -124.2232801, 47.28782534 ], [ -124.2236111, 47.28761734 ], [ -124.2236911, 47.28756234 ], [ -124.2239571, 47.28743034 ], [ -124.2244251, 47.28732034 ], [ -124.2249241, 47.28714534 ], [ -124.2255451, 47.28705735 ], [ -124.2258841, 47.28706235 ], [ -124.2260611, 47.28709535 ], [ -124.2263511, 47.28718835 ], [ -124.22660909, 47.28724335 ], [ -124.22701209, 47.28724835 ], [ -124.22743909, 47.28712235 ], [ -124.22810809, 47.28698435 ], [ -124.22864009, 47.28684236 ], [ -124.22874809, 47.28681736 ], [ -124.23500608, 47.28679037 ], [ -124.23618408, 47.28678338 ], [ -124.23635328, 47.28678272 ], [ -124.23636638, 47.28679561 ], [ -124.23671676, 47.28731592 ], [ -124.23692975, 47.28751422 ], [ -124.23697367, 47.28763082 ], [ -124.23705098, 47.28786471 ], [ -124.23711147, 47.28799468 ], [ -124.23735729, 47.28823 ], [ -124.23757522, 47.28845575 ], [ -124.23784457, 47.28873199 ], [ -124.23812187, 47.28904984 ], [ -124.23824566, 47.28921258 ], [ -124.23835479, 47.28930975 ], [ -124.23843255, 47.28947759 ], [ -124.23858582, 47.28962206 ], [ -124.23857887, 47.28968146 ], [ -124.23864964, 47.28973459 ], [ -124.2387159, 47.289875 ], [ -124.23894181, 47.29004149 ], [ -124.23890783, 47.29013985 ], [ -124.23896129, 47.2901762 ], [ -124.23896855, 47.29028027 ], [ -124.23903379, 47.29033374 ], [ -124.23918043, 47.29060708 ], [ -124.23923035, 47.29073739 ], [ -124.23927623, 47.29088189 ], [ -124.23927966, 47.2910034 ], [ -124.23926033, 47.29116734 ], [ -124.23920049, 47.29133601 ], [ -124.23918283, 47.29144431 ], [ -124.23913494, 47.29156748 ], [ -124.23911559, 47.29165164 ], [ -124.23911247, 47.2916864 ], [ -124.23915013, 47.29171297 ], [ -124.23929258, 47.29177442 ], [ -124.23940577, 47.2918646 ], [ -124.23962958, 47.29196459 ], [ -124.23990842, 47.29210895 ], [ -124.2401854, 47.29227721 ], [ -124.24036962, 47.29242411 ], [ -124.24048687, 47.29263029 ], [ -124.24052153, 47.29270071 ], [ -124.24062709, 47.29282596 ], [ -124.24092806, 47.29296205 ], [ -124.24103888, 47.29309056 ], [ -124.24132, 47.29331084 ], [ -124.2413452, 47.29338293 ], [ -124.24135534, 47.29344864 ], [ -124.24146641, 47.29358058 ], [ -124.24155208, 47.2937099 ], [ -124.24159197, 47.2938407 ], [ -124.24156543, 47.29397347 ], [ -124.24155575, 47.29401547 ], [ -124.24161553, 47.2941422 ], [ -124.24171387, 47.29423629 ], [ -124.24174467, 47.29438128 ], [ -124.2418571, 47.29438811 ], [ -124.24204465, 47.29443094 ], [ -124.24219689, 47.29449516 ], [ -124.24230289, 47.29455434 ], [ -124.2424106, 47.29463081 ], [ -124.24244733, 47.29471642 ], [ -124.24255551, 47.29480676 ], [ -124.24267661, 47.29485843 ], [ -124.24280468, 47.29493766 ], [ -124.2429182, 47.2950973 ], [ -124.24303525, 47.295163 ], [ -124.24315208, 47.29530521 ], [ -124.24351987, 47.29566866 ], [ -124.24380193, 47.29582972 ], [ -124.24417566, 47.29614083 ], [ -124.24425485, 47.29624943 ], [ -124.24456433, 47.29650704 ], [ -124.24467227, 47.29659395 ], [ -124.24483298, 47.29669992 ], [ -124.24485412, 47.29678603 ], [ -124.24501199, 47.29692348 ], [ -124.24508968, 47.2969383 ], [ -124.24519716, 47.29701133 ], [ -124.2452243, 47.29711115 ], [ -124.24527063, 47.29718959 ], [ -124.24529106, 47.29726544 ], [ -124.24536348, 47.297277 ], [ -124.24544306, 47.29724663 ], [ -124.24560371, 47.29727952 ], [ -124.24560377, 47.2973526 ], [ -124.24565101, 47.29737183 ], [ -124.24583386, 47.29757091 ], [ -124.24593769, 47.29759895 ], [ -124.24614087, 47.2977279 ], [ -124.24618555, 47.29785494 ], [ -124.24617888, 47.29790387 ], [ -124.24626044, 47.29798118 ], [ -124.24636142, 47.29803349 ], [ -124.24648739, 47.29815447 ], [ -124.24673489, 47.29826106 ], [ -124.24673997, 47.29836262 ], [ -124.24665708, 47.29853324 ], [ -124.24655526, 47.29860618 ], [ -124.24660463, 47.29868487 ], [ -124.24671427, 47.29875269 ], [ -124.24730554, 47.29918833 ], [ -124.24730707, 47.29919976 ], [ -124.24696004, 47.2992564 ], [ -124.24689504, 47.2992804 ], [ -124.24774404, 47.2998994 ], [ -124.24759804, 47.3000244 ], [ -124.24720304, 47.3005234 ], [ -124.24716304, 47.3006064 ], [ -124.24707504, 47.3008144 ], [ -124.24701003, 47.3010504 ], [ -124.24698703, 47.3012584 ], [ -124.24704303, 47.3015274 ], [ -124.24712403, 47.3017034 ], [ -124.24714003, 47.3018124 ], [ -124.24719703, 47.3019274 ], [ -124.24725403, 47.3020814 ], [ -124.24742303, 47.3023334 ], [ -124.24746403, 47.3024324 ], [ -124.24750403, 47.3024814 ], [ -124.24761703, 47.3027884 ], [ -124.24764203, 47.3029534 ], [ -124.24766603, 47.3030244 ], [ -124.24766603, 47.3034794 ], [ -124.24757803, 47.3039074 ], [ -124.24755403, 47.3041104 ], [ -124.24751403, 47.3042094 ], [ -124.24749902, 47.3047524 ], [ -124.24747403, 47.3049114 ], [ -124.24744302, 47.3052894 ], [ -124.24734602, 47.3056084 ], [ -124.24733802, 47.3057064 ], [ -124.24730602, 47.3058004 ], [ -124.24723402, 47.3059594 ], [ -124.24721002, 47.3060794 ], [ -124.24717002, 47.3061944 ], [ -124.24695202, 47.3065954 ], [ -124.24648502, 47.3072264 ], [ -124.24617102, 47.3075114 ], [ -124.24611302, 47.3075494 ], [ -124.24601802, 47.3076104 ], [ -124.24584102, 47.3076874 ], [ -124.24531702, 47.30786339 ], [ -124.24454302, 47.30801139 ], [ -124.24401202, 47.30811839 ], [ -124.24420402, 47.30793439 ], [ -124.24444302, 47.30760139 ], [ -124.24405802, 47.30732539 ], [ -124.24287503, 47.30717139 ], [ -124.24195503, 47.30719139 ], [ -124.24138003, 47.30727138 ], [ -124.24048103, 47.30716238 ], [ -124.23889103, 47.30680538 ], [ -124.23771703, 47.30700537 ], [ -124.23685703, 47.30738537 ], [ -124.23626703, 47.30745837 ], [ -124.23539003, 47.30731737 ], [ -124.23463904, 47.30744737 ], [ -124.23436504, 47.30752136 ], [ -124.23318004, 47.30780636 ], [ -124.23083104, 47.30837335 ], [ -124.23036804, 47.30852935 ], [ -124.22983604, 47.30866035 ], [ -124.22887304, 47.30780335 ], [ -124.22874704, 47.30774135 ], [ -124.22782805, 47.30662135 ], [ -124.22741505, 47.30569235 ], [ -124.22608205, 47.30451434 ], [ -124.22592805, 47.30444334 ], [ -124.22565605, 47.30427634 ], [ -124.22470206, 47.30369234 ], [ -124.22438006, 47.30351734 ], [ -124.22408906, 47.30333034 ], [ -124.22378306, 47.30319934 ], [ -124.22358106, 47.30306734 ], [ -124.22349206, 47.30293034 ], [ -124.22337106, 47.30265134 ], [ -124.22341906, 47.30233834 ] ] ], [ [ [ -124.28479285, 47.34714138 ], [ -124.28454272, 47.34703712 ], [ -124.28442172, 47.34696578 ], [ -124.28399425, 47.34670798 ], [ -124.28385705, 47.34665858 ], [ -124.28370372, 47.34657072 ], [ -124.28349392, 47.34646098 ], [ -124.28310672, 47.34629632 ], [ -124.28245332, 47.34593958 ], [ -124.28230805, 47.34588478 ], [ -124.28160625, 47.34547878 ], [ -124.28124312, 47.34522638 ], [ -124.28107385, 47.34514952 ], [ -124.28076732, 47.34494652 ], [ -124.28046872, 47.34472712 ], [ -124.27975905, 47.34422232 ], [ -124.27957352, 47.34406872 ], [ -124.27915412, 47.34376691 ], [ -124.27888785, 47.34353638 ], [ -124.27861365, 47.34334992 ], [ -124.27842012, 47.34320178 ], [ -124.27756512, 47.34259818 ], [ -124.27722632, 47.34238418 ], [ -124.27626632, 47.34196158 ], [ -124.27545972, 47.34167612 ], [ -124.27502405, 47.34152792 ], [ -124.27474165, 47.34138518 ], [ -124.27439485, 47.34115472 ], [ -124.27408845, 47.34099018 ], [ -124.27339472, 47.34054018 ], [ -124.27303985, 47.34036998 ], [ -124.27280592, 47.34030412 ], [ -124.27221705, 47.34021618 ], [ -124.27161185, 47.34018852 ], [ -124.27129725, 47.34019398 ], [ -124.27110351, 47.34017752 ], [ -124.27090985, 47.34017738 ], [ -124.27001411, 47.34023198 ], [ -124.26953812, 47.34028672 ], [ -124.26905385, 47.34037972 ], [ -124.26857785, 47.34042892 ], [ -124.26796445, 47.34047252 ], [ -124.26733511, 47.34046678 ], [ -124.26695585, 47.34046672 ], [ -124.26568911, 47.34046072 ], [ -124.26478545, 47.34034518 ], [ -124.26455144, 47.34032858 ], [ -124.26403511, 47.34028452 ], [ -124.26294591, 47.34010312 ], [ -124.26258305, 47.34003712 ], [ -124.26192945, 47.33996552 ], [ -124.26140491, 47.33995992 ], [ -124.26109031, 47.34000898 ], [ -124.26062211, 47.34010212 ], [ -124.26033965, 47.34021712 ], [ -124.26026705, 47.34025012 ], [ -124.25984724, 47.34040892 ], [ -124.25968585, 47.34049112 ], [ -124.25916925, 47.34069378 ], [ -124.25887871, 47.34075399 ], [ -124.25862044, 47.34072652 ], [ -124.25839465, 47.34063858 ], [ -124.25816885, 47.34047952 ], [ -124.25788671, 47.34018872 ], [ -124.25767731, 47.33985952 ], [ -124.25762091, 47.33972232 ], [ -124.25760504, 47.33957972 ], [ -124.25754864, 47.33939872 ], [ -124.25750044, 47.33916832 ], [ -124.25746831, 47.33910252 ], [ -124.25746851, 47.33879539 ], [ -124.25750911, 47.33855398 ], [ -124.25758191, 47.33838412 ], [ -124.25763071, 47.33805498 ], [ -124.25766304, 47.33797812 ], [ -124.25767111, 47.33790692 ], [ -124.25771985, 47.33774239 ], [ -124.2577402, 47.33759081 ], [ -124.25776476, 47.3374208 ], [ -124.25778471, 47.33729272 ], [ -124.25789805, 47.33693072 ], [ -124.25797091, 47.33666752 ], [ -124.25797945, 47.33626158 ], [ -124.25794731, 47.33605858 ], [ -124.25788291, 47.33588858 ], [ -124.25783471, 47.33569112 ], [ -124.25782684, 47.33557038 ], [ -124.25780265, 47.33551012 ], [ -124.25779491, 47.33527432 ], [ -124.25771451, 47.33485192 ], [ -124.25770651, 47.33480812 ], [ -124.25770671, 47.33455572 ], [ -124.25770028, 47.33452881 ], [ -124.25769609, 47.33443707 ], [ -124.25769091, 47.33427598 ], [ -124.25766691, 47.33412252 ], [ -124.25765931, 47.33372752 ], [ -124.25759484, 47.33359592 ], [ -124.25757871, 47.33353012 ], [ -124.25743371, 47.33332698 ], [ -124.25726451, 47.33316792 ], [ -124.25675651, 47.33279472 ], [ -124.25635344, 47.33253672 ], [ -124.25578091, 47.33228418 ], [ -124.25504704, 47.33206438 ], [ -124.25428871, 47.33193792 ], [ -124.25330471, 47.33181672 ], [ -124.25282871, 47.33181099 ], [ -124.25236071, 47.33185472 ], [ -124.25213464, 47.33189292 ], [ -124.25186031, 47.33195859 ], [ -124.25148911, 47.33201332 ], [ -124.25134471, 47.33201812 ], [ -124.25134451, 47.33201179 ], [ -124.25131164, 47.33201919 ], [ -124.25107371, 47.33207232 ], [ -124.25098504, 47.33212159 ], [ -124.25077531, 47.33219312 ], [ -124.25077147, 47.33219439 ], [ -124.25071695, 47.33208139 ], [ -124.25067596, 47.33189439 ], [ -124.25069196, 47.33119839 ], [ -124.25067496, 47.33101739 ], [ -124.25062696, 47.33087439 ], [ -124.25053796, 47.33071539 ], [ -124.25039996, 47.3305564 ], [ -124.25034396, 47.33046339 ], [ -124.25010896, 47.3302494 ], [ -124.24986697, 47.3300574 ], [ -124.24964897, 47.32984339 ], [ -124.24941497, 47.32964639 ], [ -124.24927797, 47.32947139 ], [ -124.24910797, 47.32913639 ], [ -124.24877697, 47.32870939 ], [ -124.24873597, 47.32861039 ], [ -124.24868797, 47.32855539 ], [ -124.24842897, 47.32804539 ], [ -124.24837997, 47.32790339 ], [ -124.24832397, 47.32779839 ], [ -124.24778998, 47.32658139 ], [ -124.24776498, 47.32638939 ], [ -124.24776498, 47.32613139 ], [ -124.24780498, 47.32595639 ], [ -124.24795798, 47.32581339 ], [ -124.24816798, 47.32567639 ], [ -124.24833698, 47.32552239 ], [ -124.24844198, 47.32535839 ], [ -124.24850948, 47.32521889 ], [ -124.24853798, 47.32485339 ], [ -124.24865098, 47.32439839 ], [ -124.24867498, 47.3242494 ], [ -124.24861798, 47.32403039 ], [ -124.24858598, 47.32397039 ], [ -124.24853698, 47.32378939 ], [ -124.24840698, 47.32350439 ], [ -124.24832698, 47.32340539 ], [ -124.24815698, 47.32307639 ], [ -124.24810798, 47.32292839 ], [ -124.24804299, 47.32257139 ], [ -124.24800298, 47.32247339 ], [ -124.24791399, 47.32230339 ], [ -124.24759099, 47.32185939 ], [ -124.24695299, 47.32126739 ], [ -124.24689099, 47.32119739 ], [ -124.24758399, 47.32107539 ], [ -124.24936099, 47.3208784 ], [ -124.25083898, 47.3211834 ], [ -124.25130197, 47.3212094 ], [ -124.25199897, 47.3213064 ], [ -124.25337695, 47.3219784 ], [ -124.25492093, 47.3224464 ], [ -124.25569493, 47.3223604 ], [ -124.25609992, 47.3221804 ], [ -124.25683992, 47.3215934 ], [ -124.25764691, 47.3212104 ], [ -124.25966389, 47.3206084 ], [ -124.25993289, 47.32035939 ], [ -124.25979989, 47.31977039 ], [ -124.2589599, 47.3188654 ], [ -124.25802092, 47.3178244 ], [ -124.25781792, 47.3177104 ], [ -124.25587194, 47.3156974 ], [ -124.25523395, 47.3152444 ], [ -124.25484595, 47.3148234 ], [ -124.25499895, 47.3147904 ], [ -124.25511995, 47.3147304 ], [ -124.25523295, 47.3146534 ], [ -124.25538595, 47.3144674 ], [ -124.25542595, 47.3143844 ], [ -124.25558795, 47.3142094 ], [ -124.25595894, 47.3140174 ], [ -124.25636294, 47.3138804 ], [ -124.25667694, 47.3137934 ], [ -124.25770993, 47.3134914 ], [ -124.25822592, 47.3132724 ], [ -124.25848392, 47.3131354 ], [ -124.25869092, 47.3130364 ], [ -124.25890392, 47.3129334 ], [ -124.25908892, 47.3128784 ], [ -124.25928292, 47.3127414 ], [ -124.25942792, 47.3125494 ], [ -124.25962191, 47.3121984 ], [ -124.25989691, 47.3117264 ], [ -124.26003391, 47.3115784 ], [ -124.26010691, 47.3114634 ], [ -124.26021991, 47.3113324 ], [ -124.26046991, 47.3110904 ], [ -124.26072791, 47.3109044 ], [ -124.2613499, 47.3104054 ], [ -124.2614549, 47.3102794 ], [ -124.2615249, 47.3101764 ], [ -124.26323588, 47.3112104 ], [ -124.26390587, 47.3115704 ], [ -124.26499286, 47.3122084 ], [ -124.26567786, 47.3125994 ], [ -124.26603085, 47.31280039 ], [ -124.26610685, 47.31284239 ], [ -124.26642385, 47.31301539 ], [ -124.27535078, 47.30633039 ], [ -124.27575478, 47.30628239 ], [ -124.27659877, 47.30650939 ], [ -124.27703677, 47.30639339 ], [ -124.27750976, 47.30604839 ], [ -124.27798376, 47.30582039 ], [ -124.27824476, 47.30564239 ], [ -124.27833876, 47.30525339 ], [ -124.27825576, 47.30500339 ], [ -124.27833976, 47.30472139 ], [ -124.27856376, 47.30437239 ], [ -124.27890275, 47.30384939 ], [ -124.27898175, 47.30385739 ], [ -124.27920775, 47.30389639 ], [ -124.27926798, 47.30394048 ], [ -124.27929919, 47.30398682 ], [ -124.2793108, 47.3040657 ], [ -124.27923811, 47.30425797 ], [ -124.27927027, 47.30427785 ], [ -124.27932651, 47.30428854 ], [ -124.27933077, 47.30434895 ], [ -124.27936138, 47.30438964 ], [ -124.27950789, 47.30443754 ], [ -124.279517, 47.30446046 ], [ -124.27951361, 47.30450991 ], [ -124.27955186, 47.30455625 ], [ -124.27955456, 47.30456376 ], [ -124.27956122, 47.30461282 ], [ -124.27949745, 47.30466705 ], [ -124.27943119, 47.30468586 ], [ -124.27930905, 47.3046919 ], [ -124.27920297, 47.30466825 ], [ -124.27903143, 47.30471776 ], [ -124.27889752, 47.3046928 ], [ -124.27868696, 47.30470395 ], [ -124.27863066, 47.3049499 ], [ -124.27852609, 47.30507648 ], [ -124.27854667, 47.30519675 ], [ -124.27856189, 47.30528391 ], [ -124.27861951, 47.30540726 ], [ -124.27876563, 47.30551949 ], [ -124.27884417, 47.30554609 ], [ -124.27893937, 47.30559859 ], [ -124.27897043, 47.30562523 ], [ -124.27900758, 47.30568898 ], [ -124.27900065, 47.30576229 ], [ -124.27895397, 47.30580858 ], [ -124.27890219, 47.30584681 ], [ -124.27881281, 47.30588112 ], [ -124.27876804, 47.30594725 ], [ -124.27865288, 47.3060095 ], [ -124.27862969, 47.30602398 ], [ -124.27859823, 47.30605709 ], [ -124.27859461, 47.3060875 ], [ -124.27844184, 47.30613652 ], [ -124.27840514, 47.30613012 ], [ -124.27837678, 47.30612847 ], [ -124.27830487, 47.30612447 ], [ -124.27825346, 47.30614656 ], [ -124.27823927, 47.30615989 ], [ -124.27803815, 47.30621911 ], [ -124.27799282, 47.30624872 ], [ -124.27797219, 47.30624939 ], [ -124.27799333, 47.30647068 ], [ -124.27795714, 47.30651544 ], [ -124.27793528, 47.30655595 ], [ -124.27790045, 47.30656995 ], [ -124.27781536, 47.30656501 ], [ -124.27772868, 47.30659476 ], [ -124.27765339, 47.30657149 ], [ -124.2775462, 47.30657498 ], [ -124.27750551, 47.30664184 ], [ -124.27754643, 47.30692905 ], [ -124.27761996, 47.30705634 ], [ -124.27773206, 47.30722972 ], [ -124.27800367, 47.30749791 ], [ -124.27804758, 47.30764144 ], [ -124.27819179, 47.30777654 ], [ -124.27827692, 47.30792524 ], [ -124.27824022, 47.3080201 ], [ -124.27817535, 47.30810164 ], [ -124.2781583, 47.30823189 ], [ -124.27809071, 47.30828916 ], [ -124.27803823, 47.30843206 ], [ -124.27809356, 47.30854433 ], [ -124.27823971, 47.30863546 ], [ -124.27830198, 47.30876758 ], [ -124.27833092, 47.3089061 ], [ -124.2784657, 47.30904357 ], [ -124.27866782, 47.30922019 ], [ -124.27895927, 47.30953337 ], [ -124.27931133, 47.30994784 ], [ -124.27957185, 47.31025155 ], [ -124.27971861, 47.31061593 ], [ -124.27988277, 47.31087043 ], [ -124.27989672, 47.31141639 ], [ -124.28005772, 47.31175039 ], [ -124.28046072, 47.31241939 ], [ -124.28083854, 47.3130634 ], [ -124.28103303, 47.31353857 ], [ -124.28118837, 47.31396717 ], [ -124.28138547, 47.3146085 ], [ -124.28158039, 47.31521902 ], [ -124.28162813, 47.31540221 ], [ -124.2816287, 47.31540938 ], [ -124.28163219, 47.3154178 ], [ -124.28180452, 47.31607904 ], [ -124.28189872, 47.31634169 ], [ -124.28205272, 47.31672951 ], [ -124.28213987, 47.31696357 ], [ -124.28229845, 47.31727335 ], [ -124.28258799, 47.31797541 ], [ -124.28259468, 47.31800938 ], [ -124.28277967, 47.31873338 ], [ -124.28316667, 47.31958938 ], [ -124.28356966, 47.32030238 ], [ -124.28363555, 47.32046157 ], [ -124.28375692, 47.3207982 ], [ -124.28381966, 47.32105338 ], [ -124.2839463, 47.32130667 ], [ -124.28404899, 47.32158086 ], [ -124.28430675, 47.32230872 ], [ -124.28470285, 47.32329504 ], [ -124.28492087, 47.32370289 ], [ -124.28513311, 47.32409326 ], [ -124.28531484, 47.32453729 ], [ -124.28558966, 47.32514193 ], [ -124.28576119, 47.32556296 ], [ -124.28590086, 47.32589721 ], [ -124.28612939, 47.32651794 ], [ -124.28639496, 47.32705564 ], [ -124.28657785, 47.32739447 ], [ -124.28676074, 47.32766898 ], [ -124.28695219, 47.3279432 ], [ -124.28704405, 47.32815051 ], [ -124.28714571, 47.32837518 ], [ -124.28727602, 47.3286339 ], [ -124.28737159, 47.32882943 ], [ -124.28759408, 47.32935704 ], [ -124.28776462, 47.3297136 ], [ -124.28785296, 47.33004968 ], [ -124.28799539, 47.3304226 ], [ -124.28804922, 47.3305845 ], [ -124.28810531, 47.33077102 ], [ -124.28818013, 47.33093 ], [ -124.28823413, 47.3310442 ], [ -124.28828089, 47.33119175 ], [ -124.28832324, 47.33131251 ], [ -124.28834589, 47.33137592 ], [ -124.2883988, 47.33148192 ], [ -124.28845582, 47.33159603 ], [ -124.28852711, 47.33174071 ], [ -124.28860481, 47.33189754 ], [ -124.28872166, 47.33212976 ], [ -124.28884637, 47.33238043 ], [ -124.28894562, 47.3325779 ], [ -124.28902032, 47.33273499 ], [ -124.28908036, 47.332849 ], [ -124.2891418, 47.33296861 ], [ -124.28925164, 47.33320159 ], [ -124.28941707, 47.33352126 ], [ -124.28956628, 47.33394696 ], [ -124.28976335, 47.33432152 ], [ -124.28992961, 47.33461011 ], [ -124.29007718, 47.33484134 ], [ -124.29025224, 47.33507578 ], [ -124.29060378, 47.33571461 ], [ -124.29097554, 47.3363895 ], [ -124.29119841, 47.33678603 ], [ -124.29146144, 47.33714385 ], [ -124.29152645, 47.33724945 ], [ -124.29176104, 47.33763308 ], [ -124.29195648, 47.33806979 ], [ -124.292493, 47.33915373 ], [ -124.29258175, 47.33933095 ], [ -124.29265831, 47.33947135 ], [ -124.29285464, 47.33979206 ], [ -124.29315787, 47.3402894 ], [ -124.29361332, 47.34091214 ], [ -124.29402535, 47.34148465 ], [ -124.29419742, 47.34171919 ], [ -124.29470373, 47.34237542 ], [ -124.29491809, 47.34264391 ], [ -124.29512697, 47.34297038 ], [ -124.29524366, 47.34315698 ], [ -124.29550198, 47.34349024 ], [ -124.29564052, 47.34364301 ], [ -124.29588553, 47.3439165 ], [ -124.29603533, 47.34410733 ], [ -124.29614944, 47.34429298 ], [ -124.29650869, 47.34471814 ], [ -124.29658265, 47.34489996 ], [ -124.29678389, 47.34520387 ], [ -124.296788058520789, 47.345209901733071 ], [ -124.297137, 47.345206 ], [ -124.297148721887211, 47.345685318624092 ], [ -124.29730323, 47.34587219 ], [ -124.2974668, 47.34607183 ], [ -124.29779832, 47.3464545 ], [ -124.29805286, 47.34673384 ], [ -124.29823393, 47.34698814 ], [ -124.29843453, 47.3472756 ], [ -124.2988515, 47.34773129 ], [ -124.29897885, 47.34791119 ], [ -124.29902375, 47.34805313 ], [ -124.29906543, 47.34818523 ], [ -124.29914697, 47.34845943 ], [ -124.29914818, 47.3484632 ], [ -124.29908142, 47.34838036 ], [ -124.29895242, 47.34824336 ], [ -124.29878343, 47.34813936 ], [ -124.29836343, 47.34798036 ], [ -124.29832644, 47.34778726 ], [ -124.2980911, 47.34737297 ], [ -124.29786874, 47.34724851 ], [ -124.29775624, 47.34720673 ], [ -124.29759592, 47.34718831 ], [ -124.29743968, 47.34719171 ], [ -124.297186453484741, 47.347228197948667 ], [ -124.297247, 47.349704 ], [ -124.290629, 47.349778 ], [ -124.290592821116249, 47.348298612553833 ], [ -124.28958592, 47.34826671 ], [ -124.28892412, 47.34819532 ], [ -124.28854492, 47.34815132 ], [ -124.28818985, 47.34811292 ], [ -124.28740705, 47.34799212 ], [ -124.28690685, 47.34787131 ], [ -124.28531732, 47.34729498 ], [ -124.28479285, 47.34714138 ] ] ], [ [ [ -124.33438962, 47.53355019 ], [ -124.3352126, 47.5322492 ], [ -124.33561359, 47.5314892 ], [ -124.33642857, 47.5301452 ], [ -124.33718656, 47.5288572 ], [ -124.33744755, 47.5283592 ], [ -124.33759855, 47.52797921 ], [ -124.33762054, 47.52750021 ], [ -124.33758954, 47.52693621 ], [ -124.33745554, 47.52641721 ], [ -124.33716054, 47.52571221 ], [ -124.33655554, 47.52447122 ], [ -124.33648454, 47.52432322 ], [ -124.33607754, 47.52346222 ], [ -124.33537455, 47.52184422 ], [ -124.33463455, 47.52040523 ], [ -124.33427955, 47.51989123 ], [ -124.33402855, 47.51962023 ], [ -124.33375955, 47.51935823 ], [ -124.33300956, 47.51892223 ], [ -124.33246657, 47.51863323 ], [ -124.33301756, 47.51828523 ], [ -124.34096645, 47.51833723 ], [ -124.34332742, 47.51826423 ], [ -124.34699438, 47.51854223 ], [ -124.34766837, 47.51866423 ], [ -124.34836436, 47.51906723 ], [ -124.35042294, 47.51906932 ], [ -124.35044759, 47.51934196 ], [ -124.35053626, 47.51982688 ], [ -124.35068496, 47.52028751 ], [ -124.35085881, 47.52087202 ], [ -124.35100731, 47.52143506 ], [ -124.35108694, 47.52194207 ], [ -124.35119683, 47.52242628 ], [ -124.35133896, 47.52300618 ], [ -124.35137367, 47.52338893 ], [ -124.35146235, 47.52387385 ], [ -124.35162107, 47.52428354 ], [ -124.35167713, 47.52446386 ], [ -124.35171251, 47.52465927 ], [ -124.35175193, 47.52505113 ], [ -124.3518503, 47.52537551 ], [ -124.35190792, 47.52557738 ], [ -124.35202359, 47.52613431 ], [ -124.35206958, 47.52632937 ], [ -124.35214599, 47.52649683 ], [ -124.35222116, 47.52675234 ], [ -124.35228163, 47.52697248 ], [ -124.35228107, 47.52739276 ], [ -124.35235927, 47.52773239 ], [ -124.35253742, 47.52841093 ], [ -124.352659, 47.52890933 ], [ -124.35273406, 47.52920532 ], [ -124.35284737, 47.52943469 ], [ -124.35295517, 47.52988244 ], [ -124.35301951, 47.53032459 ], [ -124.35315001, 47.53094637 ], [ -124.35327054, 47.53142303 ], [ -124.35330241, 47.53201172 ], [ -124.35332066, 47.53241165 ], [ -124.35335854, 47.53278898 ], [ -124.35339958, 47.53320995 ], [ -124.3533481, 47.53354397 ], [ -124.35319038, 47.53354318 ], [ -124.35248338, 47.53354118 ], [ -124.3514634, 47.53353818 ], [ -124.3512744, 47.53353719 ], [ -124.3511854, 47.53353719 ], [ -124.3510974, 47.53353719 ], [ -124.3511134, 47.53360818 ], [ -124.3511294, 47.53368218 ], [ -124.3511614, 47.53374218 ], [ -124.3511294, 47.53389018 ], [ -124.3510564, 47.53394018 ], [ -124.35086241, 47.53400018 ], [ -124.35051341, 47.53399518 ], [ -124.35036741, 47.53402218 ], [ -124.35028741, 47.53405018 ], [ -124.35018942, 47.53411618 ], [ -124.35014521, 47.53418227 ], [ -124.35005128, 47.53419528 ], [ -124.34958737, 47.5342391 ], [ -124.34907186, 47.53424878 ], [ -124.34776514, 47.53416814 ], [ -124.34696752, 47.53414357 ], [ -124.346268, 47.53413033 ], [ -124.34528953, 47.53428786 ], [ -124.34371688, 47.53481036 ], [ -124.34282342, 47.53515308 ], [ -124.34136581, 47.53563403 ], [ -124.34008466, 47.53611196 ], [ -124.33982453, 47.53624294 ], [ -124.33934259, 47.53659639 ], [ -124.33893011, 47.53685839 ], [ -124.3389271, 47.53686085 ], [ -124.33892658, 47.53686118 ], [ -124.33879683, 47.53696752 ], [ -124.33873577, 47.53701752 ], [ -124.33861437, 47.53706138 ], [ -124.33828237, 47.53729192 ], [ -124.3377157, 47.53764298 ], [ -124.33677651, 47.53829038 ], [ -124.33677567, 47.53829107 ], [ -124.33677261, 47.53829318 ], [ -124.3366, 47.53843541 ], [ -124.33650931, 47.53850992 ], [ -124.33650776, 47.53851141 ], [ -124.33650561, 47.53851318 ], [ -124.33594762, 47.53905018 ], [ -124.33578563, 47.53924218 ], [ -124.33556663, 47.53945117 ], [ -124.33550963, 47.53953818 ], [ -124.33506464, 47.54004317 ], [ -124.33495464, 47.54019617 ], [ -124.3348949, 47.54027881 ], [ -124.33484171, 47.54032012 ], [ -124.3348397, 47.54032234 ], [ -124.33483864, 47.54032317 ], [ -124.33474964, 47.54042117 ], [ -124.33464667, 47.54051594 ], [ -124.33461497, 47.54054498 ], [ -124.3346146, 47.54054545 ], [ -124.33461165, 47.54054817 ], [ -124.33441765, 47.54079417 ], [ -124.33430365, 47.54091517 ], [ -124.33340631, 47.54162687 ], [ -124.3329633, 47.54187799 ], [ -124.33272031, 47.54203712 ], [ -124.33239637, 47.54222912 ], [ -124.33200777, 47.54236632 ], [ -124.3315703, 47.54254192 ], [ -124.33135977, 47.54264612 ], [ -124.33111691, 47.54279972 ], [ -124.33111423, 47.54280184 ], [ -124.3311137, 47.54280217 ], [ -124.33100887, 47.5428851 ], [ -124.33082537, 47.54303012 ], [ -124.33008851, 47.54354032 ], [ -124.33008704, 47.54354156 ], [ -124.33008472, 47.54354317 ], [ -124.32999056, 47.54362325 ], [ -124.32989411, 47.54370492 ], [ -124.32890617, 47.54442899 ], [ -124.32863097, 47.54460999 ], [ -124.32824231, 47.54483492 ], [ -124.3278779, 47.54509819 ], [ -124.32787543, 47.54510068 ], [ -124.32787475, 47.54510116 ], [ -124.32762376, 47.54535316 ], [ -124.32755076, 47.54547416 ], [ -124.32747776, 47.54563316 ], [ -124.32739676, 47.54572616 ], [ -124.32737347, 47.54574473 ], [ -124.32726237, 47.54583319 ], [ -124.32699517, 47.54598679 ], [ -124.32652537, 47.54620079 ], [ -124.3256507, 47.54647512 ], [ -124.3250675, 47.54657939 ], [ -124.32465437, 47.54662879 ], [ -124.32383631, 47.54663992 ], [ -124.32356077, 47.54661252 ], [ -124.32324491, 47.54656312 ], [ -124.3222161, 47.54636032 ], [ -124.32194877, 47.54624519 ], [ -124.3215357, 47.54604219 ], [ -124.3212601, 47.54585579 ], [ -124.32100897, 47.54572419 ], [ -124.32047437, 47.54536232 ], [ -124.32024751, 47.54518679 ], [ -124.3199881, 47.54490712 ], [ -124.3198423, 47.54472072 ], [ -124.31976117, 47.54456159 ], [ -124.3197289, 47.54445192 ], [ -124.31970457, 47.54419412 ], [ -124.3196397, 47.54399679 ], [ -124.31940477, 47.54360192 ], [ -124.31929131, 47.54345932 ], [ -124.3192265, 47.54333319 ], [ -124.31913737, 47.54311392 ], [ -124.3191211, 47.54300419 ], [ -124.3190887, 47.54292192 ], [ -124.31906437, 47.54277932 ], [ -124.3191049, 47.54257092 ], [ -124.3191453, 47.54246119 ], [ -124.3192263, 47.54220339 ], [ -124.3193397, 47.54194019 ], [ -124.3193963, 47.54183052 ], [ -124.3194935, 47.54168239 ], [ -124.31972837, 47.54129299 ], [ -124.32016557, 47.54060739 ], [ -124.3202789, 47.54041539 ], [ -124.3206515, 47.53992719 ], [ -124.32122637, 47.53911012 ], [ -124.3213721, 47.53884679 ], [ -124.32145317, 47.53872059 ], [ -124.3215421, 47.53852859 ], [ -124.32218177, 47.53763459 ], [ -124.32229517, 47.53750299 ], [ -124.3225543, 47.53711352 ], [ -124.32268377, 47.53686679 ], [ -124.3227323, 47.53678999 ], [ -124.3228781, 47.53655959 ], [ -124.32308057, 47.53633472 ], [ -124.32327336, 47.53611171 ], [ -124.32332118, 47.53606711 ], [ -124.3233639, 47.53602759 ], [ -124.3234449, 47.53592332 ], [ -124.3238093, 47.53552839 ], [ -124.32432671, 47.53506278 ], [ -124.32451875, 47.53490619 ], [ -124.32452607, 47.53489882 ], [ -124.32467417, 47.53475091 ], [ -124.32478574, 47.53469219 ], [ -124.32502874, 47.53452219 ], [ -124.32536073, 47.53426919 ], [ -124.32561173, 47.53413219 ], [ -124.32601572, 47.53392919 ], [ -124.32648572, 47.53379819 ], [ -124.3279787, 47.53359919 ], [ -124.3281137, 47.53359919 ], [ -124.32972768, 47.53359619 ], [ -124.33166765, 47.53359319 ], [ -124.33405262, 47.53362919 ], [ -124.33434362, 47.53362619 ], [ -124.33438962, 47.53355019 ] ] ], [ [ [ -124.057641, 46.866703 ], [ -124.057515, 46.866704 ], [ -124.057426, 46.862205 ], [ -124.063985, 46.862144 ], [ -124.063987, 46.862245 ], [ -124.064113, 46.862244 ], [ -124.064202, 46.866743 ], [ -124.057643, 46.866804 ], [ -124.057641, 46.866703 ] ] ], [ [ [ -124.00638971, 46.90306673 ], [ -124.00604577, 46.90289653 ], [ -124.00579777, 46.90266039 ], [ -124.00550191, 46.90255059 ], [ -124.00543011, 46.90229819 ], [ -124.00506217, 46.90215553 ], [ -124.00490217, 46.90203473 ], [ -124.00476651, 46.90188099 ], [ -124.00447837, 46.90174932 ], [ -124.00421451, 46.90149679 ], [ -124.00399857, 46.90136513 ], [ -124.0037987, 46.90130453 ], [ -124.00362634, 46.90128112 ], [ -124.00303137, 46.90136907 ], [ -124.00295174, 46.9013808 ], [ -124.00268628, 46.90141989 ], [ -124.00257307, 46.9014031 ], [ -124.00252356, 46.90138059 ], [ -124.00248864, 46.90133619 ], [ -124.00252684, 46.90124583 ], [ -124.00286236, 46.90115412 ], [ -124.00250619, 46.90099206 ], [ -124.00244733, 46.90087081 ], [ -124.00242312, 46.90082182 ], [ -124.00234414, 46.90071434 ], [ -124.00219885, 46.90058973 ], [ -124.00216477, 46.90046401 ], [ -124.00213124, 46.90041073 ], [ -124.00197366, 46.90031257 ], [ -124.00183862, 46.90025092 ], [ -124.00169469, 46.89993613 ], [ -124.00144321492543, 46.899771189875082 ], [ -124.001469431381778, 46.90117533079264 ], [ -124.00153713, 46.90123634 ], [ -124.00169506, 46.90149695 ], [ -124.00184651, 46.90174686 ], [ -124.00206017, 46.90286699 ], [ -124.00219324, 46.90318723 ], [ -124.00219319, 46.903188 ], [ -124.00209747, 46.90465841 ], [ -124.00177717, 46.90534073 ], [ -124.00129671, 46.90554893 ], [ -124.00101537, 46.90571239 ], [ -124.00068737, 46.90583879 ], [ -124.00043137, 46.90595413 ], [ -124.00033551, 46.90601453 ], [ -124.00000757, 46.90628899 ], [ -123.99971171, 46.90658539 ], [ -123.99955977, 46.90671159 ], [ -123.99945591, 46.90685433 ], [ -123.99937743, 46.90699956 ], [ -123.99929764, 46.90722315 ], [ -123.99929714, 46.90722401 ], [ -123.99891413, 46.90756401 ], [ -123.99887454, 46.90765887 ], [ -123.99887181, 46.90765909 ], [ -123.99878132, 46.90766628 ], [ -123.99850053, 46.90767482 ], [ -123.99850222, 46.90809538 ], [ -123.99858206, 46.90853998 ], [ -123.9985092, 46.90896126 ], [ -123.99851468, 46.90907671 ], [ -123.99849881, 46.90922609 ], [ -123.9984666, 46.90952503 ], [ -123.99842108, 46.91013658 ], [ -123.99844356, 46.91079322 ], [ -123.99814902, 46.91150223 ], [ -123.99797703, 46.91187712 ], [ -123.9976161, 46.91230322 ], [ -123.99731625, 46.91262111 ], [ -123.99713696, 46.91288335 ], [ -123.99697873, 46.91303774 ], [ -123.99683067, 46.91334947 ], [ -123.99673818, 46.91346755 ], [ -123.99651289, 46.91376173 ], [ -123.99646923, 46.91382978 ], [ -123.99641245, 46.91394266 ], [ -123.99643951, 46.91411338 ], [ -123.9964034, 46.91429802 ], [ -123.99619546, 46.91448909 ], [ -123.99608407, 46.91462473 ], [ -123.99589898, 46.91479743 ], [ -123.99550272, 46.91511138 ], [ -123.99474294, 46.91568819 ], [ -123.99474303, 46.91568956 ], [ -123.99426652, 46.91612551 ], [ -123.99396494, 46.91647911 ], [ -123.99383018, 46.91668716 ], [ -123.99354238, 46.91682027 ], [ -123.99318712, 46.91727311 ], [ -123.9925338, 46.91763877 ], [ -123.9921964, 46.91793428 ], [ -123.99134271, 46.91842283 ], [ -123.99019867, 46.91906753 ], [ -123.98937182, 46.91953792 ], [ -123.98854234, 46.91996791 ], [ -123.9878263, 46.92029358 ], [ -123.9868047, 46.92078839 ], [ -123.98644397, 46.92097155 ], [ -123.98616412, 46.92110439 ], [ -123.98569048, 46.92133814 ], [ -123.98531193, 46.92152163 ], [ -123.98520881, 46.92157161 ], [ -123.98442188, 46.92197901 ], [ -123.98405916, 46.92219361 ], [ -123.98399266, 46.92221844 ], [ -123.98346021, 46.92241021 ], [ -123.98322751, 46.92252893 ], [ -123.98294225, 46.92270241 ], [ -123.98262716, 46.92278606 ], [ -123.98201894, 46.92285884 ], [ -123.98135348, 46.92291381 ], [ -123.98048391, 46.92290976 ], [ -123.9803637, 46.92290927 ], [ -123.97964155, 46.9228927 ], [ -123.97904692, 46.9228033 ], [ -123.97840111, 46.92272797 ], [ -123.97789699, 46.92261336 ], [ -123.97782789, 46.92259778 ], [ -123.97762453, 46.92255024 ], [ -123.97744062, 46.92255597 ], [ -123.97725622, 46.92261627 ], [ -123.97705111, 46.9225415 ], [ -123.9768294, 46.9224578 ], [ -123.97663712, 46.92233325 ], [ -123.97633073, 46.92217869 ], [ -123.97602947, 46.92204147 ], [ -123.97565164, 46.9219594 ], [ -123.97532069, 46.92185876 ], [ -123.97496683, 46.92171336 ], [ -123.974758, 46.92166952 ], [ -123.97465822, 46.92164857 ], [ -123.97450432, 46.92162269 ], [ -123.97426923, 46.92157987 ], [ -123.97403845, 46.92160417 ], [ -123.9738306, 46.92167357 ], [ -123.97373083, 46.92174177 ], [ -123.97356901, 46.92177942 ], [ -123.973388, 46.92183017 ], [ -123.97313265, 46.92184611 ], [ -123.97294677, 46.92188346 ], [ -123.97283211, 46.92190699 ], [ -123.97272687, 46.92188992 ], [ -123.97260785, 46.92184566 ], [ -123.97251404, 46.92181967 ], [ -123.97237304, 46.92180729 ], [ -123.97227894, 46.92177668 ], [ -123.97217995, 46.92173232 ], [ -123.97197119, 46.92172525 ], [ -123.97171409, 46.92171414 ], [ -123.97150214, 46.92165741 ], [ -123.97121726, 46.92158779 ], [ -123.97083826, 46.92148738 ], [ -123.97060316, 46.92144438 ], [ -123.9703692, 46.92141919 ], [ -123.97006551, 46.92143093 ], [ -123.96977497, 46.92146045 ], [ -123.96958284, 46.92152508 ], [ -123.96929403, 46.92158148 ], [ -123.96882904, 46.92157663 ], [ -123.96854732, 46.92155631 ], [ -123.96824246, 46.92154989 ], [ -123.96803719, 46.92154088 ], [ -123.96798536, 46.9215386 ], [ -123.96761476, 46.92156881 ], [ -123.96724385, 46.9215944 ], [ -123.96689697, 46.92161978 ], [ -123.96664334, 46.92166259 ], [ -123.96615864, 46.92172523 ], [ -123.96587664, 46.92170044 ], [ -123.96552658, 46.92167634 ], [ -123.96518339, 46.92163436 ], [ -123.96485736, 46.92161005 ], [ -123.96436861, 46.92160967 ], [ -123.96396601, 46.9217031 ], [ -123.96369003, 46.9217097 ], [ -123.96344499, 46.92176167 ], [ -123.96313841, 46.9217908 ], [ -123.96273864, 46.92180352 ], [ -123.96245865, 46.92181023 ], [ -123.96212007, 46.92184015 ], [ -123.96177773, 46.92181152 ], [ -123.9614683, 46.92179613 ], [ -123.96103129, 46.9217278 ], [ -123.96062457, 46.92163214 ], [ -123.96028081, 46.92158107 ], [ -123.95990357, 46.92150785 ], [ -123.95958894, 46.92141131 ], [ -123.95929948, 46.92126992 ], [ -123.95904891, 46.92117282 ], [ -123.95879291, 46.92105358 ], [ -123.95857153, 46.92097447 ], [ -123.95828899, 46.92094111 ], [ -123.95824234, 46.92090066 ], [ -123.95846938, 46.92081784 ], [ -123.95865068, 46.92077157 ], [ -123.95875443, 46.92070275 ], [ -123.95885765, 46.92062554 ], [ -123.95894284, 46.92051715 ], [ -123.95908151, 46.92049325 ], [ -123.9591828, 46.92063635 ], [ -123.95928036, 46.92072107 ], [ -123.95943362, 46.92067478 ], [ -123.95945872, 46.9205663 ], [ -123.95938259, 46.92037819 ], [ -123.95940771, 46.92027005 ], [ -123.95933703, 46.9201672 ], [ -123.95927035, 46.92006423 ], [ -123.95929403, 46.91993349 ], [ -123.95931544, 46.91982993 ], [ -123.9592805, 46.91972222 ], [ -123.95919635, 46.91963467 ], [ -123.9591818, 46.91961953 ], [ -123.95905396, 46.91956231 ], [ -123.95883401, 46.91950545 ], [ -123.95857917, 46.91940419 ], [ -123.95847644, 46.91923849 ], [ -123.95849642, 46.9191125 ], [ -123.95851491, 46.91890079 ], [ -123.95850541, 46.91875235 ], [ -123.95849936, 46.91865784 ], [ -123.95845784, 46.91850986 ], [ -123.95829505, 46.91834459 ], [ -123.95824815, 46.91831516 ], [ -123.95819193, 46.91827988 ], [ -123.95815629, 46.91825751 ], [ -123.95813991, 46.917679 ], [ -123.95824091, 46.917642 ], [ -123.95917392, 46.917332 ], [ -123.96044493, 46.91693 ], [ -123.96118993, 46.916727 ], [ -123.96174993, 46.916586 ], [ -123.96238194, 46.916442 ], [ -123.96302994, 46.916322 ], [ -123.96473795, 46.916021 ], [ -123.96506995, 46.915969 ], [ -123.96561195, 46.915885 ], [ -123.96667095, 46.915698 ], [ -123.96778296, 46.915464 ], [ -123.97018197, 46.914863 ], [ -123.97138698, 46.914547 ], [ -123.97233298, 46.914278 ], [ -123.97386399, 46.913873 ], [ -123.97418899, 46.913793 ], [ -123.975118, 46.913565 ], [ -123.976573, 46.913158 ], [ -123.97736901, 46.912936 ], [ -123.97819001, 46.912721 ], [ -123.97935002, 46.912416 ], [ -123.98094603, 46.912015 ], [ -123.98107003, 46.911982 ], [ -123.98177003, 46.911796 ], [ -123.98284904, 46.91153001 ], [ -123.98542805, 46.91083101 ], [ -123.98786607, 46.91023501 ], [ -123.98857807, 46.91004201 ], [ -123.98944108, 46.90977901 ], [ -123.98987108, 46.90962401 ], [ -123.99033308, 46.909439 ], [ -123.99094909, 46.909089 ], [ -123.9915291, 46.908723 ], [ -123.99246011, 46.907845 ], [ -123.99404913, 46.906345 ], [ -123.99432614, 46.906084 ], [ -123.995767108104644, 46.904671435532912 ], [ -123.994896, 46.904679 ], [ -123.994813, 46.900181 ], [ -123.994886, 46.90018 ], [ -123.994877, 46.899656 ], [ -124.001065547231946, 46.899602252141975 ], [ -124.00098514, 46.89957653 ], [ -124.0005701, 46.89959826 ], [ -123.99981445, 46.89946945 ], [ -123.99909277, 46.89941679 ], [ -123.99828563, 46.89938166 ], [ -123.99753493, 46.89955356 ], [ -123.99740976, 46.89958984 ], [ -123.99742423, 46.89918397 ], [ -123.99742323, 46.89886697 ], [ -123.99742223, 46.89880397 ], [ -123.99742223, 46.89864597 ], [ -123.99741326, 46.89662197 ], [ -123.99740226, 46.89621696 ], [ -123.9974563, 46.89312195 ], [ -123.99742831, 46.89198495 ], [ -123.99741933, 46.89054494 ], [ -123.99741634, 46.89007894 ], [ -123.99739036, 46.88836893 ], [ -124.00129737, 46.88847794 ], [ -124.00296237, 46.88841694 ], [ -124.00324237, 46.88804894 ], [ -124.00385338, 46.88769794 ], [ -124.00417538, 46.88748394 ], [ -124.00502438, 46.88709494 ], [ -124.00559239, 46.88675994 ], [ -124.0059214, 46.88616294 ], [ -124.0062494, 46.88576794 ], [ -124.0073454, 46.88543394 ], [ -124.0077304, 46.88541794 ], [ -124.0080174, 46.88546194 ], [ -124.0083104, 46.88545294 ], [ -124.0083864, 46.88545094 ], [ -124.0093624, 46.88535794 ], [ -124.00978641, 46.88524294 ], [ -124.00996241, 46.88516094 ], [ -124.01024241, 46.88495194 ], [ -124.01042741, 46.88473294 ], [ -124.01061942, 46.88428894 ], [ -124.01073142, 46.88422294 ], [ -124.01093142, 46.88418494 ], [ -124.01098742, 46.88414594 ], [ -124.01104342, 46.88400394 ], [ -124.01114742, 46.88387794 ], [ -124.01134742, 46.88372294 ], [ -124.01151642, 46.88363694 ], [ -124.01159643, 46.88359794 ], [ -124.01171643, 46.88331294 ], [ -124.01189243, 46.88313194 ], [ -124.01215943, 46.88297494 ], [ -124.01226143, 46.88291494 ], [ -124.01234844, 46.88286294 ], [ -124.01277344, 46.88251794 ], [ -124.01335744, 46.88233694 ], [ -124.01369344, 46.88227694 ], [ -124.01384544, 46.88222794 ], [ -124.01410944, 46.88204094 ], [ -124.01416545, 46.88177794 ], [ -124.01427845, 46.88154794 ], [ -124.01439045, 46.88138894 ], [ -124.01470246, 46.88110894 ], [ -124.01522246, 46.88092294 ], [ -124.01614246, 46.88071994 ], [ -124.01659046, 46.88054994 ], [ -124.01695947, 46.88033694 ], [ -124.01708747, 46.88017194 ], [ -124.01721147, 46.87987344 ], [ -124.01731148, 46.87957994 ], [ -124.01746348, 46.87946494 ], [ -124.01770348, 46.87939894 ], [ -124.01818348, 46.87938794 ], [ -124.01835948, 46.87932794 ], [ -124.01846448, 46.87925094 ], [ -124.01859248, 46.87924594 ], [ -124.01863548, 46.87928094 ], [ -124.01847147, 46.87978194 ], [ -124.01863647, 46.88010094 ], [ -124.01872946, 46.88074194 ], [ -124.02406146, 46.88086695 ], [ -124.02488646, 46.88089095 ], [ -124.02681746, 46.88094596 ], [ -124.04541646, 46.88106399 ], [ -124.0454395, 46.87731698 ], [ -124.0459275, 46.87732198 ], [ -124.0465595, 46.87718498 ], [ -124.0473675, 46.87714698 ], [ -124.0476795, 46.87721298 ], [ -124.0477115, 46.87737698 ], [ -124.0478555, 46.87750298 ], [ -124.0480235, 46.87759698 ], [ -124.0481035, 46.87776098 ], [ -124.04823949, 46.87787098 ], [ -124.04825549, 46.87803499 ], [ -124.04834349, 46.87818299 ], [ -124.04846349, 46.87825999 ], [ -124.04856749, 46.87829899 ], [ -124.04879949, 46.87832099 ], [ -124.04923149, 46.87852899 ], [ -124.04962349, 46.87864399 ], [ -124.04978448, 46.87876299 ], [ -124.04994348, 46.87887999 ], [ -124.05043048, 46.87889099 ], [ -124.05054248, 46.87891899 ], [ -124.05069448, 46.87905599 ], [ -124.05071048, 46.87926399 ], [ -124.05082248, 46.879352 ], [ -124.05098148, 46.879423 ], [ -124.05107048, 46.879462 ], [ -124.05120647, 46.879725 ], [ -124.05134247, 46.879796 ], [ -124.05156647, 46.879846 ], [ -124.05170247, 46.879967 ], [ -124.0517478, 46.87997456 ], [ -124.05161185, 46.88007057 ], [ -124.05173294, 46.88014659 ], [ -124.05184642, 46.88041173 ], [ -124.05186859, 46.88046831 ], [ -124.0519378, 46.88064495 ], [ -124.05196911, 46.88112156 ], [ -124.05196783, 46.88158958 ], [ -124.05188254, 46.88193667 ], [ -124.05177567, 46.88219884 ], [ -124.05149846, 46.88273216 ], [ -124.05087951, 46.8840967 ], [ -124.05057678, 46.88472944 ], [ -124.05027303, 46.88528571 ], [ -124.05007214, 46.88570156 ], [ -124.05027959, 46.88623929 ], [ -124.05012595, 46.88737468 ], [ -124.05000009, 46.8875918 ], [ -124.04997215, 46.88771514 ], [ -124.04995707, 46.88779023 ], [ -124.04979303, 46.88834063 ], [ -124.0496264, 46.88970544 ], [ -124.04940166, 46.89061195 ], [ -124.04904421, 46.89120486 ], [ -124.04846189, 46.8918488 ], [ -124.04801019, 46.89234804 ], [ -124.04701418, 46.89321676 ], [ -124.04650286, 46.89366208 ], [ -124.04581344, 46.89407806 ], [ -124.04471699, 46.89451534 ], [ -124.04335444, 46.89510816 ], [ -124.04259112, 46.89561903 ], [ -124.04230901, 46.89577457 ], [ -124.0416924, 46.89589717 ], [ -124.04107545, 46.89613678 ], [ -124.04074473, 46.89628385 ], [ -124.04025864, 46.89650416 ], [ -124.04017686, 46.8964782 ], [ -124.04002771, 46.89652413 ], [ -124.03944111, 46.8967995 ], [ -124.0388867, 46.89701607 ], [ -124.03853538, 46.89715451 ], [ -124.03853119, 46.89721279 ], [ -124.03840949, 46.89724982 ], [ -124.03810147, 46.89731573 ], [ -124.03811359, 46.89737849 ], [ -124.0378288, 46.89749343 ], [ -124.03771188, 46.89748125 ], [ -124.03764038, 46.89761245 ], [ -124.03736631, 46.89764627 ], [ -124.03721389, 46.89776469 ], [ -124.03686865, 46.89781254 ], [ -124.03660166, 46.89795472 ], [ -124.03645312, 46.89801007 ], [ -124.03637155, 46.89810984 ], [ -124.036132, 46.89812064 ], [ -124.03587625, 46.89831222 ], [ -124.03569939, 46.89836312 ], [ -124.03564824, 46.89837704 ], [ -124.03559859, 46.89841374 ], [ -124.03552361, 46.89836938 ], [ -124.03549061, 46.89829337 ], [ -124.03542998, 46.89828477 ], [ -124.0352457, 46.89834482 ], [ -124.03509592, 46.89850364 ], [ -124.03494385, 46.89850505 ], [ -124.0347986, 46.89848825 ], [ -124.03447633, 46.89858135 ], [ -124.03433022, 46.89855136 ], [ -124.03431656, 46.89858746 ], [ -124.03423739, 46.89860139 ], [ -124.03415765, 46.89860676 ], [ -124.03403269, 46.89859413 ], [ -124.03346, 46.89883799 ], [ -124.03328527, 46.8987991 ], [ -124.03249011, 46.8990088 ], [ -124.03214515, 46.89906108 ], [ -124.03166934, 46.89913316 ], [ -124.03063757, 46.899399 ], [ -124.0296722, 46.89939398 ], [ -124.02931732, 46.89947847 ], [ -124.02913238, 46.89965105 ], [ -124.02735102, 46.89990538 ], [ -124.02703063, 46.89978209 ], [ -124.0268104, 46.89953668 ], [ -124.02672093, 46.89955557 ], [ -124.0264549, 46.89961174 ], [ -124.02672258, 46.89984781 ], [ -124.02618209, 46.89994797 ], [ -124.02623997, 46.90010152 ], [ -124.02608771, 46.90016732 ], [ -124.02608771, 46.90022759 ], [ -124.02619971, 46.90036492 ], [ -124.02615951, 46.90049099 ], [ -124.02587938, 46.90073232 ], [ -124.02585531, 46.90078712 ], [ -124.02589517, 46.90095159 ], [ -124.02600718, 46.90110532 ], [ -124.02595898, 46.90135212 ], [ -124.02584678, 46.90146719 ], [ -124.02563058, 46.90155492 ], [ -124.02540651, 46.90175772 ], [ -124.02518237, 46.90180712 ], [ -124.02477418, 46.90179599 ], [ -124.02448611, 46.90173012 ], [ -124.02412591, 46.90172459 ], [ -124.02318971, 46.90153219 ], [ -124.02271758, 46.90148812 ], [ -124.02242951, 46.90136192 ], [ -124.02214951, 46.90138932 ], [ -124.02199731, 46.90143859 ], [ -124.02124511, 46.90145479 ], [ -124.02050871, 46.90158072 ], [ -124.02030057, 46.90156959 ], [ -124.02022857, 46.90158599 ], [ -124.02012451, 46.90167932 ], [ -124.02000438, 46.90167919 ], [ -124.01980438, 46.90162979 ], [ -124.01968437, 46.90163519 ], [ -124.01958817, 46.90166799 ], [ -124.01893971, 46.90204079 ], [ -124.01880357, 46.90205719 ], [ -124.01821137, 46.90204599 ], [ -124.01807537, 46.90210092 ], [ -124.01789111, 46.90227079 ], [ -124.01757098, 46.90230359 ], [ -124.01749091, 46.90240232 ], [ -124.01735471, 46.90245719 ], [ -124.01719451, 46.90263812 ], [ -124.01701051, 46.90269279 ], [ -124.01689031, 46.90280799 ], [ -124.01676218, 46.90281899 ], [ -124.01650611, 46.90278039 ], [ -124.01632997, 46.90288999 ], [ -124.01602577, 46.90290092 ], [ -124.01578571, 46.90296119 ], [ -124.01551351, 46.90297199 ], [ -124.01502531, 46.90306499 ], [ -124.01489717, 46.90315819 ], [ -124.01478511, 46.90318573 ], [ -124.01446491, 46.90319653 ], [ -124.01445671, 46.90338839 ], [ -124.01420071, 46.90338279 ], [ -124.01406451, 46.90349792 ], [ -124.01385638, 46.90349233 ], [ -124.01356031, 46.90354699 ], [ -124.01331211, 46.90363472 ], [ -124.01325591, 46.90367859 ], [ -124.01328791, 46.90379379 ], [ -124.01323178, 46.90385959 ], [ -124.01303957, 46.90394179 ], [ -124.01294351, 46.90402952 ], [ -124.01267131, 46.90409519 ], [ -124.01267117, 46.90422139 ], [ -124.01260717, 46.90426519 ], [ -124.01247911, 46.90428159 ], [ -124.01245497, 46.90438592 ], [ -124.01239891, 46.90441879 ], [ -124.01213477, 46.90443512 ], [ -124.01190277, 46.90436372 ], [ -124.01171871, 46.90435812 ], [ -124.01154257, 46.90447319 ], [ -124.01142237, 46.90451159 ], [ -124.01106231, 46.90451693 ], [ -124.01070997, 46.90464292 ], [ -124.01042991, 46.90465933 ], [ -124.00998957, 46.90474133 ], [ -124.00973337, 46.90474119 ], [ -124.00956537, 46.90478499 ], [ -124.00943717, 46.90477939 ], [ -124.00900531, 46.90464759 ], [ -124.00862117, 46.90447192 ], [ -124.0083571, 46.90446079 ], [ -124.00817331, 46.90425779 ], [ -124.00798117, 46.90419739 ], [ -124.00772517, 46.90407119 ], [ -124.00751737, 46.90388459 ], [ -124.00733337, 46.90378579 ], [ -124.00717331, 46.90374173 ], [ -124.00706937, 46.90364839 ], [ -124.00699757, 46.90344553 ], [ -124.00671751, 46.90334113 ], [ -124.00638971, 46.90306673 ] ] ], [ [ [ -123.95809862, 46.91904341 ], [ -123.9581449, 46.918873 ], [ -123.95816809, 46.91870874 ], [ -123.95820635, 46.91889891 ], [ -123.9581532, 46.9190072 ], [ -123.95809862, 46.91904341 ] ] ], [ [ [ -123.953312, 46.985519 ], [ -123.953174, 46.985521 ], [ -123.953177, 46.985655 ], [ -123.946603, 46.98571 ], [ -123.946573167685187, 46.984032305195853 ], [ -123.946778789, 46.984027739 ], [ -123.94727568, 46.984005697 ], [ -123.949319064, 46.983621071 ], [ -123.949831308, 46.983395242 ], [ -123.950254158, 46.983283044 ], [ -123.951447974, 46.983112541 ], [ -123.953265310640788, 46.982893890778222 ], [ -123.953312, 46.985519 ] ] ], [ [ [ -123.956888, 46.986406 ], [ -123.956808, 46.981907 ], [ -123.956834, 46.981907 ], [ -123.956827, 46.981509 ], [ -123.9634, 46.981454 ], [ -123.963481, 46.985953 ], [ -123.963455, 46.985953 ], [ -123.963462, 46.986351 ], [ -123.956888, 46.986406 ] ] ], [ [ [ -123.914929, 47.187752 ], [ -123.914852, 47.183253 ], [ -123.92145, 47.1832 ], [ -123.921458, 47.183635 ], [ -123.9222, 47.183629 ], [ -123.922278, 47.188128 ], [ -123.915679, 47.188181 ], [ -123.915672, 47.187746 ], [ -123.914929, 47.187752 ] ] ], [ [ [ -123.944672, 47.19775 ], [ -123.944592, 47.193251 ], [ -123.951192, 47.193196 ], [ -123.951199, 47.193584 ], [ -123.951689, 47.19358 ], [ -123.951769, 47.198079 ], [ -123.945169, 47.198134 ], [ -123.945162, 47.197746 ], [ -123.944672, 47.19775 ] ] ], [ [ [ -123.96455198, 47.22995961 ], [ -123.96463244, 47.22988821 ], [ -123.96480144, 47.22979501 ], [ -123.96497064, 47.22975655 ], [ -123.96518798, 47.22974555 ], [ -123.96567918, 47.22983315 ], [ -123.96630744, 47.22992621 ], [ -123.96678244, 47.22993161 ], [ -123.96724144, 47.22990954 ], [ -123.96758764, 47.22989841 ], [ -123.96848157, 47.23004081 ], [ -123.96890038, 47.23014495 ], [ -123.96949624, 47.23025994 ], [ -123.96980244, 47.23038054 ], [ -123.97073698, 47.23102201 ], [ -123.97096244, 47.23115355 ], [ -123.97128478, 47.23136741 ], [ -123.97151038, 47.23150994 ], [ -123.97178418, 47.23163601 ], [ -123.97229164, 47.23176201 ], [ -123.97249298, 47.23185521 ], [ -123.97265398, 47.23187701 ], [ -123.97285538, 47.23188794 ], [ -123.97342705, 47.23182754 ], [ -123.97433304, 47.23171251 ], [ -123.97433275, 47.2317145 ], [ -123.97402873, 47.2338135 ], [ -123.97453073, 47.2337685 ], [ -123.97489673, 47.2337295 ], [ -123.97536673, 47.23366051 ], [ -123.97570873, 47.23358951 ], [ -123.97603273, 47.23349151 ], [ -123.97659673, 47.23331251 ], [ -123.97717473, 47.23312051 ], [ -123.97773573, 47.23292751 ], [ -123.97839073, 47.23273751 ], [ -123.97915873, 47.23259452 ], [ -123.98065973, 47.23241652 ], [ -123.98142673, 47.23228852 ], [ -123.98166173, 47.23223952 ], [ -123.98185273, 47.23223452 ], [ -123.98205273, 47.23223652 ], [ -123.98220173, 47.23224452 ], [ -123.98238873, 47.23227053 ], [ -123.98257173, 47.23230153 ], [ -123.98276173, 47.23235153 ], [ -123.98483073, 47.23154253 ], [ -123.98641173, 47.23155354 ], [ -123.98654473, 47.23150354 ], [ -123.98654719, 47.23150262 ], [ -123.98664125, 47.23153714 ], [ -123.98672984, 47.23159194 ], [ -123.98682665, 47.23163574 ], [ -123.98692338, 47.23167961 ], [ -123.98701998, 47.23171794 ], [ -123.98710058, 47.23177274 ], [ -123.98714898, 47.23183314 ], [ -123.98722945, 47.23188794 ], [ -123.98730205, 47.23194821 ], [ -123.98732638, 47.23205241 ], [ -123.98726198, 47.23212374 ], [ -123.98731838, 47.23218961 ], [ -123.98735065, 47.23226081 ], [ -123.98731845, 47.23233214 ], [ -123.98731864, 47.23239801 ], [ -123.98732678, 47.23248574 ], [ -123.98733485, 47.23256254 ], [ -123.98735105, 47.23264481 ], [ -123.98735918, 47.23271614 ], [ -123.98729478, 47.23277654 ], [ -123.98721438, 47.23283134 ], [ -123.98711765, 47.23288081 ], [ -123.98700505, 47.23291921 ], [ -123.98690038, 47.23294661 ], [ -123.98679565, 47.23296321 ], [ -123.98668298, 47.23299061 ], [ -123.98660245, 47.23304561 ], [ -123.98655425, 47.23311141 ], [ -123.98651398, 47.23317721 ], [ -123.98648985, 47.23325954 ], [ -123.98642558, 47.23330341 ], [ -123.98640138, 47.23333081 ], [ -123.98628065, 47.23336934 ], [ -123.98619205, 47.23342961 ], [ -123.98611978, 47.23349001 ], [ -123.98607158, 47.23356681 ], [ -123.98604745, 47.23367101 ], [ -123.98606358, 47.23374241 ], [ -123.98610398, 47.23381914 ], [ -123.98608785, 47.23385754 ], [ -123.98610405, 47.23389041 ], [ -123.98603965, 47.23397274 ], [ -123.98601565, 47.23404401 ], [ -123.98599145, 47.23412081 ], [ -123.98602378, 47.23421954 ], [ -123.98608025, 47.23428541 ], [ -123.98616078, 47.23433474 ], [ -123.98623338, 47.23438401 ], [ -123.98631385, 47.23443341 ], [ -123.98640258, 47.23448274 ], [ -123.98649925, 47.23453754 ], [ -123.98662005, 47.23456494 ], [ -123.98667658, 47.23463061 ], [ -123.98671685, 47.23469641 ], [ -123.98678938, 47.23474581 ], [ -123.98685378, 47.23480614 ], [ -123.98694245, 47.23485554 ], [ -123.98703905, 47.23491021 ], [ -123.98712778, 47.23497061 ], [ -123.98716818, 47.23503641 ], [ -123.98715205, 47.23511874 ], [ -123.98718438, 47.23518994 ], [ -123.98724885, 47.23525574 ], [ -123.98733745, 47.23531054 ], [ -123.98741005, 47.23537634 ], [ -123.98746645, 47.23543674 ], [ -123.98749885, 47.23551341 ], [ -123.98752298, 47.23559561 ], [ -123.98753118, 47.23566154 ], [ -123.98749411, 47.23572223 ], [ -123.98749098, 47.23572734 ], [ -123.98758745, 47.23568334 ], [ -123.98767598, 47.23563401 ], [ -123.98773238, 47.23557374 ], [ -123.98774038, 47.23548041 ], [ -123.98773225, 47.23540361 ], [ -123.98774018, 47.23533234 ], [ -123.98774805, 47.23525554 ], [ -123.98773205, 47.23517321 ], [ -123.98765138, 47.23510194 ], [ -123.98756278, 47.23505261 ], [ -123.98746605, 47.23503074 ], [ -123.98733718, 47.23499781 ], [ -123.98720838, 47.23497601 ], [ -123.98719218, 47.23494314 ], [ -123.98714385, 47.23490474 ], [ -123.98707125, 47.23484441 ], [ -123.98704705, 47.23476214 ], [ -123.98696645, 47.23468541 ], [ -123.98689398, 47.23463061 ], [ -123.98678925, 47.23455934 ], [ -123.98668438, 47.23449901 ], [ -123.98657965, 47.23446621 ], [ -123.98649105, 47.23441681 ], [ -123.98643458, 47.23435114 ], [ -123.98637018, 47.23429621 ], [ -123.98628958, 47.23424141 ], [ -123.98623318, 47.23418114 ], [ -123.98621698, 47.23410981 ], [ -123.98627325, 47.23403854 ], [ -123.98627318, 47.23396161 ], [ -123.98620065, 47.23389594 ], [ -123.98614425, 47.23383561 ], [ -123.98616825, 47.23375321 ], [ -123.98619238, 47.23367101 ], [ -123.98621645, 47.23360521 ], [ -123.98624865, 47.23352841 ], [ -123.98629698, 47.23346801 ], [ -123.98640145, 47.23340761 ], [ -123.98649005, 47.23336921 ], [ -123.98657858, 47.23332534 ], [ -123.98665098, 47.23325394 ], [ -123.98671525, 47.23318261 ], [ -123.98679585, 47.23313321 ], [ -123.98690058, 47.23310574 ], [ -123.98702138, 47.23307821 ], [ -123.98711798, 47.23304534 ], [ -123.98722258, 47.23299581 ], [ -123.98731105, 47.23294654 ], [ -123.98740758, 47.23291354 ], [ -123.98748818, 47.23286414 ], [ -123.98754445, 47.23279281 ], [ -123.98756045, 47.23271601 ], [ -123.98755238, 47.23262821 ], [ -123.98754418, 47.23253501 ], [ -123.98756025, 47.23246361 ], [ -123.98758438, 47.23238694 ], [ -123.98762458, 47.23231001 ], [ -123.98764058, 47.23222774 ], [ -123.98763238, 47.23215641 ], [ -123.98758405, 47.23207974 ], [ -123.98750344, 47.23201941 ], [ -123.98743085, 47.23197014 ], [ -123.98734225, 47.23191534 ], [ -123.98730198, 47.23186594 ], [ -123.98721338, 47.23180014 ], [ -123.98717298, 47.23171794 ], [ -123.98710845, 47.23163561 ], [ -123.98705204, 47.23158081 ], [ -123.98698758, 47.23151501 ], [ -123.98691505, 47.23145474 ], [ -123.98685321, 47.23142673 ], [ -123.98790172, 47.23123654 ], [ -123.98920872, 47.23103455 ], [ -123.98953772, 47.23101355 ], [ -123.99102072, 47.23092055 ], [ -123.99249172, 47.23077656 ], [ -123.99406971, 47.23124356 ], [ -123.99472571, 47.23173956 ], [ -123.99494071, 47.23178756 ], [ -123.99515271, 47.23185956 ], [ -123.99543971, 47.23201857 ], [ -123.99575171, 47.23224057 ], [ -123.9961787, 47.23251557 ], [ -123.9965387, 47.23275857 ], [ -123.9969367, 47.23297957 ], [ -123.9971887, 47.23307357 ], [ -123.9975607, 47.23317357 ], [ -123.9979457, 47.23325457 ], [ -123.99852969, 47.23339358 ], [ -123.99949569, 47.23360458 ], [ -124.00063169, 47.23384258 ], [ -124.00225668, 47.23419659 ], [ -124.00271768, 47.23429659 ], [ -124.00323968, 47.23441659 ], [ -124.00362868, 47.23449359 ], [ -124.00385968, 47.2344976 ], [ -124.00405868, 47.2344866 ], [ -124.00428768, 47.2344686 ], [ -124.00435868, 47.2344526 ], [ -124.00452968, 47.2344146 ], [ -124.00488768, 47.2342626 ], [ -124.00520268, 47.2340726 ], [ -124.00541268, 47.2338336 ], [ -124.00552468, 47.2336926 ], [ -124.00579868, 47.2333496 ], [ -124.00652968, 47.2333906 ], [ -124.00692068, 47.2334846 ], [ -124.00722968, 47.23358561 ], [ -124.00838967, 47.23418461 ], [ -124.01061666, 47.23525362 ], [ -124.01062966, 47.23599962 ], [ -124.00989365, 47.23674562 ], [ -124.00865966, 47.23651861 ], [ -124.00877066, 47.23664061 ], [ -124.00886965, 47.23791962 ], [ -124.00923865, 47.23869762 ], [ -124.01034464, 47.24000062 ], [ -124.01074663, 47.24036662 ], [ -124.01124963, 47.24105263 ], [ -124.01161762, 47.24196663 ], [ -124.01148262, 47.24315463 ], [ -124.01077661, 47.24413763 ], [ -124.00943261, 47.24548463 ], [ -124.0076196, 47.24694662 ], [ -124.0060746, 47.24792862 ], [ -124.0027846, 47.24826961 ], [ -124.00129961, 47.2482466 ], [ -124.00045561, 47.2482226 ], [ -123.99948161, 47.24801759 ], [ -123.99810561, 47.24758459 ], [ -123.99686262, 47.24731059 ], [ -123.99605762, 47.24735658 ], [ -123.99498462, 47.24806558 ], [ -123.99367562, 47.24856958 ], [ -123.99350761, 47.24914058 ], [ -123.99354061, 47.24981558 ], [ -123.99374161, 47.25017858 ], [ -123.99374061, 47.25025858 ], [ -123.9941776, 47.25068158 ], [ -123.9941446, 47.25093358 ], [ -123.9938086, 47.25111658 ], [ -123.9928676, 47.25120858 ], [ -123.99159161, 47.25091157 ], [ -123.99021461, 47.25100357 ], [ -123.98984561, 47.25114057 ], [ -123.98974461, 47.25127957 ], [ -123.98994661, 47.25155357 ], [ -123.99044861, 47.25182757 ], [ -123.9921946, 47.25319758 ], [ -123.99273159, 47.25388358 ], [ -123.99311058, 47.25613559 ], [ -123.99290458, 47.25620359 ], [ -123.99265458, 47.25624759 ], [ -123.99244558, 47.25631359 ], [ -123.99192158, 47.25639059 ], [ -123.99142258, 47.25638558 ], [ -123.99122158, 47.25635758 ], [ -123.99103558, 47.25628658 ], [ -123.99083458, 47.25614958 ], [ -123.99063259, 47.25595258 ], [ -123.99052759, 47.25578758 ], [ -123.99047059, 47.25561258 ], [ -123.99045459, 47.25535958 ], [ -123.99047059, 47.25525058 ], [ -123.99047859, 47.25508058 ], [ -123.99051859, 47.25500858 ], [ -123.99054259, 47.25491558 ], [ -123.99065559, 47.25467958 ], [ -123.99069559, 47.25452058 ], [ -123.99069559, 47.25426858 ], [ -123.99061459, 47.25405458 ], [ -123.9905416, 47.25392858 ], [ -123.9904046, 47.25363757 ], [ -123.9903236, 47.25356057 ], [ -123.9899856, 47.25333657 ], [ -123.9898726, 47.25321057 ], [ -123.9897436, 47.25314457 ], [ -123.9892036, 47.25307357 ], [ -123.9889456, 47.25298057 ], [ -123.9885916, 47.25277157 ], [ -123.9884296, 47.25272857 ], [ -123.98806761, 47.25269557 ], [ -123.98784161, 47.25262956 ], [ -123.98726161, 47.25235556 ], [ -123.98707661, 47.25221356 ], [ -123.98684261, 47.25201556 ], [ -123.98680161, 47.25193356 ], [ -123.98677761, 47.25183456 ], [ -123.98666461, 47.25148356 ], [ -123.98655961, 47.25122556 ], [ -123.98646261, 47.25114356 ], [ -123.98633362, 47.25109956 ], [ -123.98626962, 47.25102856 ], [ -123.98622162, 47.25094056 ], [ -123.98614062, 47.25084256 ], [ -123.98604362, 47.25066155 ], [ -123.98601962, 47.25047455 ], [ -123.98593062, 47.25032155 ], [ -123.98582562, 47.25001955 ], [ -123.98577762, 47.24992655 ], [ -123.98580362, 47.24981555 ], [ -123.98562563, 47.24947055 ], [ -123.98536763, 47.24914155 ], [ -123.98516663, 47.24891655 ], [ -123.98502063, 47.24879055 ], [ -123.98485963, 47.24867555 ], [ -123.98464263, 47.24858755 ], [ -123.98398963, 47.24841254 ], [ -123.98332064, 47.24827554 ], [ -123.98307164, 47.24817654 ], [ -123.98277264, 47.24799054 ], [ -123.98236964, 47.24784254 ], [ -123.98170964, 47.24771154 ], [ -123.98141164, 47.24762354 ], [ -123.98122564, 47.24751954 ], [ -123.98087165, 47.24728953 ], [ -123.98061365, 47.24708053 ], [ -123.98037165, 47.24693253 ], [ -123.98017865, 47.24687253 ], [ -123.97970265, 47.24682353 ], [ -123.97857465, 47.24664853 ], [ -123.97803565, 47.24664852 ], [ -123.97635966, 47.24670352 ], [ -123.97613466, 47.24673652 ], [ -123.97579666, 47.24685252 ], [ -123.97554666, 47.24701652 ], [ -123.97534566, 47.24709952 ], [ -123.97516866, 47.24713252 ], [ -123.97408066, 47.24715451 ], [ -123.97374266, 47.24712151 ], [ -123.97289666, 47.24713851 ], [ -123.97249366, 47.24711651 ], [ -123.97159166, 47.2469635 ], [ -123.97121266, 47.2469145 ], [ -123.97077767, 47.2468975 ], [ -123.97047167, 47.2468535 ], [ -123.96982767, 47.2466455 ], [ -123.96969867, 47.2465795 ], [ -123.96933567, 47.2463165 ], [ -123.96924767, 47.2462785 ], [ -123.96903767, 47.2462295 ], [ -123.96849767, 47.24619649 ], [ -123.96818367, 47.24619049 ], [ -123.96777367, 47.24624049 ], [ -123.96745867, 47.24631149 ], [ -123.96659767, 47.24642749 ], [ -123.96625068, 47.24650449 ], [ -123.96576768, 47.24665249 ], [ -123.96551767, 47.24669649 ], [ -123.96405968, 47.24683948 ], [ -123.96352068, 47.24676248 ], [ -123.96293268, 47.24656548 ], [ -123.96256168, 47.24648848 ], [ -123.96220768, 47.24648347 ], [ -123.96203868, 47.24651047 ], [ -123.96169168, 47.24653247 ], [ -123.96156268, 47.24651647 ], [ -123.96131368, 47.24642847 ], [ -123.96095069, 47.24624247 ], [ -123.96070069, 47.24604447 ], [ -123.96010469, 47.24563847 ], [ -123.95987869, 47.24549647 ], [ -123.95958869, 47.24539247 ], [ -123.9589447, 47.24521646 ], [ -123.9586947, 47.24512946 ], [ -123.9583887, 47.24489346 ], [ -123.9581787, 47.24466346 ], [ -123.9579377, 47.24442146 ], [ -123.9580177, 47.24411446 ], [ -123.9581467, 47.24382946 ], [ -123.95817071, 47.24366446 ], [ -123.95822671, 47.24355546 ], [ -123.95825871, 47.24339546 ], [ -123.95828371, 47.24314346 ], [ -123.95829971, 47.24307246 ], [ -123.95831471, 47.24261146 ], [ -123.95845171, 47.24235946 ], [ -123.95847571, 47.24226046 ], [ -123.95847571, 47.24212346 ], [ -123.95844371, 47.24198046 ], [ -123.95839572, 47.24186546 ], [ -123.95830672, 47.24169546 ], [ -123.95822672, 47.24158646 ], [ -123.95820172, 47.24147646 ], [ -123.95820172, 47.24118046 ], [ -123.95820152, 47.24117838 ], [ -123.95820318, 47.24117801 ], [ -123.95848498, 47.24113955 ], [ -123.95890384, 47.24115595 ], [ -123.95914544, 47.24120521 ], [ -123.95937104, 47.24130395 ], [ -123.95976585, 47.24157801 ], [ -123.95981418, 47.24164381 ], [ -123.96003178, 47.24176455 ], [ -123.96067618, 47.24196735 ], [ -123.96148964, 47.24214801 ], [ -123.96185218, 47.24218101 ], [ -123.96246425, 47.24210401 ], [ -123.96280258, 47.24207655 ], [ -123.96296358, 47.24208201 ], [ -123.96311665, 47.24213681 ], [ -123.96330998, 47.24214221 ], [ -123.96364018, 47.24204895 ], [ -123.96371265, 47.24203241 ], [ -123.96384145, 47.24193914 ], [ -123.96409904, 47.24170335 ], [ -123.96425204, 47.24154961 ], [ -123.96438885, 47.24138515 ], [ -123.96508125, 47.24092414 ], [ -123.96541945, 47.24073755 ], [ -123.96558045, 47.24063335 ], [ -123.96591864, 47.24051255 ], [ -123.96636964, 47.24043561 ], [ -123.96678038, 47.24038615 ], [ -123.96769844, 47.24030915 ], [ -123.96810925, 47.24024314 ], [ -123.96842325, 47.24015535 ], [ -123.96868098, 47.24011135 ], [ -123.96928498, 47.24009475 ], [ -123.96947025, 47.24006721 ], [ -123.96951858, 47.24001234 ], [ -123.96956678, 47.23993001 ], [ -123.96965538, 47.23988621 ], [ -123.96987285, 47.23988615 ], [ -123.97012245, 47.23990801 ], [ -123.97034805, 47.23996821 ], [ -123.97046065, 47.23992981 ], [ -123.97073445, 47.23967741 ], [ -123.97086318, 47.23952381 ], [ -123.97091945, 47.23940861 ], [ -123.97095165, 47.23926041 ], [ -123.97099185, 47.23916175 ], [ -123.97122525, 47.23900801 ], [ -123.97181298, 47.23870621 ], [ -123.97206245, 47.23853615 ], [ -123.97277118, 47.23814101 ], [ -123.97298858, 47.23807514 ], [ -123.97312538, 47.23806401 ], [ -123.97428518, 47.23803621 ], [ -123.97454278, 47.23809654 ], [ -123.97462325, 47.23815135 ], [ -123.97467985, 47.23828841 ], [ -123.97487318, 47.23830481 ], [ -123.97535625, 47.23820594 ], [ -123.97560585, 47.23809061 ], [ -123.97576685, 47.23798641 ], [ -123.97622578, 47.23760781 ], [ -123.97641885, 47.23743221 ], [ -123.97668458, 47.23729494 ], [ -123.97687785, 47.23722361 ], [ -123.97769651, 47.23707568 ], [ -123.97769918, 47.23707521 ], [ -123.97774738, 47.23699295 ], [ -123.97774718, 47.23669674 ], [ -123.97777125, 47.23664181 ], [ -123.97777918, 47.23650475 ], [ -123.97787578, 47.23627974 ], [ -123.97796418, 47.23615354 ], [ -123.97798825, 47.23608234 ], [ -123.97806878, 47.23593414 ], [ -123.97812505, 47.23586281 ], [ -123.97820545, 47.23572574 ], [ -123.97826985, 47.23565434 ], [ -123.97840665, 47.23556654 ], [ -123.97866424, 47.23547314 ], [ -123.97911525, 47.23535234 ], [ -123.97935678, 47.23534674 ], [ -123.97957424, 47.23541241 ], [ -123.97971918, 47.23539054 ], [ -123.97986405, 47.23530821 ], [ -123.97994458, 47.23523681 ], [ -123.98000084, 47.23511614 ], [ -123.98002498, 47.23502834 ], [ -123.98002465, 47.23475961 ], [ -123.98005685, 47.23464981 ], [ -123.98018558, 47.23450721 ], [ -123.98036264, 47.23437554 ], [ -123.98052358, 47.23417254 ], [ -123.98058785, 47.23414514 ], [ -123.98067645, 47.23407921 ], [ -123.98090185, 47.23399681 ], [ -123.98128825, 47.23374441 ], [ -123.98132845, 47.23372794 ], [ -123.98140885, 47.23366754 ], [ -123.98148138, 47.23360714 ], [ -123.98156178, 47.23355781 ], [ -123.98166645, 47.23349194 ], [ -123.98173085, 47.23343154 ], [ -123.98180325, 47.23337661 ], [ -123.98189178, 47.23333281 ], [ -123.98198838, 47.23329981 ], [ -123.98209304, 47.23327234 ], [ -123.98218158, 47.23322294 ], [ -123.98231045, 47.23323381 ], [ -123.98243118, 47.23323374 ], [ -123.98257618, 47.23325014 ], [ -123.98264878, 47.23331054 ], [ -123.98265698, 47.23338734 ], [ -123.98264078, 47.23348054 ], [ -123.98260878, 47.23354641 ], [ -123.98256038, 47.23361221 ], [ -123.98250418, 47.23367801 ], [ -123.98246385, 47.23374394 ], [ -123.98241564, 47.23381521 ], [ -123.98238358, 47.23389201 ], [ -123.98235938, 47.23395781 ], [ -123.98233525, 47.23403461 ], [ -123.98232738, 47.23412241 ], [ -123.98234358, 47.23421021 ], [ -123.98237578, 47.23428154 ], [ -123.98242418, 47.23434734 ], [ -123.98246445, 47.23441861 ], [ -123.98254518, 47.23449534 ], [ -123.98263378, 47.23458854 ], [ -123.98270625, 47.23464881 ], [ -123.98278685, 47.23470914 ], [ -123.98284325, 47.23476394 ], [ -123.98290785, 47.23482434 ], [ -123.98298025, 47.23487914 ], [ -123.98302065, 47.23495594 ], [ -123.98306905, 47.23502721 ], [ -123.98312558, 47.23508741 ], [ -123.98322218, 47.23514234 ], [ -123.98320618, 47.23522461 ], [ -123.98319818, 47.23530134 ], [ -123.98310958, 47.23534534 ], [ -123.98305325, 47.23541661 ], [ -123.98300498, 47.23549341 ], [ -123.98294865, 47.23557021 ], [ -123.98287638, 47.23563054 ], [ -123.98282805, 47.23571281 ], [ -123.98277978, 47.23578974 ], [ -123.98277185, 47.23586654 ], [ -123.98271558, 47.23593781 ], [ -123.98261885, 47.23598174 ], [ -123.98253038, 47.23602574 ], [ -123.98246605, 47.23609694 ], [ -123.98241778, 47.23615734 ], [ -123.98236945, 47.23622861 ], [ -123.98231318, 47.23628901 ], [ -123.98227298, 47.23637134 ], [ -123.98232125, 47.23643714 ], [ -123.98237778, 47.23649741 ], [ -123.98244734, 47.23652371 ], [ -123.98245025, 47.23652481 ], [ -123.98245618, 47.23652634 ], [ -123.98257918, 47.23655774 ], [ -123.98268385, 47.23655761 ], [ -123.98278858, 47.23654114 ], [ -123.98275625, 47.23649721 ], [ -123.98275008, 47.23649618 ], [ -123.98269185, 47.23648641 ], [ -123.98259518, 47.23644254 ], [ -123.98254678, 47.23637121 ], [ -123.98250645, 47.23630541 ], [ -123.98249025, 47.23622861 ], [ -123.98253058, 47.23616281 ], [ -123.98262698, 47.23606401 ], [ -123.98270758, 47.23602561 ], [ -123.98280418, 47.23595421 ], [ -123.98288458, 47.23590481 ], [ -123.98298925, 47.23582801 ], [ -123.98300525, 47.23575121 ], [ -123.98304538, 47.23564154 ], [ -123.98309365, 47.23557021 ], [ -123.98313385, 47.23550434 ], [ -123.98320625, 47.23541654 ], [ -123.98326258, 47.23533974 ], [ -123.98332685, 47.23524641 ], [ -123.98333498, 47.23517521 ], [ -123.98331878, 47.23509294 ], [ -123.98329458, 47.23500514 ], [ -123.98324618, 47.23493934 ], [ -123.98318965, 47.23486801 ], [ -123.98313325, 47.23479121 ], [ -123.98307678, 47.23473101 ], [ -123.98302045, 47.23467061 ], [ -123.98296398, 47.23460494 ], [ -123.98291558, 47.23454454 ], [ -123.98284305, 47.23446781 ], [ -123.98278665, 47.23440194 ], [ -123.98273018, 47.23432521 ], [ -123.98266564, 47.23423754 ], [ -123.98262538, 47.23416614 ], [ -123.98260105, 47.23408941 ], [ -123.98259298, 47.23400714 ], [ -123.98260105, 47.23390834 ], [ -123.98260898, 47.23383714 ], [ -123.98262505, 47.23374934 ], [ -123.98262485, 47.23366161 ], [ -123.98271345, 47.23359574 ], [ -123.98276978, 47.23352994 ], [ -123.98282618, 47.23346401 ], [ -123.98287438, 47.23339261 ], [ -123.98289838, 47.23332134 ], [ -123.98289838, 47.23325014 ], [ -123.98282578, 47.23318981 ], [ -123.98275325, 47.23314594 ], [ -123.98264858, 47.23311301 ], [ -123.98253578, 47.23309661 ], [ -123.98242318, 47.23311314 ], [ -123.98231845, 47.23310221 ], [ -123.98220565, 47.23311874 ], [ -123.98208498, 47.23314074 ], [ -123.98198024, 47.23317361 ], [ -123.98185145, 47.23321214 ], [ -123.98176285, 47.23325054 ], [ -123.98166625, 47.23329994 ], [ -123.98158585, 47.23334934 ], [ -123.98150538, 47.23339874 ], [ -123.98140865, 47.23344261 ], [ -123.98129598, 47.23349201 ], [ -123.98099825, 47.23378841 ], [ -123.98004858, 47.23438114 ], [ -123.97986345, 47.23458961 ], [ -123.97985558, 47.23466094 ], [ -123.97986378, 47.23498455 ], [ -123.97982358, 47.23508334 ], [ -123.97975125, 47.23513821 ], [ -123.97960638, 47.23516561 ], [ -123.97919558, 47.23520421 ], [ -123.97885745, 47.23529201 ], [ -123.97870445, 47.23536354 ], [ -123.97843065, 47.23545681 ], [ -123.97821338, 47.23555561 ], [ -123.97810878, 47.23564881 ], [ -123.97804438, 47.23575314 ], [ -123.97793978, 47.23586281 ], [ -123.97782725, 47.23609335 ], [ -123.97777098, 47.23623594 ], [ -123.97773878, 47.23629081 ], [ -123.97769058, 47.23640594 ], [ -123.97762638, 47.23664734 ], [ -123.97757818, 47.23671321 ], [ -123.97752978, 47.23680094 ], [ -123.97752198, 47.23699294 ], [ -123.97737698, 47.23704794 ], [ -123.97688585, 47.23712481 ], [ -123.97663618, 47.23720721 ], [ -123.97646718, 47.23731154 ], [ -123.97621758, 47.23747061 ], [ -123.97608085, 47.23756394 ], [ -123.97592784, 47.23770115 ], [ -123.97580718, 47.23778341 ], [ -123.97568638, 47.23785481 ], [ -123.97538838, 47.23796461 ], [ -123.97515485, 47.23801401 ], [ -123.97490524, 47.23801401 ], [ -123.97480058, 47.23798121 ], [ -123.97447838, 47.23792641 ], [ -123.97331058, 47.23793781 ], [ -123.97296425, 47.23798734 ], [ -123.97265825, 47.23805321 ], [ -123.97248125, 47.23814101 ], [ -123.97161165, 47.23870635 ], [ -123.97124125, 47.23886554 ], [ -123.97097558, 47.23904654 ], [ -123.97087898, 47.23911794 ], [ -123.97081478, 47.23921661 ], [ -123.97079058, 47.23935381 ], [ -123.97075838, 47.23940874 ], [ -123.97073438, 47.23947995 ], [ -123.97068598, 47.23954581 ], [ -123.97042038, 47.23978175 ], [ -123.97035598, 47.23983115 ], [ -123.97019498, 47.23984215 ], [ -123.97013045, 47.23985315 ], [ -123.96959898, 47.23981495 ], [ -123.96952644, 47.23983135 ], [ -123.96942184, 47.23994115 ], [ -123.96937358, 47.23997955 ], [ -123.96930905, 47.23999594 ], [ -123.96881784, 47.24001261 ], [ -123.96867285, 47.24004554 ], [ -123.96856018, 47.24007301 ], [ -123.96839098, 47.24008401 ], [ -123.96810918, 47.24017181 ], [ -123.96799638, 47.24018295 ], [ -123.96744064, 47.24024335 ], [ -123.96715885, 47.24029835 ], [ -123.96683678, 47.24033121 ], [ -123.96665144, 47.24033135 ], [ -123.96646625, 47.24032595 ], [ -123.96620058, 47.24035335 ], [ -123.96574944, 47.24043035 ], [ -123.96552398, 47.24051261 ], [ -123.96535498, 47.24063335 ], [ -123.96494425, 47.24083635 ], [ -123.96477518, 47.24096261 ], [ -123.96432445, 47.24130821 ], [ -123.96397018, 47.24161555 ], [ -123.96382524, 47.24175261 ], [ -123.96374485, 47.24185141 ], [ -123.96361598, 47.24196121 ], [ -123.96346298, 47.24202701 ], [ -123.96327765, 47.24204355 ], [ -123.96314078, 47.24197235 ], [ -123.96290725, 47.24192295 ], [ -123.96264138, 47.24192301 ], [ -123.96247225, 47.24196141 ], [ -123.96208565, 47.24199995 ], [ -123.96185205, 47.24198355 ], [ -123.96154605, 47.24193421 ], [ -123.96117545, 47.24183001 ], [ -123.96046665, 47.24176441 ], [ -123.96029744, 47.24170961 ], [ -123.96010418, 47.24159441 ], [ -123.96003158, 47.24148475 ], [ -123.95987044, 47.24136961 ], [ -123.95942738, 47.24113381 ], [ -123.95900858, 47.24101875 ], [ -123.95842858, 47.24102441 ], [ -123.95810644, 47.24106281 ], [ -123.95788904, 47.24114521 ], [ -123.95748638, 47.24128235 ], [ -123.95737358, 47.24129335 ], [ -123.95708364, 47.24132081 ], [ -123.95657624, 47.24136481 ], [ -123.95599625, 47.24128815 ], [ -123.95560164, 47.24128275 ], [ -123.95465138, 47.24135401 ], [ -123.95460304, 47.24135961 ], [ -123.95445798, 47.24132121 ], [ -123.95433724, 47.24129381 ], [ -123.95411158, 47.24128295 ], [ -123.95399098, 47.24133221 ], [ -123.95379764, 47.24145841 ], [ -123.95353998, 47.24184795 ], [ -123.95344338, 47.24190821 ], [ -123.95324204, 47.24196861 ], [ -123.95305678, 47.24196861 ], [ -123.95296004, 47.24188635 ], [ -123.95290364, 47.24172735 ], [ -123.95282304, 47.24163961 ], [ -123.95271838, 47.24148602 ], [ -123.95260558, 47.24138735 ], [ -123.95229944, 47.24118995 ], [ -123.95195318, 47.24108575 ], [ -123.95146184, 47.24104741 ], [ -123.95132498, 47.24104741 ], [ -123.95087384, 47.24115721 ], [ -123.95048738, 47.24128895 ], [ -123.95018938, 47.24143695 ], [ -123.95012484, 47.24152475 ], [ -123.95011684, 47.24166735 ], [ -123.95009278, 47.24171121 ], [ -123.95006864, 47.24185935 ], [ -123.95002038, 47.24194715 ], [ -123.94982704, 47.24209521 ], [ -123.94973038, 47.24215015 ], [ -123.94918284, 47.24230375 ], [ -123.94883644, 47.24236961 ], [ -123.94848204, 47.24239161 ], [ -123.94824844, 47.24235875 ], [ -123.94801497, 47.24229841 ], [ -123.94766858, 47.24213935 ], [ -123.94738658, 47.24213395 ], [ -123.94709664, 47.24217235 ], [ -123.94692758, 47.24217235 ], [ -123.94653284, 47.24207915 ], [ -123.94633144, 47.24201341 ], [ -123.94625084, 47.24195302 ], [ -123.94616224, 47.24192015 ], [ -123.94597697, 47.24179941 ], [ -123.94588044, 47.24170621 ], [ -123.94586444, 47.24160755 ], [ -123.94592064, 47.24148681 ], [ -123.94593684, 47.24138815 ], [ -123.94588844, 47.24127281 ], [ -123.94580797, 47.24115775 ], [ -123.94555818, 47.24098775 ], [ -123.94532457, 47.24090541 ], [ -123.94515544, 47.24088902 ], [ -123.94494604, 47.24088355 ], [ -123.94448697, 47.24094942 ], [ -123.94415678, 47.24103715 ], [ -123.94393937, 47.24115235 ], [ -123.94382658, 47.24126201 ], [ -123.94374604, 47.24137181 ], [ -123.94362537, 47.24164055 ], [ -123.94360924, 47.24178315 ], [ -123.94356898, 47.24188741 ], [ -123.94352858, 47.24216715 ], [ -123.94347218, 47.24230982 ], [ -123.94340784, 47.24237002 ], [ -123.94285204, 47.24252921 ], [ -123.94272318, 47.24259502 ], [ -123.94252184, 47.24266642 ], [ -123.94241724, 47.24266635 ], [ -123.94229638, 47.24256215 ], [ -123.94219164, 47.24250182 ], [ -123.94190164, 47.24243055 ], [ -123.94160364, 47.24228795 ], [ -123.94142644, 47.24222761 ], [ -123.94117684, 47.24222762 ], [ -123.94108824, 47.24226602 ], [ -123.94104798, 47.24232642 ], [ -123.94087877, 47.24250195 ], [ -123.94071758, 47.24261702 ], [ -123.94056464, 47.24267195 ], [ -123.94010558, 47.24267742 ], [ -123.93976724, 47.24275975 ], [ -123.93951758, 47.24278175 ], [ -123.93913904, 47.24274882 ], [ -123.93803564, 47.24246901 ], [ -123.93769744, 47.24236481 ], [ -123.93750404, 47.24234842 ], [ -123.93709338, 47.24234295 ], [ -123.93677924, 47.24238135 ], [ -123.93660197, 47.24241422 ], [ -123.93640864, 47.24245815 ], [ -123.93622344, 47.24251295 ], [ -123.93596578, 47.24263915 ], [ -123.93566764, 47.24280362 ], [ -123.93540984, 47.24306702 ], [ -123.93529704, 47.24316575 ], [ -123.93515218, 47.24330282 ], [ -123.93460444, 47.24354415 ], [ -123.93432244, 47.24359902 ], [ -123.93377478, 47.24365935 ], [ -123.93336384, 47.24370875 ], [ -123.93324317, 47.24372515 ], [ -123.93258264, 47.24391702 ], [ -123.93205097, 47.24409262 ], [ -123.93199464, 47.24413642 ], [ -123.93199424, 47.24413668 ], [ -123.93183357, 47.24424622 ], [ -123.93172084, 47.24438335 ], [ -123.93164024, 47.24461915 ], [ -123.93168044, 47.24487155 ], [ -123.93172077, 47.24495922 ], [ -123.93183358, 47.24511282 ], [ -123.93210737, 47.24540902 ], [ -123.93240538, 47.24566682 ], [ -123.93265504, 47.24583695 ], [ -123.93317057, 47.24618255 ], [ -123.93342824, 47.24639635 ], [ -123.93361357, 47.24658295 ], [ -123.93370204, 47.24664322 ], [ -123.93422578, 47.24715335 ], [ -123.93431424, 47.24732335 ], [ -123.93445924, 47.24758115 ], [ -123.93453178, 47.24765242 ], [ -123.93464458, 47.24782255 ], [ -123.93478958, 47.24795961 ], [ -123.93488624, 47.24810235 ], [ -123.93493458, 47.24820095 ], [ -123.93495864, 47.24841495 ], [ -123.93499084, 47.24849722 ], [ -123.93499084, 47.24868375 ], [ -123.93493444, 47.24877695 ], [ -123.93478958, 47.24891402 ], [ -123.93456398, 47.24904022 ], [ -123.93431424, 47.24911155 ], [ -123.93404844, 47.24902922 ], [ -123.93406086, 47.24903621 ], [ -123.93404672, 47.24903139 ], [ -123.93332172, 47.24869638 ], [ -123.93294272, 47.24875838 ], [ -123.93275072, 47.24879038 ], [ -123.93204972, 47.24903638 ], [ -123.93121172, 47.24919538 ], [ -123.93099372, 47.24955738 ], [ -123.93105872, 47.24981538 ], [ -123.93108872, 47.24998038 ], [ -123.93123371, 47.25033638 ], [ -123.93199871, 47.25114338 ], [ -123.93239371, 47.25129138 ], [ -123.9329327, 47.25152739 ], [ -123.9333757, 47.25170839 ], [ -123.9336017, 47.25185639 ], [ -123.9338677, 47.25206439 ], [ -123.9337867, 47.25257439 ], [ -123.9338837, 47.25296439 ], [ -123.9338437, 47.25335939 ], [ -123.93372269, 47.25368839 ], [ -123.93346469, 47.25411039 ], [ -123.93315869, 47.25429639 ], [ -123.93311769, 47.25456539 ], [ -123.93298869, 47.25480739 ], [ -123.93273169, 47.25517439 ], [ -123.93241669, 47.25520739 ], [ -123.93184469, 47.25532839 ], [ -123.93162769, 47.25548139 ], [ -123.93128069, 47.25569539 ], [ -123.93128069, 47.25578339 ], [ -123.93115169, 47.25603039 ], [ -123.93111169, 47.25629839 ], [ -123.93138568, 47.25659539 ], [ -123.93173968, 47.25683639 ], [ -123.93200568, 47.25695139 ], [ -123.93210268, 47.25713239 ], [ -123.93203868, 47.25738539 ], [ -123.93166768, 47.25746739 ], [ -123.93122468, 47.25762039 ], [ -123.93025768, 47.25781239 ], [ -123.92958868, 47.25827839 ], [ -123.92949168, 47.25842739 ], [ -123.92940368, 47.25850339 ], [ -123.92918568, 47.25860739 ], [ -123.92885568, 47.25860739 ], [ -123.92866268, 47.25856439 ], [ -123.92846868, 47.25843238 ], [ -123.92837268, 47.25834438 ], [ -123.92813068, 47.25828938 ], [ -123.92773568, 47.25841038 ], [ -123.92727668, 47.25859638 ], [ -123.92679268, 47.25883238 ], [ -123.92609968, 47.25913438 ], [ -123.92518168, 47.25946838 ], [ -123.92489968, 47.25945238 ], [ -123.92461769, 47.25933737 ], [ -123.92431969, 47.25929337 ], [ -123.92387669, 47.25935337 ], [ -123.92358669, 47.25945237 ], [ -123.92323169, 47.25965537 ], [ -123.92311869, 47.25974237 ], [ -123.92294968, 47.25994537 ], [ -123.92281268, 47.26013237 ], [ -123.92245768, 47.26043337 ], [ -123.92228868, 47.26055437 ], [ -123.92216768, 47.26071337 ], [ -123.92213568, 47.26083437 ], [ -123.92216768, 47.26107537 ], [ -123.92216768, 47.26127337 ], [ -123.92208668, 47.26139937 ], [ -123.92174868, 47.26163537 ], [ -123.92170068, 47.26175537 ], [ -123.92170868, 47.26189837 ], [ -123.92178868, 47.26201337 ], [ -123.92197368, 47.26217237 ], [ -123.92203868, 47.26228237 ], [ -123.92205468, 47.26238137 ], [ -123.92204668, 47.26250737 ], [ -123.92198167, 47.26266037 ], [ -123.92174067, 47.26280837 ], [ -123.92145868, 47.26290737 ], [ -123.92131368, 47.26294537 ], [ -123.92098268, 47.26298937 ], [ -123.92078968, 47.26299537 ], [ -123.92054768, 47.26294537 ], [ -123.92041868, 47.26291837 ], [ -123.92024968, 47.26291837 ], [ -123.92016868, 47.26295637 ], [ -123.91999968, 47.26308837 ], [ -123.91988668, 47.26324137 ], [ -123.91975768, 47.26337837 ], [ -123.91966068, 47.26347237 ], [ -123.91955668, 47.26354337 ], [ -123.91938768, 47.26363637 ], [ -123.91870268, 47.26386636 ], [ -123.91837168, 47.26403136 ], [ -123.91819468, 47.26418436 ], [ -123.91805767, 47.26435536 ], [ -123.91760567, 47.26470036 ], [ -123.91744467, 47.26478236 ], [ -123.91693767, 47.26490336 ], [ -123.91671967, 47.26496936 ], [ -123.91647767, 47.26503436 ], [ -123.91613168, 47.26515536 ], [ -123.91585768, 47.26528136 ], [ -123.91567967, 47.26541836 ], [ -123.91552667, 47.26561636 ], [ -123.91547067, 47.26572536 ], [ -123.91543767, 47.26586236 ], [ -123.91546267, 47.26602236 ], [ -123.91549467, 47.26610436 ], [ -123.91554267, 47.26617036 ], [ -123.91560767, 47.26620336 ], [ -123.91590567, 47.26627936 ], [ -123.91613867, 47.26638936 ], [ -123.91638067, 47.26655436 ], [ -123.91651767, 47.26666336 ], [ -123.91658967, 47.26675136 ], [ -123.91664667, 47.26686136 ], [ -123.91669467, 47.26697636 ], [ -123.91670267, 47.26720136 ], [ -123.91667067, 47.26731136 ], [ -123.91655766, 47.26745336 ], [ -123.91642866, 47.26755236 ], [ -123.91588066, 47.26788136 ], [ -123.91517166, 47.26815036 ], [ -123.91502666, 47.26827036 ], [ -123.91497766, 47.26834236 ], [ -123.91489766, 47.26849536 ], [ -123.91489666, 47.26864936 ], [ -123.91503366, 47.26880836 ], [ -123.91512266, 47.26892336 ], [ -123.91516266, 47.26903836 ], [ -123.91516266, 47.26919236 ], [ -123.91508166, 47.26926936 ], [ -123.91488866, 47.26935636 ], [ -123.91471966, 47.26935136 ], [ -123.91445366, 47.26922536 ], [ -123.91424366, 47.26920836 ], [ -123.91405066, 47.26914836 ], [ -123.91400266, 47.26907636 ], [ -123.91389766, 47.26902236 ], [ -123.91371266, 47.26906036 ], [ -123.91354266, 47.26915336 ], [ -123.91336566, 47.26929636 ], [ -123.91329266, 47.26940536 ], [ -123.91323666, 47.26953236 ], [ -123.91322066, 47.26965236 ], [ -123.91333366, 47.26989936 ], [ -123.91332466, 47.27012436 ], [ -123.91328466, 47.27020136 ], [ -123.91319566, 47.27029936 ], [ -123.91305066, 47.27035436 ], [ -123.91263966, 47.27035436 ], [ -123.91253466, 47.27037636 ], [ -123.91238966, 47.27047536 ], [ -123.91233366, 47.27055736 ], [ -123.91225266, 47.27072236 ], [ -123.91225266, 47.27085336 ], [ -123.91230166, 47.27097936 ], [ -123.91250266, 47.27117736 ], [ -123.91272065, 47.27140736 ], [ -123.91165065, 47.27194036 ], [ -123.91066665, 47.27235635 ], [ -123.90980565, 47.27271135 ], [ -123.90875165, 47.27301435 ], [ -123.90591066, 47.27365634 ], [ -123.90225366, 47.27437933 ], [ -123.90119766, 47.27465333 ], [ -123.90003766, 47.27493132 ], [ -123.89944366, 47.27519232 ], [ -123.89889266, 47.27546632 ], [ -123.89832666, 47.27582632 ], [ -123.89794666, 47.27613832 ], [ -123.89760866, 47.27644832 ], [ -123.89735466, 47.27675632 ], [ -123.89699866, 47.27712532 ], [ -123.89657966, 47.27748132 ], [ -123.89613066, 47.27772432 ], [ -123.89590866, 47.27784432 ], [ -123.89525666, 47.27817831 ], [ -123.89430566, 47.27845031 ], [ -123.89351966, 47.27865931 ], [ -123.89229466, 47.27892431 ], [ -123.89125766, 47.2791693 ], [ -123.88991766, 47.2792653 ], [ -123.88565967, 47.27947628 ], [ -123.87592669, 47.28000325 ], [ -123.87474069, 47.28006725 ], [ -123.8673317, 47.28046822 ], [ -123.8655337, 47.28064922 ], [ -123.8649197, 47.28092522 ], [ -123.8641297, 47.28140622 ], [ -123.8636067, 47.28212322 ], [ -123.8632607, 47.28299222 ], [ -123.86294369, 47.28363122 ], [ -123.86259869, 47.28417122 ], [ -123.86237069, 47.28442622 ], [ -123.86232269, 47.28448022 ], [ -123.86153169, 47.28508421 ], [ -123.86107269, 47.28481721 ], [ -123.8604517, 47.28483921 ], [ -123.8599527, 47.28487221 ], [ -123.8593717, 47.28479021 ], [ -123.8588157, 47.2846642 ], [ -123.8582757, 47.2844832 ], [ -123.8578717, 47.2842802 ], [ -123.8575657, 47.2840942 ], [ -123.8573397, 47.2839242 ], [ -123.8571157, 47.2838052 ], [ -123.85711363, 47.28380434 ], [ -123.85711537, 47.28380196 ], [ -123.85717977, 47.28371963 ], [ -123.85739704, 47.28331363 ], [ -123.85745344, 47.28318196 ], [ -123.85755784, 47.28273763 ], [ -123.85758177, 47.28247983 ], [ -123.85755744, 47.28239763 ], [ -123.85755724, 47.28210136 ], [ -123.85758104, 47.28166816 ], [ -123.85760524, 47.28156936 ], [ -123.85769377, 47.28150356 ], [ -123.85775004, 47.28144316 ], [ -123.85777417, 47.28137176 ], [ -123.85778217, 47.28126216 ], [ -123.85781437, 47.28114143 ], [ -123.85786257, 47.28095496 ], [ -123.85789464, 47.28088376 ], [ -123.85792684, 47.28074656 ], [ -123.85794284, 47.28066422 ], [ -123.85797504, 47.28054903 ], [ -123.85807104, 47.27965496 ], [ -123.85802244, 47.27947943 ], [ -123.85799017, 47.27941363 ], [ -123.85798997, 47.27925456 ], [ -123.85807064, 47.27918876 ], [ -123.85813497, 47.27917776 ], [ -123.85883624, 47.27916643 ], [ -123.85934404, 47.27917723 ], [ -123.85940857, 47.27918816 ], [ -123.86056924, 47.27935763 ], [ -123.86135137, 47.27954383 ], [ -123.86135215, 47.27954399 ], [ -123.86143197, 47.27956036 ], [ -123.86177057, 47.27970823 ], [ -123.86210124, 47.27991643 ], [ -123.86256904, 47.28025096 ], [ -123.86287557, 47.28039343 ], [ -123.86313344, 47.28044816 ], [ -123.86347204, 47.28043696 ], [ -123.86385057, 47.28035456 ], [ -123.86422124, 47.28021176 ], [ -123.86430997, 47.28015696 ], [ -123.86438237, 47.28008556 ], [ -123.86449497, 47.27994296 ], [ -123.86451917, 47.27989902 ], [ -123.86463177, 47.27967956 ], [ -123.86465584, 47.27959176 ], [ -123.86465577, 47.27946556 ], [ -123.86461537, 47.27937242 ], [ -123.86440544, 47.27901596 ], [ -123.86420357, 47.27868696 ], [ -123.86413104, 47.27864302 ], [ -123.86391344, 47.27857736 ], [ -123.86371984, 47.27847862 ], [ -123.86349404, 47.27834176 ], [ -123.86313104, 47.27805663 ], [ -123.86279237, 47.27783183 ], [ -123.86237304, 47.27764556 ], [ -123.86208277, 47.27756896 ], [ -123.86162324, 47.27741003 ], [ -123.86138937, 47.27725663 ], [ -123.86127644, 47.27712503 ], [ -123.86120377, 47.27699883 ], [ -123.86117144, 47.27682882 ], [ -123.86125964, 47.27643936 ], [ -123.86133217, 47.27631323 ], [ -123.86147704, 47.27617596 ], [ -123.86214564, 47.27579176 ], [ -123.86237124, 47.27570936 ], [ -123.86261304, 47.27566536 ], [ -123.86272577, 47.27566522 ], [ -123.86295144, 47.27573102 ], [ -123.86316917, 47.27584063 ], [ -123.86345144, 47.27598316 ], [ -123.86374997, 47.27617496 ], [ -123.86401597, 47.27632843 ], [ -123.86424177, 47.27642703 ], [ -123.86462057, 47.27646523 ], [ -123.86532984, 47.27643743 ], [ -123.86545864, 47.27641556 ], [ -123.86638517, 47.27603116 ], [ -123.86677984, 47.27582256 ], [ -123.86708597, 47.27564136 ], [ -123.86729524, 47.27546576 ], [ -123.86746417, 47.27511463 ], [ -123.86749644, 47.27504876 ], [ -123.86752857, 47.27490062 ], [ -123.86749604, 47.27471962 ], [ -123.86733444, 47.27438516 ], [ -123.86720537, 47.27418776 ], [ -123.86678577, 47.27377103 ], [ -123.86614857, 47.27317902 ], [ -123.86597117, 47.27306396 ], [ -123.86556797, 47.27288856 ], [ -123.86510844, 47.27270236 ], [ -123.86483424, 47.27257623 ], [ -123.86447137, 47.27234056 ], [ -123.86413264, 47.27205543 ], [ -123.86390684, 47.27184716 ], [ -123.86380997, 47.27177596 ], [ -123.86358417, 47.27154563 ], [ -123.86348724, 47.27140302 ], [ -123.86343877, 47.27126596 ], [ -123.86343064, 47.27110683 ], [ -123.86344664, 47.27100816 ], [ -123.86349497, 47.27089843 ], [ -123.86356737, 47.27080503 ], [ -123.86363984, 47.27075022 ], [ -123.86386537, 47.27066236 ], [ -123.86401844, 47.27063482 ], [ -123.86416357, 47.27062936 ], [ -123.86438124, 47.27066762 ], [ -123.86472764, 47.27067296 ], [ -123.86500157, 47.27052476 ], [ -123.86509004, 47.27041496 ], [ -123.86513824, 47.27028876 ], [ -123.86521864, 47.27012976 ], [ -123.86546824, 47.26983896 ], [ -123.86554864, 47.26971816 ], [ -123.86555664, 47.26961936 ], [ -123.86545984, 47.26943296 ], [ -123.86535484, 47.26923563 ], [ -123.86530637, 47.26909296 ], [ -123.86529004, 47.26891196 ], [ -123.86532217, 47.26880236 ], [ -123.86538657, 47.26869796 ], [ -123.86559584, 47.26851683 ], [ -123.86568437, 47.26842362 ], [ -123.86603064, 47.26817663 ], [ -123.86675557, 47.26779776 ], [ -123.86723884, 47.26757816 ], [ -123.86781064, 47.26733102 ], [ -123.86832617, 47.26708402 ], [ -123.86905097, 47.26668876 ], [ -123.86943764, 47.26650756 ], [ -123.87005777, 47.26624942 ], [ -123.87036397, 47.26622182 ], [ -123.87054117, 47.26621622 ], [ -123.87067017, 47.26625456 ], [ -123.87083137, 47.26632576 ], [ -123.87130697, 47.26650102 ], [ -123.87153277, 47.26660516 ], [ -123.87187937, 47.26674203 ], [ -123.87234704, 47.26688996 ], [ -123.87304024, 47.26706516 ], [ -123.87391064, 47.26724562 ], [ -123.87436204, 47.26736062 ], [ -123.87457977, 47.26739896 ], [ -123.87463617, 47.26740436 ], [ -123.8746375, 47.26740449 ], [ -123.87514377, 47.26745342 ], [ -123.87577224, 47.26743116 ], [ -123.87629644, 47.26738256 ], [ -123.87671917, 47.26734982 ], [ -123.87704964, 47.26722382 ], [ -123.87731577, 47.26715802 ], [ -123.87754957, 47.26703216 ], [ -123.87755024, 47.2670317 ], [ -123.87758184, 47.26701016 ], [ -123.87783184, 47.26677436 ], [ -123.87805784, 47.26645636 ], [ -123.87816277, 47.26634122 ], [ -123.87825157, 47.26625902 ], [ -123.87853404, 47.26585876 ], [ -123.87857444, 47.26576002 ], [ -123.87872784, 47.26549136 ], [ -123.87875204, 47.26541462 ], [ -123.8787539, 47.26541269 ], [ -123.87880044, 47.26536522 ], [ -123.87894564, 47.26515696 ], [ -123.87901037, 47.26503076 ], [ -123.87905877, 47.26497596 ], [ -123.87908304, 47.26485522 ], [ -123.87911524, 47.26479496 ], [ -123.87913957, 47.26471276 ], [ -123.87922844, 47.26454816 ], [ -123.87922904, 47.26401062 ], [ -123.87919684, 47.26390082 ], [ -123.87917284, 47.26371442 ], [ -123.87915684, 47.26365956 ], [ -123.87914084, 47.26357182 ], [ -123.87903637, 47.26330842 ], [ -123.87883537, 47.26286956 ], [ -123.87879524, 47.26272142 ], [ -123.87873897, 47.26259522 ], [ -123.87866664, 47.26251296 ], [ -123.87858624, 47.26234282 ], [ -123.87855417, 47.26217282 ], [ -123.87854624, 47.26200276 ], [ -123.87852224, 47.26192042 ], [ -123.87849844, 47.26149802 ], [ -123.87836197, 47.26107562 ], [ -123.87834604, 47.26086722 ], [ -123.87829784, 47.26074102 ], [ -123.87826617, 47.26033516 ], [ -123.87824217, 47.26024736 ], [ -123.87824237, 47.25996776 ], [ -123.87822637, 47.25986896 ], [ -123.87821837, 47.25982502 ], [ -123.87821864, 47.25961116 ], [ -123.87824284, 47.25955622 ], [ -123.87825917, 47.25937536 ], [ -123.87827537, 47.25933142 ], [ -123.87829963, 47.25918336 ], [ -123.87829204, 47.25874456 ], [ -123.87821964, 47.25867316 ], [ -123.87817957, 47.25854156 ], [ -123.87815564, 47.25820696 ], [ -123.87823644, 47.25800956 ], [ -123.87831717, 47.25790536 ], [ -123.87849464, 47.25773542 ], [ -123.87890584, 47.25745582 ], [ -123.87921204, 47.25733536 ], [ -123.87946197, 47.25725862 ], [ -123.87974397, 47.25723136 ], [ -123.88012257, 47.25723716 ], [ -123.88033203, 47.25729202 ], [ -123.88061397, 47.25742382 ], [ -123.88083124, 47.25758296 ], [ -123.88112897, 47.25790122 ], [ -123.88116124, 47.25795616 ], [ -123.88116917, 47.25800556 ], [ -123.88122543, 47.25809322 ], [ -123.88128184, 47.25814275 ], [ -123.88138657, 47.25822502 ], [ -123.88144277, 47.25841702 ], [ -123.88156337, 47.25863642 ], [ -123.88158724, 47.25888336 ], [ -123.88169177, 47.25906995 ], [ -123.88182037, 47.25939356 ], [ -123.88194084, 47.25961856 ], [ -123.88207757, 47.26001342 ], [ -123.88215777, 47.26031522 ], [ -123.88213337, 47.26049616 ], [ -123.88210904, 47.26066076 ], [ -123.88212484, 47.26094042 ], [ -123.88222957, 47.26111056 ], [ -123.88225357, 47.26119836 ], [ -123.88229377, 47.26126976 ], [ -123.88235797, 47.26153842 ], [ -123.88238204, 47.26160422 ], [ -123.88244644, 47.26170842 ], [ -123.88247044, 47.26177982 ], [ -123.88253497, 47.26186215 ], [ -123.88264764, 47.26192255 ], [ -123.88278444, 47.26198296 ], [ -123.88292124, 47.26210916 ], [ -123.88304217, 47.26213662 ], [ -123.88360624, 47.26211482 ], [ -123.88406557, 47.26202742 ], [ -123.88413004, 47.26200002 ], [ -123.88437184, 47.26190142 ], [ -123.88450897, 47.26180822 ], [ -123.88455737, 47.26176442 ], [ -123.88478317, 47.26155602 ], [ -123.88480737, 47.26152862 ], [ -123.88480977, 47.26152575 ], [ -123.88487997, 47.26144096 ], [ -123.88496884, 47.26123802 ], [ -123.88513017, 47.26104062 ], [ -123.88523497, 47.26091456 ], [ -123.88527544, 47.26070602 ], [ -123.88532397, 47.26061842 ], [ -123.88534004, 47.26055262 ], [ -123.88543704, 47.26036615 ], [ -123.88555017, 47.26003156 ], [ -123.88554224, 47.25988896 ], [ -123.88556644, 47.25983416 ], [ -123.88559877, 47.25977375 ], [ -123.88564717, 47.25965862 ], [ -123.88563917, 47.25959822 ], [ -123.88567984, 47.25913202 ], [ -123.88585744, 47.25885782 ], [ -123.88588164, 47.25878662 ], [ -123.88587384, 47.25859462 ], [ -123.88582564, 47.25844102 ], [ -123.88578524, 47.25839162 ], [ -123.88575317, 47.25833676 ], [ -123.88568084, 47.25820502 ], [ -123.88569724, 47.25778822 ], [ -123.88572977, 47.25751942 ], [ -123.88570584, 47.25732202 ], [ -123.88560137, 47.25712455 ], [ -123.88552897, 47.25691602 ], [ -123.88550517, 47.25656496 ], [ -123.88552944, 47.25641142 ], [ -123.88565057, 47.25623042 ], [ -123.88581177, 47.25608782 ], [ -123.88586824, 47.25601662 ], [ -123.88600524, 47.25592342 ], [ -123.88615037, 47.25587416 ], [ -123.88623097, 47.25588516 ], [ -123.88641617, 47.25594556 ], [ -123.88656104, 47.25605522 ], [ -123.88665777, 47.25609922 ], [ -123.88685097, 47.25613222 ], [ -123.88704424, 47.25621456 ], [ -123.88739857, 47.25642322 ], [ -123.88757577, 47.25648902 ], [ -123.88893737, 47.25647862 ], [ -123.88940464, 47.25645695 ], [ -123.88977517, 47.25646255 ], [ -123.89011357, 47.25651215 ], [ -123.89038737, 47.25661642 ], [ -123.89053237, 47.25669876 ], [ -123.89088657, 47.25694022 ], [ -123.89111197, 47.25717075 ], [ -123.89116824, 47.25725302 ], [ -123.89131317, 47.25741215 ], [ -123.89149017, 47.25772482 ], [ -123.89166704, 47.25809242 ], [ -123.89175557, 47.25831195 ], [ -123.89183597, 47.25852582 ], [ -123.89186004, 47.25861362 ], [ -123.89190024, 47.25874522 ], [ -123.89191617, 47.25904695 ], [ -123.89197237, 47.25916762 ], [ -123.89202864, 47.25923342 ], [ -123.89206837, 47.25941242 ], [ -123.89206884, 47.25941442 ], [ -123.89214124, 47.25951322 ], [ -123.89237484, 47.25961762 ], [ -123.89256004, 47.25972195 ], [ -123.89275324, 47.25977682 ], [ -123.89309977, 47.25980982 ], [ -123.89326097, 47.25979895 ], [ -123.89376057, 47.25967842 ], [ -123.89451817, 47.25942642 ], [ -123.89491317, 47.25920175 ], [ -123.89516297, 47.25899882 ], [ -123.89558244, 47.25848335 ], [ -123.89573557, 47.25832982 ], [ -123.89580004, 47.25827502 ], [ -123.89585644, 47.25822015 ], [ -123.89599377, 47.25801175 ], [ -123.89607437, 47.25782535 ], [ -123.89617917, 47.25769922 ], [ -123.89659897, 47.25669562 ], [ -123.89662324, 47.25655295 ], [ -123.89670397, 47.25630622 ], [ -123.89672004, 47.25610322 ], [ -123.89674437, 47.25605382 ], [ -123.89676857, 47.25588382 ], [ -123.89698677, 47.25507216 ], [ -123.89703524, 47.25497342 ], [ -123.89709964, 47.25488575 ], [ -123.89715617, 47.25474855 ], [ -123.89732564, 47.25435922 ], [ -123.89734177, 47.25428795 ], [ -123.89743864, 47.25407942 ], [ -123.89748724, 47.25368462 ], [ -123.89747944, 47.25344875 ], [ -123.89740697, 47.25328962 ], [ -123.89735877, 47.25322936 ], [ -123.89731857, 47.25309215 ], [ -123.89731057, 47.25302082 ], [ -123.89721404, 47.25275202 ], [ -123.89709337, 47.25259842 ], [ -123.89695657, 47.25246122 ], [ -123.89662637, 47.25223076 ], [ -123.89651364, 47.25218135 ], [ -123.89632044, 47.25201675 ], [ -123.89562804, 47.25153922 ], [ -123.89535424, 47.25138555 ], [ -123.89495164, 47.25114962 ], [ -123.89453297, 47.25085322 ], [ -123.89422697, 47.25071042 ], [ -123.89393704, 47.25053482 ], [ -123.89270517, 47.24990355 ], [ -123.89257637, 47.24981575 ], [ -123.89257044, 47.24981642 ], [ -123.89255437, 47.24980542 ], [ -123.89249804, 47.24975602 ], [ -123.89208737, 47.24958582 ], [ -123.89192637, 47.24947062 ], [ -123.89137077, 47.24920715 ], [ -123.89108097, 47.24898202 ], [ -123.89095217, 47.24884495 ], [ -123.89076704, 47.24869675 ], [ -123.89057377, 47.24858155 ], [ -123.89023563, 47.24832902 ], [ -123.89011497, 47.24820835 ], [ -123.89003444, 47.24810955 ], [ -123.88972877, 47.24785715 ], [ -123.88954357, 47.24773642 ], [ -123.88947117, 47.24766502 ], [ -123.88943084, 47.24759922 ], [ -123.88939897, 47.24733042 ], [ -123.88939045, 47.24725646 ], [ -123.88937497, 47.24712202 ], [ -123.88941523, 47.24710002 ], [ -123.88954417, 47.24703436 ], [ -123.88989864, 47.24701255 ], [ -123.89029323, 47.24700722 ], [ -123.89101823, 47.24705682 ], [ -123.89120344, 47.24710082 ], [ -123.89173484, 47.24733682 ], [ -123.89208117, 47.24756195 ], [ -123.89226604, 47.24773195 ], [ -123.89270884, 47.24804482 ], [ -123.89307104, 47.24840142 ], [ -123.89364264, 47.24879102 ], [ -123.89441544, 47.24954835 ], [ -123.89463277, 47.24970202 ], [ -123.89493877, 47.24981735 ], [ -123.89494644, 47.24981735 ], [ -123.89496077, 47.24982215 ], [ -123.89514597, 47.24994842 ], [ -123.89519417, 47.25007455 ], [ -123.89539564, 47.25009102 ], [ -123.89575004, 47.25004182 ], [ -123.89591117, 47.25005295 ], [ -123.89635417, 47.25008602 ], [ -123.89678104, 47.25017942 ], [ -123.89873017, 47.25065722 ], [ -123.89917317, 47.25073422 ], [ -123.89949537, 47.25078915 ], [ -123.90055044, 47.25099795 ], [ -123.90155744, 47.25109702 ], [ -123.90274157, 47.25117415 ], [ -123.90389344, 47.25120182 ], [ -123.90441704, 47.25125135 ], [ -123.90463457, 47.25125695 ], [ -123.9048687, 47.25123047 ], [ -123.90492457, 47.25122415 ], [ -123.90529524, 47.25110902 ], [ -123.90592364, 47.25097215 ], [ -123.90669717, 47.25085715 ], [ -123.90734977, 47.25067082 ], [ -123.90773644, 47.25055022 ], [ -123.90889664, 47.25017202 ], [ -123.90937204, 47.24991995 ], [ -123.90949297, 47.24983215 ], [ -123.90951704, 47.24981575 ], [ -123.90966444, 47.24970095 ], [ -123.91021224, 47.24947062 ], [ -123.91069577, 47.24921302 ], [ -123.91143717, 47.24865915 ], [ -123.91182384, 47.24835755 ], [ -123.91242024, 47.24790795 ], [ -123.91258137, 47.24777622 ], [ -123.91319377, 47.24737055 ], [ -123.91340324, 47.24721155 ], [ -123.91364484, 47.24702515 ], [ -123.91371744, 47.24694835 ], [ -123.91372564, 47.24683315 ], [ -123.91381417, 47.24675082 ], [ -123.91414457, 47.24664122 ], [ -123.91432984, 47.24655902 ], [ -123.91464397, 47.24647675 ], [ -123.91522404, 47.24610935 ], [ -123.91532077, 47.24612035 ], [ -123.91519997, 47.24626295 ], [ -123.91508717, 47.24637262 ], [ -123.91500644, 47.24643842 ], [ -123.91500644, 47.24648782 ], [ -123.91511117, 47.24647135 ], [ -123.91548177, 47.24620815 ], [ -123.91569937, 47.24600522 ], [ -123.91584444, 47.24583522 ], [ -123.91590884, 47.24576942 ], [ -123.91596537, 47.24568162 ], [ -123.91598144, 47.24554455 ], [ -123.91600564, 47.24548962 ], [ -123.91602184, 47.24530315 ], [ -123.91598164, 47.24522095 ], [ -123.91591737, 47.24514415 ], [ -123.91583677, 47.24494662 ], [ -123.91578044, 47.24485335 ], [ -123.91574844, 47.24411835 ], [ -123.91581304, 47.24392095 ], [ -123.91582924, 47.24368502 ], [ -123.91585344, 47.24355895 ], [ -123.91586157, 47.24338882 ], [ -123.91583744, 47.24332315 ], [ -123.91582957, 47.24295555 ], [ -123.91578124, 47.24276902 ], [ -123.91571684, 47.24264835 ], [ -123.91569277, 47.24240155 ], [ -123.91554004, 47.24185842 ], [ -123.91544337, 47.24167195 ], [ -123.91543537, 47.24149095 ], [ -123.91552404, 47.24129342 ], [ -123.91576577, 47.24111255 ], [ -123.91605584, 47.24097542 ], [ -123.91626524, 47.24083835 ], [ -123.91652304, 47.24061355 ], [ -123.91679697, 47.24029542 ], [ -123.91690164, 47.24019122 ], [ -123.91702257, 47.24001575 ], [ -123.91730457, 47.23982935 ], [ -123.91769124, 47.23942342 ], [ -123.91788464, 47.23927542 ], [ -123.91849697, 47.23874895 ], [ -123.91881104, 47.23850762 ], [ -123.91898837, 47.23835955 ], [ -123.92001944, 47.23746015 ], [ -123.92010004, 47.23737795 ], [ -123.92030144, 47.23723542 ], [ -123.92051884, 47.23708735 ], [ -123.92025317, 47.23707082 ], [ -123.92072037, 47.23685155 ], [ -123.92102637, 47.23673082 ], [ -123.92167077, 47.23650055 ], [ -123.92208944, 47.23630855 ], [ -123.92298364, 47.23592482 ], [ -123.92428837, 47.23543675 ], [ -123.92457837, 47.23531055 ], [ -123.92494077, 47.23512415 ], [ -123.92527904, 47.23491575 ], [ -123.92618924, 47.23404375 ], [ -123.92661604, 47.23365435 ], [ -123.92703484, 47.23333615 ], [ -123.92750197, 47.23293582 ], [ -123.92766304, 47.23277122 ], [ -123.92786444, 47.23261762 ], [ -123.92794497, 47.23257382 ], [ -123.92858924, 47.23249701 ], [ -123.92883884, 47.23248615 ], [ -123.92918517, 47.23257935 ], [ -123.92971664, 47.23268362 ], [ -123.93060244, 47.23276055 ], [ -123.93090037, 47.23274955 ], [ -123.93138357, 47.23267822 ], [ -123.93216477, 47.23248635 ], [ -123.93271237, 47.23222842 ], [ -123.93304244, 47.23212422 ], [ -123.93374317, 47.23183355 ], [ -123.93398464, 47.23167995 ], [ -123.93415377, 47.23154295 ], [ -123.93440344, 47.23142215 ], [ -123.93474164, 47.23124122 ], [ -123.93501544, 47.23103822 ], [ -123.93513637, 47.23090115 ], [ -123.93524084, 47.23082982 ], [ -123.93534564, 47.23068722 ], [ -123.93546637, 47.23042395 ], [ -123.93546637, 47.23032522 ], [ -123.93552284, 47.23025395 ], [ -123.93568377, 47.23010022 ], [ -123.93587717, 47.22992475 ], [ -123.93599784, 47.22978762 ], [ -123.93622337, 47.22959015 ], [ -123.93652124, 47.22939822 ], [ -123.93671457, 47.22932695 ], [ -123.93760837, 47.22921175 ], [ -123.93875177, 47.22895935 ], [ -123.93974217, 47.22867961 ], [ -123.94008044, 47.22860282 ], [ -123.94037024, 47.22852055 ], [ -123.94071644, 47.22838335 ], [ -123.94097404, 47.22822981 ], [ -123.94114324, 47.22802681 ], [ -123.94213357, 47.22747275 ], [ -123.94264897, 47.22711621 ], [ -123.94287437, 47.22697901 ], [ -123.94322057, 47.22675435 ], [ -123.94342177, 47.22660615 ], [ -123.94367137, 47.22648555 ], [ -123.94372777, 47.22638122 ], [ -123.94384857, 47.22617275 ], [ -123.94388877, 47.22607415 ], [ -123.94389677, 47.22595335 ], [ -123.94378404, 47.22590955 ], [ -123.94369544, 47.22583821 ], [ -123.94369544, 47.22575041 ], [ -123.94379197, 47.22560781 ], [ -123.94391284, 47.22552555 ], [ -123.94408197, 47.22533901 ], [ -123.94439584, 47.22510322 ], [ -123.94455684, 47.22493315 ], [ -123.94491904, 47.22465335 ], [ -123.94528144, 47.22443935 ], [ -123.94545057, 47.22443941 ], [ -123.94578057, 47.22460935 ], [ -123.94603024, 47.22475201 ], [ -123.94619937, 47.22482881 ], [ -123.94676317, 47.22513035 ], [ -123.94703684, 47.22523455 ], [ -123.94785017, 47.22542101 ], [ -123.94913044, 47.22581035 ], [ -123.94940424, 47.22593641 ], [ -123.94957337, 47.22605161 ], [ -123.94971837, 47.22620515 ], [ -123.94979897, 47.22626555 ], [ -123.95032224, 47.22649575 ], [ -123.95054777, 47.22662195 ], [ -123.95082977, 47.22685235 ], [ -123.95100684, 47.22702775 ], [ -123.95124844, 47.22723615 ], [ -123.95158677, 47.22746635 ], [ -123.95180424, 47.22757055 ], [ -123.95208604, 47.22776801 ], [ -123.95223097, 47.22783935 ], [ -123.95239204, 47.22785575 ], [ -123.95260944, 47.22786115 ], [ -123.95273024, 47.22793241 ], [ -123.95281084, 47.22801475 ], [ -123.95293164, 47.22811895 ], [ -123.95367264, 47.22878255 ], [ -123.95392244, 47.22907315 ], [ -123.95418018, 47.22925415 ], [ -123.95454257, 47.22956675 ], [ -123.95463117, 47.22963801 ], [ -123.95485677, 47.22985195 ], [ -123.95525944, 47.23015355 ], [ -123.95542864, 47.23031255 ], [ -123.95557358, 47.23041121 ], [ -123.95568638, 47.23045515 ], [ -123.95580497, 47.23053588 ], [ -123.95580718, 47.23053741 ], [ -123.95626624, 47.23083901 ], [ -123.95633698, 47.23086575 ], [ -123.95633877, 47.23086641 ], [ -123.956429490604762, 47.230906453583607 ], [ -123.956425781520821, 47.230700484946688 ], [ -123.95633058, 47.23061955 ], [ -123.95625017, 47.23051535 ], [ -123.95622584, 47.23046055 ], [ -123.95599224, 47.23020821 ], [ -123.95579898, 47.23006021 ], [ -123.95507397, 47.22939661 ], [ -123.95483238, 47.22922115 ], [ -123.95454237, 47.22903475 ], [ -123.95432497, 47.22885375 ], [ -123.95409944, 47.22868921 ], [ -123.95393024, 47.22859055 ], [ -123.95347924, 47.22819015 ], [ -123.95302817, 47.22780621 ], [ -123.95245637, 47.22737855 ], [ -123.95200537, 47.22704961 ], [ -123.95158657, 47.22661081 ], [ -123.95144957, 47.22649561 ], [ -123.95119184, 47.22632561 ], [ -123.95086177, 47.22613915 ], [ -123.95041877, 47.22584855 ], [ -123.95026564, 47.22580475 ], [ -123.95024964, 47.22591981 ], [ -123.95016917, 47.22591435 ], [ -123.95001617, 47.22584861 ], [ -123.94995164, 47.22581015 ], [ -123.94971017, 47.22564575 ], [ -123.94873584, 47.22531121 ], [ -123.94806744, 47.22499315 ], [ -123.94784204, 47.22494381 ], [ -123.94714144, 47.22487801 ], [ -123.94673884, 47.22479035 ], [ -123.94651337, 47.22470255 ], [ -123.94611877, 47.22447775 ], [ -123.94578864, 47.22433515 ], [ -123.94550684, 47.22424181 ], [ -123.94538597, 47.22419801 ], [ -123.94528944, 47.22419802 ], [ -123.94464537, 47.22464241 ], [ -123.94446824, 47.22480701 ], [ -123.94427504, 47.22500995 ], [ -123.94400137, 47.22523481 ], [ -123.94394504, 47.22530615 ], [ -123.94386444, 47.22537195 ], [ -123.94344584, 47.22578895 ], [ -123.94333304, 47.22592601 ], [ -123.94270517, 47.22639781 ], [ -123.94252804, 47.22663361 ], [ -123.94224617, 47.22684195 ], [ -123.94214964, 47.22692421 ], [ -123.94156197, 47.22734115 ], [ -123.94086137, 47.22786775 ], [ -123.94055537, 47.22805422 ], [ -123.94008844, 47.22821882 ], [ -123.93961337, 47.22834502 ], [ -123.93961059, 47.22834581 ], [ -123.93949983, 47.22820439 ], [ -123.93947483, 47.22814439 ], [ -123.93918583, 47.22794139 ], [ -123.93899983, 47.22769939 ], [ -123.93882283, 47.22751339 ], [ -123.93860584, 47.22734839 ], [ -123.93793684, 47.22695938 ], [ -123.93774384, 47.22687138 ], [ -123.93746984, 47.22670138 ], [ -123.93715584, 47.22658138 ], [ -123.93693084, 47.22652638 ], [ -123.93639884, 47.22650438 ], [ -123.93609284, 47.22646038 ], [ -123.93565885, 47.22632838 ], [ -123.93539285, 47.22621338 ], [ -123.93493385, 47.22593337 ], [ -123.93440285, 47.22573037 ], [ -123.93412085, 47.22563237 ], [ -123.93342786, 47.22542937 ], [ -123.93311386, 47.22536837 ], [ -123.93263086, 47.22536337 ], [ -123.93200286, 47.22542337 ], [ -123.93148886, 47.22536036 ], [ -123.93152086, 47.22509136 ], [ -123.93157586, 47.22478536 ], [ -123.93165287, 47.22441236 ], [ -123.93171087, 47.22416936 ], [ -123.93174287, 47.22400736 ], [ -123.93182787, 47.22385236 ], [ -123.93191187, 47.22375936 ], [ -123.93201187, 47.22367036 ], [ -123.93219687, 47.22356336 ], [ -123.93233487, 47.22350936 ], [ -123.93251787, 47.22346737 ], [ -123.93270687, 47.22344037 ], [ -123.93295187, 47.22343037 ], [ -123.93319687, 47.22343737 ], [ -123.93353287, 47.22345337 ], [ -123.93399787, 47.22348337 ], [ -123.93434987, 47.22349837 ], [ -123.93474686, 47.22350037 ], [ -123.93555486, 47.22353437 ], [ -123.93623986, 47.22360938 ], [ -123.93668086, 47.22363938 ], [ -123.93784186, 47.22372738 ], [ -123.93815986, 47.22374638 ], [ -123.93844686, 47.22375838 ], [ -123.93917886, 47.22381539 ], [ -123.93949485, 47.22383139 ], [ -123.93970185, 47.22381439 ], [ -123.93991185, 47.22378339 ], [ -123.94008885, 47.22374239 ], [ -123.94031185, 47.22366139 ], [ -123.94046685, 47.22353839 ], [ -123.94064085, 47.22336139 ], [ -123.94072686, 47.22322239 ], [ -123.94079686, 47.22306639 ], [ -123.94085786, 47.22287039 ], [ -123.94087786, 47.22276139 ], [ -123.94087586, 47.22265339 ], [ -123.94084686, 47.22253539 ], [ -123.94074186, 47.22233339 ], [ -123.94066686, 47.22218839 ], [ -123.94058586, 47.22200839 ], [ -123.94055686, 47.22188339 ], [ -123.94054587, 47.22173239 ], [ -123.94055987, 47.22159639 ], [ -123.94058087, 47.22148739 ], [ -123.94060987, 47.22139639 ], [ -123.94066787, 47.22130839 ], [ -123.94073887, 47.22123839 ], [ -123.94083387, 47.22116839 ], [ -123.94093387, 47.22108639 ], [ -123.94105187, 47.22101339 ], [ -123.94120087, 47.22096039 ], [ -123.94146187, 47.22088439 ], [ -123.94173587, 47.22083339 ], [ -123.94199087, 47.22082739 ], [ -123.94223537, 47.22087189 ], [ -123.94246787, 47.22094339 ], [ -123.94266786, 47.22102839 ], [ -123.94282786, 47.2211284 ], [ -123.94296686, 47.2212214 ], [ -123.94310686, 47.2213424 ], [ -123.94332086, 47.2214824 ], [ -123.94353786, 47.2216084 ], [ -123.94374186, 47.2217044 ], [ -123.94392486, 47.2217844 ], [ -123.94414986, 47.2218284 ], [ -123.94468986, 47.2219094 ], [ -123.94598285, 47.22211241 ], [ -123.94718785, 47.22232841 ], [ -123.94949584, 47.22271442 ], [ -123.94986884, 47.22274242 ], [ -123.95023384, 47.22275742 ], [ -123.95057084, 47.22275942 ], [ -123.95076384, 47.22275542 ], [ -123.95251684, 47.22272343 ], [ -123.95501083, 47.22272143 ], [ -123.95561483, 47.22272144 ], [ -123.96069382, 47.22270645 ], [ -123.96170382, 47.22270845 ], [ -123.96306282, 47.22270346 ], [ -123.96409882, 47.22269046 ], [ -123.96508282, 47.22269146 ], [ -123.96553181, 47.22267847 ], [ -123.96573681, 47.22266147 ], [ -123.96593581, 47.22262647 ], [ -123.96614381, 47.22258047 ], [ -123.96634681, 47.22251647 ], [ -123.96685781, 47.22232847 ], [ -123.96731081, 47.22213447 ], [ -123.96772881, 47.22188847 ], [ -123.96804781, 47.22166647 ], [ -123.96821682, 47.22157847 ], [ -123.96844782, 47.22148147 ], [ -123.96866782, 47.22143447 ], [ -123.96896281, 47.22141847 ], [ -123.96950481, 47.22146548 ], [ -123.96981881, 47.22147848 ], [ -123.97011481, 47.22147748 ], [ -123.97029481, 47.22149048 ], [ -123.97046281, 47.22152748 ], [ -123.97067681, 47.22165448 ], [ -123.9713118, 47.22253348 ], [ -123.9719548, 47.22337549 ], [ -123.97239079, 47.22405649 ], [ -123.97276879, 47.22459649 ], [ -123.97296079, 47.22484449 ], [ -123.97322779, 47.22514649 ], [ -123.97347778, 47.22532049 ], [ -123.97371878, 47.22547949 ], [ -123.97434878, 47.22584449 ], [ -123.97455378, 47.2259855 ], [ -123.97474978, 47.2261395 ], [ -123.97486578, 47.2262565 ], [ -123.97498577, 47.2264495 ], [ -123.97516177, 47.2268945 ], [ -123.97518277, 47.2270715 ], [ -123.97509577, 47.2274265 ], [ -123.97508177, 47.2274845 ], [ -123.97494977, 47.2278665 ], [ -123.97475376, 47.2283125 ], [ -123.97453376, 47.2287035 ], [ -123.97425876, 47.2292985 ], [ -123.97411676, 47.2296775 ], [ -123.97401976, 47.2299935 ], [ -123.97395675, 47.2303965 ], [ -123.97393775, 47.2306975 ], [ -123.97396475, 47.2309635 ], [ -123.97402475, 47.2313785 ], [ -123.97393475, 47.2314995 ], [ -123.97391626, 47.23158124 ], [ -123.97359604, 47.23164634 ], [ -123.97329004, 47.23166841 ], [ -123.97309678, 47.23165754 ], [ -123.97284718, 47.23162474 ], [ -123.97257338, 47.23154795 ], [ -123.97221085, 47.23138901 ], [ -123.97192884, 47.23130681 ], [ -123.97177578, 47.23115881 ], [ -123.97145358, 47.23093401 ], [ -123.97131664, 47.23086274 ], [ -123.97105884, 47.23077501 ], [ -123.97044664, 47.23041335 ], [ -123.96981038, 47.23012274 ], [ -123.96932704, 47.22995281 ], [ -123.96800638, 47.22973381 ], [ -123.96746678, 47.22970654 ], [ -123.96691924, 47.22971215 ], [ -123.96654884, 47.22975061 ], [ -123.96568718, 47.22966861 ], [ -123.96520404, 47.22960295 ], [ -123.96482558, 47.22959755 ], [ -123.96462424, 47.22962495 ], [ -123.96420564, 47.22973475 ], [ -123.96381904, 47.22974035 ], [ -123.963439443436201, 47.229693451456797 ], [ -123.9634445684041, 47.229974637195696 ], [ -123.96346498, 47.22997635 ], [ -123.96445538, 47.22998701 ], [ -123.96455198, 47.22995961 ] ] ], [ [ [ -123.92770337, 47.23243115 ], [ -123.92784844, 47.23249155 ], [ -123.92762284, 47.23262315 ], [ -123.92737324, 47.23284802 ], [ -123.92720417, 47.23296875 ], [ -123.92708324, 47.23301255 ], [ -123.92692217, 47.23302895 ], [ -123.92692217, 47.23295222 ], [ -123.92724444, 47.23266702 ], [ -123.92733297, 47.23255182 ], [ -123.92745384, 47.23246955 ], [ -123.92754237, 47.23242022 ], [ -123.92758257, 47.23239822 ], [ -123.92770337, 47.23243115 ] ] ], [ [ [ -123.90606841, 47.42960983 ], [ -123.90606848, 47.42964263 ], [ -123.90600368, 47.42970303 ], [ -123.90589048, 47.42975236 ], [ -123.90576928, 47.42980163 ], [ -123.90569648, 47.42981263 ], [ -123.90574508, 47.42968103 ], [ -123.90576928, 47.42964263 ], [ -123.90585028, 47.42957683 ], [ -123.90598768, 47.42950003 ], [ -123.90606048, 47.42953843 ], [ -123.90606841, 47.42960983 ] ] ], [ [ [ -123.91081088, 47.43430603 ], [ -123.91069802, 47.43368623 ], [ -123.91076282, 47.43331323 ], [ -123.91088442, 47.43284156 ], [ -123.91090062, 47.43255096 ], [ -123.91108682, 47.43190923 ], [ -123.91117588, 47.43168983 ], [ -123.91120022, 47.43138816 ], [ -123.91128928, 47.43116876 ], [ -123.91141068, 47.43079583 ], [ -123.91158062, 47.43047776 ], [ -123.91159688, 47.43029136 ], [ -123.91158082, 47.43008283 ], [ -123.91158902, 47.42997323 ], [ -123.91158088, 47.42982503 ], [ -123.91153262, 47.42956183 ], [ -123.91145182, 47.42933143 ], [ -123.91138728, 47.42905716 ], [ -123.91137928, 47.42885423 ], [ -123.91132268, 47.42849776 ], [ -123.91134701, 47.42843183 ], [ -123.91135522, 47.42834963 ], [ -123.91125021, 47.42808636 ], [ -123.91116941, 47.42802056 ], [ -123.91089294, 47.4278447 ], [ -123.91433998, 47.42787366 ], [ -123.91430298, 47.42824266 ], [ -123.91431898, 47.42854466 ], [ -123.91427098, 47.42878566 ], [ -123.91432698, 47.42895566 ], [ -123.91460997, 47.42900566 ], [ -123.91486097, 47.42907666 ], [ -123.91513597, 47.42908166 ], [ -123.91555597, 47.42910967 ], [ -123.91576597, 47.42925767 ], [ -123.91584697, 47.42950967 ], [ -123.91582997, 47.42970167 ], [ -123.91569297, 47.42984467 ], [ -123.91541797, 47.42999267 ], [ -123.91545797, 47.43029467 ], [ -123.91549897, 47.43046967 ], [ -123.91550696, 47.43064567 ], [ -123.91561996, 47.43086467 ], [ -123.91579796, 47.43108467 ], [ -123.91595096, 47.43129267 ], [ -123.91666196, 47.43154467 ], [ -123.91692896, 47.43187968 ], [ -123.91684795, 47.43220368 ], [ -123.91676895, 47.43258268 ], [ -123.91700895, 47.43275768 ], [ -123.91769595, 47.43282368 ], [ -123.91795495, 47.43286768 ], [ -123.91823795, 47.43317968 ], [ -123.91842395, 47.43334968 ], [ -123.91878494, 47.43338669 ], [ -123.91906994, 47.43341569 ], [ -123.91932094, 47.43349769 ], [ -123.91985394, 47.43371769 ], [ -123.92010494, 47.43391469 ], [ -123.92028294, 47.43423369 ], [ -123.92034694, 47.43456769 ], [ -123.92050093, 47.4347547 ], [ -123.92075093, 47.4349137 ], [ -123.92092893, 47.4351937 ], [ -123.92095293, 47.4354287 ], [ -123.92095293, 47.4356707 ], [ -123.92107393, 47.4358567 ], [ -123.92114693, 47.4360377 ], [ -123.92135692, 47.4364877 ], [ -123.92151092, 47.4366467 ], [ -123.92165592, 47.4368777 ], [ -123.92184992, 47.4372227 ], [ -123.92185016, 47.43722366 ], [ -123.92177928, 47.43733016 ], [ -123.92173082, 47.43746736 ], [ -123.92160148, 47.43750563 ], [ -123.92127809, 47.43747816 ], [ -123.92093862, 47.43748903 ], [ -123.92056669, 47.43747816 ], [ -123.92036462, 47.43748356 ], [ -123.92013022, 47.43750543 ], [ -123.91885282, 47.43766436 ], [ -123.91833542, 47.43770816 ], [ -123.91801202, 47.43776836 ], [ -123.91749469, 47.43787803 ], [ -123.91709848, 47.43791636 ], [ -123.91670229, 47.43792723 ], [ -123.91597469, 47.43797103 ], [ -123.91544928, 47.43799836 ], [ -123.91511782, 47.43799283 ], [ -123.91481882, 47.43792696 ], [ -123.91436602, 47.43782816 ], [ -123.91387302, 47.43769083 ], [ -123.91356588, 47.43759756 ], [ -123.91312948, 47.43732876 ], [ -123.91274162, 47.43705996 ], [ -123.91221622, 47.43680196 ], [ -123.91199802, 47.43660996 ], [ -123.91182842, 47.43635756 ], [ -123.91164262, 47.43617656 ], [ -123.91134368, 47.43568836 ], [ -123.91102868, 47.43517816 ], [ -123.91095608, 47.43486003 ], [ -123.91081088, 47.43430603 ] ] ], [ [ [ -123.92581382, 47.43454983 ], [ -123.92585442, 47.43449496 ], [ -123.92587849, 47.43445103 ], [ -123.92582202, 47.43441276 ], [ -123.92583008, 47.43435236 ], [ -123.92587048, 47.43431943 ], [ -123.92595942, 47.43425356 ], [ -123.92604029, 47.43427556 ], [ -123.92600802, 47.43436883 ], [ -123.92593508, 47.43441816 ], [ -123.92596742, 47.43452236 ], [ -123.92591089, 47.43466503 ], [ -123.92583002, 47.43495016 ], [ -123.92574909, 47.43493376 ], [ -123.92575728, 47.43480216 ], [ -123.92574922, 47.43468142 ], [ -123.92584629, 47.43465956 ], [ -123.92588669, 47.43460463 ], [ -123.92581382, 47.43454983 ] ] ], [ [ [ -123.92515089, 47.43488436 ], [ -123.92520762, 47.43470323 ], [ -123.92534502, 47.43454976 ], [ -123.92545008, 47.43444556 ], [ -123.92566842, 47.43435776 ], [ -123.92564409, 47.43448396 ], [ -123.92565222, 47.43453876 ], [ -123.92565208, 47.43459363 ], [ -123.92557142, 47.43464843 ], [ -123.92554709, 47.43471976 ], [ -123.92550669, 47.43485136 ], [ -123.92546622, 47.43497756 ], [ -123.92546622, 47.43508176 ], [ -123.92542582, 47.43513116 ], [ -123.92534489, 47.43522443 ], [ -123.92528829, 47.43510916 ], [ -123.92521562, 47.43501043 ], [ -123.92515089, 47.43488436 ] ] ], [ [ [ -123.88071762, 47.46310203 ], [ -123.88075822, 47.46299797 ], [ -123.88077449, 47.46281697 ], [ -123.88079082, 47.46272363 ], [ -123.88075849, 47.46267423 ], [ -123.88075062, 47.46246583 ], [ -123.88067802, 47.46229576 ], [ -123.88064582, 47.46216957 ], [ -123.88062182, 47.46197217 ], [ -123.88057328, 47.46188983 ], [ -123.88047642, 47.46173617 ], [ -123.88024202, 47.46156603 ], [ -123.88008842, 47.46150563 ], [ -123.87995902, 47.46150557 ], [ -123.87978102, 47.46157137 ], [ -123.87957068, 47.46157117 ], [ -123.87937669, 47.46148343 ], [ -123.87915073, 47.46131886 ], [ -123.87925393, 47.46125558 ], [ -123.87925399, 47.46125398 ], [ -123.87925562, 47.46125296 ], [ -123.87926402, 47.46103357 ], [ -123.87924042, 47.46034243 ], [ -123.87917588, 47.46022723 ], [ -123.87895762, 47.46008457 ], [ -123.87879588, 47.46002403 ], [ -123.87831089, 47.45989217 ], [ -123.87789868, 47.45965063 ], [ -123.87776942, 47.45955183 ], [ -123.87769668, 47.45947503 ], [ -123.87766462, 47.45922823 ], [ -123.87769702, 47.45914043 ], [ -123.87769728, 47.45898143 ], [ -123.87768928, 47.45887717 ], [ -123.87771722, 47.4588392 ], [ -123.87771995, 47.45883557 ], [ -123.87779995, 47.45878057 ], [ -123.8778, 47.45878011 ], [ -123.87780248, 47.45877843 ], [ -123.87781082, 47.45870723 ], [ -123.87788382, 47.45856463 ], [ -123.87788462, 47.4585638 ], [ -123.87798695, 47.45845757 ], [ -123.87798717, 47.45845696 ], [ -123.87798902, 47.45845503 ], [ -123.87800508, 47.45841117 ], [ -123.87800542, 47.45827403 ], [ -123.87792469, 47.45811497 ], [ -123.87780348, 47.45802157 ], [ -123.87774689, 47.45792837 ], [ -123.87743182, 47.45771423 ], [ -123.87697908, 47.45744523 ], [ -123.87674482, 47.45732996 ], [ -123.87630028, 47.45714223 ], [ -123.87580668, 47.45696703 ], [ -123.87515141, 47.45674803 ], [ -123.87478742, 47.45666043 ], [ -123.87434248, 47.45661137 ], [ -123.87393008, 47.45660603 ], [ -123.87320222, 47.45662843 ], [ -123.87300808, 47.45660117 ], [ -123.87092982, 47.45668997 ], [ -123.87067908, 47.45668463 ], [ -123.87034748, 47.45660797 ], [ -123.87020988, 47.45650923 ], [ -123.87014508, 47.45644357 ], [ -123.87005602, 47.45628457 ], [ -123.86980488, 47.45594457 ], [ -123.8692475, 47.45585728 ], [ -123.87030898, 47.45490754 ], [ -123.87617799, 47.44959155 ], [ -123.87696499, 47.44881355 ], [ -123.883752, 47.44263657 ], [ -123.89504001, 47.43236159 ], [ -123.90010202, 47.4277556 ], [ -123.90362601, 47.42778462 ], [ -123.90860778, 47.42782658 ], [ -123.90847808, 47.42786076 ], [ -123.90810628, 47.42799783 ], [ -123.90762921, 47.42822256 ], [ -123.90748382, 47.42825543 ], [ -123.90660261, 47.42858976 ], [ -123.90618208, 47.42884756 ], [ -123.90597988, 47.42894076 ], [ -123.90577781, 47.42908323 ], [ -123.90560808, 47.42919276 ], [ -123.90522801, 47.42936276 ], [ -123.90517142, 47.42949983 ], [ -123.90516321, 47.42962043 ], [ -123.90513068, 47.42979056 ], [ -123.90499328, 47.42995503 ], [ -123.90496088, 47.42999896 ], [ -123.90473441, 47.43025116 ], [ -123.90456448, 47.43041023 ], [ -123.90441888, 47.43060216 ], [ -123.90429761, 47.43079956 ], [ -123.90420848, 47.43090916 ], [ -123.90403061, 47.43112856 ], [ -123.90393348, 47.43130403 ], [ -123.90356948, 47.43183056 ], [ -123.90335922, 47.43201143 ], [ -123.90329441, 47.43214303 ], [ -123.90322161, 47.43224723 ], [ -123.90310008, 47.43249403 ], [ -123.90241262, 47.43317943 ], [ -123.90217008, 47.43344263 ], [ -123.90203248, 47.43365656 ], [ -123.90197562, 47.43399103 ], [ -123.90198348, 47.43425983 ], [ -123.90198328, 47.43468216 ], [ -123.90207202, 47.43496743 ], [ -123.90218502, 47.43528003 ], [ -123.90232222, 47.43555996 ], [ -123.90261288, 47.43598236 ], [ -123.90294408, 47.43639376 ], [ -123.90325922, 47.43667363 ], [ -123.90343702, 47.43679436 ], [ -123.90371182, 47.43695896 ], [ -123.90424522, 47.43716196 ], [ -123.90443922, 47.43722796 ], [ -123.90476242, 47.43734316 ], [ -123.90516648, 47.43746943 ], [ -123.90547368, 47.43761216 ], [ -123.90637082, 47.43806216 ], [ -123.90700928, 47.43833103 ], [ -123.90754268, 47.43861096 ], [ -123.90776088, 47.43870423 ], [ -123.90824582, 47.43912123 ], [ -123.90844782, 47.43923096 ], [ -123.90905388, 47.43970836 ], [ -123.91014502, 47.44035023 ], [ -123.91071082, 47.44064103 ], [ -123.91092088, 47.44077283 ], [ -123.91111482, 47.44089896 ], [ -123.91141388, 47.44121176 ], [ -123.91168049, 47.44138183 ], [ -123.91186642, 47.44149703 ], [ -123.91214122, 47.44172196 ], [ -123.91247262, 47.44199636 ], [ -123.91307082, 47.44232543 ], [ -123.91341828, 47.44259436 ], [ -123.91357989, 47.44281916 ], [ -123.91393542, 47.44303863 ], [ -123.91416169, 47.44344463 ], [ -123.91433142, 47.44370796 ], [ -123.91456589, 47.44375183 ], [ -123.91451742, 47.44363116 ], [ -123.91438002, 47.44339523 ], [ -123.91433149, 47.44329103 ], [ -123.91433162, 47.44319236 ], [ -123.91457402, 47.44331856 ], [ -123.91480042, 47.44353256 ], [ -123.91515602, 47.44372456 ], [ -123.91547122, 47.44397143 ], [ -123.91576208, 47.44437736 ], [ -123.91611769, 47.44506303 ], [ -123.91619022, 47.44567183 ], [ -123.91626282, 47.44613803 ], [ -123.91631109, 47.44662076 ], [ -123.91635129, 47.44704316 ], [ -123.91641589, 47.44748736 ], [ -123.91649642, 47.44811276 ], [ -123.91643982, 47.44838143 ], [ -123.91630209, 47.44878736 ], [ -123.91606742, 47.44955516 ], [ -123.91578422, 47.44988423 ], [ -123.91575189, 47.44991716 ], [ -123.91552529, 47.45036676 ], [ -123.91522602, 47.45071223 ], [ -123.91474862, 47.45127176 ], [ -123.91436042, 47.45169396 ], [ -123.91421469, 47.45179263 ], [ -123.91399642, 47.45196263 ], [ -123.91376989, 47.45217656 ], [ -123.91349482, 47.45236843 ], [ -123.91338969, 47.45251096 ], [ -123.91328449, 47.45268096 ], [ -123.91303362, 47.45294963 ], [ -123.91245122, 47.45328423 ], [ -123.91217629, 47.45338283 ], [ -123.91203062, 47.45351996 ], [ -123.91186082, 47.45370096 ], [ -123.91164242, 47.45381603 ], [ -123.91136729, 47.45395863 ], [ -123.91103582, 47.45407376 ], [ -123.91064749, 47.45421076 ], [ -123.91026749, 47.45427656 ], [ -123.90971749, 47.45450123 ], [ -123.90922402, 47.45458896 ], [ -123.90877109, 47.45473136 ], [ -123.90812422, 47.45477503 ], [ -123.90737209, 47.45483516 ], [ -123.90688682, 47.45485143 ], [ -123.90657149, 47.45482943 ], [ -123.90636942, 47.45482396 ], [ -123.90583562, 47.45488963 ], [ -123.90552022, 47.45489503 ], [ -123.90501869, 47.45496623 ], [ -123.90462242, 47.45501543 ], [ -123.90411289, 47.45513043 ], [ -123.90380562, 47.45515783 ], [ -123.90345789, 47.45525643 ], [ -123.90311009, 47.45532216 ], [ -123.90251142, 47.45551396 ], [ -123.90180789, 47.45565636 ], [ -123.90143589, 47.45567816 ], [ -123.90124982, 47.45576583 ], [ -123.90112849, 47.45583163 ], [ -123.90083742, 47.45586996 ], [ -123.90074842, 47.45586996 ], [ -123.90061102, 47.45590276 ], [ -123.90047342, 47.45596303 ], [ -123.90036822, 47.45599596 ], [ -123.89989922, 47.45605063 ], [ -123.89962422, 47.45605063 ], [ -123.89933302, 47.45604503 ], [ -123.89888829, 47.45603943 ], [ -123.89848389, 47.45604476 ], [ -123.89824942, 47.45605563 ], [ -123.89797449, 47.45606103 ], [ -123.89765909, 47.45604443 ], [ -123.89719002, 47.45598396 ], [ -123.89690702, 47.45596743 ], [ -123.89655929, 47.45596183 ], [ -123.89620349, 47.45596723 ], [ -123.89490149, 47.45599963 ], [ -123.89400369, 47.45607056 ], [ -123.89320302, 47.45613063 ], [ -123.89291989, 47.45616343 ], [ -123.89235382, 47.45626196 ], [ -123.89174709, 47.45645363 ], [ -123.891023167079624, 47.45681895212288 ], [ -123.893815529924353, 47.456797478886287 ], [ -123.89495762, 47.45666883 ], [ -123.89564489, 47.45659776 ], [ -123.89616262, 47.45658143 ], [ -123.89662349, 47.45659816 ], [ -123.89732709, 47.45662576 ], [ -123.89877469, 47.45657136 ], [ -123.89972089, 47.45659363 ], [ -123.90079649, 47.45641296 ], [ -123.90146782, 47.45628703 ], [ -123.90212302, 47.45612816 ], [ -123.90275382, 47.45590896 ], [ -123.90304489, 47.45582676 ], [ -123.90338469, 47.45575556 ], [ -123.90379709, 47.45568436 ], [ -123.90396709, 47.45566796 ], [ -123.90439562, 47.45564063 ], [ -123.90467062, 47.45562976 ], [ -123.90505069, 47.45559156 ], [ -123.90530149, 47.45549276 ], [ -123.90538229, 47.45544896 ], [ -123.90637702, 47.45550956 ], [ -123.90665202, 47.45549863 ], [ -123.90670849, 47.45552063 ], [ -123.90682169, 47.45566323 ], [ -123.90695922, 47.45574003 ], [ -123.90720182, 47.45572916 ], [ -123.90745249, 47.45567436 ], [ -123.90763849, 47.45565243 ], [ -123.90797009, 47.45555383 ], [ -123.90838262, 47.45549363 ], [ -123.90919149, 47.45522496 ], [ -123.90967662, 47.45512643 ], [ -123.91046922, 47.45492923 ], [ -123.91094642, 47.45480316 ], [ -123.91158542, 47.45459496 ], [ -123.91258022, 47.45432083 ], [ -123.91304929, 47.45405223 ], [ -123.91351849, 47.45378356 ], [ -123.91389862, 47.45342703 ], [ -123.91439222, 47.45289516 ], [ -123.91529009, 47.45201223 ], [ -123.91577549, 47.45143096 ], [ -123.91624482, 47.45089896 ], [ -123.91668169, 47.45001043 ], [ -123.91698922, 47.44938523 ], [ -123.91711062, 47.44902336 ], [ -123.91728049, 47.44846936 ], [ -123.91734542, 47.44805796 ], [ -123.91738589, 47.44775636 ], [ -123.91743489, 47.44662096 ], [ -123.91724922, 47.44599563 ], [ -123.91703102, 47.44542523 ], [ -123.91673202, 47.44483823 ], [ -123.91659482, 47.44452003 ], [ -123.91624722, 47.44411963 ], [ -123.91585142, 47.44365883 ], [ -123.91543922, 47.44328036 ], [ -123.91513209, 47.44303896 ], [ -123.91481682, 47.44282496 ], [ -123.91447729, 47.44250136 ], [ -123.91390349, 47.44215016 ], [ -123.91330549, 47.44169483 ], [ -123.91286902, 47.44134363 ], [ -123.91265889, 47.44119003 ], [ -123.91240029, 47.44093223 ], [ -123.91219022, 47.44068523 ], [ -123.91188309, 47.44044396 ], [ -123.91095368, 47.43986236 ], [ -123.91045248, 47.43954956 ], [ -123.90991922, 47.43915456 ], [ -123.90917562, 47.43874843 ], [ -123.90823002, 47.43820523 ], [ -123.90714708, 47.43765643 ], [ -123.90627428, 47.43721196 ], [ -123.90464161, 47.43655876 ], [ -123.90385768, 47.43614163 ], [ -123.90349408, 47.43595516 ], [ -123.90345382, 47.43580143 ], [ -123.90317102, 47.43564783 ], [ -123.90300148, 47.43515423 ], [ -123.90285601, 47.43503896 ], [ -123.90279148, 47.43483056 ], [ -123.90279182, 47.43448496 ], [ -123.90282422, 47.43440276 ], [ -123.90289708, 47.43405716 ], [ -123.90309948, 47.43375556 ], [ -123.90335028, 47.43327843 ], [ -123.90360902, 47.43310843 ], [ -123.90380308, 47.43298243 ], [ -123.90404581, 47.43272463 ], [ -123.90410248, 47.43261496 ], [ -123.90413488, 47.43249983 ], [ -123.90418348, 47.43237363 ], [ -123.90424822, 47.43222556 ], [ -123.90433722, 47.43211596 ], [ -123.90440988, 47.43206103 ], [ -123.90449088, 47.43188556 ], [ -123.90462848, 47.43162783 ], [ -123.90471748, 47.43149623 ], [ -123.90484701, 47.43131523 ], [ -123.90501668, 47.43112336 ], [ -123.90514622, 47.43100276 ], [ -123.90524322, 47.43088203 ], [ -123.90535648, 47.43070103 ], [ -123.90553448, 47.43050916 ], [ -123.90567201, 47.43038303 ], [ -123.90577708, 47.43021303 ], [ -123.90592268, 47.43004303 ], [ -123.90614921, 47.42981276 ], [ -123.90622202, 47.42969216 ], [ -123.90646462, 47.42947283 ], [ -123.90664262, 47.42933036 ], [ -123.90703061, 47.42909456 ], [ -123.90738628, 47.42893563 ], [ -123.90763701, 47.42883143 ], [ -123.90779062, 47.42876563 ], [ -123.90792808, 47.42871636 ], [ -123.90821901, 47.42863963 ], [ -123.90840508, 47.42856283 ], [ -123.90863141, 47.42842583 ], [ -123.90870421, 47.42833803 ], [ -123.90897908, 47.42829963 ], [ -123.90924568, 47.42822296 ], [ -123.90935902, 47.42817916 ], [ -123.90949641, 47.42816263 ], [ -123.90979541, 47.42815183 ], [ -123.91011068, 47.42823963 ], [ -123.91030448, 47.42833836 ], [ -123.91037728, 47.42844263 ], [ -123.91048228, 47.42851943 ], [ -123.91053882, 47.42862363 ], [ -123.91059541, 47.42873343 ], [ -123.91061948, 47.42878823 ], [ -123.91065188, 47.42885956 ], [ -123.91063561, 47.42908983 ], [ -123.91065982, 47.42923256 ], [ -123.91071628, 47.42940256 ], [ -123.91082121, 47.42961656 ], [ -123.91086962, 47.42980303 ], [ -123.91091808, 47.42994563 ], [ -123.91093422, 47.43004983 ], [ -123.91093421, 47.43009376 ], [ -123.91086128, 47.43027463 ], [ -123.91078041, 47.43047203 ], [ -123.91070761, 47.43054336 ], [ -123.91066722, 47.43057623 ], [ -123.91057008, 47.43075176 ], [ -123.91056182, 47.43100956 ], [ -123.91042422, 47.43156343 ], [ -123.91033508, 47.43202423 ], [ -123.91022168, 47.43254523 ], [ -123.91012448, 47.43296203 ], [ -123.91010808, 47.43327476 ], [ -123.91013208, 47.43377936 ], [ -123.91013188, 47.43410843 ], [ -123.91016402, 47.43464043 ], [ -123.91014762, 47.43495863 ], [ -123.91049488, 47.43561136 ], [ -123.91072922, 47.43605023 ], [ -123.91096342, 47.43646163 ], [ -123.91123002, 47.43679083 ], [ -123.91163408, 47.43702123 ], [ -123.91202202, 47.43733396 ], [ -123.91265229, 47.43765776 ], [ -123.91329088, 47.43797043 ], [ -123.91424468, 47.43826683 ], [ -123.91462449, 47.43833276 ], [ -123.91500442, 47.43841516 ], [ -123.91536008, 47.43843163 ], [ -123.91593408, 47.43844263 ], [ -123.91645162, 47.43844276 ], [ -123.91675868, 47.43844283 ], [ -123.91721948, 47.43837716 ], [ -123.91800382, 47.43828956 ], [ -123.91929729, 47.43808676 ], [ -123.92109202, 47.43784563 ], [ -123.92146402, 47.43779096 ], [ -123.92189242, 47.43773056 ], [ -123.92208648, 47.43770323 ], [ -123.92240989, 47.43765396 ], [ -123.92288682, 47.43759356 ], [ -123.92331542, 47.43750583 ], [ -123.92376002, 47.43735783 ], [ -123.92430168, 47.43716596 ], [ -123.92443909, 47.43705623 ], [ -123.92470589, 47.43682596 ], [ -123.92505362, 47.43645843 ], [ -123.92557109, 47.43578936 ], [ -123.92570862, 47.43559196 ], [ -123.92588649, 47.43518603 ], [ -123.92600782, 47.43479116 ], [ -123.92611302, 47.43462656 ], [ -123.92631509, 47.43441263 ], [ -123.92632322, 47.43433043 ], [ -123.92644449, 47.43411643 ], [ -123.92649309, 47.43407263 ], [ -123.92642842, 47.43404523 ], [ -123.92634749, 47.43402876 ], [ -123.92642022, 47.43397383 ], [ -123.92730149, 47.43357376 ], [ -123.92763289, 47.43346956 ], [ -123.92789968, 47.43337083 ], [ -123.92842509, 47.43323363 ], [ -123.92863529, 47.43322823 ], [ -123.92886162, 47.43324476 ], [ -123.92900709, 47.43329416 ], [ -123.92917689, 47.43330503 ], [ -123.92940329, 47.43331062 ], [ -123.92985589, 47.43320096 ], [ -123.93009029, 47.43313502 ], [ -123.93041368, 47.43309676 ], [ -123.93086629, 47.43303096 ], [ -123.93125442, 47.43300896 ], [ -123.93180389, 47.43294876 ], [ -123.93239402, 47.43291576 ], [ -123.93321042, 47.43290482 ], [ -123.93405909, 47.43300363 ], [ -123.93440669, 47.43306396 ], [ -123.93473009, 47.43315176 ], [ -123.93498869, 47.43322842 ], [ -123.93532822, 47.43331083 ], [ -123.93574049, 47.43348082 ], [ -123.93621749, 47.43380982 ], [ -123.93654082, 47.43395796 ], [ -123.93677522, 47.43417742 ], [ -123.93696122, 47.43433103 ], [ -123.93728449, 47.43444616 ], [ -123.93747849, 47.43451742 ], [ -123.93783409, 47.43464356 ], [ -123.93845662, 47.43485202 ], [ -123.93897389, 47.43498363 ], [ -123.93981462, 47.43514263 ], [ -123.94095449, 47.43518102 ], [ -123.94119702, 47.43518102 ], [ -123.9414458, 47.43519744 ], [ -123.94144588, 47.43519978 ], [ -123.94132388, 47.43528778 ], [ -123.94116288, 47.43544078 ], [ -123.94074188, 47.43567177 ], [ -123.94055588, 47.43575377 ], [ -123.93990188, 47.43592977 ], [ -123.93973988, 47.43600077 ], [ -123.93956988, 47.43616577 ], [ -123.93943288, 47.43624777 ], [ -123.93923088, 47.43629677 ], [ -123.93880988, 47.43634577 ], [ -123.93870488, 47.43642277 ], [ -123.93872888, 47.43657677 ], [ -123.93870488, 47.43664277 ], [ -123.93867288, 47.43677977 ], [ -123.93869688, 47.43730077 ], [ -123.93877787, 47.43747577 ], [ -123.93897987, 47.43779977 ], [ -123.93912587, 47.43805777 ], [ -123.93915787, 47.43819477 ], [ -123.93921487, 47.43835377 ], [ -123.93927887, 47.43863377 ], [ -123.93931987, 47.43934678 ], [ -123.93933586, 47.43952778 ], [ -123.93940886, 47.43976878 ], [ -123.93941686, 47.43985678 ], [ -123.93947286, 47.44007078 ], [ -123.93965886, 47.44041078 ], [ -123.93988586, 47.44066278 ], [ -123.94001486, 47.44073378 ], [ -123.94011986, 47.44073378 ], [ -123.94020086, 47.44069578 ], [ -123.94032986, 47.44055278 ], [ -123.94062086, 47.44044378 ], [ -123.94076686, 47.44044878 ], [ -123.94103386, 47.44048179 ], [ -123.94138085, 47.44060779 ], [ -123.94157485, 47.44071179 ], [ -123.94176985, 47.44085479 ], [ -123.94187485, 47.44099779 ], [ -123.94208485, 47.44141979 ], [ -123.94223785, 47.44156179 ], [ -123.94257785, 47.44181979 ], [ -123.94267485, 47.44184779 ], [ -123.94355584, 47.4418478 ], [ -123.94378284, 47.4418198 ], [ -123.94399284, 47.4418258 ], [ -123.94454284, 47.4418578 ], [ -123.94472084, 47.4419078 ], [ -123.94493084, 47.4420498 ], [ -123.94514084, 47.4423408 ], [ -123.94517284, 47.44241781 ], [ -123.94539183, 47.44268681 ], [ -123.94557783, 47.44285681 ], [ -123.94580383, 47.44311381 ], [ -123.94592483, 47.44330581 ], [ -123.94599783, 47.44341081 ], [ -123.94606283, 47.44355281 ], [ -123.94608683, 47.44366281 ], [ -123.94612783, 47.44377781 ], [ -123.94617583, 47.44384881 ], [ -123.94619983, 47.44412881 ], [ -123.94612783, 47.44430981 ], [ -123.94610382, 47.44460581 ], [ -123.94601482, 47.44473181 ], [ -123.94567482, 47.44498981 ], [ -123.94535182, 47.44511581 ], [ -123.94512482, 47.44517081 ], [ -123.94531082, 47.44539581 ], [ -123.94537582, 47.44546781 ], [ -123.94539982, 47.44553281 ], [ -123.94545682, 47.44558281 ], [ -123.94551282, 47.44567581 ], [ -123.94561882, 47.44579081 ], [ -123.94581282, 47.44591681 ], [ -123.94586882, 47.44598781 ], [ -123.94593382, 47.44613682 ], [ -123.94605482, 47.44626282 ], [ -123.94612782, 47.44648782 ], [ -123.94619281, 47.44660282 ], [ -123.94632981, 47.44672882 ], [ -123.94661281, 47.44692582 ], [ -123.94708981, 47.44701982 ], [ -123.94729281, 47.44715082 ], [ -123.94736481, 47.44726082 ], [ -123.94744581, 47.44730482 ], [ -123.94760781, 47.44735982 ], [ -123.94801981, 47.44764983 ], [ -123.9480768, 47.44776483 ], [ -123.9481008, 47.44783683 ], [ -123.9481578, 47.44791883 ], [ -123.9481898, 47.44805583 ], [ -123.9481738, 47.44811583 ], [ -123.9481738, 47.44823683 ], [ -123.9485138, 47.44841283 ], [ -123.9485948, 47.44843983 ], [ -123.9487968, 47.44845583 ], [ -123.9489018, 47.44850583 ], [ -123.9488528, 47.44858783 ], [ -123.9489018, 47.44865383 ], [ -123.9489178, 47.44872483 ], [ -123.9489908, 47.44882383 ], [ -123.9493308, 47.44921284 ], [ -123.94941079, 47.44926784 ], [ -123.94985579, 47.44928384 ], [ -123.95002579, 47.44933384 ], [ -123.95014679, 47.44941584 ], [ -123.95019579, 47.44950384 ], [ -123.95029279, 47.44958584 ], [ -123.95033279, 47.44972884 ], [ -123.95045479, 47.44989884 ], [ -123.95059979, 47.45005184 ], [ -123.95068879, 47.45023884 ], [ -123.95073779, 47.45029384 ], [ -123.95098879, 47.45048584 ], [ -123.95123878, 47.45061184 ], [ -123.95129578, 47.45084785 ], [ -123.95137678, 47.45098985 ], [ -123.95152178, 47.45110485 ], [ -123.95177278, 47.45122585 ], [ -123.95189478, 47.45133585 ], [ -123.95192678, 47.45140685 ], [ -123.95198378, 47.45161485 ], [ -123.95208878, 47.45171985 ], [ -123.95208877, 47.45201585 ], [ -123.95203977, 47.45212485 ], [ -123.95206477, 47.45226285 ], [ -123.95190277, 47.45237785 ], [ -123.95190277, 47.45254185 ], [ -123.95197577, 47.45265785 ], [ -123.95213677, 47.45278885 ], [ -123.95232277, 47.45292585 ], [ -123.95243677, 47.45304085 ], [ -123.95254177, 47.45321686 ], [ -123.95258977, 47.45327186 ], [ -123.95264677, 47.45346386 ], [ -123.95285677, 47.45370486 ], [ -123.95304276, 47.45389686 ], [ -123.95299476, 47.45395186 ], [ -123.95298676, 47.45402286 ], [ -123.95291376, 47.45417086 ], [ -123.95296276, 47.45422586 ], [ -123.95299476, 47.45431386 ], [ -123.95297076, 47.45439586 ], [ -123.95296276, 47.45452186 ], [ -123.95301076, 47.45460986 ], [ -123.95309976, 47.45470886 ], [ -123.95310776, 47.45487886 ], [ -123.95314076, 47.45494986 ], [ -123.95315676, 47.45517486 ], [ -123.95317276, 47.45525686 ], [ -123.95331076, 47.45541086 ], [ -123.95330276, 47.45568486 ], [ -123.95349675, 47.45600286 ], [ -123.95353675, 47.45605187 ], [ -123.95357775, 47.45637587 ], [ -123.95379575, 47.45656787 ], [ -123.95387675, 47.45664487 ], [ -123.95387675, 47.45670987 ], [ -123.95362675, 47.45688087 ], [ -123.95345675, 47.45697887 ], [ -123.95311675, 47.45712687 ], [ -123.95306875, 47.45729787 ], [ -123.95310875, 47.45741787 ], [ -123.95314975, 47.45750587 ], [ -123.95322975, 47.45760487 ], [ -123.95350575, 47.45780187 ], [ -123.95362675, 47.45792287 ], [ -123.95367574, 47.45837287 ], [ -123.95373974, 47.45856987 ], [ -123.95371574, 47.45883287 ], [ -123.95378874, 47.45893187 ], [ -123.95388574, 47.45901987 ], [ -123.95395874, 47.45911287 ], [ -123.95403174, 47.45935987 ], [ -123.95410474, 47.45945287 ], [ -123.95412074, 47.45964988 ], [ -123.95421773, 47.45972688 ], [ -123.95445173, 47.45986388 ], [ -123.95460573, 47.46001188 ], [ -123.95467073, 47.46012688 ], [ -123.95479973, 47.46025388 ], [ -123.95487273, 47.46039088 ], [ -123.95497773, 47.46051688 ], [ -123.95509173, 47.46063788 ], [ -123.95520473, 47.46083488 ], [ -123.95529373, 47.46093388 ], [ -123.95534273, 47.46103188 ], [ -123.95540673, 47.46111988 ], [ -123.95570672, 47.46135588 ], [ -123.95577072, 47.46145489 ], [ -123.95581172, 47.46154189 ], [ -123.95581172, 47.46172889 ], [ -123.95590072, 47.46192589 ], [ -123.95587672, 47.46207989 ], [ -123.95582772, 47.46217889 ], [ -123.95581972, 47.46241389 ], [ -123.95577972, 47.46265589 ], [ -123.95569072, 47.46280389 ], [ -123.95545572, 47.46306689 ], [ -123.95540772, 47.46328089 ], [ -123.95535072, 47.46334689 ], [ -123.95529472, 47.46344589 ], [ -123.95529471, 47.46394989 ], [ -123.95543271, 47.46402689 ], [ -123.95569171, 47.46423489 ], [ -123.95598271, 47.46432289 ], [ -123.95634671, 47.46449889 ], [ -123.95683971, 47.4646469 ], [ -123.9570667, 47.4647509 ], [ -123.9571717, 47.4648439 ], [ -123.9574387, 47.4650299 ], [ -123.9576087, 47.4651729 ], [ -123.9577137, 47.4652989 ], [ -123.9577457, 47.4653759 ], [ -123.9577627, 47.4654969 ], [ -123.9576087, 47.4655949 ], [ -123.9576327, 47.4657649 ], [ -123.9576657, 47.4658529 ], [ -123.9576817, 47.4660779 ], [ -123.9576417, 47.4661709 ], [ -123.9576087, 47.4662859 ], [ -123.9575527, 47.4664129 ], [ -123.95734969, 47.4666429 ], [ -123.95735069, 47.4668729 ], [ -123.95730969, 47.4670929 ], [ -123.95727769, 47.4671909 ], [ -123.95713169, 47.4673779 ], [ -123.95705169, 47.4675969 ], [ -123.95699469, 47.4676519 ], [ -123.95699469, 47.4678829 ], [ -123.95688969, 47.4679649 ], [ -123.95676869, 47.4680749 ], [ -123.95676869, 47.4681399 ], [ -123.95680869, 47.4682279 ], [ -123.95680069, 47.4685239 ], [ -123.95680069, 47.4687439 ], [ -123.95694669, 47.46893591 ], [ -123.95714068, 47.46913291 ], [ -123.95716568, 47.46938491 ], [ -123.95725468, 47.46950091 ], [ -123.95727868, 47.46957191 ], [ -123.95751368, 47.46990591 ], [ -123.95759468, 47.47009291 ], [ -123.95761868, 47.47022991 ], [ -123.95782068, 47.47047691 ], [ -123.95787768, 47.47061391 ], [ -123.95786168, 47.47079491 ], [ -123.95780468, 47.47089891 ], [ -123.95787767, 47.47092591 ], [ -123.95790167, 47.47104191 ], [ -123.95785367, 47.47116191 ], [ -123.95785367, 47.47132091 ], [ -123.95790267, 47.47144791 ], [ -123.95807167, 47.47154091 ], [ -123.95833067, 47.47153492 ], [ -123.95845267, 47.47162292 ], [ -123.95846067, 47.47189692 ], [ -123.95851767, 47.47202892 ], [ -123.95847667, 47.47229192 ], [ -123.95869567, 47.47228692 ], [ -123.95886567, 47.47234092 ], [ -123.95918066, 47.47237392 ], [ -123.95930166, 47.47243492 ], [ -123.95934266, 47.47249992 ], [ -123.95944766, 47.47254992 ], [ -123.95977966, 47.47253892 ], [ -123.95985266, 47.47259392 ], [ -123.95989266, 47.47268092 ], [ -123.96018366, 47.47266993 ], [ -123.96031366, 47.47265393 ], [ -123.96053966, 47.47255993 ], [ -123.96091166, 47.47242293 ], [ -123.96138866, 47.47230193 ], [ -123.96167266, 47.47226393 ], [ -123.96200366, 47.47226393 ], [ -123.96241666, 47.47228593 ], [ -123.96262666, 47.47232993 ], [ -123.96337965, 47.47259294 ], [ -123.96465765, 47.47273994 ], [ -123.96485165, 47.47280594 ], [ -123.96532864, 47.47311295 ], [ -123.96557964, 47.47329995 ], [ -123.96574964, 47.47338195 ], [ -123.96603264, 47.47345295 ], [ -123.96629964, 47.47347495 ], [ -123.96645364, 47.47350795 ], [ -123.96659164, 47.47362895 ], [ -123.96666464, 47.47374395 ], [ -123.96679364, 47.47381995 ], [ -123.96692564, 47.47385795 ], [ -123.96693364, 47.47367695 ], [ -123.96694364, 47.47348295 ], [ -123.96683864, 47.47317095 ], [ -123.96728064, 47.47393596 ], [ -123.96742663, 47.47418796 ], [ -123.96742063, 47.47432796 ], [ -123.96732063, 47.47515096 ], [ -123.96726162, 47.47780496 ], [ -123.96724162, 47.47810096 ], [ -123.96711362, 47.47833496 ], [ -123.96717161, 47.47917897 ], [ -123.96725261, 47.47940597 ], [ -123.96741461, 47.47967197 ], [ -123.96756561, 47.48024997 ], [ -123.96746161, 47.48024697 ], [ -123.96115162, 47.48024094 ], [ -123.96077962, 47.48024094 ], [ -123.95929463, 47.48024694 ], [ -123.95868563, 47.48024893 ], [ -123.95652764, 47.48025693 ], [ -123.95599864, 47.48025492 ], [ -123.95492564, 47.48025192 ], [ -123.95300665, 47.47845891 ], [ -123.95296966, 47.47799291 ], [ -123.95277566, 47.47788191 ], [ -123.95260566, 47.47783491 ], [ -123.95166167, 47.4768169 ], [ -123.94983267, 47.47596789 ], [ -123.94942468, 47.47569289 ], [ -123.94928568, 47.47503389 ], [ -123.94919968, 47.47441588 ], [ -123.94780969, 47.47357388 ], [ -123.9460867, 47.47301087 ], [ -123.93935371, 47.47382484 ], [ -123.93327473, 47.47456082 ], [ -123.93060474, 47.47392381 ], [ -123.93009874, 47.47380281 ], [ -123.92662575, 47.47297479 ], [ -123.92456076, 47.47250278 ], [ -123.92360576, 47.47228078 ], [ -123.92274577, 47.47208077 ], [ -123.92104277, 47.47168177 ], [ -123.91829178, 47.47103875 ], [ -123.91258623, 47.46970683 ], [ -123.91300229, 47.46898756 ], [ -123.91303469, 47.46885036 ], [ -123.91314809, 47.46859256 ], [ -123.91317262, 47.46817576 ], [ -123.91333449, 47.46770956 ], [ -123.91333469, 47.46736403 ], [ -123.91322169, 47.46698003 ], [ -123.91320542, 47.46692523 ], [ -123.91314889, 47.46682643 ], [ -123.91308422, 47.46666743 ], [ -123.91306003, 47.46658503 ], [ -123.91299529, 47.46647536 ], [ -123.91293882, 47.46631623 ], [ -123.91280949, 47.46608043 ], [ -123.91277723, 47.46598163 ], [ -123.91271249, 47.46577876 ], [ -123.91265602, 47.46572396 ], [ -123.91263182, 47.46559776 ], [ -123.91254289, 47.46548256 ], [ -123.91251862, 47.46536736 ], [ -123.91247022, 47.46526856 ], [ -123.91240549, 47.46500536 ], [ -123.91236509, 47.46491756 ], [ -123.91224389, 47.46463783 ], [ -123.91223589, 47.46453903 ], [ -123.91218749, 47.46442936 ], [ -123.91196102, 47.46420996 ], [ -123.91170229, 47.46381496 ], [ -123.91162162, 47.46371623 ], [ -123.91158122, 47.46364496 ], [ -123.91150842, 47.46358456 ], [ -123.91144382, 47.46346383 ], [ -123.91133862, 47.46334316 ], [ -123.91106382, 47.46312923 ], [ -123.91082929, 47.46295916 ], [ -123.91064329, 47.46290423 ], [ -123.91049782, 47.46281643 ], [ -123.91040069, 47.46271223 ], [ -123.91015002, 47.46254763 ], [ -123.90996409, 47.46241596 ], [ -123.90984282, 47.46228423 ], [ -123.90928502, 47.46186183 ], [ -123.90917989, 47.46181243 ], [ -123.90895362, 47.46161496 ], [ -123.90856549, 47.46130216 ], [ -123.90847649, 47.46120343 ], [ -123.90819369, 47.46103323 ], [ -123.90811269, 47.46095656 ], [ -123.90799149, 47.46085776 ], [ -123.90776509, 47.46074256 ], [ -123.90754689, 47.46061083 ], [ -123.90700509, 47.46036936 ], [ -123.90673822, 47.46029796 ], [ -123.90619642, 47.46027036 ], [ -123.90584049, 47.46031423 ], [ -123.90566262, 47.46039643 ], [ -123.90561402, 47.46045123 ], [ -123.90561401, 47.46045127 ], [ -123.90561186, 47.46045368 ], [ -123.9055602, 47.46058063 ], [ -123.90555213, 47.4605839 ], [ -123.90535003, 47.46061771 ], [ -123.90518522, 47.46064303 ], [ -123.90495069, 47.46058276 ], [ -123.90474842, 47.46061556 ], [ -123.90457049, 47.46069776 ], [ -123.90441682, 47.46075816 ], [ -123.90414169, 47.46079636 ], [ -123.90376989, 47.46070843 ], [ -123.90368109, 47.46066463 ], [ -123.90359209, 47.46056036 ], [ -123.90330922, 47.46037376 ], [ -123.90306662, 47.46031343 ], [ -123.90250049, 47.46029136 ], [ -123.90241149, 47.46031863 ], [ -123.90225769, 47.46041743 ], [ -123.90212819, 47.46055275 ], [ -123.90197259, 47.46071492 ], [ -123.90189362, 47.46077936 ], [ -123.90152149, 47.46091636 ], [ -123.90135969, 47.46099843 ], [ -123.90135829, 47.46100045 ], [ -123.90135787, 47.46100067 ], [ -123.90130087, 47.46108267 ], [ -123.90125187, 47.46122567 ], [ -123.90123589, 47.46137952 ], [ -123.90122955, 47.46138688 ], [ -123.90117965, 47.46144379 ], [ -123.90101949, 47.46153596 ], [ -123.90082542, 47.46160716 ], [ -123.90082289, 47.46160966 ], [ -123.90063109, 47.46179916 ], [ -123.90032382, 47.46191416 ], [ -123.89963602, 47.46222116 ], [ -123.89931242, 47.46242943 ], [ -123.89923149, 47.46245683 ], [ -123.89910209, 47.46253903 ], [ -123.89876222, 47.46271443 ], [ -123.89847109, 47.46277476 ], [ -123.89806649, 47.46298856 ], [ -123.89783989, 47.46314203 ], [ -123.89760529, 47.46327903 ], [ -123.89750002, 47.46337223 ], [ -123.89725729, 47.46355323 ], [ -123.89703069, 47.46365176 ], [ -123.89689309, 47.46372303 ], [ -123.89677182, 47.46377243 ], [ -123.89613269, 47.46388183 ], [ -123.89576869, 47.46390376 ], [ -123.89537242, 47.46394196 ], [ -123.89501642, 47.46400763 ], [ -123.89472522, 47.46413916 ], [ -123.89453102, 47.46425436 ], [ -123.89432062, 47.46443523 ], [ -123.8942964, 47.464466 ], [ -123.89425388, 47.46451965 ], [ -123.89424588, 47.46460165 ], [ -123.89420488, 47.46464565 ], [ -123.89418088, 47.46473865 ], [ -123.89413987, 47.46496365 ], [ -123.89410874, 47.46503369 ], [ -123.89376989, 47.46526316 ], [ -123.89360802, 47.46537283 ], [ -123.89331682, 47.46545503 ], [ -123.89303362, 47.46547136 ], [ -123.89295289, 47.46544943 ], [ -123.89264549, 47.46547677 ], [ -123.89235409, 47.46555896 ], [ -123.89219229, 47.46565756 ], [ -123.89210342, 47.46572336 ], [ -123.892102, 47.46572481 ], [ -123.89210088, 47.46572564 ], [ -123.89204632, 47.46578133 ], [ -123.89195762, 47.46587137 ], [ -123.89194272, 47.46588888 ], [ -123.89173058, 47.46613466 ], [ -123.89154489, 47.46619483 ], [ -123.89122929, 47.46625503 ], [ -123.89088149, 47.46627136 ], [ -123.89059042, 47.46619436 ], [ -123.89023469, 47.46600783 ], [ -123.89016189, 47.46593657 ], [ -123.89008102, 47.46582123 ], [ -123.89008122, 47.46572256 ], [ -123.89012074, 47.46565819 ], [ -123.89028988, 47.46557163 ], [ -123.89048388, 47.46554963 ], [ -123.89063688, 47.46549463 ], [ -123.89063801, 47.46549293 ], [ -123.89063942, 47.46549243 ], [ -123.89077722, 47.46528403 ], [ -123.89077729, 47.46511396 ], [ -123.89058342, 47.46493296 ], [ -123.89053489, 47.46485603 ], [ -123.89049462, 47.46470256 ], [ -123.89041382, 47.46453243 ], [ -123.89036542, 47.46438983 ], [ -123.89025222, 47.46427456 ], [ -123.88991282, 47.46403303 ], [ -123.88978349, 47.46397823 ], [ -123.88962982, 47.46396163 ], [ -123.88941142, 47.46390123 ], [ -123.88927402, 47.46381343 ], [ -123.88916082, 47.46376957 ], [ -123.88865142, 47.46373636 ], [ -123.88845742, 47.46365403 ], [ -123.88815829, 47.46345103 ], [ -123.88806942, 47.46341803 ], [ -123.88778642, 47.46334663 ], [ -123.88743049, 47.46334657 ], [ -123.88711502, 47.46329697 ], [ -123.88688869, 47.46322003 ], [ -123.88658189, 47.46261656 ], [ -123.88663869, 47.46252883 ], [ -123.88675202, 47.46240276 ], [ -123.88681682, 47.46218883 ], [ -123.88667949, 47.46207903 ], [ -123.88655022, 47.46194743 ], [ -123.88653418, 47.46189317 ], [ -123.88695291, 47.46162661 ], [ -123.88715491, 47.46145061 ], [ -123.88735691, 47.46132461 ], [ -123.88735727, 47.46132381 ], [ -123.88735949, 47.46132243 ], [ -123.88747302, 47.46107023 ], [ -123.88789388, 47.46058236 ], [ -123.887956586488826, 47.460477381510074 ], [ -123.887922488168883, 47.458431936957389 ], [ -123.88774792, 47.45863761 ], [ -123.88727792, 47.45922961 ], [ -123.88675992, 47.45973361 ], [ -123.88630692, 47.46026561 ], [ -123.88556191, 47.46109861 ], [ -123.88539991, 47.46138461 ], [ -123.88501991, 47.46198161 ], [ -123.88483291, 47.46242561 ], [ -123.88479991, 47.46271661 ], [ -123.88470291, 47.46293061 ], [ -123.88463805, 47.46314915 ], [ -123.88439749, 47.46329037 ], [ -123.88417089, 47.46339436 ], [ -123.88375002, 47.46365743 ], [ -123.88356402, 47.46369583 ], [ -123.88335362, 47.46377797 ], [ -123.88323222, 47.46386017 ], [ -123.88314322, 47.46387657 ], [ -123.88289242, 47.46395323 ], [ -123.88260922, 47.46407923 ], [ -123.88247169, 47.46411756 ], [ -123.88230182, 47.46413403 ], [ -123.88218049, 47.46411743 ], [ -123.88209962, 47.46412297 ], [ -123.88184882, 47.46413937 ], [ -123.88165468, 47.46413916 ], [ -123.88141222, 47.46399097 ], [ -123.88128289, 47.46395257 ], [ -123.88069268, 47.46372183 ], [ -123.88055528, 47.46357923 ], [ -123.88053122, 47.46350783 ], [ -123.88053142, 47.46332143 ], [ -123.88058795, 47.46320106 ], [ -123.88071592, 47.46310459 ], [ -123.88071661, 47.4631028 ], [ -123.88071762, 47.46310203 ] ] ], [ [ [ -123.91314662, 47.45359703 ], [ -123.91308989, 47.45364083 ], [ -123.91297669, 47.45372856 ], [ -123.91270969, 47.45390956 ], [ -123.91252382, 47.45395883 ], [ -123.91242682, 47.45388203 ], [ -123.91250762, 47.45384376 ], [ -123.91261269, 47.45381076 ], [ -123.91279069, 47.45366823 ], [ -123.91285549, 47.45362436 ], [ -123.91296069, 47.45356956 ], [ -123.91308189, 47.45355303 ], [ -123.91314662, 47.45359703 ] ] ], [ [ [ -124.014642, 47.472299 ], [ -124.014729, 47.476797 ], [ -124.008094, 47.476855 ], [ -124.008008, 47.472357 ], [ -124.014642, 47.472299 ] ] ], [ [ [ -123.79028344, 46.945160421 ], [ -123.790283441, 46.945160421 ], [ -123.790283441, 46.94516042 ], [ -123.790283441, 46.945160419 ], [ -123.790283441, 46.945160418 ], [ -123.790283441, 46.945160417 ], [ -123.790277469, 46.944341455 ], [ -123.790277469, 46.944341454 ], [ -123.790277469, 46.944341453 ], [ -123.790277469, 46.944341452 ], [ -123.790277468, 46.944341451 ], [ -123.790277468, 46.94434145 ], [ -123.790277467, 46.944341449 ], [ -123.790277467, 46.944341448 ], [ -123.790277466, 46.944341448 ], [ -123.790277465, 46.944341447 ], [ -123.790277465, 46.944341446 ], [ -123.790277464, 46.944341446 ], [ -123.790277463, 46.944341445 ], [ -123.790277462, 46.944341445 ], [ -123.790277461, 46.944341445 ], [ -123.79027746, 46.944341445 ], [ -123.790277459, 46.944341445 ], [ -123.789099368, 46.944342714 ], [ -123.789085937, 46.943542052 ], [ -123.789085937, 46.943542051 ], [ -123.789085937, 46.94354205 ], [ -123.789085937, 46.943542049 ], [ -123.789085937, 46.943542048 ], [ -123.789085936, 46.943542048 ], [ -123.789085936, 46.943542047 ], [ -123.789085935, 46.943542046 ], [ -123.789085934, 46.943542045 ], [ -123.789085933, 46.943542044 ], [ -123.789085932, 46.943542044 ], [ -123.789085931, 46.943542043 ], [ -123.78908593, 46.943542043 ], [ -123.789085929, 46.943542043 ], [ -123.789085928, 46.943542042 ], [ -123.789085927, 46.943542042 ], [ -123.780287169, 46.943574923 ], [ -123.780287166, 46.943574923 ], [ -123.778782208, 46.943571537 ], [ -123.778781991, 46.943571536 ], [ -123.778443959, 46.943570751 ], [ -123.77844669, 46.943055763 ], [ -123.77844669, 46.943055762 ], [ -123.778446689, 46.943055761 ], [ -123.778446689, 46.94305576 ], [ -123.778446689, 46.943055759 ], [ -123.778446688, 46.943055758 ], [ -123.778446688, 46.943055757 ], [ -123.778446687, 46.943055757 ], [ -123.778446687, 46.943055756 ], [ -123.778446686, 46.943055755 ], [ -123.778446685, 46.943055755 ], [ -123.778446684, 46.943055754 ], [ -123.778446683, 46.943055754 ], [ -123.778446683, 46.943055753 ], [ -123.778446682, 46.943055753 ], [ -123.778446681, 46.943055753 ], [ -123.77844668, 46.943055753 ], [ -123.774460591, 46.943042642 ], [ -123.77446059, 46.943042642 ], [ -123.774460589, 46.943042642 ], [ -123.774460588, 46.943042642 ], [ -123.774460587, 46.943042642 ], [ -123.774460587, 46.943042643 ], [ -123.774460586, 46.943042643 ], [ -123.774460585, 46.943042644 ], [ -123.774460584, 46.943042645 ], [ -123.774460583, 46.943042646 ], [ -123.774460582, 46.943042647 ], [ -123.774460582, 46.943042648 ], [ -123.774460582, 46.943042649 ], [ -123.774460581, 46.94304265 ], [ -123.774460581, 46.943042651 ], [ -123.774460581, 46.943042652 ], [ -123.774454015, 46.944271119 ], [ -123.774454015, 46.94427112 ], [ -123.774454015, 46.944271121 ], [ -123.774454015, 46.944271122 ], [ -123.774454016, 46.944271123 ], [ -123.774454016, 46.944271124 ], [ -123.774454017, 46.944271125 ], [ -123.774454018, 46.944271126 ], [ -123.774454019, 46.944271127 ], [ -123.77445402, 46.944271128 ], [ -123.774454021, 46.944271128 ], [ -123.774454022, 46.944271129 ], [ -123.774454023, 46.944271129 ], [ -123.774454024, 46.944271129 ], [ -123.774454025, 46.944271129 ], [ -123.774784789, 46.94427221 ], [ -123.774645868, 46.944701087 ], [ -123.774288643, 46.945445954 ], [ -123.773819656, 46.946161174 ], [ -123.77329135, 46.946783269 ], [ -123.773244097, 46.946838909 ], [ -123.773244096, 46.94683891 ], [ -123.773244095, 46.946838911 ], [ -123.773244095, 46.946838912 ], [ -123.773244095, 46.946838913 ], [ -123.773244095, 46.946838914 ], [ -123.773244094, 46.946838915 ], [ -123.773242421, 46.946893546 ], [ -123.773231287, 46.947254016 ], [ -123.773225847, 46.947266006 ], [ -123.773082229, 46.947274099 ], [ -123.771522326, 46.947284717 ], [ -123.766386254, 46.947319681 ], [ -123.766246403, 46.947313797 ], [ -123.766237574, 46.947174101 ], [ -123.766017495, 46.931745022 ], [ -123.76598508, 46.929472546 ], [ -123.765990028, 46.929331478 ], [ -123.766130959, 46.929323563 ], [ -123.781799665, 46.929217291 ], [ -123.786844106, 46.929183077 ], [ -123.786995234, 46.929189746 ], [ -123.787018022, 46.929198048 ], [ -123.787037595, 46.929207323 ], [ -123.787058655, 46.929218529 ], [ -123.787278903, 46.929393483 ], [ -123.787446903, 46.929553483 ], [ -123.787638903, 46.929679483 ], [ -123.787718903, 46.929640483 ], [ -123.787814903, 46.929607483 ], [ -123.787963598, 46.929650188 ], [ -123.788046674, 46.929684866 ], [ -123.788266887, 46.929764914 ], [ -123.788463903, 46.929991483 ], [ -123.788479903, 46.930178483 ], [ -123.788583903, 46.930304483 ], [ -123.788703903, 46.930381483 ], [ -123.788799903, 46.930414483 ], [ -123.788911903, 46.930441483 ], [ -123.789143903, 46.930474483 ], [ -123.789327903, 46.930441483 ], [ -123.789464903, 46.930469483 ], [ -123.789624903, 46.930590483 ], [ -123.789792903, 46.930661483 ], [ -123.790040903, 46.930628483 ], [ -123.790096903, 46.930529483 ], [ -123.790112903, 46.930370483 ], [ -123.790128903, 46.930272483 ], [ -123.790208903, 46.930167483 ], [ -123.790258634, 46.930161336 ], [ -123.790283795, 46.930163292 ], [ -123.790296685, 46.930163594 ], [ -123.790434643, 46.93020871 ], [ -123.790456676, 46.930217125 ], [ -123.790458185, 46.930217701 ], [ -123.790583158, 46.93027208 ], [ -123.790702665, 46.930337605 ], [ -123.790890761, 46.93045218 ], [ -123.79096772, 46.930499057 ], [ -123.791084992, 46.930578393 ], [ -123.791088652, 46.930583805 ], [ -123.791065903, 46.930771483 ], [ -123.791009904, 46.930963483 ], [ -123.791121904, 46.931276483 ], [ -123.791305904, 46.931457483 ], [ -123.791449904, 46.931561483 ], [ -123.791593904, 46.931588483 ], [ -123.791777904, 46.931643483 ], [ -123.791889904, 46.931704483 ], [ -123.792050904, 46.931857483 ], [ -123.792113904, 46.931934483 ], [ -123.792274904, 46.931956483 ], [ -123.792280533, 46.931957538 ], [ -123.792287325, 46.931963541 ], [ -123.792296476, 46.932106994 ], [ -123.792430467, 46.941188558 ], [ -123.792518303, 46.94714179 ], [ -123.789160615, 46.947164647 ], [ -123.789152117, 46.94715967 ], [ -123.789146374, 46.947147954 ], [ -123.789113102, 46.94516167 ], [ -123.790283431, 46.945160427 ], [ -123.790283432, 46.945160427 ], [ -123.790283433, 46.945160427 ], [ -123.790283434, 46.945160426 ], [ -123.790283435, 46.945160426 ], [ -123.790283436, 46.945160426 ], [ -123.790283437, 46.945160425 ], [ -123.790283438, 46.945160424 ], [ -123.790283439, 46.945160423 ], [ -123.79028344, 46.945160422 ], [ -123.79028344, 46.945160421 ] ] ], [ [ [ -123.826082142, 46.948175811 ], [ -123.826082142, 46.94817581 ], [ -123.826082141, 46.94817581 ], [ -123.82608214, 46.948175809 ], [ -123.82608214, 46.948175808 ], [ -123.826082139, 46.948175807 ], [ -123.826082138, 46.948175807 ], [ -123.826082137, 46.948175806 ], [ -123.826082136, 46.948175806 ], [ -123.826082135, 46.948175806 ], [ -123.826082134, 46.948175806 ], [ -123.826082133, 46.948175806 ], [ -123.82498468, 46.948161386 ], [ -123.825010913, 46.94811548 ], [ -123.825270913, 46.94766148 ], [ -123.825486913, 46.94740948 ], [ -123.825558913, 46.94728348 ], [ -123.825718913, 46.94707448 ], [ -123.825788021, 46.947006746 ], [ -123.825893692, 46.946912683 ], [ -123.826034948, 46.946904874 ], [ -123.827746226, 46.946892514 ], [ -123.827894341, 46.946898871 ], [ -123.827917872, 46.946913105 ], [ -123.828097913, 46.947096479 ], [ -123.828321913, 46.947244479 ], [ -123.828674913, 46.947397479 ], [ -123.82947535, 46.947642538 ], [ -123.829794503, 46.947740249 ], [ -123.829957739, 46.9477954 ], [ -123.830084913, 46.947842479 ], [ -123.830444914, 46.948022479 ], [ -123.830693914, 46.948138479 ], [ -123.831037914, 46.948330479 ], [ -123.831390914, 46.948445479 ], [ -123.831502914, 46.948489479 ], [ -123.831814914, 46.948532479 ], [ -123.832583914, 46.948521479 ], [ -123.832807914, 46.948488479 ], [ -123.833024914, 46.948433479 ], [ -123.833080914, 46.948390479 ], [ -123.833136914, 46.948307479 ], [ -123.833168914, 46.948093479 ], [ -123.833224914, 46.948017479 ], [ -123.833322714, 46.947954607 ], [ -123.833328546, 46.947953462 ], [ -123.833428227, 46.947938719 ], [ -123.833496998, 46.947934739 ], [ -123.833538399, 46.947935813 ], [ -123.833889914, 46.947989479 ], [ -123.834545914, 46.948142479 ], [ -123.834746914, 46.948170479 ], [ -123.835098914, 46.948126479 ], [ -123.835475914, 46.947928479 ], [ -123.836035914, 46.947610479 ], [ -123.836558857, 46.947306863 ], [ -123.836633789, 46.947272793 ], [ -123.836746659, 46.947214458 ], [ -123.836781286, 46.947198659 ], [ -123.836935893, 46.947128119 ], [ -123.837095974, 46.947065933 ], [ -123.837262135, 46.947022531 ], [ -123.837364712, 46.947001954 ], [ -123.83752635, 46.946976266 ], [ -123.837555378, 46.946977598 ], [ -123.837861914, 46.947072478 ], [ -123.838248915, 46.947414478 ], [ -123.838384915, 46.947355478 ], [ -123.839609148, 46.946818295 ], [ -123.839638178, 46.94681362 ], [ -123.839789666, 46.946804805 ], [ -123.840146054, 46.946802183 ], [ -123.840218589, 46.946801649 ], [ -123.840350295, 46.94680714 ], [ -123.838574245, 46.947565553 ], [ -123.838574245, 46.947565554 ], [ -123.838574244, 46.947565554 ], [ -123.838574243, 46.947565555 ], [ -123.838574242, 46.947565556 ], [ -123.838574241, 46.947565557 ], [ -123.838574241, 46.947565558 ], [ -123.83857424, 46.947565559 ], [ -123.83857424, 46.94756556 ], [ -123.83857424, 46.947565561 ], [ -123.838574239, 46.947565562 ], [ -123.838574239, 46.947565563 ], [ -123.838574239, 46.947565564 ], [ -123.83857424, 46.947565565 ], [ -123.83857424, 46.947565566 ], [ -123.83857424, 46.947565567 ], [ -123.838574241, 46.947565568 ], [ -123.838574242, 46.947565569 ], [ -123.83898024, 46.948036847 ], [ -123.839113145, 46.94831091 ], [ -123.839107337, 46.948529443 ], [ -123.839052893, 46.948742768 ], [ -123.838802267, 46.948908848 ], [ -123.838532754, 46.949082094 ], [ -123.838532753, 46.949082094 ], [ -123.838256859, 46.949308463 ], [ -123.838256858, 46.949308463 ], [ -123.837946873, 46.949608608 ], [ -123.837946872, 46.949608609 ], [ -123.837946872, 46.94960861 ], [ -123.837690014, 46.949986619 ], [ -123.837507714, 46.950163951 ], [ -123.837507713, 46.950163952 ], [ -123.837507712, 46.950163953 ], [ -123.837429882, 46.950311787 ], [ -123.837429881, 46.950311788 ], [ -123.837429881, 46.950311789 ], [ -123.837429881, 46.95031179 ], [ -123.837429881, 46.950311791 ], [ -123.837429881, 46.950311792 ], [ -123.837429881, 46.950311793 ], [ -123.837429881, 46.950311794 ], [ -123.837429881, 46.950311795 ], [ -123.837429881, 46.950311796 ], [ -123.837498784, 46.950488462 ], [ -123.837498785, 46.950488463 ], [ -123.837498785, 46.950488464 ], [ -123.837498786, 46.950488465 ], [ -123.837498787, 46.950488465 ], [ -123.837498787, 46.950488466 ], [ -123.837498788, 46.950488467 ], [ -123.837498789, 46.950488467 ], [ -123.83749879, 46.950488468 ], [ -123.837498791, 46.950488468 ], [ -123.837676502, 46.950549488 ], [ -123.837676503, 46.950549488 ], [ -123.837676504, 46.950549488 ], [ -123.837676505, 46.950549488 ], [ -123.837676506, 46.950549488 ], [ -123.837948383, 46.950532898 ], [ -123.838279505, 46.950548851 ], [ -123.838279507, 46.950548851 ], [ -123.83860794, 46.950521315 ], [ -123.839162197, 46.950572988 ], [ -123.839634576, 46.950580551 ], [ -123.840123894, 46.950590996 ], [ -123.840244538, 46.950666893 ], [ -123.840163046, 46.950755273 ], [ -123.840163045, 46.950755273 ], [ -123.840163045, 46.950755274 ], [ -123.840163044, 46.950755275 ], [ -123.840163044, 46.950755276 ], [ -123.840163044, 46.950755277 ], [ -123.840163043, 46.950755278 ], [ -123.840163043, 46.950755279 ], [ -123.840163043, 46.95075528 ], [ -123.840163043, 46.950755281 ], [ -123.840163044, 46.950755282 ], [ -123.840163044, 46.950755283 ], [ -123.840163044, 46.950755284 ], [ -123.840217814, 46.95085957 ], [ -123.840217814, 46.950859571 ], [ -123.840217815, 46.950859571 ], [ -123.840217815, 46.950859572 ], [ -123.840217816, 46.950859573 ], [ -123.840217817, 46.950859573 ], [ -123.840491341, 46.951063387 ], [ -123.840491342, 46.951063387 ], [ -123.840491343, 46.951063388 ], [ -123.840951511, 46.951283305 ], [ -123.840951512, 46.951283305 ], [ -123.840951512, 46.951283306 ], [ -123.840951513, 46.951283306 ], [ -123.840951514, 46.951283306 ], [ -123.840951515, 46.951283306 ], [ -123.841403562, 46.951281751 ], [ -123.841767418, 46.951383681 ], [ -123.842123676, 46.951518917 ], [ -123.842351386, 46.951648554 ], [ -123.841772282, 46.95176012 ], [ -123.84168875, 46.951776213 ], [ -123.840914733, 46.951925329 ], [ -123.840770174, 46.95194592 ], [ -123.840624296, 46.951952314 ], [ -123.829404441, 46.951895876 ], [ -123.826048705, 46.951878996 ], [ -123.825899193, 46.951870686 ], [ -123.825897621, 46.951869909 ], [ -123.826082143, 46.948175816 ], [ -123.826082143, 46.948175815 ], [ -123.826082143, 46.948175814 ], [ -123.826082143, 46.948175813 ], [ -123.826082143, 46.948175812 ], [ -123.826082142, 46.948175811 ] ] ], [ [ [ -123.794576826, 46.94788512 ], [ -123.794576825, 46.947885119 ], [ -123.794576824, 46.947885119 ], [ -123.794576823, 46.947885118 ], [ -123.794576822, 46.947885118 ], [ -123.794576821, 46.947885118 ], [ -123.79457682, 46.947885117 ], [ -123.794576819, 46.947885117 ], [ -123.792529297, 46.947886279 ], [ -123.792518303, 46.94714179 ], [ -123.798472035, 46.947099893 ], [ -123.806749708, 46.947041644 ], [ -123.815147686, 46.946982548 ], [ -123.815294142, 46.946988775 ], [ -123.815296252, 46.946990034 ], [ -123.815288321, 46.948085023 ], [ -123.815288321, 46.948085024 ], [ -123.815288321, 46.948085025 ], [ -123.815288321, 46.948085026 ], [ -123.815288321, 46.948085027 ], [ -123.815288322, 46.948085028 ], [ -123.815288322, 46.948085029 ], [ -123.815288323, 46.94808503 ], [ -123.815288324, 46.94808503 ], [ -123.815288324, 46.948085031 ], [ -123.815288325, 46.948085031 ], [ -123.815288326, 46.948085032 ], [ -123.815288327, 46.948085032 ], [ -123.815288328, 46.948085033 ], [ -123.815288329, 46.948085033 ], [ -123.81528833, 46.948085033 ], [ -123.815288331, 46.948085033 ], [ -123.81794383, 46.948094594 ], [ -123.818832694, 46.949318155 ], [ -123.818832695, 46.949318156 ], [ -123.818832695, 46.949318157 ], [ -123.818832696, 46.949318157 ], [ -123.818832697, 46.949318158 ], [ -123.818832698, 46.949318158 ], [ -123.818832699, 46.949318159 ], [ -123.8188327, 46.949318159 ], [ -123.818832701, 46.949318159 ], [ -123.818832702, 46.949318159 ], [ -123.818832702, 46.949318167 ], [ -123.820381931, 46.951450751 ], [ -123.820396624, 46.951763874 ], [ -123.820396624, 46.951763875 ], [ -123.820396624, 46.951763876 ], [ -123.820396625, 46.951763877 ], [ -123.820396625, 46.951763878 ], [ -123.820396625, 46.951763879 ], [ -123.820396626, 46.951763879 ], [ -123.820396627, 46.95176388 ], [ -123.820396627, 46.951763881 ], [ -123.820396628, 46.951763882 ], [ -123.820396629, 46.951763882 ], [ -123.82039663, 46.951763883 ], [ -123.820396631, 46.951763883 ], [ -123.820396632, 46.951763884 ], [ -123.820396633, 46.951763884 ], [ -123.820396634, 46.951763884 ], [ -123.820594781, 46.951763376 ], [ -123.820593931, 46.95181365 ], [ -123.820592078, 46.95181451 ], [ -123.820447762, 46.951821031 ], [ -123.818870806, 46.951815485 ], [ -123.818870805, 46.951815485 ], [ -123.799892406, 46.951748741 ], [ -123.794636129, 46.951730255 ], [ -123.794576829, 46.947885127 ], [ -123.794576829, 46.947885126 ], [ -123.794576828, 46.947885125 ], [ -123.794576828, 46.947885124 ], [ -123.794576828, 46.947885123 ], [ -123.794576827, 46.947885122 ], [ -123.794576826, 46.947885121 ], [ -123.794576826, 46.94788512 ] ] ], [ [ [ -123.820318912, 46.94881448 ], [ -123.820384912, 46.94897848 ], [ -123.820488912, 46.94911048 ], [ -123.820568912, 46.94917048 ], [ -123.820632912, 46.94918748 ], [ -123.820638253, 46.949188949 ], [ -123.820638253, 46.94918895 ], [ -123.820638253, 46.949188951 ], [ -123.820638253, 46.949188952 ], [ -123.820600171, 46.951443894 ], [ -123.818827218, 46.948958145 ], [ -123.818827217, 46.948958144 ], [ -123.818827216, 46.948958144 ], [ -123.818827216, 46.948958143 ], [ -123.818827215, 46.948958142 ], [ -123.818827214, 46.948958142 ], [ -123.818827213, 46.948958142 ], [ -123.818827212, 46.948958141 ], [ -123.818827211, 46.948958141 ], [ -123.81882721, 46.948958141 ], [ -123.818827209, 46.948958141 ], [ -123.818827209, 46.948958133 ], [ -123.818211998, 46.948095583 ], [ -123.818289518, 46.948095867 ], [ -123.818336528, 46.948102891 ], [ -123.8183517, 46.94810668 ], [ -123.818365912, 46.948117481 ], [ -123.818765912, 46.948216481 ], [ -123.818816171, 46.948234667 ], [ -123.819326912, 46.94841948 ], [ -123.819446912, 46.94843548 ], [ -123.819695912, 46.94841348 ], [ -123.819976768, 46.948312779 ], [ -123.820101722, 46.94831722 ], [ -123.820174592, 46.948327429 ], [ -123.820183661, 46.948329613 ], [ -123.820231912, 46.94838648 ], [ -123.820264912, 46.94868248 ], [ -123.820318912, 46.94881448 ] ] ], [ [ [ -123.85265637, 46.95164993 ], [ -123.85238182, 46.95179238 ], [ -123.85231896, 46.95183413 ], [ -123.85232269, 46.95165371 ], [ -123.8525609, 46.95165103 ], [ -123.85265637, 46.95164993 ] ] ], [ [ [ -123.792597433, 46.952500261 ], [ -123.792585732, 46.951707869 ], [ -123.794636109, 46.951730275 ], [ -123.794583218, 46.954906872 ], [ -123.79457891, 46.954913873 ], [ -123.794437067, 46.954920489 ], [ -123.792787858, 46.954917156 ], [ -123.792640193, 46.954909534 ], [ -123.792630899, 46.954766487 ], [ -123.792597433, 46.952500261 ] ] ], [ [ [ -123.67412969, 46.97187181 ], [ -123.67413069, 46.97089981 ], [ -123.67415369, 46.97082781 ], [ -123.67416569, 46.97073681 ], [ -123.67422169, 46.97052981 ], [ -123.67428969, 46.97040381 ], [ -123.67437969, 46.97029481 ], [ -123.67457169, 46.97014081 ], [ -123.67492169, 46.96997681 ], [ -123.67501069, 46.96988681 ], [ -123.67509069, 46.96976881 ], [ -123.67514769, 46.96971481 ], [ -123.67532768, 46.96962381 ], [ -123.67535868, 46.96954281 ], [ -123.67513669, 46.96935481 ], [ -123.67503469, 46.96924781 ], [ -123.67497869, 46.9691578 ], [ -123.67495669, 46.9690588 ], [ -123.67497868, 46.9688158 ], [ -123.67501368, 46.9686178 ], [ -123.67505868, 46.9685178 ], [ -123.67503868, 46.9683748 ], [ -123.67459669, 46.9683588 ], [ -123.67431569, 46.9682978 ], [ -123.67412369, 46.9682178 ], [ -123.67389769, 46.9680658 ], [ -123.67374069, 46.9680308 ], [ -123.67315469, 46.9680528 ], [ -123.67283869, 46.9681178 ], [ -123.67263569, 46.9681728 ], [ -123.67237669, 46.9681918 ], [ -123.67220869, 46.9681568 ], [ -123.67196369, 46.9681858 ], [ -123.67189169, 46.9681948 ], [ -123.67180169, 46.9681508 ], [ -123.67153269, 46.9679718 ], [ -123.67139769, 46.9679548 ], [ -123.67129569, 46.9678748 ], [ -123.67116069, 46.9677588 ], [ -123.67094669, 46.9677688 ], [ -123.67081069, 46.9677158 ], [ -123.67056369, 46.9677168 ], [ -123.67032069, 46.9677088 ], [ -123.67029269, 46.9676288 ], [ -123.67036069, 46.9675378 ], [ -123.67045169, 46.9673218 ], [ -123.67043969, 46.9672588 ], [ -123.67037269, 46.9672138 ], [ -123.67005669, 46.9672878 ], [ -123.66996669, 46.9672798 ], [ -123.66988669, 46.9672258 ], [ -123.66977969, 46.9669748 ], [ -123.66975269, 46.96690279 ], [ -123.66964469, 46.96685879 ], [ -123.66948869, 46.96675579 ], [ -123.66929069, 46.96669379 ], [ -123.66908169, 46.96670879 ], [ -123.66896869, 46.96680879 ], [ -123.66889069, 46.96688979 ], [ -123.66874269, 46.96691779 ], [ -123.66848069, 46.96678379 ], [ -123.66842669, 46.96664079 ], [ -123.66852169, 46.96646879 ], [ -123.66866869, 46.96629279 ], [ -123.66873669, 46.96619279 ], [ -123.66867869, 46.96607679 ], [ -123.66850669, 46.96595579 ], [ -123.66820769, 46.96596679 ], [ -123.66791869, 46.96600479 ], [ -123.66777969, 46.96605979 ], [ -123.66764269, 46.96615879 ], [ -123.66752469, 46.96630879 ], [ -123.66741869, 46.96642579 ], [ -123.6672177, 46.96662079 ], [ -123.6667927, 46.96660479 ], [ -123.66679151, 46.96660351 ], [ -123.66679234, 46.96660357 ], [ -123.66676674, 46.96652277 ], [ -123.66672147, 46.96645103 ], [ -123.66673307, 46.96622603 ], [ -123.66680114, 46.96611763 ], [ -123.66707167, 46.96581017 ], [ -123.66717261, 46.96570366 ], [ -123.66717569, 46.96570379 ], [ -123.66783969, 46.96573179 ], [ -123.66846769, 46.96575379 ], [ -123.66920169, 46.96574379 ], [ -123.67001169, 46.96570179 ], [ -123.67140069, 46.96557379 ], [ -123.67194969, 46.96551279 ], [ -123.67224969, 46.96547979 ], [ -123.67321869, 46.96539079 ], [ -123.67411568, 46.96531879 ], [ -123.67465868, 46.96522979 ], [ -123.67508468, 46.96512279 ], [ -123.67542268, 46.96501579 ], [ -123.67576168, 46.96487379 ], [ -123.67620068, 46.96461479 ], [ -123.67648568, 46.96444679 ], [ -123.67749368, 46.96376379 ], [ -123.67809368, 46.96337979 ], [ -123.67826468, 46.96326979 ], [ -123.67862568, 46.96307879 ], [ -123.67911968, 46.96284079 ], [ -123.68001667, 46.96249179 ], [ -123.68089267, 46.96216579 ], [ -123.68139967, 46.96194979 ], [ -123.68240067, 46.96158079 ], [ -123.68348667, 46.96117479 ], [ -123.68451066, 46.96077979 ], [ -123.68617066, 46.96014879 ], [ -123.68803066, 46.95944279 ], [ -123.68914966, 46.95905779 ], [ -123.68970165, 46.95891779 ], [ -123.69004065, 46.95886179 ], [ -123.69043765, 46.95883079 ], [ -123.69130765, 46.95880979 ], [ -123.69155665, 46.95880379 ], [ -123.69186265, 46.95880079 ], [ -123.69243265, 46.95879779 ], [ -123.69386165, 46.95882579 ], [ -123.69448465, 46.95885979 ], [ -123.69481165, 46.95888979 ], [ -123.69516165, 46.9589338 ], [ -123.69572464, 46.9590528 ], [ -123.69612964, 46.9591628 ], [ -123.69673464, 46.9593798 ], [ -123.69731564, 46.9596588 ], [ -123.69782564, 46.9599108 ], [ -123.70009764, 46.9609748 ], [ -123.70304164, 46.96237881 ], [ -123.70370364, 46.96268781 ], [ -123.70425464, 46.96290781 ], [ -123.70475564, 46.96307881 ], [ -123.70521964, 46.96320181 ], [ -123.70568263, 46.96329581 ], [ -123.70611364, 46.96336181 ], [ -123.70689463, 46.96346382 ], [ -123.70740063, 46.96349982 ], [ -123.70792863, 46.96349682 ], [ -123.70855263, 46.96348282 ], [ -123.70907063, 46.96342582 ], [ -123.70965063, 46.96334282 ], [ -123.71082463, 46.96313382 ], [ -123.71160963, 46.96300582 ], [ -123.71233762, 46.96287582 ], [ -123.71286162, 46.96278182 ], [ -123.71300262, 46.96274282 ], [ -123.71324862, 46.96267682 ], [ -123.71337362, 46.96264082 ], [ -123.71370462, 46.96254382 ], [ -123.71421462, 46.96236682 ], [ -123.71533062, 46.96194882 ], [ -123.71564862, 46.96185182 ], [ -123.71623862, 46.96166082 ], [ -123.71695361, 46.96145682 ], [ -123.71775561, 46.96129982 ], [ -123.71787861, 46.96128282 ], [ -123.71819661, 46.96123982 ], [ -123.71871861, 46.96120182 ], [ -123.71946361, 46.96116982 ], [ -123.72024261, 46.96116482 ], [ -123.72142061, 46.96114582 ], [ -123.72192361, 46.96114382 ], [ -123.72202661, 46.96114682 ], [ -123.72244861, 46.96115682 ], [ -123.7230626, 46.96123682 ], [ -123.7234576, 46.96130583 ], [ -123.7239076, 46.96140783 ], [ -123.7265576, 46.96216583 ], [ -123.7290806, 46.96288183 ], [ -123.7298206, 46.96308583 ], [ -123.7307746, 46.96339184 ], [ -123.7317976, 46.96375384 ], [ -123.7327506, 46.96412884 ], [ -123.7328726, 46.96418184 ], [ -123.7332116, 46.96432884 ], [ -123.7337216, 46.96455584 ], [ -123.7348036, 46.96509984 ], [ -123.7354206, 46.96544484 ], [ -123.7359856, 46.96579684 ], [ -123.7364646, 46.96614084 ], [ -123.7369156, 46.96645985 ], [ -123.7375106, 46.96688085 ], [ -123.7380596, 46.96720385 ], [ -123.7382366, 46.96729685 ], [ -123.7386196, 46.96749985 ], [ -123.7395666, 46.96790885 ], [ -123.7443406, 46.97010986 ], [ -123.7447776, 46.97030686 ], [ -123.7447356, 46.97035386 ], [ -123.744680849104952, 46.970376083610539 ], [ -123.746222, 46.970366 ], [ -123.746285, 46.974865 ], [ -123.739712, 46.974908 ], [ -123.739652311266113, 46.970576715907555 ], [ -123.7389626, 46.97056785 ], [ -123.73860761, 46.97119785 ], [ -123.73836161, 46.97114385 ], [ -123.73736661, 46.97096635 ], [ -123.73639761, 46.97082385 ], [ -123.73587761, 46.97074885 ], [ -123.73465361, 46.97067485 ], [ -123.73302161, 46.97069385 ], [ -123.73202361, 46.97075685 ], [ -123.73166961, 46.97076685 ], [ -123.730364114066319, 46.970877265317803 ], [ -123.7304, 46.973524 ], [ -123.727120055462834, 46.973544958112058 ], [ -123.72773063, 46.97472685 ], [ -123.72759263, 46.97506185 ], [ -123.72756263, 46.97513885 ], [ -123.72728863, 46.97525185 ], [ -123.72662763, 46.97552785 ], [ -123.72620963, 46.97637086 ], [ -123.72585864, 46.97708186 ], [ -123.72465264, 46.97839786 ], [ -123.71915665, 46.97838886 ], [ -123.71316965, 46.97844985 ], [ -123.71146666, 46.97921285 ], [ -123.70814866, 46.98069785 ], [ -123.70805066, 46.98074185 ], [ -123.70731266, 46.98074685 ], [ -123.70667266, 46.98074985 ], [ -123.70018267, 46.98079185 ], [ -123.69643267, 46.98081585 ], [ -123.67913369, 46.98092984 ], [ -123.67588469, 46.98095084 ], [ -123.67366069, 46.98096584 ], [ -123.67354169, 46.97992983 ], [ -123.67334369, 46.97835483 ], [ -123.67293769, 46.97510482 ], [ -123.67435769, 46.97500482 ], [ -123.67433869, 46.97469582 ], [ -123.67431669, 46.97462382 ], [ -123.67431869, 46.97398482 ], [ -123.67433069, 46.97366082 ], [ -123.67435269, 46.97348982 ], [ -123.67440969, 46.97316582 ], [ -123.67438769, 46.97276981 ], [ -123.67435269, 46.97262481 ], [ -123.67427569, 46.97230281 ], [ -123.67418569, 46.97210481 ], [ -123.67412969, 46.97187181 ] ] ], [ [ [ -123.756103, 46.980343 ], [ -123.749529, 46.980386 ], [ -123.749466, 46.975887 ], [ -123.756039, 46.975844 ], [ -123.756103, 46.980343 ] ] ], [ [ [ -123.772781, 46.979619 ], [ -123.772779, 46.979441 ], [ -123.778442547755475, 46.97940308792009 ], [ -123.778444592, 46.980601631 ], [ -123.778395237848187, 46.984080638201199 ], [ -123.772066, 46.984123 ], [ -123.772001, 46.979624 ], [ -123.772781, 46.979619 ] ] ], [ [ [ -123.803279921, 46.999823485 ], [ -123.803127921, 46.999734485 ], [ -123.803044921, 46.999647485 ], [ -123.803041921, 46.999608485 ], [ -123.802825921, 46.999298485 ], [ -123.802492921, 46.999007485 ], [ -123.802123921, 46.998763485 ], [ -123.801798921, 46.998665485 ], [ -123.801148921, 46.998470485 ], [ -123.800847921, 46.998436485 ], [ -123.800822921, 46.998439485 ], [ -123.800462921, 46.998475485 ], [ -123.800316921, 46.998539485 ], [ -123.800203921, 46.998693485 ], [ -123.800066921, 46.998991485 ], [ -123.799943921, 46.999153485 ], [ -123.799807921, 46.999271485 ], [ -123.799649921, 46.999362485 ], [ -123.799456921, 46.999427485 ], [ -123.799356921, 46.999437485 ], [ -123.799129921, 46.999429485 ], [ -123.79856592, 46.999388485 ], [ -123.79813792, 46.999382485 ], [ -123.79791192, 46.999429485 ], [ -123.79781092, 46.999492485 ], [ -123.79778792, 46.999600485 ], [ -123.79778692, 46.999708485 ], [ -123.79784992, 46.999820485 ], [ -123.79797892, 46.999896485 ], [ -123.798191921, 47.000012485 ], [ -123.798248921, 47.000065485 ], [ -123.798241921, 47.000182485 ], [ -123.798224853, 47.00019324 ], [ -123.798152156, 47.000229553 ], [ -123.798011921, 47.000238485 ], [ -123.797875921, 47.000212485 ], [ -123.79765092, 47.000150485 ], [ -123.79724492, 47.000144485 ], [ -123.79720092, 47.000234485 ], [ -123.79733492, 47.000431485 ], [ -123.797298921, 47.000711486 ], [ -123.797233048, 47.000776054 ], [ -123.797230075, 47.000777966 ], [ -123.797194743, 47.000803438 ], [ -123.797063428, 47.000833162 ], [ -123.796928963, 47.000849608 ], [ -123.796790132, 47.000793392 ], [ -123.796399115, 47.000611506 ], [ -123.79639692, 47.000610486 ], [ -123.795729061, 47.000300479 ], [ -123.795729058, 47.000300478 ], [ -123.794675121, 46.999810256 ], [ -123.7944325, 46.999683629 ], [ -123.794260791, 46.999583787 ], [ -123.794198993, 46.999547854 ], [ -123.793418184, 46.999092203 ], [ -123.793292666, 46.999010031 ], [ -123.793282743, 46.998860316 ], [ -123.793226454, 46.995055708 ], [ -123.793231411, 46.994913709 ], [ -123.793373351, 46.994907295 ], [ -123.79940787, 46.994934648 ], [ -123.799410414, 46.994934659 ], [ -123.809788958, 46.994972901 ], [ -123.809788961, 46.994972901 ], [ -123.80992547, 46.99498007 ], [ -123.809923597, 46.994985443 ], [ -123.809436374, 46.995483377 ], [ -123.809378609, 46.995542357 ], [ -123.809378608, 46.995542358 ], [ -123.809337467, 46.995594705 ], [ -123.809297498, 46.99564558 ], [ -123.809297497, 46.995645581 ], [ -123.809196534, 46.995806762 ], [ -123.809196533, 46.995806764 ], [ -123.809145692, 46.995919148 ], [ -123.809121303, 46.995972997 ], [ -123.809121303, 46.995972998 ], [ -123.809098703, 46.996029377 ], [ -123.808828183, 46.996704703 ], [ -123.808828182, 46.996704703 ], [ -123.808264224, 46.998357889 ], [ -123.808243959, 46.998417331 ], [ -123.808243958, 46.998417332 ], [ -123.808228997, 46.998467868 ], [ -123.808097759, 46.99893188 ], [ -123.808080826, 46.998991797 ], [ -123.808080826, 46.998991798 ], [ -123.808070626, 46.999041687 ], [ -123.808061901, 46.999088022 ], [ -123.808061901, 46.999088023 ], [ -123.808059107, 46.999171072 ], [ -123.808059107, 46.999171073 ], [ -123.808068952, 46.999253827 ], [ -123.808068952, 46.999253828 ], [ -123.808068952, 46.999253829 ], [ -123.808091439, 46.999335441 ], [ -123.80809144, 46.999335442 ], [ -123.808126248, 46.999415019 ], [ -123.808126248, 46.99941502 ], [ -123.808173019, 46.99949164 ], [ -123.80817302, 46.999491641 ], [ -123.808231237, 46.999564524 ], [ -123.808231238, 46.999564525 ], [ -123.808300305, 46.999632836 ], [ -123.808300306, 46.999632836 ], [ -123.808379393, 46.999695828 ], [ -123.808379393, 46.999695829 ], [ -123.808467708, 46.999752809 ], [ -123.808467709, 46.999752809 ], [ -123.808501803, 46.999770603 ], [ -123.808521792, 46.999781021 ], [ -123.808665919, 46.999869126 ], [ -123.809137587, 47.00015735 ], [ -123.809217143, 47.000205967 ], [ -123.809301449, 47.000250143 ], [ -123.809366406, 47.000283995 ], [ -123.809366407, 47.000283996 ], [ -123.809448503, 47.000318141 ], [ -123.809542518, 47.00035725 ], [ -123.809611289, 47.000387117 ], [ -123.810208999, 47.000646562 ], [ -123.810285259, 47.000679656 ], [ -123.810372165, 47.000723939 ], [ -123.810910579, 47.000998285 ], [ -123.810911508, 47.000999493 ], [ -123.810777732, 47.00100705 ], [ -123.808776896, 47.001021276 ], [ -123.808638557, 47.001015825 ], [ -123.808572178, 47.000993949 ], [ -123.808526588, 47.000975333 ], [ -123.80829208, 47.000871772 ], [ -123.807310922, 47.000438484 ], [ -123.806240416, 47.000371956 ], [ -123.805489721, 47.000325303 ], [ -123.805239222, 47.000299138 ], [ -123.803863611, 47.000096743 ], [ -123.803727745, 47.000070266 ], [ -123.803685481, 47.000053483 ], [ -123.803456921, 46.999923485 ], [ -123.803279921, 46.999823485 ] ] ], [ [ [ -123.76512911, 47.06926656 ], [ -123.76507178, 47.06916796 ], [ -123.76492591, 47.06901596 ], [ -123.76459858, 47.06874816 ], [ -123.76437371, 47.06853363 ], [ -123.76412578, 47.06835536 ], [ -123.76393411, 47.06827563 ], [ -123.76381051, 47.06820456 ], [ -123.76370857, 47.06816016 ], [ -123.76321131, 47.06809156 ], [ -123.76267077, 47.06796916 ], [ -123.76226458, 47.06782783 ], [ -123.76213997, 47.06774763 ], [ -123.76209557, 47.06757703 ], [ -123.76212891, 47.06731583 ], [ -123.76223231, 47.06706316 ], [ -123.76233371, 47.06690056 ], [ -123.76239057, 47.06671116 ], [ -123.76252717, 47.06641343 ], [ -123.76257198, 47.06624216 ], [ -123.76257317, 47.06594516 ], [ -123.76254977, 47.06589136 ], [ -123.76255091, 47.06551336 ], [ -123.76261917, 47.06535996 ], [ -123.76267671, 47.06526956 ], [ -123.76312857, 47.06495163 ], [ -123.76366597, 47.06462403 ], [ -123.76379617, 47.06452423 ], [ -123.76413531, 47.06415303 ], [ -123.76429431, 47.06396296 ], [ -123.76446357, 47.06379083 ], [ -123.76457617, 47.06364616 ], [ -123.76467851, 47.06342942 ], [ -123.76474711, 47.06333003 ], [ -123.76497331, 47.06312156 ], [ -123.76507617, 47.06297683 ], [ -123.76516531, 47.06287736 ], [ -123.76539137, 47.06283083 ], [ -123.76552751, 47.06282083 ], [ -123.76664477, 47.06293943 ], [ -123.76688157, 47.06291983 ], [ -123.76703977, 47.06287376 ], [ -123.76709671, 47.06281936 ], [ -123.76719817, 47.06267476 ], [ -123.76727791, 47.06246723 ], [ -123.76731211, 47.06226902 ], [ -123.76735731, 47.06208876 ], [ -123.76736917, 47.06197162 ], [ -123.76742637, 47.06180036 ], [ -123.76748391, 47.06167396 ], [ -123.76757357, 47.06152936 ], [ -123.76767497, 47.06142976 ], [ -123.76775771, 47.06139316 ], [ -123.76783371, 47.06141516 ], [ -123.76794998, 47.06140536 ], [ -123.76802538, 47.06143636 ], [ -123.76831097, 47.06155596 ], [ -123.76836031, 47.06157803 ], [ -123.76873631, 47.06180056 ], [ -123.76901737, 47.06191563 ], [ -123.76920957, 47.06200436 ], [ -123.76958151, 47.06222683 ], [ -123.76967151, 47.06235216 ], [ -123.76982917, 47.06250416 ], [ -123.76985177, 47.06255796 ], [ -123.76985151, 47.06285496 ], [ -123.76980557, 47.06295416 ], [ -123.76976531, 47.06301743 ], [ -123.76958631, 47.06307263 ], [ -123.76950571, 47.06307763 ], [ -123.76891357, 47.06311316 ], [ -123.76780637, 47.06321956 ], [ -123.76754697, 47.06329336 ], [ -123.76743371, 47.06336603 ], [ -123.76734311, 47.06351063 ], [ -123.76734391, 47.06361862 ], [ -123.76738851, 47.06369036 ], [ -123.76748951, 47.06375263 ], [ -123.76777197, 47.06385876 ], [ -123.76803051, 47.06391996 ], [ -123.76953538, 47.06396822 ], [ -123.76977191, 47.06398463 ], [ -123.77063951, 47.06405536 ], [ -123.77129437, 47.06405996 ], [ -123.77148591, 47.06404063 ], [ -123.77194891, 47.06389356 ], [ -123.77253611, 47.06374563 ], [ -123.77310111, 47.06352583 ], [ -123.77331571, 47.06338936 ], [ -123.77354211, 47.06316282 ], [ -123.77366677, 47.06293702 ], [ -123.77374657, 47.06276556 ], [ -123.77392691, 47.06251236 ], [ -123.77408518, 47.06234036 ], [ -123.77426671, 47.06222216 ], [ -123.77440138, 47.06217622 ], [ -123.77451531, 47.06216643 ], [ -123.77549637, 47.06236676 ], [ -123.77593328, 47.06241783 ], [ -123.77619651, 47.06243402 ], [ -123.77652437, 47.06239582 ], [ -123.77684071, 47.06233063 ], [ -123.77690818, 47.06229009 ], [ -123.77690877, 47.06228976 ], [ -123.77697658, 47.06222176 ], [ -123.77703317, 47.06209542 ], [ -123.77703331, 47.06202343 ], [ -123.77703471, 47.06169043 ], [ -123.77695611, 47.06132203 ], [ -123.77697911, 47.06106096 ], [ -123.77701231, 47.06096176 ], [ -123.77708171, 47.06084423 ], [ -123.77715911, 47.06073576 ], [ -123.77726137, 47.06066302 ], [ -123.77773371, 47.06046182 ], [ -123.77773618, 47.06046076 ], [ -123.77796271, 47.06036136 ], [ -123.77805791, 47.06026176 ], [ -123.77813251, 47.05998223 ], [ -123.77809871, 47.05969456 ], [ -123.77805437, 47.05954196 ], [ -123.77799698, 47.05944336 ], [ -123.77791251, 47.05936349 ], [ -123.77791197, 47.05936296 ], [ -123.77786198, 47.05931822 ], [ -123.77705111, 47.05871182 ], [ -123.77686557, 47.05860516 ], [ -123.77680171, 47.05856956 ], [ -123.77645951, 47.05837842 ], [ -123.77622237, 47.05825403 ], [ -123.77547271, 47.05769676 ], [ -123.77530317, 47.05758982 ], [ -123.77505517, 47.05742056 ], [ -123.77484091, 47.05723302 ], [ -123.77476311, 47.05717056 ], [ -123.77459291, 47.05698276 ], [ -123.77443111, 47.05674982 ], [ -123.77426791, 47.05647203 ], [ -123.77414478, 47.05610396 ], [ -123.77403197, 47.05573576 ], [ -123.77396451, 47.05544822 ], [ -123.77394297, 47.05540336 ], [ -123.77389791, 47.05504376 ], [ -123.77380931, 47.05469342 ], [ -123.77373037, 47.05421703 ], [ -123.77365131, 47.05401063 ], [ -123.7736071, 47.05379496 ], [ -123.77359717, 47.05348003 ], [ -123.77362057, 47.05325496 ], [ -123.77375691, 47.05260616 ], [ -123.77379111, 47.05252482 ], [ -123.77394891, 47.05228083 ], [ -123.77409657, 47.05213582 ], [ -123.77449651, 47.05188576 ], [ -123.77455137, 47.05186736 ], [ -123.77455231, 47.05186696 ], [ -123.77465197, 47.05182162 ], [ -123.77493731, 47.05168923 ], [ -123.77511031, 47.05162056 ], [ -123.77583571, 47.05133222 ], [ -123.77662677, 47.05107482 ], [ -123.77808337, 47.05074102 ], [ -123.7784457, 47.05061262 ], [ -123.77861797, 47.05051567 ], [ -123.77870477, 47.05046682 ], [ -123.77879611, 47.05038522 ], [ -123.77889751, 47.05024956 ], [ -123.77894277, 47.05016822 ], [ -123.77897731, 47.04999702 ], [ -123.77897731, 47.04966416 ], [ -123.77900117, 47.04954696 ], [ -123.77904631, 47.04931276 ], [ -123.77906791, 47.04915966 ], [ -123.77910377, 47.04890736 ], [ -123.77914831, 47.04868216 ], [ -123.77921651, 47.04856462 ], [ -123.77953357, 47.04816656 ], [ -123.77966837, 47.04807562 ], [ -123.77994071, 47.04794782 ], [ -123.78013637, 47.04782942 ], [ -123.78020597, 47.04777956 ], [ -123.78034011, 47.04772016 ], [ -123.78059557, 47.04761036 ], [ -123.78075291, 47.04751036 ], [ -123.78088891, 47.04738342 ], [ -123.78108191, 47.04723816 ], [ -123.78134151, 47.04710136 ], [ -123.78166857, 47.04696416 ], [ -123.78195057, 47.04691722 ], [ -123.78325331, 47.04680092 ], [ -123.78326129, 47.04680195 ], [ -123.78326754, 47.04680053 ], [ -123.7843038, 47.04682287 ], [ -123.78452457, 47.04682762 ], [ -123.78647797, 47.04679622 ], [ -123.78678217, 47.04674916 ], [ -123.78700831, 47.04665762 ], [ -123.78715811, 47.04654416 ], [ -123.78752851, 47.04608716 ], [ -123.78771917, 47.04584736 ], [ -123.78787991, 47.04564376 ], [ -123.78807171, 47.04528255 ], [ -123.78828651, 47.04500202 ], [ -123.78835451, 47.04492962 ], [ -123.78871591, 47.04455816 ], [ -123.78880697, 47.04448556 ], [ -123.78898757, 47.04428635 ], [ -123.78921397, 47.04401482 ], [ -123.78935031, 47.04375296 ], [ -123.78935037, 47.04359096 ], [ -123.7893269, 47.04350116 ], [ -123.7893059, 47.04310536 ], [ -123.78919377, 47.04284516 ], [ -123.78913777, 47.04278256 ], [ -123.78893497, 47.04242396 ], [ -123.78875391, 47.04216422 ], [ -123.78856337, 47.04194055 ], [ -123.78844977, 47.04182436 ], [ -123.78819071, 47.04149322 ], [ -123.7877289, 47.04102842 ], [ -123.78727857, 47.04050976 ], [ -123.7870939, 47.04025902 ], [ -123.7869525, 47.04009802 ], [ -123.78670451, 47.03984776 ], [ -123.78624277, 47.03949996 ], [ -123.78599517, 47.03927676 ], [ -123.78571291, 47.03907162 ], [ -123.7849589, 47.03857296 ], [ -123.78474317, 47.03839442 ], [ -123.78466437, 47.03828696 ], [ -123.7846431, 47.03823316 ], [ -123.78464437, 47.03799016 ], [ -123.78467737, 47.03785496 ], [ -123.78467777, 47.03775142 ], [ -123.78485817, 47.03756576 ], [ -123.78501677, 47.03738462 ], [ -123.78540137, 47.03695902 ], [ -123.78596011, 47.03651882 ], [ -123.78600151, 47.03648702 ], [ -123.7861265, 47.03639162 ], [ -123.7864865, 47.03620475 ], [ -123.78671257, 47.03611322 ], [ -123.78735757, 47.03589736 ], [ -123.78741377, 47.03588796 ], [ -123.78770077, 47.03584542 ], [ -123.78775737, 47.03583602 ], [ -123.7878091, 47.03582676 ], [ -123.78819037, 47.03579702 ], [ -123.78860917, 47.03578076 ], [ -123.7887171, 47.03578442 ], [ -123.78883677, 47.03578816 ], [ -123.7890261, 47.03582282 ], [ -123.7896793, 47.03593982 ], [ -123.7899839, 47.03594676 ], [ -123.79020997, 47.03593615 ], [ -123.79053757, 47.03592482 ], [ -123.7913495, 47.03606322 ], [ -123.7921731, 47.03615656 ], [ -123.79289477, 47.03630456 ], [ -123.7939561, 47.03659416 ], [ -123.7945645, 47.03676082 ], [ -123.79462117, 47.03678742 ], [ -123.79538811, 47.03704302 ], [ -123.79539098, 47.03704371 ], [ -123.79538832, 47.03704498 ], [ -123.79520732, 47.03717198 ], [ -123.79511632, 47.03727198 ], [ -123.79494832, 47.03743498 ], [ -123.79481232, 47.03752598 ], [ -123.79468832, 47.03757998 ], [ -123.79390932, 47.03777498 ], [ -123.79379632, 47.03782998 ], [ -123.79375032, 47.03790198 ], [ -123.79378432, 47.03798298 ], [ -123.79393032, 47.03812598 ], [ -123.79420131, 47.03831298 ], [ -123.79434831, 47.03846498 ], [ -123.79441531, 47.03861698 ], [ -123.79441531, 47.03891398 ], [ -123.79439131, 47.03897698 ], [ -123.79438031, 47.03904898 ], [ -123.79429631, 47.03913098 ], [ -123.79407631, 47.03913198 ], [ -123.79374831, 47.03906298 ], [ -123.79338831, 47.03896598 ], [ -123.79328531, 47.03896697 ], [ -123.79308231, 47.03903997 ], [ -123.79294631, 47.03912197 ], [ -123.79287931, 47.03919497 ], [ -123.79287931, 47.03930297 ], [ -123.79292331, 47.03938297 ], [ -123.79308231, 47.03957097 ], [ -123.79343131, 47.03986597 ], [ -123.79347531, 47.03991998 ], [ -123.79347531, 47.04006398 ], [ -123.7932953, 47.04027198 ], [ -123.7931033, 47.04036297 ], [ -123.7924823, 47.04050197 ], [ -123.7922453, 47.04060297 ], [ -123.7920763, 47.04073897 ], [ -123.7919273, 47.04095597 ], [ -123.7919053, 47.04111797 ], [ -123.7919043, 47.04132497 ], [ -123.7917573, 47.04160497 ], [ -123.7917013, 47.04174097 ], [ -123.7916553, 47.04189397 ], [ -123.7916553, 47.04219097 ], [ -123.79170129, 47.04228897 ], [ -123.79172229, 47.04240597 ], [ -123.79185729, 47.04281897 ], [ -123.79188029, 47.04307997 ], [ -123.79200829, 47.04339397 ], [ -123.79211529, 47.04354597 ], [ -123.79234128, 47.04375197 ], [ -123.79239628, 47.04402097 ], [ -123.79243028, 47.04409297 ], [ -123.79257728, 47.04419097 ], [ -123.79298028, 47.04433697 ], [ -123.79304028, 47.04435897 ], [ -123.79316428, 47.04444797 ], [ -123.79323028, 47.04465497 ], [ -123.79332127, 47.04478897 ], [ -123.79339927, 47.04486897 ], [ -123.79362427, 47.04501197 ], [ -123.79362327, 47.04527297 ], [ -123.79366927, 47.04532597 ], [ -123.79380527, 47.04538798 ], [ -123.79416627, 47.04544898 ], [ -123.79429027, 47.04551998 ], [ -123.79434627, 47.04559198 ], [ -123.79479626, 47.04590298 ], [ -123.79497126, 47.04611798 ], [ -123.79513526, 47.04618898 ], [ -123.79512026, 47.04625698 ], [ -123.79501626, 47.04638798 ], [ -123.79487526, 47.04658698 ], [ -123.79473826, 47.04685798 ], [ -123.79477126, 47.04696498 ], [ -123.79504225, 47.04718898 ], [ -123.79507625, 47.04728698 ], [ -123.79506525, 47.04739498 ], [ -123.79503125, 47.04745898 ], [ -123.79501925, 47.04772898 ], [ -123.79495125, 47.04789998 ], [ -123.79477125, 47.04815298 ], [ -123.79464625, 47.04836998 ], [ -123.79457725, 47.04851498 ], [ -123.79458925, 47.04869498 ], [ -123.79465725, 47.04880198 ], [ -123.79465624, 47.04898198 ], [ -123.79462224, 47.04904498 ], [ -123.79459924, 47.04919798 ], [ -123.79463324, 47.04929698 ], [ -123.79474524, 47.04936798 ], [ -123.79499424, 47.04942998 ], [ -123.79529824, 47.04947198 ], [ -123.79533124, 47.04953998 ], [ -123.79533224, 47.04959798 ], [ -123.79526524, 47.04966198 ], [ -123.79523024, 47.04972498 ], [ -123.79538824, 47.04979598 ], [ -123.79547924, 47.04997498 ], [ -123.79554624, 47.05003798 ], [ -123.79561224, 47.05004198 ], [ -123.79449723, 47.05115998 ], [ -123.79372722, 47.05246297 ], [ -123.79262422, 47.05342297 ], [ -123.79238922, 47.05381097 ], [ -123.79235622, 47.05387997 ], [ -123.79229522, 47.05390797 ], [ -123.79205522, 47.05401697 ], [ -123.79198622, 47.05410197 ], [ -123.79121821, 47.05504497 ], [ -123.78978021, 47.05643296 ], [ -123.78967921, 47.05652996 ], [ -123.7891442, 47.05742196 ], [ -123.7889762, 47.05806196 ], [ -123.78900919, 47.05924996 ], [ -123.78834018, 47.06084996 ], [ -123.78726918, 47.06162696 ], [ -123.78636618, 47.06249496 ], [ -123.78532818, 47.06311195 ], [ -123.78328818, 47.06349995 ], [ -123.78268618, 47.06375095 ], [ -123.78225118, 47.06386495 ], [ -123.78128017, 47.06475694 ], [ -123.78101217, 47.06541894 ], [ -123.78046417, 47.06604194 ], [ -123.78020917, 47.06633294 ], [ -123.77997517, 47.06681294 ], [ -123.77876916, 47.06841294 ], [ -123.77709616, 47.06939493 ], [ -123.77438616, 47.07001093 ], [ -123.77355016, 47.07028493 ], [ -123.77288116, 47.07074192 ], [ -123.77264616, 47.07106192 ], [ -123.7713981, 47.07212441 ], [ -123.77107318, 47.07204316 ], [ -123.77071138, 47.07195563 ], [ -123.77025631, 47.07196763 ], [ -123.76968511, 47.07189056 ], [ -123.76902897, 47.07188596 ], [ -123.76857791, 47.07194296 ], [ -123.76812611, 47.07204496 ], [ -123.76766178, 47.07219203 ], [ -123.76724478, 47.07238383 ], [ -123.76683258, 47.07253732 ], [ -123.76682638, 47.07253963 ], [ -123.76664531, 47.07256783 ], [ -123.76618271, 47.07260696 ], [ -123.76588891, 47.07260883 ], [ -123.76564051, 47.07255656 ], [ -123.76540277, 47.07245916 ], [ -123.76521097, 47.07234343 ], [ -123.76491857, 47.07212056 ], [ -123.76478311, 47.07197743 ], [ -123.76467158, 47.07166323 ], [ -123.76469431, 47.07155516 ], [ -123.76473938, 47.07145583 ], [ -123.76476298, 47.07134763 ], [ -123.76484171, 47.07115816 ], [ -123.76494418, 47.07095956 ], [ -123.76502338, 47.07077003 ], [ -123.76504578, 47.07069783 ], [ -123.76509071, 47.07060763 ], [ -123.76512511, 47.07048136 ], [ -123.76514918, 47.07009423 ], [ -123.76515098, 47.06938336 ], [ -123.76512911, 47.06926656 ] ] ], [ [ [ -123.76228614, 47.0776649 ], [ -123.76284114, 47.0772469 ], [ -123.76295414, 47.0771379 ], [ -123.76345214, 47.0766939 ], [ -123.76357614, 47.0765399 ], [ -123.76362214, 47.0764499 ], [ -123.76378014, 47.0762059 ], [ -123.76395014, 47.0760159 ], [ -123.76419814, 47.0758159 ], [ -123.76436814, 47.0757699 ], [ -123.76463914, 47.0757319 ], [ -123.76511414, 47.07569291 ], [ -123.76535114, 47.07564691 ], [ -123.76555614, 47.07554591 ], [ -123.76575814, 47.07538291 ], [ -123.76588314, 47.07523791 ], [ -123.76598514, 47.07510191 ], [ -123.76612014, 47.07490391 ], [ -123.76614415, 47.07475891 ], [ -123.76611015, 47.07466091 ], [ -123.76602515, 47.07450791 ], [ -123.76580615, 47.07415891 ], [ -123.76575115, 47.07401491 ], [ -123.76576215, 47.07387991 ], [ -123.76586315, 47.07370891 ], [ -123.76596615, 47.07363591 ], [ -123.76611115, 47.07359891 ], [ -123.76716215, 47.07358291 ], [ -123.76733215, 47.07357291 ], [ -123.76752415, 47.07348091 ], [ -123.76755715, 47.07341591 ], [ -123.76754715, 47.07332791 ], [ -123.76750215, 47.07322991 ], [ -123.76732215, 47.07304191 ], [ -123.76700516, 47.07280991 ], [ -123.76700306, 47.07280882 ], [ -123.76700348, 47.07280866 ], [ -123.76700654, 47.07280747 ], [ -123.76725531, 47.07265376 ], [ -123.76771871, 47.07247963 ], [ -123.76808058, 47.07228823 ], [ -123.76847511, 47.07212363 ], [ -123.76907791, 47.07197563 ], [ -123.76920437, 47.07197923 ], [ -123.76950331, 47.07197723 ], [ -123.77079091, 47.07210803 ], [ -123.77130111, 47.07222086 ], [ -123.77130015, 47.07222192 ], [ -123.77025715, 47.07337492 ], [ -123.76993214, 47.07374592 ], [ -123.76987114, 47.07392392 ], [ -123.76984814, 47.07406692 ], [ -123.76982714, 47.07438592 ], [ -123.76992913, 47.07513192 ], [ -123.77011613, 47.07596592 ], [ -123.77022413, 47.07630292 ], [ -123.77040412, 47.07674792 ], [ -123.77047312, 47.07694892 ], [ -123.77047612, 47.07713592 ], [ -123.77044812, 47.07747692 ], [ -123.77034912, 47.07779292 ], [ -123.77027211, 47.07801892 ], [ -123.77016511, 47.07818092 ], [ -123.76979311, 47.07855991 ], [ -123.76769211, 47.08030791 ], [ -123.7669871, 47.08089391 ], [ -123.76558011, 47.08028091 ], [ -123.76482412, 47.0799124 ], [ -123.76456112, 47.0798159 ], [ -123.76432512, 47.0797819 ], [ -123.76406312, 47.0798189 ], [ -123.76340312, 47.0799549 ], [ -123.76268012, 47.0800919 ], [ -123.76220512, 47.0802009 ], [ -123.76193912, 47.0803719 ], [ -123.76137412, 47.0808619 ], [ -123.76054912, 47.08145689 ], [ -123.76027012, 47.08160189 ], [ -123.76000912, 47.08164389 ], [ -123.75852912, 47.08175689 ], [ -123.75815912, 47.08177289 ], [ -123.75773112, 47.08175089 ], [ -123.75717512, 47.08168889 ], [ -123.75623813, 47.08162288 ], [ -123.75485413, 47.08145288 ], [ -123.75472013, 47.08144588 ], [ -123.75465413, 47.08144088 ], [ -123.75491413, 47.08125888 ], [ -123.75500513, 47.08114188 ], [ -123.75514113, 47.08086188 ], [ -123.75522013, 47.08073488 ], [ -123.75532213, 47.08060888 ], [ -123.75545913, 47.08031088 ], [ -123.75556114, 47.08016588 ], [ -123.75573014, 47.08002988 ], [ -123.75592314, 47.07997488 ], [ -123.75665614, 47.07989789 ], [ -123.75733513, 47.07974889 ], [ -123.75785513, 47.07952989 ], [ -123.75891813, 47.07930689 ], [ -123.75930113, 47.07924089 ], [ -123.75968513, 47.07914889 ], [ -123.76014813, 47.07901989 ], [ -123.76089613, 47.0787539 ], [ -123.76106513, 47.0786359 ], [ -123.76137013, 47.0783369 ], [ -123.76152413, 47.0782279 ], [ -123.76218514, 47.0777459 ], [ -123.76228614, 47.0776649 ] ] ], [ [ [ -123.875872, 47.159688 ], [ -123.876602, 47.159682 ], [ -123.876591, 47.159031 ], [ -123.883187, 47.158981 ], [ -123.883261, 47.163479 ], [ -123.882532, 47.163485 ], [ -123.882543, 47.164136 ], [ -123.875946, 47.164186 ], [ -123.875872, 47.159688 ] ] ], [ [ [ -123.85656313, 47.42586743 ], [ -123.85506714, 47.42518843 ], [ -123.85290115, 47.42439942 ], [ -123.85256915, 47.42428442 ], [ -123.85190616, 47.42372441 ], [ -123.85074216, 47.42361041 ], [ -123.84974016, 47.4236104 ], [ -123.84923916, 47.4233804 ], [ -123.84774317, 47.42236539 ], [ -123.84724217, 47.42236639 ], [ -123.84708017, 47.42225639 ], [ -123.84691117, 47.42237139 ], [ -123.84640918, 47.42203139 ], [ -123.84557718, 47.42169138 ], [ -123.84508318, 47.42135238 ], [ -123.84458218, 47.42123638 ], [ -123.84425118, 47.42124238 ], [ -123.84375019, 47.42090238 ], [ -123.84291719, 47.42067837 ], [ -123.8409202, 47.41977336 ], [ -123.8405892, 47.41965836 ], [ -123.84057019, 47.42279537 ], [ -123.84020019, 47.42233836 ], [ -123.84011619, 47.42227736 ], [ -123.83966119, 47.42194936 ], [ -123.8388192, 47.42172136 ], [ -123.8373712, 47.42201835 ], [ -123.8369672, 47.42190435 ], [ -123.8365632, 47.42163035 ], [ -123.8364952, 47.42144735 ], [ -123.8362932, 47.42131035 ], [ -123.83625921, 47.42117335 ], [ -123.83561821, 47.42080734 ], [ -123.83558521, 47.42046534 ], [ -123.83635921, 47.42007635 ], [ -123.83659571, 47.41984135 ], [ -123.83666221, 47.41955035 ], [ -123.83645921, 47.41913935 ], [ -123.83642621, 47.41879634 ], [ -123.83746921, 47.41820235 ], [ -123.83746922, 47.41763035 ], [ -123.83713222, 47.41676234 ], [ -123.83703122, 47.41671634 ], [ -123.83699722, 47.41644234 ], [ -123.83689622, 47.41637334 ], [ -123.83659323, 47.41550534 ], [ -123.83637423, 47.41522734 ], [ -123.83632323, 47.41516234 ], [ -123.83565023, 47.41504834 ], [ -123.83403423, 47.41502633 ], [ -123.83376424, 47.41486633 ], [ -123.83396624, 47.41459133 ], [ -123.83564923, 47.41383733 ], [ -123.83591824, 47.41363133 ], [ -123.83598624, 47.41344833 ], [ -123.83593524, 47.41327833 ], [ -123.83581724, 47.41287733 ], [ -123.83595124, 47.41164333 ], [ -123.83611924, 47.41143733 ], [ -123.83659124, 47.41118633 ], [ -123.83672524, 47.41100333 ], [ -123.83675924, 47.41066033 ], [ -123.83692725, 47.41029433 ], [ -123.83770125, 47.40944834 ], [ -123.83793625, 47.40883133 ], [ -123.83874425, 47.40759734 ], [ -123.84032525, 47.40627134 ], [ -123.84039225, 47.40590534 ], [ -123.84066126, 47.40522034 ], [ -123.84096426, 47.40506034 ], [ -123.84120026, 47.40474034 ], [ -123.84325226, 47.40327635 ], [ -123.84426226, 47.40288835 ], [ -123.84655026, 47.40172136 ], [ -123.84779526, 47.40124136 ], [ -123.85126125, 47.40014337 ], [ -123.85173225, 47.39986937 ], [ -123.85206925, 47.39950337 ], [ -123.85220325, 47.39913737 ], [ -123.85230925, 47.39903537 ], [ -123.85301025, 47.39836037 ], [ -123.85327926, 47.39792637 ], [ -123.85331326, 47.39746837 ], [ -123.85351426, 47.39714837 ], [ -123.85449026, 47.39625738 ], [ -123.85566726, 47.39577638 ], [ -123.85593626, 47.39547938 ], [ -123.85610426, 47.39461138 ], [ -123.85677626, 47.39362838 ], [ -123.85684327, 47.39296538 ], [ -123.85697727, 47.39275938 ], [ -123.85768427, 47.39225638 ], [ -123.85788527, 47.39191338 ], [ -123.85906227, 47.39056438 ], [ -123.85943227, 47.39031338 ], [ -123.85946627, 47.39017638 ], [ -123.85946527, 47.38946738 ], [ -123.85933028, 47.38921638 ], [ -123.85818528, 47.38818838 ], [ -123.85821928, 47.38795938 ], [ -123.85848728, 47.38757138 ], [ -123.85848729, 47.38661137 ], [ -123.85808229, 47.38585737 ], [ -123.8573753, 47.38517137 ], [ -123.8573073, 47.38460037 ], [ -123.8575763, 47.38402937 ], [ -123.8576423, 47.38318337 ], [ -123.85824731, 47.38183437 ], [ -123.85824731, 47.38144636 ], [ -123.85814631, 47.38135436 ], [ -123.85777631, 47.38133236 ], [ -123.85690131, 47.38188136 ], [ -123.85653131, 47.38224636 ], [ -123.85629631, 47.38258936 ], [ -123.85622931, 47.38304636 ], [ -123.85622931, 47.38322936 ], [ -123.85609531, 47.38334436 ], [ -123.85601731, 47.38334436 ], [ -123.85572531, 47.38334436 ], [ -123.85468131, 47.38286435 ], [ -123.85421031, 47.38247635 ], [ -123.85407532, 47.38213335 ], [ -123.85390732, 47.38199635 ], [ -123.85380532, 47.38147035 ], [ -123.85336732, 47.38076235 ], [ -123.85239133, 47.38012234 ], [ -123.85232333, 47.37975734 ], [ -123.85252533, 47.37964234 ], [ -123.85299633, 47.37964234 ], [ -123.85319833, 47.37993934 ], [ -123.85350133, 47.38012235 ], [ -123.85521732, 47.38014435 ], [ -123.85537432, 47.38002035 ], [ -123.85541932, 47.37998435 ], [ -123.85545932, 47.37993235 ], [ -123.85578132, 47.37950735 ], [ -123.85599132, 47.37923035 ], [ -123.85642832, 47.37902435 ], [ -123.85656732, 47.37898435 ], [ -123.85706732, 47.37884136 ], [ -123.85811032, 47.37879536 ], [ -123.86070131, 47.37897737 ], [ -123.86150831, 47.37920537 ], [ -123.86191231, 47.37895337 ], [ -123.86234931, 47.37895338 ], [ -123.86238431, 47.37963938 ], [ -123.86228331, 47.38002738 ], [ -123.8617123, 47.38069038 ], [ -123.8616168, 47.38099088 ], [ -123.8617223, 47.38105488 ], [ -123.8620823, 47.38101038 ], [ -123.8629233, 47.38057538 ], [ -123.8634943, 47.38009538 ], [ -123.8646383, 47.37936338 ], [ -123.8655123, 47.37908939 ], [ -123.8659163, 47.37883739 ], [ -123.86598231, 47.37783239 ], [ -123.86625131, 47.37755739 ], [ -123.86759631, 47.37709939 ], [ -123.8685383, 47.3769394 ], [ -123.8696823, 47.3768934 ], [ -123.8713973, 47.3765264 ], [ -123.8728443, 47.37645741 ], [ -123.87398829, 47.37652541 ], [ -123.87511929, 47.37627042 ], [ -123.87545729, 47.37642842 ], [ -123.87587729, 47.37638942 ], [ -123.87629729, 47.37639542 ], [ -123.87699629, 47.37636842 ], [ -123.87763429, 47.37635243 ], [ -123.87826428, 47.37631443 ], [ -123.87886128, 47.37643043 ], [ -123.87954828, 47.37659543 ], [ -123.87981428, 47.37665044 ], [ -123.88008828, 47.37668844 ], [ -123.88129928, 47.37690344 ], [ -123.88188927, 47.37694144 ], [ -123.88250327, 47.37693145 ], [ -123.88343127, 47.37693745 ], [ -123.88422227, 47.37708545 ], [ -123.88452927, 47.37717845 ], [ -123.88482826, 47.37722246 ], [ -123.88513526, 47.37723946 ], [ -123.88549026, 47.37727846 ], [ -123.88664526, 47.37719046 ], [ -123.88733926, 47.37707046 ], [ -123.88763026, 47.37715847 ], [ -123.88793626, 47.37750447 ], [ -123.88844525, 47.37789947 ], [ -123.88875125, 47.37806347 ], [ -123.88905025, 47.37815147 ], [ -123.88992225, 47.37839848 ], [ -123.89068125, 47.37855248 ], [ -123.89110124, 47.37860248 ], [ -123.89243324, 47.37861949 ], [ -123.89281924, 47.37858249 ], [ -123.89369324, 47.37856449 ], [ -123.89408024, 47.37848249 ], [ -123.89464624, 47.37831849 ], [ -123.89542924, 47.37803949 ], [ -123.89587424, 47.3778365 ], [ -123.89631824, 47.3775675 ], [ -123.89664924, 47.3773375 ], [ -123.89688424, 47.3772275 ], [ -123.89712524, 47.3771635 ], [ -123.89699223, 47.3779995 ], [ -123.89723923, 47.3792125 ], [ -123.89741023, 47.37955351 ], [ -123.89754822, 47.37977551 ], [ -123.89797322, 47.38051751 ], [ -123.89945721, 47.38165852 ], [ -123.9011752, 47.38247852 ], [ -123.9029262, 47.38281953 ], [ -123.9035112, 47.38287153 ], [ -123.9046762, 47.38297654 ], [ -123.91014018, 47.38332656 ], [ -123.91130618, 47.38340156 ], [ -123.91983915, 47.3839326 ], [ -123.91968715, 47.3840356 ], [ -123.91965315, 47.3843556 ], [ -123.91976815, 47.3844836 ], [ -123.92002315, 47.3847676 ], [ -123.92035915, 47.3850416 ], [ -123.92062814, 47.3866646 ], [ -123.92059413, 47.38858361 ], [ -123.92045913, 47.38908661 ], [ -123.92012213, 47.38961261 ], [ -123.91981913, 47.38995461 ], [ -123.91894413, 47.3904116 ], [ -123.91813613, 47.3905946 ], [ -123.91393014, 47.39068559 ], [ -123.91406414, 47.39164559 ], [ -123.91406413, 47.39235859 ], [ -123.91406313, 47.39345059 ], [ -123.91429813, 47.39390759 ], [ -123.91453312, 47.3947536 ], [ -123.91449912, 47.3955766 ], [ -123.91507111, 47.3982506 ], [ -123.9151721, 47.39838761 ], [ -123.9151721, 47.39866561 ], [ -123.9151721, 47.39884461 ], [ -123.9154291, 47.39998061 ], [ -123.9154411, 47.40003261 ], [ -123.91584409, 47.40083261 ], [ -123.91601209, 47.40174662 ], [ -123.91540609, 47.40192961 ], [ -123.90881208, 47.4063896 ], [ -123.90026108, 47.41217358 ], [ -123.90026708, 47.41239358 ], [ -123.90046108, 47.41252458 ], [ -123.90059008, 47.41278858 ], [ -123.90076708, 47.41307358 ], [ -123.90109807, 47.41338658 ], [ -123.90124407, 47.41353958 ], [ -123.90137307, 47.41374258 ], [ -123.90147007, 47.41396758 ], [ -123.90146907, 47.41423658 ], [ -123.90138807, 47.41486758 ], [ -123.90142007, 47.41533359 ], [ -123.90171906, 47.41624359 ], [ -123.90190406, 47.41654559 ], [ -123.90213806, 47.41713859 ], [ -123.90215406, 47.41730859 ], [ -123.90173406, 47.41748359 ], [ -123.90153205, 47.41770859 ], [ -123.90114406, 47.41789459 ], [ -123.90085306, 47.41800459 ], [ -123.90061006, 47.41815259 ], [ -123.90047306, 47.41831159 ], [ -123.90041605, 47.41861859 ], [ -123.90042405, 47.41888159 ], [ -123.90045605, 47.41904059 ], [ -123.90055305, 47.41929359 ], [ -123.90051205, 47.41958359 ], [ -123.90076305, 47.41978659 ], [ -123.90104505, 47.42000059 ], [ -123.90131205, 47.42025859 ], [ -123.90161904, 47.4204566 ], [ -123.90192604, 47.4205776 ], [ -123.90230604, 47.4207916 ], [ -123.90262904, 47.4208956 ], [ -123.90283904, 47.4210056 ], [ -123.90325904, 47.4211866 ], [ -123.90350903, 47.4213406 ], [ -123.90377603, 47.42163661 ], [ -123.90387303, 47.42190561 ], [ -123.90402603, 47.42202561 ], [ -123.90456803, 47.42227861 ], [ -123.90577102, 47.42263562 ], [ -123.90593302, 47.42267962 ], [ -123.90192402, 47.42616061 ], [ -123.90117102, 47.4260616 ], [ -123.90091202, 47.4260676 ], [ -123.90061302, 47.4261056 ], [ -123.90036202, 47.4261986 ], [ -123.90013602, 47.4263086 ], [ -123.89982002, 47.4264946 ], [ -123.89902002, 47.4268726 ], [ -123.89868102, 47.4269226 ], [ -123.89817102, 47.42691659 ], [ -123.89792903, 47.42686159 ], [ -123.89752503, 47.42661459 ], [ -123.89712903, 47.42640059 ], [ -123.89685403, 47.42632959 ], [ -123.89643403, 47.42630759 ], [ -123.89602203, 47.42633959 ], [ -123.89573903, 47.42644958 ], [ -123.89562003, 47.42652458 ], [ -123.89552003, 47.42658658 ], [ -123.89500303, 47.42693758 ], [ -123.89456603, 47.42707958 ], [ -123.89420303, 47.42720558 ], [ -123.89392803, 47.42720058 ], [ -123.89358004, 47.42715658 ], [ -123.89304704, 47.42701858 ], [ -123.89278004, 47.42702957 ], [ -123.89190704, 47.42710657 ], [ -123.89136604, 47.42712257 ], [ -123.89071104, 47.42725357 ], [ -123.89021004, 47.42740756 ], [ -123.88989404, 47.42747256 ], [ -123.88966004, 47.42747856 ], [ -123.88916704, 47.42747756 ], [ -123.88857705, 47.42759256 ], [ -123.88815705, 47.42760356 ], [ -123.88748605, 47.42768056 ], [ -123.88647505, 47.42777855 ], [ -123.88617605, 47.42781155 ], [ -123.88591805, 47.42779455 ], [ -123.88553005, 47.42773455 ], [ -123.88507705, 47.42773955 ], [ -123.88479405, 47.42772254 ], [ -123.88409106, 47.42760754 ], [ -123.88382406, 47.42750354 ], [ -123.88353406, 47.42737154 ], [ -123.88328306, 47.42721254 ], [ -123.88292006, 47.42708554 ], [ -123.88272606, 47.42698153 ], [ -123.88240307, 47.42683353 ], [ -123.88185307, 47.42652053 ], [ -123.88149007, 47.42651453 ], [ -123.88115807, 47.42666853 ], [ -123.88089907, 47.42677753 ], [ -123.88063307, 47.42678853 ], [ -123.88030907, 47.42677753 ], [ -123.87982407, 47.42684852 ], [ -123.87917807, 47.42671052 ], [ -123.87894307, 47.42674952 ], [ -123.87855508, 47.42670552 ], [ -123.87832908, 47.42665552 ], [ -123.87799808, 47.42641452 ], [ -123.87754608, 47.42618351 ], [ -123.87735208, 47.42605151 ], [ -123.87698808, 47.42594751 ], [ -123.87657608, 47.42584351 ], [ -123.87646008, 47.42582451 ], [ -123.87637409, 47.42581051 ], [ -123.87630009, 47.42577651 ], [ -123.87623508, 47.42574351 ], [ -123.87587209, 47.42574351 ], [ -123.87504009, 47.4261935 ], [ -123.87436909, 47.4266495 ], [ -123.87370709, 47.4267645 ], [ -123.87320609, 47.4269845 ], [ -123.87287509, 47.4272155 ], [ -123.87287509, 47.4273245 ], [ -123.87171209, 47.4280055 ], [ -123.87152609, 47.42813149 ], [ -123.87138109, 47.42823049 ], [ -123.87071009, 47.42834049 ], [ -123.87021709, 47.42857149 ], [ -123.86988609, 47.42879649 ], [ -123.86988609, 47.42891149 ], [ -123.86971709, 47.42947649 ], [ -123.86938609, 47.42970149 ], [ -123.86888509, 47.42981149 ], [ -123.86822209, 47.42981148 ], [ -123.86805309, 47.42992748 ], [ -123.86722009, 47.42981248 ], [ -123.86655709, 47.42981248 ], [ -123.86638709, 47.42970248 ], [ -123.8650531, 47.42936347 ], [ -123.8647221, 47.42924847 ], [ -123.86355711, 47.42879946 ], [ -123.86256311, 47.42857446 ], [ -123.86089712, 47.42778545 ], [ -123.85989412, 47.42721545 ], [ -123.85989412, 47.42710645 ], [ -123.85956212, 47.42677145 ], [ -123.85806713, 47.42620744 ], [ -123.85656313, 47.42586743 ] ] ], [ [ [ -123.850305, 47.464859 ], [ -123.850377, 47.469358 ], [ -123.843743, 47.469407 ], [ -123.843671, 47.464908 ], [ -123.850305, 47.464859 ] ] ], [ [ [ -123.173478, 46.80953 ], [ -123.173487, 46.812484 ], [ -123.174465, 46.812483 ], [ -123.17448, 46.816982 ], [ -123.167925, 46.816992 ], [ -123.167916, 46.814038 ], [ -123.166938, 46.814039 ], [ -123.166924, 46.80954 ], [ -123.173478, 46.80953 ] ] ], [ [ [ -123.27765119, 46.9698983 ], [ -123.27772019, 46.9695473 ], [ -123.27776519, 46.9692403 ], [ -123.27787819, 46.96902429 ], [ -123.2784872, 46.96835729 ], [ -123.27877421, 46.96802229 ], [ -123.27859621, 46.96800029 ], [ -123.27837621, 46.96799529 ], [ -123.2777732, 46.96799529 ], [ -123.27640219, 46.96806428 ], [ -123.27611319, 46.96806028 ], [ -123.27590819, 46.96804028 ], [ -123.27579519, 46.96798928 ], [ -123.27572619, 46.96789828 ], [ -123.27560318, 46.96795928 ], [ -123.27549118, 46.96806728 ], [ -123.27542868, 46.96816078 ], [ -123.27551718, 46.96833829 ], [ -123.27571718, 46.96889429 ], [ -123.27577717, 46.9698683 ], [ -123.27540016, 46.9707503 ], [ -123.27501816, 46.9711103 ], [ -123.27458615, 46.97151731 ], [ -123.27149312, 46.97231531 ], [ -123.27025711, 46.97290631 ], [ -123.2696531, 46.97345631 ], [ -123.2691641, 46.97347031 ], [ -123.2689981, 46.97280731 ], [ -123.2686311, 46.9719843 ], [ -123.2684311, 46.9718243 ], [ -123.2683641, 46.9716413 ], [ -123.2678971, 46.97132129 ], [ -123.2671291, 46.97116029 ], [ -123.26606109, 46.97113729 ], [ -123.26472508, 46.97131929 ], [ -123.26358907, 46.97161629 ], [ -123.26058304, 46.97273529 ], [ -123.25924702, 46.97305429 ], [ -123.25841202, 46.97305429 ], [ -123.25771101, 46.97282529 ], [ -123.25691101, 46.97168128 ], [ -123.25661101, 46.97156728 ], [ -123.25634402, 46.97081327 ], [ -123.25561102, 46.96996726 ], [ -123.25480901, 46.96944026 ], [ -123.25394101, 46.96907425 ], [ -123.253073, 46.96891425 ], [ -123.252405, 46.96891325 ], [ -123.25180399, 46.96909625 ], [ -123.25127499, 46.96937025 ], [ -123.24734393, 46.97245727 ], [ -123.24647692, 46.97339528 ], [ -123.24574291, 46.97387528 ], [ -123.2455429, 46.97392128 ], [ -123.2455089, 46.97401328 ], [ -123.2449749, 46.97419628 ], [ -123.24313888, 46.97442528 ], [ -123.24240387, 46.97470028 ], [ -123.24173686, 46.97515728 ], [ -123.24140386, 46.97566029 ], [ -123.24100285, 46.97600329 ], [ -123.24050184, 46.97616429 ], [ -123.23976784, 46.97623329 ], [ -123.23929983, 46.97611829 ], [ -123.23879883, 46.97577629 ], [ -123.23816383, 46.97513628 ], [ -123.23772883, 46.97445128 ], [ -123.23749483, 46.97358227 ], [ -123.23675883, 46.97250826 ], [ -123.23639083, 46.97177725 ], [ -123.23638984, 46.97026824 ], [ -123.23648885, 46.96967424 ], [ -123.23692285, 46.96887423 ], [ -123.23695586, 46.96841823 ], [ -123.23658786, 46.96802923 ], [ -123.23645386, 46.96764122 ], [ -123.23708687, 46.96615521 ], [ -123.23708687, 46.96567521 ], [ -123.23698587, 46.96549221 ], [ -123.23708488, 46.9641432 ], [ -123.23688488, 46.9635952 ], [ -123.23584788, 46.96201818 ], [ -123.23537988, 46.96110418 ], [ -123.23534589, 46.96062417 ], [ -123.2359799, 46.95966417 ], [ -123.2360129, 46.95934416 ], [ -123.2357449, 46.95895516 ], [ -123.2357119, 46.95856716 ], [ -123.23610991, 46.95751515 ], [ -123.23664392, 46.95692115 ], [ -123.23717793, 46.95655514 ], [ -123.23754393, 46.95616614 ], [ -123.23767694, 46.95548014 ], [ -123.23750994, 46.95493213 ], [ -123.23740994, 46.95486313 ], [ -123.23737594, 46.95442913 ], [ -123.23747595, 46.95417713 ], [ -123.23757495, 46.95292012 ], [ -123.23734096, 46.95212011 ], [ -123.23700595, 46.95173211 ], [ -123.23646895, 46.9510671 ], [ -123.23689296, 46.9509991 ], [ -123.23748497, 46.9507561 ], [ -123.23796597, 46.9502371 ], [ -123.23878899, 46.94959409 ], [ -123.23999401, 46.94866409 ], [ -123.24092902, 46.94774008 ], [ -123.24196404, 46.94651907 ], [ -123.24313606, 46.94603907 ], [ -123.24460507, 46.94600107 ], [ -123.24473507, 46.94599807 ], [ -123.24583708, 46.94619407 ], [ -123.24800811, 46.94636007 ], [ -123.24900012, 46.94609607 ], [ -123.24973713, 46.94568407 ], [ -123.25013814, 46.94560807 ], [ -123.25071914, 46.94544007 ], [ -123.25088015, 46.94511907 ], [ -123.25092315, 46.94452106 ], [ -123.25093015, 46.94443406 ], [ -123.25127515, 46.94405706 ], [ -123.25190117, 46.94322305 ], [ -123.25186917, 46.94169104 ], [ -123.25175618, 46.94134804 ], [ -123.25173918, 46.94068603 ], [ -123.25159018, 46.94006803 ], [ -123.25157319, 46.93933702 ], [ -123.25172419, 46.93890302 ], [ -123.25290721, 46.93826302 ], [ -123.25461123, 46.93668701 ], [ -123.25527924, 46.93629901 ], [ -123.25548024, 46.935819 ], [ -123.25551425, 46.93449299 ], [ -123.25574825, 46.93417199 ], [ -123.25601526, 46.93398999 ], [ -123.25705127, 46.93286998 ], [ -123.25792029, 46.93165898 ], [ -123.25792129, 46.93092797 ], [ -123.2580883, 46.93056197 ], [ -123.26102834, 46.92676895 ], [ -123.26326437, 46.92526194 ], [ -123.26369838, 46.92487294 ], [ -123.26503339, 46.92457694 ], [ -123.26543439, 46.92439394 ], [ -123.2660684, 46.92361693 ], [ -123.26647041, 46.92222292 ], [ -123.26690442, 46.92165192 ], [ -123.26747143, 46.92140092 ], [ -123.26853944, 46.92110392 ], [ -123.27004146, 46.91989291 ], [ -123.27147647, 46.91907091 ], [ -123.27177748, 46.91872791 ], [ -123.2734465, 46.9174939 ], [ -123.2741805, 46.9171969 ], [ -123.27481451, 46.9171519 ], [ -123.27538051, 46.91749391 ], [ -123.27541351, 46.91827091 ], [ -123.2753135, 46.91852192 ], [ -123.2754465, 46.91891092 ], [ -123.2756795, 46.91913992 ], [ -123.27708051, 46.91971193 ], [ -123.27774751, 46.92009993 ], [ -123.27794751, 46.92039794 ], [ -123.27794751, 46.92101494 ], [ -123.2774465, 46.92188295 ], [ -123.27741249, 46.92236295 ], [ -123.27767949, 46.92279695 ], [ -123.27801249, 46.92311796 ], [ -123.27817949, 46.92343796 ], [ -123.27831249, 46.92352896 ], [ -123.27857249, 46.92450397 ], [ -123.27874549, 46.92515197 ], [ -123.27891148, 46.92538097 ], [ -123.28014549, 46.92595298 ], [ -123.2813145, 46.92622699 ], [ -123.28231551, 46.92622699 ], [ -123.28501752, 46.92696 ], [ -123.28811954, 46.92828601 ], [ -123.28865354, 46.92860602 ], [ -123.28885354, 46.92885802 ], [ -123.28908653, 46.92988603 ], [ -123.28925253, 46.93032103 ], [ -123.28981953, 46.93118904 ], [ -123.29052053, 46.93166904 ], [ -123.29098753, 46.93182905 ], [ -123.29152154, 46.93176105 ], [ -123.29198854, 46.93144105 ], [ -123.29202155, 46.93068704 ], [ -123.29148855, 46.92997803 ], [ -123.29122155, 46.92977103 ], [ -123.29075455, 46.92915403 ], [ -123.29068855, 46.92885702 ], [ -123.29088855, 46.92872002 ], [ -123.29129556, 46.92868302 ], [ -123.29159256, 46.92883803 ], [ -123.29186256, 46.92896303 ], [ -123.29199756, 46.92900803 ], [ -123.29237456, 46.92908203 ], [ -123.29293157, 46.92915903 ], [ -123.29372057, 46.92915703 ], [ -123.29451458, 46.92906503 ], [ -123.29478958, 46.92904603 ], [ -123.29526358, 46.92910704 ], [ -123.29575759, 46.92914204 ], [ -123.29607359, 46.92915004 ], [ -123.29641159, 46.92912304 ], [ -123.29654659, 46.92907704 ], [ -123.2967386, 46.92894204 ], [ -123.2968166, 46.92885904 ], [ -123.2968506, 46.92881504 ], [ -123.2969196, 46.92877004 ], [ -123.2969646, 46.92871604 ], [ -123.2970766, 46.92861704 ], [ -123.2973026, 46.92838203 ], [ -123.29756161, 46.92816503 ], [ -123.29771961, 46.92805703 ], [ -123.29820461, 46.92779503 ], [ -123.29840662, 46.92762403 ], [ -123.29851962, 46.92755203 ], [ -123.29877862, 46.92739803 ], [ -123.29914063, 46.92717203 ], [ -123.29935363, 46.92707203 ], [ -123.29962463, 46.92698103 ], [ -123.30040064, 46.92692603 ], [ -123.30165065, 46.92692203 ], [ -123.30373366, 46.92674604 ], [ -123.30431667, 46.92664804 ], [ -123.30432667, 46.92668704 ], [ -123.30441167, 46.92694504 ], [ -123.30457866, 46.92735504 ], [ -123.30481166, 46.92774905 ], [ -123.30511466, 46.92822605 ], [ -123.30540866, 46.92860605 ], [ -123.30603666, 46.92938306 ], [ -123.30667966, 46.93022407 ], [ -123.30728166, 46.93101207 ], [ -123.30825466, 46.93235909 ], [ -123.30864166, 46.93294209 ], [ -123.30897766, 46.93349809 ], [ -123.30925366, 46.9340231 ], [ -123.30952066, 46.9345971 ], [ -123.30975865, 46.93513211 ], [ -123.30992865, 46.93556511 ], [ -123.31012465, 46.93612412 ], [ -123.31055765, 46.93742313 ], [ -123.31059564, 46.93754313 ], [ -123.31080964, 46.93822813 ], [ -123.31102864, 46.93861814 ], [ -123.31126764, 46.93893014 ], [ -123.31151464, 46.93915514 ], [ -123.31164264, 46.93925114 ], [ -123.31200864, 46.93949614 ], [ -123.31278265, 46.93992415 ], [ -123.31352265, 46.94034515 ], [ -123.31484065, 46.94127416 ], [ -123.31604866, 46.94233417 ], [ -123.31663066, 46.94289718 ], [ -123.31677732, 46.94303918 ], [ -123.31868866, 46.94488819 ], [ -123.31936366, 46.9454852 ], [ -123.31971666, 46.9458822 ], [ -123.32006566, 46.94633721 ], [ -123.32077366, 46.94719321 ], [ -123.32113366, 46.94769322 ], [ -123.32131366, 46.94796122 ], [ -123.32184366, 46.94880323 ], [ -123.32245166, 46.95006024 ], [ -123.32283366, 46.95081524 ], [ -123.32329065, 46.95173525 ], [ -123.32416265, 46.95361327 ], [ -123.32474465, 46.95418927 ], [ -123.32570265, 46.95494928 ], [ -123.32675665, 46.95587729 ], [ -123.32708565, 46.95640529 ], [ -123.32734565, 46.95682329 ], [ -123.32750465, 46.9570773 ], [ -123.32766465, 46.9573763 ], [ -123.32773965, 46.9574603 ], [ -123.32791065, 46.9577173 ], [ -123.32816865, 46.9581343 ], [ -123.32835865, 46.95846331 ], [ -123.32884165, 46.95917931 ], [ -123.32896865, 46.95934731 ], [ -123.32908165, 46.95949832 ], [ -123.32920565, 46.95972132 ], [ -123.32945665, 46.96016932 ], [ -123.32956165, 46.96035732 ], [ -123.33002565, 46.96087533 ], [ -123.33140165, 46.96201734 ], [ -123.33323966, 46.96364135 ], [ -123.33582866, 46.96608437 ], [ -123.33760367, 46.96789239 ], [ -123.33978967, 46.97011841 ], [ -123.34006167, 46.97043741 ], [ -123.34030767, 46.97070141 ], [ -123.34119067, 46.97145342 ], [ -123.34245768, 46.97226643 ], [ -123.34310868, 46.97262543 ], [ -123.3470897, 46.97479545 ], [ -123.3476897, 46.97511546 ], [ -123.34903871, 46.97583446 ], [ -123.35113472, 46.97699547 ], [ -123.35454773, 46.97883949 ], [ -123.35578674, 46.9795265 ], [ -123.35954875, 46.98155652 ], [ -123.36139276, 46.98256353 ], [ -123.36615578, 46.98520255 ], [ -123.3684558, 46.98640757 ], [ -123.3694388, 46.98692557 ], [ -123.35582069, 46.98732555 ], [ -123.34831963, 46.98754554 ], [ -123.33853355, 46.98783353 ], [ -123.32861447, 46.98812551 ], [ -123.32701646, 46.98816951 ], [ -123.32158441, 46.9883385 ], [ -123.32122641, 46.98834451 ], [ -123.3201574, 46.9883755 ], [ -123.3191524, 46.9884045 ], [ -123.31829239, 46.9884285 ], [ -123.3069523, 46.98875549 ], [ -123.28732011, 46.99394249 ], [ -123.28723411, 46.99396549 ], [ -123.2869291, 46.99404649 ], [ -123.27899003, 46.9961555 ], [ -123.27200196, 46.9980125 ], [ -123.26518189, 46.9998245 ], [ -123.26499989, 46.9998245 ], [ -123.26420289, 46.9998245 ], [ -123.26305388, 47.0001465 ], [ -123.26243887, 47.0003185 ], [ -123.26031785, 47.00091349 ], [ -123.24796874, 47.00437747 ], [ -123.23527764, 47.00793443 ], [ -123.23527764, 47.00768744 ], [ -123.23534364, 47.00756494 ], [ -123.23537964, 47.00749044 ], [ -123.23541464, 47.00730144 ], [ -123.23539064, 47.00717444 ], [ -123.23532364, 47.00707644 ], [ -123.23497364, 47.00676144 ], [ -123.23490564, 47.00665444 ], [ -123.23486164, 47.00652844 ], [ -123.23484964, 47.00622244 ], [ -123.23481664, 47.00611444 ], [ -123.23470364, 47.00593444 ], [ -123.23466864, 47.00582644 ], [ -123.23469264, 47.00552044 ], [ -123.23463564, 47.00532344 ], [ -123.23463964, 47.00521444 ], [ -123.23470464, 47.00516944 ], [ -123.23497464, 47.00507944 ], [ -123.23506464, 47.00499844 ], [ -123.23514364, 47.00488944 ], [ -123.23529064, 47.00480844 ], [ -123.23565165, 47.00467244 ], [ -123.23575365, 47.00460045 ], [ -123.23575265, 47.00437545 ], [ -123.23573315, 47.00428095 ], [ -123.23574065, 47.00403545 ], [ -123.23574165, 47.00395245 ], [ -123.23578765, 47.00386345 ], [ -123.23597865, 47.00364645 ], [ -123.23605765, 47.00358245 ], [ -123.23612566, 47.00348345 ], [ -123.23617066, 47.00325945 ], [ -123.23621566, 47.00309745 ], [ -123.23627266, 47.00301645 ], [ -123.23656566, 47.00279045 ], [ -123.23662766, 47.00270945 ], [ -123.23668866, 47.00234945 ], [ -123.23677866, 47.00220645 ], [ -123.23720967, 47.00177246 ], [ -123.23727667, 47.00157346 ], [ -123.23734467, 47.00148346 ], [ -123.23769167, 47.00127546 ], [ -123.23784068, 47.00114046 ], [ -123.23794268, 47.00102346 ], [ -123.23796568, 47.00096946 ], [ -123.23798768, 47.00075346 ], [ -123.23802268, 47.00069046 ], [ -123.23808968, 47.00065446 ], [ -123.23820268, 47.00061846 ], [ -123.23834868, 47.00049246 ], [ -123.23849468, 47.00043746 ], [ -123.23870968, 47.00038346 ], [ -123.23880068, 47.00031146 ], [ -123.23907069, 46.99982646 ], [ -123.23907869, 46.99970746 ], [ -123.23916869, 46.99964446 ], [ -123.23934969, 46.99955446 ], [ -123.2397767, 46.99926446 ], [ -123.2399237, 46.99920146 ], [ -123.2402167, 46.99909346 ], [ -123.24049971, 46.99893946 ], [ -123.24106171, 46.99858746 ], [ -123.24126471, 46.99850546 ], [ -123.24142272, 46.99838846 ], [ -123.24155272, 46.99825346 ], [ -123.24162572, 46.99816345 ], [ -123.24177272, 46.99807345 ], [ -123.24215572, 46.99800945 ], [ -123.24232472, 46.99794545 ], [ -123.24287673, 46.99764745 ], [ -123.24332774, 46.99744945 ], [ -123.24396974, 46.99724045 ], [ -123.24437575, 46.99716745 ], [ -123.24477075, 46.99704145 ], [ -123.24512075, 46.99689645 ], [ -123.24599976, 46.99675945 ], [ -123.24633776, 46.99673145 ], [ -123.24660877, 46.99670345 ], [ -123.24695877, 46.99663145 ], [ -123.24758778, 46.99639545 ], [ -123.24825378, 46.99629545 ], [ -123.24872779, 46.99619545 ], [ -123.24911079, 46.99605045 ], [ -123.2497408, 46.99567845 ], [ -123.2499448, 46.99550845 ], [ -123.2500418, 46.99547545 ], [ -123.25025981, 46.99537345 ], [ -123.25054281, 46.99530045 ], [ -123.25089081, 46.99529945 ], [ -123.25127681, 46.99537145 ], [ -123.25149681, 46.99546945 ], [ -123.25178981, 46.99557645 ], [ -123.25231982, 46.99565645 ], [ -123.25261282, 46.99566545 ], [ -123.25358283, 46.99553745 ], [ -123.25390983, 46.99544645 ], [ -123.25431484, 46.99540045 ], [ -123.25457484, 46.99530145 ], [ -123.25478984, 46.99519245 ], [ -123.25503684, 46.99511045 ], [ -123.25552285, 46.99498445 ], [ -123.25588385, 46.99493745 ], [ -123.25606485, 46.99489345 ], [ -123.25630086, 46.99475745 ], [ -123.25658386, 46.99447745 ], [ -123.25687686, 46.99431545 ], [ -123.25695587, 46.99426045 ], [ -123.25724987, 46.99414345 ], [ -123.25762187, 46.99405245 ], [ -123.25790287, 46.99400645 ], [ -123.25829888, 46.99384345 ], [ -123.25886388, 46.99365345 ], [ -123.25916789, 46.99346445 ], [ -123.25924689, 46.99340945 ], [ -123.25955289, 46.99293244 ], [ -123.25957489, 46.99286044 ], [ -123.2595859, 46.99251744 ], [ -123.2596209, 46.99244544 ], [ -123.2596209, 46.99225744 ], [ -123.2595539, 46.99214844 ], [ -123.2594069, 46.99202344 ], [ -123.2592829, 46.99185343 ], [ -123.2592849, 46.99163643 ], [ -123.2593409, 46.99151943 ], [ -123.2593969, 46.99144743 ], [ -123.2594539, 46.99132143 ], [ -123.25982591, 46.99099743 ], [ -123.26006391, 46.99068143 ], [ -123.26017692, 46.99056443 ], [ -123.26035692, 46.99042843 ], [ -123.26046992, 46.99029342 ], [ -123.26051492, 46.99022142 ], [ -123.26057192, 46.99017542 ], [ -123.26060592, 46.99011342 ], [ -123.26061692, 46.98987942 ], [ -123.26093393, 46.98953642 ], [ -123.26108593, 46.98932842 ], [ -123.26109293, 46.98914042 ], [ -123.26107093, 46.98908642 ], [ -123.26101393, 46.98904142 ], [ -123.26091293, 46.98883441 ], [ -123.26091394, 46.98820441 ], [ -123.26095994, 46.98805141 ], [ -123.26097094, 46.9874934 ], [ -123.26105094, 46.9874034 ], [ -123.26138895, 46.9871054 ], [ -123.26153695, 46.9869254 ], [ -123.26155895, 46.9868804 ], [ -123.26156095, 46.9863584 ], [ -123.26153795, 46.9863044 ], [ -123.26151596, 46.98614339 ], [ -123.26141396, 46.98591739 ], [ -123.26124596, 46.98573139 ], [ -123.26097596, 46.98548739 ], [ -123.26089795, 46.98540639 ], [ -123.26068295, 46.98523539 ], [ -123.26055995, 46.98507339 ], [ -123.26052495, 46.98498438 ], [ -123.26046996, 46.98455238 ], [ -123.26049396, 46.98444438 ], [ -123.26063996, 46.98417438 ], [ -123.26067396, 46.98405638 ], [ -123.26070796, 46.98399338 ], [ -123.26074196, 46.98384038 ], [ -123.26077597, 46.98374138 ], [ -123.26079897, 46.98359737 ], [ -123.26084497, 46.98348937 ], [ -123.26087797, 46.98332737 ], [ -123.26103797, 46.98297637 ], [ -123.26104797, 46.98288537 ], [ -123.26118998, 46.98269637 ], [ -123.26136498, 46.98234537 ], [ -123.26143298, 46.98212036 ], [ -123.26147798, 46.98202136 ], [ -123.26159098, 46.98191336 ], [ -123.26188499, 46.98169636 ], [ -123.26208799, 46.98150736 ], [ -123.26219499, 46.98137236 ], [ -123.26229199, 46.98117336 ], [ -123.262314, 46.98108336 ], [ -123.26245, 46.98075036 ], [ -123.262425, 46.98057035 ], [ -123.262406, 46.98018335 ], [ -123.262418, 46.98007535 ], [ -123.262498, 46.97993135 ], [ -123.26262101, 46.97980435 ], [ -123.26281301, 46.97967835 ], [ -123.26297101, 46.97960635 ], [ -123.26325301, 46.97949735 ], [ -123.26351301, 46.97936235 ], [ -123.26368202, 46.97926335 ], [ -123.26388502, 46.97920835 ], [ -123.26443802, 46.97915235 ], [ -123.26504603, 46.97912435 ], [ -123.26530503, 46.97907835 ], [ -123.26551903, 46.97900635 ], [ -123.26582304, 46.97892435 ], [ -123.26602704, 46.97882535 ], [ -123.26617404, 46.97870835 ], [ -123.26629904, 46.97853735 ], [ -123.26633104, 46.97847335 ], [ -123.26654605, 46.97818534 ], [ -123.26675005, 46.97798734 ], [ -123.26700905, 46.97779734 ], [ -123.26720206, 46.97772434 ], [ -123.26754006, 46.97762534 ], [ -123.26771606, 46.97755334 ], [ -123.26793406, 46.97739034 ], [ -123.26798506, 46.97733534 ], [ -123.26855507, 46.97731634 ], [ -123.26974908, 46.97721434 ], [ -123.27002008, 46.97716934 ], [ -123.27066209, 46.97701534 ], [ -123.27110209, 46.97695934 ], [ -123.2718701, 46.97679634 ], [ -123.2726471, 46.97657834 ], [ -123.27317711, 46.97646034 ], [ -123.27342511, 46.97638734 ], [ -123.27358411, 46.97629634 ], [ -123.27385412, 46.97617034 ], [ -123.27400012, 46.97605234 ], [ -123.27410312, 46.97592634 ], [ -123.27415812, 46.97581834 ], [ -123.27430612, 46.97562934 ], [ -123.27456513, 46.97544834 ], [ -123.27471213, 46.97536734 ], [ -123.27502813, 46.97529434 ], [ -123.27542314, 46.97516834 ], [ -123.27577214, 46.97509534 ], [ -123.27589514, 46.97508534 ], [ -123.27599714, 46.97511234 ], [ -123.27613214, 46.97516634 ], [ -123.27635714, 46.97530034 ], [ -123.27642614, 46.97538134 ], [ -123.27652614, 46.97546234 ], [ -123.27669514, 46.97553334 ], [ -123.27691014, 46.97557834 ], [ -123.27715815, 46.97556834 ], [ -123.27740615, 46.97547834 ], [ -123.27747315, 46.97542334 ], [ -123.27751815, 46.97525234 ], [ -123.27757515, 46.97512634 ], [ -123.27768815, 46.97496434 ], [ -123.27781216, 46.97482934 ], [ -123.27787916, 46.97473034 ], [ -123.27789116, 46.97458534 ], [ -123.27785816, 46.97452234 ], [ -123.27771116, 46.97439733 ], [ -123.27755416, 46.97428933 ], [ -123.27699116, 46.97405733 ], [ -123.27682215, 46.97392233 ], [ -123.27670916, 46.97378733 ], [ -123.27664216, 46.97362633 ], [ -123.27661916, 46.97355433 ], [ -123.27640616, 46.97314932 ], [ -123.27638416, 46.97304132 ], [ -123.27647516, 46.97284332 ], [ -123.27658716, 46.97276232 ], [ -123.27675616, 46.97270732 ], [ -123.27685716, 46.97270732 ], [ -123.27762417, 46.97281332 ], [ -123.27771517, 46.97281332 ], [ -123.27781617, 46.97277732 ], [ -123.27809817, 46.97259632 ], [ -123.27823317, 46.97247032 ], [ -123.27833418, 46.97233532 ], [ -123.27838018, 46.97219132 ], [ -123.27835818, 46.97197532 ], [ -123.27829118, 46.97183132 ], [ -123.27809918, 46.97156131 ], [ -123.27795318, 46.97141831 ], [ -123.27777318, 46.97119331 ], [ -123.27768318, 46.97101331 ], [ -123.27758218, 46.97074431 ], [ -123.27757118, 46.9704383 ], [ -123.27763919, 46.9701053 ], [ -123.27765119, 46.9698983 ] ] ], [ [ [ -123.625511, 46.976815 ], [ -123.624317, 46.976821 ], [ -123.624327443615769, 46.977714138019962 ], [ -123.624023471, 46.977516447 ], [ -123.623637377, 46.977313395 ], [ -123.623222415, 46.977139096 ], [ -123.622783091, 46.976995425 ], [ -123.62232426, 46.976883951 ], [ -123.622869745, 46.977208136 ], [ -123.621727413, 46.977202001 ], [ -123.621536066, 46.976773437 ], [ -123.621214167, 46.976755598 ], [ -123.62072729, 46.976757702 ], [ -123.620243396, 46.976794616 ], [ -123.619847111, 46.976854078 ], [ -123.619767814, 46.976865965 ], [ -123.619768079, 46.976920549 ], [ -123.619777578858006, 46.978983995308958 ], [ -123.617768, 46.978995 ], [ -123.617766, 46.978817 ], [ -123.61744434762339, 46.978818563949964 ], [ -123.617424501, 46.977194633 ], [ -123.617130204366546, 46.977193816251926 ], [ -123.617097, 46.974321 ], [ -123.618908, 46.974311 ], [ -123.618886, 46.972351 ], [ -123.625458, 46.972315 ], [ -123.625511, 46.976815 ] ] ], [ [ [ -123.657357, 46.974066 ], [ -123.65736, 46.974269 ], [ -123.658684, 46.974261 ], [ -123.658675, 46.973539 ], [ -123.665248, 46.973501 ], [ -123.665304, 46.978 ], [ -123.658827, 46.978038 ], [ -123.658836, 46.97876 ], [ -123.652263, 46.978797 ], [ -123.65226, 46.978594 ], [ -123.650839, 46.978602 ], [ -123.650784, 46.974103 ], [ -123.657357, 46.974066 ] ] ], [ [ [ -123.561401, 46.981913 ], [ -123.563079, 46.981904 ], [ -123.563076, 46.981562 ], [ -123.56965, 46.981529 ], [ -123.569661982886188, 46.98265214593652 ], [ -123.568513178, 46.982778301 ], [ -123.565201599, 46.983023334 ], [ -123.564704482, 46.983066265 ], [ -123.559618843, 46.983469788 ], [ -123.559593346, 46.983800693 ], [ -123.559601291, 46.983967348 ], [ -123.559676494, 46.984241373 ], [ -123.559817126, 46.984532729 ], [ -123.559986248, 46.984854811 ], [ -123.560685445, 46.984702859 ], [ -123.560688834, 46.984587916 ], [ -123.561489329, 46.984585687 ], [ -123.563915496, 46.984058156 ], [ -123.565964003, 46.983613698 ], [ -123.56687672, 46.983847576 ], [ -123.567717644, 46.984046465 ], [ -123.567731971, 46.984223914 ], [ -123.566428805, 46.983915697 ], [ -123.56548985, 46.984118977 ], [ -123.565486155, 46.984519635 ], [ -123.564813157, 46.984521533 ], [ -123.56480666, 46.985069931 ], [ -123.564801465, 46.985508257 ], [ -123.565937682, 46.985497805 ], [ -123.567326032, 46.98548502 ], [ -123.567315375, 46.986387962 ], [ -123.564790766, 46.986411199 ], [ -123.564789730584721, 46.986498574695894 ], [ -123.563717, 46.986504 ], [ -123.563727, 46.987437 ], [ -123.557553, 46.987468 ], [ -123.557566, 46.988658 ], [ -123.557374, 46.988659 ], [ -123.557375, 46.98881 ], [ -123.554023479864256, 46.988826311580887 ], [ -123.55402478, 46.98916781 ], [ -123.55402878, 46.99036381 ], [ -123.55405877, 46.99181082 ], [ -123.55504577, 46.99181482 ], [ -123.55509877, 46.99201882 ], [ -123.55518777, 46.99217182 ], [ -123.55531177, 46.99235083 ], [ -123.55533477, 46.99243183 ], [ -123.55523277, 46.99262083 ], [ -123.55516477, 46.99272083 ], [ -123.55512077, 46.99284683 ], [ -123.55507477, 46.99290083 ], [ -123.55488277, 46.99300983 ], [ -123.55482677, 46.99309083 ], [ -123.55479277, 46.99323583 ], [ -123.55479077, 46.99342383 ], [ -123.55485877, 46.99352283 ], [ -123.55497177, 46.99360383 ], [ -123.55516377, 46.99368383 ], [ -123.55533277, 46.99379083 ], [ -123.55543477, 46.99390683 ], [ -123.55562577, 46.99416683 ], [ -123.55565977, 46.99423883 ], [ -123.55565877, 46.99431083 ], [ -123.55572676, 46.99461684 ], [ -123.55578276, 46.99475184 ], [ -123.55587576, 46.99493084 ], [ -123.55600876, 46.99512384 ], [ -123.55607576, 46.99528084 ], [ -123.55607476, 46.99549684 ], [ -123.55605176, 46.99555984 ], [ -123.55602876, 46.99573984 ], [ -123.55598476, 46.99597384 ], [ -123.55596176, 46.99623484 ], [ -123.55593976, 46.99629784 ], [ -123.55595076, 46.99685585 ], [ -123.55598376, 46.99702685 ], [ -123.55620876, 46.99731385 ], [ -123.55645675, 46.99760985 ], [ -123.55665975, 46.99779785 ], [ -123.55694075, 46.99801185 ], [ -123.55718875, 46.99815485 ], [ -123.55730175, 46.99828985 ], [ -123.55729575, 46.99841585 ], [ -123.55703075, 46.99882185 ], [ -123.55691775, 46.99892986 ], [ -123.55680475, 46.99896686 ], [ -123.55665775, 46.99895886 ], [ -123.55644275, 46.99886985 ], [ -123.55632075, 46.99877085 ], [ -123.55613975, 46.99870885 ], [ -123.55598175, 46.99870085 ], [ -123.55575675, 46.99874685 ], [ -123.55560975, 46.99881085 ], [ -123.55549675, 46.99890086 ], [ -123.55541675, 46.99900086 ], [ -123.55537175, 46.99909086 ], [ -123.55529275, 46.99930686 ], [ -123.55527075, 46.99943286 ], [ -123.55516075, 46.99985686 ], [ -123.55517775, 46.99994686 ], [ -123.55500875, 47.00019886 ], [ -123.55498575, 47.00026286 ], [ -123.55493475, 47.00033486 ], [ -123.55478274, 47.00062286 ], [ -123.55476074, 47.00069586 ], [ -123.55468974, 47.00079486 ], [ -123.55444374, 47.00101186 ], [ -123.55408374, 47.00149486 ], [ -123.55400374, 47.00165286 ], [ -123.55388574, 47.00180786 ], [ -123.55379973, 47.00192386 ], [ -123.55375473, 47.00202286 ], [ -123.55367573, 47.00231186 ], [ -123.55353973, 47.00265386 ], [ -123.55357273, 47.00285186 ], [ -123.55385273, 47.00315486 ], [ -123.55394472, 47.00325486 ], [ -123.55405172, 47.00344386 ], [ -123.55413672, 47.00364985 ], [ -123.55431672, 47.00416185 ], [ -123.55443971, 47.00467485 ], [ -123.55448471, 47.00479085 ], [ -123.55455071, 47.00505185 ], [ -123.55459671, 47.00515985 ], [ -123.55464071, 47.00533885 ], [ -123.55466171, 47.00552385 ], [ -123.55467471, 47.00558185 ], [ -123.55469671, 47.00574385 ], [ -123.5548317, 47.00629185 ], [ -123.5548507, 47.00646785 ], [ -123.5548417, 47.00697585 ], [ -123.55489069, 47.00729485 ], [ -123.55494269, 47.00752485 ], [ -123.55494269, 47.00777685 ], [ -123.55486269, 47.00787585 ], [ -123.55482869, 47.00793885 ], [ -123.55482869, 47.00815485 ], [ -123.55516568, 47.00892685 ], [ -123.55518868, 47.00901685 ], [ -123.55523368, 47.00911585 ], [ -123.55527468, 47.00934085 ], [ -123.55529668, 47.00956985 ], [ -123.555314701395659, 47.009715960239475 ], [ -123.55347788, 47.009722507 ], [ -123.55288998704232, 47.024450579939909 ], [ -123.551978005076322, 47.024432051493264 ], [ -123.542277936, 47.024234967 ], [ -123.542315851619705, 47.025735998060952 ], [ -123.54239833, 47.02900155 ], [ -123.54182754, 47.02917482 ], [ -123.54039254, 47.02935682 ], [ -123.53869053, 47.02944782 ], [ -123.53842353, 47.02963082 ], [ -123.53812453, 47.03029382 ], [ -123.53815952, 47.03097882 ], [ -123.5387985, 47.03353781 ], [ -123.5387665, 47.03424581 ], [ -123.53859949, 47.03479481 ], [ -123.53780049, 47.03577681 ], [ -123.53629948, 47.03712481 ], [ -123.53589847, 47.03771881 ], [ -123.53589947, 47.03817581 ], [ -123.53626747, 47.0386558 ], [ -123.53787646, 47.0397078 ], [ -123.53790045, 47.0402278 ], [ -123.53790545, 47.0403318 ], [ -123.53776145, 47.0403438 ], [ -123.53753645, 47.0404078 ], [ -123.53729845, 47.0404988 ], [ -123.53700445, 47.0405628 ], [ -123.53686945, 47.0406268 ], [ -123.53605645, 47.0409088 ], [ -123.53573145, 47.0409958 ], [ -123.53482645, 47.0413558 ], [ -123.53469045, 47.0414648 ], [ -123.53453244, 47.0417438 ], [ -123.53441944, 47.0418978 ], [ -123.53414844, 47.0421238 ], [ -123.53400144, 47.0422148 ], [ -123.53386644, 47.0422608 ], [ -123.53363744, 47.0423158 ], [ -123.53326744, 47.0424068 ], [ -123.53295144, 47.0425078 ], [ -123.53279244, 47.0426068 ], [ -123.53275144, 47.0426708 ], [ -123.53255644, 47.0429148 ], [ -123.53237543, 47.0430318 ], [ -123.53211643, 47.0431498 ], [ -123.53163043, 47.0433238 ], [ -123.53124443, 47.0435308 ], [ -123.53104143, 47.0433648 ], [ -123.53073143, 47.0431418 ], [ -123.53046143, 47.0430528 ], [ -123.53019044, 47.0429498 ], [ -123.52987644, 47.0428568 ], [ -123.52949644, 47.0427238 ], [ -123.52918544, 47.0425708 ], [ -123.52892244, 47.0423518 ], [ -123.52883944, 47.0422478 ], [ -123.52875344, 47.0421408 ], [ -123.52855744, 47.0419478 ], [ -123.52802544, 47.0418018 ], [ -123.52814845, 47.0414238 ], [ -123.52822345, 47.0411758 ], [ -123.52821145, 47.0409488 ], [ -123.52814145, 47.0406028 ], [ -123.52810446, 47.0403898 ], [ -123.52805246, 47.0401328 ], [ -123.52802646, 47.0398928 ], [ -123.52803546, 47.0396178 ], [ -123.52806046, 47.0393848 ], [ -123.52809346, 47.0392858 ], [ -123.52814646, 47.0391338 ], [ -123.52838947, 47.0385348 ], [ -123.52860147, 47.0380308 ], [ -123.52863347, 47.0379588 ], [ -123.52880747, 47.0376258 ], [ -123.52885448, 47.0375538 ], [ -123.52892548, 47.0373778 ], [ -123.52899348, 47.0371648 ], [ -123.52903848, 47.0370408 ], [ -123.52907048, 47.0367978 ], [ -123.52909948, 47.0364308 ], [ -123.52906349, 47.03603181 ], [ -123.52897549, 47.03567681 ], [ -123.52883349, 47.03530381 ], [ -123.5286775, 47.03499381 ], [ -123.5284335, 47.03453381 ], [ -123.52730352, 47.03233981 ], [ -123.52647453, 47.03074881 ], [ -123.52611253, 47.02993781 ], [ -123.52608153, 47.02985181 ], [ -123.52524355, 47.02818581 ], [ -123.52518055, 47.02804081 ], [ -123.52508255, 47.02781281 ], [ -123.52503355, 47.02741782 ], [ -123.52502755, 47.02719382 ], [ -123.52502556, 47.02712182 ], [ -123.52502656, 47.02619282 ], [ -123.52499057, 47.02540482 ], [ -123.52484158, 47.02430882 ], [ -123.52449559, 47.02267282 ], [ -123.5241546, 47.02111982 ], [ -123.52386161, 47.01964383 ], [ -123.52362662, 47.01794783 ], [ -123.52354163, 47.01746383 ], [ -123.52345063, 47.01746283 ], [ -123.52320963, 47.01740583 ], [ -123.52305363, 47.01709583 ], [ -123.52294063, 47.01697783 ], [ -123.52281863, 47.01684983 ], [ -123.52258363, 47.01651783 ], [ -123.52250464, 47.01645983 ], [ -123.52234664, 47.01629383 ], [ -123.52202964, 47.01607083 ], [ -123.52187164, 47.01590483 ], [ -123.52155564, 47.01562283 ], [ -123.52131564, 47.01551083 ], [ -123.52123864, 47.01534483 ], [ -123.52108165, 47.01512483 ], [ -123.52100565, 47.01495883 ], [ -123.52084865, 47.01473983 ], [ -123.52037765, 47.01418383 ], [ -123.52029865, 47.01407183 ], [ -123.52014066, 47.01390583 ], [ -123.51998166, 47.01379383 ], [ -123.51966166, 47.01367883 ], [ -123.51935766, 47.01359083 ], [ -123.51926166, 47.01356283 ], [ -123.51878066, 47.01344883 ], [ -123.51854166, 47.01333683 ], [ -123.51846466, 47.01317083 ], [ -123.51830566, 47.01305883 ], [ -123.51799067, 47.01272283 ], [ -123.51783067, 47.01266983 ], [ -123.51759067, 47.01261283 ], [ -123.51742967, 47.01255483 ], [ -123.51718967, 47.01255183 ], [ -123.51712167, 47.01253583 ], [ -123.51694767, 47.01249383 ], [ -123.51678767, 47.01249483 ], [ -123.51662667, 47.01243683 ], [ -123.51638467, 47.01243383 ], [ -123.51590567, 47.01226483 ], [ -123.51558467, 47.01220783 ], [ -123.51518667, 47.01197983 ], [ -123.51502767, 47.01186783 ], [ -123.51486767, 47.01181483 ], [ -123.51462967, 47.01164483 ], [ -123.51463568, 47.01137083 ], [ -123.51471868, 47.01126183 ], [ -123.51480268, 47.01109584 ], [ -123.51480968, 47.01076684 ], [ -123.51457268, 47.01054284 ], [ -123.51449368, 47.01048884 ], [ -123.51434069, 47.01004484 ], [ -123.51434769, 47.00973784 ], [ -123.51435069, 47.00960384 ], [ -123.51427169, 47.00954984 ], [ -123.51419369, 47.00938384 ], [ -123.51388169, 47.00893984 ], [ -123.5138037, 47.00877384 ], [ -123.5138137, 47.00833284 ], [ -123.5137367, 47.00816684 ], [ -123.5136597, 47.00794684 ], [ -123.5132637, 47.00766484 ], [ -123.51318471, 47.00755284 ], [ -123.51302571, 47.00749884 ], [ -123.51286671, 47.00738784 ], [ -123.51270571, 47.00738384 ], [ -123.51221971, 47.00748984 ], [ -123.5118117, 47.00776084 ], [ -123.5116457, 47.00797784 ], [ -123.5113997, 47.00819984 ], [ -123.5109907, 47.00847084 ], [ -123.5104267, 47.00846484 ], [ -123.5101067, 47.00840784 ], [ -123.5098647, 47.00840384 ], [ -123.5093887, 47.00806884 ], [ -123.50923271, 47.00779084 ], [ -123.50899771, 47.00751284 ], [ -123.50884171, 47.00729284 ], [ -123.50876371, 47.00712684 ], [ -123.50860571, 47.00701484 ], [ -123.50821972, 47.00618484 ], [ -123.50822672, 47.00585184 ], [ -123.50814972, 47.00568484 ], [ -123.50807172, 47.00557784 ], [ -123.50783272, 47.00546184 ], [ -123.50767172, 47.00540884 ], [ -123.50750772, 47.00540484 ], [ -123.50728072, 47.00535584 ], [ -123.50693573, 47.00512384 ], [ -123.50665273, 47.00503084 ], [ -123.50639073, 47.00497284 ], [ -123.50612873, 47.00496084 ], [ -123.50534373, 47.00496384 ], [ -123.50463973, 47.00499484 ], [ -123.50443773, 47.00495484 ], [ -123.50425573, 47.00484784 ], [ -123.50397273, 47.00472284 ], [ -123.50344873, 47.00464384 ], [ -123.50288473, 47.00457884 ], [ -123.50179673, 47.00455284 ], [ -123.50143373, 47.00451384 ], [ -123.50128873, 47.00451384 ], [ -123.50074873, 47.00450284 ], [ -123.49960173, 47.00450784 ], [ -123.49911872, 47.00456384 ], [ -123.49889772, 47.00453784 ], [ -123.49865472, 47.00443084 ], [ -123.49843172, 47.00423884 ], [ -123.49794672, 47.00408784 ], [ -123.49744172, 47.00385584 ], [ -123.49690071, 47.00387084 ], [ -123.49626671, 47.00388784 ], [ -123.49626623, 47.00388785 ], [ -123.49626625, 47.00388679 ], [ -123.49626805, 47.00380579 ], [ -123.49626735, 47.00380478 ], [ -123.49618965, 47.00369365 ], [ -123.49611025, 47.00363999 ], [ -123.49611145, 47.00358145 ], [ -123.49603392, 47.00347385 ], [ -123.49603505, 47.00341539 ], [ -123.49587812, 47.00319559 ], [ -123.49588112, 47.00308305 ], [ -123.49580365, 47.00291685 ], [ -123.49574525, 47.00278219 ], [ -123.49582372, 47.00260639 ], [ -123.49602585, 47.00258299 ], [ -123.49608045, 47.00267278 ], [ -123.49612912, 47.00275672 ], [ -123.49612985, 47.00275798 ], [ -123.49613165, 47.00264545 ], [ -123.49610725, 47.00259165 ], [ -123.49605525, 47.00247938 ], [ -123.49597772, 47.00231325 ], [ -123.49597965, 47.00220525 ], [ -123.49590252, 47.00209305 ], [ -123.49582412, 47.00198099 ], [ -123.49566825, 47.00170265 ], [ -123.495635034368888, 47.00166746727696 ], [ -123.495662, 47.004556 ], [ -123.49511581002713, 47.004558366735559 ], [ -123.49530469, 47.00576183 ], [ -123.49537668, 47.00599383 ], [ -123.49569068, 47.00637783 ], [ -123.49611868, 47.00689983 ], [ -123.49692068, 47.00793683 ], [ -123.49746968, 47.00862483 ], [ -123.49775168, 47.00901583 ], [ -123.49798768, 47.00938383 ], [ -123.49810268, 47.00968083 ], [ -123.49818868, 47.01010883 ], [ -123.49831266, 47.01201283 ], [ -123.49832966, 47.01280283 ], [ -123.49841765, 47.01325782 ], [ -123.49851665, 47.01359282 ], [ -123.49861165, 47.01384182 ], [ -123.49872265, 47.01406582 ], [ -123.49897765, 47.01445182 ], [ -123.49914265, 47.01467682 ], [ -123.49968765, 47.01528882 ], [ -123.50003565, 47.01558582 ], [ -123.50047365, 47.01603182 ], [ -123.50070864, 47.01622782 ], [ -123.50096964, 47.01641782 ], [ -123.50129464, 47.01661182 ], [ -123.50179964, 47.01684582 ], [ -123.50194664, 47.01690682 ], [ -123.50121363, 47.01736182 ], [ -123.50121063, 47.01783282 ], [ -123.50121463, 47.01843282 ], [ -123.50118062, 47.01887482 ], [ -123.50121262, 47.01917482 ], [ -123.50123461, 47.02062582 ], [ -123.50125461, 47.02125582 ], [ -123.50126959, 47.02283781 ], [ -123.50060053, 47.0310978 ], [ -123.50059653, 47.0311478 ], [ -123.49875852, 47.0318578 ], [ -123.49862551, 47.0321088 ], [ -123.49862551, 47.0326118 ], [ -123.49889351, 47.0331148 ], [ -123.4988605, 47.0336858 ], [ -123.4985275, 47.03423479 ], [ -123.49729048, 47.03549279 ], [ -123.49695647, 47.03567579 ], [ -123.49558646, 47.03599579 ], [ -123.49505846, 47.03633878 ], [ -123.49424944, 47.03686578 ], [ -123.49384844, 47.03697978 ], [ -123.49338044, 47.03695678 ], [ -123.49257843, 47.03675178 ], [ -123.49190943, 47.03684378 ], [ -123.49110742, 47.03718678 ], [ -123.49043941, 47.03764378 ], [ -123.4896034, 47.03785077 ], [ -123.48900339, 47.03881077 ], [ -123.48883639, 47.03938177 ], [ -123.48863638, 47.03967877 ], [ -123.48770037, 47.04031977 ], [ -123.48676436, 47.04063976 ], [ -123.48606235, 47.04105676 ], [ -123.48576235, 47.04123476 ], [ -123.48425833, 47.04237776 ], [ -123.48242031, 47.04292775 ], [ -123.4808493, 47.04363675 ], [ -123.4808823, 47.04379675 ], [ -123.4814533, 47.04425375 ], [ -123.4818573, 47.04496275 ], [ -123.48182629, 47.04592275 ], [ -123.48142828, 47.04656275 ], [ -123.48086127, 47.04695175 ], [ -123.48002726, 47.04740974 ], [ -123.47992826, 47.04761574 ], [ -123.47993026, 47.04834774 ], [ -123.47836623, 47.05040574 ], [ -123.47766622, 47.05113773 ], [ -123.4755322, 47.05221373 ], [ -123.47513319, 47.05287673 ], [ -123.47503718, 47.05413272 ], [ -123.47477018, 47.05442972 ], [ -123.47433717, 47.05463672 ], [ -123.47363617, 47.05481972 ], [ -123.47306816, 47.05481972 ], [ -123.47266816, 47.05470572 ], [ -123.47213316, 47.05440872 ], [ -123.47163316, 47.05383872 ], [ -123.47116616, 47.05344972 ], [ -123.46956315, 47.05324571 ], [ -123.46892814, 47.05308571 ], [ -123.46822814, 47.05262871 ], [ -123.46809414, 47.05242371 ], [ -123.46806215, 47.05189871 ], [ -123.46846516, 47.05098472 ], [ -123.46893516, 47.05029872 ], [ -123.46893517, 47.04981872 ], [ -123.46780116, 47.04933972 ], [ -123.46752616, 47.04915172 ], [ -123.46723316, 47.04895172 ], [ -123.46706716, 47.04872272 ], [ -123.46639916, 47.04849472 ], [ -123.46626516, 47.04835772 ], [ -123.46606716, 47.04744272 ], [ -123.46580117, 47.04710172 ], [ -123.46526716, 47.04687272 ], [ -123.46403815, 47.04685172 ], [ -123.46396315, 47.04685072 ], [ -123.46356015, 47.04675871 ], [ -123.46244115, 47.04552272 ], [ -123.46192816, 47.04453872 ], [ -123.46164017, 47.04256972 ], [ -123.46126117, 47.04151772 ], [ -123.46088617, 47.04092172 ], [ -123.45971717, 47.03993972 ], [ -123.45878217, 47.03959772 ], [ -123.45577715, 47.03898071 ], [ -123.45133512, 47.03822771 ], [ -123.45112812, 47.03817271 ], [ -123.44926811, 47.03771171 ], [ -123.44933111, 47.03784571 ], [ -123.44898711, 47.03776471 ], [ -123.44881511, 47.03770271 ], [ -123.4486001, 47.03765771 ], [ -123.4482061, 47.0375967 ], [ -123.4479471, 47.0374987 ], [ -123.4477781, 47.0374007 ], [ -123.4476641, 47.0372837 ], [ -123.4475851, 47.0371397 ], [ -123.4475621, 47.0369967 ], [ -123.4475411, 47.03657371 ], [ -123.4475071, 47.03649271 ], [ -123.44748411, 47.03637571 ], [ -123.44744011, 47.03626771 ], [ -123.44744011, 47.03593471 ], [ -123.44751811, 47.03581771 ], [ -123.44762011, 47.03575471 ], [ -123.44764311, 47.03568271 ], [ -123.44760911, 47.03562871 ], [ -123.44746211, 47.03557471 ], [ -123.44736111, 47.03548571 ], [ -123.44730311, 47.03538671 ], [ -123.44726011, 47.03523371 ], [ -123.44707911, 47.03494671 ], [ -123.44695411, 47.03476671 ], [ -123.44683111, 47.03450671 ], [ -123.44644811, 47.03392271 ], [ -123.44609811, 47.03350171 ], [ -123.44604711, 47.03341171 ], [ -123.44561311, 47.03296371 ], [ -123.44552311, 47.03281971 ], [ -123.44536511, 47.03264971 ], [ -123.44516211, 47.03246171 ], [ -123.44482411, 47.03212071 ], [ -123.44474611, 47.03201271 ], [ -123.44472312, 47.03188671 ], [ -123.44473312, 47.03166171 ], [ -123.44475712, 47.03151771 ], [ -123.44476812, 47.03099571 ], [ -123.44483712, 47.03085171 ], [ -123.44491512, 47.03074371 ], [ -123.44511013, 47.03061171 ], [ -123.44510313, 47.03036571 ], [ -123.44506913, 47.03017671 ], [ -123.44517713, 47.02995071 ], [ -123.44519013, 47.02990171 ], [ -123.44527813, 47.02957471 ], [ -123.44535114, 47.02924572 ], [ -123.44550814, 47.02889872 ], [ -123.44565514, 47.02860872 ], [ -123.44579915, 47.02836472 ], [ -123.44602665, 47.02802172 ], [ -123.44634215, 47.02765572 ], [ -123.44661816, 47.02739172 ], [ -123.44717617, 47.02691772 ], [ -123.44706217, 47.02678472 ], [ -123.44698417, 47.02670372 ], [ -123.44698417, 47.02658672 ], [ -123.44708517, 47.02650572 ], [ -123.44726517, 47.02642372 ], [ -123.44751417, 47.02643172 ], [ -123.44762717, 47.02638672 ], [ -123.44778518, 47.02622372 ], [ -123.44790918, 47.02614272 ], [ -123.44801018, 47.02611572 ], [ -123.44807818, 47.02606073 ], [ -123.44819118, 47.02589873 ], [ -123.44827618, 47.02579973 ], [ -123.44833918, 47.02570873 ], [ -123.44847718, 47.02564573 ], [ -123.44881219, 47.02554473 ], [ -123.44903819, 47.02535573 ], [ -123.44919719, 47.02518373 ], [ -123.44923519, 47.02512973 ], [ -123.4494782, 47.02492173 ], [ -123.4496142, 47.02482173 ], [ -123.4496812, 47.02473173 ], [ -123.4499752, 47.02446973 ], [ -123.4499752, 47.02439773 ], [ -123.4498052, 47.02429973 ], [ -123.4496702, 47.02420073 ], [ -123.4495692, 47.02410273 ], [ -123.4495802, 47.02401273 ], [ -123.4496372, 47.02393173 ], [ -123.44968221, 47.02381373 ], [ -123.44960321, 47.02374273 ], [ -123.44953521, 47.02362573 ], [ -123.44954721, 47.02354473 ], [ -123.44976121, 47.02340873 ], [ -123.45002121, 47.02330873 ], [ -123.45012321, 47.02324573 ], [ -123.45039422, 47.02310073 ], [ -123.45054022, 47.02299173 ], [ -123.45059122, 47.02289273 ], [ -123.45061822, 47.02281173 ], [ -123.45066422, 47.02273074 ], [ -123.45074322, 47.02266673 ], [ -123.45088922, 47.02266674 ], [ -123.45109322, 47.02280074 ], [ -123.45122922, 47.02279974 ], [ -123.45135323, 47.02276374 ], [ -123.45142623, 47.02265574 ], [ -123.45151123, 47.02254674 ], [ -123.45172523, 47.02262774 ], [ -123.45188323, 47.02265374 ], [ -123.45223223, 47.02282274 ], [ -123.45247023, 47.02289474 ], [ -123.45266223, 47.02287574 ], [ -123.45274024, 47.02282074 ], [ -123.45277524, 47.02275774 ], [ -123.45278624, 47.02259574 ], [ -123.45286524, 47.02248774 ], [ -123.45305724, 47.02235174 ], [ -123.45311324, 47.02227074 ], [ -123.45311324, 47.02207274 ], [ -123.45306824, 47.02197374 ], [ -123.45304524, 47.02187474 ], [ -123.45297724, 47.02174074 ], [ -123.45288824, 47.02162374 ], [ -123.45274124, 47.02148974 ], [ -123.45259524, 47.02127374 ], [ -123.45260725, 47.02117474 ], [ -123.45266225, 47.02112974 ], [ -123.45341925, 47.02090174 ], [ -123.45355526, 47.02081174 ], [ -123.45375726, 47.02064874 ], [ -123.45387126, 47.02050374 ], [ -123.45394926, 47.02033274 ], [ -123.45400526, 47.02026974 ], [ -123.45415326, 47.02016074 ], [ -123.45427727, 47.02000775 ], [ -123.45438927, 47.01982675 ], [ -123.45451427, 47.01958375 ], [ -123.45453727, 47.01947575 ], [ -123.45462727, 47.01938575 ], [ -123.45480727, 47.01936675 ], [ -123.45491728, 47.01942875 ], [ -123.45509027, 47.01955475 ], [ -123.45523628, 47.01958075 ], [ -123.45543928, 47.01953475 ], [ -123.45573328, 47.01938975 ], [ -123.45591328, 47.01931675 ], [ -123.45610529, 47.01928075 ], [ -123.45637829, 47.01927975 ], [ -123.45624932, 47.01487876 ], [ -123.45614234, 47.01104376 ], [ -123.45609836, 47.00866477 ], [ -123.45609037, 47.00648177 ], [ -123.45316435, 47.00654477 ], [ -123.44610229, 47.00666276 ], [ -123.44589929, 47.00666876 ], [ -123.44588629, 47.00654376 ], [ -123.4458663, 47.00535976 ], [ -123.4458573, 47.00506576 ], [ -123.4458523, 47.00489276 ], [ -123.44584831, 47.00398976 ], [ -123.44584631, 47.00359076 ], [ -123.445842940596606, 47.00292447948069 ], [ -123.440905, 47.002944 ], [ -123.440893293438478, 47.001520545397092 ], [ -123.44094351, 47.001503496 ], [ -123.441360493, 47.001373038 ], [ -123.441785379, 47.00125512 ], [ -123.442217364, 47.001149966 ], [ -123.443513117, 47.000814907 ], [ -123.443808444, 47.000742179 ], [ -123.444112273, 47.000688276 ], [ -123.444422044, 47.000653653 ], [ -123.44473515, 47.000638602 ], [ -123.445048954, 47.000643247 ], [ -123.445360815, 47.000667552 ], [ -123.445668107, 47.000711311 ], [ -123.445968242, 47.000774155 ], [ -123.446258695, 47.000855556 ], [ -123.446171524, 46.999828355 ], [ -123.446123646, 46.999392288 ], [ -123.44613077, 46.998944355 ], [ -123.446127451001459, 46.998139996355178 ], [ -123.446141022004781, 46.998090604349059 ], [ -123.446259603, 46.997659029 ], [ -123.44634149, 46.997460241 ], [ -123.446401698502967, 46.997387126527059 ], [ -123.44657374, 46.99717821 ], [ -123.446022496842417, 46.99702136695867 ], [ -123.445821117, 46.996964068 ], [ -123.445684719433359, 46.996935095372478 ], [ -123.44565235, 46.99667075 ], [ -123.44659536, 46.99689175 ], [ -123.44746136, 46.99708575 ], [ -123.44885937, 46.99739176 ], [ -123.44957938, 46.99755376 ], [ -123.45032438, 46.99771476 ], [ -123.45102839, 46.99787326 ], [ -123.45178839, 46.99800976 ], [ -123.4526284, 46.99819377 ], [ -123.4534244, 46.99835577 ], [ -123.45433941, 46.99849777 ], [ -123.45532642, 46.99860477 ], [ -123.45617442, 46.99869178 ], [ -123.45625743, 46.99870078 ], [ -123.45722343, 46.99875278 ], [ -123.45930345, 46.99882978 ], [ -123.46060646, 46.99885978 ], [ -123.46316348, 46.99891779 ], [ -123.46519449, 46.99893579 ], [ -123.4662255, 46.99896279 ], [ -123.46863352, 46.9990268 ], [ -123.47117154, 46.9990728 ], [ -123.47462757, 46.99913581 ], [ -123.47573358, 46.99915881 ], [ -123.47708959, 46.99920481 ], [ -123.4789376, 46.99923581 ], [ -123.47996261, 46.99927981 ], [ -123.48069162, 46.99932682 ], [ -123.48127262, 46.99943182 ], [ -123.48165862, 46.99951582 ], [ -123.48332364, 46.99968682 ], [ -123.48452064, 46.99980082 ], [ -123.48531565, 46.99989282 ], [ -123.48557765, 46.99992083 ], [ -123.48818367, 47.00019783 ], [ -123.48832267, 47.00020383 ], [ -123.48885868, 47.00022883 ], [ -123.489044670191916, 47.000236987464561 ], [ -123.489043, 47.000085 ], [ -123.491429488005821, 47.000074840099714 ], [ -123.49237671, 46.99992784 ], [ -123.49298371, 46.99982484 ], [ -123.49298503, 46.99982461 ], [ -123.49304905, 46.99991419 ], [ -123.49312725, 47.00002639 ], [ -123.493185475434956, 47.000067364404416 ], [ -123.494032587247872, 47.00006375802905 ], [ -123.49401245, 47.00003605 ], [ -123.49393605, 46.99986985 ], [ -123.49387185, 46.99982519 ], [ -123.49377712, 46.99975805 ], [ -123.49370005, 46.99959199 ], [ -123.49362165, 46.99947979 ], [ -123.49354485, 46.99931365 ], [ -123.49346592, 46.99925999 ], [ -123.49338945, 46.99903539 ], [ -123.49323265, 46.99886959 ], [ -123.49299572, 46.99864559 ], [ -123.49283912, 46.99842579 ], [ -123.49268252, 46.99820145 ], [ -123.49252492, 46.99803565 ], [ -123.49236805, 46.99786985 ], [ -123.49197232, 46.99753419 ], [ -123.49173565, 46.99731019 ], [ -123.49136832, 46.99701479 ], [ -123.49110292, 46.99675499 ], [ -123.49095425, 46.99663865 ], [ -123.49093565, 46.99662979 ], [ -123.49060905, 46.99650965 ], [ -123.48999952, 46.99623779 ], [ -123.48968165, 46.99613119 ], [ -123.48926545, 46.99601145 ], [ -123.48881605, 46.99590085 ], [ -123.48841592, 46.99575859 ], [ -123.48796691, 46.99560263 ], [ -123.49075972, 46.99544781 ], [ -123.49602076, 46.99541682 ], [ -123.49902678, 46.99539982 ], [ -123.50130179, 46.99538682 ], [ -123.50348379, 46.99539382 ], [ -123.50568379, 46.99538782 ], [ -123.50620479, 46.99547182 ], [ -123.50656979, 46.99549582 ], [ -123.50692579, 46.99550382 ], [ -123.50739179, 46.99541282 ], [ -123.50768179, 46.99528082 ], [ -123.50798979, 46.99517682 ], [ -123.50838079, 46.99486682 ], [ -123.50863679, 46.99464482 ], [ -123.50882979, 46.99423882 ], [ -123.50905779, 46.99385882 ], [ -123.50923279, 46.99362281 ], [ -123.50968579, 46.99329481 ], [ -123.51004879, 46.99315581 ], [ -123.5109238, 46.99287081 ], [ -123.5113868, 46.99269981 ], [ -123.5117288, 46.99260581 ], [ -123.5119728, 46.99258281 ], [ -123.5124848, 46.99259881 ], [ -123.5130708, 46.99264781 ], [ -123.51358179, 46.99271181 ], [ -123.513735779881486, 46.99271873089355 ], [ -123.513735, 46.99264 ], [ -123.515652630783478, 46.992631543294905 ], [ -123.51581579, 46.99255481 ], [ -123.5160158, 46.99242281 ], [ -123.5162518, 46.99215581 ], [ -123.5164058, 46.99199481 ], [ -123.5164368, 46.99193781 ], [ -123.5165458, 46.99174181 ], [ -123.5167268, 46.99146681 ], [ -123.5167558, 46.99142181 ], [ -123.5169538, 46.9912478 ], [ -123.5172348, 46.9910538 ], [ -123.5175748, 46.9908668 ], [ -123.5179628, 46.9907188 ], [ -123.5184408, 46.9905648 ], [ -123.5192838, 46.9903208 ], [ -123.5196858, 46.9901988 ], [ -123.5204278, 46.9900058 ], [ -123.5212838, 46.9898098 ], [ -123.5222658, 46.9896048 ], [ -123.52227481, 46.98832079 ], [ -123.52361681, 46.98819379 ], [ -123.52780581, 46.98725679 ], [ -123.53113481, 46.98670179 ], [ -123.53212181, 46.98637979 ], [ -123.53221681, 46.98623379 ], [ -123.53220481, 46.98615279 ], [ -123.53216081, 46.98608079 ], [ -123.53203681, 46.98598178 ], [ -123.53192381, 46.98583878 ], [ -123.53190081, 46.98570378 ], [ -123.53191281, 46.98541578 ], [ -123.53195781, 46.98528078 ], [ -123.53211581, 46.98512678 ], [ -123.53278081, 46.98469178 ], [ -123.53315481, 46.98451978 ], [ -123.53644782, 46.98322577 ], [ -123.54053582, 46.98158677 ], [ -123.54081382, 46.98145977 ], [ -123.54118582, 46.98132277 ], [ -123.54190882, 46.98113977 ], [ -123.54228082, 46.98096677 ], [ -123.54278682, 46.98082976 ], [ -123.54295782, 46.98072976 ], [ -123.54308182, 46.98061276 ], [ -123.54319082, 46.98058476 ], [ -123.54334582, 46.98060176 ], [ -123.54337182, 46.98189977 ], [ -123.54340981, 46.98310278 ], [ -123.54341981, 46.98340278 ], [ -123.54347281, 46.98471078 ], [ -123.5451638, 46.98463678 ], [ -123.5454838, 46.98459778 ], [ -123.5456728, 46.98453078 ], [ -123.5467528, 46.98416878 ], [ -123.54927181, 46.98339878 ], [ -123.54995581, 46.98315778 ], [ -123.55088381, 46.98281178 ], [ -123.55259781, 46.98217378 ], [ -123.55309581, 46.98203878 ], [ -123.55355481, 46.98197978 ], [ -123.55395881, 46.98194078 ], [ -123.5539768, 46.98306578 ], [ -123.5539728, 46.98344878 ], [ -123.5539558, 46.98380678 ], [ -123.5539468, 46.98399779 ], [ -123.553941475350726, 46.984176461564751 ], [ -123.556716, 46.984163 ], [ -123.556703, 46.982902 ], [ -123.561411, 46.982879 ], [ -123.561401, 46.981913 ] ] ], [ [ [ -123.394939242, 47.003095139 ], [ -123.3949931, 47.003078 ], [ -123.3951917, 47.0030184 ], [ -123.395354859, 47.002971529 ], [ -123.3962779, 47.002697 ], [ -123.3963642, 47.002681 ], [ -123.396390602, 47.002679907 ], [ -123.396519084, 47.002671622 ], [ -123.397341046, 47.002654056 ], [ -123.397481122, 47.002657916 ], [ -123.39749173, 47.002797644 ], [ -123.397491759765046, 47.002798350317249 ], [ -123.397511732097982, 47.003541824637935 ], [ -123.3975139, 47.0036887 ], [ -123.3975139, 47.0038358 ], [ -123.3973756, 47.0038377 ], [ -123.395631750910439, 47.003848917974906 ], [ -123.394939275677174, 47.003095191150429 ], [ -123.394939242, 47.003095139 ] ] ], [ [ [ -123.417060544, 47.010326732 ], [ -123.417060544, 47.010326731 ], [ -123.417060545, 47.01032673 ], [ -123.417060546, 47.010326729 ], [ -123.417060546, 47.010326728 ], [ -123.417060546, 47.010326727 ], [ -123.417060546, 47.010326726 ], [ -123.417060546, 47.010326725 ], [ -123.417052824, 47.010064483 ], [ -123.417387487, 47.010058396 ], [ -123.41739762, 47.010318983 ], [ -123.41739762, 47.010318984 ], [ -123.417397621, 47.010318984 ], [ -123.417397621, 47.010318985 ], [ -123.417397621, 47.010318986 ], [ -123.417397622, 47.010318987 ], [ -123.417397622, 47.010318988 ], [ -123.417397623, 47.010318989 ], [ -123.417397624, 47.010318989 ], [ -123.417397624, 47.01031899 ], [ -123.417397625, 47.010318991 ], [ -123.417397626, 47.010318991 ], [ -123.417397627, 47.010318992 ], [ -123.417397628, 47.010318992 ], [ -123.417397629, 47.010318992 ], [ -123.41739763, 47.010318992 ], [ -123.417397631, 47.010318992 ], [ -123.417714408, 47.01031129 ], [ -123.417714409, 47.01031129 ], [ -123.41771441, 47.01031129 ], [ -123.417714411, 47.010311289 ], [ -123.417714412, 47.010311289 ], [ -123.417714413, 47.010311289 ], [ -123.417714414, 47.010311288 ], [ -123.417714415, 47.010311287 ], [ -123.417714416, 47.010311286 ], [ -123.417714416, 47.010311285 ], [ -123.417714417, 47.010311284 ], [ -123.417714418, 47.010311283 ], [ -123.417714418, 47.010311282 ], [ -123.417714418, 47.010311281 ], [ -123.417714418, 47.01031128 ], [ -123.417704003, 47.009812569 ], [ -123.417704003, 47.009812568 ], [ -123.417704003, 47.009812567 ], [ -123.417704003, 47.009812566 ], [ -123.417704003, 47.009812565 ], [ -123.417704002, 47.009812565 ], [ -123.417704002, 47.009812564 ], [ -123.417704001, 47.009812563 ], [ -123.417704, 47.009812562 ], [ -123.417703999, 47.009812561 ], [ -123.417703998, 47.009812561 ], [ -123.417703997, 47.00981256 ], [ -123.417703996, 47.00981256 ], [ -123.417703995, 47.00981256 ], [ -123.417703994, 47.00981256 ], [ -123.417703993, 47.009812559 ], [ -123.417038056, 47.009822245 ], [ -123.417025605, 47.009593383 ], [ -123.417691349, 47.009578841 ], [ -123.41769135, 47.009578841 ], [ -123.417691351, 47.009578841 ], [ -123.417691352, 47.009578841 ], [ -123.417691353, 47.00957884 ], [ -123.417691354, 47.00957884 ], [ -123.417691354, 47.009578839 ], [ -123.417691355, 47.009578839 ], [ -123.417691356, 47.009578838 ], [ -123.417691357, 47.009578837 ], [ -123.417691358, 47.009578836 ], [ -123.417691358, 47.009578835 ], [ -123.417691358, 47.009578834 ], [ -123.417691359, 47.009578833 ], [ -123.417691359, 47.009578832 ], [ -123.417691359, 47.009578831 ], [ -123.417678841, 47.008981918 ], [ -123.417678841, 47.008981917 ], [ -123.417678841, 47.008981916 ], [ -123.417678841, 47.008981915 ], [ -123.41767884, 47.008981914 ], [ -123.41767884, 47.008981913 ], [ -123.417678839, 47.008981912 ], [ -123.417678838, 47.008981911 ], [ -123.417678837, 47.00898191 ], [ -123.417678836, 47.008981909 ], [ -123.417678835, 47.008981909 ], [ -123.417678834, 47.008981908 ], [ -123.417678833, 47.008981908 ], [ -123.417678832, 47.008981908 ], [ -123.417678831, 47.008981908 ], [ -123.416998851, 47.008996708 ], [ -123.416991744, 47.008735875 ], [ -123.416991744, 47.008735874 ], [ -123.416991743, 47.008735873 ], [ -123.416991743, 47.008735872 ], [ -123.416991743, 47.008735871 ], [ -123.416991742, 47.00873587 ], [ -123.416991742, 47.008735869 ], [ -123.416991741, 47.008735868 ], [ -123.41699174, 47.008735867 ], [ -123.416991739, 47.008735866 ], [ -123.416991738, 47.008735866 ], [ -123.416991737, 47.008735866 ], [ -123.416991736, 47.008735865 ], [ -123.416991735, 47.008735865 ], [ -123.416991734, 47.008735865 ], [ -123.416991733, 47.008735865 ], [ -123.415683702, 47.008783898 ], [ -123.415688248, 47.007364198 ], [ -123.415688248, 47.007364197 ], [ -123.415654222, 47.006949002 ], [ -123.415657597, 47.006941952 ], [ -123.41579717, 47.006932474 ], [ -123.416001895, 47.006928425 ], [ -123.416768992, 47.006913252 ], [ -123.416919709, 47.006917875 ], [ -123.41692093, 47.006918037 ], [ -123.416932431, 47.007066644 ], [ -123.416932431, 47.007066645 ], [ -123.416932432, 47.007066646 ], [ -123.416932432, 47.007066647 ], [ -123.416932432, 47.007066648 ], [ -123.416932433, 47.007066648 ], [ -123.416932433, 47.007066649 ], [ -123.416932434, 47.00706665 ], [ -123.416932435, 47.007066651 ], [ -123.416932436, 47.007066651 ], [ -123.416932437, 47.007066652 ], [ -123.416932438, 47.007066653 ], [ -123.416932439, 47.007066653 ], [ -123.41693244, 47.007066653 ], [ -123.416932441, 47.007066653 ], [ -123.417649375, 47.007047278 ], [ -123.418249487, 47.007033977 ], [ -123.419877481, 47.006997896 ], [ -123.419890893, 47.006997599 ], [ -123.419904302, 47.006997242 ], [ -123.419904475, 47.006997237 ], [ -123.420291539, 47.006986927 ], [ -123.420358908, 47.006985889 ], [ -123.420798441, 47.006984056 ], [ -123.421415988, 47.00698148 ], [ -123.421553844, 47.006987536 ], [ -123.421565289, 47.007122354 ], [ -123.421566366, 47.007161214 ], [ -123.421625106, 47.010281991 ], [ -123.42162084, 47.010424051 ], [ -123.421611056, 47.010428974 ], [ -123.417869864, 47.010528527 ], [ -123.417444864, 47.010538527 ], [ -123.416792864, 47.010556527 ], [ -123.416783408, 47.010335893 ], [ -123.417060537, 47.010326735 ], [ -123.417060538, 47.010326735 ], [ -123.417060539, 47.010326735 ], [ -123.41706054, 47.010326735 ], [ -123.41706054, 47.010326734 ], [ -123.417060541, 47.010326734 ], [ -123.417060542, 47.010326733 ], [ -123.417060543, 47.010326733 ], [ -123.417060544, 47.010326732 ] ] ], [ [ [ -123.371851076, 47.035267172 ], [ -123.371715995, 47.035234829 ], [ -123.371648088, 47.035215195 ], [ -123.371599829, 47.035201242 ], [ -123.371349618, 47.035116796 ], [ -123.371153178, 47.035040706 ], [ -123.371004225, 47.034978349 ], [ -123.370948751, 47.03495335 ], [ -123.370824388, 47.034891522 ], [ -123.37078979, 47.034876494 ], [ -123.370602862, 47.034774533 ], [ -123.370256929, 47.03464503 ], [ -123.370212929, 47.034628559 ], [ -123.370212862, 47.034628533 ], [ -123.370188926, 47.034619573 ], [ -123.370188849, 47.034619545 ], [ -123.37006557, 47.034565055 ], [ -123.369954693, 47.034522008 ], [ -123.369836862, 47.034461533 ], [ -123.369552934, 47.034366024 ], [ -123.369479906, 47.034341459 ], [ -123.369399862, 47.034314533 ], [ -123.368981862, 47.034184533 ], [ -123.368597771, 47.034117548 ], [ -123.368423482, 47.034087152 ], [ -123.368356862, 47.034075534 ], [ -123.368289996, 47.034065419 ], [ -123.368137509, 47.034042354 ], [ -123.367880861, 47.034003534 ], [ -123.36762182, 47.033987022 ], [ -123.36751718, 47.033980352 ], [ -123.366235831, 47.033898679 ], [ -123.366199906, 47.033896173 ], [ -123.364208182, 47.033745194 ], [ -123.363884513, 47.033720659 ], [ -123.363882861, 47.033720534 ], [ -123.363507799, 47.033692312 ], [ -123.363507798, 47.033692312 ], [ -123.363379266, 47.033677004 ], [ -123.363259015, 47.0336291 ], [ -123.363133999, 47.033572891 ], [ -123.362995378, 47.033501631 ], [ -123.362874578, 47.033403135 ], [ -123.362806788, 47.03334169 ], [ -123.362769228, 47.033307058 ], [ -123.362687092, 47.033230022 ], [ -123.362397707, 47.032958603 ], [ -123.36227928, 47.032841171 ], [ -123.362110005, 47.032663717 ], [ -123.361862632, 47.032404392 ], [ -123.361552986, 47.032079227 ], [ -123.361379499, 47.031880187 ], [ -123.360898717, 47.031276894 ], [ -123.360892513, 47.031269109 ], [ -123.360794983, 47.031131443 ], [ -123.360713597, 47.030983657 ], [ -123.360642961, 47.030836263 ], [ -123.360463859, 47.030462534 ], [ -123.360403859, 47.030136534 ], [ -123.360358859, 47.028813534 ], [ -123.360302859, 47.027192534 ], [ -123.360336859, 47.026224534 ], [ -123.360384858, 47.026044534 ], [ -123.360174858, 47.026061534 ], [ -123.359882858, 47.026142534 ], [ -123.359636858, 47.026242534 ], [ -123.359396858, 47.026333534 ], [ -123.359188858, 47.026381534 ], [ -123.358938858, 47.026411534 ], [ -123.358607858, 47.026484534 ], [ -123.358065858, 47.026585534 ], [ -123.357351858, 47.026730534 ], [ -123.356913858, 47.026829534 ], [ -123.356400858, 47.026965534 ], [ -123.354923858, 47.027313535 ], [ -123.354108858, 47.027474535 ], [ -123.353714858, 47.027573535 ], [ -123.353270858, 47.027755535 ], [ -123.353088834, 47.027825152 ], [ -123.352783024, 47.027942113 ], [ -123.352734858, 47.027960535 ], [ -123.352687015, 47.027979782 ], [ -123.352234339, 47.028161893 ], [ -123.352038858, 47.028240535 ], [ -123.351849375, 47.028332696 ], [ -123.351829682, 47.028342274 ], [ -123.351784221, 47.028364385 ], [ -123.351781858, 47.028365535 ], [ -123.350726708, 47.028879884 ], [ -123.350323665, 47.029072328 ], [ -123.349903858, 47.029272535 ], [ -123.349576858, 47.029479535 ], [ -123.349305578, 47.029688664 ], [ -123.349200451, 47.029766118 ], [ -123.349121328, 47.029821797 ], [ -123.348790021, 47.030023193 ], [ -123.348673156, 47.030076787 ], [ -123.348534078, 47.030124671 ], [ -123.348504771, 47.030133175 ], [ -123.34848539, 47.030138798 ], [ -123.348425215, 47.030152589 ], [ -123.348441, 47.032602 ], [ -123.348441, 47.032704 ], [ -123.347215, 47.032708 ], [ -123.347218, 47.03323 ], [ -123.340638, 47.03325 ], [ -123.340609, 47.028751 ], [ -123.341835, 47.028747 ], [ -123.341832, 47.028224 ], [ -123.341833, 47.028224 ], [ -123.341832, 47.028122 ], [ -123.346261745, 47.028108536 ], [ -123.346240481, 47.024820172 ], [ -123.346222779, 47.022082489 ], [ -123.34622873, 47.021940741 ], [ -123.346341063, 47.021854084 ], [ -123.346925855, 47.021446535 ], [ -123.347065618, 47.021349038 ], [ -123.347216855, 47.021243535 ], [ -123.347793855, 47.020847535 ], [ -123.348132855, 47.020558535 ], [ -123.349533855, 47.019159535 ], [ -123.349742855, 47.018950535 ], [ -123.349814855, 47.018812535 ], [ -123.349863855, 47.018655535 ], [ -123.349840855, 47.018379535 ], [ -123.349816855, 47.017925535 ], [ -123.349738854, 47.015232535 ], [ -123.349645854, 47.013226534 ], [ -123.349577853, 47.011774534 ], [ -123.349427853, 47.011771534 ], [ -123.348116853, 47.011831535 ], [ -123.346457853, 47.011935535 ], [ -123.346210853, 47.011946535 ], [ -123.346167805, 47.011949796 ], [ -123.346164086, 47.01194698 ], [ -123.34615636, 47.011805866 ], [ -123.346102718, 47.003502044 ], [ -123.346108734, 47.003361346 ], [ -123.346249368, 47.00335398 ], [ -123.354583681, 47.003327833 ], [ -123.366386941, 47.003290803 ], [ -123.37240981, 47.003271908 ], [ -123.372367973, 46.997249155 ], [ -123.372307844, 46.988593226 ], [ -123.372313712, 46.988455897 ], [ -123.37243701, 46.988516653 ], [ -123.372710611, 46.98866879 ], [ -123.373255782, 46.988971936 ], [ -123.374006576, 46.98938982 ], [ -123.374007852, 46.989390531 ], [ -123.374778412, 46.989818925 ], [ -123.374778419, 46.989818929 ], [ -123.374915145, 46.989899753 ], [ -123.375363219, 46.990180898 ], [ -123.375407882, 46.990208921 ], [ -123.375408853, 46.99020953 ], [ -123.37614354, 46.990670119 ], [ -123.376143545, 46.990670123 ], [ -123.37636151, 46.990820573 ], [ -123.376519383, 46.990940175 ], [ -123.376583784, 46.990988963 ], [ -123.376716878, 46.991095887 ], [ -123.376861396, 46.991218918 ], [ -123.377013599, 46.991348492 ], [ -123.377121768, 46.991445186 ], [ -123.377188514, 46.991507821 ], [ -123.377299755, 46.99161221 ], [ -123.377344853, 46.99165453 ], [ -123.377390814, 46.991695912 ], [ -123.377555824, 46.991844482 ], [ -123.377672887, 46.991955732 ], [ -123.377912638, 46.992196188 ], [ -123.377997265, 46.9922846 ], [ -123.378222979, 46.99253025 ], [ -123.378320002, 46.992641195 ], [ -123.378354979, 46.992683232 ], [ -123.37846325, 46.992814431 ], [ -123.378530762, 46.992899573 ], [ -123.378581119, 46.992963081 ], [ -123.378583854, 46.99296653 ], [ -123.378586593, 46.992969975 ], [ -123.378799707, 46.993237935 ], [ -123.378907656, 46.993382372 ], [ -123.379333848, 46.993989889 ], [ -123.379405854, 46.99409253 ], [ -123.379482085, 46.994192074 ], [ -123.379922651, 46.994767372 ], [ -123.380374443, 46.995368314 ], [ -123.381096424, 46.996328986 ], [ -123.381229855, 46.99650653 ], [ -123.381376046, 46.996673724 ], [ -123.381506884, 46.996823358 ], [ -123.38165555, 46.997007575 ], [ -123.382007004, 46.997480085 ], [ -123.382032287, 46.997514078 ], [ -123.382034855, 46.99751753 ], [ -123.382037428, 46.997520979 ], [ -123.382126282, 46.997640081 ], [ -123.382956026, 46.998755626 ], [ -123.383638636, 46.99968615 ], [ -123.383723445, 46.999811303 ], [ -123.383728865, 46.999821163 ], [ -123.383726265, 47.000114173 ], [ -123.381370381, 46.997007704 ], [ -123.38119092, 46.996769386 ], [ -123.38119092, 46.996769385 ], [ -123.381190919, 46.996769384 ], [ -123.381190918, 46.996769384 ], [ -123.381190917, 46.996769383 ], [ -123.381190916, 46.996769383 ], [ -123.381190915, 46.996769382 ], [ -123.381190914, 46.996769382 ], [ -123.381190913, 46.996769382 ], [ -123.381190912, 46.996769382 ], [ -123.38082292, 46.99676709 ], [ -123.378454916, 46.996752318 ], [ -123.373499237, 46.996762607 ], [ -123.373499236, 46.996762607 ], [ -123.373499235, 46.996762607 ], [ -123.373499234, 46.996762607 ], [ -123.373499233, 46.996762608 ], [ -123.373499232, 46.996762608 ], [ -123.373499231, 46.996762609 ], [ -123.37349923, 46.996762609 ], [ -123.37349923, 46.99676261 ], [ -123.373499229, 46.996762611 ], [ -123.373499228, 46.996762611 ], [ -123.373499228, 46.996762612 ], [ -123.373499228, 46.996762613 ], [ -123.373499227, 46.996762614 ], [ -123.373499227, 46.996762615 ], [ -123.373499227, 46.996762616 ], [ -123.373499227, 46.996762617 ], [ -123.373436674, 47.000253518 ], [ -123.373436675, 47.000253519 ], [ -123.373436675, 47.00025352 ], [ -123.373436675, 47.000253521 ], [ -123.373436675, 47.000253522 ], [ -123.373436676, 47.000253523 ], [ -123.373436676, 47.000253524 ], [ -123.373436677, 47.000253524 ], [ -123.373436677, 47.000253525 ], [ -123.373436678, 47.000253526 ], [ -123.373436679, 47.000253526 ], [ -123.37343668, 47.000253527 ], [ -123.373436681, 47.000253527 ], [ -123.373436682, 47.000253528 ], [ -123.373436683, 47.000253528 ], [ -123.373436684, 47.000253528 ], [ -123.373436685, 47.000253528 ], [ -123.378521783, 47.000241219 ], [ -123.378586002, 47.001573983 ], [ -123.378586002, 47.001573984 ], [ -123.378586002, 47.001573985 ], [ -123.378586003, 47.001573986 ], [ -123.378586003, 47.001573987 ], [ -123.378586003, 47.001573988 ], [ -123.378586004, 47.001573989 ], [ -123.378586005, 47.00157399 ], [ -123.378586006, 47.001573991 ], [ -123.378586007, 47.001573991 ], [ -123.378586008, 47.001573992 ], [ -123.378586009, 47.001573993 ], [ -123.37858601, 47.001573993 ], [ -123.378586011, 47.001573993 ], [ -123.378586012, 47.001573993 ], [ -123.378586013, 47.001573993 ], [ -123.378586014, 47.001573993 ], [ -123.378586015, 47.001573992 ], [ -123.378586016, 47.001573992 ], [ -123.378586017, 47.001573992 ], [ -123.379008145, 47.001346756 ], [ -123.379008146, 47.001346755 ], [ -123.379206339, 47.001218416 ], [ -123.37920634, 47.001218416 ], [ -123.37920634, 47.001218415 ], [ -123.379206341, 47.001218414 ], [ -123.379316995, 47.001089447 ], [ -123.379316995, 47.001089446 ], [ -123.379447631, 47.000918695 ], [ -123.379648455, 47.000781901 ], [ -123.379843433, 47.000755132 ], [ -123.380037809, 47.000812708 ], [ -123.380186253, 47.000925336 ], [ -123.380393342, 47.001112734 ], [ -123.380393343, 47.001112735 ], [ -123.380946391, 47.001556335 ], [ -123.380946392, 47.001556336 ], [ -123.381114487, 47.001663908 ], [ -123.381114488, 47.001663909 ], [ -123.38132316, 47.001754587 ], [ -123.381323161, 47.001754587 ], [ -123.381323162, 47.001754587 ], [ -123.381536109, 47.001799694 ], [ -123.381536111, 47.001799695 ], [ -123.381965601, 47.001841529 ], [ -123.38205081, 47.001852313 ], [ -123.382284315, 47.001881862 ], [ -123.382536049, 47.001961307 ], [ -123.383054153, 47.002175715 ], [ -123.383054154, 47.002175716 ], [ -123.383253229, 47.002240034 ], [ -123.38325323, 47.002240034 ], [ -123.383253231, 47.002240035 ], [ -123.383411887, 47.002252131 ], [ -123.383411888, 47.002252131 ], [ -123.383411889, 47.002252131 ], [ -123.38341189, 47.002252131 ], [ -123.383411891, 47.002252131 ], [ -123.383503956, 47.0022159 ], [ -123.383503957, 47.0022159 ], [ -123.383503958, 47.002215899 ], [ -123.383503959, 47.002215898 ], [ -123.38350396, 47.002215897 ], [ -123.383503961, 47.002215896 ], [ -123.383554705, 47.002138279 ], [ -123.383554706, 47.002138279 ], [ -123.383554706, 47.002138278 ], [ -123.383554706, 47.002138277 ], [ -123.383554706, 47.002138276 ], [ -123.383554707, 47.002138275 ], [ -123.383554707, 47.002138274 ], [ -123.383554707, 47.002138273 ], [ -123.383554706, 47.002138272 ], [ -123.383542611, 47.00208104 ], [ -123.383542611, 47.002081039 ], [ -123.38354261, 47.002081038 ], [ -123.38354261, 47.002081037 ], [ -123.383483812, 47.001983082 ], [ -123.383483811, 47.001983081 ], [ -123.383402089, 47.001887137 ], [ -123.383340284, 47.001705719 ], [ -123.383371693, 47.001570321 ], [ -123.383371694, 47.001570321 ], [ -123.383378162, 47.001527666 ], [ -123.383387492, 47.001423186 ], [ -123.383387492, 47.001423185 ], [ -123.383387492, 47.001423184 ], [ -123.383387492, 47.001423183 ], [ -123.383387491, 47.001423182 ], [ -123.383387491, 47.001423181 ], [ -123.38338749, 47.00142318 ], [ -123.383322948, 47.001322516 ], [ -123.383572589, 47.001316618 ], [ -123.383750544, 47.001315893 ], [ -123.383788904, 47.001652016 ], [ -123.383788904, 47.001652017 ], [ -123.383788904, 47.001652018 ], [ -123.383788905, 47.001652019 ], [ -123.383788906, 47.00165202 ], [ -123.383915075, 47.00184589 ], [ -123.383798611, 47.002030567 ], [ -123.38379861, 47.002030568 ], [ -123.38379861, 47.002030569 ], [ -123.38379861, 47.00203057 ], [ -123.38379861, 47.002030571 ], [ -123.38379861, 47.002030572 ], [ -123.38384654, 47.003233819 ], [ -123.383887828, 47.004270306 ], [ -123.382973049, 47.004303017 ], [ -123.382973047, 47.004303017 ], [ -123.382098086, 47.004451214 ], [ -123.382098085, 47.004451214 ], [ -123.382098084, 47.004451214 ], [ -123.38074877, 47.004962096 ], [ -123.380748769, 47.004962096 ], [ -123.379679823, 47.005605009 ], [ -123.379679822, 47.005605009 ], [ -123.379679822, 47.00560501 ], [ -123.379679821, 47.005605011 ], [ -123.378971648, 47.00636353 ], [ -123.378971647, 47.006363531 ], [ -123.378552743, 47.006962652 ], [ -123.378450169, 47.006998344 ], [ -123.378450168, 47.006998344 ], [ -123.378450167, 47.006998345 ], [ -123.378450166, 47.006998345 ], [ -123.378450166, 47.006998346 ], [ -123.378450165, 47.006998347 ], [ -123.378450164, 47.006998347 ], [ -123.378450164, 47.006998348 ], [ -123.378450163, 47.006998349 ], [ -123.378450163, 47.00699835 ], [ -123.378450163, 47.006998351 ], [ -123.378450162, 47.006998352 ], [ -123.378450162, 47.006998353 ], [ -123.378450162, 47.006998354 ], [ -123.378469315, 47.008546335 ], [ -123.378469316, 47.008546336 ], [ -123.378469316, 47.008546337 ], [ -123.378469316, 47.008546338 ], [ -123.378469316, 47.008546339 ], [ -123.378469317, 47.00854634 ], [ -123.378469317, 47.008546341 ], [ -123.378469318, 47.008546342 ], [ -123.378469319, 47.008546342 ], [ -123.378469319, 47.008546343 ], [ -123.37846932, 47.008546344 ], [ -123.378469321, 47.008546344 ], [ -123.378469322, 47.008546344 ], [ -123.378469323, 47.008546345 ], [ -123.378469324, 47.008546345 ], [ -123.378469325, 47.008546345 ], [ -123.378469326, 47.008546345 ], [ -123.378469327, 47.008546345 ], [ -123.378469328, 47.008546345 ], [ -123.378469329, 47.008546345 ], [ -123.380906868, 47.00771418 ], [ -123.383969425, 47.00764709 ], [ -123.384025478, 47.009363593 ], [ -123.380872157, 47.010109659 ], [ -123.380872156, 47.010109659 ], [ -123.380872156, 47.01010966 ], [ -123.380872155, 47.01010966 ], [ -123.380872154, 47.010109661 ], [ -123.380872153, 47.010109661 ], [ -123.380872152, 47.010109662 ], [ -123.380872152, 47.010109663 ], [ -123.380872151, 47.010109664 ], [ -123.38087215, 47.010109665 ], [ -123.38087215, 47.010109666 ], [ -123.38087215, 47.010109667 ], [ -123.38087215, 47.010109668 ], [ -123.38087215, 47.010109669 ], [ -123.380920937, 47.011196822 ], [ -123.380920937, 47.011196823 ], [ -123.380920937, 47.011196824 ], [ -123.380920938, 47.011196825 ], [ -123.380920938, 47.011196826 ], [ -123.380920938, 47.011196827 ], [ -123.380920939, 47.011196828 ], [ -123.38092094, 47.011196828 ], [ -123.38092094, 47.011196829 ], [ -123.380920941, 47.01119683 ], [ -123.380920942, 47.01119683 ], [ -123.380920943, 47.011196831 ], [ -123.380920944, 47.011196831 ], [ -123.380920945, 47.011196832 ], [ -123.380920946, 47.011196832 ], [ -123.380920947, 47.011196832 ], [ -123.384136931, 47.01113917 ], [ -123.384191124, 47.012552054 ], [ -123.384191124, 47.012552055 ], [ -123.384191124, 47.012552056 ], [ -123.384191124, 47.012552057 ], [ -123.384191125, 47.012552058 ], [ -123.384191125, 47.012552059 ], [ -123.384191126, 47.012552059 ], [ -123.384191126, 47.01255206 ], [ -123.384191127, 47.012552061 ], [ -123.384191128, 47.012552061 ], [ -123.384191128, 47.012552062 ], [ -123.384191129, 47.012552063 ], [ -123.38419113, 47.012552063 ], [ -123.384191131, 47.012552063 ], [ -123.384191132, 47.012552063 ], [ -123.384191133, 47.012552064 ], [ -123.384191134, 47.012552064 ], [ -123.384191135, 47.012552064 ], [ -123.384191136, 47.012552063 ], [ -123.384191137, 47.012552063 ], [ -123.384191138, 47.012552063 ], [ -123.386452688, 47.011595429 ], [ -123.386452689, 47.011595428 ], [ -123.38645269, 47.011595428 ], [ -123.386452691, 47.011595427 ], [ -123.386452692, 47.011595427 ], [ -123.386452692, 47.011595426 ], [ -123.386452693, 47.011595425 ], [ -123.386452694, 47.011595424 ], [ -123.386452694, 47.011595423 ], [ -123.386452694, 47.011595422 ], [ -123.386452694, 47.011595421 ], [ -123.386452695, 47.01159542 ], [ -123.386452695, 47.011595419 ], [ -123.386433848, 47.011104547 ], [ -123.386638931, 47.011099062 ], [ -123.387212123, 47.011086362 ], [ -123.387212124, 47.011086362 ], [ -123.387212125, 47.011086362 ], [ -123.387212126, 47.011086361 ], [ -123.387212127, 47.011086361 ], [ -123.387590353, 47.01090119 ], [ -123.38934776, 47.010130166 ], [ -123.389361826, 47.010363852 ], [ -123.389361826, 47.010363855 ], [ -123.389286859, 47.01039653 ], [ -123.389298859, 47.01060653 ], [ -123.38932686, 47.01107453 ], [ -123.38939086, 47.01271853 ], [ -123.38946986, 47.01477653 ], [ -123.389501861, 47.01561753 ], [ -123.389628861, 47.01748353 ], [ -123.389776862, 47.01964453 ], [ -123.389891862, 47.01983053 ], [ -123.390019862, 47.02000753 ], [ -123.390145862, 47.02015753 ], [ -123.390233862, 47.02031753 ], [ -123.390323862, 47.02052253 ], [ -123.390554862, 47.02090353 ], [ -123.390628973, 47.021085881 ], [ -123.390638029, 47.021201625 ], [ -123.390496435, 47.021209165 ], [ -123.379824102, 47.021244727 ], [ -123.378556702, 47.02124895 ], [ -123.372534937, 47.021269016 ], [ -123.37257684, 47.027290668 ], [ -123.372602889, 47.03103416 ], [ -123.372631936, 47.035208285 ], [ -123.37262574, 47.035351063 ], [ -123.372450804, 47.035336515 ], [ -123.37222914, 47.035311009 ], [ -123.372172862, 47.035304533 ], [ -123.372116473, 47.035299121 ], [ -123.371988576, 47.035286846 ], [ -123.371851076, 47.035267172 ] ] ], [ [ [ -123.417568786, 47.014496743 ], [ -123.417568785, 47.014496743 ], [ -123.417568784, 47.014496742 ], [ -123.417568784, 47.014496741 ], [ -123.417568783, 47.014496741 ], [ -123.417568782, 47.01449674 ], [ -123.417568781, 47.01449674 ], [ -123.41756878, 47.014496739 ], [ -123.417568779, 47.014496739 ], [ -123.417568778, 47.014496739 ], [ -123.417568777, 47.014496739 ], [ -123.417158146, 47.014510952 ], [ -123.417145409, 47.014183449 ], [ -123.417549939, 47.014169456 ], [ -123.41754994, 47.014169456 ], [ -123.417549941, 47.014169456 ], [ -123.417549942, 47.014169455 ], [ -123.417549943, 47.014169455 ], [ -123.417549944, 47.014169454 ], [ -123.417549945, 47.014169454 ], [ -123.417549946, 47.014169453 ], [ -123.417549947, 47.014169452 ], [ -123.417549947, 47.014169451 ], [ -123.417549948, 47.01416945 ], [ -123.417549948, 47.014169449 ], [ -123.417549949, 47.014169448 ], [ -123.417549949, 47.014169447 ], [ -123.417549949, 47.014169446 ], [ -123.417549949, 47.014169445 ], [ -123.417498427, 47.013274846 ], [ -123.417498426, 47.013274845 ], [ -123.417498426, 47.013274844 ], [ -123.417498426, 47.013274843 ], [ -123.417498426, 47.013274842 ], [ -123.417498425, 47.013274842 ], [ -123.417498425, 47.013274841 ], [ -123.417498424, 47.01327484 ], [ -123.417498423, 47.013274839 ], [ -123.417498422, 47.013274838 ], [ -123.417498421, 47.013274838 ], [ -123.41749842, 47.013274837 ], [ -123.417498419, 47.013274837 ], [ -123.417498418, 47.013274837 ], [ -123.417498417, 47.013274837 ], [ -123.417498416, 47.013274837 ], [ -123.415385419, 47.013347936 ], [ -123.415301461, 47.011073256 ], [ -123.415299673, 47.011018013 ], [ -123.415382425, 47.011048122 ], [ -123.415549049, 47.011108738 ], [ -123.41554905, 47.011108739 ], [ -123.415741792, 47.011162409 ], [ -123.415821859, 47.011184709 ], [ -123.415903098, 47.01120431 ], [ -123.416183974, 47.011272105 ], [ -123.416183975, 47.011272105 ], [ -123.416183976, 47.011272105 ], [ -123.416183977, 47.011272105 ], [ -123.416183978, 47.011272105 ], [ -123.416183979, 47.011272105 ], [ -123.41618398, 47.011272105 ], [ -123.41618398, 47.011272104 ], [ -123.416183981, 47.011272104 ], [ -123.416183982, 47.011272103 ], [ -123.416183983, 47.011272102 ], [ -123.416183984, 47.011272102 ], [ -123.416183984, 47.011272101 ], [ -123.416183985, 47.0112721 ], [ -123.416183985, 47.011272099 ], [ -123.416183986, 47.011272098 ], [ -123.416183986, 47.011272097 ], [ -123.416183986, 47.011272096 ], [ -123.416183986, 47.011272095 ], [ -123.416183989, 47.011173421 ], [ -123.416789864, 47.011290527 ], [ -123.417783864, 47.011462527 ], [ -123.417875864, 47.011499527 ], [ -123.417913864, 47.011567527 ], [ -123.417910864, 47.011666527 ], [ -123.417833864, 47.012756527 ], [ -123.417835865, 47.013261527 ], [ -123.417837865, 47.013772527 ], [ -123.417845865, 47.013885527 ], [ -123.417856865, 47.014046527 ], [ -123.417863865, 47.014158527 ], [ -123.417877865, 47.014357527 ], [ -123.417887865, 47.014498527 ], [ -123.417917865, 47.014949527 ], [ -123.417923865, 47.015032527 ], [ -123.417946262, 47.01568054 ], [ -123.417941493, 47.015722932 ], [ -123.417802087, 47.015735625 ], [ -123.417759793, 47.015737406 ], [ -123.417615044, 47.015736394 ], [ -123.417613196, 47.015735616 ], [ -123.417607554, 47.015615576 ], [ -123.417592045, 47.014856598 ], [ -123.417592045, 47.014856597 ], [ -123.417568787, 47.014496748 ], [ -123.417568787, 47.014496747 ], [ -123.417568787, 47.014496746 ], [ -123.417568786, 47.014496745 ], [ -123.417568786, 47.014496744 ], [ -123.417568786, 47.014496743 ] ] ], [ [ [ -123.406477632, 47.016193275 ], [ -123.406477631, 47.016193276 ], [ -123.406477631, 47.016193277 ], [ -123.406477299, 47.016219624 ], [ -123.405400863, 47.016220529 ], [ -123.405178863, 47.016217529 ], [ -123.405080863, 47.016289529 ], [ -123.405072863, 47.016437529 ], [ -123.405074863, 47.016688529 ], [ -123.405075863, 47.016771529 ], [ -123.405081788, 47.017470579 ], [ -123.405078946, 47.017472742 ], [ -123.404936111, 47.017496029 ], [ -123.404914297, 47.017498499 ], [ -123.404816863, 47.017509529 ], [ -123.404732417, 47.017521895 ], [ -123.404441618, 47.017549122 ], [ -123.404336118, 47.017548914 ], [ -123.404244773, 47.01754081 ], [ -123.404096639, 47.017511773 ], [ -123.403977225, 47.017492906 ], [ -123.403860863, 47.017462529 ], [ -123.403564863, 47.017416529 ], [ -123.403344321, 47.017414826 ], [ -123.403192205, 47.017396042 ], [ -123.403139863, 47.017387529 ], [ -123.403074521, 47.017381348 ], [ -123.402919498, 47.017358433 ], [ -123.402789104, 47.017324911 ], [ -123.402681679, 47.017285609 ], [ -123.402642399, 47.017262207 ], [ -123.402581863, 47.017213529 ], [ -123.402518863, 47.017143529 ], [ -123.402455863, 47.017029529 ], [ -123.402377863, 47.016922529 ], [ -123.402255863, 47.016837529 ], [ -123.402125863, 47.016816529 ], [ -123.401890863, 47.016806529 ], [ -123.401701863, 47.016764529 ], [ -123.401675429, 47.01675409 ], [ -123.401541891, 47.016695303 ], [ -123.401459152, 47.016650346 ], [ -123.401343737, 47.016573015 ], [ -123.401250466, 47.016495342 ], [ -123.401170078, 47.016413959 ], [ -123.401130863, 47.016335529 ], [ -123.401068863, 47.016129529 ], [ -123.401088863, 47.016007529 ], [ -123.401128863, 47.015943529 ], [ -123.401167862, 47.015789529 ], [ -123.401159862, 47.015686529 ], [ -123.401039862, 47.015584529 ], [ -123.400882862, 47.015516529 ], [ -123.400670862, 47.015489529 ], [ -123.400308862, 47.015418529 ], [ -123.400148862, 47.015382529 ], [ -123.400003862, 47.015301529 ], [ -123.399662862, 47.015064529 ], [ -123.399296862, 47.014810529 ], [ -123.398801428, 47.014428833 ], [ -123.398782862, 47.014414529 ], [ -123.398502862, 47.014212529 ], [ -123.398030862, 47.013793529 ], [ -123.397755861, 47.013575529 ], [ -123.397521861, 47.013383529 ], [ -123.397284861, 47.013137529 ], [ -123.397112861, 47.012862529 ], [ -123.396994861, 47.012640529 ], [ -123.396918861, 47.012444529 ], [ -123.396939861, 47.012092529 ], [ -123.397026861, 47.012000529 ], [ -123.397271861, 47.011913529 ], [ -123.397467861, 47.011881529 ], [ -123.397759861, 47.011777529 ], [ -123.398085861, 47.011662529 ], [ -123.398715861, 47.011337529 ], [ -123.398778126, 47.011298482 ], [ -123.398951861, 47.011189529 ], [ -123.399183861, 47.010963529 ], [ -123.399211861, 47.010928529 ], [ -123.399218082, 47.0109209 ], [ -123.399217475, 47.010961492 ], [ -123.399217475, 47.010961493 ], [ -123.399217475, 47.010961494 ], [ -123.399217476, 47.010961495 ], [ -123.399217476, 47.010961496 ], [ -123.399217476, 47.010961497 ], [ -123.399217477, 47.010961498 ], [ -123.399217478, 47.010961498 ], [ -123.399217478, 47.010961499 ], [ -123.399217479, 47.0109615 ], [ -123.39921748, 47.0109615 ], [ -123.399217481, 47.010961501 ], [ -123.399217482, 47.010961502 ], [ -123.399217483, 47.010961502 ], [ -123.399217484, 47.010961502 ], [ -123.399217485, 47.010961502 ], [ -123.402414301, 47.010932559 ], [ -123.40242539, 47.010934752 ], [ -123.402563857, 47.014517137 ], [ -123.402563857, 47.014517138 ], [ -123.402563857, 47.014517139 ], [ -123.402563857, 47.01451714 ], [ -123.402563858, 47.014517141 ], [ -123.402563858, 47.014517142 ], [ -123.402563858, 47.014517143 ], [ -123.402563859, 47.014517143 ], [ -123.40256386, 47.014517144 ], [ -123.402563861, 47.014517145 ], [ -123.402563862, 47.014517146 ], [ -123.402563863, 47.014517146 ], [ -123.402563864, 47.014517147 ], [ -123.402563865, 47.014517147 ], [ -123.402563866, 47.014517147 ], [ -123.402563867, 47.014517147 ], [ -123.405066435, 47.014471879 ], [ -123.405066436, 47.014471879 ], [ -123.405066437, 47.014471878 ], [ -123.405066438, 47.014471878 ], [ -123.405066439, 47.014471878 ], [ -123.40506644, 47.014471877 ], [ -123.405066441, 47.014471876 ], [ -123.405066442, 47.014471876 ], [ -123.405066443, 47.014471875 ], [ -123.405066443, 47.014471874 ], [ -123.405066444, 47.014471873 ], [ -123.405066444, 47.014471872 ], [ -123.405066444, 47.014471871 ], [ -123.405066444, 47.01447187 ], [ -123.405066445, 47.014471869 ], [ -123.405066445, 47.014471868 ], [ -123.404928903, 47.010917119 ], [ -123.404929545, 47.010917005 ], [ -123.405076847, 47.010905571 ], [ -123.410234414, 47.010760879 ], [ -123.410253, 47.010760357 ], [ -123.410362582, 47.014794705 ], [ -123.410115659, 47.014808856 ], [ -123.409665442, 47.014816409 ], [ -123.409008074, 47.014827435 ], [ -123.408527948, 47.014836674 ], [ -123.408527947, 47.014836674 ], [ -123.408527946, 47.014836674 ], [ -123.408527945, 47.014836674 ], [ -123.408527944, 47.014836674 ], [ -123.408527943, 47.014836675 ], [ -123.408527942, 47.014836676 ], [ -123.408527941, 47.014836677 ], [ -123.40852794, 47.014836677 ], [ -123.40852794, 47.014836678 ], [ -123.408527939, 47.014836679 ], [ -123.408527939, 47.01483668 ], [ -123.408527939, 47.014836681 ], [ -123.408527938, 47.014836682 ], [ -123.408527938, 47.014836683 ], [ -123.408527938, 47.014836684 ], [ -123.408537661, 47.015382614 ], [ -123.408537661, 47.015382615 ], [ -123.408537661, 47.015382616 ], [ -123.408537662, 47.015382617 ], [ -123.408537662, 47.015382618 ], [ -123.408537662, 47.015382619 ], [ -123.408537663, 47.01538262 ], [ -123.408537664, 47.01538262 ], [ -123.408537664, 47.015382621 ], [ -123.408537665, 47.015382622 ], [ -123.408537666, 47.015382622 ], [ -123.408537667, 47.015382623 ], [ -123.408537668, 47.015382623 ], [ -123.408537669, 47.015382624 ], [ -123.40853767, 47.015382624 ], [ -123.408537671, 47.015382624 ], [ -123.408993672, 47.01537623 ], [ -123.409649449, 47.01536523 ], [ -123.41010249, 47.01535763 ], [ -123.410351063, 47.015352864 ], [ -123.410341718, 47.016156503 ], [ -123.409586594, 47.016163688 ], [ -123.408755383, 47.016171596 ], [ -123.406477641, 47.016193267 ], [ -123.40647764, 47.016193267 ], [ -123.406477639, 47.016193267 ], [ -123.406477638, 47.016193268 ], [ -123.406477637, 47.016193268 ], [ -123.406477636, 47.016193269 ], [ -123.406477635, 47.016193269 ], [ -123.406477634, 47.01619327 ], [ -123.406477634, 47.016193271 ], [ -123.406477633, 47.016193272 ], [ -123.406477632, 47.016193273 ], [ -123.406477632, 47.016193274 ], [ -123.406477632, 47.016193275 ] ] ], [ [ [ -123.410497233, 47.016205349 ], [ -123.410340716, 47.016202991 ], [ -123.410341737, 47.016156523 ], [ -123.411423621, 47.016111163 ], [ -123.411411682, 47.016162697 ], [ -123.411406588, 47.01616609 ], [ -123.411258135, 47.016178591 ], [ -123.411186703, 47.016180995 ], [ -123.411178972, 47.016181255 ], [ -123.411170864, 47.016181528 ], [ -123.411162757, 47.016181823 ], [ -123.410957982, 47.016189269 ], [ -123.410896528, 47.016191504 ], [ -123.410895864, 47.016191528 ], [ -123.410668212, 47.016199857 ], [ -123.41066821, 47.016199857 ], [ -123.410565549, 47.016202984 ], [ -123.410546864, 47.016203528 ], [ -123.410524191, 47.01620436 ], [ -123.410497233, 47.016205349 ] ] ], [ [ [ -123.330332, 47.041814 ], [ -123.330304, 47.037315 ], [ -123.336885, 47.037296 ], [ -123.336885, 47.037342 ], [ -123.337051, 47.037342 ], [ -123.33708, 47.041841 ], [ -123.330498, 47.04186 ], [ -123.330498, 47.041814 ], [ -123.330332, 47.041814 ] ] ], [ [ [ -123.29839, 47.05432 ], [ -123.298218, 47.05432 ], [ -123.298193, 47.049821 ], [ -123.304776, 47.049804 ], [ -123.304776, 47.049833 ], [ -123.304947, 47.049833 ], [ -123.304973, 47.054332 ], [ -123.29839, 47.05435 ], [ -123.29839, 47.05432 ] ] ] ] } }
]
}
