{
"type": "FeatureCollection",
"name": "jefferson_ui_with_pop_centers",
"crs": { "type": "name", "properties": { "name": "urn:ogc:def:crs:OGC:1.3:CRS84" } },
"features": [
{ "type": "Feature", "properties": { }, "geometry": { "type": "MultiPolygon", "coordinates": [ [ [ [ -124.26932, 47.538839 ], [ -124.269666, 47.538835 ], [ -124.269657, 47.538492 ], [ -124.2763, 47.538418 ], [ -124.276409, 47.542916 ], [ -124.276063, 47.54292 ], [ -124.276072, 47.543263 ], [ -124.269429, 47.543337 ], [ -124.26932, 47.538839 ] ] ], [ [ [ -124.374449, 47.602894 ], [ -124.374567, 47.607392 ], [ -124.367916, 47.607472 ], [ -124.367799, 47.602974 ], [ -124.374449, 47.602894 ] ] ], [ [ [ -122.90456713, 47.69125368 ], [ -122.90454519, 47.69119968 ], [ -122.90447579, 47.69111868 ], [ -122.90431599, 47.69106455 ], [ -122.90390499, 47.69102815 ], [ -122.90360139, 47.69104595 ], [ -122.90339039, 47.69118975 ], [ -122.90300172, 47.69124335 ], [ -122.90248752, 47.69123395 ], [ -122.90227052, 47.69126075 ], [ -122.90186999, 47.69140435 ], [ -122.90160679, 47.69142215 ], [ -122.901551723980333, 47.691409233455886 ], [ -122.901551291183381, 47.691652638463175 ], [ -122.90176652, 47.69172815 ], [ -122.90183473, 47.69173728 ], [ -122.90200599, 47.69171948 ], [ -122.90226972, 47.69166568 ], [ -122.90260119, 47.69162095 ], [ -122.90342433, 47.69153169 ], [ -122.90367553, 47.69150488 ], [ -122.90383539, 47.69151408 ], [ -122.90412113, 47.69155928 ], [ -122.90448673, 47.69174848 ], [ -122.90458939, 47.69183855 ], [ -122.90482993, 47.69200975 ], [ -122.90524039, 47.69227095 ], [ -122.90544599, 47.69238815 ], [ -122.90570873, 47.69249635 ], [ -122.90617733, 47.69264068 ], [ -122.90634852, 47.69267675 ], [ -122.90728619, 47.69270455 ], [ -122.90767393, 47.69276788 ], [ -122.90805139, 47.69287615 ], [ -122.90818952, 47.69293928 ], [ -122.90831353, 47.69303828 ], [ -122.90846219, 47.69320035 ], [ -122.90866839, 47.69338948 ], [ -122.90874832, 47.69347055 ], [ -122.90889639, 47.69359668 ], [ -122.90902819, 47.69374515 ], [ -122.90941592, 47.69419088 ], [ -122.90982019, 47.69473108 ], [ -122.90995759, 47.69496508 ], [ -122.91020733, 47.69558615 ], [ -122.91027739, 47.69581115 ], [ -122.91040093, 47.69611715 ], [ -122.91044712, 47.69618015 ], [ -122.91057119, 47.69661215 ], [ -122.91057193, 47.69669315 ], [ -122.91072019, 47.69698115 ], [ -122.91074339, 47.69710715 ], [ -122.91074233, 47.69724215 ], [ -122.91068499, 47.69739508 ], [ -122.9106224, 47.69748495 ], [ -122.91033053, 47.69765568 ], [ -122.9101584, 47.69773655 ], [ -122.91015853, 47.69791648 ], [ -122.91019333, 47.69797048 ], [ -122.91028453, 47.69805155 ], [ -122.91070693, 47.69823188 ], [ -122.91108373, 47.69832208 ], [ -122.91186193, 47.69840368 ], [ -122.91192775, 47.69840426 ], [ -122.91192591, 47.69840545 ], [ -122.91088991, 47.69906945 ], [ -122.90964091, 47.69986245 ], [ -122.90858192, 47.70053545 ], [ -122.90838692, 47.70065644 ], [ -122.90719792, 47.70143644 ], [ -122.90614193, 47.70208444 ], [ -122.90404493, 47.70353644 ], [ -122.899164570980673, 47.706633906443081 ], [ -122.899161, 47.708419 ], [ -122.896731, 47.708417 ], [ -122.896727, 47.710288 ], [ -122.895523266107958, 47.710286916368588 ], [ -122.89117299, 47.72291443 ], [ -122.89022399, 47.72565542 ], [ -122.88736102, 47.73392241 ], [ -122.887297202858321, 47.734045734044386 ], [ -122.887297, 47.734137 ], [ -122.887250056229348, 47.734136842997422 ], [ -122.88244604, 47.74342041 ], [ -122.88120705, 47.7459664 ], [ -122.88055205, 47.7470794 ], [ -122.88028705, 47.7470074 ], [ -122.87996705, 47.7468994 ], [ -122.87951005, 47.7467194 ], [ -122.87937305, 47.7466294 ], [ -122.87911005, 47.7465204 ], [ -122.87842206, 47.7463404 ], [ -122.87763406, 47.7461774 ], [ -122.87717606, 47.7461224 ], [ -122.87705106, 47.7460774 ], [ -122.87691306, 47.7460054 ], [ -122.87645106, 47.7459334 ], [ -122.87628606, 47.7458524 ], [ -122.87593706, 47.7456824 ], [ -122.87561024, 47.74552432 ], [ -122.87563007, 47.74551522 ], [ -122.8756646, 47.74544582 ], [ -122.87569687, 47.74532656 ], [ -122.87565613, 47.74523349 ], [ -122.87565273, 47.74514596 ], [ -122.87563053, 47.74505882 ], [ -122.87562313, 47.74487149 ], [ -122.8754818, 47.74457402 ], [ -122.87539113, 47.74438822 ], [ -122.8752324, 47.74412216 ], [ -122.87505873, 47.74394402 ], [ -122.8749482, 47.74373356 ], [ -122.8747934, 47.74355502 ], [ -122.87468733, 47.74345696 ], [ -122.87453426, 47.74334096 ], [ -122.8742312, 47.74317756 ], [ -122.87390813, 47.74296456 ], [ -122.87369947, 47.74284336 ], [ -122.87355407, 47.74268329 ], [ -122.8735304, 47.74260889 ], [ -122.87352267, 47.74258389 ], [ -122.87353193, 47.74235882 ], [ -122.87360873, 47.74218862 ], [ -122.8738318, 47.74197209 ], [ -122.8740588, 47.74185556 ], [ -122.87427007, 47.74171516 ], [ -122.874465, 47.74158576 ], [ -122.8748982, 47.74128422 ], [ -122.87523166, 47.74104709 ], [ -122.8755808, 47.74074076 ], [ -122.875876, 47.74046669 ], [ -122.87601353, 47.74018916 ], [ -122.87602613, 47.74007376 ], [ -122.87604093, 47.73993869 ], [ -122.87605547, 47.73980936 ], [ -122.87606453, 47.73970496 ], [ -122.87607347, 47.73960929 ], [ -122.8760578, 47.73953149 ], [ -122.8759528, 47.73948989 ], [ -122.87578353, 47.7394854 ], [ -122.87566321, 47.7393216 ], [ -122.87566087, 47.73926956 ], [ -122.87575946, 47.73915496 ], [ -122.8758212, 47.73909302 ], [ -122.87580253, 47.73893709 ], [ -122.8757852, 47.73883329 ], [ -122.875765, 47.73864276 ], [ -122.875714, 47.73833116 ], [ -122.87564187, 47.73815109 ], [ -122.87560013, 47.73804676 ], [ -122.8754884, 47.73783169 ], [ -122.87540446, 47.73765956 ], [ -122.87526853, 47.73747109 ], [ -122.87517373, 47.73735129 ], [ -122.8751456, 47.73729102 ], [ -122.8750082, 47.73705916 ], [ -122.87495267, 47.73696469 ], [ -122.87489493, 47.73680956 ], [ -122.87480867, 47.73658522 ], [ -122.8746476, 47.73641469 ], [ -122.87446193, 47.73626162 ], [ -122.87431613, 47.73616009 ], [ -122.87426253, 47.73610902 ], [ -122.8741816, 47.73601489 ], [ -122.8741146, 47.73593809 ], [ -122.87399666, 47.73587949 ], [ -122.8739322, 47.73588062 ], [ -122.87388193, 47.73591622 ], [ -122.87382093, 47.73599529 ], [ -122.87373133, 47.73601422 ], [ -122.8736898, 47.73593696 ], [ -122.87368306, 47.73576349 ], [ -122.87362466, 47.73558229 ], [ -122.87345713, 47.73525542 ], [ -122.87332333, 47.73479776 ], [ -122.8732046, 47.73439189 ], [ -122.87308993, 47.73409876 ], [ -122.87303233, 47.73393502 ], [ -122.87307606, 47.73374322 ], [ -122.87309366, 47.73353462 ], [ -122.8730116, 47.73341462 ], [ -122.8729558, 47.73330262 ], [ -122.87299093, 47.73322389 ], [ -122.87302806, 47.73317982 ], [ -122.87303826, 47.73310162 ], [ -122.8729708, 47.73302462 ], [ -122.87290146, 47.73290436 ], [ -122.87293733, 47.73284296 ], [ -122.872997, 47.73271169 ], [ -122.87300513, 47.73259876 ], [ -122.87295753, 47.73237382 ], [ -122.87297786, 47.73222602 ], [ -122.87303973, 47.73215549 ], [ -122.8731112, 47.73201535 ], [ -122.87310786, 47.73192856 ], [ -122.87306359, 47.73179042 ], [ -122.87303406, 47.73168682 ], [ -122.87304106, 47.73154769 ], [ -122.87307366, 47.73139089 ], [ -122.87307593, 47.73136122 ], [ -122.8730798, 47.73129995 ], [ -122.8730882, 47.73126036 ], [ -122.87312426, 47.73118042 ], [ -122.87316966, 47.73109382 ], [ -122.87321446, 47.73099402 ], [ -122.87325846, 47.73087449 ], [ -122.87331166, 47.73073509 ], [ -122.87337559, 47.73060856 ], [ -122.87340279, 47.73056835 ], [ -122.87343066, 47.73052169 ], [ -122.87344733, 47.73046209 ], [ -122.8734764, 47.73044176 ], [ -122.8734799, 47.73043842 ], [ -122.87370604, 47.73049142 ], [ -122.87379804, 47.73051242 ], [ -122.87391404, 47.73058942 ], [ -122.87400104, 47.73074742 ], [ -122.8740671, 47.73083826 ], [ -122.8740694, 47.73085342 ], [ -122.87408173, 47.73091249 ], [ -122.87411273, 47.73095809 ], [ -122.87415413, 47.73101022 ], [ -122.87419506, 47.73106236 ], [ -122.87425526, 47.73110076 ], [ -122.87434406, 47.73113216 ], [ -122.87449193, 47.73115589 ], [ -122.87468886, 47.73118549 ], [ -122.8749438, 47.73119402 ], [ -122.87521606, 47.73116949 ], [ -122.87535253, 47.73115369 ], [ -122.87544, 47.73113236 ], [ -122.8756246, 47.73110275 ], [ -122.8757792, 47.73106036 ], [ -122.87592473, 47.73103136 ], [ -122.8761876, 47.73100029 ], [ -122.87638686, 47.73099024 ], [ -122.87672634, 47.73107379 ], [ -122.8768512, 47.73120616 ], [ -122.87692833, 47.73144216 ], [ -122.87694577, 47.73150246 ], [ -122.87694503, 47.73183442 ], [ -122.87714703, 47.73210942 ], [ -122.87752303, 47.73236542 ], [ -122.87753735, 47.73236846 ], [ -122.8775626, 47.73240076 ], [ -122.8776074, 47.73253849 ], [ -122.87763986, 47.73261716 ], [ -122.87765253, 47.73269609 ], [ -122.87767346, 47.73277862 ], [ -122.87767593, 47.73278802 ], [ -122.87768826, 47.73284722 ], [ -122.87771986, 47.73290602 ], [ -122.87777133, 47.73297769 ], [ -122.8778734, 47.73306816 ], [ -122.8780218, 47.73312496 ], [ -122.87813966, 47.73313589 ], [ -122.87829606, 47.73313322 ], [ -122.87848246, 47.73314302 ], [ -122.8786972, 47.73313916 ], [ -122.87889267, 47.73313569 ], [ -122.87916513, 47.73310442 ], [ -122.87921438, 47.73309875 ], [ -122.87934703, 47.73326342 ], [ -122.87947635, 47.73336849 ], [ -122.879433, 47.73343609 ], [ -122.87939813, 47.73354222 ], [ -122.8793922, 47.73364796 ], [ -122.87940626, 47.73374669 ], [ -122.8794274, 47.73379909 ], [ -122.879382, 47.73388569 ], [ -122.87929533, 47.73391369 ], [ -122.87924766, 47.73396076 ], [ -122.87920373, 47.73408022 ], [ -122.8791484, 47.73416036 ], [ -122.8790826, 47.73423402 ], [ -122.87903533, 47.73426789 ], [ -122.87895927, 47.73432876 ], [ -122.878894, 47.73440242 ], [ -122.8788576, 47.73447569 ], [ -122.87884106, 47.73454869 ], [ -122.87882306, 47.73458849 ], [ -122.87879513, 47.73463516 ], [ -122.87872986, 47.73470896 ], [ -122.87869226, 47.73474262 ], [ -122.87868353, 47.73477569 ], [ -122.8787242, 47.73482116 ], [ -122.87878513, 47.73486622 ], [ -122.87882613, 47.73491836 ], [ -122.87886786, 47.73497696 ], [ -122.87888987, 47.73504915 ], [ -122.8788824, 47.73510862 ], [ -122.87886606, 47.73517496 ], [ -122.87881953, 47.73524842 ], [ -122.87872667, 47.73537542 ], [ -122.87873866, 47.73542796 ], [ -122.87875993, 47.73546062 ], [ -122.87880993, 47.73549916 ], [ -122.87890886, 47.73553042 ], [ -122.87897893, 47.73556222 ], [ -122.8790872, 47.73558662 ], [ -122.8791666, 47.73561169 ], [ -122.8792746, 47.73562956 ], [ -122.87940207, 47.73562716 ], [ -122.87948926, 47.73561249 ], [ -122.87958586, 47.73559082 ], [ -122.87967386, 47.73556949 ], [ -122.87976053, 47.73554156 ], [ -122.879876, 47.73549996 ], [ -122.87999233, 47.73546482 ], [ -122.88014633, 47.73540922 ], [ -122.8802326, 47.73536156 ], [ -122.8803644, 47.73524042 ], [ -122.88044767, 47.73511362 ], [ -122.880483, 47.73500729 ], [ -122.88056547, 47.73487402 ], [ -122.8806282, 47.73472102 ], [ -122.88070826, 47.73453482 ], [ -122.8807792, 47.73434882 ], [ -122.880781825313406, 47.734332475371509 ], [ -122.880329, 47.734332 ], [ -122.880339, 47.729833 ], [ -122.880639, 47.729833 ], [ -122.880639, 47.729631 ], [ -122.884089333026864, 47.729634622125253 ], [ -122.88418273, 47.72942382 ], [ -122.8842128, 47.72918789 ], [ -122.88423593, 47.72905262 ], [ -122.88425987, 47.72891235 ], [ -122.8842492, 47.72865102 ], [ -122.88421906, 47.72837709 ], [ -122.88431007, 47.72821842 ], [ -122.884342, 47.72804789 ], [ -122.8843422, 47.72795002 ], [ -122.8843428, 47.72759009 ], [ -122.88430073, 47.72700235 ], [ -122.88432153, 47.72607369 ], [ -122.88444626, 47.72512562 ], [ -122.88445606, 47.72505115 ], [ -122.884480592475612, 47.724873567358628 ], [ -122.882035, 47.724871 ], [ -122.882036, 47.724596 ], [ -122.881938, 47.724596 ], [ -122.881949, 47.720097 ], [ -122.884846705428558, 47.720100042894991 ], [ -122.88500075, 47.71961976 ], [ -122.88516056, 47.71925111 ], [ -122.88528213, 47.71899462 ], [ -122.8853101, 47.71890615 ], [ -122.88546299, 47.71855343 ], [ -122.88572499, 47.71792843 ], [ -122.88580308, 47.71756266 ], [ -122.88592033, 47.71731135 ], [ -122.88597414, 47.71713766 ], [ -122.88627799, 47.71657943 ], [ -122.88633699, 47.71617043 ], [ -122.88633799, 47.71560343 ], [ -122.88628097, 47.71550438 ], [ -122.88625613, 47.71537769 ], [ -122.88613999, 47.71513222 ], [ -122.88603899, 47.71490715 ], [ -122.8859192, 47.71456922 ], [ -122.88577019, 47.71428329 ], [ -122.88575039, 47.71417022 ], [ -122.88568039, 47.71394475 ], [ -122.88567304, 47.71376138 ], [ -122.88579198, 47.71356944 ], [ -122.88585098, 47.71315544 ], [ -122.88586561, 47.71308388 ], [ -122.88595019, 47.71305329 ], [ -122.88603933, 47.71297949 ], [ -122.88609573, 47.71285475 ], [ -122.88607359, 47.71269015 ], [ -122.88607693, 47.71239115 ], [ -122.88618373, 47.71198722 ], [ -122.8862208, 47.71191725 ], [ -122.88649198, 47.71161344 ], [ -122.88651015, 47.71139355 ], [ -122.88669678, 47.71118742 ], [ -122.88675298, 47.71116344 ], [ -122.88724597, 47.71069644 ], [ -122.8872605, 47.71067891 ], [ -122.88758899, 47.71045675 ], [ -122.88776759, 47.71034015 ], [ -122.88803813, 47.71014389 ], [ -122.88815846, 47.70999589 ], [ -122.88831399, 47.70984102 ], [ -122.88846846, 47.70964969 ], [ -122.88865859, 47.70943962 ], [ -122.88887446, 47.70929215 ], [ -122.88907946, 47.70915215 ], [ -122.8892408, 47.7090518 ], [ -122.88991497, 47.70872344 ], [ -122.890065246929581, 47.708658895982452 ], [ -122.890071, 47.705783 ], [ -122.892502, 47.705786 ], [ -122.892505, 47.703914 ], [ -122.895197048474387, 47.703916423449485 ], [ -122.89503366, 47.70357643 ], [ -122.89505999, 47.70350849 ], [ -122.89509886, 47.70330062 ], [ -122.89514873, 47.70307682 ], [ -122.89516573, 47.70290115 ], [ -122.89518253, 47.70273369 ], [ -122.89515359, 47.70259889 ], [ -122.89513979, 47.70255115 ], [ -122.89509486, 47.70237209 ], [ -122.89508413, 47.70232928 ], [ -122.89506953, 47.70226582 ], [ -122.89505373, 47.70216249 ], [ -122.89501533, 47.70209948 ], [ -122.89498819, 47.70200442 ], [ -122.89498044, 47.70199002 ], [ -122.89502695, 47.70157545 ], [ -122.89513532, 47.70124261 ], [ -122.89516833, 47.70118882 ], [ -122.89525746, 47.70105982 ], [ -122.89532326, 47.70093109 ], [ -122.89543106, 47.70067435 ], [ -122.89548613, 47.70057775 ], [ -122.89553699, 47.70037775 ], [ -122.89567612, 47.70001682 ], [ -122.89570826, 47.69992862 ], [ -122.89578959, 47.69959269 ], [ -122.89592279, 47.69908848 ], [ -122.89599286, 47.69878449 ], [ -122.89610186, 47.69854369 ], [ -122.89610079, 47.69848695 ], [ -122.89609446, 47.69846942 ], [ -122.89607306, 47.69841195 ], [ -122.89595006, 47.69829655 ], [ -122.89576513, 47.69816989 ], [ -122.89552172, 47.69799802 ], [ -122.89533412, 47.69781248 ], [ -122.89521193, 47.69771402 ], [ -122.89512873, 47.69764835 ], [ -122.89503415, 47.69759161 ], [ -122.89503494, 47.69746845 ], [ -122.89517894, 47.69743245 ], [ -122.89549794, 47.69750945 ], [ -122.89575681, 47.69763829 ], [ -122.89579572, 47.69769929 ], [ -122.89583626, 47.69776569 ], [ -122.89590566, 47.69780642 ], [ -122.89599346, 47.69781748 ], [ -122.89606846, 47.69782449 ], [ -122.89612366, 47.69781082 ], [ -122.89615839, 47.69774722 ], [ -122.89615803, 47.69773718 ], [ -122.89627894, 47.69774345 ], [ -122.89670494, 47.69765845 ], [ -122.89677193, 47.69764545 ], [ -122.89720593, 47.69755145 ], [ -122.89740893, 47.69741145 ], [ -122.89740893, 47.69723645 ], [ -122.89688793, 47.69725845 ], [ -122.89682693, 47.69727145 ], [ -122.89655443, 47.69732885 ], [ -122.89653866, 47.69729548 ], [ -122.89644419, 47.69727208 ], [ -122.89635179, 47.69729475 ], [ -122.89628459, 47.69732522 ], [ -122.89619159, 47.69733535 ], [ -122.89611646, 47.69732408 ], [ -122.89604826, 47.69730869 ], [ -122.89597979, 47.69732242 ], [ -122.89592359, 47.69731502 ], [ -122.89582372, 47.69729595 ], [ -122.89574726, 47.69725515 ], [ -122.89570886, 47.69721395 ], [ -122.89568799, 47.69716828 ], [ -122.89561739, 47.69711082 ], [ -122.89547253, 47.69706302 ], [ -122.89535972, 47.69702762 ], [ -122.89525673, 47.69696169 ], [ -122.89510132, 47.69693849 ], [ -122.89486832, 47.69690622 ], [ -122.8948506, 47.69689354 ], [ -122.89489094, 47.69664945 ], [ -122.89509494, 47.69653245 ], [ -122.89542465, 47.69647734 ], [ -122.89563279, 47.69650628 ], [ -122.89581726, 47.69648728 ], [ -122.89583643, 47.69647445 ], [ -122.89599193, 47.69647445 ], [ -122.89622393, 47.69639445 ], [ -122.89645593, 47.69616045 ], [ -122.896484746410849, 47.695879009720649 ], [ -122.895998391977912, 47.695878543774647 ], [ -122.89599042, 47.69592192 ], [ -122.8958688, 47.69607516 ], [ -122.89578121, 47.69612216 ], [ -122.89558693, 47.69618245 ], [ -122.89512394, 47.69615945 ], [ -122.89464611, 47.69614965 ], [ -122.89463726, 47.69614862 ], [ -122.8946151, 47.69614901 ], [ -122.89419794, 47.69614045 ], [ -122.89411256, 47.69619823 ], [ -122.89404472, 47.69621682 ], [ -122.8939545, 47.69629745 ], [ -122.89367594, 47.69629745 ], [ -122.89329994, 47.69633245 ], [ -122.89329894, 47.69660745 ], [ -122.89378994, 47.69698145 ], [ -122.89370294, 47.69719745 ], [ -122.89375707, 47.69730727 ], [ -122.89370246, 47.69733415 ], [ -122.89354206, 47.69736842 ], [ -122.89334732, 47.69734055 ], [ -122.89325932, 47.69725869 ], [ -122.89317666, 47.69712449 ], [ -122.89308839, 47.69704795 ], [ -122.89295399, 47.69696155 ], [ -122.89288286, 47.69692635 ], [ -122.89276299, 47.69683468 ], [ -122.89266631, 47.69676389 ], [ -122.89260394, 47.69668745 ], [ -122.89232439, 47.69626958 ], [ -122.89233039, 47.69624762 ], [ -122.89233452, 47.69615895 ], [ -122.89230812, 47.69608115 ], [ -122.89225092, 47.69599355 ], [ -122.89223399, 47.69596762 ], [ -122.89216913, 47.69588022 ], [ -122.89211206, 47.69580815 ], [ -122.89208675, 47.69577592 ], [ -122.89234494, 47.69564845 ], [ -122.89269294, 47.69543745 ], [ -122.89318594, 47.69522145 ], [ -122.89338894, 47.69484845 ], [ -122.89338385, 47.69479845 ], [ -122.89367832, 47.69460782 ], [ -122.89400473, 47.69438055 ], [ -122.894390444784221, 47.694155373397358 ], [ -122.894393193078542, 47.692781836968685 ], [ -122.89436672, 47.69276729 ], [ -122.89415619, 47.69267002 ], [ -122.89402552, 47.69256489 ], [ -122.89392826, 47.69242202 ], [ -122.89388652, 47.69230682 ], [ -122.89390266, 47.69219182 ], [ -122.89396799, 47.69209862 ], [ -122.89406532, 47.69204902 ], [ -122.89420386, 47.69207082 ], [ -122.894394468397977, 47.692144460652401 ], [ -122.894396, 47.691379 ], [ -122.894889, 47.691379 ], [ -122.894889, 47.691249 ], [ -122.895290968144238, 47.69124930164201 ], [ -122.89529739, 47.69124542 ], [ -122.895334590771782, 47.691249334376984 ], [ -122.896232756273264, 47.69125000837181 ], [ -122.89622172, 47.69121775 ], [ -122.89612486, 47.69111842 ], [ -122.89604346, 47.69103715 ], [ -122.89596199, 47.69097555 ], [ -122.89585646, 47.69093195 ], [ -122.89579919, 47.69088822 ], [ -122.89571806, 47.69083468 ], [ -122.89562066, 47.69073542 ], [ -122.89557906, 47.69070182 ], [ -122.89549772, 47.69064228 ], [ -122.89545766, 47.69057675 ], [ -122.89546586, 47.69046569 ], [ -122.89535099, 47.69037242 ], [ -122.89518812, 47.69034062 ], [ -122.89505099, 47.69032889 ], [ -122.89502519, 47.69026322 ], [ -122.89509079, 47.69021955 ], [ -122.89518799, 47.69017982 ], [ -122.89526146, 47.69010855 ], [ -122.89523566, 47.69004295 ], [ -122.89517226, 47.68999935 ], [ -122.89507279, 47.68994382 ], [ -122.89491806, 47.68989022 ], [ -122.89481326, 47.68984062 ], [ -122.89468386, 47.68976322 ], [ -122.89463432, 47.68961048 ], [ -122.89467399, 47.68952122 ], [ -122.89477112, 47.68943388 ], [ -122.89478315, 47.68942788 ], [ -122.89489692, 47.68949146 ], [ -122.89525192, 47.68968946 ], [ -122.89545492, 47.68986546 ], [ -122.89583092, 47.68998246 ], [ -122.89603392, 47.68988846 ], [ -122.89583192, 47.68961446 ], [ -122.89588992, 47.68925846 ], [ -122.89586192, 47.68898846 ], [ -122.89554492, 47.68849846 ], [ -122.89544877, 47.6884228 ], [ -122.89548346, 47.68831888 ], [ -122.89553126, 47.68820775 ], [ -122.89556305, 47.68813628 ], [ -122.89557892, 47.68804908 ], [ -122.89559452, 47.68798942 ], [ -122.89563639, 47.68794982 ], [ -122.89566819, 47.68790015 ], [ -122.89569212, 47.68786849 ], [ -122.89581472, 47.68787435 ], [ -122.89600926, 47.68776322 ], [ -122.89608604, 47.68768831 ], [ -122.89632792, 47.68762146 ], [ -122.89652992, 47.68758146 ], [ -122.89671392, 47.68770246 ], [ -122.89668392, 47.68778346 ], [ -122.89669592, 47.68786446 ], [ -122.89678692, 47.68809846 ], [ -122.89685592, 47.68819746 ], [ -122.89730192, 47.68850446 ], [ -122.89782692, 47.68876546 ], [ -122.89796692, 47.68885646 ], [ -122.89796779, 47.68885459 ], [ -122.89807939, 47.68892675 ], [ -122.89829679, 47.68908888 ], [ -122.89842233, 47.68924195 ], [ -122.89861592, 47.68965595 ], [ -122.89865032, 47.68970109 ], [ -122.89869559, 47.68980008 ], [ -122.89889452, 47.69007015 ], [ -122.89908292, 47.69026828 ], [ -122.89915132, 47.69036728 ], [ -122.89925399, 47.69045735 ], [ -122.89964212, 47.69072768 ], [ -122.89977919, 47.69084475 ], [ -122.90007619, 47.69103395 ], [ -122.90023679, 47.69110609 ], [ -122.900506235201064, 47.691253215244785 ], [ -122.901076597475949, 47.691253643251898 ], [ -122.90106992, 47.69125075 ], [ -122.90067039, 47.69110648 ], [ -122.90023632, 47.69091708 ], [ -122.89992719, 47.69074588 ], [ -122.89965479, 47.69053868 ], [ -122.89940299, 47.69029555 ], [ -122.89935732, 47.69022348 ], [ -122.89901492, 47.68986328 ], [ -122.89871839, 47.68943115 ], [ -122.89865032, 47.68929615 ], [ -122.89854792, 47.68905308 ], [ -122.89828532, 47.68876495 ], [ -122.89804052, 47.68853975 ], [ -122.89756679, 47.68814348 ], [ -122.89746419, 47.68799035 ], [ -122.89744179, 47.68780149 ], [ -122.89748279, 47.68767548 ], [ -122.89749311147294, 47.687644604332711 ], [ -122.896822, 47.687644 ], [ -122.896823, 47.687269 ], [ -122.89649, 47.687268 ], [ -122.896499, 47.68277 ], [ -122.89879273383707, 47.682771721505432 ], [ -122.8987561, 47.68269019 ], [ -122.89876092, 47.68268595 ], [ -122.89885819, 47.68264815 ], [ -122.89898952, 47.68257688 ], [ -122.89905512, 47.68253462 ], [ -122.89906052, 47.68253122 ], [ -122.89904499, 47.68245575 ], [ -122.89898719, 47.68237848 ], [ -122.89893199, 47.68226922 ], [ -122.89885652, 47.68212648 ], [ -122.89871945, 47.68187835 ], [ -122.89862826, 47.68169182 ], [ -122.89855486, 47.68152728 ], [ -122.89851319, 47.68130102 ], [ -122.89852919, 47.68111455 ], [ -122.89854459, 47.68096168 ], [ -122.89853659, 47.68080688 ], [ -122.89850306, 47.68067015 ], [ -122.89842172, 47.68049935 ], [ -122.89838779, 47.68042208 ], [ -122.89830652, 47.68029708 ], [ -122.89824092, 47.68013628 ], [ -122.89810412, 47.67992808 ], [ -122.89799692, 47.67979115 ], [ -122.89790752, 47.67962055 ], [ -122.89783512, 47.67943402 ], [ -122.89790972, 47.67921875 ], [ -122.89794665, 47.67910415 ], [ -122.89798865, 47.67906642 ], [ -122.89810912, 47.67895842 ], [ -122.89831512, 47.67885442 ], [ -122.89847832, 47.67873722 ], [ -122.89855472, 47.67855042 ], [ -122.89868445, 47.67816328 ], [ -122.89875825, 47.67791975 ], [ -122.89895652, 47.67764502 ], [ -122.89906545, 47.67725835 ], [ -122.89926039, 47.67689835 ], [ -122.89955772, 47.67647915 ], [ -122.89987452, 47.67603128 ], [ -122.90028179, 47.67570962 ], [ -122.90058679, 47.67546115 ], [ -122.90062039, 47.67526115 ], [ -122.90097612, 47.67474115 ], [ -122.90129405, 47.67430728 ], [ -122.90167552, 47.67388655 ], [ -122.90204005, 47.67355155 ], [ -122.90248812, 47.67320055 ], [ -122.90302419, 47.67293308 ], [ -122.90372652, 47.67260528 ], [ -122.90420112, 47.67238195 ], [ -122.90490666, 47.67212542 ], [ -122.90544532, 47.67191502 ], [ -122.90590165, 47.67174895 ], [ -122.90640159, 47.67141762 ], [ -122.90643385, 47.67139622 ], [ -122.90683465, 47.67093215 ], [ -122.90693252, 47.67077348 ], [ -122.90696432, 47.67054508 ], [ -122.90716285, 47.66977288 ], [ -122.90741299, 47.66907615 ], [ -122.90748725, 47.66845208 ], [ -122.90766659, 47.66789495 ], [ -122.90789605, 47.66730228 ], [ -122.90833452, 47.66680902 ], [ -122.90884565, 47.66622788 ], [ -122.90929352, 47.66594202 ], [ -122.90978945, 47.66558588 ], [ -122.91039039, 47.66529688 ], [ -122.91068825, 47.66508315 ], [ -122.91098245, 47.66480042 ], [ -122.91117892, 47.66462342 ], [ -122.91163145, 47.66444115 ], [ -122.91161552, 47.66464902 ], [ -122.91139865, 47.66494748 ], [ -122.91127792, 47.66510561 ], [ -122.91128499, 47.66526108 ], [ -122.91139205, 47.66536255 ], [ -122.91164918, 47.66539188 ], [ -122.91207552, 47.66519281 ], [ -122.91239485, 47.66505015 ], [ -122.91247412, 47.66501462 ], [ -122.91260225, 47.66495721 ], [ -122.91315405, 47.66470382 ], [ -122.91350259, 47.66448902 ], [ -122.91403325, 47.66433975 ], [ -122.91441232, 47.66422802 ], [ -122.91499339, 47.66406035 ], [ -122.91534659, 47.66394935 ], [ -122.91569825, 47.66380375 ], [ -122.91609799, 47.66358795 ], [ -122.91637152, 47.66340948 ], [ -122.91661972, 47.66323141 ], [ -122.91666539, 47.66310948 ], [ -122.91709518, 47.66299668 ], [ -122.917416678740153, 47.662935335433609 ], [ -122.91742049492558, 47.660482618544535 ], [ -122.91667865, 47.66058441 ], [ -122.91571939, 47.66088095 ], [ -122.91476005, 47.66117742 ], [ -122.91385352, 47.66150742 ], [ -122.91299819, 47.66183635 ], [ -122.91217579, 47.66232028 ], [ -122.91163338, 47.66278108 ], [ -122.91134179, 47.66313295 ], [ -122.91089872, 47.66352262 ], [ -122.91085272, 47.66362728 ], [ -122.91066352, 47.66397708 ], [ -122.91058832, 47.66407562 ], [ -122.91042205, 47.66429335 ], [ -122.91002078, 47.66447442 ], [ -122.90951705, 47.66465775 ], [ -122.90906292, 47.66480542 ], [ -122.90860572, 47.66488408 ], [ -122.90798785, 47.66481048 ], [ -122.90780499, 47.66472768 ], [ -122.90769865, 47.66464348 ], [ -122.90748812, 47.66450948 ], [ -122.90720278, 47.66442882 ], [ -122.90678739, 47.66429908 ], [ -122.90639738, 47.66416882 ], [ -122.90579992, 47.66397355 ], [ -122.90527899, 47.66377688 ], [ -122.90509845, 47.66374595 ], [ -122.90486865, 47.66388202 ], [ -122.90467438, 47.66399668 ], [ -122.90442978, 47.66424395 ], [ -122.90428552, 47.66445428 ], [ -122.90418985, 47.66459462 ], [ -122.90388659, 47.66468742 ], [ -122.90367912, 47.66462241 ], [ -122.90372565, 47.66451775 ], [ -122.90372098, 47.66441415 ], [ -122.90366352, 47.66427702 ], [ -122.90365572, 47.66410422 ], [ -122.90355099, 47.66405448 ], [ -122.90333912, 47.66390322 ], [ -122.90315472, 47.66378602 ], [ -122.90308739, 47.66372887 ], [ -122.90313668, 47.66371709 ], [ -122.90320278, 47.66371575 ], [ -122.90340679, 47.66369422 ], [ -122.90355838, 47.66365668 ], [ -122.90376165, 47.66361788 ], [ -122.90396438, 47.66357908 ], [ -122.90401165, 47.66349168 ], [ -122.90400625, 47.66337082 ], [ -122.90399999, 47.66323242 ], [ -122.90381165, 47.66302895 ], [ -122.90358072, 47.66301635 ], [ -122.90332438, 47.66300435 ], [ -122.90322132, 47.66298055 ], [ -122.90311725, 47.66295668 ], [ -122.90306212, 47.66287142 ], [ -122.90280038, 47.66273848 ], [ -122.90265423, 47.66270884 ], [ -122.9026644, 47.66269785 ], [ -122.90272072, 47.66267088 ], [ -122.90287305, 47.66265042 ], [ -122.90289698, 47.66264168 ], [ -122.90307472, 47.66257722 ], [ -122.90321692, 47.66233208 ], [ -122.90316312, 47.66226408 ], [ -122.90300245, 47.66211175 ], [ -122.90286512, 47.66202461 ], [ -122.90284418, 47.66201135 ], [ -122.90278518, 47.66183962 ], [ -122.90277972, 47.66171868 ], [ -122.90293099, 47.66166368 ], [ -122.90321078, 47.66162328 ], [ -122.90351598, 47.66158235 ], [ -122.90402438, 47.66150282 ], [ -122.90438072, 47.66146088 ], [ -122.90458398, 47.66142208 ], [ -122.90480785, 47.66127915 ], [ -122.90510365, 47.66103102 ], [ -122.90524478, 47.66075148 ], [ -122.90568478, 47.66029282 ], [ -122.90587192, 47.65990848 ], [ -122.90593338, 47.65956128 ], [ -122.90620018, 47.65908768 ], [ -122.90617505, 47.65853202 ], [ -122.90608932, 47.65793802 ], [ -122.90591098, 47.65769675 ], [ -122.90571372, 47.65742928 ], [ -122.90526938, 47.65670368 ], [ -122.90468532, 47.65613962 ], [ -122.90416805, 47.65575308 ], [ -122.90392752, 47.65563895 ], [ -122.90368438, 47.65547242 ], [ -122.90353325, 47.65536888 ], [ -122.90348505, 47.65495282 ], [ -122.90311665, 47.65460288 ], [ -122.90272785, 47.65428575 ], [ -122.90268945, 47.65425428 ], [ -122.90220165, 47.65386702 ], [ -122.90175385, 47.65306195 ], [ -122.90167891, 47.65270588 ], [ -122.90171805, 47.65226822 ], [ -122.90187418, 47.65182808 ], [ -122.90198105, 47.65158748 ], [ -122.90208431, 47.65126755 ], [ -122.90224765, 47.65098622 ], [ -122.90252198, 47.65054361 ], [ -122.90294091, 47.65005835 ], [ -122.90345345, 47.64969022 ], [ -122.90377005, 47.64954475 ], [ -122.90422911, 47.64929682 ], [ -122.90466065, 47.64908948 ], [ -122.90503872, 47.64900215 ], [ -122.90550138, 47.64883375 ], [ -122.90558685, 47.64877248 ], [ -122.90567238, 47.64871108 ], [ -122.90577738, 47.64843088 ], [ -122.90564545, 47.64811581 ], [ -122.90538878, 47.64764428 ], [ -122.90508098, 47.64733282 ], [ -122.90477318, 47.64702142 ], [ -122.90452545, 47.64674848 ], [ -122.90416071, 47.64647801 ], [ -122.90403238, 47.64624222 ], [ -122.90467945, 47.64624875 ], [ -122.90494352, 47.64624335 ], [ -122.90564672, 47.64618922 ], [ -122.90629238, 47.64617595 ], [ -122.90723018, 47.64611682 ], [ -122.90793518, 47.64610228 ], [ -122.90875725, 47.64608535 ], [ -122.90963631, 47.64602741 ], [ -122.91040365, 47.64609108 ], [ -122.91193378, 47.64613888 ], [ -122.91304798, 47.64607608 ], [ -122.91420145, 47.64623095 ], [ -122.91532418, 47.64636661 ], [ -122.91597571, 47.64647228 ], [ -122.91698138, 47.64661035 ], [ -122.91773445, 47.64675001 ], [ -122.91775185, 47.64675328 ], [ -122.91847665, 47.64717535 ], [ -122.91891292, 47.64772235 ], [ -122.91904858, 47.64811681 ], [ -122.91918185, 47.64847161 ], [ -122.91931205, 47.64874695 ], [ -122.91968238, 47.64913641 ], [ -122.92016845, 47.64948388 ], [ -122.92058898, 47.64967381 ], [ -122.92107238, 47.64996168 ], [ -122.92161498, 47.65026821 ], [ -122.92197678, 47.65045935 ], [ -122.92239865, 47.65068888 ], [ -122.92299512, 47.65087515 ], [ -122.92364805, 47.65102048 ], [ -122.92427032, 47.65112668 ], [ -122.92480445, 47.65123488 ], [ -122.92562839, 47.65125735 ], [ -122.92656625, 47.65119828 ], [ -122.92733319, 47.65126168 ], [ -122.92787178, 47.65121968 ], [ -122.92789339, 47.65121801 ], [ -122.92833598, 47.65127875 ], [ -122.92885825, 47.65137295 ], [ -122.92914658, 47.65145435 ], [ -122.92931605, 47.65176548 ], [ -122.92932879, 47.65204515 ], [ -122.92969872, 47.65221248 ], [ -122.93027585, 47.65237528 ], [ -122.93069265, 47.65243655 ], [ -122.93089605, 47.65233108 ], [ -122.93098859, 47.65228315 ], [ -122.93109532, 47.65222161 ], [ -122.93125645, 47.65212841 ], [ -122.93140332, 47.65203314 ], [ -122.93158959, 47.65192401 ], [ -122.93180012, 47.65183481 ], [ -122.93195465, 47.65180708 ], [ -122.93212539, 47.65184668 ], [ -122.93239345, 47.65190608 ], [ -122.93254792, 47.65195581 ], [ -122.93278225, 47.65204315 ], [ -122.93301812, 47.65209854 ], [ -122.93328639, 47.65214028 ], [ -122.93349039, 47.65217408 ], [ -122.93363525, 47.65218001 ], [ -122.93367712, 47.65209668 ], [ -122.93374819, 47.65200935 ], [ -122.9338741, 47.65194662 ], [ -122.9340928, 47.65201449 ], [ -122.9348738, 47.65189749 ], [ -122.93525818, 47.6518803 ], [ -122.93529219, 47.65189041 ], [ -122.93542925, 47.65190228 ], [ -122.93555459, 47.65187016 ], [ -122.93562315, 47.65186823 ], [ -122.93580432, 47.65200534 ], [ -122.93593192, 47.65199108 ], [ -122.93599865, 47.65198361 ], [ -122.93614545, 47.65194388 ], [ -122.93620085, 47.65191221 ], [ -122.93619326, 47.65183475 ], [ -122.93618492, 47.65164221 ], [ -122.93619105, 47.65153121 ], [ -122.93622485, 47.65140608 ], [ -122.93629639, 47.65133875 ], [ -122.93643519, 47.65124555 ], [ -122.93652425, 47.65119588 ], [ -122.93659572, 47.65116215 ], [ -122.93662132, 47.65115615 ], [ -122.93652252, 47.65110261 ], [ -122.93631199, 47.65102528 ], [ -122.93614919, 47.65097174 ], [ -122.93597059, 47.65093794 ], [ -122.93569512, 47.65091608 ], [ -122.93545065, 47.65090615 ], [ -122.93528825, 47.65085055 ], [ -122.93523052, 47.65081888 ], [ -122.93522292, 47.65079708 ], [ -122.93516492, 47.65058281 ], [ -122.93514419, 47.65050589 ], [ -122.93525179, 47.65044949 ], [ -122.93530979, 47.65035049 ], [ -122.93504879, 47.65025549 ], [ -122.93473079, 47.65019749 ], [ -122.9345288, 47.64998149 ], [ -122.93447179, 47.64974749 ], [ -122.93437279, 47.64957949 ], [ -122.93429779, 47.64945049 ], [ -122.93411257, 47.64933769 ], [ -122.93409572, 47.64925734 ], [ -122.93406365, 47.64913241 ], [ -122.93405385, 47.64901741 ], [ -122.93405379, 47.64892795 ], [ -122.93405405, 47.64887841 ], [ -122.93404578, 47.64879715 ], [ -122.93412719, 47.64883474 ], [ -122.93422432, 47.64888448 ], [ -122.93439499, 47.64895581 ], [ -122.93451032, 47.64901541 ], [ -122.93463152, 47.64908081 ], [ -122.93477812, 47.64915815 ], [ -122.93491712, 47.64925735 ], [ -122.93507199, 47.64936061 ], [ -122.93522665, 47.64950341 ], [ -122.93534739, 47.64963628 ], [ -122.93549445, 47.64975735 ], [ -122.93566505, 47.64992601 ], [ -122.93576452, 47.65003708 ], [ -122.93598232, 47.65011854 ], [ -122.93600819, 47.65009661 ], [ -122.93603525, 47.65012921 ], [ -122.93613345, 47.65019188 ], [ -122.93647599, 47.65038074 ], [ -122.93680645, 47.65050648 ], [ -122.93710445, 47.65058808 ], [ -122.93726446, 47.65060628 ], [ -122.93765212, 47.65056121 ], [ -122.93806299, 47.65056121 ], [ -122.93830305, 47.65061581 ], [ -122.93845152, 47.65067001 ], [ -122.93857705, 47.65079595 ], [ -122.93864579, 47.65092201 ], [ -122.93864545, 47.65100288 ], [ -122.93857745, 47.65113528 ], [ -122.93845172, 47.65138021 ], [ -122.93845079, 47.65180328 ], [ -122.93854185, 47.65215415 ], [ -122.93862179, 47.65232534 ], [ -122.93886632, 47.65265821 ], [ -122.93896339, 47.65282921 ], [ -122.93908952, 47.65300928 ], [ -122.93930519, 47.65319854 ], [ -122.93962559, 47.65341461 ], [ -122.94015119, 47.65365808 ], [ -122.94090445, 47.65391008 ], [ -122.94106392, 47.65399988 ], [ -122.94122372, 47.65418968 ], [ -122.94129299, 47.65430608 ], [ -122.94132706, 47.65438694 ], [ -122.94145266, 47.65462121 ], [ -122.94156572, 47.65476521 ], [ -122.94168079, 47.65486468 ], [ -122.94190899, 47.65497275 ], [ -122.94218319, 47.65506214 ], [ -122.94291092, 47.65517854 ], [ -122.94325639, 47.65523388 ], [ -122.94358832, 47.65527894 ], [ -122.94397599, 47.65527935 ], [ -122.94463812, 47.65522548 ], [ -122.94494679, 47.65516275 ], [ -122.94517552, 47.65508228 ], [ -122.94526752, 47.65500994 ], [ -122.94520439, 47.65493788 ], [ -122.94498065, 47.65492894 ], [ -122.94420392, 47.65502788 ], [ -122.94389626, 47.65504554 ], [ -122.94362166, 47.65505428 ], [ -122.94292526, 47.65502675 ], [ -122.94271959, 47.65499061 ], [ -122.94234372, 47.65484701 ], [ -122.94203432, 47.65469334 ], [ -122.94179446, 47.65453148 ], [ -122.94164652, 47.65436068 ], [ -122.94148725, 47.65411721 ], [ -122.94145319, 47.65403635 ], [ -122.94136099, 47.65392854 ], [ -122.94125912, 47.65385628 ], [ -122.94103059, 47.65373908 ], [ -122.94066545, 47.65361301 ], [ -122.94044772, 47.65353181 ], [ -122.94011732, 47.65336114 ], [ -122.93966019, 47.65310861 ], [ -122.93947766, 47.65295601 ], [ -122.93908952, 47.65256841 ], [ -122.93902712, 47.65246935 ], [ -122.93895299, 47.65233448 ], [ -122.93890679, 47.65219048 ], [ -122.93881645, 47.65185781 ], [ -122.93879372, 47.65160601 ], [ -122.93882799, 47.65135361 ], [ -122.93887379, 47.65122788 ], [ -122.93889672, 47.65112861 ], [ -122.93887378, 47.65093988 ], [ -122.93883992, 47.65084121 ], [ -122.93878866, 47.65074174 ], [ -122.93873786, 47.65067021 ], [ -122.93853239, 47.65050761 ], [ -122.93838339, 47.65044448 ], [ -122.93802926, 47.65039934 ], [ -122.93727512, 47.65041688 ], [ -122.93689825, 47.65036268 ], [ -122.93667085, 47.65029094 ], [ -122.93646485, 47.65018294 ], [ -122.93621372, 47.64999334 ], [ -122.93603512, 47.64987241 ], [ -122.93588525, 47.64980501 ], [ -122.93578612, 47.64971161 ], [ -122.93564925, 47.64958081 ], [ -122.93550212, 47.64944775 ], [ -122.93534752, 47.64931695 ], [ -122.93513552, 47.64917415 ], [ -122.93502212, 47.64912441 ], [ -122.93492299, 47.64905308 ], [ -122.93480172, 47.64897575 ], [ -122.93461339, 47.64887241 ], [ -122.93449212, 47.64881681 ], [ -122.93439532, 47.64876328 ], [ -122.93424845, 47.64869194 ], [ -122.93401998, 47.64855501 ], [ -122.93408572, 47.64848368 ], [ -122.93423058, 47.64842201 ], [ -122.93436145, 47.64840028 ], [ -122.93449839, 47.64841014 ], [ -122.93458745, 47.64843788 ], [ -122.93470252, 47.64848161 ], [ -122.93479205, 47.64851934 ], [ -122.93496245, 47.64856295 ], [ -122.93504199, 47.64843788 ], [ -122.93513132, 47.64828328 ], [ -122.93523659, 47.64817808 ], [ -122.93535738, 47.64803514 ], [ -122.93538381, 47.64800389 ], [ -122.93548579, 47.64794849 ], [ -122.93580479, 47.64757449 ], [ -122.93615279, 47.64708949 ], [ -122.93618216, 47.64700369 ], [ -122.93621432, 47.64694001 ], [ -122.93627012, 47.64682881 ], [ -122.93632752, 47.64664228 ], [ -122.93636739, 47.64643801 ], [ -122.93639085, 47.64628515 ], [ -122.93638325, 47.64624161 ], [ -122.93646265, 47.64600341 ], [ -122.93648639, 47.64580114 ], [ -122.93646838, 47.64554114 ], [ -122.93641858, 47.64527328 ], [ -122.93635352, 47.64502521 ], [ -122.93624605, 47.64476128 ], [ -122.93615712, 47.64458075 ], [ -122.93607708, 47.64445342 ], [ -122.93618478, 47.64376449 ], [ -122.93624236, 47.64357124 ], [ -122.93634239, 47.64350701 ], [ -122.93665438, 47.64324134 ], [ -122.93690438, 47.64289708 ], [ -122.93689439, 47.64267801 ], [ -122.93705798, 47.64239555 ], [ -122.93716512, 47.64215408 ], [ -122.93726952, 47.64185294 ], [ -122.93724992, 47.64142468 ], [ -122.93730185, 47.64127414 ], [ -122.93741538, 47.64117201 ], [ -122.93749718, 47.64103074 ], [ -122.93748425, 47.64095408 ], [ -122.93745685, 47.64079248 ], [ -122.93745538, 47.64052668 ], [ -122.93744825, 47.64037101 ], [ -122.93736725, 47.64018688 ], [ -122.93705538, 47.63976748 ], [ -122.93676105, 47.63939894 ], [ -122.93646854, 47.63903217 ], [ -122.93643967, 47.63895738 ], [ -122.93639418, 47.63883669 ], [ -122.93642311, 47.63870767 ], [ -122.93642898, 47.63870341 ], [ -122.93661718, 47.63867001 ], [ -122.93672685, 47.63865041 ], [ -122.93683812, 47.63855455 ], [ -122.93690112, 47.63841261 ], [ -122.93689612, 47.63830354 ], [ -122.93670545, 47.63818261 ], [ -122.93669935, 47.63816486 ], [ -122.93682877, 47.6379975 ], [ -122.93730007, 47.63772406 ], [ -122.93744565, 47.63769901 ], [ -122.93783498, 47.63762834 ], [ -122.93797118, 47.63757868 ], [ -122.93805985, 47.63749888 ], [ -122.93813543, 47.63743577 ], [ -122.93918727, 47.6371335 ], [ -122.94009939, 47.636817 ], [ -122.94013598, 47.63680597 ], [ -122.94142776, 47.6365915 ], [ -122.94153221, 47.63658843 ], [ -122.94166712, 47.63665688 ], [ -122.94176838, 47.63677548 ], [ -122.94179025, 47.63694214 ], [ -122.94182652, 47.63699241 ], [ -122.94196105, 47.63692928 ], [ -122.94210572, 47.63678688 ], [ -122.94223618, 47.63663554 ], [ -122.94233978, 47.63649421 ], [ -122.94240052, 47.63632581 ], [ -122.94240319, 47.63621707 ], [ -122.94241376, 47.6361695 ], [ -122.94240522, 47.63613204 ], [ -122.94240525, 47.63613068 ], [ -122.94243912, 47.63597208 ], [ -122.94249992, 47.63579441 ], [ -122.94253418, 47.63564528 ], [ -122.94256925, 47.63551448 ], [ -122.94264312, 47.63532301 ], [ -122.94263373, 47.63524676 ], [ -122.94270276, 47.6351075 ], [ -122.94263689, 47.63495518 ], [ -122.94263845, 47.63493368 ], [ -122.94262872, 47.63472081 ], [ -122.94263418, 47.63455201 ], [ -122.94265072, 47.63433861 ], [ -122.94258545, 47.63406488 ], [ -122.94262432, 47.63376221 ], [ -122.94259065, 47.63360314 ], [ -122.94242572, 47.63344668 ], [ -122.94224818, 47.63329068 ], [ -122.94213598, 47.63313328 ], [ -122.94220798, 47.63298968 ], [ -122.94231958, 47.63284541 ], [ -122.94230978, 47.63263254 ], [ -122.94224818, 47.63243841 ], [ -122.94221825, 47.63235028 ], [ -122.94213352, 47.63222774 ], [ -122.94210498, 47.63221434 ], [ -122.94202618, 47.63217668 ], [ -122.94169467, 47.63213422 ], [ -122.94168718, 47.63209122 ], [ -122.94175278, 47.63194281 ], [ -122.94184118, 47.63187001 ], [ -122.94204825, 47.63179454 ], [ -122.94223205, 47.63179961 ], [ -122.94224891, 47.63180234 ], [ -122.94252332, 47.63184681 ], [ -122.94268292, 47.63188788 ], [ -122.94283918, 47.63186674 ], [ -122.94285098, 47.63185894 ], [ -122.94300638, 47.63175588 ], [ -122.94317092, 47.63164674 ], [ -122.94373252, 47.63129768 ], [ -122.94408925, 47.63105948 ], [ -122.94452265, 47.63076621 ], [ -122.94490818, 47.63058054 ], [ -122.94529398, 47.63041274 ], [ -122.94565532, 47.63026321 ], [ -122.94589225, 47.63027594 ], [ -122.94625305, 47.63012641 ], [ -122.94658751, 47.62997734 ], [ -122.94709285, 47.62973974 ], [ -122.94765552, 47.62956841 ], [ -122.94813485, 47.62930588 ], [ -122.94852072, 47.62913814 ], [ -122.94894125, 47.62887668 ], [ -122.94954291, 47.62870448 ], [ -122.95008705, 47.62856021 ], [ -122.95055018, 47.62836434 ], [ -122.95113378, 47.62821908 ], [ -122.95161985, 47.62810261 ], [ -122.95208965, 47.62805281 ], [ -122.95232278, 47.62799474 ], [ -122.95266958, 47.62782787 ], [ -122.95290152, 47.62774314 ], [ -122.95317785, 47.62776408 ], [ -122.95348645, 47.62763774 ], [ -122.95359712, 47.62747601 ], [ -122.95402278, 47.62744634 ], [ -122.95414612, 47.62743774 ], [ -122.95481558, 47.62745041 ], [ -122.95511178, 47.62748394 ], [ -122.95549252, 47.62763548 ], [ -122.95566872, 47.62761861 ], [ -122.95613918, 47.62758194 ], [ -122.95657252, 47.62759954 ], [ -122.95701012, 47.62769661 ], [ -122.95750272, 47.62778874 ], [ -122.95758505, 47.62780414 ], [ -122.95798312, 47.62790221 ], [ -122.95826558, 47.62805581 ], [ -122.95881452, 47.62801754 ], [ -122.95908965, 47.62801174 ], [ -122.95926338, 47.62794174 ], [ -122.95950952, 47.62773701 ], [ -122.95959925, 47.62754901 ], [ -122.95950252, 47.62744227 ], [ -122.95943359, 47.62736634 ], [ -122.95927285, 47.62729001 ], [ -122.95898732, 47.62717861 ], [ -122.95885198, 47.62712594 ], [ -122.95849345, 47.62702721 ], [ -122.95825178, 47.62689927 ], [ -122.95788538, 47.62664114 ], [ -122.95763998, 47.62643361 ], [ -122.95747805, 47.62633061 ], [ -122.95713452, 47.62613847 ], [ -122.95693352, 47.62603628 ], [ -122.95676985, 47.62590688 ], [ -122.95667705, 47.62602848 ], [ -122.95656692, 47.62619034 ], [ -122.95653292, 47.62631074 ], [ -122.95643272, 47.62640348 ], [ -122.95638118, 47.62648481 ], [ -122.95625838, 47.62656008 ], [ -122.95620512, 47.62645048 ], [ -122.95625412, 47.62630221 ], [ -122.95630258, 47.62615581 ], [ -122.95640065, 47.62599434 ], [ -122.95646658, 47.62585174 ], [ -122.95652898, 47.62576381 ], [ -122.95651905, 47.62572494 ], [ -122.95648145, 47.62557987 ], [ -122.95639572, 47.62541441 ], [ -122.95625825, 47.62525894 ], [ -122.95612032, 47.62509454 ], [ -122.95600998, 47.62495594 ], [ -122.95589992, 47.62483501 ], [ -122.95587865, 47.62465941 ], [ -122.95588403, 47.62457128 ], [ -122.95606272, 47.62443951 ], [ -122.95637872, 47.62434651 ], [ -122.95666272, 47.62433551 ], [ -122.95694672, 47.62434651 ], [ -122.95729572, 47.62429651 ], [ -122.95744074, 47.62427984 ], [ -122.95757373, 47.62427289 ], [ -122.95773372, 47.62428551 ], [ -122.95790372, 47.62429151 ], [ -122.95816372, 47.62424751 ], [ -122.95817482, 47.62424249 ], [ -122.95824905, 47.62423534 ], [ -122.95840265, 47.62417927 ], [ -122.95848932, 47.62408061 ], [ -122.95850342, 47.62406702 ], [ -122.95885372, 47.62383051 ], [ -122.95908072, 47.62366051 ], [ -122.95933353, 47.62354622 ], [ -122.95941525, 47.62354154 ], [ -122.95966692, 47.62350114 ], [ -122.96011992, 47.62350494 ], [ -122.96026881, 47.62348916 ], [ -122.96042672, 47.62349051 ], [ -122.96076772, 47.62347351 ], [ -122.96123872, 47.62336351 ], [ -122.96139251, 47.62331583 ], [ -122.96146325, 47.62329821 ], [ -122.96182958, 47.62337974 ], [ -122.96219745, 47.62348341 ], [ -122.96223112, 47.62341821 ], [ -122.96230915, 47.62326711 ], [ -122.96233371, 47.62325351 ], [ -122.96286871, 47.62250251 ], [ -122.96299972, 47.62237647 ], [ -122.96309985, 47.62230441 ], [ -122.96311233, 47.62227092 ], [ -122.96327371, 47.62212951 ], [ -122.96339571, 47.62191551 ], [ -122.96356571, 47.62166851 ], [ -122.96388171, 47.62142751 ], [ -122.96411771, 47.62125651 ], [ -122.96451471, 47.62112551 ], [ -122.96487971, 47.62093351 ], [ -122.96517171, 47.62071351 ], [ -122.96541471, 47.62044451 ], [ -122.96575571, 47.62004951 ], [ -122.96597064, 47.6197164 ], [ -122.96598725, 47.61970061 ], [ -122.96600102, 47.61966931 ], [ -122.9660067, 47.61966051 ], [ -122.96607197, 47.61954265 ], [ -122.96614352, 47.61947187 ], [ -122.96627372, 47.61938241 ], [ -122.96644865, 47.61928341 ], [ -122.96659985, 47.61921954 ], [ -122.96672438, 47.61913887 ], [ -122.96681045, 47.61905907 ], [ -122.96690712, 47.61893554 ], [ -122.9669846, 47.61887346 ], [ -122.96704349, 47.61884237 ], [ -122.96718618, 47.61881854 ], [ -122.96719625, 47.61881681 ], [ -122.96749225, 47.61883661 ], [ -122.96769858, 47.61885807 ], [ -122.96795518, 47.61887014 ], [ -122.96818818, 47.61890841 ], [ -122.96846945, 47.61889387 ], [ -122.96874865, 47.61883587 ], [ -122.96902718, 47.61875201 ], [ -122.96934092, 47.61860667 ], [ -122.96960425, 47.61847974 ], [ -122.96981725, 47.61837121 ], [ -122.97013259, 47.61826047 ], [ -122.97028945, 47.61818787 ], [ -122.97061458, 47.61802707 ], [ -122.97102818, 47.61786014 ], [ -122.97119092, 47.61779427 ], [ -122.97185778, 47.61763307 ], [ -122.97239792, 47.61754807 ], [ -122.97276445, 47.61748134 ], [ -122.97298188, 47.61747675 ], [ -122.97334769, 47.61754651 ], [ -122.97367969, 47.61776551 ], [ -122.9737727, 47.61786594 ], [ -122.97378479, 47.61790094 ], [ -122.97383312, 47.61800294 ], [ -122.97394698, 47.61811827 ], [ -122.97420852, 47.61812727 ], [ -122.97447865, 47.61809227 ], [ -122.97470578, 47.61805794 ], [ -122.97483147, 47.61806744 ], [ -122.97485669, 47.61809451 ], [ -122.97494569, 47.61812251 ], [ -122.97496896, 47.61809876 ], [ -122.97501238, 47.61811027 ], [ -122.97507572, 47.61806487 ], [ -122.97524398, 47.61794367 ], [ -122.97550005, 47.61783527 ], [ -122.97571325, 47.61774247 ], [ -122.97594552, 47.61759047 ], [ -122.97619752, 47.61739401 ], [ -122.97649052, 47.61715241 ], [ -122.97685212, 47.61696821 ], [ -122.97710678, 47.61683047 ], [ -122.97734179, 47.6167372 ], [ -122.97761912, 47.61662827 ], [ -122.97775092, 47.61658381 ], [ -122.97801352, 47.61653914 ], [ -122.97895039, 47.61644934 ], [ -122.97937492, 47.61638747 ], [ -122.97938345, 47.61638627 ], [ -122.97991985, 47.61623367 ], [ -122.98029699, 47.61614367 ], [ -122.98086872, 47.61590047 ], [ -122.98117719, 47.61573007 ], [ -122.98163392, 47.61547794 ], [ -122.98228405, 47.61504587 ], [ -122.98293112, 47.61453674 ], [ -122.98301572, 47.61447014 ], [ -122.98324445, 47.61420027 ], [ -122.98343745, 47.61401174 ], [ -122.98344945, 47.61376874 ], [ -122.98352932, 47.6135888 ], [ -122.98363238, 47.6133634 ], [ -122.98369512, 47.61327361 ], [ -122.98377619, 47.61312074 ], [ -122.98388445, 47.61294121 ], [ -122.98398685, 47.61267981 ], [ -122.98399865, 47.61260794 ], [ -122.98408952, 47.61233787 ], [ -122.98417752, 47.6118986 ], [ -122.98418172, 47.61187894 ], [ -122.98437612, 47.61143841 ], [ -122.98446772, 47.6112496 ], [ -122.98455858, 47.6108716 ], [ -122.98455952, 47.61045747 ], [ -122.98452472, 47.61023294 ], [ -122.98446892, 47.61007987 ], [ -122.9844468, 47.61005625 ], [ -122.98444667, 47.61005551 ], [ -122.98444423, 47.61005351 ], [ -122.98434198, 47.6099444 ], [ -122.98405672, 47.60971941 ], [ -122.98386739, 47.60960375 ], [ -122.98381267, 47.60956251 ], [ -122.98370049, 47.60946421 ], [ -122.98369572, 47.60943607 ], [ -122.98369165, 47.60941387 ], [ -122.98371592, 47.60936881 ], [ -122.98384132, 47.60929654 ], [ -122.98400085, 47.60926054 ], [ -122.98411498, 47.60925194 ], [ -122.98434319, 47.60929714 ], [ -122.98449225, 47.60929707 ], [ -122.98461705, 47.60923374 ], [ -122.98481192, 47.60895494 ], [ -122.98494772, 47.60871434 ], [ -122.98499452, 47.60863087 ], [ -122.98503925, 47.6085682 ], [ -122.98513065, 47.60839727 ], [ -122.98532552, 47.60816307 ], [ -122.98547378, 47.60803754 ], [ -122.98569112, 47.60789374 ], [ -122.98600725, 47.6076504 ], [ -122.98621692, 47.60751534 ], [ -122.98647818, 47.60729034 ], [ -122.98660452, 47.60717354 ], [ -122.98673065, 47.60702994 ], [ -122.98679865, 47.60696674 ], [ -122.98683265, 47.60691287 ], [ -122.98700438, 47.606769 ], [ -122.98700984, 47.60676498 ], [ -122.98783266, 47.60677051 ], [ -122.98847166, 47.60677651 ], [ -122.98933466, 47.60678151 ], [ -122.99253965, 47.60680651 ], [ -122.99259965, 47.60680751 ], [ -122.99303065, 47.60680951 ], [ -122.99610665, 47.60683151 ], [ -122.99396165, 47.60857151 ], [ -122.99287865, 47.60944851 ], [ -122.99019066, 47.61162951 ], [ -122.98766067, 47.61376951 ], [ -122.98637767, 47.61489251 ], [ -122.98620867, 47.61503351 ], [ -122.98400068, 47.61688651 ], [ -122.97993169, 47.6204145 ], [ -122.97930769, 47.6209745 ], [ -122.97691469, 47.6221155 ], [ -122.9735027, 47.6233435 ], [ -122.9729657, 47.6237285 ], [ -122.9728147, 47.6238505 ], [ -122.9728767, 47.6240545 ], [ -122.9721867, 47.6247695 ], [ -122.9714907, 47.6255125 ], [ -122.96805571, 47.6291665 ], [ -122.96247573, 47.63457949 ], [ -122.95868374, 47.63825949 ], [ -122.95809474, 47.63976849 ], [ -122.95728975, 47.64179449 ], [ -122.95639175, 47.64405749 ], [ -122.95636875, 47.64410949 ], [ -122.95508276, 47.64736449 ], [ -122.95221877, 47.65458348 ], [ -122.95205377, 47.65500048 ], [ -122.95144578, 47.65642648 ], [ -122.95057478, 47.65872748 ], [ -122.95032478, 47.65913548 ], [ -122.94979579, 47.66048547 ], [ -122.9460298, 47.66770547 ], [ -122.9454348, 47.66894547 ], [ -122.94483781, 47.67008647 ], [ -122.94462481, 47.67048747 ], [ -122.94436381, 47.67099047 ], [ -122.94335381, 47.67299746 ], [ -122.94284382, 47.67402646 ], [ -122.94163282, 47.67712646 ], [ -122.93949683, 47.68085746 ], [ -122.93902783, 47.68115646 ], [ -122.93233485, 47.68541546 ], [ -122.91234169, 47.69813931 ], [ -122.91229553, 47.69813408 ], [ -122.91176979, 47.69799875 ], [ -122.91154173, 47.69787255 ], [ -122.91142859, 47.69777355 ], [ -122.91142833, 47.69772855 ], [ -122.91138173, 47.69766548 ], [ -122.91132493, 47.69754848 ], [ -122.91115353, 47.69742235 ], [ -122.91108593, 47.69723335 ], [ -122.91106279, 47.69714335 ], [ -122.91101753, 47.69704435 ], [ -122.91100613, 47.69694535 ], [ -122.91093793, 47.69681035 ], [ -122.91088073, 47.69662135 ], [ -122.91082379, 47.69651335 ], [ -122.91077899, 47.69639635 ], [ -122.91054993, 47.69568535 ], [ -122.91052813, 47.69558635 ], [ -122.91043633, 47.69537935 ], [ -122.91024873, 47.69504628 ], [ -122.91009499, 47.69476728 ], [ -122.91003873, 47.69457828 ], [ -122.90997186, 47.69449435 ], [ -122.90974079, 47.69417315 ], [ -122.90966153, 47.69402908 ], [ -122.90958179, 47.69386708 ], [ -122.90951359, 47.69379508 ], [ -122.90946959, 47.69374108 ], [ -122.90938773, 47.69364195 ], [ -122.90914779, 47.69340788 ], [ -122.90909173, 47.69330888 ], [ -122.90901153, 47.69321875 ], [ -122.90881699, 47.69305668 ], [ -122.90865732, 47.69289455 ], [ -122.90812079, 47.69241728 ], [ -122.90799519, 47.69232728 ], [ -122.90774373, 47.69222808 ], [ -122.90753859, 47.69220088 ], [ -122.90729779, 47.69220068 ], [ -122.90671459, 47.69229015 ], [ -122.90629139, 47.69231688 ], [ -122.90597172, 47.69225355 ], [ -122.90567533, 47.69216335 ], [ -122.90525252, 47.69197408 ], [ -122.90508079, 47.69185695 ], [ -122.90497779, 47.69173095 ], [ -122.90462392, 47.69141568 ], [ -122.90457873, 47.69135268 ], [ -122.90456713, 47.69125368 ] ], [ [ -122.921095035597276, 47.66016075690515 ], [ -122.921419, 47.660161 ], [ -122.921419, 47.660145376419997 ], [ -122.921396036078249, 47.660112 ], [ -122.921394, 47.660112 ], [ -122.921394004593992, 47.660109047382733 ], [ -122.92139219, 47.66010641 ], [ -122.921095035597276, 47.66016075690515 ] ] ], [ [ [ -122.91054779, 47.69774588 ], [ -122.91065033, 47.69765595 ], [ -122.91077659, 47.69762008 ], [ -122.91093613, 47.69764715 ], [ -122.91119939, 47.69782735 ], [ -122.91146233, 47.69802548 ], [ -122.91150553, 47.69810648 ], [ -122.91139253, 47.69815135 ], [ -122.91098159, 47.69810608 ], [ -122.91071839, 47.69804288 ], [ -122.91058199, 47.69796175 ], [ -122.91054759, 47.69789875 ], [ -122.91054779, 47.69774588 ] ] ], [ [ [ -124.383146, 47.729208 ], [ -124.383027, 47.72471 ], [ -124.389692, 47.72463 ], [ -124.389698, 47.724853 ], [ -124.389825, 47.724852 ], [ -124.389945, 47.729349 ], [ -124.383279, 47.72943 ], [ -124.383273, 47.729206 ], [ -124.383146, 47.729208 ] ] ], [ [ [ -124.37856, 47.735234 ], [ -124.371893, 47.735314 ], [ -124.371775, 47.730816 ], [ -124.378441, 47.730736 ], [ -124.37856, 47.735234 ] ] ], [ [ [ -124.419171, 47.744782 ], [ -124.413127, 47.744857 ], [ -124.413005, 47.740359 ], [ -124.419673, 47.740277 ], [ -124.419746, 47.742985 ], [ -124.42579, 47.74291 ], [ -124.425912, 47.747407 ], [ -124.419244, 47.74749 ], [ -124.419171, 47.744782 ] ] ], [ [ [ -122.896138, 47.751434 ], [ -122.896129, 47.755932 ], [ -122.889458, 47.755926 ], [ -122.889467, 47.751427 ], [ -122.896138, 47.751434 ] ] ], [ [ [ -122.913889, 47.775585 ], [ -122.907215, 47.77558 ], [ -122.907223, 47.771081 ], [ -122.913897, 47.771086 ], [ -122.913889, 47.775585 ] ] ], [ [ [ -122.928563, 47.788142 ], [ -122.928557, 47.792641 ], [ -122.921881, 47.792636 ], [ -122.921887, 47.788137 ], [ -122.928563, 47.788142 ] ] ], [ [ [ -124.253348, 47.811943 ], [ -124.246671, 47.812016 ], [ -124.246564, 47.807518 ], [ -124.25324, 47.807446 ], [ -124.253348, 47.811943 ] ] ], [ [ [ -122.90982403, 47.81082731 ], [ -122.91063003, 47.81077131 ], [ -122.910361351721065, 47.811007304695806 ], [ -122.91129, 47.811008 ], [ -122.911288201533495, 47.812163900111813 ], [ -122.91151103, 47.81205731 ], [ -122.91167603, 47.81198531 ], [ -122.91193103, 47.81188531 ], [ -122.91242203, 47.81171331 ], [ -122.91285503, 47.81155431 ], [ -122.91309103, 47.81148531 ], [ -122.91419002, 47.81121231 ], [ -122.91435502, 47.81119331 ], [ -122.91452102, 47.81118931 ], [ -122.91468702, 47.81119831 ], [ -122.91484202, 47.81121931 ], [ -122.91496002, 47.81124231 ], [ -122.91506102, 47.81125731 ], [ -122.91529202, 47.81126931 ], [ -122.91552202, 47.81129431 ], [ -122.91573302, 47.81130631 ], [ -122.91604102, 47.81130231 ], [ -122.91624802, 47.81131031 ], [ -122.91657102, 47.81129231 ], [ -122.91695502, 47.81129031 ], [ -122.91734702, 47.81130731 ], [ -122.91746002, 47.81131531 ], [ -122.91760002, 47.81133231 ], [ -122.91773702, 47.81135831 ], [ -122.91785102, 47.81138631 ], [ -122.91808202, 47.81146131 ], [ -122.91830602, 47.81154431 ], [ -122.91852401, 47.81163531 ], [ -122.91867301, 47.81170331 ], [ -122.91940401, 47.81208831 ], [ -122.91967101, 47.81224531 ], [ -122.91987501, 47.81237931 ], [ -122.91999901, 47.81248031 ], [ -122.92036301, 47.81284331 ], [ -122.92080901, 47.81337731 ], [ -122.92086901, 47.81343831 ], [ -122.92167101, 47.81409531 ], [ -122.92200201, 47.81437931 ], [ -122.92207201, 47.81444631 ], [ -122.92233101, 47.81472031 ], [ -122.92252701, 47.81491431 ], [ -122.92238201, 47.81505231 ], [ -122.92239601, 47.81539631 ], [ -122.92254701, 47.81569431 ], [ -122.92305901, 47.81606331 ], [ -122.92405701, 47.81659231 ], [ -122.926359, 47.81740031 ], [ -122.928083, 47.81756631 ], [ -122.929289, 47.81805431 ], [ -122.92958199, 47.81820231 ], [ -122.93004699, 47.8184143 ], [ -122.93018299, 47.8184803 ], [ -122.93120399, 47.8188753 ], [ -122.93142599, 47.8189763 ], [ -122.93168799, 47.8191173 ], [ -122.93188399, 47.8192403 ], [ -122.93197499, 47.8193043 ], [ -122.93328899, 47.8200963 ], [ -122.93344899, 47.8202093 ], [ -122.93370899, 47.8204093 ], [ -122.93378999, 47.8204883 ], [ -122.93385299, 47.8205743 ], [ -122.93389799, 47.8206653 ], [ -122.93394799, 47.8208373 ], [ -122.93399899, 47.8210673 ], [ -122.93400099, 47.8211283 ], [ -122.93399499, 47.8211893 ], [ -122.93391099, 47.8214963 ], [ -122.93384599, 47.8216413 ], [ -122.93372499, 47.8218883 ], [ -122.93333999, 47.8225953 ], [ -122.93316899, 47.8228573 ], [ -122.93289499, 47.8233163 ], [ -122.93280299, 47.8234973 ], [ -122.93274899, 47.8236193 ], [ -122.93266099, 47.8238533 ], [ -122.93257799, 47.8240563 ], [ -122.93248499, 47.8242563 ], [ -122.93238199, 47.8244553 ], [ -122.93225899, 47.8246663 ], [ -122.93217799, 47.8247913 ], [ -122.93204499, 47.8249753 ], [ -122.93189799, 47.8251533 ], [ -122.93158999, 47.8254893 ], [ -122.93143499, 47.8256813 ], [ -122.93129499, 47.82587829 ], [ -122.93118699, 47.82605029 ], [ -122.93112, 47.8261783 ], [ -122.931065, 47.82631029 ], [ -122.931025, 47.82644429 ], [ -122.930993, 47.82661429 ], [ -122.931001, 47.82669529 ], [ -122.931017, 47.82674229 ], [ -122.931042, 47.82678729 ], [ -122.93106899, 47.82682329 ], [ -122.931108, 47.82686329 ], [ -122.93115, 47.82689729 ], [ -122.93158199, 47.82732929 ], [ -122.93172299, 47.82749229 ], [ -122.93182399, 47.82763129 ], [ -122.93184799, 47.82767529 ], [ -122.93188399, 47.82777829 ], [ -122.93189599, 47.82787229 ], [ -122.93188699, 47.82797329 ], [ -122.93184199, 47.82909329 ], [ -122.93185399, 47.82926129 ], [ -122.93188199, 47.82937229 ], [ -122.93192899, 47.82948929 ], [ -122.93196, 47.82954529 ], [ -122.93202099, 47.82963729 ], [ -122.93210899, 47.82974229 ], [ -122.93221299, 47.82984129 ], [ -122.93231999, 47.82992329 ], [ -122.93246899, 47.83002029 ], [ -122.93259199, 47.83010129 ], [ -122.93291799, 47.83036929 ], [ -122.93322899, 47.83064529 ], [ -122.93352599, 47.83092829 ], [ -122.93380799, 47.83121729 ], [ -122.93407499, 47.83151329 ], [ -122.93432699, 47.83181629 ], [ -122.93456299, 47.83212429 ], [ -122.93474499, 47.83238229 ], [ -122.93492899, 47.83266129 ], [ -122.93524599, 47.83316129 ], [ -122.93527599, 47.83321729 ], [ -122.93534499, 47.83338329 ], [ -122.93536199, 47.83343829 ], [ -122.93538099, 47.83354329 ], [ -122.93545499, 47.83382329 ], [ -122.93560499, 47.83425528 ], [ -122.93564299, 47.83439928 ], [ -122.93566999, 47.83454528 ], [ -122.93568999, 47.83470428 ], [ -122.93571799, 47.83478328 ], [ -122.93577099, 47.83487528 ], [ -122.93580899, 47.83497928 ], [ -122.93581599, 47.83502328 ], [ -122.93593199, 47.83542378 ], [ -122.93606599, 47.83592828 ], [ -122.93615299, 47.83619028 ], [ -122.93627699, 47.83669428 ], [ -122.93637299, 47.83692928 ], [ -122.93644699, 47.83708328 ], [ -122.93657299, 47.83731128 ], [ -122.93666699, 47.83746128 ], [ -122.93682199, 47.83768128 ], [ -122.93693499, 47.83782428 ], [ -122.93705499, 47.83796528 ], [ -122.93723399, 47.83815528 ], [ -122.93773899, 47.83876028 ], [ -122.93786499, 47.83891128 ], [ -122.93792399, 47.83900928 ], [ -122.93796899, 47.83912528 ], [ -122.93798899, 47.83924528 ], [ -122.93798299, 47.83940728 ], [ -122.93795999, 47.83955228 ], [ -122.93793299, 47.83965928 ], [ -122.93785399, 47.83987628 ], [ -122.93780599, 47.83998628 ], [ -122.93777199, 47.84006328 ], [ -122.93762999, 47.84034128 ], [ -122.93752299, 47.84052328 ], [ -122.93639099, 47.84225527 ], [ -122.93605299, 47.84281327 ], [ -122.93599199, 47.84289127 ], [ -122.93595099, 47.84295727 ], [ -122.93590999, 47.84304127 ], [ -122.93587999, 47.84312727 ], [ -122.93586099, 47.84321527 ], [ -122.93585399, 47.84328627 ], [ -122.93585599, 47.84337427 ], [ -122.93587799, 47.84355127 ], [ -122.93589599, 47.84364227 ], [ -122.93595199, 47.84382227 ], [ -122.93603599, 47.84399827 ], [ -122.93608899, 47.84408327 ], [ -122.93623199, 47.84428027 ], [ -122.93630499, 47.84436627 ], [ -122.93651499, 47.84457727 ], [ -122.93657899, 47.84465027 ], [ -122.93667499, 47.84479227 ], [ -122.93673399, 47.84488927 ], [ -122.93694799, 47.84519027 ], [ -122.93699499, 47.84528527 ], [ -122.93702799, 47.84539727 ], [ -122.93703699, 47.84551127 ], [ -122.93703399, 47.84556227 ], [ -122.93702099, 47.84563227 ], [ -122.93699899, 47.84570227 ], [ -122.93696799, 47.84576927 ], [ -122.93693599, 47.84582427 ], [ -122.93677999, 47.84619927 ], [ -122.93671699, 47.84637627 ], [ -122.93646799, 47.84701327 ], [ -122.93641399, 47.84717127 ], [ -122.936349, 47.84741127 ], [ -122.93630299, 47.84765327 ], [ -122.936224, 47.84843527 ], [ -122.936286, 47.84924227 ], [ -122.936263, 47.84943526 ], [ -122.93626, 47.84952727 ], [ -122.936266, 47.84961827 ], [ -122.93635, 47.85018626 ], [ -122.936374, 47.85039226 ], [ -122.936449, 47.85153826 ], [ -122.936477, 47.85167226 ], [ -122.936525, 47.85180326 ], [ -122.936593, 47.85193126 ], [ -122.936678, 47.85206226 ], [ -122.936721, 47.85214526 ], [ -122.936756, 47.85223126 ], [ -122.936782, 47.85231726 ], [ -122.936798, 47.85240526 ], [ -122.936806, 47.85249426 ], [ -122.936804, 47.85258226 ], [ -122.936787, 47.85272326 ], [ -122.936787, 47.85279526 ], [ -122.936824, 47.85298626 ], [ -122.936833, 47.85305926 ], [ -122.93683, 47.85318926 ], [ -122.936812, 47.85340026 ], [ -122.936812, 47.85349826 ], [ -122.936826, 47.85359626 ], [ -122.936852, 47.85369326 ], [ -122.93696, 47.85395226 ], [ -122.936973, 47.85399126 ], [ -122.937037, 47.85418726 ], [ -122.937096, 47.85442626 ], [ -122.937177, 47.85458326 ], [ -122.937211, 47.85467126 ], [ -122.937234, 47.85476026 ], [ -122.937245, 47.85485026 ], [ -122.937244, 47.85494126 ], [ -122.937231, 47.85503126 ], [ -122.937207, 47.85512026 ], [ -122.937158, 47.85524626 ], [ -122.937149, 47.85530226 ], [ -122.93715, 47.85535026 ], [ -122.937168, 47.85542026 ], [ -122.937194, 47.85551926 ], [ -122.937218, 47.85563926 ], [ -122.937232, 47.85575926 ], [ -122.937236, 47.85587926 ], [ -122.937232, 47.85599926 ], [ -122.937218, 47.85611926 ], [ -122.937195, 47.85623826 ], [ -122.937051, 47.85673826 ], [ -122.936982, 47.85692426 ], [ -122.936894, 47.85710626 ], [ -122.936788, 47.85728426 ], [ -122.936537, 47.85763725 ], [ -122.936095, 47.85825375 ], [ -122.93459201, 47.86018525 ], [ -122.93354301, 47.86153325 ], [ -122.93315101, 47.86204425 ], [ -122.93252101, 47.86280025 ], [ -122.93248001, 47.86284925 ], [ -122.93237701, 47.86296025 ], [ -122.93202801, 47.86329325 ], [ -122.93182401, 47.86351025 ], [ -122.93172401, 47.86359725 ], [ -122.93148002, 47.86378625 ], [ -122.93112902, 47.86410124 ], [ -122.92956002, 47.86542624 ], [ -122.92926102, 47.86569824 ], [ -122.92891002, 47.86603524 ], [ -122.92877202, 47.86615524 ], [ -122.92841702, 47.86643824 ], [ -122.92833902, 47.86650824 ], [ -122.92824502, 47.86660524 ], [ -122.92816203, 47.86670724 ], [ -122.92810603, 47.86678624 ], [ -122.92804103, 47.86689424 ], [ -122.92799603, 47.86698674 ], [ -122.92788503, 47.86730124 ], [ -122.92782503, 47.86754924 ], [ -122.92777403, 47.86785024 ], [ -122.92774703, 47.86795924 ], [ -122.92766003, 47.86822824 ], [ -122.92754603, 47.86851424 ], [ -122.92749403, 47.86858724 ], [ -122.92699203, 47.86869224 ], [ -122.92665903, 47.86881824 ], [ -122.92604003, 47.86898924 ], [ -122.92571703, 47.86917724 ], [ -122.92551103, 47.86933924 ], [ -122.92536103, 47.86953724 ], [ -122.92528003, 47.86969924 ], [ -122.92521103, 47.86989724 ], [ -122.92511903, 47.87002323 ], [ -122.92498004, 47.87014024 ], [ -122.92475104, 47.87028323 ], [ -122.92463604, 47.87033723 ], [ -122.92395804, 47.87082323 ], [ -122.92372704, 47.87091723 ], [ -122.92346504, 47.87097523 ], [ -122.92260304, 47.87107423 ], [ -122.92214404, 47.87116323 ], [ -122.92184504, 47.87127123 ], [ -122.92153404, 47.87140623 ], [ -122.92116704, 47.87157723 ], [ -122.92102104, 47.87161323 ], [ -122.92065105, 47.87165723 ], [ -122.92028405, 47.87162123 ], [ -122.91866605, 47.87127823 ], [ -122.91805805, 47.87113423 ], [ -122.91787505, 47.87104323 ], [ -122.91758705, 47.87080023 ], [ -122.91721005, 47.87050323 ], [ -122.91659105, 47.87012523 ], [ -122.91628205, 47.87001723 ], [ -122.91555906, 47.86983623 ], [ -122.91529406, 47.86980023 ], [ -122.91465206, 47.86968323 ], [ -122.91438806, 47.86959223 ], [ -122.91414706, 47.86946623 ], [ -122.91378106, 47.86925023 ], [ -122.91344906, 47.86899823 ], [ -122.91340306, 47.86893523 ], [ -122.91329306, 47.86883623 ], [ -122.91300306, 47.86845823 ], [ -122.91271606, 47.86821423 ], [ -122.91257806, 47.86812423 ], [ -122.91234906, 47.86804323 ], [ -122.91195906, 47.86796223 ], [ -122.91124707, 47.86798823 ], [ -122.91092607, 47.86805123 ], [ -122.91051307, 47.86818623 ], [ -122.91016907, 47.86836523 ], [ -122.90989107, 47.86854523 ], [ -122.90970907, 47.86861723 ], [ -122.90950107, 47.86866223 ], [ -122.90912307, 47.86867923 ], [ -122.90882407, 47.86864323 ], [ -122.90866307, 47.86858923 ], [ -122.90848007, 47.86845423 ], [ -122.90842907, 47.86838223 ], [ -122.90837707, 47.86825623 ], [ -122.90829807, 47.86775223 ], [ -122.90826507, 47.86768723 ], [ -122.90715408, 47.86772823 ], [ -122.90513308, 47.86774123 ], [ -122.90490008, 47.86807723 ], [ -122.90484308, 47.86805723 ], [ -122.90471508, 47.86800323 ], [ -122.90460708, 47.86795023 ], [ -122.90455208, 47.86791723 ], [ -122.90445508, 47.86784323 ], [ -122.90440908, 47.86779523 ], [ -122.90434108, 47.86771323 ], [ -122.90422508, 47.86754223 ], [ -122.90407508, 47.86725123 ], [ -122.90391408, 47.86690723 ], [ -122.90386108, 47.86680523 ], [ -122.90379508, 47.86670723 ], [ -122.90371708, 47.86661323 ], [ -122.90364508, 47.86654123 ], [ -122.90348008, 47.86639823 ], [ -122.90334708, 47.86629623 ], [ -122.90320608, 47.86619923 ], [ -122.90300808, 47.86607823 ], [ -122.90277509, 47.86595823 ], [ -122.90260709, 47.86588323 ], [ -122.90231609, 47.86578223 ], [ -122.90216309, 47.86572323 ], [ -122.90184409, 47.86558523 ], [ -122.90163809, 47.86548523 ], [ -122.90152409, 47.86542523 ], [ -122.90141809, 47.86536323 ], [ -122.90134009, 47.86531223 ], [ -122.90119609, 47.86520123 ], [ -122.90113109, 47.86514223 ], [ -122.90101409, 47.86501723 ], [ -122.90077509, 47.86469124 ], [ -122.89982009, 47.86345624 ], [ -122.89970309, 47.86329624 ], [ -122.89946309, 47.86296724 ], [ -122.89938609, 47.86285724 ], [ -122.89910709, 47.86245824 ], [ -122.89846209, 47.86160224 ], [ -122.89833909, 47.86144624 ], [ -122.89789309, 47.86084824 ], [ -122.8968931, 47.85950924 ], [ -122.8967581, 47.85934424 ], [ -122.8966791, 47.85925724 ], [ -122.8965861, 47.85917524 ], [ -122.8964821, 47.85910024 ], [ -122.8963681, 47.85903424 ], [ -122.8963191, 47.85901224 ], [ -122.8961831, 47.85896124 ], [ -122.8960741, 47.85893224 ], [ -122.8959231, 47.85890524 ], [ -122.8957341, 47.85888924 ], [ -122.8954811, 47.85888524 ], [ -122.8946321, 47.85890824 ], [ -122.8944801, 47.85890824 ], [ -122.8943181, 47.85890124 ], [ -122.8942501, 47.85889424 ], [ -122.8941401, 47.85887124 ], [ -122.8940271, 47.85883224 ], [ -122.8939801, 47.85880924 ], [ -122.8938891, 47.85875124 ], [ -122.8938031, 47.85867224 ], [ -122.8937691, 47.85862924 ], [ -122.8937171, 47.85853824 ], [ -122.8936891, 47.85844224 ], [ -122.8936871, 47.85832724 ], [ -122.8936981, 47.85823524 ], [ -122.8937321, 47.85806824 ], [ -122.8938451, 47.85734024 ], [ -122.8938831, 47.85704424 ], [ -122.8940201, 47.85582325 ], [ -122.8940321, 47.85574925 ], [ -122.8940521, 47.85567625 ], [ -122.8941051, 47.85555025 ], [ -122.8941811, 47.85543025 ], [ -122.8942331, 47.85536425 ], [ -122.8942821, 47.85531225 ], [ -122.8944381, 47.85517125 ], [ -122.8945101, 47.85509625 ], [ -122.8945751, 47.85501825 ], [ -122.8946311, 47.85493725 ], [ -122.8946781, 47.85485425 ], [ -122.8947171, 47.85476825 ], [ -122.8947471, 47.85468125 ], [ -122.8947791, 47.85452325 ], [ -122.8947961, 47.85431825 ], [ -122.8947951, 47.85423525 ], [ -122.8947691, 47.85400525 ], [ -122.8947451, 47.85393225 ], [ -122.8947011, 47.85386425 ], [ -122.8946491, 47.85380725 ], [ -122.8945151, 47.85369025 ], [ -122.8944621, 47.85362325 ], [ -122.8937451, 47.85281925 ], [ -122.8931691, 47.85218325 ], [ -122.8920551, 47.85087425 ], [ -122.8919191, 47.85075225 ], [ -122.8917811, 47.85064725 ], [ -122.8911941, 47.85031125 ], [ -122.8905891, 47.84994225 ], [ -122.8899411, 47.84953425 ], [ -122.8898401, 47.84947025 ], [ -122.88970611, 47.84937825 ], [ -122.88964411, 47.84932725 ], [ -122.88945011, 47.84914525 ], [ -122.88929911, 47.84898825 ], [ -122.88925011, 47.84895125 ], [ -122.88917611, 47.84890425 ], [ -122.88918811, 47.84875725 ], [ -122.88918811, 47.84856425 ], [ -122.88916911, 47.84822026 ], [ -122.88912511, 47.84786026 ], [ -122.88903211, 47.84719926 ], [ -122.88894011, 47.84655026 ], [ -122.8887451, 47.84517326 ], [ -122.8886551, 47.84458626 ], [ -122.8886371, 47.84442626 ], [ -122.8881721, 47.84124626 ], [ -122.8877181, 47.83806927 ], [ -122.8875411, 47.83806927 ], [ -122.8874611, 47.83802427 ], [ -122.8873741, 47.83789827 ], [ -122.8872771, 47.83768227 ], [ -122.8870031, 47.83739427 ], [ -122.8867251, 47.83722327 ], [ -122.8867111, 47.83712427 ], [ -122.8865441, 47.83689827 ], [ -122.8863641, 47.83649327 ], [ -122.8862151, 47.83596227 ], [ -122.8861461, 47.83578227 ], [ -122.8860901, 47.83569227 ], [ -122.8858391, 47.83541327 ], [ -122.88507211, 47.83477427 ], [ -122.88470511, 47.83450327 ], [ -122.88460311, 47.83440427 ], [ -122.88455711, 47.83426927 ], [ -122.88453411, 47.83411627 ], [ -122.88447711, 47.83403528 ], [ -122.88415111, 47.83372028 ], [ -122.88408911, 47.83359428 ], [ -122.88406111, 47.83348628 ], [ -122.88397511, 47.83336928 ], [ -122.88390711, 47.83325228 ], [ -122.88390611, 47.83309028 ], [ -122.88395311, 47.83301828 ], [ -122.88394711, 47.83289228 ], [ -122.88383911, 47.83275728 ], [ -122.88371311, 47.83263128 ], [ -122.88362211, 47.83248728 ], [ -122.88350711, 47.83237928 ], [ -122.88336011, 47.83218128 ], [ -122.88330211, 47.83205528 ], [ -122.88318811, 47.83174028 ], [ -122.88315211, 47.83155728 ], [ -122.88312111, 47.83139828 ], [ -122.88300711, 47.83111028 ], [ -122.88296111, 47.83104728 ], [ -122.88284711, 47.83095628 ], [ -122.88254911, 47.83074028 ], [ -122.88181611, 47.83035328 ], [ -122.88148411, 47.83019928 ], [ -122.88099111, 47.83002828 ], [ -122.88052211, 47.82992828 ], [ -122.88037211, 47.82991928 ], [ -122.88023411, 47.82995528 ], [ -122.87989011, 47.83001828 ], [ -122.87964911, 47.83001728 ], [ -122.87907812, 47.82981928 ], [ -122.878924697725466, 47.829799268398979 ], [ -122.878924, 47.830104 ], [ -122.87871, 47.830104 ], [ -122.87871, 47.830147 ], [ -122.87776, 47.830146 ], [ -122.877754, 47.832683 ], [ -122.877594, 47.832683 ], [ -122.877594, 47.832704 ], [ -122.870913, 47.832697 ], [ -122.870922673224314, 47.828740651253668 ], [ -122.87089713, 47.82868428 ], [ -122.87086813, 47.82862228 ], [ -122.87078814, 47.82853228 ], [ -122.87062813, 47.82841528 ], [ -122.87050213, 47.82838828 ], [ -122.87038613, 47.82837928 ], [ -122.86997914, 47.82845928 ], [ -122.86977914, 47.82836028 ], [ -122.86927314, 47.82801828 ], [ -122.86914814, 47.82797228 ], [ -122.86899814, 47.82794528 ], [ -122.86881514, 47.82794528 ], [ -122.86870014, 47.82797228 ], [ -122.86857414, 47.82802628 ], [ -122.86842614, 47.82804428 ], [ -122.86827914, 47.82799828 ], [ -122.86816114, 47.82796228 ], [ -122.86767914, 47.82785428 ], [ -122.86692314, 47.82779128 ], [ -122.86680814, 47.82778128 ], [ -122.86636014, 47.82780728 ], [ -122.86583315, 47.82780728 ], [ -122.86547815, 47.82774328 ], [ -122.86480015, 47.82751728 ], [ -122.86459815, 47.82746928 ], [ -122.86438715, 47.82741828 ], [ -122.86399815, 47.82727428 ], [ -122.86371115, 47.82721928 ], [ -122.86335515, 47.82710228 ], [ -122.86295415, 47.82692128 ], [ -122.86272415, 47.82679528 ], [ -122.8620175, 47.82649111 ], [ -122.86209402, 47.82649316 ], [ -122.86212595, 47.82646443 ], [ -122.86216742, 47.82642723 ], [ -122.86208935, 47.82637703 ], [ -122.86189475, 47.82631583 ], [ -122.86154002, 47.8260767 ], [ -122.86062428, 47.82573116 ], [ -122.86015748, 47.82555836 ], [ -122.86003728, 47.82541856 ], [ -122.86002909, 47.82521183 ], [ -122.86017515, 47.82502829 ], [ -122.86046355, 47.82503616 ], [ -122.86075328, 47.82509563 ], [ -122.86117775, 47.8251527 ], [ -122.86159935, 47.82513236 ], [ -122.86192128, 47.82503623 ], [ -122.86218048, 47.8247861 ], [ -122.86260448, 47.82435203 ], [ -122.86276748, 47.82410383 ], [ -122.86292642, 47.82375203 ], [ -122.86291355, 47.82342923 ], [ -122.86286668, 47.82321029 ], [ -122.86270775, 47.82305823 ], [ -122.86258822, 47.82295696 ], [ -122.86241115, 47.82284383 ], [ -122.86227448, 47.82278163 ], [ -122.86213502, 47.8226549 ], [ -122.86214322, 47.82237036 ], [ -122.86236315, 47.82210816 ], [ -122.86279762, 47.82193249 ], [ -122.86321449, 47.82179589 ], [ -122.86343728, 47.82161089 ], [ -122.86346668, 47.82139076 ], [ -122.86340335, 47.82123676 ], [ -122.86328262, 47.82109683 ], [ -122.86314362, 47.82097003 ], [ -122.86298529, 47.82084369 ], [ -122.86286335, 47.82066496 ], [ -122.86273801, 47.82042176 ], [ -122.86240721, 47.82028549 ], [ -122.86211768, 47.82025176 ], [ -122.86192428, 47.82021656 ], [ -122.86172782, 47.82009076 ], [ -122.86154375, 47.81979683 ], [ -122.86147581, 47.81953956 ], [ -122.86154615, 47.81937036 ], [ -122.86165348, 47.81917469 ], [ -122.86159308, 47.81909829 ], [ -122.86126128, 47.81896183 ], [ -122.86100862, 47.81887596 ], [ -122.86079408, 47.81878929 ], [ -122.86069441, 47.81868776 ], [ -122.86072548, 47.8185063 ], [ -122.86099402, 47.81850143 ], [ -122.86128481, 47.81858689 ], [ -122.86157615, 47.81867203 ], [ -122.86176848, 47.81868169 ], [ -122.86261642, 47.81899316 ], [ -122.86293788, 47.8190381 ], [ -122.86318968, 47.81904736 ], [ -122.86374181, 47.81901216 ], [ -122.86445535, 47.81889536 ], [ -122.86504842, 47.81879776 ], [ -122.86562235, 47.81872643 ], [ -122.86585202, 47.81871769 ], [ -122.86623048, 47.81873609 ], [ -122.86668922, 47.81884509 ], [ -122.86754902, 47.81908856 ], [ -122.86796182, 47.81921556 ], [ -122.86855802, 47.81936869 ], [ -122.86894788, 47.81941396 ], [ -122.86926882, 47.81942403 ], [ -122.86954542, 47.81936983 ], [ -122.87039349, 47.81910103 ], [ -122.87170142, 47.81880543 ], [ -122.87210362, 47.81876129 ], [ -122.87296282, 47.81878903 ], [ -122.87330688, 47.81878956 ], [ -122.87346762, 47.81876276 ], [ -122.87365142, 47.81870896 ], [ -122.87390362, 47.81859249 ], [ -122.87424768, 47.81847556 ], [ -122.87514195, 47.81833249 ], [ -122.87545242, 47.81824269 ], [ -122.87569288, 47.81813489 ], [ -122.87629229, 47.81781149 ], [ -122.87662722, 47.81754216 ], [ -122.87689135, 47.81746136 ], [ -122.87779748, 47.81731009 ], [ -122.87814135, 47.81723816 ], [ -122.87846362, 47.81711243 ], [ -122.87871522, 47.81695989 ], [ -122.87866195, 47.81696776 ], [ -122.87822182, 47.81703163 ], [ -122.87761368, 47.81715643 ], [ -122.87680008, 47.81735383 ], [ -122.87655922, 47.81745236 ], [ -122.87629302, 47.81757776 ], [ -122.87565922, 47.81801809 ], [ -122.87534869, 47.81815329 ], [ -122.87507342, 47.81823356 ], [ -122.87423668, 47.81836729 ], [ -122.87391535, 47.81846603 ], [ -122.87361702, 47.81860109 ], [ -122.87334128, 47.81867243 ], [ -122.87285962, 47.81869009 ], [ -122.87236642, 47.81865343 ], [ -122.87195422, 47.81865289 ], [ -122.87158708, 47.81870649 ], [ -122.87145988, 47.81875143 ], [ -122.87053115, 47.81894829 ], [ -122.87017522, 47.81904716 ], [ -122.86945249, 47.8192711 ], [ -122.86920102, 47.81931596 ], [ -122.86890262, 47.81931523 ], [ -122.86852355, 47.81926123 ], [ -122.86813408, 47.81915203 ], [ -122.86663168, 47.81871883 ], [ -122.86632248, 47.81865583 ], [ -122.86562235, 47.81860983 ], [ -122.86536995, 47.81863629 ], [ -122.86445348, 47.81878529 ], [ -122.86389062, 47.81887729 ], [ -122.86327108, 47.81893056 ], [ -122.86283435, 47.81893023 ], [ -122.86185802, 47.81858603 ], [ -122.86195308, 47.81848449 ], [ -122.86214188, 47.81841656 ], [ -122.86250195, 47.81830683 ], [ -122.86278688, 47.81823716 ], [ -122.86309002, 47.81814123 ], [ -122.86341008, 47.81798056 ], [ -122.86371322, 47.81788476 ], [ -122.86394822, 47.81799676 ], [ -122.86416048, 47.81803169 ], [ -122.86443055, 47.81790303 ], [ -122.86448701, 47.81783403 ], [ -122.86457762, 47.81775369 ], [ -122.86474935, 47.81765596 ], [ -122.86497881, 47.81754149 ], [ -122.86509035, 47.81740556 ], [ -122.86509428, 47.81720836 ], [ -122.86505088, 47.81698836 ], [ -122.86494748, 47.81674589 ], [ -122.86483322, 47.8165115 ], [ -122.86481135, 47.81625963 ], [ -122.86486102, 47.81594656 ], [ -122.86507295, 47.81575836 ], [ -122.86545048, 47.81553876 ], [ -122.86575722, 47.81529676 ], [ -122.86593695, 47.81510443 ], [ -122.86606815, 47.81487349 ], [ -122.86613121, 47.81469103 ], [ -122.86618995, 47.81439836 ], [ -122.86626035, 47.81410536 ], [ -122.86632455, 47.81394656 ], [ -122.86647022, 47.81377843 ], [ -122.86675362, 47.81356056 ], [ -122.86741688, 47.81346196 ], [ -122.86792181, 47.81350043 ], [ -122.86821915, 47.81362896 ], [ -122.86847428, 47.81386096 ], [ -122.86857402, 47.81400909 ], [ -122.86881195, 47.81410729 ], [ -122.86910488, 47.81412569 ], [ -122.86952501, 47.81408669 ], [ -122.86985142, 47.8140573 ], [ -122.87022315, 47.81399543 ], [ -122.87046468, 47.81388856 ], [ -122.87063608, 47.81378309 ], [ -122.87081875, 47.81366943 ], [ -122.87091975, 47.81354929 ], [ -122.87094742, 47.81335969 ], [ -122.87092461, 47.81307629 ], [ -122.87085868, 47.81277323 ], [ -122.87085288, 47.81274649 ], [ -122.87065675, 47.81251343 ], [ -122.87053861, 47.81219243 ], [ -122.87042048, 47.81187123 ], [ -122.87048128, 47.81162576 ], [ -122.87062148, 47.81132389 ], [ -122.87085802, 47.81108309 ], [ -122.87123668, 47.81075509 ], [ -122.87145681, 47.81059143 ], [ -122.87165308, 47.81035709 ], [ -122.87170368, 47.81029663 ], [ -122.87187695, 47.81003963 ], [ -122.87184848, 47.80985856 ], [ -122.87171581, 47.80978103 ], [ -122.87158588, 47.80975436 ], [ -122.87136995, 47.80975083 ], [ -122.87116521, 47.80974723 ], [ -122.87103382, 47.80969883 ], [ -122.87103108, 47.80962623 ], [ -122.87111508, 47.80958116 ], [ -122.87122255, 47.80957216 ], [ -122.87135155, 47.80955516 ], [ -122.87143588, 47.80951743 ], [ -122.87152961, 47.80942863 ], [ -122.87150582, 47.80936383 ], [ -122.87147962, 47.80925536 ], [ -122.87140148, 47.80919129 ], [ -122.87130402, 47.80918589 ], [ -122.87114448, 47.80922496 ], [ -122.87083408, 47.80928143 ], [ -122.87054388, 47.80930103 ], [ -122.87026275, 47.80928429 ], [ -122.87014322, 47.80925003 ], [ -122.87015028, 47.80917016 ], [ -122.87028888, 47.80911683 ], [ -122.87050248, 47.80906949 ], [ -122.87079075, 47.80900623 ], [ -122.87106715, 47.80890689 ], [ -122.87112802, 47.80881136 ], [ -122.87108001, 47.80868163 ], [ -122.87086488, 47.80840969 ], [ -122.87065728, 47.80807936 ], [ -122.87055935, 47.80805216 ], [ -122.87038701, 47.80805516 ], [ -122.87016108, 47.80806643 ], [ -122.87001888, 47.80800363 ], [ -122.86990788, 47.80793309 ], [ -122.86980755, 47.80784049 ], [ -122.86964475, 47.80780696 ], [ -122.86946255, 47.80783923 ], [ -122.86929182, 47.80787869 ], [ -122.86924441, 47.80788643 ], [ -122.86917179, 47.80789832 ], [ -122.86934112, 47.80754931 ], [ -122.86960812, 47.80712631 ], [ -122.86998012, 47.80683831 ], [ -122.87030612, 47.80677631 ], [ -122.87047612, 47.80674331 ], [ -122.87057262, 47.80695681 ], [ -122.87069812, 47.80726831 ], [ -122.87096712, 47.80780831 ], [ -122.87121012, 47.80831431 ], [ -122.87138412, 47.80862031 ], [ -122.87158112, 47.80892031 ], [ -122.87189712, 47.80935631 ], [ -122.87201912, 47.80955731 ], [ -122.87205312, 47.80962631 ], [ -122.87209712, 47.80975831 ], [ -122.87211012, 47.80984331 ], [ -122.87211212, 47.80992831 ], [ -122.87210612, 47.80999631 ], [ -122.87209212, 47.81006331 ], [ -122.87206612, 47.81014731 ], [ -122.87199712, 47.81028231 ], [ -122.87191912, 47.81039931 ], [ -122.87187012, 47.81045831 ], [ -122.87182612, 47.81051131 ], [ -122.87155312, 47.81077831 ], [ -122.87109112, 47.81119231 ], [ -122.87097212, 47.81132331 ], [ -122.87089712, 47.81142431 ], [ -122.87082612, 47.81154931 ], [ -122.87077412, 47.81167931 ], [ -122.87074612, 47.81178931 ], [ -122.87073212, 47.81192331 ], [ -122.87073712, 47.81203531 ], [ -122.87074612, 47.81210231 ], [ -122.87078112, 47.81223431 ], [ -122.87088012, 47.81248731 ], [ -122.87092812, 47.8126113 ], [ -122.87101712, 47.8128783 ], [ -122.87117912, 47.8134063 ], [ -122.87121812, 47.8135743 ], [ -122.87123412, 47.8136723 ], [ -122.87126012, 47.8138283 ], [ -122.87128212, 47.8140833 ], [ -122.87137812, 47.8165423 ], [ -122.87139712, 47.8171783 ], [ -122.87262112, 47.8171643 ], [ -122.87280112, 47.8171593 ], [ -122.87348012, 47.8171513 ], [ -122.87373212, 47.8171513 ], [ -122.87492512, 47.8171333 ], [ -122.87511212, 47.8171243 ], [ -122.87549212, 47.8171283 ], [ -122.87560012, 47.8169953 ], [ -122.87567211, 47.8169303 ], [ -122.87584311, 47.8168033 ], [ -122.87598311, 47.8167163 ], [ -122.87617311, 47.8166233 ], [ -122.87638211, 47.8165283 ], [ -122.87650911, 47.8164573 ], [ -122.87762211, 47.8158753 ], [ -122.87778911, 47.8157993 ], [ -122.87824811, 47.8156113 ], [ -122.87874511, 47.8154383 ], [ -122.87886611, 47.8154093 ], [ -122.87899311, 47.8153923 ], [ -122.87941311, 47.8153673 ], [ -122.87953911, 47.8153463 ], [ -122.87961011, 47.8153233 ], [ -122.8796726, 47.8152833 ], [ -122.8798701, 47.8152563 ], [ -122.8805011, 47.8154193 ], [ -122.8805201, 47.8153753 ], [ -122.8817131, 47.8157063 ], [ -122.8820951, 47.8157853 ], [ -122.8823931, 47.8157803 ], [ -122.8830471, 47.8156043 ], [ -122.8836301, 47.8156513 ], [ -122.8838801, 47.8157593 ], [ -122.8835601, 47.8159573 ], [ -122.8834771, 47.8160133 ], [ -122.8836431, 47.8159993 ], [ -122.8838521, 47.8160853 ], [ -122.88473009, 47.8166753 ], [ -122.88519009, 47.8168193 ], [ -122.88606709, 47.8173833 ], [ -122.88640209, 47.8175493 ], [ -122.88694509, 47.8177213 ], [ -122.88728009, 47.8177483 ], [ -122.88803209, 47.8176103 ], [ -122.88928708, 47.8177503 ], [ -122.88974708, 47.8175533 ], [ -122.8898169163608, 47.817459629272633 ], [ -122.889817, 47.817422 ], [ -122.889844948716686, 47.817422029788133 ], [ -122.89016608, 47.8169913 ], [ -122.89083608, 47.8164833 ], [ -122.89096108, 47.8162853 ], [ -122.89091908, 47.8161463 ], [ -122.89050208, 47.8158893 ], [ -122.89041808, 47.8157493 ], [ -122.89041808, 47.8155833 ], [ -122.89079508, 47.8149623 ], [ -122.89159008, 47.81403231 ], [ -122.89180008, 47.81386131 ], [ -122.89200908, 47.81374931 ], [ -122.89230208, 47.81369531 ], [ -122.89309607, 47.81341331 ], [ -122.89363607, 47.81333231 ], [ -122.89410007, 47.81324331 ], [ -122.89472707, 47.81301831 ], [ -122.89497807, 47.81279431 ], [ -122.89502107, 47.81256931 ], [ -122.89510407, 47.81251031 ], [ -122.89543907, 47.81243431 ], [ -122.89660906, 47.81214731 ], [ -122.89732106, 47.81220231 ], [ -122.89794806, 47.81217531 ], [ -122.89815706, 47.81211731 ], [ -122.89878506, 47.81175331 ], [ -122.89907806, 47.81164131 ], [ -122.90095905, 47.81127431 ], [ -122.90175405, 47.81087931 ], [ -122.90289005, 47.81067031 ], [ -122.90378905, 47.81107631 ], [ -122.904150898873453, 47.811270552034408 ], [ -122.904151, 47.81122 ], [ -122.904611, 47.81122 ], [ -122.904612, 47.811003 ], [ -122.90887514760081, 47.81100619193441 ], [ -122.90982403, 47.81082731 ] ], [ [ -122.90428305, 47.8163283 ], [ -122.90412505, 47.8164483 ], [ -122.90390105, 47.8166033 ], [ -122.90366605, 47.8167503 ], [ -122.90342005, 47.8168883 ], [ -122.90316305, 47.8170173 ], [ -122.90299605, 47.8170933 ], [ -122.90336805, 47.8170023 ], [ -122.90373605, 47.8169213 ], [ -122.90446205, 47.8167123 ], [ -122.90482105, 47.8165973 ], [ -122.90506705, 47.8165093 ], [ -122.90526805, 47.8164253 ], [ -122.90544705, 47.8163373 ], [ -122.90562105, 47.8162323 ], [ -122.90573505, 47.8161503 ], [ -122.90585905, 47.81604631 ], [ -122.906205734659338, 47.815720544711574 ], [ -122.905004205490755, 47.815719645363394 ], [ -122.90471605, 47.8159713 ], [ -122.90446205, 47.8161843 ], [ -122.90428305, 47.8163283 ] ] ], [ [ [ -122.860998, 47.839444 ], [ -122.86101, 47.834946 ], [ -122.867692, 47.834954 ], [ -122.86769, 47.835572 ], [ -122.86781, 47.835573 ], [ -122.867798, 47.840071 ], [ -122.861116, 47.840063 ], [ -122.861118, 47.839444 ], [ -122.860998, 47.839444 ] ] ], [ [ [ -122.889859, 47.985553 ], [ -122.8907, 47.985554 ], [ -122.890695, 47.987863 ], [ -122.893517, 47.987866 ], [ -122.893516, 47.98867 ], [ -122.893903, 47.988671 ], [ -122.893894, 47.993169 ], [ -122.887192, 47.993163 ], [ -122.887194, 47.992563 ], [ -122.886805, 47.992563 ], [ -122.886811, 47.990118 ], [ -122.886574, 47.990117 ], [ -122.886574, 47.990473 ], [ -122.879872, 47.990466 ], [ -122.879883, 47.985967 ], [ -122.882983, 47.98597 ], [ -122.882983, 47.985615 ], [ -122.883158, 47.985616 ], [ -122.88316, 47.98503 ], [ -122.889861, 47.985037 ], [ -122.889859, 47.985553 ] ] ], [ [ [ -122.87519, 47.99374 ], [ -122.868488, 47.993733 ], [ -122.8685, 47.989234 ], [ -122.875201, 47.989241 ], [ -122.87519, 47.99374 ] ] ], [ [ [ -122.881341, 47.994614 ], [ -122.882287, 47.994615 ], [ -122.882289, 47.993782 ], [ -122.888991, 47.993789 ], [ -122.888981, 47.998288 ], [ -122.888035, 47.998287 ], [ -122.888034, 47.999119 ], [ -122.881331, 47.999112 ], [ -122.881341, 47.994614 ] ] ], [ [ [ -122.860633, 48.011916 ], [ -122.860451, 48.011916 ], [ -122.860463, 48.007418 ], [ -122.867167, 48.007426 ], [ -122.867167, 48.00749 ], [ -122.867349, 48.007491 ], [ -122.867337, 48.011989 ], [ -122.860633, 48.011981 ], [ -122.860633, 48.011916 ] ] ], [ [ [ -122.907653, 48.048346 ], [ -122.907353, 48.048346 ], [ -122.907352, 48.048531 ], [ -122.900643, 48.048525 ], [ -122.900652, 48.044026 ], [ -122.900952, 48.044027 ], [ -122.900952, 48.043842 ], [ -122.907661, 48.043847 ], [ -122.907653, 48.048346 ] ] ], [ [ [ -122.918714, 48.052069 ], [ -122.918716, 48.051003 ], [ -122.914041, 48.051 ], [ -122.914048, 48.046501 ], [ -122.920757, 48.046506 ], [ -122.920755, 48.047572 ], [ -122.92543, 48.047575 ], [ -122.925423, 48.052074 ], [ -122.918714, 48.052069 ] ] ], [ [ [ -122.847844, 47.867179 ], [ -122.841158, 47.86717 ], [ -122.841159, 47.867008 ], [ -122.838454, 47.867005 ], [ -122.838468, 47.862506 ], [ -122.845153, 47.862515 ], [ -122.845153, 47.862676 ], [ -122.847857, 47.86268 ], [ -122.847844, 47.867179 ] ] ], [ [ [ -122.829703, 47.875921 ], [ -122.829847, 47.875921 ], [ -122.829853, 47.874201 ], [ -122.836539, 47.87421 ], [ -122.836525, 47.878709 ], [ -122.836381, 47.878709 ], [ -122.836375, 47.880429 ], [ -122.829688, 47.880419 ], [ -122.829703, 47.875921 ] ] ], [ [ [ -122.830539, 47.888924 ], [ -122.830192, 47.888923 ], [ -122.830206, 47.884425 ], [ -122.836894, 47.884434 ], [ -122.83689, 47.885866 ], [ -122.837237, 47.885866 ], [ -122.837223, 47.890365 ], [ -122.830534, 47.890355 ], [ -122.830539, 47.888924 ] ] ], [ [ [ -122.822732, 47.917831 ], [ -122.822748, 47.913333 ], [ -122.823013, 47.913333 ], [ -122.823017, 47.912276 ], [ -122.829708, 47.912286 ], [ -122.829693, 47.916784 ], [ -122.829428, 47.916784 ], [ -122.829425, 47.917841 ], [ -122.822732, 47.917831 ] ] ], [ [ [ -122.81674, 47.917927 ], [ -122.817277, 47.917928 ], [ -122.817277, 47.917912 ], [ -122.823969, 47.917923 ], [ -122.823954, 47.922421 ], [ -122.823417, 47.922421 ], [ -122.823417, 47.922437 ], [ -122.816724, 47.922426 ], [ -122.81674, 47.917927 ] ] ], [ [ [ -122.808629, 47.920889 ], [ -122.815321, 47.9209 ], [ -122.815305, 47.925399 ], [ -122.813965, 47.925397 ], [ -122.813964, 47.925528 ], [ -122.807271, 47.925517 ], [ -122.807288, 47.921018 ], [ -122.808628, 47.92102 ], [ -122.808629, 47.920889 ] ] ], [ [ [ -122.790388, 47.938423 ], [ -122.79039, 47.938105 ], [ -122.797084, 47.938117 ], [ -122.797067, 47.942615 ], [ -122.796381, 47.942614 ], [ -122.79638, 47.942932 ], [ -122.789684, 47.94292 ], [ -122.789703, 47.938422 ], [ -122.790388, 47.938423 ] ] ], [ [ [ -122.84788, 47.990568 ], [ -122.848158, 47.990569 ], [ -122.848159, 47.990281 ], [ -122.85486, 47.99029 ], [ -122.854848, 47.994789 ], [ -122.854569, 47.994788 ], [ -122.854569, 47.995076 ], [ -122.847866, 47.995067 ], [ -122.84788, 47.990568 ] ] ], [ [ [ -122.827376, 48.015269 ], [ -122.827633, 48.015269 ], [ -122.827634, 48.015039 ], [ -122.834339, 48.015049 ], [ -122.834324, 48.019547 ], [ -122.834067, 48.019547 ], [ -122.834066, 48.019777 ], [ -122.827361, 48.019767 ], [ -122.827376, 48.015269 ] ] ], [ [ [ -122.822659, 48.056264 ], [ -122.822658, 48.056535 ], [ -122.815948, 48.056525 ], [ -122.815964, 48.052026 ], [ -122.81621, 48.052026 ], [ -122.816211, 48.051843 ], [ -122.81511, 48.051841 ], [ -122.81511, 48.051804 ], [ -122.815068, 48.051804 ], [ -122.815078741058144, 48.048783748712573 ], [ -122.81414159, 48.04867191 ], [ -122.81364159, 48.04861091 ], [ -122.81307159, 48.04854191 ], [ -122.8106186, 48.0482439 ], [ -122.8094976, 48.0481079 ], [ -122.8082546, 48.0479569 ], [ -122.8078366, 48.0478959 ], [ -122.8074216, 48.0478299 ], [ -122.8070076, 48.0477589 ], [ -122.8061856, 48.0476029 ], [ -122.80537261, 48.0474269 ], [ -122.80456861, 48.0472329 ], [ -122.80417061, 48.0471289 ], [ -122.80377561, 48.0470199 ], [ -122.80331261, 48.0468849 ], [ -122.80294061, 48.0467719 ], [ -122.80220761, 48.0465319 ], [ -122.80184661, 48.0464059 ], [ -122.80156861, 48.0463029 ], [ -122.80114461, 48.0461449 ], [ -122.79982161, 48.0456369 ], [ -122.797432187521679, 48.044719584859365 ], [ -122.797428, 48.045766 ], [ -122.795431888784222, 48.045762429139153 ], [ -122.79633862, 48.0467859 ], [ -122.79753162, 48.0481489 ], [ -122.79813163, 48.0488169 ], [ -122.79854463, 48.0492829 ], [ -122.79972763, 48.05062089 ], [ -122.79920363, 48.05075089 ], [ -122.79872963, 48.05086289 ], [ -122.79784463, 48.05107289 ], [ -122.79644964, 48.05140289 ], [ -122.79509064, 48.05172489 ], [ -122.79349465, 48.05211189 ], [ -122.79282765, 48.05227389 ], [ -122.79171565, 48.05253889 ], [ -122.79003166, 48.05294088 ], [ -122.78975366, 48.05300088 ], [ -122.78948366, 48.05304888 ], [ -122.78927866, 48.05306888 ], [ -122.78919066, 48.05307788 ], [ -122.78900066, 48.05308588 ], [ -122.78891066, 48.05308488 ], [ -122.78795166, 48.05307188 ], [ -122.78692466, 48.05305488 ], [ -122.78614267, 48.05303988 ], [ -122.78496467, 48.05302488 ], [ -122.78380467, 48.05300488 ], [ -122.78358767, 48.05300188 ], [ -122.78023268, 48.05296088 ], [ -122.77923868, 48.05294888 ], [ -122.77817268, 48.05293788 ], [ -122.77775968, 48.05292788 ], [ -122.77727268, 48.05293188 ], [ -122.77686868, 48.05292688 ], [ -122.77636768, 48.05291288 ], [ -122.77616268, 48.05290688 ], [ -122.77595969, 48.05289688 ], [ -122.77541669, 48.05288888 ], [ -122.77509369, 48.05288988 ], [ -122.77486369, 48.05287788 ], [ -122.77408069, 48.05286587 ], [ -122.77304969, 48.05284787 ], [ -122.77223669, 48.05283287 ], [ -122.77202519, 48.05282337 ], [ -122.77189369, 48.05282387 ], [ -122.77069515, 48.05283365 ], [ -122.77062806, 48.05268185 ], [ -122.77026599, 48.05215485 ], [ -122.76995106, 48.05177178 ], [ -122.76979826, 48.05154665 ], [ -122.76966919, 48.05130338 ], [ -122.76958106, 48.05106038 ], [ -122.76960939, 48.05076785 ], [ -122.76973613, 48.05029118 ], [ -122.76991599, 48.05000378 ], [ -122.77023899, 48.04971652 ], [ -122.77058932, 48.04949658 ], [ -122.77075992, 48.04946998 ], [ -122.77097573, 48.04944798 ], [ -122.77113659, 48.04947985 ], [ -122.77125613, 48.04950272 ], [ -122.77133986, 48.04954772 ], [ -122.77147206, 48.04957945 ], [ -122.77159433, 48.04957045 ], [ -122.77167112, 48.04954872 ], [ -122.77171959, 48.04953492 ], [ -122.77178753, 48.04949898 ], [ -122.77187699, 48.04939152 ], [ -122.77201719, 48.04932405 ], [ -122.77212819, 48.04933785 ], [ -122.77211586, 48.04943231 ], [ -122.77208332, 48.04953118 ], [ -122.77208872, 48.04965718 ], [ -122.77214012, 48.04971138 ], [ -122.77232046, 48.04972072 ], [ -122.77260886, 48.04967625 ], [ -122.77276193, 48.04962258 ], [ -122.77287179, 48.04951492 ], [ -122.77300272, 48.04942052 ], [ -122.77316259, 48.04933538 ], [ -122.77337333, 48.04929065 ], [ -122.77348566, 48.04924172 ], [ -122.77358599, 48.04919678 ], [ -122.77370013, 48.04918825 ], [ -122.77407532, 48.04916605 ], [ -122.77429386, 48.04911252 ], [ -122.77447539, 48.04905485 ], [ -122.77465573, 48.04896958 ], [ -122.77479926, 48.04888425 ], [ -122.77494766, 48.04881725 ], [ -122.77506506, 48.04879032 ], [ -122.77517179, 48.04879938 ], [ -122.77527866, 48.04881325 ], [ -122.77562159, 48.04880032 ], [ -122.77583386, 48.04879192 ], [ -122.77611119, 48.04867978 ], [ -122.77631486, 48.04866212 ], [ -122.77649559, 48.04868058 ], [ -122.77677986, 48.04873058 ], [ -122.77693079, 48.04872185 ], [ -122.776968055976738, 48.048730587402737 ], [ -122.77697047815613, 48.048157040819866 ], [ -122.77676386, 48.04807392 ], [ -122.77637653, 48.04800565 ], [ -122.77591132, 48.04802698 ], [ -122.77526519, 48.04812038 ], [ -122.77464746, 48.04830352 ], [ -122.77394892, 48.04850912 ], [ -122.77348893, 48.04865218 ], [ -122.77324479, 48.04867885 ], [ -122.77311873, 48.04869512 ], [ -122.77304146, 48.04870552 ], [ -122.77269692, 48.04877665 ], [ -122.77244926, 48.04881672 ], [ -122.77233086, 48.04882085 ], [ -122.77220192, 48.04877112 ], [ -122.77212252, 48.04873065 ], [ -122.77206372, 48.04869445 ], [ -122.77183806, 48.04867585 ], [ -122.77184839, 48.04863092 ], [ -122.77187433, 48.04856818 ], [ -122.77184159, 48.04847372 ], [ -122.77178052, 48.04838358 ], [ -122.77149973, 48.04822532 ], [ -122.77125399, 48.04812145 ], [ -122.77095259, 48.04805358 ], [ -122.77076453, 48.04805305 ], [ -122.77068212, 48.04803925 ], [ -122.77061146, 48.04801218 ], [ -122.77051859, 48.04794458 ], [ -122.77046646, 48.04787238 ], [ -122.77042186, 48.04778692 ], [ -122.77038139, 48.04770132 ], [ -122.77018672, 48.04754792 ], [ -122.77000079, 48.04740805 ], [ -122.76977186, 48.04721865 ], [ -122.76951452, 48.04703392 ], [ -122.76950972, 48.04702872 ], [ -122.76932606, 48.04683538 ], [ -122.76909072, 48.04659178 ], [ -122.76896699, 48.04647025 ], [ -122.76893132, 48.04640272 ], [ -122.76887846, 48.04631278 ], [ -122.76876706, 48.04619565 ], [ -122.76867386, 48.04611865 ], [ -122.76854612, 48.04600165 ], [ -122.76847726, 48.04582612 ], [ -122.76837072, 48.04543885 ], [ -122.76831606, 48.04534645 ], [ -122.76824286, 48.04522285 ], [ -122.76802059, 48.04499732 ], [ -122.76767919, 48.04471398 ], [ -122.76759666, 48.04464545 ], [ -122.76714039, 48.04430278 ], [ -122.76677832, 48.04396445 ], [ -122.76656812, 48.04373478 ], [ -122.76648346, 48.04366698 ], [ -122.76636586, 48.04359472 ], [ -122.76627652, 48.04351352 ], [ -122.76615959, 48.04336065 ], [ -122.76612439, 48.04320745 ], [ -122.76608672, 48.04290145 ], [ -122.76608852, 48.04284792 ], [ -122.76609092, 48.04271232 ], [ -122.76610619, 48.04259125 ], [ -122.76605446, 48.04243338 ], [ -122.76595732, 48.04226665 ], [ -122.76592506, 48.04218125 ], [ -122.76591266, 48.04208225 ], [ -122.76581692, 48.04194718 ], [ -122.76573106, 48.04185272 ], [ -122.76572332, 48.04176698 ], [ -122.76573112, 48.04166352 ], [ -122.76575086, 48.04155085 ], [ -122.765757214788934, 48.041508561820066 ], [ -122.764154, 48.041505 ], [ -122.764154, 48.041384 ], [ -122.763885, 48.041383 ], [ -122.763891835703177, 48.0398456503559 ], [ -122.76330905, 48.03961625 ], [ -122.76283659, 48.03946678 ], [ -122.76260339, 48.03936725 ], [ -122.76226879, 48.03919118 ], [ -122.76193025, 48.03911412 ], [ -122.76161565, 48.03902332 ], [ -122.76097905, 48.03885972 ], [ -122.76012552, 48.03859272 ], [ -122.75948505, 48.03843398 ], [ -122.75871639, 48.03814438 ], [ -122.75820912, 48.03794538 ], [ -122.75812779, 48.03785972 ], [ -122.75802585, 48.03776972 ], [ -122.75780672, 48.03761625 ], [ -122.75754819, 48.03749852 ], [ -122.75710539, 48.03737165 ], [ -122.75665085, 48.03725832 ], [ -122.75614179, 48.03711318 ], [ -122.75590925, 48.03702752 ], [ -122.75581385, 48.03699558 ], [ -122.75571805, 48.03695492 ], [ -122.75559585, 48.03686918 ], [ -122.75555732, 48.03682858 ], [ -122.75554219, 48.03676105 ], [ -122.75552725, 48.03669812 ], [ -122.75541805, 48.03663025 ], [ -122.75534332, 48.03660312 ], [ -122.75504872, 48.03640445 ], [ -122.75471225, 48.03608878 ], [ -122.75467792, 48.03605052 ], [ -122.75461365, 48.03598078 ], [ -122.75442532, 48.03578238 ], [ -122.75424165, 48.03559739 ], [ -122.75407512, 48.03543058 ], [ -122.75377912, 48.03520045 ], [ -122.75354392, 48.03505179 ], [ -122.75321192, 48.03483965 ], [ -122.75294098, 48.03471752 ], [ -122.75288285, 48.03460058 ], [ -122.75281865, 48.03453272 ], [ -122.75277158, 48.03448338 ], [ -122.75269138, 48.03442465 ], [ -122.75258692, 48.03437045 ], [ -122.75249039, 48.03431158 ], [ -122.75246805, 48.03426665 ], [ -122.75240619, 48.03415865 ], [ -122.75233152, 48.03403685 ], [ -122.75226092, 48.03391518 ], [ -122.75220225, 48.03378472 ], [ -122.75217879, 48.03361825 ], [ -122.75214092, 48.03349658 ], [ -122.75206358, 48.03331198 ], [ -122.75199645, 48.03317685 ], [ -122.75179478, 48.03295158 ], [ -122.75173825, 48.03287198 ], [ -122.75152945, 48.03257745 ], [ -122.75126825, 48.03229818 ], [ -122.75120658, 48.03219432 ], [ -122.75119458, 48.03210439 ], [ -122.75111912, 48.03196478 ], [ -122.75101918, 48.03182532 ], [ -122.75096125, 48.03171265 ], [ -122.75094532, 48.03162712 ], [ -122.75088472, 48.03145145 ], [ -122.75084312, 48.03133865 ], [ -122.75080938, 48.03121725 ], [ -122.75077632, 48.03111372 ], [ -122.75067078, 48.03093818 ], [ -122.75059572, 48.03080732 ], [ -122.75057705, 48.03075352 ], [ -122.75061038, 48.03067252 ], [ -122.75065185, 48.03068632 ], [ -122.75075672, 48.03074938 ], [ -122.75080965, 48.03083958 ], [ -122.75090005, 48.03094752 ], [ -122.75090992, 48.03108272 ], [ -122.75095165, 48.03119945 ], [ -122.75099925, 48.03135738 ], [ -122.75115785, 48.03172192 ], [ -122.75128658, 48.03196058 ], [ -122.75145185, 48.03219478 ], [ -122.75163999, 48.03238858 ], [ -122.75174445, 48.03253738 ], [ -122.75185018, 48.03271765 ], [ -122.75194958, 48.03284392 ], [ -122.75202978, 48.03290272 ], [ -122.75210158, 48.03295672 ], [ -122.75218458, 48.03308278 ], [ -122.75228185, 48.03315938 ], [ -122.75235992, 48.03316852 ], [ -122.75252159, 48.03312412 ], [ -122.75273192, 48.03297618 ], [ -122.75294992, 48.03271992 ], [ -122.75316678, 48.03243732 ], [ -122.75335319, 48.03220805 ], [ -122.75344878, 48.03195638 ], [ -122.75352998, 48.03176299 ], [ -122.75355638, 48.03170018 ], [ -122.75358225, 48.03144385 ], [ -122.75356039, 48.03121872 ], [ -122.75344372, 48.03097558 ], [ -122.75336365, 48.03082272 ], [ -122.75332612, 48.03070978 ], [ -122.75330952, 48.03051205 ], [ -122.75325418, 48.03036332 ], [ -122.75320485, 48.03016512 ], [ -122.75316325, 48.02976492 ], [ -122.75310925, 48.02955352 ], [ -122.75304905, 48.02938672 ], [ -122.75298752, 48.02909432 ], [ -122.75287358, 48.02891418 ], [ -122.75275812, 48.02869792 ], [ -122.75262612, 48.02838258 ], [ -122.75253378, 48.02822938 ], [ -122.75248925, 48.02814392 ], [ -122.75242198, 48.02800432 ], [ -122.75233452, 48.02786905 ], [ -122.75225612, 48.02775665 ], [ -122.75209685, 48.02756725 ], [ -122.75191165, 48.02734645 ], [ -122.75168565, 48.02712545 ], [ -122.75149458, 48.02695845 ], [ -122.75137558, 48.02685032 ], [ -122.75122712, 48.02672398 ], [ -122.75119525, 48.02664745 ], [ -122.75115038, 48.02655305 ], [ -122.75103618, 48.02646272 ], [ -122.75095578, 48.02639965 ], [ -122.75088265, 48.02631378 ], [ -122.75080992, 48.02623738 ], [ -122.75073758, 48.02618845 ], [ -122.75061631, 48.02610638 ], [ -122.75042098, 48.02602958 ], [ -122.75019905, 48.02600198 ], [ -122.74997378, 48.02602238 ], [ -122.74990591, 48.02602852 ], [ -122.74964292, 48.02609078 ], [ -122.74945672, 48.02622972 ], [ -122.74921792, 48.02638218 ], [ -122.74913372, 48.02651692 ], [ -122.74907058, 48.02666552 ], [ -122.74899338, 48.02677305 ], [ -122.74878478, 48.02696158 ], [ -122.74848985, 48.02723525 ], [ -122.74824192, 48.02745972 ], [ -122.74803205, 48.02771565 ], [ -122.74798232, 48.02789105 ], [ -122.74800238, 48.02802672 ], [ -122.74799778, 48.02818272 ], [ -122.74794672, 48.02831665 ], [ -122.74792685, 48.02837792 ], [ -122.74786185, 48.02844752 ], [ -122.74778385, 48.02851118 ], [ -122.74762638, 48.02855619 ], [ -122.74727885, 48.02855532 ], [ -122.74629985, 48.02860265 ], [ -122.74583145, 48.02864192 ], [ -122.74544171, 48.02870418 ], [ -122.74497118, 48.02878858 ], [ -122.74481265, 48.02881078 ], [ -122.74465458, 48.02884192 ], [ -122.74443725, 48.02892252 ], [ -122.74427292, 48.02899865 ], [ -122.74417645, 48.02913345 ], [ -122.74409832, 48.02921858 ], [ -122.74403485, 48.02926365 ], [ -122.74388992, 48.02931719 ], [ -122.74378072, 48.02934392 ], [ -122.74364325, 48.02937959 ], [ -122.74347012, 48.02944219 ], [ -122.74335312, 48.02947785 ], [ -122.74324425, 48.02951372 ], [ -122.74308325, 48.02957178 ], [ -122.74289452, 48.02965212 ], [ -122.74258158, 48.02979112 ], [ -122.74218938, 48.02998812 ], [ -122.74194358, 48.03007319 ], [ -122.74165778, 48.03017592 ], [ -122.74128158, 48.03026945 ], [ -122.74105938, 48.03033212 ], [ -122.74090145, 48.03036739 ], [ -122.74080432, 48.03038979 ], [ -122.74077431, 48.03041252 ], [ -122.74074491, 48.03043478 ], [ -122.74073845, 48.03047539 ], [ -122.74075618, 48.03050705 ], [ -122.74079525, 48.03056078 ], [ -122.74080938, 48.03060612 ], [ -122.74077038, 48.03065072 ], [ -122.74068978, 48.03067779 ], [ -122.74055625, 48.03070879 ], [ -122.74028965, 48.03078465 ], [ -122.73954718, 48.03101232 ], [ -122.73897525, 48.03121359 ], [ -122.73862158, 48.03135672 ], [ -122.73841898, 48.03149565 ], [ -122.73825132, 48.03158979 ], [ -122.73807872, 48.03166592 ], [ -122.73788818, 48.03180045 ], [ -122.73779112, 48.03192159 ], [ -122.73778731, 48.03192765 ], [ -122.73773538, 48.03205205 ], [ -122.73773405, 48.03221399 ], [ -122.73775011, 48.03230399 ], [ -122.73783738, 48.03243479 ], [ -122.73788558, 48.03251118 ], [ -122.73793325, 48.03257432 ], [ -122.73796878, 48.03264205 ], [ -122.73797612, 48.03271832 ], [ -122.73796045, 48.03283072 ], [ -122.73788791, 48.03295205 ], [ -122.73774698, 48.03310019 ], [ -122.73759645, 48.03321259 ], [ -122.73748012, 48.03326605 ], [ -122.73729905, 48.03333305 ], [ -122.73716131, 48.03336412 ], [ -122.73703812, 48.03335072 ], [ -122.73691418, 48.03331879 ], [ -122.73679385, 48.03327785 ], [ -122.73664458, 48.03322812 ], [ -122.73626718, 48.03309939 ], [ -122.73610958, 48.03304685 ], [ -122.73580311, 48.03295192 ], [ -122.73561352, 48.03291545 ], [ -122.73531665, 48.03285612 ], [ -122.73514851, 48.03284238 ], [ -122.73502918, 48.03282412 ], [ -122.73488032, 48.03278325 ], [ -122.73450985, 48.03272392 ], [ -122.73420018, 48.03265119 ], [ -122.73383978, 48.03253792 ], [ -122.73355705, 48.03242485 ], [ -122.73328245, 48.03231165 ], [ -122.73307798, 48.03221205 ], [ -122.73293051, 48.03210859 ], [ -122.73280565, 48.03195945 ], [ -122.73268512, 48.03181545 ], [ -122.73264531, 48.03174889 ], [ -122.73353871, 48.03142988 ], [ -122.73450371, 48.03106788 ], [ -122.73476871, 48.03096788 ], [ -122.73513371, 48.03083088 ], [ -122.7368107, 48.03019189 ], [ -122.7370187, 48.03009589 ], [ -122.7372137, 48.02998789 ], [ -122.7373937, 48.02986889 ], [ -122.7375887, 48.02971289 ], [ -122.7377577, 48.02954389 ], [ -122.7378737, 48.02939389 ], [ -122.7381057, 48.02900089 ], [ -122.73844869, 48.02850589 ], [ -122.73854669, 48.02839689 ], [ -122.73873669, 48.02820989 ], [ -122.73894469, 48.02803189 ], [ -122.73911369, 48.02790489 ], [ -122.73935269, 48.02774489 ], [ -122.73974269, 48.02751889 ], [ -122.74064869, 48.02703489 ], [ -122.741028150911021, 48.026832138697884 ], [ -122.741048, 48.022773 ], [ -122.747754, 48.022788 ], [ -122.747753, 48.023017 ], [ -122.747997, 48.023017 ], [ -122.747986132210727, 48.025239462904587 ], [ -122.74809566, 48.02524089 ], [ -122.74838466, 48.02524989 ], [ -122.74860966, 48.02526389 ], [ -122.74881266, 48.0252819 ], [ -122.74901366, 48.02530889 ], [ -122.74921066, 48.0253459 ], [ -122.74930766, 48.02536789 ], [ -122.74957766, 48.02544089 ], [ -122.74972966, 48.0254899 ], [ -122.74987666, 48.02554389 ], [ -122.75006066, 48.02562189 ], [ -122.75035366, 48.02575689 ], [ -122.75090166, 48.02602289 ], [ -122.75122066, 48.02618289 ], [ -122.75134066, 48.02624789 ], [ -122.75157066, 48.02638489 ], [ -122.75172566, 48.02648889 ], [ -122.75184566, 48.02657689 ], [ -122.75198566, 48.02668789 ], [ -122.75210066, 48.02678589 ], [ -122.75225866, 48.02693389 ], [ -122.75309166, 48.02784389 ], [ -122.75472966, 48.02966989 ], [ -122.754879199846314, 48.029836214931109 ], [ -122.75922, 48.029845 ], [ -122.759239, 48.025658 ], [ -122.759626, 48.025659 ], [ -122.759626, 48.025536 ], [ -122.762345, 48.025541 ], [ -122.762361, 48.022063 ], [ -122.762619, 48.022063 ], [ -122.762619, 48.021991 ], [ -122.766906444145832, 48.021999950822853 ], [ -122.766928100820579, 48.021951803968307 ], [ -122.764627, 48.021947 ], [ -122.764627, 48.021897 ], [ -122.764444, 48.021896 ], [ -122.764465, 48.017398 ], [ -122.768982591575821, 48.017406758939671 ], [ -122.76912159, 48.01709992 ], [ -122.76922359, 48.01681692 ], [ -122.76930359, 48.01653092 ], [ -122.76936059, 48.01624192 ], [ -122.76938659, 48.01604892 ], [ -122.76939859, 48.01591392 ], [ -122.76939859, 48.01574792 ], [ -122.76939258, 48.01561292 ], [ -122.76937759, 48.01546192 ], [ -122.76935558, 48.01531192 ], [ -122.76932558, 48.01516292 ], [ -122.76928758, 48.01501392 ], [ -122.76924158, 48.01486592 ], [ -122.76911158, 48.01452992 ], [ -122.76901558, 48.01432192 ], [ -122.76885958, 48.01398292 ], [ -122.76882158, 48.01390092 ], [ -122.768755891711805, 48.013734407827585 ], [ -122.765687, 48.013728 ], [ -122.765688, 48.013623 ], [ -122.7651, 48.013621 ], [ -122.76512, 48.009123 ], [ -122.765425, 48.009124 ], [ -122.765431, 48.007941 ], [ -122.772135, 48.007955 ], [ -122.772129, 48.009242 ], [ -122.772412, 48.009243 ], [ -122.772400553573718, 48.011817873591824 ], [ -122.773159403901829, 48.011824992285078 ], [ -122.773162, 48.011241 ], [ -122.773369, 48.011242 ], [ -122.77337, 48.011047 ], [ -122.780074, 48.01106 ], [ -122.780063249161685, 48.013605685345695 ], [ -122.78052055, 48.01361193 ], [ -122.78114455, 48.01409893 ], [ -122.78131555, 48.01423493 ], [ -122.78162055, 48.01445893 ], [ -122.78238455, 48.01500593 ], [ -122.78253255, 48.01511593 ], [ -122.78296155, 48.01542193 ], [ -122.78313855, 48.01554793 ], [ -122.78349155, 48.01581493 ], [ -122.78387955, 48.01608993 ], [ -122.78402455, 48.01617893 ], [ -122.78457855, 48.01654993 ], [ -122.78485555, 48.01674593 ], [ -122.78514455, 48.01693293 ], [ -122.78534555, 48.01705193 ], [ -122.78571355, 48.01725793 ], [ -122.78605255, 48.01743493 ], [ -122.78634155, 48.01757093 ], [ -122.78680955, 48.01777293 ], [ -122.78707255, 48.01788193 ], [ -122.78746955, 48.01803293 ], [ -122.78784155, 48.01815793 ], [ -122.78838955, 48.01832693 ], [ -122.78895554, 48.01853393 ], [ -122.78944904, 48.01873693 ], [ -122.78968054, 48.01852893 ], [ -122.78980954, 48.01838593 ], [ -122.78992654, 48.01823793 ], [ -122.79013654, 48.01794993 ], [ -122.79025554, 48.01777493 ], [ -122.79036454, 48.01759793 ], [ -122.79048854, 48.01737293 ], [ -122.79070154, 48.01691294 ], [ -122.79090353, 48.01649694 ], [ -122.79096753, 48.01634594 ], [ -122.79103953, 48.01619694 ], [ -122.79111953, 48.01604994 ], [ -122.79120653, 48.01590494 ], [ -122.79130153, 48.01576194 ], [ -122.79140353, 48.01562094 ], [ -122.79151253, 48.01548294 ], [ -122.79171453, 48.01524694 ], [ -122.79194453, 48.01500594 ], [ -122.79210753, 48.01484994 ], [ -122.79227952, 48.01469794 ], [ -122.79245852, 48.01454994 ], [ -122.79275552, 48.01432494 ], [ -122.79291452, 48.01421594 ], [ -122.79307952, 48.01410994 ], [ -122.79324952, 48.01400794 ], [ -122.79360452, 48.01381694 ], [ -122.79378852, 48.01372794 ], [ -122.79436551, 48.01347694 ], [ -122.79462751, 48.01337494 ], [ -122.79471051, 48.01334194 ], [ -122.79506451, 48.01321894 ], [ -122.79542851, 48.01310894 ], [ -122.7971885, 48.01264095 ], [ -122.7978055, 48.01248495 ], [ -122.7984045, 48.01231295 ], [ -122.80000349, 48.01188595 ], [ -122.80010349, 48.01186995 ], [ -122.80036949, 48.01182595 ], [ -122.80056549, 48.01180295 ], [ -122.80099549, 48.01177495 ], [ -122.80130649, 48.01177095 ], [ -122.80161649, 48.01178595 ], [ -122.80177749, 48.01180295 ], [ -122.80194449, 48.01183095 ], [ -122.80214649, 48.01187295 ], [ -122.80241049, 48.01193995 ], [ -122.80259549, 48.01199595 ], [ -122.80272849, 48.01204195 ], [ -122.80290049, 48.01210995 ], [ -122.80306449, 48.01218695 ], [ -122.80330449, 48.01231495 ], [ -122.80348649, 48.01242695 ], [ -122.80359049, 48.01249995 ], [ -122.80368849, 48.01257795 ], [ -122.80378149, 48.01265895 ], [ -122.80423249, 48.01308095 ], [ -122.80432749, 48.01316295 ], [ -122.80468549, 48.01342095 ], [ -122.80486849, 48.01352795 ], [ -122.80513849, 48.01366695 ], [ -122.80534049, 48.01375395 ], [ -122.80560449, 48.01384995 ], [ -122.80582349, 48.01391495 ], [ -122.80606549, 48.01397295 ], [ -122.80626049, 48.01400795 ], [ -122.80708248, 48.01412995 ], [ -122.80751448, 48.01418495 ], [ -122.80823648, 48.01427795 ], [ -122.80901348, 48.01438595 ], [ -122.81004748, 48.01451895 ], [ -122.81042648, 48.01455595 ], [ -122.81086148, 48.01458495 ], [ -122.81124248, 48.01459095 ], [ -122.81145147, 48.01458395 ], [ -122.81187747, 48.01456095 ], [ -122.81232647, 48.01452995 ], [ -122.81290547, 48.01448296 ], [ -122.81345147, 48.01444796 ], [ -122.81393247, 48.01441696 ], [ -122.81597146, 48.01428596 ], [ -122.81674246, 48.01422796 ], [ -122.81757346, 48.01415196 ], [ -122.82186945, 48.01387896 ], [ -122.82229944, 48.01384796 ], [ -122.82445844, 48.01370896 ], [ -122.82537344, 48.01364597 ], [ -122.82607343, 48.01359797 ], [ -122.82748543, 48.01350097 ], [ -122.82773443, 48.01349697 ], [ -122.82622544, 48.01519296 ], [ -122.82535845, 48.01616596 ], [ -122.82462845, 48.01697796 ], [ -122.82257048, 48.02368795 ], [ -122.82252348, 48.02384095 ], [ -122.82206549, 48.02533795 ], [ -122.82089351, 48.02916494 ], [ -122.81998352, 48.03213693 ], [ -122.81692256, 48.04211992 ], [ -122.81637157, 48.04391891 ], [ -122.81621257, 48.04443091 ], [ -122.815929313578039, 48.047306385966515 ], [ -122.821793, 48.047316 ], [ -122.821793, 48.047353 ], [ -122.821835, 48.047353 ], [ -122.82182, 48.051764 ], [ -122.822921, 48.051766 ], [ -122.822905, 48.056264 ], [ -122.822659, 48.056264 ] ], [ [ -122.78118779, 48.04977398 ], [ -122.78126686, 48.04980551 ], [ -122.78134186, 48.04983698 ], [ -122.78145266, 48.04984652 ], [ -122.78156713, 48.04984665 ], [ -122.78166099, 48.04984245 ], [ -122.78175139, 48.04985165 ], [ -122.78183453, 48.04988311 ], [ -122.78193773, 48.04990578 ], [ -122.78204793, 48.04990145 ], [ -122.78217799, 48.04988385 ], [ -122.78227693, 48.04990198 ], [ -122.78240899, 48.04992938 ], [ -122.78261226, 48.04999725 ], [ -122.78273453, 48.05017738 ], [ -122.78293159, 48.05029005 ], [ -122.78310373, 48.05039365 ], [ -122.78317133, 48.05044378 ], [ -122.78327566, 48.05049318 ], [ -122.78335493, 48.05052931 ], [ -122.78353273, 48.05066911 ], [ -122.7836544, 48.05074145 ], [ -122.78385053, 48.05083158 ], [ -122.78403106, 48.05084571 ], [ -122.78420959, 48.05081431 ], [ -122.78432606, 48.05076511 ], [ -122.78442926, 48.05069351 ], [ -122.78447093, 48.05061698 ], [ -122.78444366, 48.05053811 ], [ -122.78443826, 48.05052251 ], [ -122.78422133, 48.05032845 ], [ -122.78400319, 48.05020211 ], [ -122.78377013, 48.05010725 ], [ -122.78361593, 48.05003945 ], [ -122.78339899, 48.04993998 ], [ -122.78320933, 48.04980932 ], [ -122.783101997717353, 48.049702893571371 ], [ -122.780510601113136, 48.049697872233487 ], [ -122.78069686, 48.04976845 ], [ -122.78081353, 48.04981825 ], [ -122.78097733, 48.04982298 ], [ -122.78111046, 48.04978252 ], [ -122.78118779, 48.04977398 ] ] ], [ [ [ -122.816591, 48.061529 ], [ -122.816891, 48.06153 ], [ -122.816891, 48.061344 ], [ -122.823602, 48.061355 ], [ -122.823587, 48.065853 ], [ -122.823287, 48.065853 ], [ -122.823287, 48.066038 ], [ -122.816575, 48.066028 ], [ -122.816591, 48.061529 ] ] ], [ [ [ -122.82213, 48.074153 ], [ -122.821907, 48.074152 ], [ -122.821903, 48.075338 ], [ -122.815191, 48.075327 ], [ -122.815207, 48.070828 ], [ -122.81543, 48.070829 ], [ -122.815434, 48.069643 ], [ -122.822146, 48.069654 ], [ -122.82213, 48.074153 ] ] ], [ [ [ -122.813704, 48.080734 ], [ -122.814103, 48.080735 ], [ -122.814104, 48.080361 ], [ -122.820818, 48.080372 ], [ -122.820802, 48.084871 ], [ -122.820403, 48.08487 ], [ -122.820402, 48.085244 ], [ -122.813688, 48.085233 ], [ -122.813704, 48.080734 ] ] ], [ [ [ -122.813259, 48.085785 ], [ -122.819973, 48.085796 ], [ -122.819957, 48.090295 ], [ -122.819597, 48.090294 ], [ -122.819595, 48.090788 ], [ -122.812881, 48.090777 ], [ -122.812897, 48.086278 ], [ -122.813257, 48.086279 ], [ -122.813259, 48.085785 ] ] ], [ [ [ -122.82026203, 48.102296649 ], [ -122.82041703, 48.102504649 ], [ -122.82057903, 48.102691649 ], [ -122.82066903, 48.102778649 ], [ -122.82077003, 48.102860649 ], [ -122.82086703, 48.102926649 ], [ -122.82114103, 48.103088649 ], [ -122.82141003, 48.103226649 ], [ -122.82159703, 48.103311649 ], [ -122.82172603, 48.103364649 ], [ -122.82192303, 48.103438649 ], [ -122.82205803, 48.103483649 ], [ -122.82233403, 48.103565649 ], [ -122.82254603, 48.103617649 ], [ -122.82290803, 48.103687649 ], [ -122.823203031, 48.103728649 ], [ -122.823427031, 48.103749649 ], [ -122.823577031, 48.103759649 ], [ -122.823803031, 48.103768648 ], [ -122.824575031, 48.103760648 ], [ -122.824872031, 48.103764648 ], [ -122.825037031, 48.103770648 ], [ -122.825155031, 48.103778648 ], [ -122.825302031, 48.103795648 ], [ -122.825446031, 48.103820648 ], [ -122.825586031, 48.103854648 ], [ -122.825721031, 48.103897648 ], [ -122.825850031, 48.103946648 ], [ -122.825972031, 48.104003648 ], [ -122.826071031, 48.104059648 ], [ -122.826138031, 48.104102648 ], [ -122.826455031, 48.104351648 ], [ -122.826548031, 48.104447648 ], [ -122.826677031, 48.104595648 ], [ -122.826756031, 48.104696648 ], [ -122.826866031, 48.104851648 ], [ -122.826932031, 48.104956648 ], [ -122.827021031, 48.105117648 ], [ -122.827097032, 48.105281648 ], [ -122.827159032, 48.105445648 ], [ -122.827182032, 48.105567648 ], [ -122.827188032, 48.105596648 ], [ -122.827208032, 48.105748648 ], [ -122.827221032, 48.105901648 ], [ -122.827225032, 48.106070648 ], [ -122.827216032, 48.107385648 ], [ -122.827215032, 48.107578648 ], [ -122.827182033, 48.109314648 ], [ -122.827166033, 48.109606648 ], [ -122.827148033, 48.110951648 ], [ -122.827107033, 48.112764649 ], [ -122.827064034, 48.114658649 ], [ -122.826989035, 48.117465649 ], [ -122.826910071, 48.119483988 ], [ -122.826889035, 48.120021649 ], [ -122.826955035, 48.120022649 ], [ -122.826958035, 48.120070649 ], [ -122.826961035, 48.120124649 ], [ -122.826953035, 48.120375649 ], [ -122.826856036, 48.123254649 ], [ -122.826844036, 48.123595649 ], [ -122.826800036, 48.124894649 ], [ -122.826786036, 48.125320649 ], [ -122.826741037, 48.126664649 ], [ -122.826728037, 48.127028649 ], [ -122.826702037, 48.127811649 ], [ -122.826681037, 48.128661649 ], [ -122.826670037, 48.129115649 ], [ -122.826631038, 48.13076565 ], [ -122.826605038, 48.13182265 ], [ -122.826609038, 48.13214465 ], [ -122.826461038, 48.13216465 ], [ -122.826294038, 48.13218465 ], [ -122.826042038, 48.13220865 ], [ -122.825707038, 48.13222765 ], [ -122.825412038, 48.13223365 ], [ -122.824405038, 48.13223865 ], [ -122.824293038, 48.13223965 ], [ -122.823613038, 48.13221765 ], [ -122.823140038, 48.13221965 ], [ -122.822972038, 48.13221865 ], [ -122.822672037, 48.13221565 ], [ -122.822119037, 48.13222965 ], [ -122.821929037, 48.13221965 ], [ -122.821825037, 48.13223465 ], [ -122.821822038, 48.13330565 ], [ -122.821820038, 48.13475565 ], [ -122.821833038, 48.13523465 ], [ -122.821802038, 48.13641265 ], [ -122.821802078, 48.136418504 ], [ -122.821786862, 48.136420998 ], [ -122.82140267, 48.136439536 ], [ -122.821402669, 48.136439536 ], [ -122.821028385, 48.136479639 ], [ -122.820828639, 48.136491027 ], [ -122.819296094, 48.136461923 ], [ -122.819051178, 48.136450295 ], [ -122.819051177, 48.136450295 ], [ -122.819051175, 48.136450295 ], [ -122.819050873, 48.136450317 ], [ -122.818512789, 48.136424887 ], [ -122.818333717, 48.136401962 ], [ -122.818240387, 48.136390015 ], [ -122.818156662, 48.136379296 ], [ -122.818156661, 48.136379296 ], [ -122.818155777, 48.136379196 ], [ -122.818155776, 48.136379196 ], [ -122.818153776, 48.136379067 ], [ -122.818153775, 48.136379067 ], [ -122.818104681, 48.136377517 ], [ -122.81810468, 48.136377517 ], [ -122.818104467, 48.136377524 ], [ -122.817996867, 48.136374132 ], [ -122.817854367, 48.13636965 ], [ -122.817853458, 48.136369636 ], [ -122.817415172, 48.136368891 ], [ -122.817415171, 48.136368891 ], [ -122.817414519, 48.136368897 ], [ -122.817414518, 48.136368897 ], [ -122.817412217, 48.136369029 ], [ -122.817010259, 48.13640755 ], [ -122.816952908, 48.136413046 ], [ -122.816951907, 48.136413141 ], [ -122.81688633, 48.136419427 ], [ -122.816833784, 48.136424462 ], [ -122.816253859, 48.136480034 ], [ -122.816244842, 48.136480898 ], [ -122.816242633, 48.136481109 ], [ -122.81607763, 48.136496921 ], [ -122.816077629, 48.136496921 ], [ -122.816077627, 48.136496921 ], [ -122.816077626, 48.136496922 ], [ -122.816077625, 48.136496922 ], [ -122.816077624, 48.136496922 ], [ -122.816003371, 48.136504037 ], [ -122.815955311, 48.136508642 ], [ -122.815853423, 48.136518405 ], [ -122.815853422, 48.136518405 ], [ -122.815853421, 48.136518405 ], [ -122.815657367, 48.13653719 ], [ -122.815656124, 48.136537335 ], [ -122.815656123, 48.136537335 ], [ -122.815655482, 48.136537432 ], [ -122.815379591, 48.136581827 ], [ -122.815068492, 48.13661735 ], [ -122.81506779, 48.136617438 ], [ -122.815067009, 48.136617557 ], [ -122.814704262, 48.136677737 ], [ -122.814648567, 48.136686976 ], [ -122.814427781, 48.136723603 ], [ -122.813833158, 48.136822247 ], [ -122.813350058, 48.1368934 ], [ -122.812768594, 48.13698322 ], [ -122.812599351, 48.137009363 ], [ -122.812597457, 48.137009721 ], [ -122.812597456, 48.137009721 ], [ -122.812119667, 48.137116762 ], [ -122.811559102, 48.137242344 ], [ -122.811558037, 48.137242605 ], [ -122.811558036, 48.137242605 ], [ -122.81155719, 48.137242846 ], [ -122.811557189, 48.137242846 ], [ -122.811291396, 48.137322997 ], [ -122.811291395, 48.137322997 ], [ -122.81128966, 48.137323606 ], [ -122.811289659, 48.137323607 ], [ -122.811289658, 48.137323607 ], [ -122.811289657, 48.137323608 ], [ -122.811289656, 48.137323608 ], [ -122.811289655, 48.137323609 ], [ -122.811289654, 48.13732361 ], [ -122.811289654, 48.137323611 ], [ -122.811289653, 48.137323611 ], [ -122.811289653, 48.137323612 ], [ -122.811289653, 48.137323613 ], [ -122.811289241, 48.137323756 ], [ -122.81128924, 48.137323756 ], [ -122.811278283, 48.137328174 ], [ -122.810836102, 48.137452636 ], [ -122.810215851, 48.13762722 ], [ -122.809130131, 48.137900736 ], [ -122.809053127, 48.137915771 ], [ -122.808911165, 48.137930093 ], [ -122.808911163, 48.137930093 ], [ -122.808911161, 48.137930094 ], [ -122.808827285, 48.137938556 ], [ -122.808827284, 48.137938556 ], [ -122.808826194, 48.137938687 ], [ -122.808826193, 48.137938687 ], [ -122.808825264, 48.137938831 ], [ -122.808513934, 48.137992119 ], [ -122.808151796, 48.138036239 ], [ -122.808092649, 48.138043445 ], [ -122.808076665, 48.138045392 ], [ -122.808076188, 48.138045454 ], [ -122.808076186, 48.138045454 ], [ -122.8080732, 48.138046029 ], [ -122.808073199, 48.138046029 ], [ -122.807750062, 48.138126382 ], [ -122.80774963, 48.138126493 ], [ -122.807749629, 48.138126493 ], [ -122.807746922, 48.138127372 ], [ -122.807746921, 48.138127372 ], [ -122.80773257, 48.138132942 ], [ -122.80766914, 48.138157555 ], [ -122.807574823, 48.138194154 ], [ -122.807574812, 48.138194157 ], [ -122.80757481, 48.138194157 ], [ -122.807574809, 48.138194157 ], [ -122.807544776, 48.138205813 ], [ -122.807351079, 48.138242656 ], [ -122.807351078, 48.138242656 ], [ -122.807057117, 48.138319608 ], [ -122.807056936, 48.138319656 ], [ -122.806852985, 48.138373044 ], [ -122.806852983, 48.138373045 ], [ -122.806840689, 48.138377139 ], [ -122.806840688, 48.138377139 ], [ -122.806840687, 48.13837714 ], [ -122.806840686, 48.13837714 ], [ -122.806840685, 48.138377141 ], [ -122.806840684, 48.138377142 ], [ -122.806840683, 48.138377142 ], [ -122.806840683, 48.138377143 ], [ -122.806643055, 48.138442954 ], [ -122.80632378, 48.138537101 ], [ -122.805975818, 48.138639706 ], [ -122.805736622, 48.138697613 ], [ -122.805666179, 48.138708341 ], [ -122.805666178, 48.138708341 ], [ -122.805666177, 48.138708341 ], [ -122.805666174, 48.138708342 ], [ -122.804972966, 48.138813898 ], [ -122.804051633, 48.138884335 ], [ -122.803533424, 48.138883305 ], [ -122.80339537, 48.13888303 ], [ -122.803394711, 48.138883035 ], [ -122.80339471, 48.138883035 ], [ -122.803392298, 48.138883179 ], [ -122.803392297, 48.138883179 ], [ -122.802889923, 48.138933165 ], [ -122.802889891, 48.138933166 ], [ -122.802889889, 48.138933166 ], [ -122.802770122, 48.138945087 ], [ -122.802393355, 48.138962705 ], [ -122.802393354, 48.138962705 ], [ -122.802393353, 48.138962705 ], [ -122.802393342, 48.138962706 ], [ -122.802217044, 48.138970951 ], [ -122.802214912, 48.138971126 ], [ -122.802214911, 48.138971126 ], [ -122.801464091, 48.139059818 ], [ -122.801463508, 48.139059892 ], [ -122.801463507, 48.139059892 ], [ -122.801461115, 48.139060326 ], [ -122.801461114, 48.139060326 ], [ -122.80082734, 48.139203158 ], [ -122.800826501, 48.139203361 ], [ -122.8008265, 48.139203361 ], [ -122.800306941, 48.139337586 ], [ -122.80030694, 48.139337586 ], [ -122.800306129, 48.139337811 ], [ -122.799839484, 48.139475886 ], [ -122.799839411, 48.139475904 ], [ -122.79983941, 48.139475904 ], [ -122.799671241, 48.139525665 ], [ -122.799670373, 48.139525939 ], [ -122.799670372, 48.139525939 ], [ -122.799533577, 48.139571596 ], [ -122.799042504, 48.139699137 ], [ -122.798279278, 48.139857821 ], [ -122.797997227, 48.139877662 ], [ -122.797997226, 48.139877662 ], [ -122.797997225, 48.139877662 ], [ -122.797997218, 48.139877664 ], [ -122.797526668, 48.139910765 ], [ -122.797457807, 48.139915609 ], [ -122.797418436, 48.139918378 ], [ -122.797323205, 48.139925077 ], [ -122.797321205, 48.139925285 ], [ -122.797321203, 48.139925285 ], [ -122.797317609, 48.139926018 ], [ -122.797317608, 48.139926018 ], [ -122.797030117, 48.140006604 ], [ -122.797030116, 48.140006604 ], [ -122.797027276, 48.140007582 ], [ -122.797027275, 48.140007582 ], [ -122.797026651, 48.14000785 ], [ -122.797017591, 48.140011901 ], [ -122.796977075, 48.140030016 ], [ -122.79680052, 48.140108952 ], [ -122.796725309, 48.140142578 ], [ -122.796723847, 48.140143296 ], [ -122.796723846, 48.140143297 ], [ -122.796575656, 48.140223108 ], [ -122.796416106, 48.140273492 ], [ -122.796416054, 48.140273507 ], [ -122.796416053, 48.140273507 ], [ -122.796178985, 48.14034837 ], [ -122.796018403, 48.14039908 ], [ -122.795608121, 48.140515308 ], [ -122.795182587, 48.140633368 ], [ -122.795176551, 48.140634973 ], [ -122.795176549, 48.140634973 ], [ -122.795176548, 48.140634973 ], [ -122.795176547, 48.140634973 ], [ -122.795176545, 48.140634973 ], [ -122.795176544, 48.140634973 ], [ -122.795176543, 48.140634973 ], [ -122.795176542, 48.140634973 ], [ -122.794340476, 48.140856717 ], [ -122.794340475, 48.140856717 ], [ -122.79433911, 48.140857119 ], [ -122.794339109, 48.140857119 ], [ -122.793704206, 48.141062678 ], [ -122.79315059, 48.141228618 ], [ -122.793121737, 48.141237265 ], [ -122.792989535, 48.141276892 ], [ -122.792652991, 48.141356936 ], [ -122.792652988, 48.141356937 ], [ -122.792652986, 48.141356937 ], [ -122.792567071, 48.141377371 ], [ -122.792134341, 48.141437591 ], [ -122.79213434, 48.141437591 ], [ -122.791811037, 48.141506278 ], [ -122.791724111, 48.141517435 ], [ -122.791605255, 48.141532228 ], [ -122.791605254, 48.141532227 ], [ -122.791605253, 48.141532227 ], [ -122.791605252, 48.141532227 ], [ -122.79160525, 48.141532228 ], [ -122.791058308, 48.141600279 ], [ -122.791124469, 48.141586071 ], [ -122.791124471, 48.141586071 ], [ -122.791124472, 48.14158607 ], [ -122.791124473, 48.14158607 ], [ -122.791124474, 48.141586069 ], [ -122.791124475, 48.141586069 ], [ -122.791124476, 48.141586068 ], [ -122.791124477, 48.141586067 ], [ -122.791124478, 48.141586066 ], [ -122.791124478, 48.141586065 ], [ -122.791124479, 48.141586064 ], [ -122.791124479, 48.141586063 ], [ -122.791124479, 48.141586062 ], [ -122.791124479, 48.141586061 ], [ -122.791124478, 48.14158606 ], [ -122.791124478, 48.141586059 ], [ -122.791124477, 48.141586058 ], [ -122.791124476, 48.141586057 ], [ -122.791124475, 48.141586057 ], [ -122.791124474, 48.141586056 ], [ -122.791124473, 48.141586055 ], [ -122.791124472, 48.141586055 ], [ -122.791124471, 48.141586054 ], [ -122.79112447, 48.141586054 ], [ -122.791124469, 48.141586054 ], [ -122.791124467, 48.141586054 ], [ -122.791124466, 48.141586054 ], [ -122.791124465, 48.141586054 ], [ -122.791124463, 48.141586054 ], [ -122.791124462, 48.141586054 ], [ -122.791046086, 48.14159954 ], [ -122.791046085, 48.14159954 ], [ -122.791046083, 48.14159954 ], [ -122.791046082, 48.141599541 ], [ -122.791046081, 48.141599541 ], [ -122.79104608, 48.141599542 ], [ -122.791046079, 48.141599542 ], [ -122.791046078, 48.141599543 ], [ -122.791046078, 48.141599544 ], [ -122.791046077, 48.141599544 ], [ -122.791046077, 48.141599545 ], [ -122.791046076, 48.141599546 ], [ -122.791046076, 48.141599547 ], [ -122.791046076, 48.141599548 ], [ -122.791046076, 48.141599549 ], [ -122.791046102, 48.141601797 ], [ -122.790998654, 48.141607701 ], [ -122.790849262, 48.141626288 ], [ -122.790816576, 48.141630355 ], [ -122.790801175, 48.141632271 ], [ -122.790801174, 48.141632271 ], [ -122.790798749, 48.141632693 ], [ -122.790798748, 48.141632693 ], [ -122.79066003, 48.141663065 ], [ -122.790655754, 48.141664001 ], [ -122.790612211, 48.141673534 ], [ -122.790610065, 48.141674003 ], [ -122.790600113, 48.141673142 ], [ -122.790600111, 48.141673142 ], [ -122.79060011, 48.141673142 ], [ -122.790600109, 48.141673142 ], [ -122.790600107, 48.141673142 ], [ -122.790600106, 48.141673143 ], [ -122.790600105, 48.141673143 ], [ -122.790600104, 48.141673143 ], [ -122.790600103, 48.141673144 ], [ -122.790600102, 48.141673145 ], [ -122.790600101, 48.141673145 ], [ -122.7906001, 48.141673146 ], [ -122.790600099, 48.141673147 ], [ -122.790600099, 48.141673148 ], [ -122.790600098, 48.141673148 ], [ -122.790600098, 48.141673149 ], [ -122.790600098, 48.14167315 ], [ -122.790600098, 48.141673151 ], [ -122.790600155, 48.141676173 ], [ -122.790105906, 48.141784382 ], [ -122.79010456, 48.141784713 ], [ -122.789240915, 48.142025238 ], [ -122.789098392, 48.142046894 ], [ -122.788504583, 48.142137122 ], [ -122.788504581, 48.142137123 ], [ -122.78850458, 48.142137123 ], [ -122.788504579, 48.142137123 ], [ -122.788504578, 48.142137124 ], [ -122.788504577, 48.142137124 ], [ -122.788504576, 48.142137125 ], [ -122.788504575, 48.142137125 ], [ -122.788480913, 48.142140722 ], [ -122.78838702, 48.142153382 ], [ -122.788387019, 48.142153381 ], [ -122.788387017, 48.142153381 ], [ -122.788387016, 48.142153381 ], [ -122.788387015, 48.142153381 ], [ -122.788387014, 48.142153381 ], [ -122.788387012, 48.142153381 ], [ -122.788387011, 48.142153381 ], [ -122.788021391, 48.142202681 ], [ -122.788016053, 48.14220287 ], [ -122.788012701, 48.142202988 ], [ -122.787867009, 48.142208118 ], [ -122.787600559, 48.142217499 ], [ -122.787550991, 48.142219244 ], [ -122.787264328, 48.142229336 ], [ -122.787080097, 48.142235822 ], [ -122.787053561, 48.142236756 ], [ -122.78705356, 48.142236756 ], [ -122.787050502, 48.14223702 ], [ -122.787050501, 48.14223702 ], [ -122.786599537, 48.142299233 ], [ -122.786599536, 48.142299233 ], [ -122.786597671, 48.142299552 ], [ -122.786597671, 48.142299553 ], [ -122.786389722, 48.142342229 ], [ -122.786286973, 48.142363315 ], [ -122.78603331, 48.14241537 ], [ -122.786031755, 48.142415736 ], [ -122.786031754, 48.142415736 ], [ -122.786030826, 48.142416 ], [ -122.785940836, 48.142443427 ], [ -122.785940835, 48.142443427 ], [ -122.785940834, 48.142443428 ], [ -122.785940833, 48.142443428 ], [ -122.785940832, 48.142443429 ], [ -122.785940831, 48.14244343 ], [ -122.78594083, 48.14244343 ], [ -122.78594083, 48.142443431 ], [ -122.785940829, 48.142443432 ], [ -122.785851884, 48.142470534 ], [ -122.785718539, 48.142500986 ], [ -122.785290838, 48.142598635 ], [ -122.784766897, 48.142702014 ], [ -122.784351455, 48.142770619 ], [ -122.784351454, 48.142770619 ], [ -122.784351453, 48.14277062 ], [ -122.784351452, 48.14277062 ], [ -122.784351451, 48.142770621 ], [ -122.78435145, 48.142770621 ], [ -122.784351449, 48.142770622 ], [ -122.784351448, 48.142770622 ], [ -122.784351447, 48.142770623 ], [ -122.784351447, 48.142770624 ], [ -122.784351446, 48.142770625 ], [ -122.784351445, 48.142770626 ], [ -122.784351445, 48.142770627 ], [ -122.784351445, 48.142770628 ], [ -122.784352332, 48.142833998 ], [ -122.784350662, 48.142848283 ], [ -122.784345311, 48.142862157 ], [ -122.784336436, 48.1428752 ], [ -122.784324324, 48.142887011 ], [ -122.784309311, 48.142897239 ], [ -122.784291896, 48.142905564 ], [ -122.78427258, 48.142911737 ], [ -122.784251947, 48.142915575 ], [ -122.784230632, 48.142916952 ], [ -122.784209288, 48.142915834 ], [ -122.784188558, 48.142912253 ], [ -122.78416907, 48.142906318 ], [ -122.784151424, 48.142898206 ], [ -122.784136158, 48.142888169 ], [ -122.784123702, 48.142876508 ], [ -122.784114486, 48.142863575 ], [ -122.784108753, 48.142849771 ], [ -122.784106696, 48.14283551 ], [ -122.784106195, 48.142798788 ], [ -122.784106195, 48.142798787 ], [ -122.784106194, 48.142798786 ], [ -122.784106194, 48.142798785 ], [ -122.784106193, 48.142798784 ], [ -122.784106193, 48.142798783 ], [ -122.784106192, 48.142798782 ], [ -122.784106191, 48.142798782 ], [ -122.78410619, 48.142798781 ], [ -122.784106189, 48.142798781 ], [ -122.784106188, 48.14279878 ], [ -122.784106187, 48.14279878 ], [ -122.784106186, 48.14279878 ], [ -122.784106184, 48.142798779 ], [ -122.784106183, 48.142798779 ], [ -122.784106182, 48.142798779 ], [ -122.78410618, 48.142798779 ], [ -122.784106179, 48.142798779 ], [ -122.784062651, 48.142803398 ], [ -122.783831086, 48.142753051 ], [ -122.783540204, 48.14265359 ], [ -122.783303335, 48.142572596 ], [ -122.783303334, 48.142572596 ], [ -122.783303334, 48.142572595 ], [ -122.783303333, 48.142572594 ], [ -122.783303332, 48.142572594 ], [ -122.783303331, 48.142572593 ], [ -122.78330333, 48.142572593 ], [ -122.783303329, 48.142572592 ], [ -122.783224057, 48.142545486 ], [ -122.783224056, 48.142545486 ], [ -122.783224055, 48.142545485 ], [ -122.783224053, 48.142545485 ], [ -122.783163745, 48.142539235 ], [ -122.783163744, 48.142539234 ], [ -122.783163743, 48.142539234 ], [ -122.783163742, 48.142539234 ], [ -122.783078284, 48.142530379 ], [ -122.783071752, 48.142528038 ], [ -122.783069999, 48.142527483 ], [ -122.782818185, 48.14245678 ], [ -122.782818184, 48.142456779 ], [ -122.782818183, 48.142456779 ], [ -122.782818181, 48.142456778 ], [ -122.78281818, 48.142456778 ], [ -122.782585891, 48.142391558 ], [ -122.782584412, 48.142391187 ], [ -122.782583715, 48.142391041 ], [ -122.782583714, 48.142391041 ], [ -122.782489032, 48.142372516 ], [ -122.782398844, 48.14235487 ], [ -122.782398843, 48.14235487 ], [ -122.782396068, 48.142354464 ], [ -122.782396067, 48.142354464 ], [ -122.782396066, 48.142354464 ], [ -122.782392477, 48.142354326 ], [ -122.782392476, 48.142354326 ], [ -122.78228794, 48.142356533 ], [ -122.782231122, 48.142357733 ], [ -122.782217386, 48.142358023 ], [ -122.782217385, 48.142358023 ], [ -122.782217384, 48.142358024 ], [ -122.782217382, 48.142358024 ], [ -122.782217381, 48.142358024 ], [ -122.78221738, 48.142358025 ], [ -122.782217379, 48.142358025 ], [ -122.782217378, 48.142358026 ], [ -122.782217377, 48.142358026 ], [ -122.782217376, 48.142358027 ], [ -122.782217375, 48.142358028 ], [ -122.782217374, 48.142358029 ], [ -122.782217374, 48.14235803 ], [ -122.782217373, 48.142358031 ], [ -122.782217373, 48.142358032 ], [ -122.782217373, 48.142358033 ], [ -122.782218184, 48.142374204 ], [ -122.78221845, 48.142379509 ], [ -122.782217954, 48.142385437 ], [ -122.782217954, 48.142385438 ], [ -122.782217954, 48.142385439 ], [ -122.782217954, 48.14238544 ], [ -122.782217955, 48.142385441 ], [ -122.782217955, 48.142385442 ], [ -122.782217956, 48.142385443 ], [ -122.782217957, 48.142385443 ], [ -122.782217958, 48.142385444 ], [ -122.782217959, 48.142385445 ], [ -122.78221796, 48.142385445 ], [ -122.782217961, 48.142385445 ], [ -122.782217962, 48.142385446 ], [ -122.782217964, 48.142385446 ], [ -122.782217965, 48.142385446 ], [ -122.782217966, 48.142385446 ], [ -122.782217967, 48.142385446 ], [ -122.782287898, 48.142383969 ], [ -122.782390478, 48.142381803 ], [ -122.782571108, 48.142417146 ], [ -122.782642469, 48.142437182 ], [ -122.78264247, 48.142437183 ], [ -122.782642471, 48.142437183 ], [ -122.782642473, 48.142437184 ], [ -122.782913634, 48.142513316 ], [ -122.782689154, 48.142490049 ], [ -122.782689153, 48.142490049 ], [ -122.782126504, 48.142461394 ], [ -122.782126503, 48.142461394 ], [ -122.782126502, 48.142461394 ], [ -122.782126501, 48.142461394 ], [ -122.782126499, 48.142461395 ], [ -122.782120901, 48.142462531 ], [ -122.782099664, 48.142464238 ], [ -122.782079839, 48.142463509 ], [ -122.782079838, 48.142463508 ], [ -122.782079837, 48.142463508 ], [ -122.782079836, 48.142463508 ], [ -122.782079835, 48.142463507 ], [ -122.782079833, 48.142463507 ], [ -122.782079832, 48.142463507 ], [ -122.782078303, 48.142463451 ], [ -122.782057468, 48.142460198 ], [ -122.782052433, 48.142458759 ], [ -122.782052432, 48.142458759 ], [ -122.782052431, 48.142458758 ], [ -122.78205243, 48.142458758 ], [ -122.782052428, 48.142458758 ], [ -122.782052427, 48.142458758 ], [ -122.781492635, 48.14248032 ], [ -122.781492634, 48.14248032 ], [ -122.781492632, 48.14248032 ], [ -122.781393326, 48.142501022 ], [ -122.781393324, 48.142501022 ], [ -122.781393323, 48.142501022 ], [ -122.781393321, 48.142501023 ], [ -122.781352058, 48.142509623 ], [ -122.781351328, 48.142509777 ], [ -122.781308745, 48.142518654 ], [ -122.781086669, 48.142564947 ], [ -122.781086668, 48.142564947 ], [ -122.781083593, 48.142565732 ], [ -122.781083592, 48.142565732 ], [ -122.781083591, 48.142565732 ], [ -122.78108359, 48.142565732 ], [ -122.781083588, 48.142565732 ], [ -122.781083587, 48.142565733 ], [ -122.780657214, 48.142674701 ], [ -122.780566534, 48.142698341 ], [ -122.781004942, 48.142566994 ], [ -122.78102055, 48.142563093 ], [ -122.781020551, 48.142563093 ], [ -122.781020552, 48.142563093 ], [ -122.781020553, 48.142563092 ], [ -122.781360465, 48.142478122 ], [ -122.781724139, 48.142428212 ], [ -122.781974558, 48.142393844 ], [ -122.781974559, 48.142393844 ], [ -122.78197456, 48.142393844 ], [ -122.781974561, 48.142393843 ], [ -122.781974563, 48.142393843 ], [ -122.781974564, 48.142393842 ], [ -122.781974565, 48.142393842 ], [ -122.781974566, 48.142393841 ], [ -122.781974566, 48.14239384 ], [ -122.781974567, 48.14239384 ], [ -122.781974568, 48.142393839 ], [ -122.781974568, 48.142393838 ], [ -122.781974568, 48.142393837 ], [ -122.781974568, 48.142393836 ], [ -122.781974568, 48.142393835 ], [ -122.781974568, 48.142393834 ], [ -122.78197399, 48.142390642 ], [ -122.781972936, 48.142384831 ], [ -122.781972003, 48.142366212 ], [ -122.781972003, 48.142366211 ], [ -122.781972003, 48.14236621 ], [ -122.781972002, 48.142366209 ], [ -122.781972002, 48.142366208 ], [ -122.781972001, 48.142366207 ], [ -122.781972, 48.142366207 ], [ -122.781971999, 48.142366206 ], [ -122.781971998, 48.142366205 ], [ -122.781971997, 48.142366205 ], [ -122.781971996, 48.142366204 ], [ -122.781971995, 48.142366204 ], [ -122.781971994, 48.142366204 ], [ -122.781971992, 48.142366204 ], [ -122.781971991, 48.142366203 ], [ -122.78197199, 48.142366203 ], [ -122.781971988, 48.142366204 ], [ -122.781971987, 48.142366204 ], [ -122.781824391, 48.14238646 ], [ -122.781685623, 48.142405504 ], [ -122.781350664, 48.142451474 ], [ -122.781350663, 48.142451474 ], [ -122.781347624, 48.142452059 ], [ -122.781347623, 48.14245206 ], [ -122.781332324, 48.142455884 ], [ -122.781314503, 48.142460339 ], [ -122.780989797, 48.14254151 ], [ -122.780988791, 48.142541789 ], [ -122.780976667, 48.142545421 ], [ -122.780930417, 48.142559278 ], [ -122.780930416, 48.142559278 ], [ -122.780930415, 48.142559279 ], [ -122.780930414, 48.142559279 ], [ -122.780930413, 48.14255928 ], [ -122.780930412, 48.142559281 ], [ -122.780930411, 48.142559282 ], [ -122.780852589, 48.142582595 ], [ -122.780273016, 48.142756234 ], [ -122.780273015, 48.142756234 ], [ -122.780271848, 48.142756616 ], [ -122.780271847, 48.142756616 ], [ -122.779915536, 48.142882158 ], [ -122.779738933, 48.142939559 ], [ -122.779724418, 48.142942046 ], [ -122.779724417, 48.142942046 ], [ -122.779724415, 48.142942047 ], [ -122.77963564, 48.142957263 ], [ -122.779562681, 48.142969769 ], [ -122.779341844, 48.142975155 ], [ -122.77888459, 48.142986303 ], [ -122.778884589, 48.142986303 ], [ -122.778881662, 48.142986515 ], [ -122.778881661, 48.142986515 ], [ -122.778631757, 48.143017002 ], [ -122.778627248, 48.143017555 ], [ -122.778616412, 48.143018873 ], [ -122.77859307, 48.143021723 ], [ -122.778146471, 48.143054257 ], [ -122.778146469, 48.143054257 ], [ -122.778146467, 48.143054257 ], [ -122.778140839, 48.143054665 ], [ -122.77787977, 48.143049197 ], [ -122.777879769, 48.143049197 ], [ -122.777452327, 48.143067917 ], [ -122.777452323, 48.143067917 ], [ -122.777452282, 48.143067919 ], [ -122.777335249, 48.143073045 ], [ -122.777246509, 48.143072811 ], [ -122.777015029, 48.143072717 ], [ -122.777014425, 48.143072718 ], [ -122.777014424, 48.143072718 ], [ -122.777012708, 48.143072805 ], [ -122.777012707, 48.143072805 ], [ -122.776437482, 48.143116503 ], [ -122.776002618, 48.143107159 ], [ -122.775900926, 48.143102913 ], [ -122.775900925, 48.143102912 ], [ -122.775900924, 48.143102912 ], [ -122.775900923, 48.143102911 ], [ -122.775900922, 48.143102911 ], [ -122.77590092, 48.143102911 ], [ -122.775900919, 48.143102911 ], [ -122.775900918, 48.14310291 ], [ -122.774987196, 48.143064741 ], [ -122.774664204, 48.143051247 ], [ -122.774656784, 48.143050937 ], [ -122.774584852, 48.143047932 ], [ -122.774409676, 48.143040613 ], [ -122.774408461, 48.143040587 ], [ -122.774100437, 48.143039966 ], [ -122.773647511, 48.143039053 ], [ -122.773646859, 48.143039058 ], [ -122.773645929, 48.14303909 ], [ -122.773645928, 48.143039091 ], [ -122.773321611, 48.143055252 ], [ -122.772433985, 48.143099482 ], [ -122.772433984, 48.143099482 ], [ -122.772431668, 48.143099687 ], [ -122.772323544, 48.143113492 ], [ -122.77222135, 48.14312654 ], [ -122.771947969, 48.143161443 ], [ -122.771638288, 48.143177996 ], [ -122.771197677, 48.143201548 ], [ -122.770645368, 48.143231066 ], [ -122.770645367, 48.143231066 ], [ -122.770643095, 48.143231274 ], [ -122.770576124, 48.143239974 ], [ -122.770298254, 48.143276074 ], [ -122.770254832, 48.143281714 ], [ -122.77013853, 48.143296824 ], [ -122.770138529, 48.143296824 ], [ -122.770138527, 48.143296824 ], [ -122.770138526, 48.143296824 ], [ -122.770138525, 48.143296825 ], [ -122.770138524, 48.143296825 ], [ -122.770035763, 48.143310172 ], [ -122.769589563, 48.143337482 ], [ -122.769589561, 48.143337482 ], [ -122.76958956, 48.143337483 ], [ -122.769589559, 48.143337483 ], [ -122.769589558, 48.143337483 ], [ -122.769589553, 48.143337485 ], [ -122.769315389, 48.143354264 ], [ -122.769315388, 48.143354264 ], [ -122.769014087, 48.14338266 ], [ -122.76889341, 48.143394032 ], [ -122.768604507, 48.143397843 ], [ -122.768603239, 48.143397889 ], [ -122.768603238, 48.143397889 ], [ -122.768527357, 48.143402283 ], [ -122.768527356, 48.143402283 ], [ -122.768527354, 48.143402283 ], [ -122.768527353, 48.143402283 ], [ -122.768527352, 48.143402283 ], [ -122.768527351, 48.143402284 ], [ -122.76852735, 48.143402284 ], [ -122.768527349, 48.143402285 ], [ -122.768527348, 48.143402286 ], [ -122.768465901, 48.14340584 ], [ -122.768463747, 48.143405967 ], [ -122.768314316, 48.143414617 ], [ -122.768269027, 48.143417239 ], [ -122.768269025, 48.143417239 ], [ -122.768269024, 48.143417239 ], [ -122.768269023, 48.143417239 ], [ -122.767855153, 48.143441199 ], [ -122.767561956, 48.143405255 ], [ -122.767435718, 48.143354432 ], [ -122.76743257, 48.143353164 ], [ -122.767335604, 48.143314125 ], [ -122.767328357, 48.143311208 ], [ -122.767138936, 48.143234946 ], [ -122.767138936, 48.143234945 ], [ -122.767138105, 48.143234629 ], [ -122.767138104, 48.143234628 ], [ -122.767137061, 48.143234277 ], [ -122.767039134, 48.143203599 ], [ -122.767005802, 48.143193158 ], [ -122.76684964, 48.143144237 ], [ -122.766785319, 48.143117158 ], [ -122.766776097, 48.143113275 ], [ -122.766767647, 48.143109717 ], [ -122.766530025, 48.143009678 ], [ -122.766530024, 48.143009678 ], [ -122.766530023, 48.143009677 ], [ -122.766530022, 48.143009677 ], [ -122.76653002, 48.143009677 ], [ -122.766530019, 48.143009677 ], [ -122.766530018, 48.143009677 ], [ -122.766530017, 48.143009677 ], [ -122.766330903, 48.142925847 ], [ -122.766330902, 48.142925847 ], [ -122.766330901, 48.142925846 ], [ -122.7663309, 48.142925846 ], [ -122.76620638, 48.142873421 ], [ -122.766026132, 48.142793479 ], [ -122.765860004, 48.142719799 ], [ -122.765860003, 48.142719799 ], [ -122.765858417, 48.142719163 ], [ -122.765858416, 48.142719163 ], [ -122.76585668, 48.142718604 ], [ -122.765856679, 48.142718604 ], [ -122.765568482, 48.142636874 ], [ -122.765568481, 48.142636874 ], [ -122.765566941, 48.142636486 ], [ -122.76556694, 48.142636485 ], [ -122.765566441, 48.142636379 ], [ -122.765209, 48.142563747 ], [ -122.765208999, 48.142563747 ], [ -122.765207023, 48.142563417 ], [ -122.765207022, 48.142563416 ], [ -122.765044302, 48.142541885 ], [ -122.764998982, 48.142535888 ], [ -122.764997985, 48.142535774 ], [ -122.764997984, 48.142535773 ], [ -122.764994324, 48.142535637 ], [ -122.764994322, 48.142535637 ], [ -122.764935958, 48.14253713 ], [ -122.764670979, 48.142543909 ], [ -122.764670978, 48.142543909 ], [ -122.764667911, 48.142544143 ], [ -122.76466791, 48.142544143 ], [ -122.764316227, 48.142589187 ], [ -122.764049285, 48.142606817 ], [ -122.764049177, 48.142606823 ], [ -122.763840006, 48.142620641 ], [ -122.763840005, 48.142620641 ], [ -122.763750432, 48.142633328 ], [ -122.762528933, 48.142804834 ], [ -122.762528931, 48.142804834 ], [ -122.76220942, 48.142868836 ], [ -122.761985883, 48.142913613 ], [ -122.761656262, 48.142947141 ], [ -122.76165626, 48.142947141 ], [ -122.761656259, 48.142947141 ], [ -122.760746289, 48.143039694 ], [ -122.760435381, 48.143057057 ], [ -122.76043538, 48.143057057 ], [ -122.760432172, 48.14305741 ], [ -122.760432171, 48.14305741 ], [ -122.76043217, 48.14305741 ], [ -122.760429086, 48.143058098 ], [ -122.760429085, 48.143058098 ], [ -122.760429084, 48.143058099 ], [ -122.760426201, 48.143059105 ], [ -122.7604262, 48.143059105 ], [ -122.760426199, 48.143059105 ], [ -122.760423591, 48.143060404 ], [ -122.76042359, 48.143060404 ], [ -122.760331565, 48.143114326 ], [ -122.76022933, 48.143176132 ], [ -122.760194049, 48.143189414 ], [ -122.760194025, 48.14318942 ], [ -122.760194023, 48.143189421 ], [ -122.76008603, 48.143230077 ], [ -122.760073174, 48.143233049 ], [ -122.760073172, 48.143233049 ], [ -122.759172315, 48.14352723 ], [ -122.758433968, 48.143702251 ], [ -122.757951728, 48.14381656 ], [ -122.757488257, 48.143891269 ], [ -122.756911506, 48.143974962 ], [ -122.756911505, 48.143974962 ], [ -122.756911504, 48.143974961 ], [ -122.756911503, 48.143974961 ], [ -122.756911501, 48.143974961 ], [ -122.7569115, 48.143974961 ], [ -122.756911499, 48.143974961 ], [ -122.756715907, 48.144003343 ], [ -122.756715906, 48.144003343 ], [ -122.756714452, 48.144003591 ], [ -122.756714451, 48.144003591 ], [ -122.75658285, 48.14402957 ], [ -122.756518316, 48.144042309 ], [ -122.756439431, 48.14405788 ], [ -122.75630332, 48.144084749 ], [ -122.756264581, 48.144092396 ], [ -122.756262976, 48.144092762 ], [ -122.756262975, 48.144092762 ], [ -122.756207018, 48.144107275 ], [ -122.756207, 48.144107278 ], [ -122.756206999, 48.144107278 ], [ -122.756193856, 48.144110689 ], [ -122.75603688, 48.144151401 ], [ -122.755967621, 48.144164363 ], [ -122.755965266, 48.144164858 ], [ -122.755463273, 48.144270079 ], [ -122.755154736, 48.144331098 ], [ -122.755076768, 48.144334004 ], [ -122.754748522, 48.144340286 ], [ -122.7546421, 48.144327019 ], [ -122.754459898, 48.144304311 ], [ -122.754399436, 48.144296778 ], [ -122.754315866, 48.144286362 ], [ -122.754148348, 48.144216597 ], [ -122.7541483, 48.144216561 ], [ -122.754146922, 48.144215576 ], [ -122.75414155, 48.144211743 ], [ -122.754138983, 48.144209912 ], [ -122.754053176, 48.144148654 ], [ -122.754037969, 48.144137803 ], [ -122.753947549, 48.144024322 ], [ -122.753943314, 48.144010959 ], [ -122.753933893, 48.143981233 ], [ -122.753939472, 48.143975566 ], [ -122.753948628, 48.143966272 ], [ -122.753958152, 48.143956602 ], [ -122.753959923, 48.143954811 ], [ -122.753973335, 48.14394119 ], [ -122.75397539, 48.143939111 ], [ -122.75398065, 48.143933768 ], [ -122.754011637, 48.143902317 ], [ -122.754011638, 48.143902316 ], [ -122.754011639, 48.143902316 ], [ -122.754011639, 48.143902315 ], [ -122.754011639, 48.143902314 ], [ -122.75401164, 48.143902313 ], [ -122.75401164, 48.143902312 ], [ -122.75401164, 48.143902311 ], [ -122.754011639, 48.143902311 ], [ -122.753997833, 48.143845228 ], [ -122.753996948, 48.143841561 ], [ -122.753990982, 48.143816884 ], [ -122.753985279, 48.14379332 ], [ -122.753979896, 48.143771052 ], [ -122.75397291, 48.143742175 ], [ -122.75395373, 48.143662877 ], [ -122.753949026, 48.143643413 ], [ -122.753943712, 48.143621459 ], [ -122.753936387, 48.14359118 ], [ -122.753935891, 48.143589125 ], [ -122.753968192, 48.143514092 ], [ -122.753978237, 48.143490762 ], [ -122.754007067, 48.143423799 ], [ -122.754071954, 48.143273065 ], [ -122.754073664, 48.14326908 ], [ -122.754077492, 48.143260196 ], [ -122.754086816, 48.143254166 ], [ -122.754090351, 48.143251882 ], [ -122.754095139, 48.143248781 ], [ -122.754120037, 48.143232686 ], [ -122.754144904, 48.143216612 ], [ -122.754148726, 48.14321414 ], [ -122.754388559, 48.14305909 ], [ -122.754402487, 48.143050084 ], [ -122.754565712, 48.142944553 ], [ -122.754565714, 48.142944553 ], [ -122.754565715, 48.142944553 ], [ -122.754565716, 48.142944552 ], [ -122.754565717, 48.142944552 ], [ -122.754565718, 48.142944551 ], [ -122.754575755, 48.142938062 ], [ -122.754722447, 48.142863242 ], [ -122.755034734, 48.142703961 ], [ -122.755034735, 48.14270396 ], [ -122.755034736, 48.142703959 ], [ -122.755229156, 48.142604794 ], [ -122.755327471, 48.142563011 ], [ -122.755363255, 48.142547804 ], [ -122.755363256, 48.142547804 ], [ -122.755363263, 48.142547801 ], [ -122.755562764, 48.142463013 ], [ -122.755620333, 48.142438546 ], [ -122.755807255, 48.142359105 ], [ -122.755893559, 48.142322425 ], [ -122.756154487, 48.14221153 ], [ -122.756154488, 48.142211529 ], [ -122.757167221, 48.141660263 ], [ -122.757167221, 48.141660262 ], [ -122.757429169, 48.141489542 ], [ -122.757429194, 48.141489528 ], [ -122.757429195, 48.141489527 ], [ -122.757804083, 48.141245197 ], [ -122.757804083, 48.141245196 ], [ -122.757804084, 48.141245196 ], [ -122.757908421, 48.141177195 ], [ -122.757908422, 48.141177194 ], [ -122.757973831, 48.141122076 ], [ -122.757973832, 48.141122075 ], [ -122.757973833, 48.141122075 ], [ -122.757973833, 48.141122074 ], [ -122.757973834, 48.141122073 ], [ -122.757973834, 48.141122072 ], [ -122.758199352, 48.140932037 ], [ -122.758199354, 48.140932035 ], [ -122.758595489, 48.140598222 ], [ -122.758763666, 48.140456502 ], [ -122.758857224, 48.140377661 ], [ -122.758857225, 48.14037766 ], [ -122.759557902, 48.13975771 ], [ -122.759579301, 48.139738778 ], [ -122.759867558, 48.139483727 ], [ -122.759867559, 48.139483726 ], [ -122.759989631, 48.13934223 ], [ -122.76002495, 48.13930129 ], [ -122.760043453, 48.139279841 ], [ -122.760807958, 48.13839366 ], [ -122.760807959, 48.138393659 ], [ -122.761349824, 48.137577846 ], [ -122.761388958, 48.137518925 ], [ -122.761393401, 48.137511081 ], [ -122.761478517, 48.137360805 ], [ -122.761720225, 48.136934058 ], [ -122.761720225, 48.136934057 ], [ -122.761720225, 48.136934056 ], [ -122.761766026, 48.136664523 ], [ -122.761766026, 48.136664522 ], [ -122.761766026, 48.136664521 ], [ -122.761759621, 48.136619727 ], [ -122.761759621, 48.136619726 ], [ -122.76175962, 48.136619726 ], [ -122.76175962, 48.136619725 ], [ -122.761754296, 48.136582456 ], [ -122.761751064, 48.136549038 ], [ -122.761752727, 48.136544933 ], [ -122.761752727, 48.136544932 ], [ -122.761753234, 48.136543311 ], [ -122.761753234, 48.13654331 ], [ -122.761770661, 48.136461674 ], [ -122.761770662, 48.136461673 ], [ -122.761770663, 48.136461673 ], [ -122.761770664, 48.136461672 ], [ -122.761770664, 48.136461671 ], [ -122.761770665, 48.136461671 ], [ -122.761770665, 48.13646167 ], [ -122.761770666, 48.136461669 ], [ -122.761770666, 48.136461668 ], [ -122.761776135, 48.13643606 ], [ -122.761810481, 48.136338089 ], [ -122.76198448, 48.135933895 ], [ -122.76198448, 48.135933894 ], [ -122.761985064, 48.135932091 ], [ -122.761985064, 48.13593209 ], [ -122.761985281, 48.135930123 ], [ -122.76198551, 48.135843719 ], [ -122.762028652, 48.13579298 ], [ -122.762028653, 48.135792979 ], [ -122.762029782, 48.135791432 ], [ -122.762029783, 48.135791431 ], [ -122.762030614, 48.135789801 ], [ -122.762030614, 48.1357898 ], [ -122.762031133, 48.135788115 ], [ -122.762031133, 48.135788114 ], [ -122.762054806, 48.135671067 ], [ -122.76207764, 48.135558161 ], [ -122.762108316, 48.135534543 ], [ -122.762110307, 48.135532727 ], [ -122.762110308, 48.135532726 ], [ -122.762111828, 48.135530718 ], [ -122.762111828, 48.135530717 ], [ -122.762112837, 48.135528568 ], [ -122.762112837, 48.135528567 ], [ -122.762113306, 48.135526338 ], [ -122.762113306, 48.135526337 ], [ -122.762136492, 48.135257286 ], [ -122.762147375, 48.135214005 ], [ -122.762204601, 48.13510759 ], [ -122.762204769, 48.135107263 ], [ -122.76220477, 48.135107263 ], [ -122.762205341, 48.135105869 ], [ -122.762205342, 48.135105868 ], [ -122.762228724, 48.135034125 ], [ -122.76224578, 48.134994644 ], [ -122.762298395, 48.134872845 ], [ -122.762298395, 48.134872844 ], [ -122.762298998, 48.134870956 ], [ -122.762298999, 48.134870955 ], [ -122.762333671, 48.134700011 ], [ -122.762333671, 48.13470001 ], [ -122.762333858, 48.134698197 ], [ -122.762333858, 48.134698196 ], [ -122.762334531, 48.134499054 ], [ -122.762479558, 48.13410659 ], [ -122.762479559, 48.134106589 ], [ -122.762523302, 48.13385761 ], [ -122.762526421, 48.133839854 ], [ -122.762526461, 48.133839627 ], [ -122.762539853, 48.133763403 ], [ -122.762539853, 48.133763402 ], [ -122.762539853, 48.133763401 ], [ -122.762539853, 48.1337634 ], [ -122.762539853, 48.133763399 ], [ -122.762539852, 48.133763399 ], [ -122.762539852, 48.133763398 ], [ -122.762539851, 48.133763397 ], [ -122.76253985, 48.133763397 ], [ -122.762550575, 48.133702351 ], [ -122.762554884, 48.13367784 ], [ -122.762561937, 48.133637695 ], [ -122.762561938, 48.133637695 ], [ -122.762561938, 48.133637694 ], [ -122.762561939, 48.133637693 ], [ -122.762561939, 48.133637692 ], [ -122.762601359, 48.133413323 ], [ -122.762601359, 48.133413322 ], [ -122.762654092, 48.132828321 ], [ -122.762713025, 48.132196656 ], [ -122.762718624, 48.132136188 ], [ -122.762718624, 48.132136187 ], [ -122.762718365, 48.13213217 ], [ -122.762713963, 48.132064097 ], [ -122.76269172, 48.131720025 ], [ -122.762690863, 48.131706772 ], [ -122.762687724, 48.131658211 ], [ -122.762687724, 48.13165821 ], [ -122.762687724, 48.131658209 ], [ -122.762687724, 48.131658208 ], [ -122.762687723, 48.131658207 ], [ -122.762687722, 48.131658206 ], [ -122.762682157, 48.131572122 ], [ -122.762682157, 48.131572121 ], [ -122.762657625, 48.131469592 ], [ -122.76264012, 48.131396442 ], [ -122.762638512, 48.131389715 ], [ -122.762605313, 48.131250978 ], [ -122.762584223, 48.131162856 ], [ -122.762584223, 48.131162855 ], [ -122.762584222, 48.131162854 ], [ -122.762584222, 48.131162853 ], [ -122.762584221, 48.131162853 ], [ -122.76258422, 48.131162852 ], [ -122.76258422, 48.131162851 ], [ -122.762584219, 48.131162851 ], [ -122.762584218, 48.13116285 ], [ -122.762557422, 48.131050855 ], [ -122.762474569, 48.130699553 ], [ -122.762462389, 48.130647911 ], [ -122.762461861, 48.130645662 ], [ -122.762461801, 48.130645429 ], [ -122.762446914, 48.130582311 ], [ -122.762435744, 48.13053495 ], [ -122.762433159, 48.130523994 ], [ -122.762425863, 48.13049306 ], [ -122.762402291, 48.13039312 ], [ -122.76240229, 48.130393119 ], [ -122.76233378, 48.130271495 ], [ -122.762333779, 48.130271494 ], [ -122.762333779, 48.130271493 ], [ -122.762333778, 48.130271493 ], [ -122.762333777, 48.130271492 ], [ -122.762333776, 48.130271491 ], [ -122.762333775, 48.130271491 ], [ -122.76226812, 48.130154934 ], [ -122.762222016, 48.130073085 ], [ -122.762216724, 48.130062328 ], [ -122.762171813, 48.12997106 ], [ -122.76216769, 48.129955109 ], [ -122.762164856, 48.129944202 ], [ -122.762164857, 48.129944202 ], [ -122.762164857, 48.129944201 ], [ -122.762164857, 48.1299442 ], [ -122.762164857, 48.129944199 ], [ -122.762164857, 48.129944198 ], [ -122.762163087, 48.129937364 ], [ -122.762148758, 48.129882026 ], [ -122.762148758, 48.129882025 ], [ -122.762148097, 48.129880215 ], [ -122.762148097, 48.129880213 ], [ -122.762147074, 48.12987848 ], [ -122.762147073, 48.129878479 ], [ -122.762145709, 48.129876854 ], [ -122.762145709, 48.129876853 ], [ -122.762112274, 48.129842689 ], [ -122.762091697, 48.129787576 ], [ -122.762079575, 48.129755111 ], [ -122.762079574, 48.12975511 ], [ -122.762078742, 48.12975338 ], [ -122.762078742, 48.129753379 ], [ -122.762077477, 48.129751622 ], [ -122.762077477, 48.129751621 ], [ -122.7620703, 48.129743232 ], [ -122.762070126, 48.129743029 ], [ -122.762037581, 48.129704989 ], [ -122.762031564, 48.129697956 ], [ -122.762011222, 48.129668732 ], [ -122.761963194, 48.129599729 ], [ -122.761962066, 48.129598327 ], [ -122.761962065, 48.129598326 ], [ -122.7619619, 48.129598174 ], [ -122.761960263, 48.129596662 ], [ -122.761960262, 48.129596661 ], [ -122.761952636, 48.129590629 ], [ -122.761946937, 48.129586122 ], [ -122.76193131, 48.129573762 ], [ -122.761931309, 48.129573762 ], [ -122.761931309, 48.129573761 ], [ -122.761931308, 48.12957376 ], [ -122.761927633, 48.129570855 ], [ -122.761917464, 48.129552278 ], [ -122.761917431, 48.129552227 ], [ -122.761894726, 48.129510779 ], [ -122.761877329, 48.129469443 ], [ -122.761872144, 48.129457128 ], [ -122.761872144, 48.129457127 ], [ -122.761871469, 48.12945579 ], [ -122.761871468, 48.12945579 ], [ -122.7618709, 48.129454919 ], [ -122.76183744, 48.129408194 ], [ -122.761823671, 48.129388967 ], [ -122.761796783, 48.129351421 ], [ -122.761796266, 48.129350699 ], [ -122.761791052, 48.129343417 ], [ -122.76176745, 48.12931046 ], [ -122.761766607, 48.129309404 ], [ -122.761766606, 48.129309404 ], [ -122.761745248, 48.129285248 ], [ -122.761745237, 48.129285232 ], [ -122.761745237, 48.129285231 ], [ -122.761671536, 48.129201873 ], [ -122.761646904, 48.129164425 ], [ -122.761604271, 48.129099607 ], [ -122.761596125, 48.129086827 ], [ -122.761543443, 48.1290027 ], [ -122.761489457, 48.128916511 ], [ -122.761451269, 48.128855538 ], [ -122.761450272, 48.128853929 ], [ -122.761440261, 48.12883794 ], [ -122.761268894, 48.128564323 ], [ -122.76126163, 48.128552714 ], [ -122.761192483, 48.128442313 ], [ -122.761192483, 48.128442312 ], [ -122.76114893, 48.128375595 ], [ -122.761147406, 48.128373268 ], [ -122.761147321, 48.128373131 ], [ -122.761147286, 48.128373068 ], [ -122.761147286, 48.128373067 ], [ -122.761108065, 48.128312992 ], [ -122.761108064, 48.128312992 ], [ -122.761108064, 48.128312991 ], [ -122.761108064, 48.12831299 ], [ -122.761108064, 48.128312989 ], [ -122.761108063, 48.128312988 ], [ -122.761087834, 48.128282 ], [ -122.761031308, 48.128195411 ], [ -122.760982156, 48.128120117 ], [ -122.760982155, 48.128120116 ], [ -122.760953096, 48.128088775 ], [ -122.760952011, 48.128087606 ], [ -122.760944936, 48.128079976 ], [ -122.760894355, 48.128025424 ], [ -122.760894354, 48.128025424 ], [ -122.760894353, 48.128025423 ], [ -122.760894352, 48.128025422 ], [ -122.760894351, 48.128025422 ], [ -122.76089435, 48.128025421 ], [ -122.760894349, 48.128025421 ], [ -122.760894348, 48.128025421 ], [ -122.760894346, 48.12802542 ], [ -122.760894345, 48.12802542 ], [ -122.760894344, 48.12802542 ], [ -122.760890142, 48.128020883 ], [ -122.760887442, 48.128017969 ], [ -122.760887224, 48.128017726 ], [ -122.760887223, 48.128017726 ], [ -122.760887222, 48.128017725 ], [ -122.760887221, 48.128017725 ], [ -122.76088719, 48.128017705 ], [ -122.76086616, 48.12799502 ], [ -122.760687884, 48.127802753 ], [ -122.760432615, 48.127527447 ], [ -122.760432615, 48.127527446 ], [ -122.760302371, 48.127397377 ], [ -122.760136216, 48.127231446 ], [ -122.760007528, 48.12710292 ], [ -122.759931886, 48.127027391 ], [ -122.759931887, 48.12702739 ], [ -122.759931888, 48.127027389 ], [ -122.759931888, 48.127027388 ], [ -122.759931888, 48.127027387 ], [ -122.759931889, 48.127027386 ], [ -122.759931888, 48.127027385 ], [ -122.759931888, 48.127027384 ], [ -122.759931888, 48.127027383 ], [ -122.759931888, 48.127027382 ], [ -122.759931887, 48.127027382 ], [ -122.759931886, 48.127027381 ], [ -122.759845805, 48.126941413 ], [ -122.759778088, 48.126873783 ], [ -122.759778087, 48.126873783 ], [ -122.7597566, 48.126853838 ], [ -122.759691432, 48.126793349 ], [ -122.759613893, 48.126721378 ], [ -122.759613849, 48.126721338 ], [ -122.759613779, 48.126721271 ], [ -122.759613212, 48.126720746 ], [ -122.75937484, 48.126499484 ], [ -122.759365095, 48.126490439 ], [ -122.759230867, 48.126365843 ], [ -122.759229468, 48.126364552 ], [ -122.759229402, 48.126364489 ], [ -122.759129889, 48.126272114 ], [ -122.759088244, 48.126233418 ], [ -122.758836594, 48.125999533 ], [ -122.758836594, 48.125999532 ], [ -122.758836593, 48.125999531 ], [ -122.758836592, 48.125999531 ], [ -122.758751887, 48.125920806 ], [ -122.758747602, 48.125916822 ], [ -122.758609621, 48.125788583 ], [ -122.75860962, 48.125788582 ], [ -122.758609619, 48.125788582 ], [ -122.758607663, 48.125787265 ], [ -122.758294258, 48.125576527 ], [ -122.758271679, 48.125561346 ], [ -122.758271314, 48.125561101 ], [ -122.758225278, 48.125530146 ], [ -122.758145819, 48.125476715 ], [ -122.758145818, 48.125476715 ], [ -122.75804656, 48.125416992 ], [ -122.758044621, 48.125415826 ], [ -122.758042658, 48.125414645 ], [ -122.758012263, 48.125396358 ], [ -122.757536417, 48.125110048 ], [ -122.757536416, 48.125110047 ], [ -122.757442078, 48.125064075 ], [ -122.757280089, 48.124985134 ], [ -122.757280088, 48.124985133 ], [ -122.757280087, 48.124985133 ], [ -122.757280086, 48.124985132 ], [ -122.757260354, 48.124975519 ], [ -122.757260353, 48.124975519 ], [ -122.757186262, 48.124947103 ], [ -122.757119523, 48.124921513 ], [ -122.757110482, 48.124918045 ], [ -122.756992558, 48.12484078 ], [ -122.756749812, 48.124623388 ], [ -122.756287345, 48.124149714 ], [ -122.756287344, 48.124149714 ], [ -122.756121445, 48.123989121 ], [ -122.756121445, 48.12398912 ], [ -122.756121446, 48.123989119 ], [ -122.756121446, 48.123989118 ], [ -122.756121446, 48.123989117 ], [ -122.756121445, 48.123989116 ], [ -122.756121445, 48.123989115 ], [ -122.756121444, 48.123989114 ], [ -122.756121443, 48.123989113 ], [ -122.755668018, 48.123550183 ], [ -122.755457001, 48.123373048 ], [ -122.75545696, 48.12337301 ], [ -122.755366462, 48.123297037 ], [ -122.755354331, 48.12328563 ], [ -122.75534427, 48.123271246 ], [ -122.755344271, 48.123271245 ], [ -122.755344271, 48.123271244 ], [ -122.755344272, 48.123271243 ], [ -122.755344273, 48.123271242 ], [ -122.755344273, 48.123271241 ], [ -122.755344273, 48.12327124 ], [ -122.755344273, 48.123271239 ], [ -122.755344272, 48.123271238 ], [ -122.755344272, 48.123271237 ], [ -122.755344271, 48.123271237 ], [ -122.755298414, 48.123205594 ], [ -122.755297299, 48.123204212 ], [ -122.755297298, 48.123204211 ], [ -122.755296348, 48.123203268 ], [ -122.755158368, 48.123077948 ], [ -122.755032194, 48.122942602 ], [ -122.755031265, 48.122941691 ], [ -122.75495155, 48.122869779 ], [ -122.75477625, 48.122706297 ], [ -122.754736804, 48.12266951 ], [ -122.754652813, 48.122591181 ], [ -122.754645598, 48.122582117 ], [ -122.754596129, 48.12251998 ], [ -122.754596128, 48.122519979 ], [ -122.754595492, 48.122519237 ], [ -122.754595492, 48.122519236 ], [ -122.754594427, 48.12251819 ], [ -122.754333569, 48.122285853 ], [ -122.754261258, 48.122221449 ], [ -122.754245389, 48.122207315 ], [ -122.753949418, 48.121943702 ], [ -122.753582837, 48.121617196 ], [ -122.753408989, 48.121440222 ], [ -122.753296152, 48.121319983 ], [ -122.753296151, 48.121319983 ], [ -122.753235819, 48.12125815 ], [ -122.753235818, 48.121258149 ], [ -122.752902222, 48.120916246 ], [ -122.752687652, 48.120651411 ], [ -122.752585728, 48.1205256 ], [ -122.752585727, 48.1205256 ], [ -122.752585642, 48.1205255 ], [ -122.752539152, 48.120468118 ], [ -122.752539152, 48.120468117 ], [ -122.752539151, 48.120468117 ], [ -122.752447354, 48.120388956 ], [ -122.752447353, 48.120388955 ], [ -122.752447352, 48.120388955 ], [ -122.752447351, 48.120388954 ], [ -122.75244735, 48.120388954 ], [ -122.752447349, 48.120388953 ], [ -122.752447348, 48.120388953 ], [ -122.752447347, 48.120388953 ], [ -122.752447345, 48.120388953 ], [ -122.752447344, 48.120388953 ], [ -122.752156554, 48.120138189 ], [ -122.752086993, 48.119998224 ], [ -122.752086993, 48.119998223 ], [ -122.752086994, 48.119998222 ], [ -122.752086994, 48.119998221 ], [ -122.752086994, 48.11999822 ], [ -122.752086993, 48.119998219 ], [ -122.752086993, 48.119998218 ], [ -122.752058019, 48.119939919 ], [ -122.752058018, 48.119939918 ], [ -122.752058018, 48.119939917 ], [ -122.751916351, 48.119786383 ], [ -122.75191635, 48.119786382 ], [ -122.751819163, 48.119715525 ], [ -122.751819159, 48.119715522 ], [ -122.751819158, 48.119715521 ], [ -122.751690751, 48.119621905 ], [ -122.751635964, 48.119540241 ], [ -122.751635965, 48.119540241 ], [ -122.751635965, 48.11954024 ], [ -122.751635966, 48.11954024 ], [ -122.751635966, 48.119540239 ], [ -122.751635966, 48.119540238 ], [ -122.751635967, 48.119540237 ], [ -122.751635967, 48.119540236 ], [ -122.751635967, 48.119540235 ], [ -122.751635966, 48.119540234 ], [ -122.751635966, 48.119540233 ], [ -122.751505466, 48.119345687 ], [ -122.751422763, 48.119222395 ], [ -122.751376843, 48.119153937 ], [ -122.751372064, 48.119146814 ], [ -122.751360702, 48.119129874 ], [ -122.751340836, 48.119100258 ], [ -122.751329764, 48.119083752 ], [ -122.751328982, 48.119082586 ], [ -122.751327492, 48.119080752 ], [ -122.751327491, 48.119080752 ], [ -122.751327491, 48.119080751 ], [ -122.751325601, 48.119079092 ], [ -122.751325601, 48.119079091 ], [ -122.7513256, 48.119079091 ], [ -122.751323357, 48.119077642 ], [ -122.751323356, 48.119077642 ], [ -122.751323355, 48.119077641 ], [ -122.751320809, 48.119076438 ], [ -122.751320808, 48.119076438 ], [ -122.751320808, 48.119076437 ], [ -122.751318017, 48.119075507 ], [ -122.751318015, 48.119075506 ], [ -122.751316568, 48.119075152 ], [ -122.751300808, 48.119071869 ], [ -122.75129797, 48.119071279 ], [ -122.751267467, 48.119064926 ], [ -122.751249744, 48.119061235 ], [ -122.751158965, 48.118954401 ], [ -122.751139508, 48.118931502 ], [ -122.751139144, 48.118931091 ], [ -122.751139143, 48.118931091 ], [ -122.751138289, 48.118930234 ], [ -122.751115115, 48.118908831 ], [ -122.750942228, 48.118749155 ], [ -122.750942228, 48.118749154 ], [ -122.750941383, 48.118748428 ], [ -122.750941383, 48.118748427 ], [ -122.750815602, 48.118647318 ], [ -122.750504704, 48.118397402 ], [ -122.750504704, 48.118397401 ], [ -122.750504276, 48.118397068 ], [ -122.750504275, 48.118397067 ], [ -122.750503376, 48.118396433 ], [ -122.750503376, 48.118396432 ], [ -122.750339277, 48.118287671 ], [ -122.750310146, 48.118260734 ], [ -122.75030335, 48.11825445 ], [ -122.750303349, 48.118254449 ], [ -122.750303348, 48.118254449 ], [ -122.750256621, 48.11822572 ], [ -122.750256608, 48.11822571 ], [ -122.750256607, 48.118225709 ], [ -122.750232858, 48.118211116 ], [ -122.749849218, 48.117975251 ], [ -122.749786218, 48.117938051 ], [ -122.749786218, 48.11793805 ], [ -122.749786217, 48.11793805 ], [ -122.749513674, 48.117825787 ], [ -122.7494776, 48.117810927 ], [ -122.749456012, 48.117798574 ], [ -122.749447451, 48.11779368 ], [ -122.749447451, 48.117793679 ], [ -122.749447451, 48.117793678 ], [ -122.749447451, 48.117793677 ], [ -122.749447451, 48.117793676 ], [ -122.74944745, 48.117793675 ], [ -122.74944745, 48.117793674 ], [ -122.749447449, 48.117793674 ], [ -122.749447448, 48.117793673 ], [ -122.749447447, 48.117793672 ], [ -122.749447446, 48.117793672 ], [ -122.749351144, 48.117738567 ], [ -122.749351143, 48.117738567 ], [ -122.749351142, 48.117738566 ], [ -122.749351141, 48.117738566 ], [ -122.74935114, 48.117738565 ], [ -122.749351138, 48.117738565 ], [ -122.749351137, 48.117738565 ], [ -122.749351136, 48.117738565 ], [ -122.749350124, 48.117737986 ], [ -122.749188792, 48.117645675 ], [ -122.749188202, 48.117645343 ], [ -122.749188201, 48.117645343 ], [ -122.749185869, 48.117644273 ], [ -122.749185868, 48.117644273 ], [ -122.749039415, 48.117586609 ], [ -122.749038693, 48.11730532 ], [ -122.749167747, 48.117067062 ], [ -122.749184368, 48.117052546 ], [ -122.749190274, 48.1170474 ], [ -122.749295974, 48.116955081 ], [ -122.749295975, 48.11695508 ], [ -122.749295976, 48.116955078 ], [ -122.749295977, 48.116955078 ], [ -122.749295978, 48.116955077 ], [ -122.749295979, 48.116955077 ], [ -122.74929598, 48.116955076 ], [ -122.749295981, 48.116955075 ], [ -122.749416656, 48.116849688 ], [ -122.749459816, 48.116811995 ], [ -122.749536387, 48.116766123 ], [ -122.749536399, 48.116766122 ], [ -122.7495364, 48.116766121 ], [ -122.749536401, 48.116766121 ], [ -122.749536402, 48.116766121 ], [ -122.749536403, 48.11676612 ], [ -122.749536404, 48.11676612 ], [ -122.749536405, 48.116766119 ], [ -122.74965725, 48.116693719 ], [ -122.749720035, 48.116656108 ], [ -122.749773105, 48.116624316 ], [ -122.749819157, 48.116596728 ], [ -122.749871085, 48.116565601 ], [ -122.749903279, 48.116553998 ], [ -122.749904335, 48.116553625 ], [ -122.749911345, 48.116551135 ], [ -122.749911347, 48.116551134 ], [ -122.749911348, 48.116551134 ], [ -122.749911348, 48.116551133 ], [ -122.749911349, 48.116551133 ], [ -122.74991135, 48.116551132 ], [ -122.749911351, 48.116551131 ], [ -122.749911351, 48.11655113 ], [ -122.749911352, 48.11655113 ], [ -122.749911352, 48.116551129 ], [ -122.749911352, 48.116551128 ], [ -122.749911353, 48.116551127 ], [ -122.749914559, 48.116496888 ], [ -122.749915886, 48.116474363 ], [ -122.749916144, 48.116469917 ], [ -122.749951598, 48.116448563 ], [ -122.749956244, 48.116445764 ], [ -122.749969418, 48.116437825 ], [ -122.749971443, 48.116437447 ], [ -122.749970259, 48.116451272 ], [ -122.749969698, 48.116457633 ], [ -122.749966257, 48.116497355 ], [ -122.749963589, 48.116528185 ], [ -122.749963589, 48.116528186 ], [ -122.749963589, 48.116528187 ], [ -122.749963589, 48.116528188 ], [ -122.74996359, 48.116528189 ], [ -122.750006865, 48.116582194 ], [ -122.750006866, 48.116582194 ], [ -122.750006866, 48.116582195 ], [ -122.750006867, 48.116582196 ], [ -122.750006868, 48.116582196 ], [ -122.750010835, 48.116584455 ], [ -122.7500908, 48.116629929 ], [ -122.750112389, 48.11665693 ], [ -122.750112389, 48.116656931 ], [ -122.750164196, 48.116718997 ], [ -122.750164197, 48.116718998 ], [ -122.750330131, 48.116866666 ], [ -122.750384674, 48.116934751 ], [ -122.750384675, 48.116934752 ], [ -122.750384676, 48.116934753 ], [ -122.750384677, 48.116934753 ], [ -122.750384679, 48.116934754 ], [ -122.75038468, 48.116934754 ], [ -122.750385311, 48.116934956 ], [ -122.750401453, 48.116942625 ], [ -122.750415539, 48.11695194 ], [ -122.750427205, 48.116962639 ], [ -122.751340495, 48.117960001 ], [ -122.751340495, 48.117960002 ], [ -122.751340495, 48.117960003 ], [ -122.751340496, 48.117960004 ], [ -122.751340496, 48.117960005 ], [ -122.751340497, 48.117960006 ], [ -122.751539227, 48.118177025 ], [ -122.751539228, 48.118177026 ], [ -122.751539229, 48.118177027 ], [ -122.75153923, 48.118177028 ], [ -122.751539231, 48.118177028 ], [ -122.751539232, 48.118177029 ], [ -122.7515864, 48.118194263 ], [ -122.751586401, 48.118194264 ], [ -122.751586402, 48.118194264 ], [ -122.751586404, 48.118194264 ], [ -122.751586405, 48.118194265 ], [ -122.751586406, 48.118194265 ], [ -122.751586407, 48.118194265 ], [ -122.751586409, 48.118194264 ], [ -122.751749342, 48.11817473 ], [ -122.751749344, 48.11817473 ], [ -122.751749345, 48.11817473 ], [ -122.751749347, 48.118174729 ], [ -122.751930746, 48.118108196 ], [ -122.752116279, 48.118041597 ], [ -122.752241039, 48.118003201 ], [ -122.75224104, 48.118003201 ], [ -122.752442979, 48.117919487 ], [ -122.75244298, 48.117919487 ], [ -122.752442981, 48.117919486 ], [ -122.752510664, 48.117877032 ], [ -122.752518482, 48.117872128 ], [ -122.752518483, 48.117872128 ], [ -122.752518484, 48.117872127 ], [ -122.752518484, 48.117872126 ], [ -122.752518485, 48.117872126 ], [ -122.752518485, 48.117872125 ], [ -122.752519118, 48.117871052 ], [ -122.752519374, 48.11787062 ], [ -122.752519504, 48.117870399 ], [ -122.752528646, 48.117854909 ], [ -122.752564285, 48.117794525 ], [ -122.752564285, 48.117794524 ], [ -122.752564285, 48.117794523 ], [ -122.752564286, 48.117794522 ], [ -122.752564286, 48.117794521 ], [ -122.752564286, 48.11779452 ], [ -122.752564285, 48.117794519 ], [ -122.752540985, 48.117752909 ], [ -122.752547186, 48.117749962 ], [ -122.752573236, 48.117737582 ], [ -122.752573237, 48.117737582 ], [ -122.752575903, 48.11773607 ], [ -122.752575904, 48.117736069 ], [ -122.752575905, 48.117736069 ], [ -122.752578147, 48.117734275 ], [ -122.752578148, 48.117734275 ], [ -122.752578148, 48.117734274 ], [ -122.752579904, 48.117732251 ], [ -122.752579904, 48.11773225 ], [ -122.752579905, 48.11773225 ], [ -122.752581121, 48.117730057 ], [ -122.752581121, 48.117730056 ], [ -122.752581121, 48.117730055 ], [ -122.752581761, 48.117727756 ], [ -122.752581761, 48.117727755 ], [ -122.752581761, 48.117727754 ], [ -122.752581809, 48.117725415 ], [ -122.752581809, 48.117725414 ], [ -122.752581809, 48.117725413 ], [ -122.75258126, 48.117723103 ], [ -122.75258126, 48.117723102 ], [ -122.752580134, 48.117720887 ], [ -122.752580133, 48.117720886 ], [ -122.752469657, 48.117552467 ], [ -122.752373222, 48.117405452 ], [ -122.752372665, 48.117404671 ], [ -122.752303325, 48.11731484 ], [ -122.752302568, 48.117313944 ], [ -122.752302567, 48.117313944 ], [ -122.752301921, 48.117313284 ], [ -122.752199595, 48.117215197 ], [ -122.752142322, 48.117126206 ], [ -122.752140951, 48.117124441 ], [ -122.752140951, 48.11712444 ], [ -122.752139762, 48.117123286 ], [ -122.752139762, 48.117123285 ], [ -122.752026008, 48.117024023 ], [ -122.752025068, 48.117023261 ], [ -122.752024507, 48.117022855 ], [ -122.752024506, 48.117022855 ], [ -122.751827836, 48.116886225 ], [ -122.751827821, 48.116886208 ], [ -122.75182782, 48.116886207 ], [ -122.751827819, 48.116886206 ], [ -122.751733234, 48.116820494 ], [ -122.751720849, 48.116807935 ], [ -122.751613844, 48.116665867 ], [ -122.751586853, 48.116621667 ], [ -122.751586853, 48.116621666 ], [ -122.751586853, 48.116621665 ], [ -122.751586854, 48.116621664 ], [ -122.751586854, 48.116621663 ], [ -122.751586854, 48.116621662 ], [ -122.751586853, 48.116621661 ], [ -122.751586853, 48.11662166 ], [ -122.751557595, 48.11657373 ], [ -122.751557594, 48.116573729 ], [ -122.751557593, 48.116573728 ], [ -122.751557592, 48.116573727 ], [ -122.751557591, 48.116573727 ], [ -122.75155759, 48.116573726 ], [ -122.751557589, 48.116573726 ], [ -122.751557588, 48.116573725 ], [ -122.751557586, 48.116573725 ], [ -122.751557585, 48.116573725 ], [ -122.751557584, 48.116573725 ], [ -122.751557582, 48.116573725 ], [ -122.751557581, 48.116573725 ], [ -122.75155758, 48.116573725 ], [ -122.751557578, 48.116573725 ], [ -122.751557577, 48.116573725 ], [ -122.751557576, 48.116573726 ], [ -122.751546978, 48.116577891 ], [ -122.751546976, 48.11657789 ], [ -122.751546975, 48.11657789 ], [ -122.751546974, 48.11657789 ], [ -122.751546973, 48.11657789 ], [ -122.751546971, 48.11657789 ], [ -122.75154697, 48.11657789 ], [ -122.751546969, 48.11657789 ], [ -122.751546968, 48.11657789 ], [ -122.751546966, 48.116577891 ], [ -122.751546965, 48.116577891 ], [ -122.75152809, 48.116585309 ], [ -122.751508763, 48.116591461 ], [ -122.751488137, 48.116595261 ], [ -122.75146683, 48.11659661 ], [ -122.751445497, 48.116595465 ], [ -122.751424794, 48.116591856 ], [ -122.751405334, 48.116585889 ], [ -122.751387717, 48.116577756 ], [ -122.75137248, 48.116567693 ], [ -122.751360085, 48.116556012 ], [ -122.751350914, 48.11654307 ], [ -122.751345224, 48.116529258 ], [ -122.751343208, 48.116514991 ], [ -122.751344918, 48.116500705 ], [ -122.751350308, 48.116486843 ], [ -122.751359219, 48.116473812 ], [ -122.75136553, 48.116467684 ], [ -122.75137026, 48.116463085 ], [ -122.751371365, 48.116462015 ], [ -122.751386393, 48.116451812 ], [ -122.751403697, 48.116443578 ], [ -122.751403698, 48.116443578 ], [ -122.751403699, 48.116443577 ], [ -122.7514037, 48.116443576 ], [ -122.751403701, 48.116443576 ], [ -122.751403701, 48.116443575 ], [ -122.751403702, 48.116443574 ], [ -122.751403702, 48.116443573 ], [ -122.751403703, 48.116443572 ], [ -122.751403703, 48.116443571 ], [ -122.751403703, 48.11644357 ], [ -122.751403703, 48.116443569 ], [ -122.751403702, 48.116443568 ], [ -122.751403702, 48.116443567 ], [ -122.751403701, 48.116443567 ], [ -122.751403701, 48.116443566 ], [ -122.75135828, 48.116397389 ], [ -122.751354131, 48.116391611 ], [ -122.75128428, 48.116294583 ], [ -122.751265815, 48.116245589 ], [ -122.751265815, 48.116245588 ], [ -122.751256179, 48.116225691 ], [ -122.751276578, 48.116232146 ], [ -122.751277173, 48.116232336 ], [ -122.751369882, 48.116362135 ], [ -122.751369883, 48.116362135 ], [ -122.751424361, 48.116435437 ], [ -122.751424362, 48.116435437 ], [ -122.751424362, 48.116435438 ], [ -122.751424363, 48.116435439 ], [ -122.751424364, 48.116435439 ], [ -122.751424365, 48.11643544 ], [ -122.751424366, 48.11643544 ], [ -122.751424367, 48.116435441 ], [ -122.751424369, 48.116435441 ], [ -122.75142437, 48.116435441 ], [ -122.751424371, 48.116435442 ], [ -122.751424372, 48.116435442 ], [ -122.751424374, 48.116435442 ], [ -122.751424375, 48.116435442 ], [ -122.751424376, 48.116435441 ], [ -122.751424378, 48.116435441 ], [ -122.751424379, 48.116435441 ], [ -122.75142438, 48.11643544 ], [ -122.751434132, 48.116431613 ], [ -122.751434133, 48.116431612 ], [ -122.751434134, 48.116431612 ], [ -122.751434135, 48.116431611 ], [ -122.751434136, 48.116431611 ], [ -122.751434137, 48.11643161 ], [ -122.751434137, 48.116431609 ], [ -122.751434138, 48.116431608 ], [ -122.751434138, 48.116431607 ], [ -122.751434139, 48.116431607 ], [ -122.751434139, 48.116431606 ], [ -122.751434139, 48.116431605 ], [ -122.751434139, 48.116431604 ], [ -122.75145976, 48.116421536 ], [ -122.751459761, 48.116421536 ], [ -122.751459762, 48.116421535 ], [ -122.751459763, 48.116421534 ], [ -122.751459764, 48.116421534 ], [ -122.751459764, 48.116421533 ], [ -122.751459765, 48.116421532 ], [ -122.751459766, 48.116421531 ], [ -122.751459766, 48.11642153 ], [ -122.751459766, 48.116421529 ], [ -122.751459766, 48.116421528 ], [ -122.751459766, 48.116421527 ], [ -122.751459766, 48.116421526 ], [ -122.751459765, 48.116421525 ], [ -122.751459765, 48.116421524 ], [ -122.751406698, 48.116350115 ], [ -122.751368235, 48.116296265 ], [ -122.751368234, 48.116296264 ], [ -122.751368233, 48.116296264 ], [ -122.751368233, 48.116296263 ], [ -122.751310968, 48.116216098 ], [ -122.751309203, 48.116214086 ], [ -122.751309202, 48.116214085 ], [ -122.751309201, 48.116214085 ], [ -122.75130695, 48.116212296 ], [ -122.751306949, 48.116212296 ], [ -122.751306948, 48.116212295 ], [ -122.751304262, 48.116210794 ], [ -122.751304261, 48.116210793 ], [ -122.75130426, 48.116210793 ], [ -122.751301251, 48.116209619 ], [ -122.75130125, 48.116209618 ], [ -122.751259182, 48.116196319 ], [ -122.751231042, 48.116187412 ], [ -122.751230843, 48.116187215 ], [ -122.75118789, 48.116145649 ], [ -122.751187889, 48.116145648 ], [ -122.751187888, 48.116145647 ], [ -122.751187887, 48.116145647 ], [ -122.751187886, 48.116145646 ], [ -122.751187885, 48.116145646 ], [ -122.751187884, 48.116145645 ], [ -122.751187882, 48.116145645 ], [ -122.751187881, 48.116145645 ], [ -122.751165316, 48.116142918 ], [ -122.751149881, 48.116130814 ], [ -122.75114988, 48.116130813 ], [ -122.751147348, 48.11612918 ], [ -122.751147347, 48.11612918 ], [ -122.751147346, 48.116129179 ], [ -122.751144443, 48.116127853 ], [ -122.751144442, 48.116127853 ], [ -122.751144441, 48.116127853 ], [ -122.751141249, 48.116126886 ], [ -122.751141248, 48.116126885 ], [ -122.751027016, 48.116099972 ], [ -122.751026305, 48.116099804 ], [ -122.751026304, 48.116099803 ], [ -122.751023435, 48.116099291 ], [ -122.751023434, 48.11609929 ], [ -122.751023433, 48.11609929 ], [ -122.751020497, 48.116099068 ], [ -122.751020495, 48.116099068 ], [ -122.751017539, 48.116099135 ], [ -122.751017538, 48.116099135 ], [ -122.750787554, 48.116115268 ], [ -122.750722077, 48.116053903 ], [ -122.750762402, 48.116057798 ], [ -122.750762403, 48.116057798 ], [ -122.750762404, 48.116057798 ], [ -122.750762405, 48.116057798 ], [ -122.750762407, 48.116057798 ], [ -122.750960497, 48.116027881 ], [ -122.750969872, 48.11602646 ], [ -122.750969874, 48.116026459 ], [ -122.751269675, 48.1159522 ], [ -122.751269676, 48.115952199 ], [ -122.751588207, 48.115836394 ], [ -122.751709017, 48.115798821 ], [ -122.751714511, 48.115804782 ], [ -122.751714512, 48.115804782 ], [ -122.751714513, 48.115804783 ], [ -122.751714514, 48.115804783 ], [ -122.751714515, 48.115804784 ], [ -122.751714516, 48.115804785 ], [ -122.751714517, 48.115804785 ], [ -122.751714518, 48.115804785 ], [ -122.751714519, 48.115804785 ], [ -122.751714521, 48.115804786 ], [ -122.751714522, 48.115804786 ], [ -122.751714523, 48.115804786 ], [ -122.751714524, 48.115804786 ], [ -122.751714525, 48.115804786 ], [ -122.751752572, 48.115845969 ], [ -122.751819082, 48.115917522 ], [ -122.751819083, 48.115917523 ], [ -122.751819084, 48.115917524 ], [ -122.751819086, 48.115917525 ], [ -122.751819087, 48.115917525 ], [ -122.751819088, 48.115917526 ], [ -122.751819089, 48.115917526 ], [ -122.75181909, 48.115917526 ], [ -122.751819092, 48.115917526 ], [ -122.751819093, 48.115917527 ], [ -122.751819094, 48.115917527 ], [ -122.751819095, 48.115917526 ], [ -122.751819097, 48.115917526 ], [ -122.751819098, 48.115917526 ], [ -122.751819099, 48.115917526 ], [ -122.7518191, 48.115917525 ], [ -122.751917667, 48.115876743 ], [ -122.752016605, 48.115844694 ], [ -122.752016606, 48.115844693 ], [ -122.752016608, 48.115844693 ], [ -122.752016609, 48.115844692 ], [ -122.752016609, 48.115844691 ], [ -122.75201661, 48.115844691 ], [ -122.752016611, 48.11584469 ], [ -122.752016612, 48.115844689 ], [ -122.752016612, 48.115844688 ], [ -122.752016613, 48.115844688 ], [ -122.752016613, 48.115844687 ], [ -122.752016613, 48.115844686 ], [ -122.752016613, 48.115844685 ], [ -122.752016613, 48.115844684 ], [ -122.752016612, 48.115844683 ], [ -122.752016612, 48.115844682 ], [ -122.752016612, 48.115844681 ], [ -122.752016611, 48.115844681 ], [ -122.751966171, 48.115789957 ], [ -122.751914689, 48.115734858 ], [ -122.751915722, 48.115734536 ], [ -122.751935678, 48.115728329 ], [ -122.751960975, 48.115721862 ], [ -122.751960976, 48.115721862 ], [ -122.751960977, 48.115721862 ], [ -122.751960978, 48.115721861 ], [ -122.751960979, 48.11572186 ], [ -122.75196098, 48.11572186 ], [ -122.751960981, 48.115721859 ], [ -122.751960982, 48.115721858 ], [ -122.751960983, 48.115721857 ], [ -122.751964941, 48.115714039 ], [ -122.751964941, 48.115714038 ], [ -122.751964942, 48.115714037 ], [ -122.751964942, 48.115714036 ], [ -122.751964942, 48.115714035 ], [ -122.751964942, 48.115714034 ], [ -122.751964941, 48.115714033 ], [ -122.75196494, 48.115714032 ], [ -122.75196494, 48.115714031 ], [ -122.751964939, 48.11571403 ], [ -122.751964938, 48.11571403 ], [ -122.75196632, 48.115711325 ], [ -122.7519759, 48.115699353 ], [ -122.751988283, 48.115688611 ], [ -122.75200316, 48.115679375 ], [ -122.75202008, 48.115671909 ], [ -122.752038618, 48.115666404 ], [ -122.752058255, 48.115663019 ], [ -122.752078449, 48.115661851 ], [ -122.75209866, 48.115662921 ], [ -122.752115505, 48.115665723 ], [ -122.752115506, 48.115665724 ], [ -122.752115506, 48.115665725 ], [ -122.752115507, 48.115665726 ], [ -122.752115508, 48.115665727 ], [ -122.752115509, 48.115665727 ], [ -122.75211551, 48.115665728 ], [ -122.752115511, 48.115665729 ], [ -122.752115512, 48.115665729 ], [ -122.752115513, 48.115665729 ], [ -122.752115514, 48.11566573 ], [ -122.752115515, 48.11566573 ], [ -122.75211834, 48.115666201 ], [ -122.752136939, 48.115671608 ], [ -122.752144575, 48.11567492 ], [ -122.752144577, 48.115674921 ], [ -122.752144578, 48.115674921 ], [ -122.752144579, 48.115674922 ], [ -122.75214458, 48.115674922 ], [ -122.752144581, 48.115674922 ], [ -122.752144583, 48.115674922 ], [ -122.752144584, 48.115674922 ], [ -122.752144585, 48.115674922 ], [ -122.752144586, 48.115674922 ], [ -122.752144588, 48.115674921 ], [ -122.7522002, 48.115660704 ], [ -122.75227181, 48.115642397 ], [ -122.75245401, 48.115595063 ], [ -122.752454011, 48.115595063 ], [ -122.752454012, 48.115595062 ], [ -122.752454013, 48.115595062 ], [ -122.752454014, 48.115595061 ], [ -122.752454015, 48.11559506 ], [ -122.752454016, 48.11559506 ], [ -122.752497284, 48.115553059 ], [ -122.752497284, 48.115553058 ], [ -122.752497285, 48.115553058 ], [ -122.752497286, 48.115553057 ], [ -122.752497286, 48.115553056 ], [ -122.752500394, 48.115542252 ], [ -122.752500395, 48.115542251 ], [ -122.752500395, 48.11554225 ], [ -122.752500396, 48.11554225 ], [ -122.752500396, 48.115542249 ], [ -122.752500397, 48.115542248 ], [ -122.752511552, 48.115503462 ], [ -122.752512583, 48.115502621 ], [ -122.752644164, 48.115454988 ], [ -122.752681656, 48.115455277 ], [ -122.752681657, 48.115455278 ], [ -122.752681658, 48.115455278 ], [ -122.75268166, 48.115455278 ], [ -122.752681661, 48.115455278 ], [ -122.752681662, 48.115455279 ], [ -122.752681663, 48.115455279 ], [ -122.752722405, 48.115455597 ], [ -122.752837403, 48.11546433 ], [ -122.752837405, 48.11546433 ], [ -122.752837406, 48.11546433 ], [ -122.75291094, 48.115460196 ], [ -122.752910941, 48.115460196 ], [ -122.752910942, 48.115460196 ], [ -122.752910943, 48.115460196 ], [ -122.752910944, 48.115460196 ], [ -122.752910945, 48.115460195 ], [ -122.752910946, 48.115460195 ], [ -122.752951271, 48.115439954 ], [ -122.752953338, 48.115438916 ], [ -122.75297908, 48.115425995 ], [ -122.752979081, 48.115425995 ], [ -122.752979082, 48.115425994 ], [ -122.752979083, 48.115425993 ], [ -122.752979084, 48.115425993 ], [ -122.752979084, 48.115425992 ], [ -122.752991733, 48.1154081 ], [ -122.752992988, 48.115406324 ], [ -122.753006501, 48.11538721 ], [ -122.753009776, 48.115382576 ], [ -122.753011825, 48.115379678 ], [ -122.753013579, 48.115377197 ], [ -122.75301358, 48.115377196 ], [ -122.75301358, 48.115377195 ], [ -122.75301358, 48.115377194 ], [ -122.75301358, 48.115377193 ], [ -122.75301354, 48.115364964 ], [ -122.753016831, 48.115351568 ], [ -122.753023371, 48.115338716 ], [ -122.753032981, 48.115326761 ], [ -122.753045397, 48.115316028 ], [ -122.753060283, 48.115306811 ], [ -122.753064712, 48.115304864 ], [ -122.753064713, 48.115304863 ], [ -122.753064714, 48.115304863 ], [ -122.753064715, 48.115304862 ], [ -122.753064715, 48.115304861 ], [ -122.753064716, 48.115304861 ], [ -122.753064717, 48.11530486 ], [ -122.75308715, 48.115273126 ], [ -122.753187729, 48.115206561 ], [ -122.753197045, 48.115200395 ], [ -122.75332608, 48.115114995 ], [ -122.753656479, 48.114990796 ], [ -122.75365648, 48.114990795 ], [ -122.753819274, 48.114912422 ], [ -122.753819285, 48.114912418 ], [ -122.753819286, 48.114912418 ], [ -122.753819287, 48.114912417 ], [ -122.753927272, 48.114860435 ], [ -122.753927273, 48.114860434 ], [ -122.753927274, 48.114860434 ], [ -122.75392732, 48.114860401 ], [ -122.753928808, 48.114859688 ], [ -122.753929276, 48.114859465 ], [ -122.753938634, 48.114856931 ], [ -122.753995217, 48.114841615 ], [ -122.753995219, 48.114841615 ], [ -122.75399522, 48.114841614 ], [ -122.753995221, 48.114841614 ], [ -122.753995222, 48.114841613 ], [ -122.753995223, 48.114841613 ], [ -122.753995223, 48.114841612 ], [ -122.753995224, 48.114841611 ], [ -122.754003407, 48.114832127 ], [ -122.754016295, 48.114821644 ], [ -122.754031586, 48.114812731 ], [ -122.754048856, 48.114805622 ], [ -122.75406765, 48.114800508 ], [ -122.754087432, 48.114797549 ], [ -122.754107677, 48.114796797 ], [ -122.754127825, 48.114798296 ], [ -122.754143978, 48.114801349 ], [ -122.75414398, 48.11480135 ], [ -122.754143981, 48.11480135 ], [ -122.754143982, 48.11480135 ], [ -122.754143983, 48.11480135 ], [ -122.754143985, 48.11480135 ], [ -122.754143986, 48.114801349 ], [ -122.754143987, 48.114801349 ], [ -122.754212537, 48.114782795 ], [ -122.754216384, 48.114782293 ], [ -122.75422079, 48.114781727 ], [ -122.754302917, 48.114771052 ], [ -122.754302918, 48.114771052 ], [ -122.754503064, 48.114745044 ], [ -122.754534208, 48.114740997 ], [ -122.754639911, 48.114731494 ], [ -122.754644863, 48.114731048 ], [ -122.754681059, 48.114727795 ], [ -122.754685642, 48.114727383 ], [ -122.754689208, 48.114727063 ], [ -122.754689209, 48.114727063 ], [ -122.754689211, 48.114727063 ], [ -122.754691902, 48.11472642 ], [ -122.754693253, 48.114726097 ], [ -122.754693379, 48.114726067 ], [ -122.754700683, 48.114724323 ], [ -122.754702686, 48.114723845 ], [ -122.754712874, 48.114721412 ], [ -122.754808602, 48.114698554 ], [ -122.754839144, 48.114691262 ], [ -122.754839146, 48.114691262 ], [ -122.755097024, 48.114599404 ], [ -122.755098029, 48.114599046 ], [ -122.755103407, 48.11459713 ], [ -122.755107991, 48.114595497 ], [ -122.755109012, 48.114595134 ], [ -122.755319011, 48.114520329 ], [ -122.755396185, 48.114495221 ], [ -122.755524945, 48.114453329 ], [ -122.755564957, 48.114438134 ], [ -122.755593412, 48.114427329 ], [ -122.755593412, 48.114427328 ], [ -122.755593413, 48.114427328 ], [ -122.755664122, 48.114390317 ], [ -122.755745614, 48.114347661 ], [ -122.755745615, 48.114347661 ], [ -122.75574587, 48.11434749 ], [ -122.755892882, 48.11424886 ], [ -122.755892883, 48.11424886 ], [ -122.755892884, 48.114248859 ], [ -122.755892884, 48.114248858 ], [ -122.755899665, 48.114240629 ], [ -122.755899665, 48.114240628 ], [ -122.755899666, 48.114240627 ], [ -122.755899666, 48.114240626 ], [ -122.755899667, 48.114240625 ], [ -122.755899667, 48.114240624 ], [ -122.755899666, 48.114240623 ], [ -122.755899666, 48.114240622 ], [ -122.755899666, 48.114240621 ], [ -122.755899665, 48.11424062 ], [ -122.755899664, 48.11424062 ], [ -122.755899664, 48.114240619 ], [ -122.755917249, 48.114219288 ], [ -122.755982411, 48.114140197 ], [ -122.75606856, 48.114117075 ], [ -122.756095217, 48.114109925 ], [ -122.756095218, 48.114109924 ], [ -122.75609522, 48.114109924 ], [ -122.756095221, 48.114109924 ], [ -122.756095222, 48.114109923 ], [ -122.756095223, 48.114109922 ], [ -122.756095224, 48.114109921 ], [ -122.756095225, 48.11410992 ], [ -122.756095225, 48.114109919 ], [ -122.756095225, 48.114109918 ], [ -122.756095226, 48.114109918 ], [ -122.756095226, 48.114109917 ], [ -122.756095226, 48.114109916 ], [ -122.756095226, 48.114109915 ], [ -122.756095225, 48.114109914 ], [ -122.756095225, 48.114109913 ], [ -122.756095224, 48.114109912 ], [ -122.755923734, 48.113926728 ], [ -122.755914408, 48.113914667 ], [ -122.755908196, 48.113901754 ], [ -122.755905223, 48.113888319 ], [ -122.755905603, 48.113874745 ], [ -122.755909318, 48.113861395 ], [ -122.755916256, 48.113848638 ], [ -122.755926241, 48.113836817 ], [ -122.755938998, 48.113826261 ], [ -122.755954156, 48.113817254 ], [ -122.755971341, 48.11381005 ], [ -122.755990051, 48.113804831 ], [ -122.756009795, 48.113801743 ], [ -122.756030034, 48.113800874 ], [ -122.756050209, 48.113802254 ], [ -122.756069758, 48.113805831 ], [ -122.756088166, 48.113811517 ], [ -122.75610493, 48.113819152 ], [ -122.756119594, 48.11382853 ], [ -122.756131748, 48.113839402 ], [ -122.756298881, 48.114017924 ], [ -122.756298882, 48.114017925 ], [ -122.756298882, 48.114017926 ], [ -122.756298883, 48.114017926 ], [ -122.756298884, 48.114017927 ], [ -122.756298886, 48.114017927 ], [ -122.756298887, 48.114017928 ], [ -122.756298888, 48.114017928 ], [ -122.756298889, 48.114017928 ], [ -122.756298891, 48.114017929 ], [ -122.756298892, 48.114017929 ], [ -122.756298893, 48.114017929 ], [ -122.756298895, 48.114017928 ], [ -122.756298896, 48.114017928 ], [ -122.756298897, 48.114017928 ], [ -122.756298898, 48.114017928 ], [ -122.756298899, 48.114017927 ], [ -122.756309419, 48.114013367 ], [ -122.756311806, 48.114012336 ], [ -122.756324446, 48.114006857 ], [ -122.756324728, 48.114006745 ], [ -122.756324729, 48.114006744 ], [ -122.756388948, 48.113978933 ], [ -122.756388949, 48.113978933 ], [ -122.756493347, 48.113930326 ], [ -122.756501238, 48.113927123 ], [ -122.756524784, 48.113917526 ], [ -122.756551742, 48.113906557 ], [ -122.756695867, 48.113847893 ], [ -122.756712244, 48.113841229 ], [ -122.756712246, 48.113841229 ], [ -122.756712247, 48.113841229 ], [ -122.756712248, 48.113841229 ], [ -122.756712249, 48.113841229 ], [ -122.756712251, 48.113841229 ], [ -122.756712252, 48.113841228 ], [ -122.756712253, 48.113841228 ], [ -122.756716698, 48.113839418 ], [ -122.756716699, 48.113839418 ], [ -122.7567167, 48.113839417 ], [ -122.756716701, 48.113839417 ], [ -122.756716702, 48.113839416 ], [ -122.756726738, 48.113835329 ], [ -122.756731154, 48.113834025 ], [ -122.75673299, 48.113834449 ], [ -122.756732991, 48.113834449 ], [ -122.756733201, 48.113834488 ], [ -122.756733202, 48.113834488 ], [ -122.756733203, 48.113834488 ], [ -122.756733204, 48.113834488 ], [ -122.756733205, 48.113834489 ], [ -122.756733206, 48.113834489 ], [ -122.756733208, 48.11383449 ], [ -122.756736208, 48.113834991 ], [ -122.756736209, 48.113834992 ], [ -122.75673621, 48.113834992 ], [ -122.756739516, 48.113835175 ], [ -122.756739517, 48.113835175 ], [ -122.756739518, 48.113835175 ], [ -122.756742824, 48.113834998 ], [ -122.756742825, 48.113834998 ], [ -122.756893833, 48.113818587 ], [ -122.756925199, 48.113815177 ], [ -122.756985292, 48.113808647 ], [ -122.756985293, 48.113808647 ], [ -122.75698786, 48.113808252 ], [ -122.756987862, 48.113808252 ], [ -122.756990334, 48.113807641 ], [ -122.756990335, 48.11380764 ], [ -122.757138889, 48.113763382 ], [ -122.75713899, 48.113763352 ], [ -122.757140546, 48.113762888 ], [ -122.757153863, 48.113758921 ], [ -122.75728948, 48.113718516 ], [ -122.757289481, 48.113718516 ], [ -122.757291897, 48.113717662 ], [ -122.757291898, 48.113717661 ], [ -122.757293858, 48.113716743 ], [ -122.75732842, 48.113698437 ], [ -122.757328421, 48.113698437 ], [ -122.757328422, 48.113698436 ], [ -122.757328423, 48.113698435 ], [ -122.757328424, 48.113698434 ], [ -122.757328424, 48.113698433 ], [ -122.757328425, 48.113698432 ], [ -122.757328425, 48.113698431 ], [ -122.757328425, 48.11369843 ], [ -122.757328425, 48.113698429 ], [ -122.757328425, 48.113698428 ], [ -122.757328424, 48.113698427 ], [ -122.757398221, 48.113661465 ], [ -122.757409402, 48.113655542 ], [ -122.757501322, 48.113606863 ], [ -122.757548064, 48.113582107 ], [ -122.757548065, 48.113582106 ], [ -122.75754897, 48.113581596 ], [ -122.757548971, 48.113581596 ], [ -122.757550883, 48.113580295 ], [ -122.757673247, 48.113485143 ], [ -122.757673248, 48.113485143 ], [ -122.757673249, 48.113485143 ], [ -122.75767325, 48.113485142 ], [ -122.757673251, 48.113485142 ], [ -122.757673252, 48.113485141 ], [ -122.757712345, 48.113454742 ], [ -122.757712346, 48.113454742 ], [ -122.757714087, 48.113453176 ], [ -122.757714088, 48.113453175 ], [ -122.757715477, 48.113451458 ], [ -122.757715478, 48.113451457 ], [ -122.757716489, 48.113449627 ], [ -122.757716489, 48.113449626 ], [ -122.757717102, 48.113447717 ], [ -122.757717102, 48.113447716 ], [ -122.757728109, 48.113393515 ], [ -122.757728109, 48.113393514 ], [ -122.757728297, 48.113391677 ], [ -122.757728297, 48.113391676 ], [ -122.757728115, 48.113389839 ], [ -122.757728114, 48.113389838 ], [ -122.757727566, 48.113388035 ], [ -122.757727565, 48.113388033 ], [ -122.75772666, 48.113386295 ], [ -122.757726659, 48.113386294 ], [ -122.757652927, 48.113270357 ], [ -122.75853389, 48.112838632 ], [ -122.758608506, 48.112802064 ], [ -122.759725003, 48.112345594 ], [ -122.759805562, 48.112315303 ], [ -122.759933493, 48.1122672 ], [ -122.759986768, 48.112247169 ], [ -122.759990016, 48.112245947 ], [ -122.75999011, 48.112245912 ], [ -122.759990464, 48.112245779 ], [ -122.760101635, 48.112203978 ], [ -122.760138261, 48.112190206 ], [ -122.76022119, 48.112245375 ], [ -122.760224, 48.112247244 ], [ -122.76027583, 48.112281724 ], [ -122.760275831, 48.112281724 ], [ -122.760278315, 48.112283132 ], [ -122.760278316, 48.112283132 ], [ -122.760278317, 48.112283133 ], [ -122.760281103, 48.112284259 ], [ -122.760281104, 48.11228426 ], [ -122.760281105, 48.11228426 ], [ -122.760284123, 48.112285077 ], [ -122.760284124, 48.112285078 ], [ -122.760284125, 48.112285078 ], [ -122.760287296, 48.112285564 ], [ -122.760287298, 48.112285564 ], [ -122.760391114, 48.112295681 ], [ -122.760391115, 48.112295681 ], [ -122.760393106, 48.112295778 ], [ -122.760394026, 48.112295823 ], [ -122.760394027, 48.112295824 ], [ -122.760394879, 48.112295824 ], [ -122.760402355, 48.112295833 ], [ -122.760402356, 48.112295833 ], [ -122.760402358, 48.112295833 ], [ -122.760402359, 48.112295832 ], [ -122.76040236, 48.112295832 ], [ -122.760402361, 48.112295832 ], [ -122.760402362, 48.112295831 ], [ -122.760402363, 48.112295831 ], [ -122.760402364, 48.11229583 ], [ -122.760402365, 48.11229583 ], [ -122.760402366, 48.112295829 ], [ -122.760402367, 48.112295828 ], [ -122.760402367, 48.112295827 ], [ -122.760402368, 48.112295826 ], [ -122.760402368, 48.112295825 ], [ -122.760402368, 48.112295824 ], [ -122.760402368, 48.112295823 ], [ -122.760402368, 48.112295822 ], [ -122.760402368, 48.112295821 ], [ -122.760402367, 48.11229582 ], [ -122.760402366, 48.112295819 ], [ -122.760373841, 48.112266289 ], [ -122.76037384, 48.112266289 ], [ -122.760373839, 48.112266288 ], [ -122.760373838, 48.112266287 ], [ -122.760373837, 48.112266287 ], [ -122.760373836, 48.112266286 ], [ -122.760373835, 48.112266286 ], [ -122.760373834, 48.112266286 ], [ -122.760373833, 48.112266285 ], [ -122.760373831, 48.112266285 ], [ -122.760299896, 48.11225908 ], [ -122.760282572, 48.112247555 ], [ -122.760279072, 48.112245226 ], [ -122.76015615, 48.112163453 ], [ -122.760156149, 48.112163453 ], [ -122.760153625, 48.112162024 ], [ -122.760153624, 48.112162024 ], [ -122.760153623, 48.112162024 ], [ -122.760150787, 48.112160887 ], [ -122.760150786, 48.112160886 ], [ -122.760147714, 48.112160069 ], [ -122.760147713, 48.112160069 ], [ -122.760147712, 48.112160069 ], [ -122.760144483, 48.112159595 ], [ -122.760144482, 48.112159595 ], [ -122.76014448, 48.112159595 ], [ -122.760141181, 48.112159474 ], [ -122.76014118, 48.112159473 ], [ -122.760141178, 48.112159474 ], [ -122.760137893, 48.112159711 ], [ -122.760137892, 48.112159711 ], [ -122.76013789, 48.112159711 ], [ -122.760134704, 48.1121603 ], [ -122.760134703, 48.1121603 ], [ -122.760134702, 48.1121603 ], [ -122.760131698, 48.112161225 ], [ -122.760131697, 48.112161225 ], [ -122.759968545, 48.112222572 ], [ -122.759783778, 48.112292045 ], [ -122.759704621, 48.112321808 ], [ -122.759703976, 48.112322061 ], [ -122.758586408, 48.112778969 ], [ -122.758586407, 48.11277897 ], [ -122.758585022, 48.112779593 ], [ -122.758118737, 48.113008104 ], [ -122.757615631, 48.113254654 ], [ -122.75761563, 48.113254655 ], [ -122.757613043, 48.113256161 ], [ -122.757613042, 48.113256161 ], [ -122.757613042, 48.113256162 ], [ -122.757610866, 48.113257935 ], [ -122.757610865, 48.113257936 ], [ -122.757609163, 48.113259929 ], [ -122.757609162, 48.113259929 ], [ -122.757609162, 48.11325993 ], [ -122.757607979, 48.113262084 ], [ -122.757607979, 48.113262085 ], [ -122.757607978, 48.113262086 ], [ -122.757607351, 48.113264342 ], [ -122.757607351, 48.113264343 ], [ -122.757607351, 48.113264344 ], [ -122.757607293, 48.113266639 ], [ -122.757607293, 48.11326664 ], [ -122.757607293, 48.113266641 ], [ -122.757607809, 48.11326891 ], [ -122.75760781, 48.113268911 ], [ -122.75760781, 48.113268912 ], [ -122.757608884, 48.113271091 ], [ -122.757608884, 48.113271092 ], [ -122.757686773, 48.113393565 ], [ -122.757677359, 48.113439924 ], [ -122.757654388, 48.113457787 ], [ -122.757594072, 48.113504693 ], [ -122.757570871, 48.113522729 ], [ -122.757592411, 48.113495258 ], [ -122.757592412, 48.113495257 ], [ -122.757592412, 48.113495256 ], [ -122.757592413, 48.113495255 ], [ -122.757592413, 48.113495254 ], [ -122.757592413, 48.113495253 ], [ -122.757592412, 48.113495252 ], [ -122.757592412, 48.113495251 ], [ -122.757592411, 48.11349525 ], [ -122.757592411, 48.113495249 ], [ -122.75757264, 48.113472314 ], [ -122.757559196, 48.113456733 ], [ -122.757467278, 48.113350214 ], [ -122.757442291, 48.113321242 ], [ -122.757418702, 48.113293915 ], [ -122.757389953, 48.113260589 ], [ -122.757487695, 48.11321478 ], [ -122.757855824, 48.113042231 ], [ -122.757855825, 48.113042231 ], [ -122.757855826, 48.11304223 ], [ -122.757855828, 48.11304223 ], [ -122.757855829, 48.11304223 ], [ -122.75785583, 48.11304223 ], [ -122.757855831, 48.113042229 ], [ -122.758164547, 48.112897528 ], [ -122.758384954, 48.112805547 ], [ -122.758425836, 48.112788485 ], [ -122.758977013, 48.112558462 ], [ -122.758977014, 48.112558462 ], [ -122.759349665, 48.112399047 ], [ -122.759349666, 48.112399047 ], [ -122.759349667, 48.112399046 ], [ -122.759349668, 48.112399046 ], [ -122.759349669, 48.112399045 ], [ -122.75934967, 48.112399044 ], [ -122.759364707, 48.112392611 ], [ -122.759436633, 48.112361841 ], [ -122.759436635, 48.112361841 ], [ -122.759436636, 48.112361841 ], [ -122.759436637, 48.112361841 ], [ -122.759436639, 48.112361841 ], [ -122.75943664, 48.112361841 ], [ -122.759436641, 48.11236184 ], [ -122.759436642, 48.11236184 ], [ -122.759436643, 48.11236184 ], [ -122.759661301, 48.112265733 ], [ -122.759715059, 48.112242735 ], [ -122.759731141, 48.112235855 ], [ -122.759889612, 48.112168062 ], [ -122.759910496, 48.112161118 ], [ -122.759949016, 48.112148311 ], [ -122.760009226, 48.112128292 ], [ -122.760009227, 48.112128291 ], [ -122.760009228, 48.112128291 ], [ -122.760009229, 48.11212829 ], [ -122.76000923, 48.112128289 ], [ -122.760009231, 48.112128289 ], [ -122.760009232, 48.112128288 ], [ -122.760009232, 48.112128287 ], [ -122.760009233, 48.112128286 ], [ -122.760009234, 48.112128285 ], [ -122.760047006, 48.112115728 ], [ -122.760047007, 48.112115727 ], [ -122.760047008, 48.112115727 ], [ -122.76014296, 48.112070941 ], [ -122.760142961, 48.11207094 ], [ -122.760142962, 48.11207094 ], [ -122.760142963, 48.112070939 ], [ -122.760142964, 48.112070938 ], [ -122.760142965, 48.112070937 ], [ -122.760142965, 48.112070936 ], [ -122.760142966, 48.112070935 ], [ -122.760142966, 48.112070934 ], [ -122.760142966, 48.112070933 ], [ -122.760142965, 48.112070932 ], [ -122.760142965, 48.112070931 ], [ -122.760142965, 48.11207093 ], [ -122.760142964, 48.112070929 ], [ -122.760142963, 48.112070928 ], [ -122.760142962, 48.112070928 ], [ -122.760142962, 48.112070927 ], [ -122.760142961, 48.112070927 ], [ -122.760142959, 48.112070926 ], [ -122.760142958, 48.112070926 ], [ -122.760132654, 48.112067439 ], [ -122.760132653, 48.112067439 ], [ -122.760132652, 48.112067439 ], [ -122.76013265, 48.112067439 ], [ -122.760132649, 48.112067438 ], [ -122.760089947, 48.112066598 ], [ -122.760047679, 48.112065782 ], [ -122.760044621, 48.11206569 ], [ -122.760034695, 48.112065056 ], [ -122.759905122, 48.112053246 ], [ -122.75989498, 48.112052028 ], [ -122.759877738, 48.112048546 ], [ -122.759764069, 48.11201936 ], [ -122.759747156, 48.11201386 ], [ -122.759731707, 48.112006693 ], [ -122.759718064, 48.111998035 ], [ -122.759706541, 48.111988083 ], [ -122.759162351, 48.111434553 ], [ -122.758922193, 48.111183348 ], [ -122.758922193, 48.111183347 ], [ -122.758922193, 48.111183346 ], [ -122.758922194, 48.111183345 ], [ -122.758922195, 48.111183344 ], [ -122.758922195, 48.111183343 ], [ -122.758922195, 48.111183342 ], [ -122.758922195, 48.111183341 ], [ -122.758922195, 48.11118334 ], [ -122.758922194, 48.111183339 ], [ -122.758922194, 48.111183338 ], [ -122.758922193, 48.111183337 ], [ -122.758902371, 48.111162556 ], [ -122.758892637, 48.111150321 ], [ -122.758886186, 48.111137081 ], [ -122.758883169, 48.111123347 ], [ -122.758883729, 48.111109544 ], [ -122.758887621, 48.111095849 ], [ -122.758894868, 48.11108286 ], [ -122.758905358, 48.111070923 ], [ -122.758918719, 48.111060301 ], [ -122.758934577, 48.111051259 ], [ -122.758952441, 48.111044234 ], [ -122.758971798, 48.111039237 ], [ -122.758992022, 48.111036536 ], [ -122.759011577, 48.111036161 ], [ -122.759030836, 48.111037847 ], [ -122.759049541, 48.111041515 ], [ -122.759067176, 48.111047087 ], [ -122.759083226, 48.111054489 ], [ -122.759097301, 48.111063557 ], [ -122.759109131, 48.111073952 ], [ -122.759142884, 48.111109373 ], [ -122.759142885, 48.111109374 ], [ -122.759142886, 48.111109375 ], [ -122.759142887, 48.111109375 ], [ -122.759142888, 48.111109376 ], [ -122.759142889, 48.111109376 ], [ -122.75914289, 48.111109377 ], [ -122.759142891, 48.111109377 ], [ -122.759142893, 48.111109377 ], [ -122.759142894, 48.111109377 ], [ -122.759142895, 48.111109377 ], [ -122.759142897, 48.111109377 ], [ -122.759142898, 48.111109377 ], [ -122.759142899, 48.111109377 ], [ -122.7591429, 48.111109377 ], [ -122.759142902, 48.111109376 ], [ -122.759142957, 48.111109358 ], [ -122.759368224, 48.111344991 ], [ -122.759889877, 48.111875586 ], [ -122.759889878, 48.111875586 ], [ -122.759889879, 48.111875587 ], [ -122.75988988, 48.111875588 ], [ -122.759889881, 48.111875588 ], [ -122.759889883, 48.111875589 ], [ -122.759889884, 48.111875589 ], [ -122.759952345, 48.111891622 ], [ -122.759952347, 48.111891622 ], [ -122.759952348, 48.111891622 ], [ -122.760061341, 48.111901567 ], [ -122.760061342, 48.111901567 ], [ -122.760167166, 48.111903627 ], [ -122.760185016, 48.111904859 ], [ -122.760202411, 48.111907812 ], [ -122.760218983, 48.111912441 ], [ -122.760346038, 48.111955463 ], [ -122.760349512, 48.111956681 ], [ -122.76034956, 48.111956702 ], [ -122.760349561, 48.111956702 ], [ -122.760354487, 48.11195861 ], [ -122.760366365, 48.111964132 ], [ -122.760366479, 48.111964184 ], [ -122.760368869, 48.111965487 ], [ -122.76036887, 48.111965487 ], [ -122.760368871, 48.111965488 ], [ -122.760368872, 48.111965488 ], [ -122.760368874, 48.111965488 ], [ -122.760368875, 48.111965489 ], [ -122.760368876, 48.111965489 ], [ -122.760368878, 48.111965489 ], [ -122.760368879, 48.111965489 ], [ -122.76036888, 48.111965489 ], [ -122.760368882, 48.111965488 ], [ -122.760368883, 48.111965488 ], [ -122.760368884, 48.111965488 ], [ -122.760368885, 48.111965487 ], [ -122.760396211, 48.111952733 ], [ -122.760456814, 48.111935132 ], [ -122.760534671, 48.1119364 ], [ -122.760587254, 48.11201759 ], [ -122.760652467, 48.112106853 ], [ -122.760691763, 48.11216011 ], [ -122.760691763, 48.112160111 ], [ -122.760691762, 48.112160112 ], [ -122.760691762, 48.112160113 ], [ -122.760691761, 48.112160114 ], [ -122.760691761, 48.112160115 ], [ -122.760691761, 48.112160116 ], [ -122.760691762, 48.112160117 ], [ -122.760691762, 48.112160118 ], [ -122.760691763, 48.112160119 ], [ -122.760700328, 48.112171725 ], [ -122.76075041, 48.112234285 ], [ -122.760756528, 48.112241925 ], [ -122.760756528, 48.112241926 ], [ -122.760756529, 48.112241927 ], [ -122.76075653, 48.112241927 ], [ -122.760756531, 48.112241928 ], [ -122.760756532, 48.112241928 ], [ -122.760756533, 48.112241929 ], [ -122.760762885, 48.112244118 ], [ -122.760780918, 48.112250331 ], [ -122.760826885, 48.11226617 ], [ -122.760807516, 48.112268874 ], [ -122.760668603, 48.112268715 ], [ -122.760668601, 48.112268715 ], [ -122.7606686, 48.112268715 ], [ -122.760668599, 48.112268715 ], [ -122.760668598, 48.112268716 ], [ -122.760668596, 48.112268716 ], [ -122.760668595, 48.112268717 ], [ -122.760668594, 48.112268717 ], [ -122.760668593, 48.112268718 ], [ -122.760668592, 48.112268718 ], [ -122.760668592, 48.112268719 ], [ -122.760668591, 48.11226872 ], [ -122.76066859, 48.112268721 ], [ -122.76066859, 48.112268722 ], [ -122.760668589, 48.112268723 ], [ -122.760668589, 48.112268724 ], [ -122.760668589, 48.112268725 ], [ -122.760668589, 48.112268726 ], [ -122.76066859, 48.112268727 ], [ -122.760668591, 48.112268728 ], [ -122.760668591, 48.112268729 ], [ -122.760692242, 48.112293213 ], [ -122.760695093, 48.112296164 ], [ -122.760695094, 48.112296165 ], [ -122.760695095, 48.112296165 ], [ -122.760695096, 48.112296166 ], [ -122.760695097, 48.112296166 ], [ -122.760695098, 48.112296167 ], [ -122.760695099, 48.112296167 ], [ -122.760695101, 48.112296168 ], [ -122.760695102, 48.112296168 ], [ -122.760695103, 48.112296168 ], [ -122.760695105, 48.112296168 ], [ -122.760809574, 48.112296299 ], [ -122.760809575, 48.112296299 ], [ -122.760810196, 48.112296293 ], [ -122.760810198, 48.112296293 ], [ -122.760813764, 48.112296014 ], [ -122.760813765, 48.112296014 ], [ -122.7609056, 48.112283191 ], [ -122.760931049, 48.112279638 ], [ -122.761076875, 48.112265929 ], [ -122.761076877, 48.112265929 ], [ -122.761145777, 48.112252352 ], [ -122.761192636, 48.112243117 ], [ -122.761308277, 48.112220329 ], [ -122.761308278, 48.112220329 ], [ -122.76130828, 48.112220329 ], [ -122.761377317, 48.112196061 ], [ -122.761640708, 48.112103475 ], [ -122.76165599, 48.112119086 ], [ -122.761673656, 48.112137129 ], [ -122.761673657, 48.11213713 ], [ -122.761673658, 48.112137131 ], [ -122.761673659, 48.112137131 ], [ -122.76167366, 48.112137132 ], [ -122.761673661, 48.112137132 ], [ -122.761673662, 48.112137133 ], [ -122.761673663, 48.112137133 ], [ -122.761673665, 48.112137133 ], [ -122.761673666, 48.112137134 ], [ -122.761673667, 48.112137134 ], [ -122.761673669, 48.112137134 ], [ -122.76167367, 48.112137133 ], [ -122.761673671, 48.112137133 ], [ -122.761673672, 48.112137133 ], [ -122.761673674, 48.112137133 ], [ -122.761673675, 48.112137132 ], [ -122.761805633, 48.112081789 ], [ -122.76185145, 48.112062124 ], [ -122.762009731, 48.111994186 ], [ -122.762231338, 48.111899285 ], [ -122.762294847, 48.111872019 ], [ -122.762352576, 48.111847236 ], [ -122.762416004, 48.111820006 ], [ -122.762422285, 48.111817309 ], [ -122.762422286, 48.111817309 ], [ -122.762422287, 48.111817308 ], [ -122.762422288, 48.111817307 ], [ -122.762422289, 48.111817306 ], [ -122.76242229, 48.111817305 ], [ -122.76242229, 48.111817304 ], [ -122.762422291, 48.111817303 ], [ -122.762422291, 48.111817302 ], [ -122.762422291, 48.111817301 ], [ -122.762422291, 48.1118173 ], [ -122.76242229, 48.111817299 ], [ -122.76242229, 48.111817298 ], [ -122.762422289, 48.111817298 ], [ -122.762422289, 48.111817297 ], [ -122.762411571, 48.111806023 ], [ -122.76241157, 48.111806022 ], [ -122.762411569, 48.111806021 ], [ -122.762411568, 48.111806021 ], [ -122.762411567, 48.11180602 ], [ -122.762411566, 48.11180602 ], [ -122.762411565, 48.111806019 ], [ -122.762411564, 48.111806019 ], [ -122.762411563, 48.111806019 ], [ -122.762411561, 48.111806019 ], [ -122.76241156, 48.111806019 ], [ -122.762411559, 48.111806019 ], [ -122.762411557, 48.111806019 ], [ -122.762411556, 48.111806019 ], [ -122.762411555, 48.111806019 ], [ -122.762411553, 48.11180602 ], [ -122.762411552, 48.11180602 ], [ -122.762352644, 48.111832511 ], [ -122.76222328, 48.111890686 ], [ -122.762165543, 48.11191664 ], [ -122.761995748, 48.111978674 ], [ -122.761840554, 48.112035116 ], [ -122.761772903, 48.112053395 ], [ -122.762170613, 48.111899461 ], [ -122.762170614, 48.111899461 ], [ -122.762352673, 48.111826146 ], [ -122.762649547, 48.111706595 ], [ -122.762649548, 48.111706595 ], [ -122.762649549, 48.111706594 ], [ -122.762893015, 48.11156206 ], [ -122.762893016, 48.11156206 ], [ -122.762893017, 48.111562059 ], [ -122.763085578, 48.111407815 ], [ -122.763170083, 48.111340126 ], [ -122.76328475, 48.111244726 ], [ -122.76328475, 48.111244725 ], [ -122.763381436, 48.111161046 ], [ -122.763381437, 48.111161045 ], [ -122.763381438, 48.111161045 ], [ -122.763381438, 48.111161044 ], [ -122.763381438, 48.111161043 ], [ -122.763383527, 48.111159232 ], [ -122.76339483, 48.111149451 ], [ -122.763501824, 48.111056859 ], [ -122.763689074, 48.110940651 ], [ -122.76368911, 48.110940625 ], [ -122.763725148, 48.11091826 ], [ -122.763747975, 48.110906551 ], [ -122.763804882, 48.11087736 ], [ -122.763906106, 48.110825437 ], [ -122.763906107, 48.110825436 ], [ -122.763906108, 48.110825435 ], [ -122.763906109, 48.110825435 ], [ -122.763906109, 48.110825434 ], [ -122.763969479, 48.110792923 ], [ -122.764196806, 48.110692875 ], [ -122.764446184, 48.110583118 ], [ -122.764446686, 48.110582894 ], [ -122.764446812, 48.110582838 ], [ -122.764451614, 48.110580733 ], [ -122.764609162, 48.110525585 ], [ -122.764609164, 48.110525586 ], [ -122.764609165, 48.110525586 ], [ -122.764609166, 48.110525586 ], [ -122.764609167, 48.110525585 ], [ -122.764609169, 48.110525585 ], [ -122.76460917, 48.110525585 ], [ -122.764609171, 48.110525585 ], [ -122.764713499, 48.11048907 ], [ -122.764713686, 48.110489013 ], [ -122.764713686, 48.110489012 ], [ -122.764721503, 48.110486277 ], [ -122.764899279, 48.110424062 ], [ -122.764899281, 48.110424061 ], [ -122.76502004, 48.110370051 ], [ -122.765066134, 48.110351941 ], [ -122.765067143, 48.110351545 ], [ -122.76522609, 48.110289098 ], [ -122.76554668, 48.110163143 ], [ -122.765547062, 48.110162989 ], [ -122.765547063, 48.110162989 ], [ -122.765548872, 48.110162149 ], [ -122.765548873, 48.110162149 ], [ -122.76555789, 48.110157462 ], [ -122.765755775, 48.110054609 ], [ -122.765908545, 48.109998928 ], [ -122.765908546, 48.109998927 ], [ -122.765908547, 48.109998927 ], [ -122.765908548, 48.109998926 ], [ -122.765908549, 48.109998926 ], [ -122.76590855, 48.109998925 ], [ -122.765929694, 48.109978915 ], [ -122.765932217, 48.109976525 ], [ -122.765951455, 48.109958275 ], [ -122.765951997, 48.109957759 ], [ -122.766016231, 48.109896823 ], [ -122.766073817, 48.109842192 ], [ -122.766073818, 48.109842191 ], [ -122.766073819, 48.10984219 ], [ -122.766243385, 48.109583426 ], [ -122.766243386, 48.109583425 ], [ -122.766243386, 48.109583424 ], [ -122.766243386, 48.109583423 ], [ -122.766243386, 48.109583422 ], [ -122.766243386, 48.109583421 ], [ -122.766243386, 48.10958342 ], [ -122.766243386, 48.109583419 ], [ -122.766243385, 48.109583418 ], [ -122.766243384, 48.109583418 ], [ -122.766243384, 48.109583417 ], [ -122.766243383, 48.109583417 ], [ -122.76624668, 48.109578391 ], [ -122.766272853, 48.10954214 ], [ -122.766351022, 48.109433854 ], [ -122.766393548, 48.109398627 ], [ -122.766393635, 48.109398547 ], [ -122.766469617, 48.109335593 ], [ -122.766469617, 48.109335592 ], [ -122.766546247, 48.109258666 ], [ -122.766546247, 48.109258665 ], [ -122.766546248, 48.109258664 ], [ -122.766546248, 48.109258663 ], [ -122.76654625, 48.109258661 ], [ -122.766555955, 48.109248921 ], [ -122.766555956, 48.10924892 ], [ -122.766582927, 48.109204847 ], [ -122.76663426, 48.109165104 ], [ -122.766720097, 48.109123807 ], [ -122.766759141, 48.109118933 ], [ -122.766971793, 48.109114796 ], [ -122.767047867, 48.109170922 ], [ -122.7670716, 48.109201219 ], [ -122.7670716, 48.10920122 ], [ -122.767071601, 48.109201221 ], [ -122.767071601, 48.109201222 ], [ -122.767134422, 48.10928139 ], [ -122.767138862, 48.109287058 ], [ -122.767138863, 48.109287058 ], [ -122.767138864, 48.109287059 ], [ -122.767138864, 48.10928706 ], [ -122.767278397, 48.109391326 ], [ -122.767278398, 48.109391327 ], [ -122.767278399, 48.109391327 ], [ -122.7672784, 48.109391328 ], [ -122.767278402, 48.109391328 ], [ -122.767278403, 48.109391329 ], [ -122.767431402, 48.109426728 ], [ -122.767431404, 48.109426729 ], [ -122.767431405, 48.109426729 ], [ -122.767431406, 48.109426729 ], [ -122.767578873, 48.109429396 ], [ -122.767588296, 48.109429595 ], [ -122.767753082, 48.10960374 ], [ -122.767753083, 48.109603741 ], [ -122.767753084, 48.109603741 ], [ -122.767753085, 48.109603742 ], [ -122.767753086, 48.109603742 ], [ -122.767753087, 48.109603743 ], [ -122.767753088, 48.109603743 ], [ -122.767753089, 48.109603744 ], [ -122.767753091, 48.109603744 ], [ -122.767753092, 48.109603744 ], [ -122.767753093, 48.109603744 ], [ -122.767753095, 48.109603744 ], [ -122.767753096, 48.109603744 ], [ -122.767753097, 48.109603744 ], [ -122.767753098, 48.109603743 ], [ -122.7677531, 48.109603743 ], [ -122.767753101, 48.109603742 ], [ -122.76790301, 48.109538033 ], [ -122.768135817, 48.109435987 ], [ -122.768316234, 48.109356867 ], [ -122.768407332, 48.109316917 ], [ -122.768407338, 48.109316917 ], [ -122.76840734, 48.109316916 ], [ -122.768407341, 48.109316916 ], [ -122.768407342, 48.109316916 ], [ -122.768407343, 48.109316915 ], [ -122.768458287, 48.10929457 ], [ -122.76850614, 48.109288133 ], [ -122.768702133, 48.109276132 ], [ -122.768727289, 48.109278442 ], [ -122.76872729, 48.109278442 ], [ -122.768727291, 48.109278442 ], [ -122.768727293, 48.109278442 ], [ -122.768727298, 48.109278441 ], [ -122.768850071, 48.109289729 ], [ -122.768988226, 48.109313704 ], [ -122.769006804, 48.109316928 ], [ -122.769006805, 48.109316928 ], [ -122.769006806, 48.109316928 ], [ -122.769006808, 48.109316928 ], [ -122.769006809, 48.109316928 ], [ -122.76900681, 48.109316928 ], [ -122.769006812, 48.109316928 ], [ -122.769346215, 48.109237022 ], [ -122.769590411, 48.109179528 ], [ -122.769590412, 48.109179528 ], [ -122.769805221, 48.109118661 ], [ -122.769974612, 48.109070662 ], [ -122.770083412, 48.109039208 ], [ -122.770084054, 48.109039022 ], [ -122.770391076, 48.108950262 ], [ -122.77052755, 48.108951221 ], [ -122.770535236, 48.108951275 ], [ -122.770599941, 48.108951729 ], [ -122.770599942, 48.108951729 ], [ -122.770599943, 48.108951729 ], [ -122.770599945, 48.108951728 ], [ -122.770746011, 48.108921461 ], [ -122.770746012, 48.108921461 ], [ -122.770746014, 48.108921461 ], [ -122.770746015, 48.10892146 ], [ -122.770746016, 48.108921459 ], [ -122.77083375, 48.108867659 ], [ -122.770833751, 48.108867659 ], [ -122.770833752, 48.108867658 ], [ -122.770839695, 48.108861935 ], [ -122.770842898, 48.10885885 ], [ -122.77090055, 48.108803326 ], [ -122.770923356, 48.108793471 ], [ -122.771053281, 48.108737326 ], [ -122.771053282, 48.108737326 ], [ -122.771156943, 48.108690165 ], [ -122.771157246, 48.108690027 ], [ -122.771216058, 48.10866327 ], [ -122.771236336, 48.108654044 ], [ -122.771242015, 48.10865146 ], [ -122.771242015, 48.108651459 ], [ -122.771450215, 48.108543259 ], [ -122.771450216, 48.108543259 ], [ -122.771597207, 48.1084582 ], [ -122.771665882, 48.108418459 ], [ -122.771665883, 48.108418458 ], [ -122.771665884, 48.108418458 ], [ -122.771665885, 48.108418457 ], [ -122.771675374, 48.108407237 ], [ -122.771875548, 48.108319911 ], [ -122.771875749, 48.108319824 ], [ -122.771932151, 48.108295217 ], [ -122.771934581, 48.108293974 ], [ -122.771934582, 48.108293974 ], [ -122.771934583, 48.108293973 ], [ -122.771937099, 48.108292179 ], [ -122.7719371, 48.108292178 ], [ -122.772001742, 48.108236238 ], [ -122.77208432, 48.108164773 ], [ -122.772084644, 48.108164493 ], [ -122.772091033, 48.108158964 ], [ -122.772145352, 48.108111956 ], [ -122.772145352, 48.108111955 ], [ -122.772147177, 48.108110075 ], [ -122.772147178, 48.108110074 ], [ -122.772148015, 48.108108906 ], [ -122.772148016, 48.108108905 ], [ -122.772187756, 48.108045982 ], [ -122.772204546, 48.108019397 ], [ -122.7722056, 48.108017255 ], [ -122.7722056, 48.108017254 ], [ -122.772206112, 48.108015027 ], [ -122.772206112, 48.108015026 ], [ -122.772211937, 48.107960063 ], [ -122.772218486, 48.10789827 ], [ -122.772218486, 48.107898269 ], [ -122.772218516, 48.107896702 ], [ -122.772218516, 48.107896701 ], [ -122.772218276, 48.107895143 ], [ -122.772218276, 48.107895142 ], [ -122.772217646, 48.107893295 ], [ -122.772217645, 48.107893294 ], [ -122.772177786, 48.107805891 ], [ -122.772177786, 48.10780589 ], [ -122.772177787, 48.107805889 ], [ -122.772177787, 48.107805888 ], [ -122.772177787, 48.107805887 ], [ -122.772177787, 48.107805886 ], [ -122.772177787, 48.107805885 ], [ -122.772177786, 48.107805885 ], [ -122.772160008, 48.107766924 ], [ -122.772159467, 48.107765874 ], [ -122.772159466, 48.107765874 ], [ -122.772159123, 48.107765323 ], [ -122.772070252, 48.107632336 ], [ -122.772029219, 48.107570941 ], [ -122.772034118, 48.107548788 ], [ -122.772044562, 48.107501684 ], [ -122.772045827, 48.107501375 ], [ -122.772326136, 48.107780593 ], [ -122.772326137, 48.107780593 ], [ -122.772326137, 48.107780594 ], [ -122.772326138, 48.107780595 ], [ -122.772326139, 48.107780595 ], [ -122.772326141, 48.107780596 ], [ -122.772326142, 48.107780596 ], [ -122.772326143, 48.107780596 ], [ -122.772326144, 48.107780596 ], [ -122.772326146, 48.107780597 ], [ -122.772326147, 48.107780597 ], [ -122.772326148, 48.107780597 ], [ -122.772326149, 48.107780596 ], [ -122.772326151, 48.107780596 ], [ -122.772326152, 48.107780596 ], [ -122.772326153, 48.107780596 ], [ -122.772326154, 48.107780595 ], [ -122.772326155, 48.107780595 ], [ -122.772347892, 48.107769198 ], [ -122.772390477, 48.107746878 ], [ -122.77247031, 48.107826409 ], [ -122.772501595, 48.107857584 ], [ -122.772454977, 48.107885477 ], [ -122.772441539, 48.107893511 ], [ -122.772441538, 48.107893512 ], [ -122.772441537, 48.107893513 ], [ -122.772441536, 48.107893513 ], [ -122.772441536, 48.107893514 ], [ -122.772441535, 48.107893515 ], [ -122.772441535, 48.107893516 ], [ -122.772441535, 48.107893517 ], [ -122.772441534, 48.107893517 ], [ -122.772441534, 48.107893518 ], [ -122.772441534, 48.107893519 ], [ -122.772441535, 48.10789352 ], [ -122.772441535, 48.107893521 ], [ -122.772441535, 48.107893522 ], [ -122.772441536, 48.107893522 ], [ -122.772460074, 48.107917068 ], [ -122.772460075, 48.107917069 ], [ -122.772460119, 48.107917112 ], [ -122.772692662, 48.10821219 ], [ -122.772716734, 48.108243706 ], [ -122.772735994, 48.108268923 ], [ -122.772735995, 48.108268924 ], [ -122.772735996, 48.108268925 ], [ -122.772735997, 48.108268925 ], [ -122.772735998, 48.108268926 ], [ -122.772794731, 48.108300725 ], [ -122.772794732, 48.108300726 ], [ -122.772794734, 48.108300726 ], [ -122.772794735, 48.108300727 ], [ -122.772794736, 48.108300727 ], [ -122.772794737, 48.108300727 ], [ -122.772794738, 48.108300727 ], [ -122.77279474, 48.108300727 ], [ -122.772794741, 48.108300727 ], [ -122.772794742, 48.108300727 ], [ -122.772794899, 48.108300708 ], [ -122.772949408, 48.108281261 ], [ -122.772957607, 48.108281128 ], [ -122.772957608, 48.108281128 ], [ -122.77295761, 48.108281127 ], [ -122.772957611, 48.108281127 ], [ -122.772957612, 48.108281127 ], [ -122.772957613, 48.108281127 ], [ -122.772957614, 48.108281126 ], [ -122.773110348, 48.108215126 ], [ -122.773110349, 48.108215126 ], [ -122.773230664, 48.10815331 ], [ -122.773280215, 48.108131851 ], [ -122.773488389, 48.108041697 ], [ -122.773602533, 48.107992265 ], [ -122.773603138, 48.107991992 ], [ -122.773607334, 48.10799003 ], [ -122.773802278, 48.10793306 ], [ -122.77380228, 48.10793306 ], [ -122.773802281, 48.107933059 ], [ -122.773938481, 48.10786466 ], [ -122.773965191, 48.107855449 ], [ -122.773970851, 48.107853497 ], [ -122.773977032, 48.107851366 ], [ -122.77403128, 48.10783266 ], [ -122.774031281, 48.107832659 ], [ -122.774031282, 48.107832659 ], [ -122.774031283, 48.107832658 ], [ -122.774031284, 48.107832658 ], [ -122.774031285, 48.107832657 ], [ -122.774031285, 48.107832656 ], [ -122.774031286, 48.107832655 ], [ -122.774031287, 48.107832654 ], [ -122.774031287, 48.107832653 ], [ -122.774031287, 48.107832652 ], [ -122.774031287, 48.107832651 ], [ -122.774031287, 48.10783265 ], [ -122.774031287, 48.107832649 ], [ -122.774031286, 48.107832649 ], [ -122.774031286, 48.107832648 ], [ -122.774031285, 48.107832647 ], [ -122.774018116, 48.107817936 ], [ -122.774029757, 48.10781289 ], [ -122.774029758, 48.107812889 ], [ -122.774032358, 48.107811552 ], [ -122.774032359, 48.107811551 ], [ -122.77403236, 48.107811551 ], [ -122.774034608, 48.107809953 ], [ -122.774034609, 48.107809952 ], [ -122.774036447, 48.107808135 ], [ -122.774036448, 48.107808134 ], [ -122.774036448, 48.107808133 ], [ -122.774037829, 48.107806143 ], [ -122.77403783, 48.107806142 ], [ -122.774038719, 48.107804028 ], [ -122.774038719, 48.107804027 ], [ -122.77403872, 48.107804026 ], [ -122.774039093, 48.107801846 ], [ -122.774039093, 48.107801845 ], [ -122.774038942, 48.107799652 ], [ -122.774038942, 48.107799651 ], [ -122.774033808, 48.107772579 ], [ -122.774033808, 48.107772578 ], [ -122.774033807, 48.107772578 ], [ -122.774033807, 48.107772577 ], [ -122.774033806, 48.107772576 ], [ -122.774033806, 48.107772575 ], [ -122.773931847, 48.107673123 ], [ -122.773800251, 48.107544761 ], [ -122.77380025, 48.10754476 ], [ -122.773800249, 48.107544759 ], [ -122.773800248, 48.107544759 ], [ -122.77374495, 48.107490823 ], [ -122.773744949, 48.107490822 ], [ -122.773744948, 48.107490822 ], [ -122.773744947, 48.107490821 ], [ -122.773744946, 48.107490821 ], [ -122.773744945, 48.10749082 ], [ -122.773744944, 48.10749082 ], [ -122.773744943, 48.10749082 ], [ -122.773744941, 48.107490819 ], [ -122.77374494, 48.107490819 ], [ -122.773744939, 48.107490819 ], [ -122.773744937, 48.107490819 ], [ -122.773744936, 48.107490819 ], [ -122.773744935, 48.10749082 ], [ -122.773744934, 48.10749082 ], [ -122.773744932, 48.10749082 ], [ -122.773744931, 48.107490821 ], [ -122.77374493, 48.107490821 ], [ -122.773744929, 48.107490822 ], [ -122.773744928, 48.107490823 ], [ -122.773744927, 48.107490824 ], [ -122.773744926, 48.107490825 ], [ -122.773744926, 48.107490826 ], [ -122.773744926, 48.107490827 ], [ -122.773744926, 48.107490828 ], [ -122.773744926, 48.107490829 ], [ -122.773744926, 48.10749083 ], [ -122.773744926, 48.107490831 ], [ -122.773744927, 48.107490832 ], [ -122.773744928, 48.107490833 ], [ -122.77378105, 48.107531334 ], [ -122.773799449, 48.10755198 ], [ -122.773799449, 48.107551981 ], [ -122.77379945, 48.107551981 ], [ -122.773799451, 48.107551982 ], [ -122.773799452, 48.107551983 ], [ -122.773799453, 48.107551983 ], [ -122.773799454, 48.107551983 ], [ -122.773799456, 48.107551984 ], [ -122.773799457, 48.107551984 ], [ -122.773799458, 48.107551984 ], [ -122.773799459, 48.107551984 ], [ -122.773799461, 48.107551984 ], [ -122.773799462, 48.107551984 ], [ -122.773799463, 48.107551984 ], [ -122.773911998, 48.107678176 ], [ -122.773928081, 48.107696212 ], [ -122.773932013, 48.10770062 ], [ -122.773932013, 48.107700621 ], [ -122.773933919, 48.10770239 ], [ -122.773933919, 48.107702391 ], [ -122.773987174, 48.107744328 ], [ -122.773996571, 48.107793872 ], [ -122.773938424, 48.107728921 ], [ -122.77389652, 48.107682111 ], [ -122.773815006, 48.107591059 ], [ -122.7737974, 48.107571392 ], [ -122.773797399, 48.107571392 ], [ -122.773797399, 48.107571391 ], [ -122.773797398, 48.10757139 ], [ -122.773797397, 48.10757139 ], [ -122.773797396, 48.107571389 ], [ -122.773797394, 48.107571389 ], [ -122.773797393, 48.107571389 ], [ -122.773797392, 48.107571388 ], [ -122.773720479, 48.10748547 ], [ -122.773589689, 48.107339382 ], [ -122.773447347, 48.107200531 ], [ -122.773437294, 48.107188742 ], [ -122.773430271, 48.107176007 ], [ -122.773426467, 48.107162663 ], [ -122.77342628, 48.107156831 ], [ -122.773426279, 48.10715683 ], [ -122.773426279, 48.107156829 ], [ -122.773426279, 48.107156828 ], [ -122.773426278, 48.107156827 ], [ -122.773426278, 48.107156826 ], [ -122.773201361, 48.106905586 ], [ -122.773239744, 48.106886353 ], [ -122.773244827, 48.10691236 ], [ -122.773249339, 48.106935458 ], [ -122.773249849, 48.106938019 ], [ -122.773250408, 48.106939872 ], [ -122.773250409, 48.106939873 ], [ -122.773251333, 48.106941665 ], [ -122.773251334, 48.106941666 ], [ -122.773252638, 48.106943355 ], [ -122.773428488, 48.107137387 ], [ -122.773428488, 48.107137388 ], [ -122.773428489, 48.107137388 ], [ -122.77342849, 48.107137389 ], [ -122.773428491, 48.10713739 ], [ -122.773428492, 48.10713739 ], [ -122.773428493, 48.10713739 ], [ -122.773428495, 48.107137391 ], [ -122.773428496, 48.107137391 ], [ -122.773428497, 48.107137391 ], [ -122.773428498, 48.107137391 ], [ -122.7734285, 48.107137391 ], [ -122.773428501, 48.107137391 ], [ -122.773428502, 48.107137391 ], [ -122.773428504, 48.107137391 ], [ -122.773428505, 48.10713739 ], [ -122.773428506, 48.10713739 ], [ -122.773428507, 48.10713739 ], [ -122.773428508, 48.107137389 ], [ -122.773428509, 48.107137388 ], [ -122.77342851, 48.107137388 ], [ -122.773428511, 48.107137387 ], [ -122.773428511, 48.107137386 ], [ -122.773428512, 48.107137385 ], [ -122.773428512, 48.107137384 ], [ -122.773428885, 48.107135653 ], [ -122.773435028, 48.107122717 ], [ -122.773440204, 48.107115935 ], [ -122.77344426, 48.107110631 ], [ -122.773448585, 48.107106725 ], [ -122.773448585, 48.107106724 ], [ -122.773448586, 48.107106723 ], [ -122.773448587, 48.107106722 ], [ -122.773448587, 48.107106721 ], [ -122.773448587, 48.10710672 ], [ -122.773448587, 48.107106719 ], [ -122.773448587, 48.107106718 ], [ -122.773448587, 48.107106717 ], [ -122.773448587, 48.107106716 ], [ -122.773448586, 48.107106715 ], [ -122.773448585, 48.107106715 ], [ -122.773289878, 48.106931598 ], [ -122.773281841, 48.106890492 ], [ -122.773281592, 48.106889153 ], [ -122.773292298, 48.106884312 ], [ -122.773438725, 48.106818219 ], [ -122.77402408, 48.107402669 ], [ -122.774196196, 48.107574529 ], [ -122.774196197, 48.107574529 ], [ -122.774222333, 48.107599223 ], [ -122.77422625, 48.107602917 ], [ -122.774226251, 48.107602918 ], [ -122.774226252, 48.107602919 ], [ -122.774226253, 48.107602919 ], [ -122.774226254, 48.10760292 ], [ -122.774226255, 48.107602921 ], [ -122.77424776, 48.107623234 ], [ -122.774298595, 48.107671257 ], [ -122.774298596, 48.107671257 ], [ -122.774298597, 48.107671258 ], [ -122.774298598, 48.107671259 ], [ -122.774394799, 48.107718726 ], [ -122.7743948, 48.107718726 ], [ -122.774394801, 48.107718727 ], [ -122.774394802, 48.107718727 ], [ -122.774394803, 48.107718727 ], [ -122.774394805, 48.107718727 ], [ -122.774479664, 48.107727596 ], [ -122.774494613, 48.107729158 ], [ -122.774505805, 48.107730327 ], [ -122.774505807, 48.107730327 ], [ -122.774505808, 48.107730327 ], [ -122.774505809, 48.107730327 ], [ -122.77450581, 48.107730327 ], [ -122.774506479, 48.107730228 ], [ -122.774506957, 48.107730157 ], [ -122.774529279, 48.107726857 ], [ -122.774676677, 48.10770506 ], [ -122.774676679, 48.10770506 ], [ -122.77467668, 48.107705059 ], [ -122.774976918, 48.107609265 ], [ -122.775262147, 48.10751826 ], [ -122.77529923, 48.107504337 ], [ -122.775839828, 48.107301373 ], [ -122.775856509, 48.107296232 ], [ -122.775914118, 48.10728644 ], [ -122.77591412, 48.10728644 ], [ -122.775914121, 48.107286439 ], [ -122.775914122, 48.107286439 ], [ -122.775919639, 48.107284298 ], [ -122.775926995, 48.107281526 ], [ -122.776366077, 48.107116286 ], [ -122.776366078, 48.107116285 ], [ -122.776366079, 48.107116285 ], [ -122.77636608, 48.107116284 ], [ -122.776366081, 48.107116284 ], [ -122.776366082, 48.107116283 ], [ -122.776366083, 48.107116283 ], [ -122.776830079, 48.106941662 ], [ -122.77683008, 48.106941662 ], [ -122.776830081, 48.106941662 ], [ -122.776830083, 48.106941662 ], [ -122.776830084, 48.106941662 ], [ -122.776830085, 48.106941661 ], [ -122.776830086, 48.106941661 ], [ -122.776878633, 48.106923391 ], [ -122.776943848, 48.106898848 ], [ -122.777151482, 48.106810059 ], [ -122.777371808, 48.106726989 ], [ -122.777389115, 48.106723723 ], [ -122.777389116, 48.106723722 ], [ -122.777391115, 48.106723269 ], [ -122.777391116, 48.106723269 ], [ -122.777393526, 48.106722502 ], [ -122.777393527, 48.106722502 ], [ -122.778039111, 48.106481545 ], [ -122.778039889, 48.10648124 ], [ -122.77803989, 48.106481239 ], [ -122.7780426, 48.106479902 ], [ -122.778042601, 48.106479902 ], [ -122.778060674, 48.106469344 ], [ -122.778093661, 48.106450075 ], [ -122.778226615, 48.106397192 ], [ -122.778247224, 48.106389871 ], [ -122.778319535, 48.106364183 ], [ -122.778348012, 48.106355977 ], [ -122.778348013, 48.106355977 ], [ -122.778350416, 48.106355154 ], [ -122.778350417, 48.106355154 ], [ -122.77839388, 48.106337772 ], [ -122.778561214, 48.106278326 ], [ -122.778561215, 48.106278325 ], [ -122.778561217, 48.106278325 ], [ -122.778603095, 48.106254099 ], [ -122.778617658, 48.106248274 ], [ -122.778753946, 48.106193767 ], [ -122.778753947, 48.106193767 ], [ -122.77875665, 48.106192455 ], [ -122.778756651, 48.106192455 ], [ -122.778756652, 48.106192454 ], [ -122.778758999, 48.106190866 ], [ -122.778759, 48.106190865 ], [ -122.778760932, 48.106189042 ], [ -122.778760933, 48.106189041 ], [ -122.778762396, 48.106187032 ], [ -122.778762397, 48.106187031 ], [ -122.778762397, 48.10618703 ], [ -122.778763352, 48.106184888 ], [ -122.778763353, 48.106184888 ], [ -122.778763353, 48.106184887 ], [ -122.778763777, 48.10618267 ], [ -122.778763777, 48.106182669 ], [ -122.778763656, 48.106180435 ], [ -122.778763656, 48.106180434 ], [ -122.778762995, 48.106178243 ], [ -122.778762995, 48.106178242 ], [ -122.778757587, 48.106165693 ], [ -122.778780884, 48.106150658 ], [ -122.778780885, 48.106150657 ], [ -122.778780886, 48.106150657 ], [ -122.778780887, 48.106150656 ], [ -122.778780887, 48.106150655 ], [ -122.778780888, 48.106150654 ], [ -122.778780888, 48.106150653 ], [ -122.778780888, 48.106150652 ], [ -122.778780888, 48.106150651 ], [ -122.778780888, 48.10615065 ], [ -122.778780888, 48.106150649 ], [ -122.778780888, 48.106150648 ], [ -122.778780887, 48.106150648 ], [ -122.778777752, 48.106146117 ], [ -122.778754455, 48.106112446 ], [ -122.778701918, 48.106036514 ], [ -122.778694313, 48.106018867 ], [ -122.778694312, 48.106018866 ], [ -122.778694312, 48.106018865 ], [ -122.778694311, 48.106018864 ], [ -122.77869431, 48.106018864 ], [ -122.77869431, 48.106018863 ], [ -122.778694309, 48.106018862 ], [ -122.778694308, 48.106018862 ], [ -122.778694307, 48.106018862 ], [ -122.778651805, 48.10592022 ], [ -122.778650616, 48.105917491 ], [ -122.778643371, 48.105894478 ], [ -122.778614031, 48.105801477 ], [ -122.778613023, 48.105799247 ], [ -122.778613022, 48.105799246 ], [ -122.778611916, 48.105797682 ], [ -122.778611915, 48.105797682 ], [ -122.778122683, 48.105203966 ], [ -122.778124343, 48.105084967 ], [ -122.778206929, 48.10518299 ], [ -122.778287808, 48.105276482 ], [ -122.778437822, 48.105449909 ], [ -122.778561128, 48.105592442 ], [ -122.778574118, 48.10560746 ], [ -122.778574118, 48.105607461 ], [ -122.778574118, 48.105607462 ], [ -122.778574119, 48.105607462 ], [ -122.77862913, 48.105671056 ], [ -122.778629131, 48.105671057 ], [ -122.778629132, 48.105671058 ], [ -122.778629133, 48.105671058 ], [ -122.778671403, 48.105691571 ], [ -122.778676728, 48.105694155 ], [ -122.778683533, 48.105697458 ], [ -122.778717066, 48.105715991 ], [ -122.778717067, 48.105715992 ], [ -122.778717068, 48.105715992 ], [ -122.77871707, 48.105715993 ], [ -122.778717071, 48.105715993 ], [ -122.778717072, 48.105715993 ], [ -122.778734007, 48.105717817 ], [ -122.778889806, 48.105734593 ], [ -122.778889807, 48.105734594 ], [ -122.778889808, 48.105734594 ], [ -122.77888981, 48.105734594 ], [ -122.778889811, 48.105734593 ], [ -122.779296665, 48.105683112 ], [ -122.779297607, 48.105682993 ], [ -122.77942721, 48.105666593 ], [ -122.779427211, 48.105666593 ], [ -122.779427213, 48.105666593 ], [ -122.779985206, 48.10551484 ], [ -122.779994791, 48.105512233 ], [ -122.78031728, 48.105424526 ], [ -122.780317281, 48.105424525 ], [ -122.780363849, 48.105407334 ], [ -122.780649581, 48.105301846 ], [ -122.780791904, 48.105249302 ], [ -122.780831323, 48.105234749 ], [ -122.780831324, 48.105234749 ], [ -122.780831325, 48.105234748 ], [ -122.780831326, 48.105234748 ], [ -122.780831327, 48.105234747 ], [ -122.780831328, 48.105234746 ], [ -122.780831329, 48.105234746 ], [ -122.780831329, 48.105234745 ], [ -122.78083133, 48.105234744 ], [ -122.78083133, 48.105234743 ], [ -122.780833709, 48.105226157 ], [ -122.780838579, 48.105208585 ], [ -122.78084052, 48.10520067 ], [ -122.780840521, 48.105200669 ], [ -122.780840521, 48.105200668 ], [ -122.780840522, 48.105200667 ], [ -122.780840522, 48.105200666 ], [ -122.780840523, 48.105200665 ], [ -122.780841243, 48.105197717 ], [ -122.780842929, 48.105190852 ], [ -122.780846769, 48.105173128 ], [ -122.78085009, 48.105155243 ], [ -122.7808529, 48.105137368 ], [ -122.780855709, 48.105119493 ], [ -122.780857497, 48.105101638 ], [ -122.780859284, 48.105083783 ], [ -122.780859284, 48.105083782 ], [ -122.780860664, 48.105056511 ], [ -122.780862029, 48.10504072 ], [ -122.780862883, 48.105024939 ], [ -122.780863736, 48.105009159 ], [ -122.780863736, 48.105009158 ], [ -122.780863567, 48.104993397 ], [ -122.780863398, 48.104977636 ], [ -122.780863229, 48.104961875 ], [ -122.780862038, 48.104946134 ], [ -122.780862038, 48.104946133 ], [ -122.780860328, 48.104930231 ], [ -122.780858625, 48.1049145 ], [ -122.780856411, 48.104898778 ], [ -122.780853686, 48.104883066 ], [ -122.780850968, 48.104867526 ], [ -122.78084722, 48.104851834 ], [ -122.78084348, 48.104836314 ], [ -122.780839228, 48.104820803 ], [ -122.780834466, 48.104805302 ], [ -122.780829192, 48.104789811 ], [ -122.780823925, 48.104774492 ], [ -122.780823925, 48.104774491 ], [ -122.780817636, 48.104759192 ], [ -122.780811354, 48.104744063 ], [ -122.780805065, 48.104728763 ], [ -122.780797768, 48.104713825 ], [ -122.780790472, 48.104698888 ], [ -122.780782664, 48.10468396 ], [ -122.780774344, 48.104669042 ], [ -122.780765529, 48.104654477 ], [ -122.780756713, 48.104639911 ], [ -122.780747386, 48.104625356 ], [ -122.780747386, 48.104625355 ], [ -122.780737555, 48.104610981 ], [ -122.780727221, 48.104596788 ], [ -122.780716886, 48.104582594 ], [ -122.780706048, 48.104568582 ], [ -122.780694705, 48.104554751 ], [ -122.780682852, 48.104540929 ], [ -122.780671006, 48.10452728 ], [ -122.780671006, 48.104527279 ], [ -122.780658656, 48.104513811 ], [ -122.780658656, 48.10451381 ], [ -122.780645802, 48.104500523 ], [ -122.780644189, 48.104498876 ], [ -122.780765024, 48.104488653 ], [ -122.780836731, 48.104472915 ], [ -122.780845147, 48.104484503 ], [ -122.780861482, 48.10450732 ], [ -122.780876802, 48.104530326 ], [ -122.780891099, 48.104553353 ], [ -122.780905412, 48.104576722 ], [ -122.78091922, 48.104600271 ], [ -122.780932006, 48.104623842 ], [ -122.780944289, 48.104647592 ], [ -122.780956067, 48.104671524 ], [ -122.780966823, 48.104695476 ], [ -122.780977594, 48.10471977 ], [ -122.780987335, 48.104743914 ], [ -122.780996579, 48.104768409 ], [ -122.781004801, 48.104792924 ], [ -122.781012512, 48.104817449 ], [ -122.781019719, 48.104842155 ], [ -122.781026415, 48.104866871 ], [ -122.781032606, 48.104891768 ], [ -122.781037776, 48.104916685 ], [ -122.781042434, 48.104941612 ], [ -122.781048832, 48.104983126 ], [ -122.781050133, 48.105013258 ], [ -122.781050405, 48.105043238 ], [ -122.781049654, 48.105073239 ], [ -122.781049165, 48.10508474 ], [ -122.781048384, 48.105103079 ], [ -122.781047005, 48.105126429 ], [ -122.781046611, 48.105133099 ], [ -122.781044457, 48.105156047 ], [ -122.781044457, 48.105156048 ], [ -122.781044457, 48.105156049 ], [ -122.781044457, 48.10515605 ], [ -122.781044458, 48.105156051 ], [ -122.781044458, 48.105156052 ], [ -122.781044459, 48.105156052 ], [ -122.781044459, 48.105156053 ], [ -122.78104446, 48.105156054 ], [ -122.781044461, 48.105156055 ], [ -122.781044462, 48.105156055 ], [ -122.781044463, 48.105156056 ], [ -122.781044464, 48.105156056 ], [ -122.781044465, 48.105156056 ], [ -122.781044467, 48.105156057 ], [ -122.781044468, 48.105156057 ], [ -122.781044469, 48.105156057 ], [ -122.781044471, 48.105156057 ], [ -122.781044472, 48.105156057 ], [ -122.781044473, 48.105156057 ], [ -122.781044474, 48.105156057 ], [ -122.781044476, 48.105156056 ], [ -122.781044477, 48.105156056 ], [ -122.781171414, 48.105109192 ], [ -122.781171415, 48.105109192 ], [ -122.781461281, 48.104996592 ], [ -122.781461282, 48.104996592 ], [ -122.781618506, 48.104929228 ], [ -122.781618507, 48.104929228 ], [ -122.781618508, 48.104929227 ], [ -122.781693598, 48.104877324 ], [ -122.781799937, 48.104803822 ], [ -122.781985226, 48.104675746 ], [ -122.782039472, 48.104639878 ], [ -122.782039473, 48.104639877 ], [ -122.782134019, 48.104555857 ], [ -122.78213402, 48.104555856 ], [ -122.78213402, 48.104555855 ], [ -122.782134021, 48.104555854 ], [ -122.782134021, 48.104555853 ], [ -122.782134021, 48.104555852 ], [ -122.782149408, 48.104486994 ], [ -122.782151089, 48.104479468 ], [ -122.782156319, 48.104456068 ], [ -122.78215802, 48.104448453 ], [ -122.782164835, 48.104429879 ], [ -122.782176479, 48.104420778 ], [ -122.782182068, 48.10441641 ], [ -122.78218258, 48.104415994 ], [ -122.782182581, 48.104415994 ], [ -122.782182982, 48.104415642 ], [ -122.782200565, 48.104399722 ], [ -122.782226302, 48.104376419 ], [ -122.782226303, 48.104376418 ], [ -122.782226304, 48.104376417 ], [ -122.782226305, 48.104376416 ], [ -122.782226305, 48.104376415 ], [ -122.782226305, 48.104376414 ], [ -122.782226305, 48.104376413 ], [ -122.782226305, 48.104376412 ], [ -122.782226305, 48.104376411 ], [ -122.782226304, 48.10437641 ], [ -122.782226303, 48.104376409 ], [ -122.782226302, 48.104376408 ], [ -122.782226301, 48.104376407 ], [ -122.7822263, 48.104376407 ], [ -122.782226299, 48.104376406 ], [ -122.782226298, 48.104376406 ], [ -122.782226297, 48.104376405 ], [ -122.782226296, 48.104376405 ], [ -122.782226294, 48.104376405 ], [ -122.782226293, 48.104376405 ], [ -122.782226292, 48.104376405 ], [ -122.78222629, 48.104376405 ], [ -122.782226289, 48.104376405 ], [ -122.782218943, 48.104377333 ], [ -122.78221769, 48.104377476 ], [ -122.782175666, 48.104382285 ], [ -122.782132367, 48.104386722 ], [ -122.782061001, 48.104392903 ], [ -122.782021199, 48.104395388 ], [ -122.781981382, 48.104397531 ], [ -122.781941551, 48.104399331 ], [ -122.78190169, 48.104400446 ], [ -122.781861303, 48.104401229 ], [ -122.781821405, 48.104401488 ], [ -122.781781485, 48.104401234 ], [ -122.781741542, 48.104400466 ], [ -122.781701585, 48.104399356 ], [ -122.781661605, 48.104397732 ], [ -122.781621604, 48.104395593 ], [ -122.781581587, 48.104393114 ], [ -122.78154206, 48.10439011 ], [ -122.781501999, 48.104386602 ], [ -122.781462435, 48.104382743 ], [ -122.781422841, 48.104378198 ], [ -122.78138375, 48.104373472 ], [ -122.78134463, 48.104368062 ], [ -122.781326561, 48.104365405 ], [ -122.781658024, 48.104292653 ], [ -122.782148036, 48.104116111 ], [ -122.782168146, 48.104113427 ], [ -122.782199672, 48.104108875 ], [ -122.782230665, 48.104103819 ], [ -122.782262162, 48.104098582 ], [ -122.782293125, 48.104092841 ], [ -122.782323562, 48.104086768 ], [ -122.782323563, 48.104086768 ], [ -122.782354496, 48.104080342 ], [ -122.782384904, 48.104073584 ], [ -122.782415297, 48.104066483 ], [ -122.782445163, 48.10405905 ], [ -122.782445164, 48.10405905 ], [ -122.782475015, 48.104051275 ], [ -122.782475016, 48.104051275 ], [ -122.782504845, 48.104042986 ], [ -122.782532555, 48.104034997 ], [ -122.782563024, 48.104032653 ], [ -122.782690024, 48.104024653 ], [ -122.782733435, 48.104022738 ], [ -122.782898518, 48.103921971 ], [ -122.783107372, 48.103768053 ], [ -122.783110447, 48.10376599 ], [ -122.783318329, 48.103627977 ], [ -122.783318499, 48.103687366 ], [ -122.783318498, 48.103687367 ], [ -122.783318497, 48.103687368 ], [ -122.783318496, 48.103687368 ], [ -122.783318495, 48.103687369 ], [ -122.783318494, 48.10368737 ], [ -122.783318494, 48.103687371 ], [ -122.783318493, 48.103687372 ], [ -122.783318493, 48.103687373 ], [ -122.783318493, 48.103687374 ], [ -122.78331854, 48.103703859 ], [ -122.783318631, 48.103715459 ], [ -122.783318632, 48.10371546 ], [ -122.783318632, 48.103715461 ], [ -122.783318632, 48.103715462 ], [ -122.783318633, 48.103715462 ], [ -122.783318633, 48.103715463 ], [ -122.783318634, 48.103715464 ], [ -122.783318634, 48.103715465 ], [ -122.783318635, 48.103715465 ], [ -122.783318636, 48.103715466 ], [ -122.783318637, 48.103715466 ], [ -122.783318638, 48.103715467 ], [ -122.78331864, 48.103715467 ], [ -122.783318641, 48.103715468 ], [ -122.783318642, 48.103715468 ], [ -122.783318643, 48.103715468 ], [ -122.783318645, 48.103715468 ], [ -122.783318646, 48.103715468 ], [ -122.783318647, 48.103715468 ], [ -122.783318649, 48.103715468 ], [ -122.78331865, 48.103715467 ], [ -122.783318651, 48.103715467 ], [ -122.783318652, 48.103715467 ], [ -122.783318653, 48.103715466 ], [ -122.783318654, 48.103715466 ], [ -122.78334935, 48.103696124 ], [ -122.783481402, 48.10361359 ], [ -122.783562336, 48.103563004 ], [ -122.783562337, 48.103563004 ], [ -122.783562338, 48.103563003 ], [ -122.783562339, 48.103563002 ], [ -122.78356234, 48.103563001 ], [ -122.78356234, 48.103563 ], [ -122.78356234, 48.103562999 ], [ -122.78356234, 48.103562998 ], [ -122.78356234, 48.103562997 ], [ -122.783714486, 48.103467904 ], [ -122.783815681, 48.103404662 ], [ -122.783951043, 48.103313297 ], [ -122.783985711, 48.103293059 ], [ -122.783985712, 48.103293058 ], [ -122.784691843, 48.102793052 ], [ -122.785079902, 48.102533431 ], [ -122.785079903, 48.102533431 ], [ -122.785080193, 48.102533229 ], [ -122.785132715, 48.10249809 ], [ -122.785132715, 48.102498089 ], [ -122.785132749, 48.102498065 ], [ -122.785223998, 48.102433291 ], [ -122.785224134, 48.102433197 ], [ -122.785224135, 48.102433196 ], [ -122.785341811, 48.10234966 ], [ -122.785348948, 48.102344627 ], [ -122.785348949, 48.102344627 ], [ -122.785349231, 48.102344421 ], [ -122.785380927, 48.102322037 ], [ -122.78547628, 48.102251788 ], [ -122.785476281, 48.102251787 ], [ -122.785476282, 48.102251787 ], [ -122.785711831, 48.102078253 ], [ -122.785795955, 48.102022644 ], [ -122.785795955, 48.102022643 ], [ -122.785795994, 48.102022617 ], [ -122.786134745, 48.10179868 ], [ -122.78625848, 48.101716883 ], [ -122.786302557, 48.101687124 ], [ -122.78631712, 48.101676355 ], [ -122.78666069, 48.101422281 ], [ -122.786859237, 48.101275452 ], [ -122.787022454, 48.10115475 ], [ -122.787022553, 48.10115468 ], [ -122.787197492, 48.101025295 ], [ -122.787198404, 48.10102457 ], [ -122.787263189, 48.100969186 ], [ -122.787525486, 48.100791057 ], [ -122.787548705, 48.100776009 ], [ -122.787548705, 48.100776008 ], [ -122.787548706, 48.100776008 ], [ -122.787548707, 48.100776007 ], [ -122.787548709, 48.100776007 ], [ -122.78754871, 48.100776006 ], [ -122.78812099, 48.100405185 ], [ -122.788210284, 48.100347323 ], [ -122.788248117, 48.100324174 ], [ -122.788455365, 48.10019736 ], [ -122.788601653, 48.100107846 ], [ -122.788601654, 48.100107845 ], [ -122.788601655, 48.100107845 ], [ -122.788601656, 48.100107844 ], [ -122.788605142, 48.100105711 ], [ -122.788648612, 48.100079109 ], [ -122.788648613, 48.100079109 ], [ -122.788662107, 48.100070643 ], [ -122.78867817, 48.100060564 ], [ -122.788743495, 48.10001954 ], [ -122.788744114, 48.100019156 ], [ -122.788744237, 48.100019153 ], [ -122.788746571, 48.100019172 ], [ -122.788746573, 48.100019172 ], [ -122.788746574, 48.100019172 ], [ -122.788746575, 48.100019172 ], [ -122.788746577, 48.100019172 ], [ -122.788746578, 48.100019171 ], [ -122.788746579, 48.100019171 ], [ -122.78874658, 48.10001917 ], [ -122.788746581, 48.100019169 ], [ -122.788746643, 48.100019126 ], [ -122.788756852, 48.10001287 ], [ -122.788756853, 48.100012871 ], [ -122.788756854, 48.100012871 ], [ -122.788756855, 48.100012871 ], [ -122.788756857, 48.100012871 ], [ -122.788756858, 48.100012871 ], [ -122.788756859, 48.100012871 ], [ -122.788756861, 48.100012871 ], [ -122.788756862, 48.100012871 ], [ -122.788756863, 48.100012871 ], [ -122.788756864, 48.100012871 ], [ -122.788756866, 48.10001287 ], [ -122.788756867, 48.10001287 ], [ -122.788756868, 48.100012869 ], [ -122.788827786, 48.099969474 ], [ -122.788827797, 48.099969467 ], [ -122.789058223, 48.099971062 ], [ -122.789271099, 48.099836063 ], [ -122.790519024, 48.099044652 ], [ -122.791778024, 48.098310652 ], [ -122.792204088, 48.098062338 ], [ -122.79290736, 48.097401554 ], [ -122.792907407, 48.097401526 ], [ -122.793132709, 48.097265977 ], [ -122.793189911, 48.097231562 ], [ -122.793189912, 48.097231562 ], [ -122.793190854, 48.097230957 ], [ -122.793467102, 48.097042114 ], [ -122.793468538, 48.097041022 ], [ -122.79346854, 48.097041021 ], [ -122.793470565, 48.09703894 ], [ -122.793470566, 48.097038939 ], [ -122.793473108, 48.097035671 ], [ -122.793473175, 48.097035634 ], [ -122.793473176, 48.097035634 ], [ -122.793473177, 48.097035633 ], [ -122.793473178, 48.097035632 ], [ -122.793473179, 48.097035631 ], [ -122.793532998, 48.096958667 ], [ -122.793607742, 48.096892179 ], [ -122.793728389, 48.096655021 ], [ -122.794180831, 48.097006385 ], [ -122.794264024, 48.096968651 ], [ -122.794612024, 48.096815651 ], [ -122.794950024, 48.096671651 ], [ -122.795459024, 48.096484651 ], [ -122.795964024, 48.096349651 ], [ -122.796492024, 48.096288651 ], [ -122.796833024, 48.096285651 ], [ -122.797446025, 48.096337651 ], [ -122.797655025, 48.096384651 ], [ -122.797796025, 48.096424651 ], [ -122.798239025, 48.096559651 ], [ -122.798275025, 48.096571651 ], [ -122.798562025, 48.096685651 ], [ -122.798898025, 48.096824651 ], [ -122.799091025, 48.096900651 ], [ -122.800165025, 48.097317651 ], [ -122.800918025, 48.097485651 ], [ -122.801647026, 48.097514651 ], [ -122.801712026, 48.097513651 ], [ -122.801815026, 48.097516651 ], [ -122.802050026, 48.097501651 ], [ -122.802554026, 48.097485651 ], [ -122.803068026, 48.09749265 ], [ -122.803100026, 48.09749265 ], [ -122.803195026, 48.09749365 ], [ -122.804226026, 48.09775165 ], [ -122.806876027, 48.09864665 ], [ -122.807282027, 48.09878165 ], [ -122.808413027, 48.09908065 ], [ -122.809474027, 48.09903665 ], [ -122.810741027, 48.09890165 ], [ -122.811091027, 48.09880265 ], [ -122.811432027, 48.09903965 ], [ -122.811605584, 48.099167501 ], [ -122.811622, 48.094823 ], [ -122.818337, 48.094834 ], [ -122.818336, 48.095117 ], [ -122.818562, 48.095117 ], [ -122.818546, 48.099616 ], [ -122.816135052, 48.099612051 ], [ -122.816128416, 48.101473207 ], [ -122.819903209, 48.101479185 ], [ -122.819904029, 48.101485649 ], [ -122.819932029, 48.101636649 ], [ -122.82000203, 48.101835649 ], [ -122.82009503, 48.102027649 ], [ -122.82019003, 48.102189649 ], [ -122.82026203, 48.102296649 ] ], [ [ -122.812633028, 48.09990465 ], [ -122.812694815, 48.099953197 ], [ -122.814316122, 48.099945513 ], [ -122.814603952, 48.099609543 ], [ -122.812214946, 48.09960563 ], [ -122.812633028, 48.09990465 ] ], [ [ -122.811830968, 48.099331003 ], [ -122.811831, 48.099322 ], [ -122.811818381, 48.099322 ], [ -122.811830968, 48.099331003 ] ], [ [ -122.754204796, 48.122135827 ], [ -122.754204797, 48.122135827 ], [ -122.754204798, 48.122135828 ], [ -122.754204799, 48.122135828 ], [ -122.754204801, 48.122135828 ], [ -122.754204802, 48.122135829 ], [ -122.754204803, 48.122135829 ], [ -122.754204804, 48.122135829 ], [ -122.754204806, 48.122135829 ], [ -122.754204807, 48.122135829 ], [ -122.754204808, 48.122135828 ], [ -122.75420481, 48.122135828 ], [ -122.754204811, 48.122135828 ], [ -122.754204812, 48.122135827 ], [ -122.754205357, 48.122135596 ], [ -122.754221022, 48.122128929 ], [ -122.754221023, 48.122128928 ], [ -122.754221024, 48.122128927 ], [ -122.754221025, 48.122128927 ], [ -122.754221026, 48.122128926 ], [ -122.754221027, 48.122128925 ], [ -122.754221027, 48.122128924 ], [ -122.754221028, 48.122128924 ], [ -122.754221028, 48.122128923 ], [ -122.754221028, 48.122128922 ], [ -122.754221028, 48.122128921 ], [ -122.754221028, 48.12212892 ], [ -122.754221028, 48.122128919 ], [ -122.754221028, 48.122128918 ], [ -122.754221027, 48.122128917 ], [ -122.754221026, 48.122128916 ], [ -122.754141035, 48.122051842 ], [ -122.75401549, 48.121930875 ], [ -122.754015489, 48.121930874 ], [ -122.754015488, 48.121930873 ], [ -122.754015487, 48.121930873 ], [ -122.754015486, 48.121930872 ], [ -122.754015485, 48.121930872 ], [ -122.754015484, 48.121930871 ], [ -122.754015482, 48.121930871 ], [ -122.754015481, 48.121930871 ], [ -122.75401548, 48.121930871 ], [ -122.754015479, 48.121930871 ], [ -122.754015477, 48.121930871 ], [ -122.754015476, 48.121930871 ], [ -122.754015475, 48.121930871 ], [ -122.754015473, 48.121930872 ], [ -122.754015472, 48.121930872 ], [ -122.754015376, 48.121930908 ], [ -122.754015375, 48.121930908 ], [ -122.754015374, 48.121930909 ], [ -122.754015373, 48.12193091 ], [ -122.754015372, 48.12193091 ], [ -122.754015371, 48.121930911 ], [ -122.75401537, 48.121930912 ], [ -122.75401537, 48.121930913 ], [ -122.754015369, 48.121930913 ], [ -122.754015369, 48.121930914 ], [ -122.754015369, 48.121930915 ], [ -122.754015369, 48.121930916 ], [ -122.754015369, 48.121930917 ], [ -122.754015369, 48.121930918 ], [ -122.75401537, 48.121930919 ], [ -122.75401537, 48.12193092 ], [ -122.754015371, 48.12193092 ], [ -122.754085201, 48.122008061 ], [ -122.754146252, 48.122073283 ], [ -122.75416399, 48.122092233 ], [ -122.754197677, 48.122128222 ], [ -122.754204793, 48.122135825 ], [ -122.754204794, 48.122135825 ], [ -122.754204795, 48.122135826 ], [ -122.754204796, 48.122135827 ] ], [ [ -122.754554718, 48.114784477 ], [ -122.754554718, 48.114784478 ], [ -122.754554718, 48.114784479 ], [ -122.754554717, 48.114784479 ], [ -122.754554717, 48.11478448 ], [ -122.754554717, 48.114784481 ], [ -122.754554717, 48.114784482 ], [ -122.754554718, 48.114784483 ], [ -122.754554718, 48.114784484 ], [ -122.754554718, 48.114784485 ], [ -122.754554719, 48.114784485 ], [ -122.754666903, 48.114906908 ], [ -122.754666904, 48.114906908 ], [ -122.754666905, 48.114906909 ], [ -122.754666906, 48.11490691 ], [ -122.754666907, 48.11490691 ], [ -122.754666908, 48.114906911 ], [ -122.754666909, 48.114906911 ], [ -122.75466691, 48.114906911 ], [ -122.754666911, 48.114906912 ], [ -122.754666913, 48.114906912 ], [ -122.754666914, 48.114906912 ], [ -122.754666915, 48.114906912 ], [ -122.754666917, 48.114906912 ], [ -122.754666918, 48.114906912 ], [ -122.754666919, 48.114906911 ], [ -122.75466692, 48.114906911 ], [ -122.754666921, 48.114906911 ], [ -122.754702152, 48.114893042 ], [ -122.75480837, 48.114851769 ], [ -122.754808372, 48.114851769 ], [ -122.754808373, 48.114851768 ], [ -122.754808374, 48.114851767 ], [ -122.754808375, 48.114851766 ], [ -122.754808376, 48.114851765 ], [ -122.754808376, 48.114851764 ], [ -122.754808377, 48.114851763 ], [ -122.754808377, 48.114851762 ], [ -122.754808377, 48.114851761 ], [ -122.754808377, 48.11485176 ], [ -122.754808377, 48.114851759 ], [ -122.754808376, 48.114851758 ], [ -122.754808376, 48.114851757 ], [ -122.754808375, 48.114851757 ], [ -122.75469571, 48.114728558 ], [ -122.754694569, 48.11472731 ], [ -122.754694568, 48.11472731 ], [ -122.754694568, 48.114727309 ], [ -122.754694567, 48.114727308 ], [ -122.754694566, 48.114727308 ], [ -122.754694565, 48.114727307 ], [ -122.754694563, 48.114727307 ], [ -122.754694562, 48.114727306 ], [ -122.754694561, 48.114727306 ], [ -122.75469456, 48.114727306 ], [ -122.754694558, 48.114727306 ], [ -122.754694557, 48.114727306 ], [ -122.754694556, 48.114727306 ], [ -122.754694554, 48.114727306 ], [ -122.754694553, 48.114727307 ], [ -122.754694552, 48.114727307 ], [ -122.754694551, 48.114727307 ], [ -122.754684452, 48.114731436 ], [ -122.754554724, 48.114784473 ], [ -122.754554722, 48.114784473 ], [ -122.754554721, 48.114784474 ], [ -122.754554721, 48.114784475 ], [ -122.75455472, 48.114784475 ], [ -122.754554719, 48.114784476 ], [ -122.754554718, 48.114784477 ] ], [ [ -122.76645068, 48.109434499 ], [ -122.766444117, 48.109448505 ], [ -122.766434566, 48.109476087 ], [ -122.766434565, 48.109476088 ], [ -122.766434565, 48.109476089 ], [ -122.766434565, 48.10947609 ], [ -122.766434565, 48.109476091 ], [ -122.766434566, 48.109476091 ], [ -122.766434566, 48.109476092 ], [ -122.766434567, 48.109476093 ], [ -122.766434567, 48.109476094 ], [ -122.766434568, 48.109476095 ], [ -122.766434569, 48.109476095 ], [ -122.76643457, 48.109476096 ], [ -122.766434571, 48.109476096 ], [ -122.766434572, 48.109476097 ], [ -122.766434573, 48.109476097 ], [ -122.766434574, 48.109476098 ], [ -122.766434576, 48.109476098 ], [ -122.766434577, 48.109476098 ], [ -122.766434578, 48.109476098 ], [ -122.76643458, 48.109476098 ], [ -122.766434581, 48.109476098 ], [ -122.766434582, 48.109476098 ], [ -122.766434583, 48.109476098 ], [ -122.766434585, 48.109476097 ], [ -122.766434586, 48.109476097 ], [ -122.766463275, 48.109464382 ], [ -122.766561393, 48.109437631 ], [ -122.766600836, 48.109426879 ], [ -122.766600837, 48.109426878 ], [ -122.766600838, 48.109426878 ], [ -122.766600839, 48.109426877 ], [ -122.76660084, 48.109426877 ], [ -122.766600841, 48.109426876 ], [ -122.766600842, 48.109426875 ], [ -122.766600843, 48.109426875 ], [ -122.766600843, 48.109426874 ], [ -122.766650222, 48.109353588 ], [ -122.766650223, 48.109353587 ], [ -122.766650223, 48.109353586 ], [ -122.766650223, 48.109353585 ], [ -122.766650223, 48.109353584 ], [ -122.766650223, 48.109353583 ], [ -122.766650223, 48.109353582 ], [ -122.766650223, 48.109353581 ], [ -122.766650222, 48.10935358 ], [ -122.766650221, 48.10935358 ], [ -122.766650221, 48.109353579 ], [ -122.76665022, 48.109353578 ], [ -122.766650219, 48.109353578 ], [ -122.766650218, 48.109353577 ], [ -122.766650217, 48.109353577 ], [ -122.766650216, 48.109353576 ], [ -122.766650214, 48.109353576 ], [ -122.766650213, 48.109353576 ], [ -122.766650212, 48.109353575 ], [ -122.766650211, 48.109353575 ], [ -122.766650209, 48.109353575 ], [ -122.766650208, 48.109353575 ], [ -122.766650207, 48.109353576 ], [ -122.766650205, 48.109353576 ], [ -122.766650204, 48.109353576 ], [ -122.766650203, 48.109353577 ], [ -122.766616157, 48.109367396 ], [ -122.766450686, 48.109434494 ], [ -122.766450685, 48.109434494 ], [ -122.766450684, 48.109434495 ], [ -122.766450683, 48.109434495 ], [ -122.766450682, 48.109434496 ], [ -122.766450681, 48.109434497 ], [ -122.766450681, 48.109434498 ], [ -122.76645068, 48.109434499 ] ], [ [ -122.778254464, 48.109484513 ], [ -122.778254463, 48.109484514 ], [ -122.778254462, 48.109484515 ], [ -122.778254461, 48.109484516 ], [ -122.778252087, 48.109489282 ], [ -122.778223492, 48.109546673 ], [ -122.778204361, 48.109585077 ], [ -122.778195797, 48.109602263 ], [ -122.778193406, 48.109607064 ], [ -122.778188862, 48.109616183 ], [ -122.778188862, 48.109616184 ], [ -122.778188861, 48.109616184 ], [ -122.778188861, 48.109616185 ], [ -122.778188861, 48.109616186 ], [ -122.778188861, 48.109616187 ], [ -122.778188862, 48.109616188 ], [ -122.778188862, 48.109616189 ], [ -122.778188863, 48.10961619 ], [ -122.778196827, 48.109626116 ], [ -122.778249595, 48.109691876 ], [ -122.778252568, 48.10969558 ], [ -122.778253305, 48.109696499 ], [ -122.778303393, 48.10975892 ], [ -122.778278796, 48.109851982 ], [ -122.778259422, 48.109868188 ], [ -122.778248883, 48.109877003 ], [ -122.778247955, 48.10987778 ], [ -122.778247264, 48.109878359 ], [ -122.778209088, 48.109910294 ], [ -122.778114866, 48.109989112 ], [ -122.777934669, 48.110076777 ], [ -122.777860262, 48.110095448 ], [ -122.777859817, 48.110095559 ], [ -122.777796169, 48.110111532 ], [ -122.777796055, 48.110111561 ], [ -122.777790678, 48.11011291 ], [ -122.777738073, 48.11012611 ], [ -122.777318658, 48.110124247 ], [ -122.77731762, 48.110124241 ], [ -122.777311167, 48.110124214 ], [ -122.777311023, 48.110124212 ], [ -122.777306343, 48.110124192 ], [ -122.777225418, 48.110123832 ], [ -122.777211773, 48.110123772 ], [ -122.776737206, 48.110121661 ], [ -122.776736486, 48.110121659 ], [ -122.776711867, 48.110121549 ], [ -122.776711149, 48.110121547 ], [ -122.776711033, 48.110121546 ], [ -122.776403207, 48.110120177 ], [ -122.776403206, 48.110120177 ], [ -122.776403205, 48.110120177 ], [ -122.776403204, 48.110120177 ], [ -122.776403202, 48.110120177 ], [ -122.776403201, 48.110120178 ], [ -122.776388035, 48.11012499 ], [ -122.776385379, 48.110125831 ], [ -122.776323494, 48.110145461 ], [ -122.776323494, 48.110145462 ], [ -122.776248421, 48.110172034 ], [ -122.776248421, 48.110172035 ], [ -122.776012345, 48.110262187 ], [ -122.776012271, 48.110262217 ], [ -122.776009712, 48.110263194 ], [ -122.775941194, 48.110289359 ], [ -122.775935027, 48.110291714 ], [ -122.775845248, 48.11032681 ], [ -122.775775424, 48.110354106 ], [ -122.775644422, 48.110405314 ], [ -122.775616801, 48.110416112 ], [ -122.7756168, 48.110416112 ], [ -122.774914424, 48.110705818 ], [ -122.774553003, 48.110854888 ], [ -122.774459816, 48.110893325 ], [ -122.774326573, 48.110948619 ], [ -122.774326518, 48.110948642 ], [ -122.774326485, 48.110948656 ], [ -122.773965924, 48.111098281 ], [ -122.773961254, 48.111100219 ], [ -122.77393195, 48.11111238 ], [ -122.773931949, 48.111112381 ], [ -122.773931948, 48.111112382 ], [ -122.773931947, 48.111112382 ], [ -122.773903303, 48.111134551 ], [ -122.773891776, 48.111143471 ], [ -122.773891775, 48.111143471 ], [ -122.773863663, 48.11116698 ], [ -122.773863662, 48.111166981 ], [ -122.773863662, 48.111166982 ], [ -122.773863661, 48.111166982 ], [ -122.773863661, 48.111166983 ], [ -122.773863661, 48.111166984 ], [ -122.77386366, 48.111166985 ], [ -122.77385546, 48.111221781 ], [ -122.773765449, 48.111286631 ], [ -122.773748753, 48.111299609 ], [ -122.773748752, 48.11129961 ], [ -122.773748751, 48.111299611 ], [ -122.77374875, 48.111299612 ], [ -122.77374875, 48.111299613 ], [ -122.77374875, 48.111299614 ], [ -122.77374875, 48.111299615 ], [ -122.77374596, 48.111325625 ], [ -122.773743718, 48.111346537 ], [ -122.773741659, 48.111365721 ], [ -122.773738361, 48.111408399 ], [ -122.773734812, 48.111454325 ], [ -122.773734812, 48.111454326 ], [ -122.773734812, 48.111454327 ], [ -122.773734813, 48.111454328 ], [ -122.773754481, 48.111493257 ], [ -122.77380606, 48.111589321 ], [ -122.773806061, 48.111589322 ], [ -122.773920596, 48.111731924 ], [ -122.773920597, 48.111731925 ], [ -122.773920598, 48.111731925 ], [ -122.774256194, 48.11198439 ], [ -122.774313462, 48.112094122 ], [ -122.774313462, 48.112094123 ], [ -122.774363923, 48.112164605 ], [ -122.774363924, 48.112164605 ], [ -122.774412954, 48.112228982 ], [ -122.774412955, 48.112228983 ], [ -122.774412956, 48.112228984 ], [ -122.774412957, 48.112228985 ], [ -122.774500824, 48.11228641 ], [ -122.774624466, 48.112362925 ], [ -122.774624467, 48.112362926 ], [ -122.774624468, 48.112362926 ], [ -122.774722666, 48.112406793 ], [ -122.774722667, 48.112406793 ], [ -122.774722669, 48.112406794 ], [ -122.77472267, 48.112406794 ], [ -122.774722671, 48.112406794 ], [ -122.775001206, 48.112434394 ], [ -122.775001208, 48.112434394 ], [ -122.775183315, 48.112437432 ], [ -122.775183316, 48.112437432 ], [ -122.775334899, 48.112437814 ], [ -122.775439036, 48.112455677 ], [ -122.775439728, 48.112455956 ], [ -122.775439729, 48.112455957 ], [ -122.775439731, 48.112455957 ], [ -122.775439732, 48.112455957 ], [ -122.775443403, 48.112456527 ], [ -122.775533466, 48.112489393 ], [ -122.775729864, 48.112637523 ], [ -122.775877197, 48.112824123 ], [ -122.775877197, 48.112824124 ], [ -122.775877198, 48.112824124 ], [ -122.775877199, 48.112824125 ], [ -122.775981736, 48.1128941 ], [ -122.776001458, 48.11290667 ], [ -122.776001459, 48.112906671 ], [ -122.77600146, 48.112906671 ], [ -122.776001461, 48.112906672 ], [ -122.776001463, 48.112906672 ], [ -122.776042942, 48.112916506 ], [ -122.776268502, 48.1129689 ], [ -122.776277988, 48.112971104 ], [ -122.77627799, 48.112971104 ], [ -122.776277991, 48.112971104 ], [ -122.776277992, 48.112971104 ], [ -122.77635962, 48.11297334 ], [ -122.776396207, 48.112974342 ], [ -122.77657213, 48.112977348 ], [ -122.776580926, 48.112977499 ], [ -122.776606008, 48.112977927 ], [ -122.776606009, 48.112977927 ], [ -122.776606011, 48.112977927 ], [ -122.776606012, 48.112977927 ], [ -122.776606013, 48.112977927 ], [ -122.776669755, 48.112963685 ], [ -122.776750729, 48.112944602 ], [ -122.77675073, 48.112944601 ], [ -122.776750732, 48.112944601 ], [ -122.776750733, 48.1129446 ], [ -122.776906897, 48.112863444 ], [ -122.776906898, 48.112863443 ], [ -122.776906899, 48.112863443 ], [ -122.7769069, 48.112863442 ], [ -122.776906901, 48.112863441 ], [ -122.776906902, 48.11286344 ], [ -122.776906902, 48.112863439 ], [ -122.776906902, 48.112863438 ], [ -122.77691107, 48.112823246 ], [ -122.776912879, 48.11280581 ], [ -122.776912915, 48.112805472 ], [ -122.776920725, 48.11273014 ], [ -122.776920901, 48.112728461 ], [ -122.776921356, 48.112724052 ], [ -122.776925787, 48.112673968 ], [ -122.776927854, 48.112650598 ], [ -122.77692927, 48.112634575 ], [ -122.776929688, 48.112629848 ], [ -122.776931455, 48.112609862 ], [ -122.776931776, 48.112606241 ], [ -122.776933821, 48.112583127 ], [ -122.777228608, 48.112566794 ], [ -122.777411308, 48.112569648 ], [ -122.77743504, 48.112570019 ], [ -122.777608826, 48.112572734 ], [ -122.77760933, 48.112572742 ], [ -122.777800956, 48.112575737 ], [ -122.777809189, 48.112575865 ], [ -122.777940215, 48.112577911 ], [ -122.777940216, 48.112577911 ], [ -122.777940218, 48.112577911 ], [ -122.777984011, 48.112572197 ], [ -122.778145879, 48.112550527 ], [ -122.778145881, 48.112550527 ], [ -122.77819188, 48.112540585 ], [ -122.778218075, 48.112534651 ], [ -122.778218574, 48.112534538 ], [ -122.778218643, 48.112534522 ], [ -122.77821914, 48.112534409 ], [ -122.778321313, 48.112511266 ], [ -122.778420837, 48.112488722 ], [ -122.778420838, 48.112488721 ], [ -122.778420839, 48.112488721 ], [ -122.77842084, 48.112488721 ], [ -122.778420841, 48.11248872 ], [ -122.778563304, 48.112409335 ], [ -122.778644743, 48.112363957 ], [ -122.778711283, 48.112325792 ], [ -122.778841701, 48.112290919 ], [ -122.778871481, 48.112282605 ], [ -122.778873375, 48.112282448 ], [ -122.778873376, 48.112282448 ], [ -122.778873378, 48.112282448 ], [ -122.778873379, 48.112282448 ], [ -122.778875079, 48.112281993 ], [ -122.779399212, 48.112238327 ], [ -122.779399213, 48.112238327 ], [ -122.779399214, 48.112238326 ], [ -122.779399216, 48.112238326 ], [ -122.779669477, 48.112156127 ], [ -122.779948005, 48.112156126 ], [ -122.780105555, 48.11221663 ], [ -122.780121595, 48.112222304 ], [ -122.780184895, 48.112384656 ], [ -122.780184895, 48.112384657 ], [ -122.780184896, 48.112384658 ], [ -122.780184896, 48.112384659 ], [ -122.780184897, 48.112384659 ], [ -122.780184898, 48.11238466 ], [ -122.780184899, 48.112384661 ], [ -122.7801849, 48.112384661 ], [ -122.780184901, 48.112384662 ], [ -122.780184902, 48.112384662 ], [ -122.780241974, 48.112402749 ], [ -122.780241975, 48.11240275 ], [ -122.780241977, 48.11240275 ], [ -122.780241978, 48.11240275 ], [ -122.780241979, 48.11240275 ], [ -122.780241981, 48.11240275 ], [ -122.780241982, 48.11240275 ], [ -122.780292948, 48.112397372 ], [ -122.780505624, 48.112373057 ], [ -122.780569013, 48.112365809 ], [ -122.780578477, 48.112364726 ], [ -122.780578478, 48.112364726 ], [ -122.780578479, 48.112364726 ], [ -122.78057848, 48.112364726 ], [ -122.780603479, 48.112357306 ], [ -122.780633798, 48.112348304 ], [ -122.780724275, 48.112321442 ], [ -122.780726014, 48.112320926 ], [ -122.780726015, 48.112320926 ], [ -122.780726017, 48.112320925 ], [ -122.780748499, 48.112310288 ], [ -122.78074857, 48.112310255 ], [ -122.780748691, 48.112310197 ], [ -122.780829613, 48.112271911 ], [ -122.780829888, 48.11227178 ], [ -122.7808626, 48.112256303 ], [ -122.780969241, 48.11220585 ], [ -122.781011272, 48.112185964 ], [ -122.781175023, 48.11210849 ], [ -122.781176406, 48.112107835 ], [ -122.781201016, 48.112096191 ], [ -122.781201017, 48.112096191 ], [ -122.781201018, 48.11209619 ], [ -122.781201019, 48.11209619 ], [ -122.78123163, 48.112070535 ], [ -122.781247202, 48.112057486 ], [ -122.781266487, 48.112041324 ], [ -122.781266488, 48.112041323 ], [ -122.781266489, 48.112041322 ], [ -122.781358829, 48.111921719 ], [ -122.78135883, 48.111921719 ], [ -122.781394097, 48.111873917 ], [ -122.781394098, 48.111873917 ], [ -122.781394098, 48.111873916 ], [ -122.781394098, 48.111873915 ], [ -122.781430085, 48.111711921 ], [ -122.781430085, 48.11171192 ], [ -122.781430331, 48.111244352 ], [ -122.781430331, 48.111244351 ], [ -122.78143033, 48.11124435 ], [ -122.781418769, 48.111207813 ], [ -122.781418755, 48.111207763 ], [ -122.781372393, 48.111063506 ], [ -122.781361759, 48.110793665 ], [ -122.781374609, 48.110749004 ], [ -122.781374609, 48.110749003 ], [ -122.781382089, 48.110714122 ], [ -122.78140906, 48.11068704 ], [ -122.781442572, 48.110650684 ], [ -122.781539434, 48.110590228 ], [ -122.781547415, 48.110585249 ], [ -122.781547498, 48.110585196 ], [ -122.781553262, 48.1105816 ], [ -122.781558173, 48.110578534 ], [ -122.781558174, 48.110578533 ], [ -122.781627102, 48.110515739 ], [ -122.781627103, 48.110515738 ], [ -122.781627104, 48.110515737 ], [ -122.781627104, 48.110515736 ], [ -122.781627104, 48.110515735 ], [ -122.781627105, 48.110515735 ], [ -122.781627105, 48.110515734 ], [ -122.781627105, 48.110515733 ], [ -122.781616377, 48.11043824 ], [ -122.78158333, 48.11021165 ], [ -122.781583197, 48.110210742 ], [ -122.78158216, 48.11020363 ], [ -122.781579021, 48.110182117 ], [ -122.781579021, 48.110182116 ], [ -122.781579021, 48.110182115 ], [ -122.78157902, 48.110182114 ], [ -122.78157902, 48.110182113 ], [ -122.781579019, 48.110182112 ], [ -122.781579018, 48.110182112 ], [ -122.781579017, 48.110182111 ], [ -122.781579016, 48.11018211 ], [ -122.781579015, 48.11018211 ], [ -122.781569242, 48.110178028 ], [ -122.781569242, 48.110178027 ], [ -122.781512276, 48.110155832 ], [ -122.781512275, 48.110155831 ], [ -122.781512273, 48.110155831 ], [ -122.781512272, 48.110155831 ], [ -122.781512271, 48.11015583 ], [ -122.781512269, 48.11015583 ], [ -122.780693548, 48.110150969 ], [ -122.780652724, 48.110150726 ], [ -122.780382395, 48.110149119 ], [ -122.780250102, 48.110148331 ], [ -122.780158967, 48.110147791 ], [ -122.78000776, 48.110146892 ], [ -122.779918956, 48.110146362 ], [ -122.779446745, 48.110143552 ], [ -122.779415982, 48.11014337 ], [ -122.779337969, 48.110142905 ], [ -122.779170229, 48.110141906 ], [ -122.779100206, 48.110141489 ], [ -122.778863776, 48.110140082 ], [ -122.778740391, 48.110139346 ], [ -122.778218846, 48.110136237 ], [ -122.778154553, 48.110135854 ], [ -122.778149148, 48.110131789 ], [ -122.778149147, 48.110131789 ], [ -122.778149146, 48.110131788 ], [ -122.778149145, 48.110131788 ], [ -122.778149144, 48.110131787 ], [ -122.778149143, 48.110131787 ], [ -122.778149142, 48.110131787 ], [ -122.778149141, 48.110131786 ], [ -122.77814914, 48.110131786 ], [ -122.778149138, 48.110131786 ], [ -122.778148683, 48.110131784 ], [ -122.778147623, 48.110131776 ], [ -122.778147718, 48.110130717 ], [ -122.778147718, 48.110130716 ], [ -122.778147718, 48.110130715 ], [ -122.778147717, 48.110130714 ], [ -122.778147717, 48.110130713 ], [ -122.778147717, 48.110130712 ], [ -122.778147716, 48.110130711 ], [ -122.778147715, 48.110130711 ], [ -122.778147714, 48.11013071 ], [ -122.778147156, 48.110130291 ], [ -122.778148593, 48.110109863 ], [ -122.778152633, 48.110052507 ], [ -122.778153501, 48.11004016 ], [ -122.778155826, 48.110039145 ], [ -122.778155827, 48.110039144 ], [ -122.778155828, 48.110039144 ], [ -122.778155829, 48.110039143 ], [ -122.77815583, 48.110039142 ], [ -122.778155831, 48.110039142 ], [ -122.778155831, 48.110039141 ], [ -122.778155832, 48.11003914 ], [ -122.778155832, 48.110039139 ], [ -122.778155832, 48.110039138 ], [ -122.778155833, 48.110039138 ], [ -122.778155887, 48.110038524 ], [ -122.778198156, 48.110019057 ], [ -122.778213493, 48.110011993 ], [ -122.778234019, 48.11000254 ], [ -122.778243609, 48.109998123 ], [ -122.778245793, 48.109997116 ], [ -122.778245957, 48.109997041 ], [ -122.77828688, 48.109978193 ], [ -122.778639077, 48.109956394 ], [ -122.778698245, 48.109952445 ], [ -122.778698467, 48.10995243 ], [ -122.778966676, 48.109934527 ], [ -122.778966677, 48.109934527 ], [ -122.77902807, 48.109925989 ], [ -122.779028184, 48.109925973 ], [ -122.779028678, 48.109925905 ], [ -122.779163211, 48.109907194 ], [ -122.779163212, 48.109907194 ], [ -122.779163214, 48.109907193 ], [ -122.779163215, 48.109907193 ], [ -122.779163216, 48.109907193 ], [ -122.779163217, 48.109907192 ], [ -122.779163218, 48.109907192 ], [ -122.779163219, 48.109907191 ], [ -122.77916322, 48.10990719 ], [ -122.779181561, 48.109888799 ], [ -122.77925694, 48.109807246 ], [ -122.77925694, 48.109807245 ], [ -122.779256941, 48.109807244 ], [ -122.779256941, 48.109807243 ], [ -122.779256941, 48.109807242 ], [ -122.779256942, 48.109807242 ], [ -122.779256942, 48.109807241 ], [ -122.779256941, 48.10980724 ], [ -122.779256941, 48.109807239 ], [ -122.779256941, 48.109807238 ], [ -122.77925694, 48.109807237 ], [ -122.779158942, 48.109665935 ], [ -122.779147094, 48.109649484 ], [ -122.779147093, 48.109649484 ], [ -122.779147092, 48.109649483 ], [ -122.779147091, 48.109649482 ], [ -122.77914709, 48.109649481 ], [ -122.779041218, 48.109590617 ], [ -122.779035967, 48.109587697 ], [ -122.77903368, 48.109586426 ], [ -122.779033247, 48.109586184 ], [ -122.778946476, 48.109537942 ], [ -122.778746702, 48.109414553 ], [ -122.778746701, 48.109414552 ], [ -122.7787467, 48.109414552 ], [ -122.778746699, 48.109414551 ], [ -122.778746697, 48.109414551 ], [ -122.778746696, 48.109414551 ], [ -122.778746695, 48.109414551 ], [ -122.778746694, 48.10941455 ], [ -122.778716471, 48.10941322 ], [ -122.7787111, 48.109412982 ], [ -122.778708917, 48.109412885 ], [ -122.778489623, 48.109403224 ], [ -122.778489621, 48.109403224 ], [ -122.77848962, 48.109403224 ], [ -122.778489619, 48.109403225 ], [ -122.778489618, 48.109403225 ], [ -122.778489617, 48.109403225 ], [ -122.778489616, 48.109403225 ], [ -122.778265283, 48.109480773 ], [ -122.778258541, 48.109483104 ], [ -122.77825795, 48.109483307 ], [ -122.778254468, 48.109484511 ], [ -122.778254467, 48.109484511 ], [ -122.778254466, 48.109484512 ], [ -122.778254465, 48.109484512 ], [ -122.778254464, 48.109484513 ] ], [ [ -122.785016526, 48.142608913 ], [ -122.785016525, 48.142608913 ], [ -122.785016524, 48.142608912 ], [ -122.785016523, 48.142608912 ], [ -122.785016522, 48.142608911 ], [ -122.785016521, 48.142608911 ], [ -122.78501652, 48.142608911 ], [ -122.785016518, 48.14260891 ], [ -122.785016517, 48.14260891 ], [ -122.785016516, 48.14260891 ], [ -122.785016514, 48.14260891 ], [ -122.785016513, 48.14260891 ], [ -122.78471061, 48.142655938 ], [ -122.784710609, 48.142655938 ], [ -122.784710608, 48.142655939 ], [ -122.784710606, 48.142655939 ], [ -122.784710605, 48.142655939 ], [ -122.784710604, 48.14265594 ], [ -122.784710603, 48.14265594 ], [ -122.784710603, 48.142655941 ], [ -122.784710602, 48.142655942 ], [ -122.784710601, 48.142655943 ], [ -122.7847106, 48.142655944 ], [ -122.7847106, 48.142655945 ], [ -122.7847106, 48.142655946 ], [ -122.7847106, 48.142655947 ], [ -122.784710431, 48.142676518 ], [ -122.784710372, 48.142683751 ], [ -122.784710372, 48.142683752 ], [ -122.784710317, 48.142690431 ], [ -122.784710317, 48.142690432 ], [ -122.784710317, 48.142690433 ], [ -122.784710318, 48.142690434 ], [ -122.784710319, 48.142690435 ], [ -122.784710319, 48.142690436 ], [ -122.78471032, 48.142690437 ], [ -122.784710321, 48.142690437 ], [ -122.784710322, 48.142690438 ], [ -122.784710323, 48.142690438 ], [ -122.784710324, 48.142690439 ], [ -122.784710325, 48.142690439 ], [ -122.784710326, 48.14269044 ], [ -122.784710328, 48.14269044 ], [ -122.784710329, 48.14269044 ], [ -122.78471033, 48.14269044 ], [ -122.784710331, 48.14269044 ], [ -122.784710333, 48.14269044 ], [ -122.784710334, 48.14269044 ], [ -122.784710335, 48.14269044 ], [ -122.784748993, 48.142681092 ], [ -122.784748994, 48.142681092 ], [ -122.784748995, 48.142681092 ], [ -122.784785837, 48.142672184 ], [ -122.784907186, 48.142653839 ], [ -122.784907187, 48.142653839 ], [ -122.784907188, 48.142653839 ], [ -122.785017295, 48.142637194 ], [ -122.785017297, 48.142637194 ], [ -122.785017298, 48.142637194 ], [ -122.785017299, 48.142637194 ], [ -122.7850173, 48.142637193 ], [ -122.785017301, 48.142637193 ], [ -122.785017302, 48.142637192 ], [ -122.785017303, 48.142637191 ], [ -122.785017304, 48.142637191 ], [ -122.785017304, 48.14263719 ], [ -122.785017305, 48.142637189 ], [ -122.785017305, 48.142637188 ], [ -122.785017306, 48.142637187 ], [ -122.785017306, 48.142637186 ], [ -122.785017149, 48.142631452 ], [ -122.785017149, 48.142631451 ], [ -122.785017149, 48.14263145 ], [ -122.78501695, 48.142624209 ], [ -122.785016789, 48.142618349 ], [ -122.78501653, 48.142608919 ], [ -122.785016529, 48.142608918 ], [ -122.785016529, 48.142608917 ], [ -122.785016529, 48.142608916 ], [ -122.785016528, 48.142608916 ], [ -122.785016528, 48.142608915 ], [ -122.785016527, 48.142608914 ], [ -122.785016526, 48.142608913 ] ], [ [ -122.785964126, 48.102180095 ], [ -122.785964127, 48.102180094 ], [ -122.785964128, 48.102180093 ], [ -122.785987428, 48.102161551 ], [ -122.785987429, 48.10216155 ], [ -122.786009793, 48.102137785 ], [ -122.786009794, 48.102137784 ], [ -122.786009794, 48.102137783 ], [ -122.786009795, 48.102137782 ], [ -122.786009795, 48.102137781 ], [ -122.786009795, 48.10213778 ], [ -122.786009795, 48.102137779 ], [ -122.786009795, 48.102137778 ], [ -122.786009795, 48.102137777 ], [ -122.786009794, 48.102137776 ], [ -122.786009794, 48.102137775 ], [ -122.786009793, 48.102137775 ], [ -122.786009792, 48.102137774 ], [ -122.786009791, 48.102137773 ], [ -122.78600979, 48.102137773 ], [ -122.786009789, 48.102137772 ], [ -122.786009788, 48.102137772 ], [ -122.786009787, 48.102137771 ], [ -122.786009785, 48.102137771 ], [ -122.786009784, 48.102137771 ], [ -122.786009783, 48.102137771 ], [ -122.786009782, 48.102137771 ], [ -122.78600978, 48.102137771 ], [ -122.786009779, 48.102137771 ], [ -122.786009778, 48.102137771 ], [ -122.786009777, 48.102137772 ], [ -122.786009775, 48.102137772 ], [ -122.786009774, 48.102137772 ], [ -122.786009773, 48.102137773 ], [ -122.786009772, 48.102137774 ], [ -122.785947486, 48.102180246 ], [ -122.785947485, 48.102180246 ], [ -122.785947485, 48.102180247 ], [ -122.785947484, 48.102180248 ], [ -122.785947483, 48.102180249 ], [ -122.785947483, 48.10218025 ], [ -122.785947483, 48.102180251 ], [ -122.785947482, 48.102180252 ], [ -122.785947483, 48.102180253 ], [ -122.785947483, 48.102180254 ], [ -122.785947483, 48.102180255 ], [ -122.785947484, 48.102180256 ], [ -122.785947485, 48.102180257 ], [ -122.785947486, 48.102180258 ], [ -122.785947487, 48.102180258 ], [ -122.785947488, 48.102180259 ], [ -122.785947489, 48.10218026 ], [ -122.78594749, 48.10218026 ], [ -122.785947491, 48.10218026 ], [ -122.785947492, 48.102180261 ], [ -122.785947493, 48.102180261 ], [ -122.785947495, 48.102180261 ], [ -122.785947496, 48.102180261 ], [ -122.785964118, 48.102180097 ], [ -122.785964119, 48.102180097 ], [ -122.78596412, 48.102180096 ], [ -122.785964122, 48.102180096 ], [ -122.785964123, 48.102180096 ], [ -122.785964124, 48.102180096 ], [ -122.785964125, 48.102180095 ], [ -122.785964126, 48.102180095 ] ], [ [ -122.793042603, 48.140952825 ], [ -122.793042602, 48.140952825 ], [ -122.793042601, 48.140952826 ], [ -122.793042601, 48.140952827 ], [ -122.793042601, 48.140952828 ], [ -122.7930426, 48.140952829 ], [ -122.7930426, 48.14095283 ], [ -122.793046456, 48.141234469 ], [ -122.793046456, 48.14123447 ], [ -122.793046457, 48.141234471 ], [ -122.793046457, 48.141234472 ], [ -122.793046458, 48.141234473 ], [ -122.793046459, 48.141234474 ], [ -122.793046459, 48.141234475 ], [ -122.79304646, 48.141234475 ], [ -122.793046461, 48.141234476 ], [ -122.793046462, 48.141234476 ], [ -122.793046463, 48.141234477 ], [ -122.793046465, 48.141234477 ], [ -122.793046466, 48.141234478 ], [ -122.793046467, 48.141234478 ], [ -122.793046468, 48.141234478 ], [ -122.79304647, 48.141234478 ], [ -122.793046471, 48.141234478 ], [ -122.793046472, 48.141234478 ], [ -122.793046473, 48.141234478 ], [ -122.793046475, 48.141234477 ], [ -122.793046476, 48.141234477 ], [ -122.793046477, 48.141234477 ], [ -122.793046478, 48.141234476 ], [ -122.793046479, 48.141234476 ], [ -122.793093894, 48.141204882 ], [ -122.793093895, 48.141204882 ], [ -122.793093896, 48.141204881 ], [ -122.793093897, 48.14120488 ], [ -122.793093897, 48.141204879 ], [ -122.793093898, 48.141204879 ], [ -122.793093898, 48.141204878 ], [ -122.793093898, 48.141204877 ], [ -122.793093898, 48.141204876 ], [ -122.79309292, 48.140943138 ], [ -122.79309292, 48.140943137 ], [ -122.79309292, 48.140943136 ], [ -122.793092919, 48.140943135 ], [ -122.793092919, 48.140943134 ], [ -122.793092918, 48.140943134 ], [ -122.793092918, 48.140943133 ], [ -122.793092917, 48.140943132 ], [ -122.793092916, 48.140943131 ], [ -122.793092915, 48.140943131 ], [ -122.793092914, 48.14094313 ], [ -122.793092913, 48.14094313 ], [ -122.793092912, 48.140943129 ], [ -122.793092911, 48.140943129 ], [ -122.793092909, 48.140943129 ], [ -122.793092908, 48.140943129 ], [ -122.793092907, 48.140943129 ], [ -122.793092905, 48.140943129 ], [ -122.793092904, 48.140943129 ], [ -122.793092903, 48.140943129 ], [ -122.793058408, 48.140949776 ], [ -122.79304261, 48.140952821 ], [ -122.793042609, 48.140952821 ], [ -122.793042608, 48.140952822 ], [ -122.793042606, 48.140952822 ], [ -122.793042605, 48.140952823 ], [ -122.793042604, 48.140952823 ], [ -122.793042603, 48.140952824 ], [ -122.793042603, 48.140952825 ] ], [ [ -122.812132122, 48.137015714 ], [ -122.812132123, 48.137015714 ], [ -122.812132124, 48.137015713 ], [ -122.812132124, 48.137015712 ], [ -122.812132125, 48.137015711 ], [ -122.812132126, 48.137015711 ], [ -122.812132126, 48.13701571 ], [ -122.812132126, 48.137015709 ], [ -122.812132126, 48.137015708 ], [ -122.812132126, 48.137015707 ], [ -122.812132126, 48.137015706 ], [ -122.812132126, 48.137015705 ], [ -122.812132125, 48.137015704 ], [ -122.812132125, 48.137015703 ], [ -122.812132124, 48.137015702 ], [ -122.812132123, 48.137015701 ], [ -122.812132122, 48.137015701 ], [ -122.811933542, 48.136888688 ], [ -122.811933541, 48.136888687 ], [ -122.81193354, 48.136888687 ], [ -122.811933538, 48.136888686 ], [ -122.811933537, 48.136888686 ], [ -122.811933536, 48.136888686 ], [ -122.811933535, 48.136888685 ], [ -122.811933533, 48.136888685 ], [ -122.811933532, 48.136888685 ], [ -122.811933531, 48.136888685 ], [ -122.81193353, 48.136888685 ], [ -122.811933528, 48.136888686 ], [ -122.811933527, 48.136888686 ], [ -122.811933526, 48.136888686 ], [ -122.811933525, 48.136888687 ], [ -122.811933524, 48.136888687 ], [ -122.811933523, 48.136888688 ], [ -122.811922051, 48.136896602 ], [ -122.811916496, 48.136900435 ], [ -122.811657219, 48.137079331 ], [ -122.811625622, 48.137059053 ], [ -122.811594548, 48.137039272 ], [ -122.811594547, 48.137039271 ], [ -122.811594546, 48.137039271 ], [ -122.811594545, 48.13703927 ], [ -122.811594544, 48.13703927 ], [ -122.811594543, 48.13703927 ], [ -122.811594542, 48.13703927 ], [ -122.81159454, 48.137039269 ], [ -122.811594539, 48.137039269 ], [ -122.811389772, 48.13703986 ], [ -122.811071362, 48.137040796 ], [ -122.810637257, 48.137042114 ], [ -122.810637256, 48.137042114 ], [ -122.810637255, 48.137042114 ], [ -122.810637253, 48.137042115 ], [ -122.810637252, 48.137042115 ], [ -122.810637251, 48.137042115 ], [ -122.81063725, 48.137042116 ], [ -122.810637249, 48.137042116 ], [ -122.810637248, 48.137042117 ], [ -122.810637247, 48.137042118 ], [ -122.810637246, 48.137042118 ], [ -122.810637246, 48.137042119 ], [ -122.810637245, 48.13704212 ], [ -122.810637245, 48.137042121 ], [ -122.810637244, 48.137042122 ], [ -122.810637244, 48.137042123 ], [ -122.810637519, 48.137060109 ], [ -122.81063851, 48.137304947 ], [ -122.810638567, 48.137331667 ], [ -122.810638577, 48.13733587 ], [ -122.81063867, 48.137378788 ], [ -122.810571136, 48.137379598 ], [ -122.810397166, 48.137381982 ], [ -122.81022518, 48.137382956 ], [ -122.809971809, 48.137384326 ], [ -122.809568455, 48.137386409 ], [ -122.80948502, 48.137386845 ], [ -122.809305355, 48.137387797 ], [ -122.809155382, 48.13738868 ], [ -122.809155381, 48.13738868 ], [ -122.80915538, 48.13738868 ], [ -122.809155378, 48.137388681 ], [ -122.809155377, 48.137388681 ], [ -122.809155376, 48.137388681 ], [ -122.809155375, 48.137388682 ], [ -122.809155374, 48.137388682 ], [ -122.809155373, 48.137388683 ], [ -122.809155372, 48.137388684 ], [ -122.809155371, 48.137388684 ], [ -122.80915537, 48.137388685 ], [ -122.80915537, 48.137388686 ], [ -122.809155369, 48.137388687 ], [ -122.809155369, 48.137388688 ], [ -122.809155369, 48.137388689 ], [ -122.809154412, 48.137449856 ], [ -122.809154021, 48.137474904 ], [ -122.809151867, 48.137727451 ], [ -122.809151681, 48.137749107 ], [ -122.809151769, 48.137762813 ], [ -122.809151345, 48.137776529 ], [ -122.80915153, 48.137792462 ], [ -122.809151531, 48.137792463 ], [ -122.809151531, 48.137792464 ], [ -122.809151531, 48.137792465 ], [ -122.809151532, 48.137792466 ], [ -122.809151533, 48.137792467 ], [ -122.809151534, 48.137792468 ], [ -122.809151535, 48.137792469 ], [ -122.809151536, 48.137792469 ], [ -122.809151537, 48.137792469 ], [ -122.809151539, 48.13779247 ], [ -122.80915154, 48.13779247 ], [ -122.809151541, 48.13779247 ], [ -122.809151542, 48.13779247 ], [ -122.809151544, 48.137792471 ], [ -122.809151545, 48.13779247 ], [ -122.809151546, 48.13779247 ], [ -122.809151548, 48.13779247 ], [ -122.809231217, 48.137776173 ], [ -122.809267245, 48.137768783 ], [ -122.809267246, 48.137768783 ], [ -122.80929205, 48.1377623 ], [ -122.809344681, 48.137748246 ], [ -122.809729692, 48.137646682 ], [ -122.809838681, 48.137617931 ], [ -122.809863124, 48.137611705 ], [ -122.810300427, 48.137500318 ], [ -122.810397682, 48.137475546 ], [ -122.810418949, 48.13747016 ], [ -122.810487886, 48.137452563 ], [ -122.810489832, 48.137452066 ], [ -122.810725784, 48.137391833 ], [ -122.810783493, 48.137376821 ], [ -122.810941553, 48.137335912 ], [ -122.810943699, 48.137335356 ], [ -122.811061424, 48.137304886 ], [ -122.811166305, 48.137277742 ], [ -122.811507135, 48.137189533 ], [ -122.811736252, 48.137130234 ], [ -122.812102613, 48.137024251 ], [ -122.812104841, 48.137023607 ], [ -122.812132118, 48.137015716 ], [ -122.81213212, 48.137015715 ], [ -122.812132121, 48.137015715 ], [ -122.812132122, 48.137015714 ] ], [ [ -122.81415645, 48.136652971 ], [ -122.814156451, 48.136652972 ], [ -122.814156452, 48.136652972 ], [ -122.814156453, 48.136652973 ], [ -122.814156454, 48.136652973 ], [ -122.814156455, 48.136652974 ], [ -122.814156456, 48.136652974 ], [ -122.814156457, 48.136652974 ], [ -122.814156459, 48.136652975 ], [ -122.81415646, 48.136652975 ], [ -122.814156461, 48.136652975 ], [ -122.814156463, 48.136652975 ], [ -122.814156464, 48.136652975 ], [ -122.814156571, 48.136652962 ], [ -122.814543974, 48.136604923 ], [ -122.814543975, 48.136604923 ], [ -122.814565052, 48.136601465 ], [ -122.814572441, 48.136600252 ], [ -122.814572442, 48.136600252 ], [ -122.814572443, 48.136600251 ], [ -122.814572444, 48.136600251 ], [ -122.814572445, 48.13660025 ], [ -122.814572446, 48.13660025 ], [ -122.814572447, 48.136600249 ], [ -122.814572448, 48.136600249 ], [ -122.814572449, 48.136600248 ], [ -122.814572449, 48.136600247 ], [ -122.81457245, 48.136600246 ], [ -122.814572451, 48.136600245 ], [ -122.814572451, 48.136600244 ], [ -122.814572451, 48.136600243 ], [ -122.814573503, 48.13643744 ], [ -122.814573503, 48.136437439 ], [ -122.814573503, 48.136437438 ], [ -122.814573503, 48.136437437 ], [ -122.814573502, 48.136437437 ], [ -122.814573502, 48.136437436 ], [ -122.814573501, 48.136437435 ], [ -122.8145735, 48.136437434 ], [ -122.814573499, 48.136437433 ], [ -122.814573498, 48.136437433 ], [ -122.814573496, 48.136437432 ], [ -122.814573495, 48.136437432 ], [ -122.814573494, 48.136437431 ], [ -122.814573493, 48.136437431 ], [ -122.814573491, 48.136437431 ], [ -122.81457349, 48.136437431 ], [ -122.814155151, 48.136436226 ], [ -122.81415515, 48.136436226 ], [ -122.814155148, 48.136436226 ], [ -122.814155147, 48.136436226 ], [ -122.814155146, 48.136436226 ], [ -122.814155145, 48.136436227 ], [ -122.814155143, 48.136436227 ], [ -122.814155142, 48.136436228 ], [ -122.814155141, 48.136436228 ], [ -122.81415514, 48.136436229 ], [ -122.81415514, 48.13643623 ], [ -122.814155139, 48.136436231 ], [ -122.814155138, 48.136436231 ], [ -122.814155138, 48.136436232 ], [ -122.814155138, 48.136436233 ], [ -122.814155138, 48.136436234 ], [ -122.814155137, 48.136436235 ], [ -122.814155355, 48.136472174 ], [ -122.814156448, 48.136652966 ], [ -122.814156448, 48.136652967 ], [ -122.814156448, 48.136652968 ], [ -122.814156449, 48.136652968 ], [ -122.814156449, 48.136652969 ], [ -122.81415645, 48.13665297 ], [ -122.81415645, 48.136652971 ] ], [ [ -122.815039138, 48.136524939 ], [ -122.815039139, 48.136524939 ], [ -122.81503914, 48.136524938 ], [ -122.815039141, 48.136524938 ], [ -122.815039142, 48.136524937 ], [ -122.815039143, 48.136524936 ], [ -122.815039143, 48.136524935 ], [ -122.815039144, 48.136524934 ], [ -122.815039144, 48.136524933 ], [ -122.815039144, 48.136524932 ], [ -122.815038218, 48.136433792 ], [ -122.815038218, 48.136433791 ], [ -122.815038218, 48.13643379 ], [ -122.815038218, 48.136433789 ], [ -122.815038217, 48.136433788 ], [ -122.815038217, 48.136433787 ], [ -122.815038216, 48.136433787 ], [ -122.815038215, 48.136433786 ], [ -122.815038214, 48.136433785 ], [ -122.815038213, 48.136433785 ], [ -122.815038212, 48.136433784 ], [ -122.815038211, 48.136433784 ], [ -122.81503821, 48.136433783 ], [ -122.815038209, 48.136433783 ], [ -122.815038208, 48.136433783 ], [ -122.815038206, 48.136433783 ], [ -122.815038205, 48.136433783 ], [ -122.814611239, 48.13643429 ], [ -122.814611237, 48.13643429 ], [ -122.814611236, 48.136434291 ], [ -122.814611235, 48.136434291 ], [ -122.814611233, 48.136434291 ], [ -122.814611232, 48.136434291 ], [ -122.814611231, 48.136434292 ], [ -122.81461123, 48.136434292 ], [ -122.814611229, 48.136434293 ], [ -122.814611228, 48.136434294 ], [ -122.814611227, 48.136434294 ], [ -122.814611227, 48.136434295 ], [ -122.814611226, 48.136434296 ], [ -122.814611226, 48.136434297 ], [ -122.814611225, 48.136434298 ], [ -122.814611225, 48.136434299 ], [ -122.814611572, 48.136593991 ], [ -122.814611572, 48.136593992 ], [ -122.814611573, 48.136593993 ], [ -122.814611573, 48.136593994 ], [ -122.814611574, 48.136593995 ], [ -122.814611575, 48.136593996 ], [ -122.814611575, 48.136593997 ], [ -122.814611576, 48.136593997 ], [ -122.814611577, 48.136593998 ], [ -122.814611579, 48.136593998 ], [ -122.81461158, 48.136593999 ], [ -122.814611581, 48.136593999 ], [ -122.814611582, 48.136593999 ], [ -122.814611584, 48.136594 ], [ -122.814611585, 48.136594 ], [ -122.814611586, 48.136594 ], [ -122.814611588, 48.136594 ], [ -122.814611589, 48.136593999 ], [ -122.814614121, 48.136593591 ], [ -122.815022635, 48.136527632 ], [ -122.815028459, 48.136526692 ], [ -122.815039134, 48.136524941 ], [ -122.815039135, 48.136524941 ], [ -122.815039136, 48.13652494 ], [ -122.815039137, 48.13652494 ], [ -122.815039138, 48.136524939 ] ], [ [ -122.815677965, 48.136475545 ], [ -122.815677966, 48.136475544 ], [ -122.815677967, 48.136475544 ], [ -122.815677969, 48.136475543 ], [ -122.81567797, 48.136475543 ], [ -122.815677971, 48.136475542 ], [ -122.815677972, 48.136475541 ], [ -122.815677973, 48.13647554 ], [ -122.815677973, 48.136475539 ], [ -122.815677974, 48.136475539 ], [ -122.815677974, 48.136475538 ], [ -122.815677974, 48.136475537 ], [ -122.815677974, 48.136475536 ], [ -122.815678188, 48.136433723 ], [ -122.815678188, 48.136433722 ], [ -122.815678188, 48.136433721 ], [ -122.815678187, 48.13643372 ], [ -122.815678187, 48.136433719 ], [ -122.815678186, 48.136433718 ], [ -122.815678185, 48.136433717 ], [ -122.815678184, 48.136433716 ], [ -122.815678183, 48.136433716 ], [ -122.815678182, 48.136433715 ], [ -122.815678181, 48.136433715 ], [ -122.81567818, 48.136433714 ], [ -122.815678178, 48.136433714 ], [ -122.815678177, 48.136433714 ], [ -122.815678176, 48.136433714 ], [ -122.815678175, 48.136433714 ], [ -122.815613119, 48.136432936 ], [ -122.815257988, 48.13642879 ], [ -122.815257625, 48.136428785 ], [ -122.815257624, 48.136428785 ], [ -122.815257623, 48.136428785 ], [ -122.815257621, 48.136428786 ], [ -122.81525762, 48.136428786 ], [ -122.815257619, 48.136428786 ], [ -122.815257618, 48.136428787 ], [ -122.815257617, 48.136428787 ], [ -122.815257616, 48.136428788 ], [ -122.815257615, 48.136428788 ], [ -122.815257614, 48.136428789 ], [ -122.815257613, 48.13642879 ], [ -122.815257613, 48.136428791 ], [ -122.815257612, 48.136428792 ], [ -122.815257612, 48.136428793 ], [ -122.815257612, 48.136428794 ], [ -122.815258681, 48.136511535 ], [ -122.815258681, 48.136511536 ], [ -122.815258681, 48.136511537 ], [ -122.815258682, 48.136511538 ], [ -122.815258682, 48.136511539 ], [ -122.815258683, 48.13651154 ], [ -122.815258684, 48.13651154 ], [ -122.815258684, 48.136511541 ], [ -122.815258685, 48.136511542 ], [ -122.815258686, 48.136511542 ], [ -122.815258687, 48.136511543 ], [ -122.815258689, 48.136511543 ], [ -122.81525869, 48.136511544 ], [ -122.815258691, 48.136511544 ], [ -122.815258692, 48.136511544 ], [ -122.815258694, 48.136511544 ], [ -122.815258695, 48.136511544 ], [ -122.815258696, 48.136511544 ], [ -122.815261608, 48.136511295 ], [ -122.815268194, 48.136510736 ], [ -122.815544338, 48.136487253 ], [ -122.815648204, 48.136478153 ], [ -122.815677005, 48.136475628 ], [ -122.815677963, 48.136475545 ], [ -122.815677964, 48.136475545 ], [ -122.815677965, 48.136475545 ] ], [ [ -122.816144663, 48.136423521 ], [ -122.816144663, 48.13642352 ], [ -122.816144662, 48.136423519 ], [ -122.816144661, 48.136423518 ], [ -122.81614466, 48.136423517 ], [ -122.816144658, 48.136423517 ], [ -122.816144657, 48.136423516 ], [ -122.816144656, 48.136423516 ], [ -122.816144655, 48.136423515 ], [ -122.816144654, 48.136423515 ], [ -122.816144652, 48.136423515 ], [ -122.816144651, 48.136423515 ], [ -122.816003653, 48.136425171 ], [ -122.81571174, 48.136428599 ], [ -122.815711739, 48.136428599 ], [ -122.815711738, 48.136428599 ], [ -122.815711736, 48.136428599 ], [ -122.815711735, 48.136428599 ], [ -122.815711734, 48.1364286 ], [ -122.815711733, 48.1364286 ], [ -122.815711732, 48.136428601 ], [ -122.815711731, 48.136428601 ], [ -122.81571173, 48.136428602 ], [ -122.815711729, 48.136428603 ], [ -122.815711728, 48.136428604 ], [ -122.815711727, 48.136428605 ], [ -122.815711727, 48.136428606 ], [ -122.815711727, 48.136428607 ], [ -122.815711727, 48.136428608 ], [ -122.815712634, 48.136472627 ], [ -122.815712634, 48.136472628 ], [ -122.815712635, 48.136472629 ], [ -122.815712635, 48.13647263 ], [ -122.815712635, 48.136472631 ], [ -122.815712636, 48.136472631 ], [ -122.815712637, 48.136472632 ], [ -122.815712637, 48.136472633 ], [ -122.815712638, 48.136472634 ], [ -122.815712639, 48.136472634 ], [ -122.815712641, 48.136472635 ], [ -122.815712642, 48.136472635 ], [ -122.815712643, 48.136472635 ], [ -122.815712644, 48.136472636 ], [ -122.815712645, 48.136472636 ], [ -122.815712647, 48.136472636 ], [ -122.815712648, 48.136472636 ], [ -122.815712649, 48.136472636 ], [ -122.815916657, 48.136454746 ], [ -122.816003567, 48.136449187 ], [ -122.81614487, 48.13644015 ], [ -122.816144871, 48.13644015 ], [ -122.816144872, 48.13644015 ], [ -122.816144873, 48.136440149 ], [ -122.816144875, 48.136440149 ], [ -122.816144876, 48.136440149 ], [ -122.816144877, 48.136440148 ], [ -122.816144878, 48.136440147 ], [ -122.816144879, 48.136440147 ], [ -122.81614488, 48.136440146 ], [ -122.81614488, 48.136440145 ], [ -122.816144881, 48.136440145 ], [ -122.816144881, 48.136440144 ], [ -122.816144882, 48.136440143 ], [ -122.816144882, 48.136440142 ], [ -122.816144882, 48.136440141 ], [ -122.816144665, 48.136423524 ], [ -122.816144664, 48.136423523 ], [ -122.816144664, 48.136423522 ], [ -122.816144664, 48.136423521 ], [ -122.816144663, 48.136423521 ] ] ], [ [ [ -122.816272944, 48.136495881 ], [ -122.81625362, 48.136495994 ], [ -122.816253618, 48.136495994 ], [ -122.816253617, 48.136495994 ], [ -122.816253616, 48.136495995 ], [ -122.816253616, 48.136495986 ], [ -122.816272944, 48.136495881 ] ] ], [ [ [ -122.816253418, 48.136507748 ], [ -122.816253419, 48.136507748 ], [ -122.81625342, 48.136507749 ], [ -122.81625342, 48.13650775 ], [ -122.816253421, 48.13650775 ], [ -122.816253422, 48.136507751 ], [ -122.816253423, 48.136507752 ], [ -122.816253424, 48.136507752 ], [ -122.816253425, 48.136507752 ], [ -122.816253427, 48.136507753 ], [ -122.816253428, 48.136507753 ], [ -122.816253429, 48.136507753 ], [ -122.81625343, 48.136507753 ], [ -122.816253432, 48.136507753 ], [ -122.816253433, 48.136507753 ], [ -122.816383493, 48.136495283 ], [ -122.81638382, 48.136495281 ], [ -122.816383822, 48.136495281 ], [ -122.817176243, 48.136419344 ], [ -122.817259847, 48.136411333 ], [ -122.817351421, 48.136402557 ], [ -122.817352586, 48.136402445 ], [ -122.817416554, 48.136396315 ], [ -122.817531429, 48.136396511 ], [ -122.8175334, 48.136396513 ], [ -122.81785288, 48.136397057 ], [ -122.817879108, 48.136397882 ], [ -122.818114174, 48.136405275 ], [ -122.818150403, 48.136406414 ], [ -122.81850629, 48.136451974 ], [ -122.818507175, 48.136452074 ], [ -122.818507176, 48.136452074 ], [ -122.818508693, 48.136452184 ], [ -122.818508694, 48.136452184 ], [ -122.818824456, 48.136467106 ], [ -122.818824456, 48.136467107 ], [ -122.818824457, 48.136467108 ], [ -122.818824457, 48.136467109 ], [ -122.818824458, 48.136467109 ], [ -122.818824459, 48.13646711 ], [ -122.81882446, 48.136467111 ], [ -122.818824461, 48.136467111 ], [ -122.818824462, 48.136467111 ], [ -122.818824464, 48.136467112 ], [ -122.818824465, 48.136467112 ], [ -122.818824466, 48.136467112 ], [ -122.818824467, 48.136467112 ], [ -122.819293648, 48.136489319 ], [ -122.819293649, 48.136489319 ], [ -122.819294544, 48.136489301 ], [ -122.820539867, 48.136513004 ], [ -122.820455973, 48.136518502 ], [ -122.819703232, 48.13653881 ], [ -122.818551853, 48.136528577 ], [ -122.817856627, 48.136487255 ], [ -122.817856626, 48.136487255 ], [ -122.817856269, 48.136487257 ], [ -122.817615562, 48.136472961 ], [ -122.817615561, 48.136472961 ], [ -122.81761556, 48.136472961 ], [ -122.817220875, 48.136490693 ], [ -122.817220003, 48.136490697 ], [ -122.817220002, 48.136490697 ], [ -122.816638583, 48.136516868 ], [ -122.816638583, 48.136516869 ], [ -122.816252925, 48.136536789 ], [ -122.816252926, 48.136536761 ], [ -122.816252926, 48.13653676 ], [ -122.816252926, 48.136536759 ], [ -122.816252925, 48.136536758 ], [ -122.816252925, 48.136536757 ], [ -122.816252924, 48.136536757 ], [ -122.816252924, 48.136536756 ], [ -122.816252923, 48.136536755 ], [ -122.816252922, 48.136536754 ], [ -122.816252921, 48.136536754 ], [ -122.81625292, 48.136536753 ], [ -122.816252919, 48.136536753 ], [ -122.816252918, 48.136536752 ], [ -122.816252917, 48.136536752 ], [ -122.816252915, 48.136536752 ], [ -122.816252914, 48.136536752 ], [ -122.816252913, 48.136536752 ], [ -122.816252911, 48.136536752 ], [ -122.81624501, 48.136537164 ], [ -122.816243062, 48.136537261 ], [ -122.816037871, 48.13654785 ], [ -122.816037869, 48.13654785 ], [ -122.816003198, 48.136552542 ], [ -122.815113618, 48.136672939 ], [ -122.814834092, 48.136718169 ], [ -122.814515771, 48.136769681 ], [ -122.813168671, 48.136966118 ], [ -122.81316867, 48.136966118 ], [ -122.811754541, 48.137227479 ], [ -122.812035996, 48.137164423 ], [ -122.81203606, 48.137164411 ], [ -122.812036061, 48.13716441 ], [ -122.812609526, 48.137035935 ], [ -122.813359041, 48.136920155 ], [ -122.813842227, 48.13684899 ], [ -122.813842753, 48.136848908 ], [ -122.814612895, 48.136721146 ], [ -122.815076131, 48.136644296 ], [ -122.815302372, 48.136618463 ], [ -122.815302373, 48.136618463 ], [ -122.815302375, 48.136618463 ], [ -122.815302376, 48.136618463 ], [ -122.815302377, 48.136618463 ], [ -122.815387149, 48.136608781 ], [ -122.815387849, 48.136608693 ], [ -122.81538785, 48.136608693 ], [ -122.815388502, 48.136608599 ], [ -122.815664128, 48.136564243 ], [ -122.816003272, 48.136531748 ], [ -122.816242855, 48.136508791 ], [ -122.816244926, 48.13650859 ], [ -122.816253402, 48.136507781 ], [ -122.816253403, 48.13650778 ], [ -122.816253405, 48.13650778 ], [ -122.816253406, 48.13650778 ], [ -122.816253407, 48.136507779 ], [ -122.816253408, 48.136507779 ], [ -122.816253409, 48.136507778 ], [ -122.81625341, 48.136507778 ], [ -122.816253411, 48.136507777 ], [ -122.816253412, 48.136507776 ], [ -122.816253412, 48.136507775 ], [ -122.816253413, 48.136507774 ], [ -122.816253414, 48.136507773 ], [ -122.816253414, 48.136507772 ], [ -122.816253469, 48.136504564 ], [ -122.816253418, 48.136507744 ], [ -122.816253418, 48.136507745 ], [ -122.816253418, 48.136507746 ], [ -122.816253418, 48.136507747 ], [ -122.816253418, 48.136507748 ] ] ], [ [ [ -122.816246152, 48.136943021 ], [ -122.816001713, 48.136967942 ], [ -122.815640205, 48.137004797 ], [ -122.816001714, 48.136967928 ], [ -122.816246153, 48.136942998 ], [ -122.816246152, 48.136943021 ] ] ], [ [ [ -122.807765968, 48.13815168 ], [ -122.808085775, 48.138072154 ], [ -122.808349079, 48.138040076 ], [ -122.80834908, 48.138040075 ], [ -122.808349106, 48.138040071 ], [ -122.808521977, 48.138019011 ], [ -122.808521977, 48.13801901 ], [ -122.808522454, 48.138018948 ], [ -122.808522455, 48.138018948 ], [ -122.808523392, 48.138018806 ], [ -122.808523393, 48.138018806 ], [ -122.808538663, 48.13801619 ], [ -122.808427534, 48.138037882 ], [ -122.807705019, 48.138175326 ], [ -122.807746724, 48.138159146 ], [ -122.807746732, 48.138159144 ], [ -122.807746733, 48.138159144 ], [ -122.807746735, 48.138159143 ], [ -122.807765968, 48.13815168 ] ] ], [ [ [ -122.807740258, 48.138513571 ], [ -122.808237797, 48.138388646 ], [ -122.810382343, 48.137907356 ], [ -122.810725818, 48.137821104 ], [ -122.810382335, 48.137907371 ], [ -122.808237789, 48.138388661 ], [ -122.807740258, 48.138513571 ] ] ], [ [ [ -122.804055098, 48.138911671 ], [ -122.804942475, 48.138843832 ], [ -122.804724442, 48.138872558 ], [ -122.804239126, 48.138920433 ], [ -122.803776315, 48.13892126 ], [ -122.80330403, 48.138930489 ], [ -122.803236104, 48.138931817 ], [ -122.803236103, 48.138931817 ], [ -122.802905864, 48.138959304 ], [ -122.803324527, 48.138917646 ], [ -122.803324528, 48.138917646 ], [ -122.80332453, 48.138917646 ], [ -122.803324531, 48.138917645 ], [ -122.803324532, 48.138917645 ], [ -122.803324533, 48.138917644 ], [ -122.803396791, 48.138910454 ], [ -122.803401477, 48.138910464 ], [ -122.803518807, 48.138910698 ], [ -122.803518809, 48.138910698 ], [ -122.80351881, 48.138910698 ], [ -122.803518811, 48.138910699 ], [ -122.803518812, 48.138910699 ], [ -122.803518814, 48.138910699 ], [ -122.804052716, 48.13891176 ], [ -122.804053372, 48.138911753 ], [ -122.804053373, 48.138911753 ], [ -122.804055097, 48.138911671 ], [ -122.804055098, 48.138911671 ] ] ], [ [ [ -122.804552894, 48.139163584 ], [ -122.804552878, 48.139163587 ], [ -122.804514117, 48.139166271 ], [ -122.804552894, 48.139163584 ] ] ], [ [ [ -122.801592808, 48.139101011 ], [ -122.800751761, 48.139257264 ], [ -122.80075176, 48.139257265 ], [ -122.800448487, 48.139335282 ], [ -122.800199804, 48.139399255 ], [ -122.800322249, 48.139363027 ], [ -122.800728009, 48.139258197 ], [ -122.800728244, 48.139258139 ], [ -122.800840845, 48.139229049 ], [ -122.801472729, 48.139086644 ], [ -122.801914371, 48.139034474 ], [ -122.801914372, 48.139034475 ], [ -122.801914373, 48.139034475 ], [ -122.801914375, 48.139034475 ], [ -122.801914376, 48.139034474 ], [ -122.802220988, 48.138998256 ], [ -122.802715959, 48.138975108 ], [ -122.802374989, 48.13900348 ], [ -122.802374988, 48.13900348 ], [ -122.801592809, 48.139101011 ], [ -122.801592808, 48.139101011 ] ] ], [ [ [ -122.797767064, 48.139921429 ], [ -122.797767066, 48.139921429 ], [ -122.797767067, 48.139921429 ], [ -122.797971626, 48.139907035 ], [ -122.797897002, 48.139918877 ], [ -122.797271289, 48.140035265 ], [ -122.797271288, 48.140035265 ], [ -122.797271287, 48.140035265 ], [ -122.796753991, 48.140196142 ], [ -122.796625219, 48.140231615 ], [ -122.796701331, 48.140190625 ], [ -122.796701332, 48.140190624 ], [ -122.796701333, 48.140190624 ], [ -122.796701333, 48.140190623 ], [ -122.796701334, 48.140190622 ], [ -122.796701335, 48.140190621 ], [ -122.796701335, 48.14019062 ], [ -122.796701336, 48.140190619 ], [ -122.796701336, 48.140190618 ], [ -122.796748821, 48.140165044 ], [ -122.796976816, 48.140063109 ], [ -122.797047766, 48.140031387 ], [ -122.797330482, 48.139952139 ], [ -122.797393353, 48.139947716 ], [ -122.797767059, 48.139921428 ], [ -122.79776706, 48.139921429 ], [ -122.797767062, 48.139921429 ], [ -122.797767063, 48.139921429 ], [ -122.797767064, 48.139921429 ] ] ], [ [ [ -122.794509414, 48.140856746 ], [ -122.794166062, 48.140967611 ], [ -122.793866538, 48.141050212 ], [ -122.793655898, 48.141107208 ], [ -122.793721225, 48.141087622 ], [ -122.793721777, 48.141087451 ], [ -122.794132351, 48.140954523 ], [ -122.794132352, 48.140954522 ], [ -122.794132353, 48.140954522 ], [ -122.794132354, 48.140954522 ], [ -122.794356279, 48.140882022 ], [ -122.794435122, 48.140861111 ], [ -122.794435124, 48.140861112 ], [ -122.794435125, 48.140861112 ], [ -122.794435126, 48.140861112 ], [ -122.794435128, 48.140861112 ], [ -122.794435129, 48.140861112 ], [ -122.79443513, 48.140861111 ], [ -122.794435132, 48.140861111 ], [ -122.794745523, 48.140778785 ], [ -122.794509414, 48.140856746 ] ] ], [ [ [ -122.794318006, 48.141237464 ], [ -122.794318005, 48.141237465 ], [ -122.794280422, 48.141252082 ], [ -122.794318017, 48.141237459 ], [ -122.794436396, 48.141205325 ], [ -122.794318006, 48.141237464 ] ] ], [ [ [ -122.791217448, 48.141608371 ], [ -122.791490268, 48.141574424 ], [ -122.79139565, 48.141594526 ], [ -122.790656258, 48.141735021 ], [ -122.790221662, 48.141820233 ], [ -122.789710626, 48.141937087 ], [ -122.789469079, 48.141991397 ], [ -122.789706335, 48.141925318 ], [ -122.789706369, 48.141925311 ], [ -122.78970637, 48.14192531 ], [ -122.790119401, 48.14181028 ], [ -122.790810196, 48.141659039 ], [ -122.791217441, 48.14160837 ], [ -122.791217442, 48.14160837 ], [ -122.791217443, 48.141608371 ], [ -122.791217444, 48.141608371 ], [ -122.791217445, 48.141608371 ], [ -122.791217447, 48.141608371 ], [ -122.791217448, 48.141608371 ] ] ], [ [ [ -122.788025035, 48.142230014 ], [ -122.788026723, 48.14222987 ], [ -122.788026743, 48.14222987 ], [ -122.788026744, 48.14222987 ], [ -122.78802801, 48.142229762 ], [ -122.788028011, 48.142229762 ], [ -122.788084786, 48.142222106 ], [ -122.788084787, 48.142222107 ], [ -122.788084789, 48.142222107 ], [ -122.78808479, 48.142222107 ], [ -122.788084791, 48.142222107 ], [ -122.788084793, 48.142222107 ], [ -122.788489267, 48.142167564 ], [ -122.788489696, 48.142167502 ], [ -122.789016276, 48.142087494 ], [ -122.788744628, 48.142142287 ], [ -122.788052079, 48.14222976 ], [ -122.788018011, 48.14223026 ], [ -122.788025034, 48.142230014 ], [ -122.788025035, 48.142230014 ] ] ], [ [ [ -122.787103264, 48.142264632 ], [ -122.786797745, 48.142303461 ], [ -122.786646052, 48.142321414 ], [ -122.786646052, 48.142321413 ], [ -122.786646051, 48.142321413 ], [ -122.78664605, 48.142321413 ], [ -122.786646048, 48.142321413 ], [ -122.786646047, 48.142321413 ], [ -122.786646046, 48.142321413 ], [ -122.786646044, 48.142321413 ], [ -122.786615599, 48.142325016 ], [ -122.78670201, 48.142313095 ], [ -122.786702011, 48.142313095 ], [ -122.786702012, 48.142313095 ], [ -122.786702013, 48.142313095 ], [ -122.786702014, 48.142313095 ], [ -122.786702016, 48.142313095 ], [ -122.786702017, 48.142313095 ], [ -122.787057257, 48.142264086 ], [ -122.787163666, 48.142260342 ], [ -122.787103265, 48.142264632 ], [ -122.787103264, 48.142264632 ] ] ], [ [ [ -122.780936, 47.953017 ], [ -122.780937, 47.952872 ], [ -122.787634, 47.952885 ], [ -122.787615, 47.957384 ], [ -122.787251, 47.957383 ], [ -122.78725, 47.957528 ], [ -122.780553, 47.957515 ], [ -122.780572, 47.953016 ], [ -122.780936, 47.953017 ] ] ], [ [ [ -122.769635, 47.974241 ], [ -122.769655, 47.969742 ], [ -122.776354, 47.969755 ], [ -122.776353, 47.970028 ], [ -122.776354, 47.970028 ], [ -122.776334, 47.974527 ], [ -122.769635, 47.974514 ], [ -122.769636, 47.974241 ], [ -122.769635, 47.974241 ] ] ], [ [ [ -122.772165511, 48.108010812 ], [ -122.772165003, 48.108011616 ], [ -122.772111344, 48.108096579 ], [ -122.77206832, 48.108133811 ], [ -122.772061519, 48.108139697 ], [ -122.772061209, 48.108139965 ], [ -122.771979677, 48.108210524 ], [ -122.771906901, 48.108273505 ], [ -122.771853942, 48.108296609 ], [ -122.771853778, 48.108296681 ], [ -122.771719242, 48.108355373 ], [ -122.771743021, 48.108327259 ], [ -122.771748056, 48.108321307 ], [ -122.771769031, 48.108296507 ], [ -122.771769034, 48.108296505 ], [ -122.771769035, 48.108296504 ], [ -122.771769036, 48.108296503 ], [ -122.771845088, 48.108206587 ], [ -122.771845089, 48.108206587 ], [ -122.771976682, 48.108031327 ], [ -122.771976683, 48.108031327 ], [ -122.771976683, 48.108031326 ], [ -122.771976684, 48.108031325 ], [ -122.771980352, 48.10802032 ], [ -122.771980352, 48.108020319 ], [ -122.771983005, 48.108008402 ], [ -122.771986581, 48.107992269 ], [ -122.771994605, 48.107956142 ], [ -122.771997485, 48.107943192 ], [ -122.771997486, 48.107943191 ], [ -122.772009352, 48.107838783 ], [ -122.772020024, 48.107813668 ], [ -122.772020808, 48.107811832 ], [ -122.77202531, 48.107801239 ], [ -122.772025528, 48.107800742 ], [ -122.772027387, 48.107796369 ], [ -122.772031685, 48.107786252 ], [ -122.772031685, 48.107786251 ], [ -122.772031685, 48.10778625 ], [ -122.772031685, 48.107786249 ], [ -122.772031685, 48.107786248 ], [ -122.772031685, 48.107786247 ], [ -122.772031685, 48.107786246 ], [ -122.772031684, 48.107786246 ], [ -122.772031684, 48.107786245 ], [ -122.772020035, 48.107771937 ], [ -122.771980093, 48.10772292 ], [ -122.771815037, 48.10752026 ], [ -122.771812894, 48.107517635 ], [ -122.771776688, 48.10747319 ], [ -122.771794814, 48.107465477 ], [ -122.771795081, 48.107465364 ], [ -122.771800044, 48.107463255 ], [ -122.771945474, 48.107401402 ], [ -122.772022338, 48.107477963 ], [ -122.772018937, 48.107478817 ], [ -122.772018936, 48.107478817 ], [ -122.772016112, 48.107479686 ], [ -122.772016111, 48.107479686 ], [ -122.77201611, 48.107479686 ], [ -122.772013505, 48.10748084 ], [ -122.772013504, 48.10748084 ], [ -122.772013503, 48.10748084 ], [ -122.772011197, 48.107482245 ], [ -122.772011196, 48.107482246 ], [ -122.772009235, 48.107483869 ], [ -122.772009234, 48.107483869 ], [ -122.772009234, 48.10748387 ], [ -122.772007664, 48.107485667 ], [ -122.772007663, 48.107485668 ], [ -122.772007663, 48.107485669 ], [ -122.772006516, 48.107487618 ], [ -122.772006515, 48.107487619 ], [ -122.772006515, 48.10748762 ], [ -122.772005835, 48.107489646 ], [ -122.772005835, 48.107489647 ], [ -122.77199677, 48.107530582 ], [ -122.771987838, 48.107570882 ], [ -122.771987838, 48.107570883 ], [ -122.771987618, 48.107572825 ], [ -122.771987618, 48.107572827 ], [ -122.771987797, 48.107574761 ], [ -122.771987797, 48.107574762 ], [ -122.771987797, 48.107574763 ], [ -122.771988407, 48.107576657 ], [ -122.771988407, 48.107576658 ], [ -122.771989397, 48.107578492 ], [ -122.771989398, 48.107578493 ], [ -122.772017016, 48.107619812 ], [ -122.772121233, 48.107775753 ], [ -122.772146424, 48.107830988 ], [ -122.772146423, 48.107830989 ], [ -122.772146422, 48.10783099 ], [ -122.772146421, 48.107830991 ], [ -122.772146421, 48.107830992 ], [ -122.772146421, 48.107830993 ], [ -122.77214642, 48.107830994 ], [ -122.77214642, 48.107830995 ], [ -122.772146421, 48.107830996 ], [ -122.772146421, 48.107830997 ], [ -122.772159316, 48.107859274 ], [ -122.772167271, 48.107876715 ], [ -122.772177375, 48.107898871 ], [ -122.772176565, 48.107906511 ], [ -122.772172387, 48.107945937 ], [ -122.772165511, 48.108010812 ] ] ], [ [ [ -122.778540734, 48.109665949 ], [ -122.778540733, 48.10966595 ], [ -122.778540733, 48.109665951 ], [ -122.778540631, 48.109667572 ], [ -122.778518986, 48.109687634 ], [ -122.778484687, 48.109699035 ], [ -122.778424291, 48.109698604 ], [ -122.778406399, 48.109697016 ], [ -122.778352616, 48.109692977 ], [ -122.778351351, 48.109692132 ], [ -122.77835135, 48.109692132 ], [ -122.778351349, 48.109692131 ], [ -122.778351348, 48.109692131 ], [ -122.778351347, 48.10969213 ], [ -122.778351346, 48.10969213 ], [ -122.778351345, 48.10969213 ], [ -122.778351343, 48.10969213 ], [ -122.778350328, 48.10969204 ], [ -122.77831668, 48.109670992 ], [ -122.778348107, 48.109616701 ], [ -122.778348108, 48.1096167 ], [ -122.778348108, 48.109616699 ], [ -122.778348108, 48.109616698 ], [ -122.778348865, 48.109610517 ], [ -122.778393574, 48.109555736 ], [ -122.778414454, 48.109541627 ], [ -122.77841546, 48.109541401 ], [ -122.778415461, 48.109541401 ], [ -122.778415463, 48.1095414 ], [ -122.778415464, 48.1095414 ], [ -122.778415465, 48.109541399 ], [ -122.778418281, 48.109539526 ], [ -122.778434673, 48.109533995 ], [ -122.778524664, 48.109588923 ], [ -122.778536645, 48.109625069 ], [ -122.778536645, 48.10962507 ], [ -122.778542438, 48.109638298 ], [ -122.778540995, 48.109661688 ], [ -122.778540995, 48.109665716 ], [ -122.778540736, 48.109665946 ], [ -122.778540735, 48.109665947 ], [ -122.778540734, 48.109665948 ], [ -122.778540734, 48.109665949 ] ] ], [ [ [ -122.757116855, 48.113739932 ], [ -122.757077394, 48.113751688 ], [ -122.757050662, 48.113759653 ], [ -122.756976112, 48.113781864 ], [ -122.756871347, 48.113793249 ], [ -122.756871346, 48.113793248 ], [ -122.756871345, 48.113793248 ], [ -122.756871343, 48.113793248 ], [ -122.756871342, 48.113793248 ], [ -122.756871341, 48.113793248 ], [ -122.756871339, 48.113793248 ], [ -122.75686794, 48.113793615 ], [ -122.757040633, 48.113742611 ], [ -122.757054215, 48.113738591 ], [ -122.757058309, 48.113737474 ], [ -122.75705849, 48.11373742 ], [ -122.757102986, 48.113725192 ], [ -122.75710312, 48.113725156 ], [ -122.757134246, 48.113716602 ], [ -122.757134247, 48.113716602 ], [ -122.757134249, 48.113716601 ], [ -122.75713425, 48.113716601 ], [ -122.757268676, 48.11367966 ], [ -122.757268677, 48.113679659 ], [ -122.757354988, 48.11364941 ], [ -122.757270484, 48.113694163 ], [ -122.75722315, 48.113708268 ], [ -122.75722313, 48.11370827 ], [ -122.757223129, 48.11370827 ], [ -122.757223128, 48.11370827 ], [ -122.757223127, 48.113708271 ], [ -122.757131987, 48.113735424 ], [ -122.757117063, 48.11373987 ], [ -122.757116969, 48.113739898 ], [ -122.757116855, 48.113739932 ] ] ], [ [ [ -122.755695235, 48.124286281 ], [ -122.756299512, 48.124899798 ], [ -122.756408747, 48.125014141 ], [ -122.756299487, 48.124899799 ], [ -122.755695235, 48.124286281 ] ] ], [ [ [ -122.75860468, 48.126641908 ], [ -122.758604679, 48.126641907 ], [ -122.758132671, 48.126315079 ], [ -122.758604673, 48.126641876 ], [ -122.758690859, 48.126732087 ], [ -122.758604681, 48.126641909 ], [ -122.75860468, 48.126641908 ] ] ], [ [ [ -122.76125599, 48.129314341 ], [ -122.761255989, 48.12931434 ], [ -122.760156966, 48.128164106 ], [ -122.760028003, 48.128042293 ], [ -122.760156975, 48.128164094 ], [ -122.761256012, 48.129314326 ], [ -122.761344688, 48.129552014 ], [ -122.76125599, 48.129314342 ], [ -122.76125599, 48.129314341 ] ] ], [ [ [ -122.76170453, 48.133929923 ], [ -122.761757155, 48.133807112 ], [ -122.761757155, 48.133807111 ], [ -122.761757155, 48.13380711 ], [ -122.761763592, 48.133774486 ], [ -122.761757154, 48.133807134 ], [ -122.76170453, 48.133929923 ] ] ], [ [ [ -122.76204094, 48.135544838 ], [ -122.762040939, 48.135544839 ], [ -122.762039529, 48.135546568 ], [ -122.762039528, 48.135546569 ], [ -122.762038504, 48.135548415 ], [ -122.762038503, 48.135548416 ], [ -122.762037883, 48.135550342 ], [ -122.762037883, 48.135550343 ], [ -122.76201421, 48.135667388 ], [ -122.761991086, 48.135781725 ], [ -122.761947234, 48.135833298 ], [ -122.761947234, 48.135833299 ], [ -122.761945764, 48.135835435 ], [ -122.761945763, 48.135835436 ], [ -122.761945763, 48.135835437 ], [ -122.761944861, 48.13583771 ], [ -122.76194486, 48.135837711 ], [ -122.76194486, 48.135837712 ], [ -122.761944552, 48.135840055 ], [ -122.761944552, 48.135840056 ], [ -122.761944319, 48.135928151 ], [ -122.761775488, 48.136320339 ], [ -122.761775487, 48.136320339 ], [ -122.761775486, 48.13632034 ], [ -122.761775485, 48.136320341 ], [ -122.761775484, 48.136320342 ], [ -122.761775484, 48.136320343 ], [ -122.761770973, 48.136330823 ], [ -122.761770713, 48.136331487 ], [ -122.761736042, 48.136430393 ], [ -122.761735716, 48.136431556 ], [ -122.761728741, 48.136464194 ], [ -122.761717358, 48.136438071 ], [ -122.761665155, 48.136318254 ], [ -122.761628495, 48.136132523 ], [ -122.761589692, 48.135894724 ], [ -122.761617505, 48.135790344 ], [ -122.761642562, 48.135696326 ], [ -122.761701067, 48.135605921 ], [ -122.761753961, 48.135524191 ], [ -122.761785364, 48.135471181 ], [ -122.761785365, 48.135471181 ], [ -122.761785365, 48.13547118 ], [ -122.761785366, 48.135471179 ], [ -122.761918225, 48.135246925 ], [ -122.762163834, 48.134860926 ], [ -122.762247001, 48.13473022 ], [ -122.762252025, 48.134722324 ], [ -122.762252025, 48.134722323 ], [ -122.762293186, 48.134610937 ], [ -122.762292894, 48.134697228 ], [ -122.762258625, 48.13486619 ], [ -122.762246241, 48.134894858 ], [ -122.762189179, 48.135026948 ], [ -122.762188843, 48.135027834 ], [ -122.762188843, 48.135027835 ], [ -122.762165599, 48.135099151 ], [ -122.762108208, 48.135205875 ], [ -122.762108039, 48.135206201 ], [ -122.762108039, 48.135206202 ], [ -122.762107281, 48.135208242 ], [ -122.762107281, 48.135208243 ], [ -122.762095874, 48.135253611 ], [ -122.762095874, 48.135253612 ], [ -122.762095659, 48.135254955 ], [ -122.762072812, 48.135520084 ], [ -122.762042706, 48.135543262 ], [ -122.76204094, 48.135544838 ] ] ], [ [ [ -122.76106045, 48.136404575 ], [ -122.761032305, 48.136562931 ], [ -122.761060444, 48.136404555 ], [ -122.761060444, 48.136404554 ], [ -122.761060444, 48.136404553 ], [ -122.761050212, 48.136351469 ], [ -122.76106045, 48.136404575 ] ] ], [ [ [ -122.760351585, 48.138020676 ], [ -122.760351573, 48.138020696 ], [ -122.76019571, 48.138192773 ], [ -122.760351585, 48.138020676 ] ] ], [ [ [ -122.765553501, 48.142662408 ], [ -122.765838949, 48.142743359 ], [ -122.765844236, 48.142745704 ], [ -122.765844237, 48.142745705 ], [ -122.765844238, 48.142745705 ], [ -122.765844239, 48.142745706 ], [ -122.76584424, 48.142745706 ], [ -122.765990462, 48.142810556 ], [ -122.765643894, 48.142694922 ], [ -122.765643893, 48.142694922 ], [ -122.765643867, 48.142694915 ], [ -122.765591522, 48.14267745 ], [ -122.765591521, 48.14267745 ], [ -122.76559152, 48.142677449 ], [ -122.765533326, 48.142666906 ], [ -122.765533292, 48.142666897 ], [ -122.76553329, 48.142666897 ], [ -122.765049243, 48.142579195 ], [ -122.765049242, 48.142579195 ], [ -122.765049226, 48.142579193 ], [ -122.764964497, 48.142563841 ], [ -122.764993387, 48.142563102 ], [ -122.765198076, 48.142590186 ], [ -122.765251068, 48.142600955 ], [ -122.76525107, 48.142600955 ], [ -122.765251081, 48.142600956 ], [ -122.765361582, 48.142623411 ], [ -122.765361583, 48.142623412 ], [ -122.765361585, 48.142623412 ], [ -122.765361586, 48.142623412 ], [ -122.765553501, 48.142662408 ] ] ], [ [ [ -122.760616689, 48.143107472 ], [ -122.760616687, 48.143107472 ], [ -122.76027247, 48.143187002 ], [ -122.760329749, 48.143152375 ], [ -122.76032975, 48.143152375 ], [ -122.760329751, 48.143152374 ], [ -122.760358786, 48.143134821 ], [ -122.760445506, 48.143084008 ], [ -122.760750382, 48.143066982 ], [ -122.760750383, 48.143066982 ], [ -122.760751756, 48.143066874 ], [ -122.761125531, 48.143028858 ], [ -122.761125532, 48.143028858 ], [ -122.761125575, 48.143028851 ], [ -122.761704567, 48.142969963 ], [ -122.761696358, 48.142971608 ], [ -122.760616689, 48.143107472 ] ] ], [ [ [ -122.774439756, 48.143103632 ], [ -122.774439755, 48.143103632 ], [ -122.774439754, 48.143103631 ], [ -122.774439753, 48.143103631 ], [ -122.774439752, 48.14310363 ], [ -122.774439751, 48.14310363 ], [ -122.774439749, 48.14310363 ], [ -122.774439748, 48.14310363 ], [ -122.774439747, 48.14310363 ], [ -122.774367538, 48.143103328 ], [ -122.774113548, 48.143109924 ], [ -122.774113267, 48.143109929 ], [ -122.773545112, 48.143124685 ], [ -122.773136871, 48.14313442 ], [ -122.772657467, 48.143145853 ], [ -122.772342057, 48.143153371 ], [ -122.772342056, 48.143153371 ], [ -122.772155229, 48.143162899 ], [ -122.772164829, 48.143161674 ], [ -122.77216483, 48.143161674 ], [ -122.772164831, 48.143161674 ], [ -122.772164832, 48.143161673 ], [ -122.772164833, 48.143161673 ], [ -122.772164834, 48.143161672 ], [ -122.772164835, 48.143161672 ], [ -122.772438195, 48.14312677 ], [ -122.773240437, 48.143086796 ], [ -122.773561689, 48.143070786 ], [ -122.773648181, 48.143066476 ], [ -122.773943819, 48.143067072 ], [ -122.77394389, 48.143067072 ], [ -122.774079635, 48.143067346 ], [ -122.774122798, 48.143067433 ], [ -122.774407715, 48.143068006 ], [ -122.774482461, 48.143071129 ], [ -122.775898421, 48.143130282 ], [ -122.775898423, 48.143130282 ], [ -122.775898424, 48.143130282 ], [ -122.775898425, 48.143130282 ], [ -122.775898426, 48.143130282 ], [ -122.776000372, 48.143134539 ], [ -122.776000993, 48.14313456 ], [ -122.776000994, 48.14313456 ], [ -122.776110597, 48.143136913 ], [ -122.776110599, 48.143136913 ], [ -122.776112761, 48.143136962 ], [ -122.776089477, 48.14313725 ], [ -122.776089474, 48.14313725 ], [ -122.776089473, 48.14313725 ], [ -122.77608947, 48.14313725 ], [ -122.775897567, 48.143139645 ], [ -122.775897565, 48.143139645 ], [ -122.775897564, 48.143139645 ], [ -122.775897563, 48.143139646 ], [ -122.775897561, 48.143139646 ], [ -122.77589756, 48.143139646 ], [ -122.775897559, 48.143139647 ], [ -122.775897558, 48.143139647 ], [ -122.775897558, 48.143139648 ], [ -122.775888813, 48.143139756 ], [ -122.775301649, 48.14310723 ], [ -122.775301648, 48.14310723 ], [ -122.775207288, 48.143106836 ], [ -122.775207287, 48.143106836 ], [ -122.775207286, 48.143106836 ], [ -122.775207284, 48.143106836 ], [ -122.775207283, 48.143106836 ], [ -122.775207282, 48.143106837 ], [ -122.774439756, 48.143103632 ] ] ], [ [ [ -122.770726935, 48.143254216 ], [ -122.770726936, 48.143254216 ], [ -122.770726937, 48.143254217 ], [ -122.770726939, 48.143254217 ], [ -122.77072694, 48.143254217 ], [ -122.770726941, 48.143254217 ], [ -122.770726943, 48.143254217 ], [ -122.770727467, 48.143254188 ], [ -122.770716763, 48.143255134 ], [ -122.770716073, 48.143255198 ], [ -122.770583384, 48.143266965 ], [ -122.770649775, 48.143258339 ], [ -122.770726933, 48.143254215 ], [ -122.770726934, 48.143254215 ], [ -122.770726935, 48.143254216 ] ] ], [ [ [ -122.767722694, 48.143452838 ], [ -122.767722695, 48.143452838 ], [ -122.767722696, 48.143452838 ], [ -122.7677227, 48.143452839 ], [ -122.767763657, 48.14345786 ], [ -122.767476196, 48.143449983 ], [ -122.767142295, 48.14330562 ], [ -122.767140431, 48.143304698 ], [ -122.766924409, 48.143197937 ], [ -122.76705941, 48.143240229 ], [ -122.767059411, 48.143240229 ], [ -122.767059412, 48.143240229 ], [ -122.767118724, 48.143258809 ], [ -122.767309162, 48.14333548 ], [ -122.767329448, 48.143343647 ], [ -122.76733488, 48.143345834 ], [ -122.767544032, 48.14343004 ], [ -122.767544033, 48.14343004 ], [ -122.76754621, 48.143430802 ], [ -122.767546212, 48.143430803 ], [ -122.767548511, 48.143431384 ], [ -122.767548512, 48.143431385 ], [ -122.7675509, 48.143431777 ], [ -122.767722694, 48.143452838 ] ] ], [ [ [ -122.768443245, 48.143854599 ], [ -122.771966953, 48.143666516 ], [ -122.771966954, 48.143666516 ], [ -122.77330926, 48.143560499 ], [ -122.775864824, 48.143498752 ], [ -122.775864825, 48.143498752 ], [ -122.775864826, 48.143498752 ], [ -122.777307477, 48.143470876 ], [ -122.777307478, 48.143470876 ], [ -122.777754541, 48.143438222 ], [ -122.777307509, 48.14347089 ], [ -122.775864826, 48.143498766 ], [ -122.773309276, 48.143560524 ], [ -122.773309275, 48.143560524 ], [ -122.77196692, 48.14366652 ], [ -122.768443213, 48.143854613 ], [ -122.768058199, 48.14384485 ], [ -122.768443243, 48.143854599 ], [ -122.768443245, 48.143854599 ] ] ], [ [ [ -122.759786735, 48.143700442 ], [ -122.759786736, 48.143700442 ], [ -122.760065689, 48.143615926 ], [ -122.759786711, 48.143700457 ], [ -122.759539267, 48.143752415 ], [ -122.759786735, 48.143700442 ] ] ], [ [ [ -122.757118319, 48.144292435 ], [ -122.757540362, 48.144193577 ], [ -122.757118329, 48.144292455 ], [ -122.75667065, 48.144369345 ], [ -122.757118318, 48.144292435 ], [ -122.757118319, 48.144292435 ] ] ], [ [ [ -122.635472, 47.869625 ], [ -122.634965, 47.869624 ], [ -122.634997, 47.865125 ], [ -122.641682, 47.865146 ], [ -122.641678, 47.865772 ], [ -122.642184, 47.865773 ], [ -122.642184, 47.865812 ], [ -122.642413, 47.865813 ], [ -122.642382, 47.870312 ], [ -122.635696, 47.870291 ], [ -122.635697, 47.870251 ], [ -122.635467, 47.870251 ], [ -122.635472, 47.869625 ] ] ], [ [ [ -122.632881, 47.875225 ], [ -122.632677, 47.875225 ], [ -122.632709, 47.870726 ], [ -122.639395, 47.870747 ], [ -122.639395, 47.870761 ], [ -122.639599, 47.870761 ], [ -122.639568, 47.87526 ], [ -122.632881, 47.875239 ], [ -122.632881, 47.875225 ] ] ], [ [ [ -122.642128, 47.893142 ], [ -122.642133, 47.892495 ], [ -122.641849, 47.892494 ], [ -122.64188, 47.887995 ], [ -122.648568, 47.888016 ], [ -122.648564, 47.888663 ], [ -122.648848, 47.888664 ], [ -122.648817, 47.893163 ], [ -122.642128, 47.893142 ] ] ], [ [ [ -122.72899453, 47.89703015 ], [ -122.72745254, 47.90029914 ], [ -122.72586554, 47.90368614 ], [ -122.72572254, 47.90401814 ], [ -122.72558654, 47.90438214 ], [ -122.72543454, 47.90483914 ], [ -122.72502255, 47.90609113 ], [ -122.72462255, 47.90727513 ], [ -122.72454455, 47.90753113 ], [ -122.72368555, 47.91015013 ], [ -122.72356355, 47.91058113 ], [ -122.72353956, 47.91070413 ], [ -122.72351356, 47.91098812 ], [ -122.72351156, 47.91111212 ], [ -122.72352056, 47.91129712 ], [ -122.72354456, 47.91148212 ], [ -122.72358156, 47.91166612 ], [ -122.72361556, 47.91178812 ], [ -122.72368306, 47.91198562 ], [ -122.72373456, 47.91211012 ], [ -122.72379556, 47.91223712 ], [ -122.72389156, 47.91241312 ], [ -122.72404756, 47.91266612 ], [ -122.72452356, 47.91340412 ], [ -122.72481056, 47.91385012 ], [ -122.72570856, 47.91524211 ], [ -122.72608655, 47.91585411 ], [ -122.72660155, 47.91665711 ], [ -122.72744355, 47.91794011 ], [ -122.72769855, 47.91833611 ], [ -122.72786955, 47.9186151 ], [ -122.72803856, 47.9189231 ], [ -122.72820455, 47.9192861 ], [ -122.72824556, 47.9193951 ], [ -122.72830355, 47.9195811 ], [ -122.72841155, 47.9199721 ], [ -122.72857556, 47.9206171 ], [ -122.72866756, 47.9210661 ], [ -122.72870356, 47.9213111 ], [ -122.72871656, 47.9214811 ], [ -122.72873156, 47.9220271 ], [ -122.72874356, 47.9221511 ], [ -122.72877756, 47.9223161 ], [ -122.72882456, 47.9224801 ], [ -122.72887906, 47.9226276 ], [ -122.72897156, 47.9228311 ], [ -122.72930356, 47.92348309 ], [ -122.72973756, 47.92436309 ], [ -122.72985556, 47.92461309 ], [ -122.73015856, 47.92521309 ], [ -122.73055156, 47.92599009 ], [ -122.73079156, 47.92647909 ], [ -122.73089756, 47.92673209 ], [ -122.73095856, 47.92690308 ], [ -122.73101856, 47.92711008 ], [ -122.73103656, 47.92720808 ], [ -122.73107556, 47.92752008 ], [ -122.73108256, 47.92816108 ], [ -122.73107156, 47.92906708 ], [ -122.73107856, 47.92945108 ], [ -122.73110156, 47.92972908 ], [ -122.73113756, 47.93000608 ], [ -122.73118856, 47.93028208 ], [ -122.73128356, 47.93066608 ], [ -122.73136356, 47.93092108 ], [ -122.73145656, 47.93117407 ], [ -122.73156156, 47.93142507 ], [ -122.73172756, 47.93176307 ], [ -122.73224556, 47.93278007 ], [ -122.73248356, 47.93323107 ], [ -122.73280756, 47.93384307 ], [ -122.73423056, 47.93659006 ], [ -122.73444856, 47.93705006 ], [ -122.73451156, 47.93721506 ], [ -122.73456656, 47.93738206 ], [ -122.73463256, 47.93763406 ], [ -122.73467656, 47.93787406 ], [ -122.73469656, 47.93803606 ], [ -122.73470756, 47.93819806 ], [ -122.73470556, 47.93854506 ], [ -122.73469356, 47.93871406 ], [ -122.73467256, 47.93888206 ], [ -122.73464356, 47.93904906 ], [ -122.73456756, 47.93937106 ], [ -122.73450156, 47.93957106 ], [ -122.73429156, 47.94003805 ], [ -122.73414456, 47.94032705 ], [ -122.73328557, 47.94194405 ], [ -122.73312157, 47.94227005 ], [ -122.73272957, 47.94302705 ], [ -122.73233857, 47.94388705 ], [ -122.73196657, 47.94485505 ], [ -122.73189957, 47.94506105 ], [ -122.73184957, 47.94532405 ], [ -122.73180058, 47.94572005 ], [ -122.73178457, 47.94598504 ], [ -122.73178258, 47.94625004 ], [ -122.73179458, 47.94651504 ], [ -122.73182058, 47.94678004 ], [ -122.73184558, 47.94695804 ], [ -122.73189358, 47.94721804 ], [ -122.73199058, 47.94760504 ], [ -122.73202758, 47.94772204 ], [ -122.73206958, 47.94785104 ], [ -122.73217558, 47.94814804 ], [ -122.73229758, 47.94844104 ], [ -122.73252258, 47.94894204 ], [ -122.73256258, 47.94903104 ], [ -122.73273658, 47.94939104 ], [ -122.73282158, 47.94958604 ], [ -122.73248858, 47.94944904 ], [ -122.73238058, 47.94940904 ], [ -122.73226658, 47.94937604 ], [ -122.73214758, 47.94935204 ], [ -122.73195058, 47.94933104 ], [ -122.73180858, 47.94932804 ], [ -122.73164658, 47.94934004 ], [ -122.73158658, 47.94934804 ], [ -122.73145558, 47.94937304 ], [ -122.72926758, 47.95001404 ], [ -122.72920058, 47.95001604 ], [ -122.72866559, 47.94993104 ], [ -122.72853259, 47.94992954 ], [ -122.72832959, 47.94995204 ], [ -122.72815859, 47.94998304 ], [ -122.72799259, 47.95002304 ], [ -122.72783859, 47.95007104 ], [ -122.72744459, 47.95022304 ], [ -122.72730959, 47.95028504 ], [ -122.72718159, 47.95035204 ], [ -122.72700359, 47.95046504 ], [ -122.72677559, 47.95063604 ], [ -122.72662559, 47.95074754 ], [ -122.72638559, 47.95113104 ], [ -122.72623159, 47.95136104 ], [ -122.72617259, 47.95143604 ], [ -122.72608959, 47.95152704 ], [ -122.72599459, 47.95161204 ], [ -122.72589759, 47.95168504 ], [ -122.72581359, 47.95173804 ], [ -122.7256556, 47.95182204 ], [ -122.7253036, 47.95196404 ], [ -122.7249806, 47.95204804 ], [ -122.7247316, 47.95210704 ], [ -122.7243536, 47.95218304 ], [ -122.7240236, 47.95224004 ], [ -122.7235736, 47.95230904 ], [ -122.7232346, 47.95235104 ], [ -122.7230996, 47.95235804 ], [ -122.7228826, 47.95235204 ], [ -122.7226696, 47.95232604 ], [ -122.7225146, 47.95229404 ], [ -122.7223896, 47.95225804 ], [ -122.7222616, 47.95221304 ], [ -122.7221846, 47.95218104 ], [ -122.7220856, 47.95213304 ], [ -122.7219226, 47.95203804 ], [ -122.7216556, 47.95186304 ], [ -122.72071061, 47.95120604 ], [ -122.72025261, 47.95089604 ], [ -122.71978661, 47.95059204 ], [ -122.71895261, 47.95007304 ], [ -122.71865461, 47.94989204 ], [ -122.71851061, 47.94978904 ], [ -122.71839061, 47.94968104 ], [ -122.71833461, 47.94960105 ], [ -122.71819961, 47.94935605 ], [ -122.71813861, 47.94920905 ], [ -122.71811361, 47.94912405 ], [ -122.71746961, 47.94738805 ], [ -122.71741161, 47.94725005 ], [ -122.71734061, 47.94711505 ], [ -122.71724361, 47.94696105 ], [ -122.71720661, 47.94688305 ], [ -122.71718561, 47.94681605 ], [ -122.71717161, 47.94673405 ], [ -122.71716961, 47.94666405 ], [ -122.71720061, 47.94628405 ], [ -122.71718961, 47.94617705 ], [ -122.71716561, 47.94607205 ], [ -122.71712661, 47.94596905 ], [ -122.71707461, 47.94586705 ], [ -122.71696961, 47.94570105 ], [ -122.71683461, 47.94552606 ], [ -122.71675061, 47.94543306 ], [ -122.71654961, 47.94524006 ], [ -122.71622261, 47.94494306 ], [ -122.71609861, 47.94481506 ], [ -122.71602161, 47.94471806 ], [ -122.71596361, 47.94461506 ], [ -122.71592361, 47.94450906 ], [ -122.71590261, 47.94439206 ], [ -122.71590761, 47.94430806 ], [ -122.71592361, 47.94422606 ], [ -122.71595061, 47.94414506 ], [ -122.71616061, 47.94371806 ], [ -122.71615161, 47.94359006 ], [ -122.71613861, 47.94353806 ], [ -122.71609161, 47.94343506 ], [ -122.71602561, 47.94334306 ], [ -122.71595661, 47.94326906 ], [ -122.71586161, 47.94319006 ], [ -122.71576561, 47.94312606 ], [ -122.71558861, 47.94302706 ], [ -122.71547961, 47.94297706 ], [ -122.71536561, 47.94293206 ], [ -122.71524761, 47.94289206 ], [ -122.71512561, 47.94285806 ], [ -122.71499961, 47.94283006 ], [ -122.71490361, 47.94281306 ], [ -122.71472761, 47.94279306 ], [ -122.71462661, 47.94278706 ], [ -122.71444061, 47.94278706 ], [ -122.71434861, 47.94279106 ], [ -122.71419661, 47.94280406 ], [ -122.71404661, 47.94282606 ], [ -122.71389561, 47.94285806 ], [ -122.71355261, 47.94294306 ], [ -122.71226762, 47.94329806 ], [ -122.71170962, 47.94343906 ], [ -122.71147562, 47.94348206 ], [ -122.71133262, 47.94350206 ], [ -122.71118862, 47.94351606 ], [ -122.71089762, 47.94353006 ], [ -122.71079662, 47.94353006 ], [ -122.71041562, 47.94350406 ], [ -122.70866562, 47.94330207 ], [ -122.70842862, 47.94326107 ], [ -122.70825362, 47.94322407 ], [ -122.70797063, 47.94314707 ], [ -122.70768363, 47.94304907 ], [ -122.70753763, 47.94298807 ], [ -122.70739663, 47.94292107 ], [ -122.70715263, 47.94278207 ], [ -122.70696363, 47.94265607 ], [ -122.70501363, 47.94126407 ], [ -122.70485263, 47.94115407 ], [ -122.70408563, 47.94060707 ], [ -122.70386663, 47.94043608 ], [ -122.70369063, 47.94029208 ], [ -122.70347663, 47.94009108 ], [ -122.70319563, 47.93978608 ], [ -122.70273063, 47.93924108 ], [ -122.70241063, 47.93887408 ], [ -122.70157263, 47.93791208 ], [ -122.70147863, 47.93781508 ], [ -122.70132763, 47.93767508 ], [ -122.70110963, 47.93749708 ], [ -122.70093464, 47.93737008 ], [ -122.70066364, 47.93719708 ], [ -122.70051864, 47.93712009 ], [ -122.70040164, 47.93706509 ], [ -122.69989064, 47.93685509 ], [ -122.69887164, 47.93646609 ], [ -122.69825864, 47.93622509 ], [ -122.69782464, 47.93605909 ], [ -122.69673364, 47.93564109 ], [ -122.69594464, 47.93533909 ], [ -122.69554865, 47.93518309 ], [ -122.69548465, 47.93525909 ], [ -122.69524765, 47.93551409 ], [ -122.69518765, 47.93555509 ], [ -122.69511665, 47.93558609 ], [ -122.69503765, 47.93560009 ], [ -122.69492565, 47.93559709 ], [ -122.69485365, 47.93558409 ], [ -122.69478565, 47.93556509 ], [ -122.69445065, 47.93541909 ], [ -122.69429165, 47.93535509 ], [ -122.69409165, 47.93529209 ], [ -122.69398365, 47.93526809 ], [ -122.69379565, 47.93524309 ], [ -122.69367265, 47.93523209 ], [ -122.69333265, 47.93521709 ], [ -122.69263665, 47.9352091 ], [ -122.69258265, 47.9352681 ], [ -122.69253965, 47.9353391 ], [ -122.69243365, 47.93546109 ], [ -122.69227265, 47.9356091 ], [ -122.69243465, 47.93570309 ], [ -122.69248465, 47.93573909 ], [ -122.69253965, 47.93579909 ], [ -122.69255265, 47.93585409 ], [ -122.69253865, 47.93610709 ], [ -122.69245565, 47.93762609 ], [ -122.69243466, 47.93808709 ], [ -122.69242966, 47.93835409 ], [ -122.69244566, 47.93871909 ], [ -122.69247066, 47.93903909 ], [ -122.69246366, 47.93966208 ], [ -122.69244866, 47.94101208 ], [ -122.69243966, 47.94144408 ], [ -122.69243966, 47.94246908 ], [ -122.69246666, 47.94304208 ], [ -122.692475887777803, 47.943440627723795 ], [ -122.694403, 47.943446 ], [ -122.694377, 47.947944 ], [ -122.687681, 47.947926 ], [ -122.687703, 47.944224 ], [ -122.685192, 47.944217 ], [ -122.685197132336, 47.94336199083876 ], [ -122.68499666, 47.94340642 ], [ -122.68504228, 47.94317065 ], [ -122.68509535, 47.94257692 ], [ -122.68511242, 47.94200139 ], [ -122.68505262, 47.94144319 ], [ -122.68504075, 47.94135305 ], [ -122.68497475, 47.94096639 ], [ -122.68494388, 47.94078599 ], [ -122.68477995, 47.94027285 ], [ -122.68459982, 47.93986292 ], [ -122.68447235, 47.93954312 ], [ -122.68422135, 47.93889919 ], [ -122.68387842, 47.93839925 ], [ -122.68351148, 47.93791219 ], [ -122.68284775, 47.93715445 ], [ -122.68237235, 47.93660879 ], [ -122.68209988, 47.93613572 ], [ -122.68172948, 47.93556359 ], [ -122.68152548, 47.93516712 ], [ -122.68145688, 47.93488785 ], [ -122.68144815, 47.93457772 ], [ -122.68138015, 47.93421292 ], [ -122.68132822, 47.93394265 ], [ -122.68124641, 47.93354232 ], [ -122.68115482, 47.93300219 ], [ -122.68102595, 47.93274545 ], [ -122.68088722, 47.93225025 ], [ -122.68079635, 47.93182699 ], [ -122.68083148, 47.93139092 ], [ -122.68090901, 47.93079725 ], [ -122.68092868, 47.93038339 ], [ -122.68097955, 47.93003252 ], [ -122.68094975, 47.92940725 ], [ -122.68091355, 47.92902479 ], [ -122.68088615, 47.92875472 ], [ -122.68088488, 47.92852525 ], [ -122.68091495, 47.92836345 ], [ -122.68095055, 47.92803959 ], [ -122.68096721, 47.92775159 ], [ -122.68095521, 47.92745932 ], [ -122.68091888, 47.92717125 ], [ -122.68086921, 47.92685619 ], [ -122.68086368, 47.92682199 ], [ -122.68083121, 47.92652785 ], [ -122.68084328, 47.92622659 ], [ -122.68092301, 47.92588479 ], [ -122.68102655, 47.92532745 ], [ -122.68118888, 47.92500825 ], [ -122.68123935, 47.92474772 ], [ -122.681251217501895, 47.92473605403805 ], [ -122.681261, 47.923106 ], [ -122.681487, 47.923107 ], [ -122.681487, 47.923042 ], [ -122.681667799092011, 47.923042513250074 ], [ -122.68166668, 47.92303919 ], [ -122.68175368, 47.92287292 ], [ -122.68184988, 47.92283272 ], [ -122.68197008, 47.92268019 ], [ -122.68203701, 47.92252299 ], [ -122.68203128, 47.92238345 ], [ -122.68202721, 47.92228465 ], [ -122.68205741, 47.92212699 ], [ -122.68213148, 47.92194292 ], [ -122.68216021, 47.92184832 ], [ -122.68219801, 47.92167759 ], [ -122.68225808, 47.92155172 ], [ -122.68234228, 47.92151592 ], [ -122.68250361, 47.92147159 ], [ -122.68303475, 47.92149099 ], [ -122.68320981, 47.92148265 ], [ -122.68338155, 47.92149192 ], [ -122.68343475, 47.92149645 ], [ -122.68349201, 47.92150119 ], [ -122.68362275, 47.92150612 ], [ -122.68367521, 47.92149245 ], [ -122.68367281, 47.92143425 ], [ -122.68369528, 47.92138499 ], [ -122.68379948, 47.92134019 ], [ -122.68391655, 47.92130905 ], [ -122.68398955, 47.92130019 ], [ -122.68406415, 47.92132739 ], [ -122.68409821, 47.92136345 ], [ -122.68412475, 47.92141279 ], [ -122.68410341, 47.92148945 ], [ -122.68406428, 47.92152979 ], [ -122.68399995, 47.92155205 ], [ -122.68390688, 47.92156992 ], [ -122.68377968, 47.92165039 ], [ -122.68371995, 47.92188439 ], [ -122.68363688, 47.92204599 ], [ -122.68355528, 47.92214452 ], [ -122.68349075, 47.92236039 ], [ -122.68345161, 47.92249992 ], [ -122.68344921, 47.92263932 ], [ -122.68348628, 47.92274745 ], [ -122.68365408, 47.92276125 ], [ -122.68460395, 47.92294372 ], [ -122.685076971718075, 47.923052191164295 ], [ -122.68818, 47.923061 ], [ -122.688178358763466, 47.923334417850675 ], [ -122.68840761, 47.92328239 ], [ -122.68848835, 47.92326032 ], [ -122.68862868, 47.92320219 ], [ -122.68875055, 47.92318912 ], [ -122.68890001, 47.92315345 ], [ -122.68910808, 47.92305532 ], [ -122.68924748, 47.92297452 ], [ -122.68933895, 47.92291632 ], [ -122.68939902, 47.92288945 ], [ -122.68946901, 47.92287092 ], [ -122.68951601, 47.92285852 ], [ -122.68961321, 47.92284039 ], [ -122.68970941, 47.92280025 ], [ -122.68978841, 47.92273772 ], [ -122.68984775, 47.92269279 ], [ -122.68991895, 47.92263865 ], [ -122.69004708, 47.92258072 ], [ -122.69014721, 47.92253605 ], [ -122.69024402, 47.92250919 ], [ -122.69038535, 47.92247365 ], [ -122.69045395, 47.92245592 ], [ -122.69055095, 47.92243359 ], [ -122.69063588, 47.92241585 ], [ -122.69072861, 47.92238912 ], [ -122.69080075, 47.92235799 ], [ -122.69087601, 47.92230412 ], [ -122.69091921, 47.92226352 ], [ -122.69097095, 47.92223245 ], [ -122.69102322, 47.92221445 ], [ -122.69108868, 47.92221925 ], [ -122.69123948, 47.92221505 ], [ -122.69130048, 47.92221065 ], [ -122.69136155, 47.92221899 ], [ -122.69137021, 47.92222019 ], [ -122.69144015, 47.92223359 ], [ -122.69147755, 47.92215285 ], [ -122.69154635, 47.92204052 ], [ -122.69160088, 47.92197785 ], [ -122.69170435, 47.92191505 ], [ -122.69180095, 47.92188379 ], [ -122.69191075, 47.92187485 ], [ -122.69202495, 47.92187532 ], [ -122.69216055, 47.92189832 ], [ -122.69230701, 47.92188938 ], [ -122.69244015, 47.92185385 ], [ -122.69256848, 47.92180019 ], [ -122.69270121, 47.92175572 ], [ -122.69284902, 47.92167945 ], [ -122.69300888, 47.92159919 ], [ -122.69316182, 47.92154992 ], [ -122.69351768, 47.92147452 ], [ -122.69376841, 47.92142132 ], [ -122.69402668, 47.92135412 ], [ -122.69434102, 47.92126052 ], [ -122.69476028, 47.92114025 ], [ -122.69504955, 47.92103325 ], [ -122.69528055, 47.92089885 ], [ -122.69551655, 47.92068812 ], [ -122.69574835, 47.92047265 ], [ -122.69586195, 47.92036052 ], [ -122.69593148, 47.92026632 ], [ -122.69599028, 47.92020785 ], [ -122.69600175, 47.92018979 ], [ -122.69602861, 47.92014952 ], [ -122.69607015, 47.92006839 ], [ -122.69616541, 47.92000578 ], [ -122.69621828, 47.92000152 ], [ -122.69630008, 47.92000632 ], [ -122.69640335, 47.92003819 ], [ -122.69650688, 47.92007425 ], [ -122.69656841, 47.92008359 ], [ -122.69663775, 47.92008365 ], [ -122.69670268, 47.92007472 ], [ -122.69679595, 47.92006145 ], [ -122.69684528, 47.92007065 ], [ -122.69690315, 47.92008878 ], [ -122.69697382, 47.92012072 ], [ -122.69702295, 47.92012525 ], [ -122.69701588, 47.92005325 ], [ -122.69690035, 47.92002132 ], [ -122.69682988, 47.91999419 ], [ -122.69675768, 47.91992645 ], [ -122.69671875, 47.91987239 ], [ -122.69672162, 47.91986739 ], [ -122.69678348, 47.91976012 ], [ -122.69684681, 47.91961638 ], [ -122.69690875, 47.91953565 ], [ -122.69696401, 47.91949078 ], [ -122.69708895, 47.91945505 ], [ -122.69719581, 47.91947325 ], [ -122.69729775, 47.91947359 ], [ -122.69737862, 47.91945578 ], [ -122.69738675, 47.91945458 ], [ -122.69745168, 47.91944705 ], [ -122.69757982, 47.91948765 ], [ -122.69767575, 47.91953912 ], [ -122.69769668, 47.91955105 ], [ -122.69784168, 47.91960545 ], [ -122.69796168, 47.91964618 ], [ -122.69809668, 47.91965552 ], [ -122.69825448, 47.91962445 ], [ -122.69839095, 47.91957098 ], [ -122.69846175, 47.91950812 ], [ -122.69846675, 47.91943158 ], [ -122.69853482, 47.91940052 ], [ -122.69860395, 47.91939578 ], [ -122.69866568, 47.91940972 ], [ -122.69872395, 47.91943672 ], [ -122.69878848, 47.91941905 ], [ -122.69882721, 47.91936965 ], [ -122.69883221, 47.91929312 ], [ -122.69886462, 47.91918972 ], [ -122.69889348, 47.91909972 ], [ -122.69892208, 47.91900119 ], [ -122.69892961, 47.91888865 ], [ -122.69895648, 47.91884805 ], [ -122.69902901, 47.91882579 ], [ -122.69915468, 47.91880812 ], [ -122.699221527849346, 47.918801969454321 ], [ -122.699229, 47.917509 ], [ -122.69958, 47.91751 ], [ -122.699580810628291, 47.917357331671084 ], [ -122.69935235, 47.91737818 ], [ -122.69908348, 47.91738652 ], [ -122.69891248, 47.91739485 ], [ -122.69876995, 47.91739918 ], [ -122.69867441, 47.91735852 ], [ -122.69847841, 47.91725438 ], [ -122.69843575, 47.91720945 ], [ -122.69838821, 47.91714605 ], [ -122.69832441, 47.91708285 ], [ -122.69829402, 47.91693892 ], [ -122.69834921, 47.91679518 ], [ -122.69843368, 47.91656945 ], [ -122.69844095, 47.91654805 ], [ -122.69851321, 47.91632325 ], [ -122.69863048, 47.91610305 ], [ -122.69869168, 47.91600425 ], [ -122.69874615, 47.91594118 ], [ -122.69883495, 47.91582025 ], [ -122.69898268, 47.91564512 ], [ -122.69916008, 47.91549732 ], [ -122.69929115, 47.91541212 ], [ -122.69949548, 47.91532259 ], [ -122.69965228, 47.91526892 ], [ -122.69980268, 47.91525598 ], [ -122.69999808, 47.91524732 ], [ -122.70022675, 47.91525265 ], [ -122.70040235, 47.91525738 ], [ -122.70055141, 47.91521298 ], [ -122.70071361, 47.91509205 ], [ -122.70083721, 47.91502458 ], [ -122.70098128, 47.91495745 ], [ -122.70120601, 47.91486825 ], [ -122.70131888, 47.91483718 ], [ -122.70141068, 47.91478765 ], [ -122.70142808, 47.91471585 ], [ -122.70142881, 47.91463498 ], [ -122.70146808, 47.91450005 ], [ -122.70150195, 47.91443258 ], [ -122.70152601, 47.91432465 ], [ -122.70153101, 47.91424799 ], [ -122.70161741, 47.91416752 ], [ -122.70164035, 47.91413165 ], [ -122.70169895, 47.91406865 ], [ -122.70170928, 47.91402372 ], [ -122.70166035, 47.91402345 ], [ -122.70157101, 47.91403265 ], [ -122.70150775, 47.91398278 ], [ -122.70143322, 47.91395578 ], [ -122.70128561, 47.91393725 ], [ -122.70116028, 47.91396378 ], [ -122.70106368, 47.91399492 ], [ -122.70099788, 47.91404038 ], [ -122.70099228, 47.91404425 ], [ -122.70090555, 47.91411612 ], [ -122.70079841, 47.91418772 ], [ -122.70062208, 47.91426365 ], [ -122.70031975, 47.91434865 ], [ -122.69966355, 47.91445938 ], [ -122.69936468, 47.91453058 ], [ -122.69905695, 47.91458365 ], [ -122.69878495, 47.91461465 ], [ -122.69865088, 47.91462758 ], [ -122.69855981, 47.91459572 ], [ -122.69844448, 47.91456859 ], [ -122.69827781, 47.91458165 ], [ -122.69795201, 47.91459425 ], [ -122.69779815, 47.91462098 ], [ -122.69763055, 47.91461158 ], [ -122.69744381, 47.91463345 ], [ -122.69725788, 47.91467338 ], [ -122.69710375, 47.91469552 ], [ -122.69700661, 47.91471325 ], [ -122.69694248, 47.91474018 ], [ -122.69689115, 47.91478038 ], [ -122.69683568, 47.91482078 ], [ -122.69679621, 47.91485225 ], [ -122.69670368, 47.91488345 ], [ -122.69661395, 47.91488305 ], [ -122.69653735, 47.91480632 ], [ -122.69648875, 47.91471658 ], [ -122.69646095, 47.91463538 ], [ -122.69636001, 47.91456292 ], [ -122.69619115, 47.91452218 ], [ -122.69586721, 47.91448099 ], [ -122.69561115, 47.91450272 ], [ -122.69533541, 47.91454232 ], [ -122.69504935, 47.91462718 ], [ -122.69486821, 47.91468525 ], [ -122.69456988, 47.91476985 ], [ -122.69425915, 47.91485018 ], [ -122.69406855, 47.91487652 ], [ -122.69387308, 47.91488499 ], [ -122.69366395, 47.91485738 ], [ -122.69353155, 47.91481185 ], [ -122.69332055, 47.91473938 ], [ -122.69315921, 47.91468518 ], [ -122.69304535, 47.91469378 ], [ -122.69295028, 47.91476085 ], [ -122.69288428, 47.91494085 ], [ -122.69283595, 47.91525105 ], [ -122.69276514, 47.91541279 ], [ -122.69270121, 47.91554298 ], [ -122.69264094, 47.91566425 ], [ -122.69260941, 47.91579012 ], [ -122.69261468, 47.91591612 ], [ -122.69262541, 47.91597898 ], [ -122.69268088, 47.91603812 ], [ -122.69273928, 47.91606939 ], [ -122.69284161, 47.91607899 ], [ -122.69305021, 47.91609292 ], [ -122.69320988, 47.91610652 ], [ -122.69334468, 47.91611158 ], [ -122.69338595, 47.91612225 ], [ -122.69342721, 47.91613432 ], [ -122.69346988, 47.91617965 ], [ -122.69352015, 47.91621112 ], [ -122.69365068, 47.91631058 ], [ -122.69368241, 47.91638699 ], [ -122.69373041, 47.91646352 ], [ -122.69381961, 47.91654925 ], [ -122.69390828, 47.91662125 ], [ -122.69398468, 47.91669372 ], [ -122.69404575, 47.91678852 ], [ -122.69408281, 47.91689632 ], [ -122.69412068, 47.91702238 ], [ -122.69413068, 47.91716632 ], [ -122.69410435, 47.91722032 ], [ -122.69405861, 47.91729692 ], [ -122.69405728, 47.91736405 ], [ -122.69409975, 47.91740459 ], [ -122.69417435, 47.91743178 ], [ -122.69426281, 47.91749959 ], [ -122.69433121, 47.91757645 ], [ -122.69434661, 47.91765292 ], [ -122.69429915, 47.91778745 ], [ -122.69418888, 47.91788205 ], [ -122.69396362, 47.91795772 ], [ -122.69370881, 47.91801098 ], [ -122.69341661, 47.91804645 ], [ -122.69323322, 47.91805005 ], [ -122.69296968, 47.91799118 ], [ -122.69281228, 47.91793212 ], [ -122.69246901, 47.91781879 ], [ -122.69238595, 47.91778278 ], [ -122.69234548, 47.91769239 ], [ -122.69227355, 47.91762932 ], [ -122.69212388, 47.91756152 ], [ -122.69201168, 47.91751165 ], [ -122.69182161, 47.91745265 ], [ -122.69167068, 47.91745225 ], [ -122.69150495, 47.91748772 ], [ -122.69131988, 47.91755045 ], [ -122.69104641, 47.91764399 ], [ -122.69086821, 47.91767472 ], [ -122.69072135, 47.91767458 ], [ -122.69062675, 47.91765632 ], [ -122.69049101, 47.91762898 ], [ -122.69035008, 47.91767345 ], [ -122.69019735, 47.91772705 ], [ -122.68999968, 47.91778079 ], [ -122.68984155, 47.91780292 ], [ -122.68964981, 47.91780238 ], [ -122.68949788, 47.91777932 ], [ -122.68935215, 47.91770699 ], [ -122.68926241, 47.91760739 ], [ -122.68921248, 47.91748612 ], [ -122.68926368, 47.91734225 ], [ -122.68933261, 47.91723459 ], [ -122.68940068, 47.91710425 ], [ -122.68944275, 47.91703679 ], [ -122.68959035, 47.91695625 ], [ -122.68974628, 47.91687999 ], [ -122.68980948, 47.91683085 ], [ -122.68981881, 47.91675919 ], [ -122.68986755, 47.91665565 ], [ -122.68988608, 47.91661079 ], [ -122.68989681, 47.91657492 ], [ -122.68984308, 47.91655672 ], [ -122.68974048, 47.91654272 ], [ -122.68967375, 47.91650659 ], [ -122.68967155, 47.91645265 ], [ -122.68976681, 47.91639005 ], [ -122.68985895, 47.91634992 ], [ -122.68995648, 47.91634092 ], [ -122.69001381, 47.91634565 ], [ -122.69003234, 47.91630059 ], [ -122.69000955, 47.91624205 ], [ -122.68997168, 47.91621485 ], [ -122.68993815, 47.91619232 ], [ -122.68989555, 47.91614859 ], [ -122.68987435, 47.91612912 ], [ -122.68987175, 47.91606612 ], [ -122.68991861, 47.91601705 ], [ -122.69011275, 47.91597692 ], [ -122.69020435, 47.91592345 ], [ -122.69025535, 47.91587319 ], [ -122.69026701, 47.91586059 ], [ -122.69026681, 47.91585585 ], [ -122.69026481, 47.91580652 ], [ -122.69022641, 47.91576592 ], [ -122.69025661, 47.91560859 ], [ -122.69033948, 47.91544252 ], [ -122.69041568, 47.91531225 ], [ -122.69041028, 47.91518138 ], [ -122.69044608, 47.91506012 ], [ -122.69049981, 47.91497938 ], [ -122.69061861, 47.91469618 ], [ -122.69070834, 47.91449859 ], [ -122.690754451390347, 47.914365132714437 ], [ -122.69033080335393, 47.914363993194911 ], [ -122.69030135, 47.91442105 ], [ -122.69025628, 47.91451525 ], [ -122.69018495, 47.91456459 ], [ -122.69010208, 47.91453305 ], [ -122.69000615, 47.91448292 ], [ -122.68995128, 47.91443805 ], [ -122.68988935, 47.91441999 ], [ -122.68982001, 47.91441992 ], [ -122.68977421, 47.91439679 ], [ -122.68971601, 47.91436992 ], [ -122.68963421, 47.91436512 ], [ -122.68960328, 47.91440545 ], [ -122.68965388, 47.91444632 ], [ -122.68973194, 47.91445999 ], [ -122.68988008, 47.91449199 ], [ -122.69004701, 47.91458225 ], [ -122.69011748, 47.91470845 ], [ -122.69013695, 47.91478485 ], [ -122.69011208, 47.91487472 ], [ -122.69002568, 47.91495552 ], [ -122.68997675, 47.91505445 ], [ -122.68996915, 47.91516705 ], [ -122.68997395, 47.91518305 ], [ -122.68999681, 47.91524345 ], [ -122.69000828, 47.91532445 ], [ -122.68998734, 47.91540985 ], [ -122.68996141, 47.91547285 ], [ -122.68990208, 47.91551785 ], [ -122.68982535, 47.91553539 ], [ -122.68970888, 47.91548105 ], [ -122.68967541, 47.91546105 ], [ -122.68960855, 47.91542238 ], [ -122.68941568, 47.91529579 ], [ -122.68882048, 47.91500632 ], [ -122.68818114, 47.91473479 ], [ -122.68776414, 47.91461232 ], [ -122.68755074, 47.91458019 ], [ -122.68742794, 47.91457065 ], [ -122.68730135, 47.91456579 ], [ -122.68712908, 47.91454279 ], [ -122.68680908, 47.91449719 ], [ -122.68637681, 47.91450025 ], [ -122.68600308, 47.91453552 ], [ -122.68583374, 47.91458405 ], [ -122.68572194, 47.91464238 ], [ -122.68569081, 47.91467845 ], [ -122.68563054, 47.91470098 ], [ -122.68555968, 47.91476332 ], [ -122.68549761, 47.91483985 ], [ -122.68549148, 47.91488932 ], [ -122.68547294, 47.91493419 ], [ -122.68540101, 47.91496999 ], [ -122.68523801, 47.91497425 ], [ -122.68500534, 47.91496899 ], [ -122.68482028, 47.91493232 ], [ -122.68459648, 47.91484632 ], [ -122.68435041, 47.91481445 ], [ -122.68373555, 47.91477325 ], [ -122.68322974, 47.91473932 ], [ -122.68230048, 47.91465539 ], [ -122.68176534, 47.91463599 ], [ -122.68132668, 47.91468019 ], [ -122.68099421, 47.91472852 ], [ -122.68086014, 47.91474179 ], [ -122.68078428, 47.91478172 ], [ -122.68062895, 47.91487132 ], [ -122.68047801, 47.91497012 ], [ -122.68038788, 47.91505972 ], [ -122.68038388, 47.91506285 ], [ -122.68024174, 47.91517619 ], [ -122.68000108, 47.91527459 ], [ -122.67981195, 47.91533705 ], [ -122.67959314, 47.91537232 ], [ -122.67935948, 47.91544345 ], [ -122.67915088, 47.91552859 ], [ -122.67902668, 47.91558212 ], [ -122.67895808, 47.91560019 ], [ -122.67852875, 47.91577419 ], [ -122.67839961, 47.91581245 ], [ -122.67785175, 47.91597459 ], [ -122.67769814, 47.91601952 ], [ -122.67701348, 47.91621979 ], [ -122.67617848, 47.91644692 ], [ -122.67524688, 47.91670545 ], [ -122.67474694, 47.91684772 ], [ -122.67455741, 47.91690145 ], [ -122.67437588, 47.91695019 ], [ -122.67427875, 47.91700479 ], [ -122.67411275, 47.91709799 ], [ -122.67361461, 47.91748339 ], [ -122.67315095, 47.91791385 ], [ -122.67284788, 47.91838092 ], [ -122.67272328, 47.91853952 ], [ -122.67265401, 47.91862772 ], [ -122.67256074, 47.91873992 ], [ -122.67248674, 47.91882532 ], [ -122.67234501, 47.91895079 ], [ -122.67216974, 47.91915279 ], [ -122.67203401, 47.91935379 ], [ -122.67185441, 47.91961979 ], [ -122.67150808, 47.92012672 ], [ -122.67123741, 47.92058959 ], [ -122.67093915, 47.92087685 ], [ -122.67083134, 47.92098952 ], [ -122.67067315, 47.92115479 ], [ -122.67046354, 47.92141532 ], [ -122.67032001, 47.92159485 ], [ -122.67015268, 47.92179205 ], [ -122.67011041, 47.92185659 ], [ -122.66998721, 47.92203439 ], [ -122.66966401, 47.92251052 ], [ -122.66906154, 47.92313859 ], [ -122.66859721, 47.92355552 ], [ -122.66800548, 47.92404865 ], [ -122.66774281, 47.92430886 ], [ -122.66691154, 47.92522865 ], [ -122.66576221, 47.92645352 ], [ -122.66466121, 47.92776385 ], [ -122.66379994, 47.92875079 ], [ -122.66291174, 47.92978026 ], [ -122.66287681, 47.92982339 ], [ -122.66240868, 47.93024946 ], [ -122.66202468, 47.93053639 ], [ -122.66168294, 47.93076046 ], [ -122.66136901, 47.93086699 ], [ -122.66083748, 47.93093779 ], [ -122.66062934, 47.93093685 ], [ -122.66018088, 47.93094492 ], [ -122.65961355, 47.93093859 ], [ -122.65916414, 47.93092386 ], [ -122.65890967, 47.93088692 ], [ -122.65872135, 47.93077074 ], [ -122.66016772, 47.92991213 ], [ -122.66014572, 47.92982013 ], [ -122.66013672, 47.92971913 ], [ -122.66014072, 47.92963513 ], [ -122.66016072, 47.92953614 ], [ -122.66024472, 47.92921014 ], [ -122.66032572, 47.92886214 ], [ -122.66036572, 47.92873714 ], [ -122.66041472, 47.92861414 ], [ -122.66058072, 47.92829014 ], [ -122.66068571, 47.92805614 ], [ -122.66071571, 47.92796514 ], [ -122.66072471, 47.92787514 ], [ -122.66071571, 47.92778514 ], [ -122.66066371, 47.92761914 ], [ -122.66065871, 47.92754814 ], [ -122.66066971, 47.92746814 ], [ -122.66069571, 47.92739814 ], [ -122.66072171, 47.92736214 ], [ -122.66090871, 47.92697914 ], [ -122.66102071, 47.92670914 ], [ -122.66107171, 47.92657314 ], [ -122.66109471, 47.92649214 ], [ -122.66110871, 47.92640814 ], [ -122.66111071, 47.92632314 ], [ -122.66110271, 47.92623914 ], [ -122.66106171, 47.92601214 ], [ -122.66106371, 47.92593514 ], [ -122.66109771, 47.92585164 ], [ -122.66116971, 47.92576064 ], [ -122.66122071, 47.92564814 ], [ -122.66125571, 47.92554814 ], [ -122.66129571, 47.92537815 ], [ -122.66130971, 47.92527615 ], [ -122.66131471, 47.92510415 ], [ -122.66126971, 47.92467015 ], [ -122.6608917, 47.91720917 ], [ -122.6608147, 47.91457418 ], [ -122.6607137, 47.91111618 ], [ -122.6607137, 47.91099819 ], [ -122.6607257, 47.91093418 ], [ -122.6607542, 47.91085269 ], [ -122.6607897, 47.91080119 ], [ -122.6608247, 47.91076919 ], [ -122.66138469, 47.91043719 ], [ -122.66153069, 47.91036619 ], [ -122.66158469, 47.91034519 ], [ -122.66164369, 47.91033019 ], [ -122.66170569, 47.91032419 ], [ -122.66176769, 47.91032519 ], [ -122.66205669, 47.91035019 ], [ -122.66212969, 47.91034419 ], [ -122.66219369, 47.91032618 ], [ -122.66225169, 47.91029519 ], [ -122.66243769, 47.91012819 ], [ -122.66262569, 47.91017719 ], [ -122.66423669, 47.91054918 ], [ -122.66491969, 47.91070618 ], [ -122.66573068, 47.91089018 ], [ -122.66679968, 47.90878818 ], [ -122.66663568, 47.90798019 ], [ -122.66653368, 47.90791119 ], [ -122.66633368, 47.90728819 ], [ -122.66627468, 47.90601919 ], [ -122.66600568, 47.90560319 ], [ -122.66536468, 47.9050482 ], [ -122.66523168, 47.9046322 ], [ -122.66554168, 47.9041242 ], [ -122.66557868, 47.9036402 ], [ -122.66636567, 47.9031302 ], [ -122.66657367, 47.9024842 ], [ -122.66698367, 47.9024362 ], [ -122.66800667, 47.9027712 ], [ -122.66865567, 47.9027902 ], [ -122.66937267, 47.9026942 ], [ -122.66995767, 47.9028552 ], [ -122.67048766, 47.9029372 ], [ -122.67090566, 47.9029012 ], [ -122.67135866, 47.9026852 ], [ -122.67167466, 47.9024242 ], [ -122.67201366, 47.9018732 ], [ -122.67207966, 47.9013952 ], [ -122.67215066, 47.9013742 ], [ -122.67220866, 47.9013412 ], [ -122.67237266, 47.9012072 ], [ -122.67250166, 47.9010742 ], [ -122.67258866, 47.9009652 ], [ -122.67270866, 47.9008002 ], [ -122.67278666, 47.9007222 ], [ -122.67289166, 47.9006392 ], [ -122.67300566, 47.9005732 ], [ -122.67317466, 47.9004942 ], [ -122.67397865, 47.9001772 ], [ -122.67434165, 47.9000262 ], [ -122.67419765, 47.8999292 ], [ -122.67408265, 47.8998252 ], [ -122.67392065, 47.8996442 ], [ -122.67334965, 47.8988872 ], [ -122.67322365, 47.89870921 ], [ -122.67308865, 47.89853421 ], [ -122.67294465, 47.89836221 ], [ -122.67204566, 47.89737021 ], [ -122.67198766, 47.89729921 ], [ -122.67190366, 47.89717621 ], [ -122.67186066, 47.89710021 ], [ -122.67180266, 47.89697121 ], [ -122.67176165, 47.89683721 ], [ -122.67164166, 47.89637921 ], [ -122.67148565, 47.89553422 ], [ -122.67147565, 47.89542322 ], [ -122.67147165, 47.89537722 ], [ -122.67146665, 47.89525222 ], [ -122.67147865, 47.89440122 ], [ -122.67148765, 47.89423522 ], [ -122.67150865, 47.89402422 ], [ -122.67158265, 47.89303622 ], [ -122.67167365, 47.89214022 ], [ -122.67172165, 47.89192522 ], [ -122.67184265, 47.89157422 ], [ -122.67196865, 47.89117623 ], [ -122.67220965, 47.89032623 ], [ -122.67232665, 47.88988623 ], [ -122.67240964, 47.88963823 ], [ -122.67256964, 47.88927523 ], [ -122.67262964, 47.88909623 ], [ -122.67266164, 47.88896023 ], [ -122.67268464, 47.88882323 ], [ -122.67269664, 47.88864123 ], [ -122.67272964, 47.88775123 ], [ -122.67274164, 47.88765823 ], [ -122.67276164, 47.88756623 ], [ -122.67281564, 47.88739723 ], [ -122.67285164, 47.88732223 ], [ -122.67289664, 47.88725023 ], [ -122.67296264, 47.88716823 ], [ -122.67302764, 47.88710323 ], [ -122.67311564, 47.88703124 ], [ -122.67319764, 47.88697524 ], [ -122.67346264, 47.88682924 ], [ -122.67362764, 47.88673024 ], [ -122.67378464, 47.88662424 ], [ -122.67392564, 47.88652024 ], [ -122.67403464, 47.88642724 ], [ -122.67413064, 47.88632924 ], [ -122.67421364, 47.88622524 ], [ -122.67428864, 47.88610524 ], [ -122.67439364, 47.88588524 ], [ -122.67446964, 47.88565624 ], [ -122.67456064, 47.88529424 ], [ -122.67467763, 47.88478424 ], [ -122.67472063, 47.88463824 ], [ -122.67477063, 47.88449224 ], [ -122.67504263, 47.88379524 ], [ -122.67509563, 47.88369024 ], [ -122.67513263, 47.88363024 ], [ -122.67517563, 47.88357224 ], [ -122.67527563, 47.88346524 ], [ -122.67546063, 47.88330624 ], [ -122.67553563, 47.88325224 ], [ -122.67564163, 47.88318124 ], [ -122.67593863, 47.88298424 ], [ -122.67602663, 47.88291624 ], [ -122.67617963, 47.88277924 ], [ -122.67627363, 47.88268124 ], [ -122.67649263, 47.88242224 ], [ -122.67673263, 47.88212524 ], [ -122.67679463, 47.88205624 ], [ -122.67685063, 47.88200424 ], [ -122.67691163, 47.88195524 ], [ -122.67698463, 47.88189724 ], [ -122.67713263, 47.88179424 ], [ -122.67735563, 47.88166324 ], [ -122.67753462, 47.88155824 ], [ -122.67802162, 47.88129924 ], [ -122.67847762, 47.88105724 ], [ -122.67860562, 47.88097624 ], [ -122.67868462, 47.88091724 ], [ -122.67873962, 47.88087124 ], [ -122.67879062, 47.88082324 ], [ -122.67883762, 47.88077324 ], [ -122.67888462, 47.88071724 ], [ -122.67892762, 47.88065924 ], [ -122.67896762, 47.88060524 ], [ -122.67902562, 47.88052124 ], [ -122.67908262, 47.88043024 ], [ -122.67911162, 47.88037625 ], [ -122.67915462, 47.88028725 ], [ -122.67921262, 47.88012625 ], [ -122.67924662, 47.88000325 ], [ -122.67926862, 47.87988825 ], [ -122.67934362, 47.87936425 ], [ -122.67935862, 47.87916125 ], [ -122.67935662, 47.87902925 ], [ -122.67934262, 47.87881425 ], [ -122.67931062, 47.87834425 ], [ -122.67930862, 47.87794625 ], [ -122.67934362, 47.87770625 ], [ -122.67937762, 47.87746625 ], [ -122.67946962, 47.87701125 ], [ -122.67951262, 47.87671725 ], [ -122.67952962, 47.87627326 ], [ -122.67954661, 47.87611826 ], [ -122.67956861, 47.87601326 ], [ -122.67961161, 47.87588726 ], [ -122.67967361, 47.87575826 ], [ -122.67985061, 47.87547226 ], [ -122.68035061, 47.87477626 ], [ -122.68039161, 47.87470726 ], [ -122.68042361, 47.87463126 ], [ -122.68044161, 47.87456426 ], [ -122.68044961, 47.87449626 ], [ -122.68047661, 47.87426426 ], [ -122.68049461, 47.87420026 ], [ -122.68052761, 47.87412726 ], [ -122.68057261, 47.87405926 ], [ -122.68067661, 47.87395426 ], [ -122.68079161, 47.87386626 ], [ -122.68093661, 47.87376726 ], [ -122.68112561, 47.87365126 ], [ -122.68128461, 47.87354426 ], [ -122.68140761, 47.87344226 ], [ -122.68146461, 47.87338126 ], [ -122.68154561, 47.87326726 ], [ -122.68160861, 47.87314626 ], [ -122.68163961, 47.87306526 ], [ -122.68166061, 47.87298726 ], [ -122.68166961, 47.87291626 ], [ -122.68167461, 47.87277626 ], [ -122.68165061, 47.87234026 ], [ -122.68164561, 47.87219726 ], [ -122.68164861, 47.87188226 ], [ -122.68166461, 47.87178526 ], [ -122.68169361, 47.87168926 ], [ -122.6817446, 47.87157626 ], [ -122.6817956, 47.87149626 ], [ -122.6818716, 47.87141026 ], [ -122.6819646, 47.87133226 ], [ -122.6820186, 47.87129826 ], [ -122.6822886, 47.87114226 ], [ -122.6825006, 47.87104426 ], [ -122.6826396, 47.87099826 ], [ -122.6827886, 47.87096926 ], [ -122.6829426, 47.87095826 ], [ -122.6830126, 47.87095926 ], [ -122.6834086, 47.87098026 ], [ -122.6835746, 47.87097826 ], [ -122.6837396, 47.87096726 ], [ -122.6838706, 47.87095126 ], [ -122.6839976, 47.87093026 ], [ -122.6841656, 47.87089526 ], [ -122.6845606, 47.87078026 ], [ -122.6848166, 47.87071226 ], [ -122.6849266, 47.87069326 ], [ -122.6850396, 47.87067426 ], [ -122.6852106, 47.87066026 ], [ -122.6853246, 47.87065726 ], [ -122.6854396, 47.87065926 ], [ -122.6856136, 47.87067326 ], [ -122.68633859, 47.87079026 ], [ -122.68644859, 47.87080326 ], [ -122.68656459, 47.87080926 ], [ -122.68663059, 47.87080626 ], [ -122.68669459, 47.87079326 ], [ -122.68675259, 47.87077026 ], [ -122.68680459, 47.87073726 ], [ -122.68690359, 47.87065326 ], [ -122.68874059, 47.87142226 ], [ -122.69123759, 47.87248325 ], [ -122.69154858, 47.87261225 ], [ -122.69208358, 47.87283425 ], [ -122.69254358, 47.87300925 ], [ -122.69296258, 47.87315725 ], [ -122.69331758, 47.87327224 ], [ -122.69367758, 47.87337924 ], [ -122.69404258, 47.87347824 ], [ -122.69441258, 47.87356724 ], [ -122.69478758, 47.87364824 ], [ -122.69516658, 47.87372124 ], [ -122.69557758, 47.87379124 ], [ -122.69842657, 47.87427424 ], [ -122.69951357, 47.87445423 ], [ -122.70061857, 47.87462623 ], [ -122.70091957, 47.87467323 ], [ -122.70155157, 47.87477523 ], [ -122.70249156, 47.87494223 ], [ -122.70313456, 47.87504123 ], [ -122.70395356, 47.87517923 ], [ -122.70467456, 47.87528723 ], [ -122.70633855, 47.87556022 ], [ -122.70735255, 47.87573722 ], [ -122.70777355, 47.87582022 ], [ -122.70810155, 47.87589422 ], [ -122.70848755, 47.87599622 ], [ -122.70874055, 47.87607122 ], [ -122.70911155, 47.87619522 ], [ -122.70942855, 47.87631822 ], [ -122.70965955, 47.87641622 ], [ -122.70982855, 47.87649422 ], [ -122.70988455, 47.87652022 ], [ -122.71021255, 47.87668422 ], [ -122.71053355, 47.87686322 ], [ -122.71073755, 47.87698821 ], [ -122.71093555, 47.87711721 ], [ -122.71134755, 47.87741021 ], [ -122.71166955, 47.87765521 ], [ -122.71201855, 47.87792721 ], [ -122.71325854, 47.87889221 ], [ -122.71403054, 47.8794862 ], [ -122.71556654, 47.8806862 ], [ -122.71633254, 47.8812792 ], [ -122.71865354, 47.88308419 ], [ -122.71915454, 47.88345519 ], [ -122.71969254, 47.88387719 ], [ -122.72000054, 47.88412619 ], [ -122.72066353, 47.88464319 ], [ -122.72118553, 47.88503818 ], [ -122.72153353, 47.88530718 ], [ -122.72183153, 47.88554618 ], [ -122.72209253, 47.88574418 ], [ -122.72279753, 47.88630218 ], [ -122.72443653, 47.88756917 ], [ -122.72477753, 47.88780817 ], [ -122.72501453, 47.88796017 ], [ -122.72525853, 47.88810717 ], [ -122.72544053, 47.88820917 ], [ -122.72587653, 47.88843017 ], [ -122.72610353, 47.88853217 ], [ -122.72645253, 47.88867617 ], [ -122.72674852, 47.88878017 ], [ -122.72707052, 47.88888317 ], [ -122.72739752, 47.88897917 ], [ -122.72783152, 47.88908917 ], [ -122.72806552, 47.88913917 ], [ -122.72867352, 47.88925417 ], [ -122.728800584602041, 47.889277082725911 ], [ -122.735455, 47.889293 ], [ -122.735432, 47.893791 ], [ -122.730521185908913, 47.893779987559974 ], [ -122.73001452, 47.89485215 ], [ -122.72910153, 47.89679915 ], [ -122.72899453, 47.89703015 ] ] ], [ [ [ -122.648757, 47.893391 ], [ -122.655446, 47.893411 ], [ -122.655416, 47.897909 ], [ -122.655274, 47.897909 ], [ -122.655265, 47.899248 ], [ -122.656658, 47.899252 ], [ -122.656628, 47.90375 ], [ -122.649938, 47.90373 ], [ -122.649947, 47.902382 ], [ -122.648554, 47.902378 ], [ -122.648584, 47.89788 ], [ -122.648726, 47.89788 ], [ -122.648757, 47.893391 ] ] ], [ [ [ -122.69636295, 47.91689785 ], [ -122.69640675, 47.91687098 ], [ -122.69644695, 47.91685752 ], [ -122.69645268, 47.91679918 ], [ -122.69646348, 47.91676332 ], [ -122.69652761, 47.91673658 ], [ -122.69658841, 47.91672738 ], [ -122.69664128, 47.91672312 ], [ -122.69666888, 47.91670072 ], [ -122.69667535, 47.91666032 ], [ -122.69666462, 47.91659712 ], [ -122.69664808, 47.91649392 ], [ -122.69663801, 47.91644885 ], [ -122.69664028, 47.91640372 ], [ -122.69665768, 47.91633198 ], [ -122.69671608, 47.91626439 ], [ -122.69679968, 47.91621519 ], [ -122.69689648, 47.91618832 ], [ -122.69698975, 47.91617545 ], [ -122.69710802, 47.91617545 ], [ -122.69718588, 47.91618499 ], [ -122.69724468, 47.91622552 ], [ -122.69727995, 47.91628845 ], [ -122.69728295, 47.91636052 ], [ -122.69728055, 47.91640118 ], [ -122.69726215, 47.91645019 ], [ -122.69724328, 47.91648618 ], [ -122.69723308, 47.91653505 ], [ -122.69722941, 47.91654485 ], [ -122.69723608, 47.91660785 ], [ -122.69726688, 47.91666192 ], [ -122.69730135, 47.91670698 ], [ -122.69734141, 47.91678798 ], [ -122.69735201, 47.91684639 ], [ -122.69736242, 47.91690052 ], [ -122.69737708, 47.91695918 ], [ -122.69738768, 47.91701745 ], [ -122.69738655, 47.91708945 ], [ -122.69738141, 47.91716152 ], [ -122.69732708, 47.91722885 ], [ -122.69726922, 47.91730959 ], [ -122.69718675, 47.91738585 ], [ -122.69713521, 47.91742125 ], [ -122.69710741, 47.91743965 ], [ -122.69701021, 47.91745739 ], [ -122.69693641, 47.91744812 ], [ -122.69689028, 47.91741659 ], [ -122.69685948, 47.91736252 ], [ -122.69684128, 47.91731745 ], [ -122.69681515, 47.91727699 ], [ -122.69675655, 47.91724092 ], [ -122.69669035, 47.91721832 ], [ -122.69660041, 47.91721365 ], [ -122.69652695, 47.91721332 ], [ -122.69646168, 47.91721298 ], [ -122.69640941, 47.91723099 ], [ -122.69634115, 47.91725778 ], [ -122.69632782, 47.91723079 ], [ -122.69632208, 47.91719012 ], [ -122.69630388, 47.91714518 ], [ -122.69630575, 47.91709119 ], [ -122.69630775, 47.91704178 ], [ -122.69631755, 47.91698318 ], [ -122.69633628, 47.91694272 ], [ -122.69636295, 47.91689785 ] ] ], [ [ [ -122.69548255, 47.91691345 ], [ -122.69541881, 47.91694945 ], [ -122.69536321, 47.91698545 ], [ -122.69533188, 47.91701672 ], [ -122.69529721, 47.91706619 ], [ -122.69526661, 47.91711545 ], [ -122.69521635, 47.91718285 ], [ -122.69515315, 47.91723205 ], [ -122.69509401, 47.91728165 ], [ -122.69501781, 47.91731272 ], [ -122.69493228, 47.91721798 ], [ -122.69487108, 47.91711872 ], [ -122.69479041, 47.91704212 ], [ -122.69475128, 47.91688465 ], [ -122.69481295, 47.91670032 ], [ -122.69491788, 47.91657478 ], [ -122.69504508, 47.91649425 ], [ -122.69522695, 47.91645405 ], [ -122.69536288, 47.91648578 ], [ -122.69559968, 47.91658998 ], [ -122.69567441, 47.91662178 ], [ -122.69571282, 47.91666225 ], [ -122.69571875, 47.91670732 ], [ -122.69570768, 47.91673412 ], [ -122.69567208, 47.91676098 ], [ -122.69560515, 47.91681932 ], [ -122.69554988, 47.91686425 ], [ -122.69548255, 47.91691345 ] ] ], [ [ [ -122.693565, 47.95157 ], [ -122.700261, 47.951588 ], [ -122.700235, 47.956086 ], [ -122.700087, 47.956086 ], [ -122.700085, 47.956308 ], [ -122.693388, 47.95629 ], [ -122.693415, 47.951792 ], [ -122.693564, 47.951792 ], [ -122.693565, 47.95157 ] ] ], [ [ [ -122.694712, 47.956661 ], [ -122.701409, 47.956678 ], [ -122.701383, 47.961177 ], [ -122.701173, 47.961176 ], [ -122.701173, 47.961231 ], [ -122.694475, 47.961213 ], [ -122.694502, 47.956715 ], [ -122.694711, 47.956715 ], [ -122.694712, 47.956661 ] ] ], [ [ [ -122.716887, 47.986962 ], [ -122.71492, 47.986957 ], [ -122.714945, 47.982458 ], [ -122.721645, 47.982475 ], [ -122.721639, 47.983763 ], [ -122.723605, 47.983768 ], [ -122.723581, 47.988266 ], [ -122.71688, 47.98825 ], [ -122.716887, 47.986962 ] ] ], [ [ [ -122.721453, 48.005674 ], [ -122.721478, 48.001176 ], [ -122.72818, 48.001192 ], [ -122.728169, 48.003431 ], [ -122.728428, 48.003432 ], [ -122.728404, 48.00793 ], [ -122.7217, 48.007914 ], [ -122.721712, 48.005675 ], [ -122.721453, 48.005674 ] ] ], [ [ [ -122.736689, 48.018249 ], [ -122.738244, 48.018252 ], [ -122.738221, 48.022751 ], [ -122.731516, 48.022735 ], [ -122.731524, 48.021134 ], [ -122.729969, 48.02113 ], [ -122.729992, 48.016632 ], [ -122.736697, 48.016647 ], [ -122.736689, 48.018249 ] ] ], [ [ [ -122.74851852, 48.03031245 ], [ -122.74848465, 48.03038005 ], [ -122.74843785, 48.03043392 ], [ -122.74841252, 48.03051032 ], [ -122.74835718, 48.03055525 ], [ -122.74827712, 48.03059532 ], [ -122.74823685, 48.03060912 ], [ -122.74817258, 48.03063572 ], [ -122.74798218, 48.03067585 ], [ -122.74790452, 48.03067578 ], [ -122.74785078, 48.03066225 ], [ -122.74779472, 48.03059445 ], [ -122.74773972, 48.03054938 ], [ -122.74768952, 48.03052225 ], [ -122.74765585, 48.03049958 ], [ -122.74762452, 48.03043645 ], [ -122.74762165, 48.03036918 ], [ -122.74764725, 48.03029738 ], [ -122.74768192, 48.03024752 ], [ -122.74773745, 48.03020738 ], [ -122.74783212, 48.03012658 ], [ -122.74789385, 48.03004125 ], [ -122.74791945, 48.02996952 ], [ -122.74796078, 48.02988425 ], [ -122.74801938, 48.02982138 ], [ -122.74808405, 48.02980339 ], [ -122.74817732, 48.02978552 ], [ -122.74825012, 48.02976765 ], [ -122.74835525, 48.02974098 ], [ -122.74844772, 48.02970512 ], [ -122.74853612, 48.02966912 ], [ -122.74858152, 48.02967852 ], [ -122.74861185, 48.02971912 ], [ -122.74864892, 48.02982258 ], [ -122.74865085, 48.02986778 ], [ -122.74863385, 48.02994832 ], [ -122.74859178, 48.03001612 ], [ -122.74856525, 48.03006545 ], [ -122.74852878, 48.03016865 ], [ -122.74853612, 48.03024525 ], [ -122.74851852, 48.03031245 ] ] ], [ [ [ -122.69157299, 48.08423039 ], [ -122.69127425, 48.08334219 ], [ -122.69097772, 48.08220993 ], [ -122.69082439, 48.08166993 ], [ -122.69052479, 48.08115459 ], [ -122.69005532, 48.08048886 ], [ -122.68946465, 48.07986106 ], [ -122.68921832, 48.07954486 ], [ -122.68904312, 48.07916699 ], [ -122.68891605, 48.07886506 ], [ -122.68879885, 48.07840659 ], [ -122.68874732, 48.07814986 ], [ -122.68861392, 48.07779319 ], [ -122.68838732, 48.07736146 ], [ -122.68803725, 48.07691013 ], [ -122.68771072, 48.07653233 ], [ -122.68751105, 48.07625639 ], [ -122.68723265, 48.07585579 ], [ -122.68710185, 48.07566086 ], [ -122.68688725, 48.07531939 ], [ -122.68662792, 48.07488553 ], [ -122.68637052, 48.07439959 ], [ -122.68617352, 48.07408793 ], [ -122.68598292, 48.07383099 ], [ -122.68577898, 48.07354966 ], [ -122.68562732, 48.07324539 ], [ -122.68555978, 48.07299719 ], [ -122.68552118, 48.07285533 ], [ -122.68549805, 48.07249386 ], [ -122.68557265, 48.07212233 ], [ -122.68565445, 48.07182473 ], [ -122.68570818, 48.07164006 ], [ -122.68586418, 48.07125879 ], [ -122.68599992, 48.07078193 ], [ -122.68608772, 48.07033346 ], [ -122.68612145, 48.06996266 ], [ -122.68615405, 48.06956453 ], [ -122.68615705, 48.06924093 ], [ -122.68613798, 48.06897813 ], [ -122.68613518, 48.06881093 ], [ -122.68619752, 48.06863706 ], [ -122.68627151, 48.06835053 ], [ -122.68632185, 48.06798493 ], [ -122.68637432, 48.06767139 ], [ -122.68637745, 48.06735059 ], [ -122.68630205, 48.06701199 ], [ -122.68625072, 48.06685946 ], [ -122.68621431, 48.06676966 ], [ -122.68611725, 48.06649999 ], [ -122.68580112, 48.06597673 ], [ -122.68559645, 48.06567619 ], [ -122.68536212, 48.06535153 ], [ -122.68526278, 48.06522453 ], [ -122.68518591, 48.06504779 ], [ -122.68514485, 48.06474693 ], [ -122.68509185, 48.06455326 ], [ -122.68503625, 48.06439526 ], [ -122.68492752, 48.06413959 ], [ -122.68485825, 48.06394893 ], [ -122.68477145, 48.06372846 ], [ -122.68475105, 48.06333406 ], [ -122.68473305, 48.06309586 ], [ -122.68470691, 48.06276186 ], [ -122.68471945, 48.06247099 ], [ -122.68478805, 48.06225039 ], [ -122.68485378, 48.06205999 ], [ -122.68488798, 48.06179893 ], [ -122.68493865, 48.06154026 ], [ -122.68499952, 48.06103466 ], [ -122.68499918, 48.06102639 ], [ -122.68506811, 48.06061666 ], [ -122.68514011, 48.06018213 ], [ -122.68520905, 48.05977233 ], [ -122.68524511, 48.05945633 ], [ -122.68524271, 48.05920139 ], [ -122.68520965, 48.05869752 ], [ -122.68510805, 48.05841706 ], [ -122.68497265, 48.05810973 ], [ -122.68477638, 48.05781452 ], [ -122.68448718, 48.05744706 ], [ -122.68419685, 48.05715086 ], [ -122.68396191, 48.05690846 ], [ -122.68379178, 48.05665119 ], [ -122.68360545, 48.05629819 ], [ -122.68345971, 48.05593899 ], [ -122.68335078, 48.05557913 ], [ -122.68330445, 48.05514953 ], [ -122.68329771, 48.05508659 ], [ -122.68327118, 48.05474126 ], [ -122.68334165, 48.05426913 ], [ -122.68344891, 48.05369819 ], [ -122.68358965, 48.05304633 ], [ -122.68374585, 48.05256993 ], [ -122.68387311, 48.05198979 ], [ -122.68393378, 48.05177413 ], [ -122.68407538, 48.05124373 ], [ -122.68424045, 48.05068613 ], [ -122.68438431, 48.05020986 ], [ -122.68448391, 48.04975079 ], [ -122.68448138, 48.04929226 ], [ -122.68448191, 48.04881079 ], [ -122.68442944, 48.04853173 ], [ -122.68439618, 48.04832019 ], [ -122.68437498, 48.04820326 ], [ -122.68435398, 48.04809073 ], [ -122.68431665, 48.04797793 ], [ -122.68422405, 48.04781586 ], [ -122.68404284, 48.04758599 ], [ -122.68385824, 48.04737419 ], [ -122.68379224, 48.04716246 ], [ -122.68377944, 48.04685199 ], [ -122.68373984, 48.04668552 ], [ -122.68355971, 48.04628446 ], [ -122.68341178, 48.04577119 ], [ -122.68327624, 48.04536166 ], [ -122.68312644, 48.04500112 ], [ -122.68303724, 48.04452399 ], [ -122.68300191, 48.04426319 ], [ -122.68294638, 48.04410533 ], [ -122.68292711, 48.04403613 ], [ -122.68281678, 48.04364166 ], [ -122.68259677, 48.04306519 ], [ -122.68227911, 48.04240279 ], [ -122.68207564, 48.04212813 ], [ -122.68195704, 48.04192986 ], [ -122.68191058, 48.04179479 ], [ -122.68168238, 48.04151526 ], [ -122.68147757, 48.04120859 ], [ -122.68122018, 48.04091566 ], [ -122.68081651, 48.04044626 ], [ -122.68052731, 48.04007686 ], [ -122.68025751, 48.03977926 ], [ -122.67992238, 48.03948579 ], [ -122.67973564, 48.03922006 ], [ -122.67951837, 48.03890879 ], [ -122.67931718, 48.03868786 ], [ -122.67911031, 48.03843106 ], [ -122.67885591, 48.03811086 ], [ -122.67872024, 48.03789419 ], [ -122.67857237, 48.03767799 ], [ -122.67846684, 48.03749793 ], [ -122.67837524, 48.03735806 ], [ -122.67823791, 48.03720026 ], [ -122.67798757, 48.03697906 ], [ -122.67776944, 48.03674453 ], [ -122.67758231, 48.03646973 ], [ -122.67736264, 48.03619893 ], [ -122.67704917, 48.03593279 ], [ -122.67686057, 48.03581973 ], [ -122.67655657, 48.03568399 ], [ -122.67653584, 48.03567719 ], [ -122.67630011, 48.03561113 ], [ -122.67602104, 48.03548473 ], [ -122.67579304, 48.03540752 ], [ -122.67556517, 48.03533499 ], [ -122.67538677, 48.03527126 ], [ -122.67515284, 48.03514933 ], [ -122.67473864, 48.03491846 ], [ -122.67420737, 48.03462459 ], [ -122.67375211, 48.03438939 ], [ -122.67335897, 48.03417233 ], [ -122.67310924, 48.03396479 ], [ -122.67295837, 48.03387439 ], [ -122.67276957, 48.03375673 ], [ -122.6725897, 48.03365719 ], [ -122.67230264, 48.03353506 ], [ -122.6719137, 48.03342159 ], [ -122.67157904, 48.03333506 ], [ -122.67156257, 48.03333173 ], [ -122.67127004, 48.03327579 ], [ -122.67079937, 48.03306293 ], [ -122.67031031, 48.03289939 ], [ -122.66993277, 48.03276366 ], [ -122.66972724, 48.03263686 ], [ -122.66956024, 48.03255119 ], [ -122.66941657, 48.03243813 ], [ -122.6693471, 48.03233866 ], [ -122.66930177, 48.03223073 ], [ -122.66932137, 48.03210953 ], [ -122.6693123, 48.03198786 ], [ -122.6692965, 48.03180346 ], [ -122.6692637, 48.03160079 ], [ -122.66916657, 48.03132606 ], [ -122.66908637, 48.03116386 ], [ -122.66899444, 48.03101526 ], [ -122.6689361, 48.03079019 ], [ -122.66893004, 48.03064173 ], [ -122.66893977, 48.03047979 ], [ -122.6690063, 48.03030906 ], [ -122.66905597, 48.03012459 ], [ -122.66909984, 48.02999893 ], [ -122.66911124, 48.02987753 ], [ -122.66910884, 48.02971993 ], [ -122.66913864, 48.02954906 ], [ -122.66932344, 48.02927113 ], [ -122.66935057, 48.02923479 ], [ -122.6694915, 48.02888419 ], [ -122.6696943, 48.02844846 ], [ -122.66995957, 48.02803999 ], [ -122.6701737, 48.02768033 ], [ -122.67034163, 48.02728959 ], [ -122.6703889, 48.02704693 ], [ -122.67041457, 48.02687593 ], [ -122.67043077, 48.02667346 ], [ -122.6703885, 48.02643966 ], [ -122.67037144, 48.02622353 ], [ -122.67034897, 48.02607486 ], [ -122.67032657, 48.02592673 ], [ -122.67031597, 48.02576893 ], [ -122.67031084, 48.02544499 ], [ -122.6703327, 48.02498173 ], [ -122.67035644, 48.02456353 ], [ -122.6704145, 48.02398773 ], [ -122.6704439, 48.02380793 ], [ -122.6705597, 48.02364179 ], [ -122.67077904, 48.02330959 ], [ -122.67104703, 48.02296846 ], [ -122.67110479, 48.02289197 ], [ -122.67110582, 48.02289089 ], [ -122.67110583, 48.02289059 ], [ -122.67129124, 48.02264506 ], [ -122.67144424, 48.02238926 ], [ -122.67152564, 48.02218266 ], [ -122.67154744, 48.02201606 ], [ -122.67157364, 48.02185873 ], [ -122.6715837, 48.02170586 ], [ -122.67162797, 48.02148986 ], [ -122.67181697, 48.02121593 ], [ -122.67202324, 48.02096453 ], [ -122.67211377, 48.02078053 ], [ -122.67215244, 48.02062766 ], [ -122.67213984, 48.02042072 ], [ -122.67208957, 48.02019133 ], [ -122.67195977, 48.01991626 ], [ -122.67177197, 48.01972233 ], [ -122.67159603, 48.01961832 ], [ -122.6713709, 48.01950972 ], [ -122.6712319, 48.01940879 ], [ -122.67113503, 48.01933813 ], [ -122.67097544, 48.01923413 ], [ -122.6708315, 48.01901333 ], [ -122.67066297, 48.01858993 ], [ -122.6704337, 48.01788319 ], [ -122.67036577, 48.01752273 ], [ -122.6703931, 48.01739266 ], [ -122.6704745, 48.01728473 ], [ -122.67073077, 48.01705606 ], [ -122.67128597, 48.01674353 ], [ -122.6714457, 48.01665319 ], [ -122.6720579, 48.01633566 ], [ -122.67295323, 48.01584766 ], [ -122.6735923, 48.01548973 ], [ -122.67428084, 48.01504172 ], [ -122.67448823, 48.01491653 ], [ -122.67491883, 48.01465686 ], [ -122.6754697, 48.01433906 ], [ -122.67598857, 48.01403886 ], [ -122.67689123, 48.01353326 ], [ -122.67772537, 48.01304979 ], [ -122.67848923, 48.01264679 ], [ -122.67896943, 48.01240072 ], [ -122.67912957, 48.01232013 ], [ -122.67944983, 48.01215899 ], [ -122.67983957, 48.01199819 ], [ -122.68038883, 48.01174332 ], [ -122.6806413, 48.01162279 ], [ -122.68103404, 48.01143452 ], [ -122.68163417, 48.01112592 ], [ -122.68202984, 48.01091106 ], [ -122.6822739, 48.01078586 ], [ -122.68263804, 48.01059799 ], [ -122.68335484, 48.01024466 ], [ -122.6836653, 48.01010032 ], [ -122.68412457, 48.00988679 ], [ -122.68452077, 48.00968526 ], [ -122.6850897, 48.00941252 ], [ -122.68556964, 48.00916179 ], [ -122.6859629, 48.00898759 ], [ -122.68628864, 48.00886246 ], [ -122.68642297, 48.00884932 ], [ -122.6865725, 48.00880919 ], [ -122.68676603, 48.00874659 ], [ -122.6869035, 48.00871119 ], [ -122.68707083, 48.00870699 ], [ -122.68719864, 48.00873446 ], [ -122.6873931, 48.00879339 ], [ -122.6875053, 48.00883879 ], [ -122.68763323, 48.00887032 ], [ -122.68774597, 48.00885146 ], [ -122.6877915, 48.00884386 ], [ -122.68822317, 48.00871026 ], [ -122.68878264, 48.00860386 ], [ -122.68911664, 48.00857792 ], [ -122.6893573, 48.00856932 ], [ -122.6896779, 48.00861512 ], [ -122.68998363, 48.00869699 ], [ -122.6902911, 48.00881926 ], [ -122.69032477, 48.00884419 ], [ -122.6904889, 48.00895919 ], [ -122.6907157, 48.00910832 ], [ -122.69085564, 48.00923012 ], [ -122.69098543, 48.00935939 ], [ -122.6910005, 48.00937446 ], [ -122.6911733, 48.00950079 ], [ -122.69137484, 48.00963206 ], [ -122.69160757, 48.00982579 ], [ -122.69220324, 48.01039439 ], [ -122.69267957, 48.01084559 ], [ -122.69300504, 48.01120626 ], [ -122.6931323, 48.01141806 ], [ -122.69331664, 48.01172446 ], [ -122.69357844, 48.01212572 ], [ -122.69377744, 48.01239139 ], [ -122.69394337, 48.01264859 ], [ -122.69403037, 48.01277459 ], [ -122.69412357, 48.01285579 ], [ -122.69423877, 48.01297312 ], [ -122.69447497, 48.01324819 ], [ -122.69466631, 48.01342886 ], [ -122.6948733, 48.01359099 ], [ -122.6949959, 48.01369052 ], [ -122.69517837, 48.01375392 ], [ -122.69543477, 48.01392579 ], [ -122.69574264, 48.01415586 ], [ -122.69596424, 48.01427786 ], [ -122.69610004, 48.01439972 ], [ -122.69614877, 48.01448979 ], [ -122.69626084, 48.01462959 ], [ -122.6964091, 48.01475586 ], [ -122.69655251, 48.01486419 ], [ -122.69664191, 48.01495012 ], [ -122.69673924, 48.01503125 ], [ -122.6969399, 48.01513972 ], [ -122.6970521, 48.01518512 ], [ -122.69722677, 48.01525739 ], [ -122.69737423, 48.01536843 ], [ -122.69718475, 48.01589491 ], [ -122.69725175, 48.01585291 ], [ -122.69734175, 48.01583041 ], [ -122.69747825, 48.01582841 ], [ -122.69758675, 48.01584591 ], [ -122.69766925, 48.01588691 ], [ -122.69771375, 48.0159289 ], [ -122.69772775, 48.01596791 ], [ -122.69772825, 48.01608641 ], [ -122.69773575, 48.0161439 ], [ -122.69775475, 48.01619191 ], [ -122.69779525, 48.0162409 ], [ -122.69787075, 48.01627891 ], [ -122.69793575, 48.01629091 ], [ -122.69799875, 48.0162979 ], [ -122.69841075, 48.0163289 ], [ -122.698517, 48.01632366 ], [ -122.69900475, 48.0165159 ], [ -122.69958375, 48.0171669 ], [ -122.69951475, 48.0175929 ], [ -122.69931075, 48.0177729 ], [ -122.69928675, 48.0182389 ], [ -122.69927675, 48.0184279 ], [ -122.69917475, 48.0185199 ], [ -122.69922978, 48.01878857 ], [ -122.69920404, 48.01897852 ], [ -122.69917011, 48.01914486 ], [ -122.69917997, 48.01928452 ], [ -122.69914844, 48.01941039 ], [ -122.69909571, 48.01951832 ], [ -122.69900344, 48.01965745 ], [ -122.69885131, 48.01983232 ], [ -122.69879837, 48.01993599 ], [ -122.69879231, 48.02008432 ], [ -122.69876357, 48.02027766 ], [ -122.69867777, 48.02047566 ], [ -122.69856524, 48.02061912 ], [ -122.69842691, 48.02083006 ], [ -122.69835711, 48.02101906 ], [ -122.69832164, 48.02114939 ], [ -122.69827691, 48.02135179 ], [ -122.69827624, 48.02153152 ], [ -122.69824264, 48.02170679 ], [ -122.69821351, 48.02179232 ], [ -122.69820091, 48.02188232 ], [ -122.69815971, 48.02197226 ], [ -122.69809804, 48.02206179 ], [ -122.69807571, 48.02211566 ], [ -122.69804717, 48.02221472 ], [ -122.69804071, 48.02225546 ], [ -122.6980173, 48.02238119 ], [ -122.69800751, 48.02253852 ], [ -122.69792244, 48.02265526 ], [ -122.69777551, 48.02285732 ], [ -122.69760724, 48.02303679 ], [ -122.69742277, 48.02322052 ], [ -122.69721738, 48.02339139 ], [ -122.69704644, 48.02350786 ], [ -122.69672377, 48.02370926 ], [ -122.69658831, 48.02379439 ], [ -122.69653597, 48.02381232 ], [ -122.69639997, 48.02388392 ], [ -122.69614284, 48.02409026 ], [ -122.69584137, 48.02440879 ], [ -122.69561591, 48.02468719 ], [ -122.69553031, 48.02488926 ], [ -122.69550004, 48.02504659 ], [ -122.69543857, 48.02523986 ], [ -122.69534757, 48.02541086 ], [ -122.69517871, 48.02557646 ], [ -122.69504457, 48.02569346 ], [ -122.69490137, 48.02588632 ], [ -122.69475297, 48.02605259 ], [ -122.69461364, 48.02624092 ], [ -122.69448291, 48.02643872 ], [ -122.69434891, 48.02655979 ], [ -122.69423544, 48.02668099 ], [ -122.69403051, 48.02686459 ], [ -122.69371897, 48.02703939 ], [ -122.69330151, 48.02732166 ], [ -122.69298311, 48.02762699 ], [ -122.69263791, 48.02797699 ], [ -122.69248851, 48.02812032 ], [ -122.69232524, 48.02822346 ], [ -122.69208058, 48.02843432 ], [ -122.69169057, 48.02878839 ], [ -122.69144164, 48.02899472 ], [ -122.69099997, 48.02938493 ], [ -122.69045724, 48.02980186 ], [ -122.69013377, 48.03018332 ], [ -122.69001931, 48.03038072 ], [ -122.68996977, 48.03046619 ], [ -122.68987984, 48.03076299 ], [ -122.68993231, 48.03094332 ], [ -122.69003751, 48.03111459 ], [ -122.69026364, 48.03134446 ], [ -122.69049931, 48.03150713 ], [ -122.69080651, 48.03171939 ], [ -122.69120977, 48.03198126 ], [ -122.69149897, 48.03215306 ], [ -122.69180318, 48.03239226 ], [ -122.69212324, 48.03261812 ], [ -122.69242691, 48.03284399 ], [ -122.69256024, 48.03290472 ], [ -122.69296438, 48.03308839 ], [ -122.69331524, 48.03326899 ], [ -122.69352004, 48.03337759 ], [ -122.69364864, 48.03342299 ], [ -122.69365977, 48.03349492 ], [ -122.69368084, 48.03360746 ], [ -122.69363104, 48.03378746 ], [ -122.69370837, 48.03397659 ], [ -122.69382491, 48.03412519 ], [ -122.69399017, 48.03426519 ], [ -122.69415431, 48.03437812 ], [ -122.69436918, 48.03453179 ], [ -122.69445371, 48.03459926 ], [ -122.69449204, 48.03462052 ], [ -122.69462524, 48.03469426 ], [ -122.69474604, 48.03474872 ], [ -122.69485964, 48.03482526 ], [ -122.69494418, 48.03489306 ], [ -122.69501164, 48.03494252 ], [ -122.69507558, 48.03500579 ], [ -122.69515998, 48.03506879 ], [ -122.69527278, 48.03512786 ], [ -122.69537858, 48.03521366 ], [ -122.69546298, 48.03527679 ], [ -122.69555051, 48.03531766 ], [ -122.69563778, 48.03535306 ], [ -122.69564191, 48.03535386 ], [ -122.69571384, 48.03541246 ], [ -122.69573264, 48.03547072 ], [ -122.69572671, 48.03552499 ], [ -122.69575404, 48.03559233 ], [ -122.69579738, 48.03565119 ], [ -122.69585278, 48.03570512 ], [ -122.69591131, 48.03573679 ], [ -122.69597098, 48.03579532 ], [ -122.69597751, 48.03585392 ], [ -122.69597598, 48.03591706 ], [ -122.69599164, 48.03599779 ], [ -122.69606824, 48.03607019 ], [ -122.69613144, 48.03611532 ], [ -122.69624051, 48.03618299 ], [ -122.69633678, 48.03623739 ], [ -122.69643638, 48.03627326 ], [ -122.69658958, 48.03631906 ], [ -122.69675904, 48.03636439 ], [ -122.69690364, 48.03640092 ], [ -122.69695634, 48.03641533 ], [ -122.69710144, 48.03651271 ], [ -122.69713484, 48.03655426 ], [ -122.69715438, 48.03663086 ], [ -122.69716578, 48.03670739 ], [ -122.69719718, 48.03677486 ], [ -122.69735984, 48.03685186 ], [ -122.6973792, 48.03686359 ], [ -122.6974078, 48.03694686 ], [ -122.69742292, 48.03695353 ], [ -122.69742191, 48.03696892 ], [ -122.69741024, 48.03708152 ], [ -122.69743124, 48.03719372 ], [ -122.69741344, 48.03735579 ], [ -122.69743004, 48.03745952 ], [ -122.69745164, 48.03758526 ], [ -122.69752658, 48.03771599 ], [ -122.69766618, 48.03782886 ], [ -122.69778844, 48.03791912 ], [ -122.69783104, 48.03795979 ], [ -122.69783924, 48.03805886 ], [ -122.69784298, 48.03814872 ], [ -122.69785471, 48.03823439 ], [ -122.69786158, 48.03830159 ], [ -122.69792684, 48.03839632 ], [ -122.69800758, 48.03846866 ], [ -122.69810385, 48.03852306 ], [ -122.69822558, 48.03859979 ], [ -122.6982338, 48.03860678 ], [ -122.69831904, 48.03870687 ], [ -122.69833491, 48.03877099 ], [ -122.69833145, 48.03888346 ], [ -122.69833425, 48.03895079 ], [ -122.69840318, 48.03903652 ], [ -122.69846064, 48.03914012 ], [ -122.69847664, 48.03923032 ], [ -122.69847944, 48.03929759 ], [ -122.69852411, 48.03938759 ], [ -122.69856558, 48.03950026 ], [ -122.69858531, 48.03958146 ], [ -122.69860711, 48.03971179 ], [ -122.69864205, 48.03986486 ], [ -122.69869584, 48.04007632 ], [ -122.69872871, 48.04017839 ], [ -122.69873785, 48.04020252 ], [ -122.69882938, 48.04033772 ], [ -122.69892024, 48.04045939 ], [ -122.69903145, 48.04057679 ], [ -122.69923331, 48.04071199 ], [ -122.69938778, 48.04078926 ], [ -122.69949578, 48.04082972 ], [ -122.69964565, 48.04089326 ], [ -122.69968131, 48.04096526 ], [ -122.69969285, 48.04104612 ], [ -122.69968044, 48.04114072 ], [ -122.69967618, 48.04123539 ], [ -122.69981485, 48.04132552 ], [ -122.69997885, 48.04143399 ], [ -122.70009704, 48.04152419 ], [ -122.70016678, 48.04162792 ], [ -122.70034398, 48.04175892 ], [ -122.70045591, 48.04189412 ], [ -122.70050498, 48.04199306 ], [ -122.70053644, 48.04206072 ], [ -122.70059238, 48.04212852 ], [ -122.70065671, 48.04220052 ], [ -122.70073818, 48.04229046 ], [ -122.70081551, 48.04238086 ], [ -122.70090085, 48.04246652 ], [ -122.70103305, 48.04259732 ], [ -122.70107285, 48.04266946 ], [ -122.70108811, 48.04274166 ], [ -122.70113238, 48.04282252 ], [ -122.70119671, 48.04289466 ], [ -122.70125245, 48.04295792 ], [ -122.70128798, 48.04302546 ], [ -122.70132931, 48.04313346 ], [ -122.70135011, 48.04324139 ], [ -122.70136244, 48.04334052 ], [ -122.70139391, 48.04340812 ], [ -122.70144204, 48.04348486 ], [ -122.70148785, 48.04360192 ], [ -122.70152985, 48.04372779 ], [ -122.70157151, 48.04384486 ], [ -122.70167031, 48.04415559 ], [ -122.70175105, 48.04432679 ], [ -122.70180131, 48.04445286 ], [ -122.70187551, 48.04456539 ], [ -122.70192198, 48.04470059 ], [ -122.70208438, 48.04496659 ], [ -122.70217938, 48.04508819 ], [ -122.70221078, 48.04515546 ], [ -122.70224451, 48.04527752 ], [ -122.70227285, 48.04546619 ], [ -122.70231171, 48.04561486 ], [ -122.70236251, 48.04575446 ], [ -122.70247818, 48.04597966 ], [ -122.70259358, 48.04629499 ], [ -122.70262598, 48.04648412 ], [ -122.70266378, 48.04660539 ], [ -122.70276772, 48.04674519 ], [ -122.70282538, 48.04685326 ], [ -122.70283671, 48.04692979 ], [ -122.70284498, 48.04702886 ], [ -122.70287378, 48.04713219 ], [ -122.70289711, 48.04729879 ], [ -122.70296425, 48.04743839 ], [ -122.70298405, 48.04761846 ], [ -122.70298652, 48.04777572 ], [ -122.70298058, 48.04792886 ], [ -122.70294791, 48.04802799 ], [ -122.70294571, 48.04807259 ], [ -122.70296971, 48.04815832 ], [ -122.70306571, 48.04840146 ], [ -122.70313158, 48.04850952 ], [ -122.70314665, 48.04857726 ], [ -122.70316691, 48.04867166 ], [ -122.7032423, 48.04875378 ], [ -122.70327281, 48.04887584 ], [ -122.7033636, 48.04899791 ], [ -122.70342251, 48.04911326 ], [ -122.70345938, 48.04931119 ], [ -122.70341391, 48.04939666 ], [ -122.70333878, 48.04945939 ], [ -122.70327158, 48.04951346 ], [ -122.70319351, 48.04960319 ], [ -122.70314165, 48.04973319 ], [ -122.70314545, 48.04982339 ], [ -122.70309191, 48.04991319 ], [ -122.70301891, 48.05002539 ], [ -122.70285591, 48.05013746 ], [ -122.70277312, 48.05030832 ], [ -122.70276445, 48.05049266 ], [ -122.70280998, 48.05060526 ], [ -122.70292325, 48.05067306 ], [ -122.70303571, 48.05072286 ], [ -122.70308218, 48.05075899 ], [ -122.70306865, 48.05082646 ], [ -122.70302071, 48.05085339 ], [ -122.70297311, 48.05088906 ], [ -122.70286571, 48.05096099 ], [ -122.70272658, 48.05115379 ], [ -122.70267345, 48.05135166 ], [ -122.70269792, 48.05154539 ], [ -122.70276651, 48.05172092 ], [ -122.70290645, 48.05193712 ], [ -122.70299758, 48.05206346 ], [ -122.70304778, 48.05218946 ], [ -122.70306731, 48.05226586 ], [ -122.70299378, 48.05236472 ], [ -122.70285845, 48.05245419 ], [ -122.70283445, 48.05246679 ], [ -122.70271458, 48.05253499 ], [ -122.70263358, 48.05265166 ], [ -122.70256818, 48.05275059 ], [ -122.70248178, 48.05283579 ], [ -122.70239405, 48.05288952 ], [ -122.70229738, 48.05292526 ], [ -122.70215038, 48.05302812 ], [ -122.70201412, 48.05309546 ], [ -122.70185118, 48.05320766 ], [ -122.70159265, 48.05338246 ], [ -122.70148538, 48.05345852 ], [ -122.70137705, 48.05350766 ], [ -122.70122385, 48.05356126 ], [ -122.70107611, 48.05364659 ], [ -122.70080605, 48.05383913 ], [ -122.70051498, 48.05401832 ], [ -122.70003038, 48.05426452 ], [ -122.69964771, 48.05440312 ], [ -122.69921958, 48.05453226 ], [ -122.69888738, 48.05460706 ], [ -122.69859178, 48.05467839 ], [ -122.69826672, 48.05472832 ], [ -122.69801731, 48.05473019 ], [ -122.69765378, 48.05473979 ], [ -122.69723231, 48.05473393 ], [ -122.69695418, 48.05473366 ], [ -122.69651345, 48.05465686 ], [ -122.69636205, 48.05465419 ], [ -122.69612965, 48.05467226 ], [ -122.69588098, 48.05469059 ], [ -122.69561831, 48.05466812 ], [ -122.69538118, 48.05466979 ], [ -122.69510978, 48.05463372 ], [ -122.69486478, 48.05454319 ], [ -122.69466545, 48.05447066 ], [ -122.69455518, 48.05437592 ], [ -122.69453645, 48.05431766 ], [ -122.69452451, 48.05422739 ], [ -122.69450905, 48.05415092 ], [ -122.69450005, 48.05413139 ], [ -122.69448191, 48.05408786 ], [ -122.69435971, 48.05400206 ], [ -122.69424892, 48.05389392 ], [ -122.69414031, 48.05374053 ], [ -122.69395825, 48.05349272 ], [ -122.69377698, 48.05326273 ], [ -122.69358731, 48.05302839 ], [ -122.69342538, 48.05277146 ], [ -122.69329685, 48.05253259 ], [ -122.69315605, 48.05219473 ], [ -122.69308945, 48.05196979 ], [ -122.69300545, 48.05181659 ], [ -122.69296745, 48.05169033 ], [ -122.69289385, 48.05149246 ], [ -122.69276498, 48.05124446 ], [ -122.69259571, 48.05091126 ], [ -122.69254125, 48.05073012 ], [ -122.69238182, 48.0499204 ], [ -122.69235665, 48.04968246 ], [ -122.69227165, 48.04930879 ], [ -122.69223111, 48.04911999 ], [ -122.69223071, 48.04911072 ], [ -122.69214351, 48.04898026 ], [ -122.69208011, 48.04893039 ], [ -122.69202918, 48.04888526 ], [ -122.69199885, 48.04884466 ], [ -122.69195111, 48.04877699 ], [ -122.69189665, 48.04874546 ], [ -122.69182131, 48.04870472 ], [ -122.69169291, 48.04867559 ], [ -122.69163971, 48.04866352 ], [ -122.69153191, 48.04862753 ], [ -122.69141798, 48.04864059 ], [ -122.69138638, 48.04866759 ], [ -122.69138825, 48.04871279 ], [ -122.69140685, 48.04876659 ], [ -122.69145331, 48.04880272 ], [ -122.69150311, 48.04882086 ], [ -122.69159791, 48.04883912 ], [ -122.69162378, 48.04887066 ], [ -122.69157638, 48.04891099 ], [ -122.69148378, 48.04894679 ], [ -122.69139031, 48.04896006 ], [ -122.69134945, 48.04895993 ], [ -122.69130145, 48.04898652 ], [ -122.69125871, 48.04904059 ], [ -122.69125518, 48.04905459 ], [ -122.69125165, 48.04916652 ], [ -122.69128271, 48.04922526 ], [ -122.69130538, 48.04927912 ], [ -122.69128758, 48.04934219 ], [ -122.69125265, 48.04938706 ], [ -122.69124651, 48.04943653 ], [ -122.69123891, 48.04954906 ], [ -122.69124971, 48.04971113 ], [ -122.69124345, 48.04995393 ], [ -122.69125738, 48.05009346 ], [ -122.69125531, 48.05014286 ], [ -122.69122131, 48.05021012 ], [ -122.69122451, 48.05028686 ], [ -122.69123584, 48.05036339 ], [ -122.69128344, 48.05042626 ], [ -122.69131471, 48.05048946 ], [ -122.69131378, 48.05056586 ], [ -122.69128144, 48.05067373 ], [ -122.69122925, 48.05079532 ], [ -122.69121511, 48.05084906 ], [ -122.69123671, 48.05097533 ], [ -122.69126511, 48.05106952 ], [ -122.69123378, 48.05120019 ], [ -122.69122678, 48.05122912 ], [ -122.69121385, 48.05131246 ], [ -122.69116758, 48.05147853 ], [ -122.69109665, 48.05164059 ], [ -122.69095778, 48.05194146 ], [ -122.69077645, 48.05230093 ], [ -122.69059671, 48.05250286 ], [ -122.69036098, 48.05273619 ], [ -122.69012418, 48.05294266 ], [ -122.68994818, 48.05313526 ], [ -122.68986825, 48.05327919 ], [ -122.68985638, 48.05338719 ], [ -122.68987478, 48.05353559 ], [ -122.68994151, 48.05366626 ], [ -122.69005585, 48.05385986 ], [ -122.69020465, 48.05399553 ], [ -122.69031451, 48.05408119 ], [ -122.69037845, 48.05414446 ], [ -122.69046271, 48.05420299 ], [ -122.69060378, 48.05425266 ], [ -122.69070011, 48.05430706 ], [ -122.69075125, 48.05435686 ], [ -122.69076725, 48.05444686 ], [ -122.69084738, 48.05460452 ], [ -122.69091318, 48.05471193 ], [ -122.69103791, 48.05486046 ], [ -122.69113318, 48.05498752 ], [ -122.69124045, 48.05510893 ], [ -122.69128525, 48.05520399 ], [ -122.69130091, 48.05528599 ], [ -122.69134885, 48.05545506 ], [ -122.69137211, 48.05562186 ], [ -122.69140358, 48.05578853 ], [ -122.69142105, 48.05591433 ], [ -122.69139918, 48.05617519 ], [ -122.69137158, 48.05639779 ], [ -122.69139371, 48.05653719 ], [ -122.69145238, 48.05667046 ], [ -122.69149838, 48.05679299 ], [ -122.69163072, 48.05692759 ], [ -122.69175831, 48.05704586 ], [ -122.69197138, 48.05715433 ], [ -122.69218798, 48.05724899 ], [ -122.69246172, 48.05733986 ], [ -122.69266918, 48.05741272 ], [ -122.69301585, 48.05758719 ], [ -122.69338912, 48.05781059 ], [ -122.69364832, 48.05794553 ], [ -122.69386978, 48.05815799 ], [ -122.69414312, 48.05833939 ], [ -122.69444045, 48.05850653 ], [ -122.69474278, 48.05859686 ], [ -122.69502712, 48.05864912 ], [ -122.69515905, 48.05867406 ], [ -122.69547885, 48.05869279 ], [ -122.69586832, 48.05871566 ], [ -122.69611838, 48.05873019 ], [ -122.69633925, 48.05873159 ], [ -122.69643018, 48.05875453 ], [ -122.69639152, 48.05880739 ], [ -122.69630578, 48.05881172 ], [ -122.69617471, 48.05880592 ], [ -122.69597445, 48.05880966 ], [ -122.69567178, 48.05880986 ], [ -122.69535725, 48.05881846 ], [ -122.69528378, 48.05882252 ], [ -122.69524791, 48.05884513 ], [ -122.69532525, 48.05893419 ], [ -122.69534765, 48.05898039 ], [ -122.69535918, 48.05900486 ], [ -122.69539245, 48.05907552 ], [ -122.69540305, 48.05913286 ], [ -122.69543798, 48.05918706 ], [ -122.69553698, 48.05920712 ], [ -122.69559218, 48.05915679 ], [ -122.69563531, 48.05911213 ], [ -122.69568318, 48.05908379 ], [ -122.69579352, 48.05908173 ], [ -122.69586825, 48.05910772 ], [ -122.69592332, 48.05915333 ], [ -122.69601885, 48.05918992 ], [ -122.69610365, 48.05916366 ], [ -122.69618451, 48.05914026 ], [ -122.69628598, 48.05912186 ], [ -122.69638805, 48.05911726 ], [ -122.69654392, 48.05912806 ], [ -122.69667918, 48.05913646 ], [ -122.69680545, 48.05912313 ], [ -122.69696685, 48.05907079 ], [ -122.69704758, 48.05904459 ], [ -122.69723545, 48.05903839 ], [ -122.69760698, 48.05912193 ], [ -122.69787025, 48.05915813 ], [ -122.69824618, 48.05915106 ], [ -122.69858325, 48.05909266 ], [ -122.69881878, 48.05905266 ], [ -122.69910938, 48.05895946 ], [ -122.69927351, 48.05887412 ], [ -122.69933418, 48.05876059 ], [ -122.69933205, 48.05870859 ], [ -122.69938585, 48.05862533 ], [ -122.69942365, 48.05855059 ], [ -122.69943758, 48.05849273 ], [ -122.69951965, 48.05840072 ], [ -122.69960285, 48.05833612 ], [ -122.69970285, 48.05828212 ], [ -122.69977112, 48.05825346 ], [ -122.69993051, 48.05825046 ], [ -122.70006458, 48.05832746 ], [ -122.70016178, 48.05840239 ], [ -122.70024332, 48.05859279 ], [ -122.70030625, 48.05882746 ], [ -122.70036045, 48.05904853 ], [ -122.70041512, 48.05918179 ], [ -122.70039005, 48.05926726 ], [ -122.70033552, 48.05933412 ], [ -122.70028278, 48.05944199 ], [ -122.70021185, 48.05960512 ], [ -122.70020832, 48.05961886 ], [ -122.70014651, 48.05980372 ], [ -122.70002385, 48.06009939 ], [ -122.69999818, 48.06046452 ], [ -122.70006992, 48.06061673 ], [ -122.70012205, 48.06068972 ], [ -122.70014272, 48.06079352 ], [ -122.70022592, 48.06102232 ], [ -122.70032131, 48.06125079 ], [ -122.70049085, 48.06149166 ], [ -122.70061312, 48.06167852 ], [ -122.70079065, 48.06191379 ], [ -122.70090098, 48.06210912 ], [ -122.70095878, 48.06222046 ], [ -122.70109438, 48.06233306 ], [ -122.70120485, 48.06243239 ], [ -122.70134218, 48.06258613 ], [ -122.70146732, 48.06274279 ], [ -122.70155852, 48.06286999 ], [ -122.70169705, 48.06305379 ], [ -122.70177479, 48.06315379 ], [ -122.70193138, 48.06327973 ], [ -122.70208845, 48.06341659 ], [ -122.70221298, 48.06355959 ], [ -122.70231352, 48.06371399 ], [ -122.70236578, 48.06388846 ], [ -122.70247825, 48.06413312 ], [ -122.70253498, 48.06441446 ], [ -122.70258185, 48.06485226 ], [ -122.70257259, 48.06512112 ], [ -122.70265012, 48.06541026 ], [ -122.70270019, 48.06553272 ], [ -122.70290052, 48.06582506 ], [ -122.70312192, 48.06622946 ], [ -122.70318725, 48.06652159 ], [ -122.70319838, 48.06678732 ], [ -122.70314618, 48.06710632 ], [ -122.70305865, 48.06736019 ], [ -122.70296592, 48.06758953 ], [ -122.70295605, 48.06764726 ], [ -122.70295119, 48.06772686 ], [ -122.70303299, 48.06792273 ], [ -122.70323072, 48.06815212 ], [ -122.70335532, 48.06829506 ], [ -122.70351419, 48.06847579 ], [ -122.70359385, 48.06861959 ], [ -122.70359025, 48.06872932 ], [ -122.70354485, 48.06881792 ], [ -122.70343485, 48.06892692 ], [ -122.70326345, 48.06913299 ], [ -122.70301192, 48.06937899 ], [ -122.70274345, 48.06961159 ], [ -122.70261892, 48.06976473 ], [ -122.70260939, 48.06983066 ], [ -122.70257939, 48.06999299 ], [ -122.70259599, 48.07019559 ], [ -122.70276592, 48.07044466 ], [ -122.70299285, 48.07068713 ], [ -122.70321372, 48.07098186 ], [ -122.70341965, 48.07121106 ], [ -122.70382412, 48.07159006 ], [ -122.70399119, 48.07177059 ], [ -122.70445532, 48.07220879 ], [ -122.70498679, 48.07268959 ], [ -122.70526959, 48.07299686 ], [ -122.70553152, 48.07329352 ], [ -122.70582032, 48.07354859 ], [ -122.70616619, 48.07379712 ], [ -122.70650899, 48.07407032 ], [ -122.70680279, 48.07424852 ], [ -122.70681106, 48.07425106 ], [ -122.70712919, 48.07442332 ], [ -122.70749372, 48.07463032 ], [ -122.70792932, 48.07487166 ], [ -122.70828546, 48.07507339 ], [ -122.70840872, 48.07518346 ], [ -122.70845812, 48.07528946 ], [ -122.70861079, 48.07541819 ], [ -122.70881852, 48.07559253 ], [ -122.70908372, 48.07586719 ], [ -122.70913759, 48.07598132 ], [ -122.70925692, 48.07609699 ], [ -122.70938139, 48.07613852 ], [ -122.70941272, 48.07629966 ], [ -122.70972452, 48.07680926 ], [ -122.70998492, 48.07726499 ], [ -122.71010986, 48.07761079 ], [ -122.71013219, 48.07785166 ], [ -122.71014019, 48.07794473 ], [ -122.71010725, 48.07823326 ], [ -122.71010265, 48.07861166 ], [ -122.71019052, 48.07885406 ], [ -122.71030292, 48.07899726 ], [ -122.71047339, 48.07916126 ], [ -122.71074646, 48.07933159 ], [ -122.71088132, 48.07945387 ], [ -122.71098987, 48.07961279 ], [ -122.71130459, 48.07991461 ], [ -122.71135432, 48.07997272 ], [ -122.71158892, 48.08020139 ], [ -122.71187886, 48.08048106 ], [ -122.71228712, 48.08085172 ], [ -122.71236299, 48.08090512 ], [ -122.71242633, 48.08095052 ], [ -122.71257206, 48.08110959 ], [ -122.71287432, 48.08129306 ], [ -122.71324632, 48.08148072 ], [ -122.71361903, 48.08173008 ], [ -122.71362123, 48.08173164 ], [ -122.71417233, 48.08229132 ], [ -122.71446779, 48.08270246 ], [ -122.71460666, 48.08299052 ], [ -122.71461986, 48.08330552 ], [ -122.71448726, 48.08355752 ], [ -122.71436286, 48.08371339 ], [ -122.71426433, 48.08380299 ], [ -122.71406706, 48.08388072 ], [ -122.71384239, 48.08398639 ], [ -122.71377679, 48.08408086 ], [ -122.71354606, 48.08423872 ], [ -122.71349953, 48.08429992 ], [ -122.71343886, 48.08431752 ], [ -122.71337666, 48.08429672 ], [ -122.71333152, 48.08429486 ], [ -122.71331773, 48.08435539 ], [ -122.71333119, 48.08448126 ], [ -122.71345752, 48.08456666 ], [ -122.71346046, 48.08463786 ], [ -122.71342552, 48.08468239 ], [ -122.71342019, 48.08475106 ], [ -122.71351886, 48.08485886 ], [ -122.71368384, 48.08499092 ], [ -122.71375488, 48.08525678 ], [ -122.71416488, 48.08553078 ], [ -122.71436959, 48.08553078 ], [ -122.71446133, 48.08567186 ], [ -122.71464439, 48.08584113 ], [ -122.71485179, 48.08610319 ], [ -122.71501772, 48.08635232 ], [ -122.71521326, 48.08672146 ], [ -122.71536599, 48.08714359 ], [ -122.71543399, 48.08759466 ], [ -122.71556753, 48.08814326 ], [ -122.71569559, 48.08856306 ], [ -122.71597033, 48.08935572 ], [ -122.71630753, 48.08997992 ], [ -122.71664419, 48.09049452 ], [ -122.71689459, 48.09080512 ], [ -122.71718866, 48.09108472 ], [ -122.71735359, 48.09130912 ], [ -122.71764966, 48.09153659 ], [ -122.71781919, 48.09167599 ], [ -122.71836853, 48.09189319 ], [ -122.71909333, 48.09209886 ], [ -122.71940753, 48.09217519 ], [ -122.71974299, 48.09227032 ], [ -122.72020853, 48.09234379 ], [ -122.72050799, 48.09236006 ], [ -122.72071313, 48.09237266 ], [ -122.72133046, 48.09235826 ], [ -122.72143633, 48.09234532 ], [ -122.72154719, 48.09235419 ], [ -122.7215334, 48.09241479 ], [ -122.7215034, 48.09248112 ], [ -122.72147406, 48.09256119 ], [ -122.72152773, 48.09266986 ], [ -122.72167033, 48.09275212 ], [ -122.72181533, 48.09279326 ], [ -122.72197153, 48.09280952 ], [ -122.7221152, 48.09283075 ], [ -122.72262889, 48.09325278 ], [ -122.72287451, 48.09333503 ], [ -122.72295873, 48.09341599 ], [ -122.72321093, 48.09357299 ], [ -122.72355599, 48.09370079 ], [ -122.72389813, 48.09376012 ], [ -122.72424609, 48.09388006 ], [ -122.72443858, 48.0939959 ], [ -122.72447053, 48.09403719 ], [ -122.72440153, 48.09414819 ], [ -122.72425133, 48.09427439 ], [ -122.72419926, 48.09439879 ], [ -122.72430053, 48.09447086 ], [ -122.72439819, 48.09445806 ], [ -122.72452299, 48.09440912 ], [ -122.72460166, 48.09433359 ], [ -122.7246726, 48.09426919 ], [ -122.72477546, 48.09418499 ], [ -122.72483787, 48.09409778 ], [ -122.72491489, 48.09409778 ], [ -122.72581547, 48.09367848 ], [ -122.72585646, 48.09371219 ], [ -122.7257452, 48.09379106 ], [ -122.72558773, 48.09393932 ], [ -122.725309, 48.09412279 ], [ -122.725025, 48.09427899 ], [ -122.72461746, 48.09451426 ], [ -122.72420993, 48.09474952 ], [ -122.72383713, 48.09493472 ], [ -122.72327873, 48.09518379 ], [ -122.72313553, 48.09528246 ], [ -122.722966, 48.09533779 ], [ -122.72273333, 48.09544906 ], [ -122.72222179, 48.09564519 ], [ -122.72196513, 48.09577066 ], [ -122.72150279, 48.09596852 ], [ -122.72129406, 48.09606572 ], [ -122.72057413, 48.09636719 ], [ -122.71976726, 48.09674152 ], [ -122.71931573, 48.09700226 ], [ -122.7188156, 48.09727493 ], [ -122.71824066, 48.09752152 ], [ -122.71738213, 48.09773786 ], [ -122.71641773, 48.09796986 ], [ -122.71614253, 48.09804359 ], [ -122.71530073, 48.09827053 ], [ -122.7141366, 48.09861866 ], [ -122.71286053, 48.09893326 ], [ -122.71158046, 48.09925066 ], [ -122.71034979, 48.09957539 ], [ -122.70876639, 48.09998066 ], [ -122.70843426, 48.10006366 ], [ -122.70780233, 48.10022086 ], [ -122.70704966, 48.10042686 ], [ -122.70589559, 48.10072539 ], [ -122.7045562, 48.10109319 ], [ -122.70308179, 48.10146346 ], [ -122.70117153, 48.10198446 ], [ -122.70067339, 48.10211166 ], [ -122.69929626, 48.10246093 ], [ -122.69783339, 48.10281446 ], [ -122.69678646, 48.10303413 ], [ -122.69599019, 48.10317786 ], [ -122.69515353, 48.10323733 ], [ -122.69421706, 48.10325753 ], [ -122.69318986, 48.10316426 ], [ -122.69224633, 48.1030146 ], [ -122.69140999, 48.10278613 ], [ -122.69085159, 48.10264573 ], [ -122.69044206, 48.10254093 ], [ -122.68946679, 48.1023178 ], [ -122.68874352, 48.10215033 ], [ -122.68843286, 48.10206013 ], [ -122.68814006, 48.10190933 ], [ -122.68789999, 48.10174653 ], [ -122.68781859, 48.10165759 ], [ -122.68774132, 48.10157126 ], [ -122.68768506, 48.10149826 ], [ -122.68759466, 48.10139033 ], [ -122.68758499, 48.10125613 ], [ -122.68760226, 48.10117906 ], [ -122.68762679, 48.10107993 ], [ -122.68784346, 48.10097446 ], [ -122.68818659, 48.10075973 ], [ -122.68878172, 48.10040593 ], [ -122.68929852, 48.10003719 ], [ -122.68979012, 48.09965246 ], [ -122.68999679, 48.09950326 ], [ -122.69036459, 48.09909619 ], [ -122.69077119, 48.09853753 ], [ -122.69122739, 48.09789299 ], [ -122.69163879, 48.09715606 ], [ -122.69164226, 48.09713953 ], [ -122.69185019, 48.09662846 ], [ -122.69206466, 48.09597746 ], [ -122.69211294, 48.09565939 ], [ -122.69238393, 48.09522574 ], [ -122.69239793, 48.09430374 ], [ -122.69295893, 48.09194575 ], [ -122.69311492, 48.09132675 ], [ -122.69319792, 48.09016775 ], [ -122.69277192, 48.08940875 ], [ -122.69290992, 48.08899675 ], [ -122.69311492, 48.08813276 ], [ -122.69300291, 48.08717776 ], [ -122.69265191, 48.08622476 ], [ -122.69205235, 48.08545506 ], [ -122.69197592, 48.08526199 ], [ -122.69157299, 48.08423039 ] ] ], [ [ [ -122.752164183, 48.117229098 ], [ -122.752164184, 48.117229098 ], [ -122.75216483, 48.117229758 ], [ -122.75226757, 48.117328241 ], [ -122.752335983, 48.117416873 ], [ -122.752434632, 48.117567261 ], [ -122.752535927, 48.117721685 ], [ -122.752526112, 48.117726351 ], [ -122.752511085, 48.117699519 ], [ -122.752511084, 48.117699518 ], [ -122.752411232, 48.117577148 ], [ -122.752286418, 48.117424184 ], [ -122.752283675, 48.117420588 ], [ -122.752283674, 48.117420588 ], [ -122.752180607, 48.117285427 ], [ -122.752180606, 48.117285427 ], [ -122.752180581, 48.117285397 ], [ -122.752078285, 48.117151251 ], [ -122.752078285, 48.11715125 ], [ -122.752078284, 48.11715125 ], [ -122.752025899, 48.117104325 ], [ -122.752025872, 48.117104295 ], [ -122.752025871, 48.117104294 ], [ -122.751916491, 48.117006319 ], [ -122.751856996, 48.116945994 ], [ -122.751925733, 48.116993749 ], [ -122.751925739, 48.116993755 ], [ -122.75192574, 48.116993756 ], [ -122.751925741, 48.116993757 ], [ -122.751994224, 48.117041332 ], [ -122.752105723, 48.117138626 ], [ -122.752162813, 48.117227332 ], [ -122.752162813, 48.117227333 ], [ -122.752164183, 48.117229098 ] ] ], [ [ [ -122.748922505, 48.118569357 ], [ -122.748922507, 48.118569357 ], [ -122.748922508, 48.118569358 ], [ -122.749142271, 48.11858243 ], [ -122.748922469, 48.118569373 ], [ -122.748809181, 48.118487472 ], [ -122.748922499, 48.118569355 ], [ -122.7489225, 48.118569355 ], [ -122.748922501, 48.118569356 ], [ -122.748922503, 48.118569356 ], [ -122.748922504, 48.118569357 ], [ -122.748922505, 48.118569357 ] ] ], [ [ [ -122.751014826, 48.118907419 ], [ -122.751014824, 48.118907419 ], [ -122.751014823, 48.118907419 ], [ -122.751014822, 48.118907419 ], [ -122.75101482, 48.118907419 ], [ -122.750730557, 48.118648941 ], [ -122.750695484, 48.118617055 ], [ -122.750501463, 48.118437641 ], [ -122.750606322, 48.118521937 ], [ -122.750606323, 48.118521938 ], [ -122.750606324, 48.118521938 ], [ -122.750606325, 48.118521939 ], [ -122.750606326, 48.118521939 ], [ -122.750606327, 48.11852194 ], [ -122.750606329, 48.11852194 ], [ -122.75060633, 48.11852194 ], [ -122.750763552, 48.118648324 ], [ -122.750909468, 48.118765618 ], [ -122.751104472, 48.118945722 ], [ -122.751218146, 48.119079499 ], [ -122.751218146, 48.1190795 ], [ -122.751219839, 48.119081187 ], [ -122.75121984, 48.119081188 ], [ -122.751219841, 48.119081188 ], [ -122.751221887, 48.11908269 ], [ -122.751221888, 48.119082691 ], [ -122.751221889, 48.119082691 ], [ -122.751224246, 48.119083973 ], [ -122.751224247, 48.119083973 ], [ -122.751226861, 48.119085007 ], [ -122.751226862, 48.119085008 ], [ -122.751226863, 48.119085008 ], [ -122.751229676, 48.119085772 ], [ -122.751229677, 48.119085772 ], [ -122.751295405, 48.119099461 ], [ -122.751460504, 48.11934559 ], [ -122.75150808, 48.119416515 ], [ -122.751508083, 48.119416519 ], [ -122.751508083, 48.11941652 ], [ -122.751508083, 48.119416521 ], [ -122.751508083, 48.119416522 ], [ -122.751508084, 48.119416523 ], [ -122.751602876, 48.119557841 ], [ -122.751502223, 48.119484448 ], [ -122.751393391, 48.119345445 ], [ -122.75126028, 48.119175431 ], [ -122.751260281, 48.11917543 ], [ -122.751260281, 48.119175429 ], [ -122.751260281, 48.119175428 ], [ -122.751260282, 48.119175427 ], [ -122.751260282, 48.119175426 ], [ -122.751260281, 48.119175425 ], [ -122.751260281, 48.119175424 ], [ -122.751260281, 48.119175423 ], [ -122.75126028, 48.119175423 ], [ -122.751138485, 48.119019851 ], [ -122.751138484, 48.11901985 ], [ -122.751014834, 48.118907423 ], [ -122.751014834, 48.118907422 ], [ -122.751014833, 48.118907421 ], [ -122.751014832, 48.118907421 ], [ -122.751014831, 48.11890742 ], [ -122.751014829, 48.11890742 ], [ -122.751014828, 48.118907419 ], [ -122.751014827, 48.118907419 ], [ -122.751014826, 48.118907419 ] ] ], [ [ [ -122.754617952, 48.122605632 ], [ -122.754618751, 48.122606436 ], [ -122.754918429, 48.122885911 ], [ -122.754997877, 48.122957583 ], [ -122.755111074, 48.123079009 ], [ -122.755111074, 48.12307901 ], [ -122.755111074, 48.123079011 ], [ -122.755111074, 48.123079012 ], [ -122.755111075, 48.123079012 ], [ -122.755111075, 48.123079013 ], [ -122.755111076, 48.123079014 ], [ -122.755111076, 48.123079015 ], [ -122.75512405, 48.123092913 ], [ -122.75512405, 48.123092914 ], [ -122.755124936, 48.123093796 ], [ -122.755132215, 48.123100419 ], [ -122.75483136, 48.122847848 ], [ -122.754502944, 48.122541588 ], [ -122.75417822, 48.122224311 ], [ -122.754058551, 48.122105984 ], [ -122.753830799, 48.121883688 ], [ -122.754067146, 48.122094194 ], [ -122.754067171, 48.122094221 ], [ -122.754067172, 48.122094221 ], [ -122.754334088, 48.122331955 ], [ -122.754350376, 48.12234646 ], [ -122.754550559, 48.122524754 ], [ -122.754560738, 48.122533821 ], [ -122.754564399, 48.12253842 ], [ -122.754617315, 48.122604889 ], [ -122.754617316, 48.122604889 ], [ -122.754617952, 48.122605631 ], [ -122.754617952, 48.122605632 ] ] ], [ [ [ -122.753238182, 48.143144786 ], [ -122.753244416, 48.14329079 ], [ -122.75325869, 48.143625122 ], [ -122.753258684, 48.1436251 ], [ -122.753238177, 48.14314479 ], [ -122.753238182, 48.143144786 ] ] ], [ [ [ -122.753900891, 48.144514107 ], [ -122.753559482, 48.144360579 ], [ -122.75355947, 48.144360555 ], [ -122.753900891, 48.144514107 ] ] ], [ [ [ -122.754120296, 48.144236669 ], [ -122.754120297, 48.144236669 ], [ -122.754122532, 48.14423804 ], [ -122.754122533, 48.144238041 ], [ -122.754124419, 48.144238931 ], [ -122.75412442, 48.144238931 ], [ -122.754201289, 48.144270943 ], [ -122.754297497, 48.144311012 ], [ -122.754299042, 48.144311582 ], [ -122.754299043, 48.144311582 ], [ -122.754300275, 48.144311971 ], [ -122.754300276, 48.144311972 ], [ -122.754302387, 48.144312488 ], [ -122.754302388, 48.144312488 ], [ -122.754304572, 48.144312848 ], [ -122.754361713, 48.144319969 ], [ -122.754618593, 48.144351983 ], [ -122.754628244, 48.144360909 ], [ -122.754921977, 48.144632518 ], [ -122.754921978, 48.144632519 ], [ -122.754921979, 48.144632519 ], [ -122.75492198, 48.14463252 ], [ -122.754921981, 48.14463252 ], [ -122.754921983, 48.144632521 ], [ -122.754921984, 48.144632521 ], [ -122.754921985, 48.144632521 ], [ -122.754921986, 48.144632522 ], [ -122.754921988, 48.144632522 ], [ -122.754921989, 48.144632522 ], [ -122.754921991, 48.144632521 ], [ -122.754922007, 48.14463252 ], [ -122.755184134, 48.144874895 ], [ -122.755207409, 48.144896422 ], [ -122.755155002, 48.144871243 ], [ -122.755155001, 48.144871242 ], [ -122.755154999, 48.144871242 ], [ -122.755154998, 48.144871241 ], [ -122.755154997, 48.144871241 ], [ -122.75461383, 48.144803893 ], [ -122.754196048, 48.144677554 ], [ -122.75407545, 48.144566348 ], [ -122.754075449, 48.144566347 ], [ -122.754075448, 48.144566346 ], [ -122.754075447, 48.144566346 ], [ -122.754075446, 48.144566345 ], [ -122.754075444, 48.144566345 ], [ -122.754075443, 48.144566344 ], [ -122.754075442, 48.144566344 ], [ -122.754075413, 48.14456634 ], [ -122.753803091, 48.144315318 ], [ -122.753731253, 48.144186915 ], [ -122.753863327, 48.144052853 ], [ -122.75386953, 48.144046561 ], [ -122.753881278, 48.144034636 ], [ -122.753902202, 48.144013398 ], [ -122.753908067, 48.144031909 ], [ -122.753908068, 48.14403191 ], [ -122.753909066, 48.144034118 ], [ -122.753909067, 48.144034119 ], [ -122.75391003, 48.144035514 ], [ -122.753910031, 48.144035515 ], [ -122.753949459, 48.144084997 ], [ -122.75400309, 48.144152305 ], [ -122.75400309, 48.144152306 ], [ -122.754004508, 48.144153837 ], [ -122.754004509, 48.144153838 ], [ -122.754006217, 48.144155235 ], [ -122.75410271, 48.144224106 ], [ -122.754120296, 48.144236669 ] ] ], [ [ [ -122.753989411, 48.144553119 ], [ -122.753986726, 48.144552706 ], [ -122.753986721, 48.144552704 ], [ -122.753989411, 48.144553119 ] ] ] ] } }
]
}
