{
"type": "FeatureCollection",
"name": "kitsap_ui_with_pop_centers",
"crs": { "type": "name", "properties": { "name": "urn:ogc:def:crs:OGC:1.3:CRS84" } },
"features": [
{ "type": "Feature", "properties": { "pop_centers": "Bangor Base CDP,Bremerton UGA,Burley CDP,Chico CDP,Hansville CDP,Kingston CDP,Lofall CDP,Port Gamble Tribal Community CDP,Port Orchard UGA,Poulsbo UGA,Seabeck CDP,Silverdale CDP,Silverdale UGA,South Kitsap UGA,Southworth CDP,Suquamish CDP" }, "geometry": { "type": "MultiPolygon", "coordinates": [ [ [ [ -122.767152387870738, 47.469218928589356 ], [ -122.767060261, 47.469218976 ], [ -122.767057371842938, 47.46593402583364 ], [ -122.76705715, 47.46568149 ], [ -122.76729479, 47.46565575 ], [ -122.76743042, 47.46564328 ], [ -122.76756566, 47.46562945 ], [ -122.76770049, 47.46561402 ], [ -122.76783525, 47.46559699 ], [ -122.76796928, 47.46557838 ], [ -122.76810289, 47.46555818 ], [ -122.77183744, 47.46496876 ], [ -122.772457817268972, 47.46487119687631 ], [ -122.772431107, 47.469174335 ], [ -122.772430847, 47.469216087 ], [ -122.767477861617749, 47.469218754934076 ], [ -122.76722154, 47.46921889 ], [ -122.767152387870738, 47.469218928589356 ] ] ], [ [ [ -122.789139877, 47.494601621 ], [ -122.787350877, 47.494788621 ], [ -122.783480877, 47.494665621 ], [ -122.780862876, 47.495315622 ], [ -122.779401813, 47.497376865 ], [ -122.779188769, 47.492113154 ], [ -122.778580061, 47.48584309 ], [ -122.792180874, 47.476415619 ], [ -122.792307631483609, 47.476329768152134 ], [ -122.79217001, 47.47626589 ], [ -122.79208409, 47.47618866 ], [ -122.79221198, 47.47610079 ], [ -122.79221197983172, 47.476100789863423 ], [ -122.792211984, 47.476100787 ], [ -122.789832609400875, 47.474169855041431 ], [ -122.78980238196381, 47.474145321593888 ], [ -122.789877488621428, 47.474091544415053 ], [ -122.79048481, 47.47365672 ], [ -122.79338909, 47.4715772 ], [ -122.793436187632352, 47.471607321768396 ], [ -122.793462902690464, 47.471624410807792 ], [ -122.79624338, 47.47346011 ], [ -122.79609213, 47.47356458 ], [ -122.794258, 47.47482807 ], [ -122.794518740546977, 47.474832218797225 ], [ -122.799264529, 47.471617971 ], [ -122.800183630721079, 47.471619573545979 ], [ -122.79982718, 47.47138174 ], [ -122.79935124, 47.47131915 ], [ -122.79898066, 47.47157446 ], [ -122.79893736, 47.47160228 ], [ -122.79851386, 47.47190138 ], [ -122.79847597, 47.47187235 ], [ -122.798419801120275, 47.471836428265121 ], [ -122.795707451266665, 47.470101449089547 ], [ -122.79576125, 47.47006278 ], [ -122.797236148746592, 47.469002677720667 ], [ -122.798481802323494, 47.468107351486246 ], [ -122.79852587, 47.46813554 ], [ -122.80048681, 47.46938985 ], [ -122.80051535, 47.46957677 ], [ -122.80054729, 47.4701939 ], [ -122.80056486, 47.47049249 ], [ -122.80058452, 47.47087104 ], [ -122.80059386, 47.47105689 ], [ -122.800621404176184, 47.471620336847884 ], [ -122.800788961, 47.471620629 ], [ -122.800953877, 47.484105619 ], [ -122.797070877, 47.488787619 ], [ -122.790469877, 47.49402762 ], [ -122.789139877, 47.494601621 ] ] ], [ [ [ -122.753762908470563, 47.508090629993859 ], [ -122.753431028986569, 47.508318719321956 ], [ -122.75250333, 47.50769804 ], [ -122.75167872, 47.50826386 ], [ -122.751678720073542, 47.508263860949548 ], [ -122.75167872, 47.508263861 ], [ -122.751680774614783, 47.508290391094256 ], [ -122.75178484, 47.50963418 ], [ -122.751707791430547, 47.50963121413394 ], [ -122.747851899686665, 47.509482745180456 ], [ -122.747805352169337, 47.508766788290522 ], [ -122.747761840534423, 47.50809745970593 ], [ -122.74776012, 47.50807096 ], [ -122.74773033, 47.50761274 ], [ -122.74772661962578, 47.50755566528786 ], [ -122.74771242, 47.507337236 ], [ -122.747344343252649, 47.507589769470087 ], [ -122.74716378, 47.50771365 ], [ -122.74711765, 47.5077453 ], [ -122.746940429766667, 47.507628169410218 ], [ -122.744116550027769, 47.505761670001256 ], [ -122.74632284, 47.50586152 ], [ -122.746507420211671, 47.505869866126162 ], [ -122.74658668, 47.505873453 ], [ -122.74718589, 47.506274435 ], [ -122.747363576149581, 47.506209374743328 ], [ -122.74743982, 47.50618146 ], [ -122.74881512, 47.50567789 ], [ -122.748815118217124, 47.505677888751265 ], [ -122.748815123, 47.505677887 ], [ -122.746528641978088, 47.504076372731284 ], [ -122.7463213, 47.50393114 ], [ -122.746321286889938, 47.503917975622826 ], [ -122.746320453397701, 47.503011643197333 ], [ -122.746319740003486, 47.502231553804044 ], [ -122.746861634464324, 47.502611097223273 ], [ -122.74972407, 47.50461597 ], [ -122.750040332972205, 47.50483746081909 ], [ -122.75010333, 47.504881584 ], [ -122.750285235693227, 47.504769134467928 ], [ -122.75064407, 47.50454732 ], [ -122.75070677, 47.50450856 ], [ -122.75126501, 47.50416347 ], [ -122.75139516, 47.50408301 ], [ -122.751412148612957, 47.504072505196611 ], [ -122.751444554, 47.504052473 ], [ -122.752240961583283, 47.504319332778124 ], [ -122.75240175, 47.50437321 ], [ -122.7525343, 47.50437974 ], [ -122.752779163437282, 47.504391793186947 ], [ -122.755848978393573, 47.50454286424447 ], [ -122.756952525852711, 47.504597161270283 ], [ -122.757274029919103, 47.504612983025126 ], [ -122.757274029637557, 47.504612993552428 ], [ -122.757275705, 47.504613076 ], [ -122.757273985282694, 47.504614652025474 ], [ -122.75726478883621, 47.504958516466324 ], [ -122.757265944, 47.504957477 ], [ -122.757265930754016, 47.504958296196229 ], [ -122.757245768, 47.505669652 ], [ -122.757241869574173, 47.50644635666206 ], [ -122.757241862344088, 47.506446803805687 ], [ -122.757241860011135, 47.506447267783471 ], [ -122.755616586, 47.506376726 ], [ -122.755558395, 47.506856654 ], [ -122.754590059881409, 47.507522157344503 ], [ -122.754589502660522, 47.507522536879719 ], [ -122.753762908470563, 47.508090629993859 ] ] ], [ [ [ -122.776277868, 47.506641978 ], [ -122.775970138, 47.506637079 ], [ -122.776235623, 47.504806902 ], [ -122.776538232, 47.50480504 ], [ -122.776277868, 47.506641978 ] ] ], [ [ [ -122.73631083, 47.51214286 ], [ -122.73630691, 47.51196856 ], [ -122.73630042, 47.51168461 ], [ -122.73628587, 47.51092878 ], [ -122.73627828, 47.51058612 ], [ -122.73627383, 47.51039126 ], [ -122.73627244, 47.51032569 ], [ -122.73626892, 47.51016121 ], [ -122.73626306, 47.50990011 ], [ -122.73625678, 47.50962467 ], [ -122.73625065, 47.50935032 ], [ -122.73624496, 47.50909549 ], [ -122.7370526, 47.50912195 ], [ -122.73802807, 47.50915393 ], [ -122.739172629316087, 47.509189616942017 ], [ -122.739173074, 47.509191358 ], [ -122.741392869, 47.509263981 ], [ -122.741405823301065, 47.509577283765317 ], [ -122.74143716, 47.51033523 ], [ -122.741441499295718, 47.510440115941115 ], [ -122.741463829, 47.510980165 ], [ -122.741463829815828, 47.510980165545959 ], [ -122.74146383, 47.51098017 ], [ -122.741956165257918, 47.511309638538158 ], [ -122.742183528524137, 47.511461791012344 ], [ -122.74150304, 47.51192856 ], [ -122.741510885070269, 47.512118246699124 ], [ -122.741518729, 47.512307925 ], [ -122.741216041, 47.512515546 ], [ -122.740899366, 47.512303626 ], [ -122.736342750300679, 47.515428784425488 ], [ -122.73634270354971, 47.515428816178321 ], [ -122.73634089, 47.51543006 ], [ -122.7363408900016, 47.515430060313058 ], [ -122.736340889, 47.515430061 ], [ -122.736342815605411, 47.515804403148749 ], [ -122.73634583, 47.51639041 ], [ -122.736350293798139, 47.51725742654947 ], [ -122.736364415, 47.520001196 ], [ -122.729475352170127, 47.520029356858096 ], [ -122.72944033, 47.5200295 ], [ -122.729440348161319, 47.520029489946197 ], [ -122.729440335, 47.52002949 ], [ -122.729440048771053, 47.520029658442915 ], [ -122.728407285, 47.520601348 ], [ -122.728432739734245, 47.520622449880058 ], [ -122.726908019, 47.521519733 ], [ -122.726908027511058, 47.521519740056533 ], [ -122.726908024, 47.521519742 ], [ -122.726956970986066, 47.521560319263344 ], [ -122.727087262, 47.521668344 ], [ -122.725249551660667, 47.522529023333497 ], [ -122.725183493, 47.52247426 ], [ -122.724066261872892, 47.523083209183184 ], [ -122.722382649, 47.523871718 ], [ -122.720090399, 47.524311438 ], [ -122.72119813, 47.521361474 ], [ -122.721192973, 47.520020702 ], [ -122.721190827408861, 47.520020692208547 ], [ -122.715607798, 47.519969193 ], [ -122.713237807923988, 47.519984398442311 ], [ -122.713237711, 47.519984398 ], [ -122.713206411, 47.523503942 ], [ -122.713206421006987, 47.523503941213505 ], [ -122.713206421, 47.523503942 ], [ -122.713628929, 47.523493019 ], [ -122.713627679220892, 47.523470832667392 ], [ -122.714506745, 47.523401743 ], [ -122.714219701, 47.525425227 ], [ -122.711876675, 47.525419612 ], [ -122.711860805, 47.528316241 ], [ -122.711860800345477, 47.528316250869267 ], [ -122.711634212, 47.528315444 ], [ -122.711459871767602, 47.529166364326265 ], [ -122.711459854, 47.529166402 ], [ -122.707888819, 47.529162898 ], [ -122.707867873, 47.530768631 ], [ -122.706466873, 47.531121632 ], [ -122.707605215, 47.534517667 ], [ -122.70527879, 47.53452498 ], [ -122.705223682, 47.538161891 ], [ -122.703620533, 47.538166928 ], [ -122.703620533178906, 47.538166937999442 ], [ -122.703620533, 47.538166938 ], [ -122.703620823979179, 47.538183191988445 ], [ -122.703636787, 47.539075429 ], [ -122.702591067, 47.539077467 ], [ -122.702641103, 47.541802533 ], [ -122.69999354, 47.54180658 ], [ -122.70004555, 47.545441247 ], [ -122.697391515, 47.545443476 ], [ -122.697391515125105, 47.545443485999897 ], [ -122.697391515, 47.545443486 ], [ -122.69739158619447, 47.545449166995908 ], [ -122.697397196, 47.545897592 ], [ -122.694742357, 47.545899512 ], [ -122.694737467, 47.545445643 ], [ -122.685188165, 47.545465366 ], [ -122.679538982, 47.545475802 ], [ -122.678928135805435, 47.547426589640594 ], [ -122.67873081, 47.547424938 ], [ -122.678732244904765, 47.548052183368299 ], [ -122.678732235, 47.548052215 ], [ -122.673490943, 47.548049647 ], [ -122.673490932925205, 47.548049648037797 ], [ -122.673485139, 47.547355404 ], [ -122.673360644, 47.547527039 ], [ -122.673039476, 47.547960463 ], [ -122.672845045, 47.548034413 ], [ -122.672192875223743, 47.548183360221152 ], [ -122.67219279, 47.548183369 ], [ -122.672192775280308, 47.548183393098199 ], [ -122.672061584, 47.548287772 ], [ -122.671957577, 47.54840918 ], [ -122.671656583462791, 47.549061214845274 ], [ -122.67165654, 47.549061286 ], [ -122.670169768, 47.549049819 ], [ -122.670169767829179, 47.549049831131221 ], [ -122.670096176, 47.54996802 ], [ -122.670148185975535, 47.550582566022626 ], [ -122.670111439, 47.553192322 ], [ -122.67062203, 47.553349932 ], [ -122.670536374, 47.557598834 ], [ -122.669560601, 47.557836904 ], [ -122.669560612061346, 47.557836912844024 ], [ -122.669560602, 47.557836914 ], [ -122.66955984, 47.558113832 ], [ -122.669970963, 47.558177247 ], [ -122.66996861, 47.55832284 ], [ -122.670166628, 47.558372272 ], [ -122.670658095694236, 47.55871439871941 ], [ -122.671790559262163, 47.55961985257354 ], [ -122.671842881, 47.559722416 ], [ -122.672230262, 47.560009828 ], [ -122.672488359, 47.560217995 ], [ -122.672685291, 47.560387312 ], [ -122.673082756825792, 47.560653020701345 ], [ -122.673082846, 47.560653092 ], [ -122.673058590494776, 47.560963546213863 ], [ -122.673037463, 47.560956264 ], [ -122.673031819334867, 47.561306199122029 ], [ -122.673031807, 47.561306357 ], [ -122.672454303, 47.562146347 ], [ -122.672453521455239, 47.562146357226659 ], [ -122.672171918, 47.562146439 ], [ -122.672171859892941, 47.562150042820825 ], [ -122.670313256, 47.562174363 ], [ -122.670290404, 47.563602436 ], [ -122.667665968, 47.563603887 ], [ -122.6676438, 47.565506236 ], [ -122.663793701, 47.565515693 ], [ -122.663781585, 47.563688183 ], [ -122.664325264, 47.563687897 ], [ -122.664445495993292, 47.561492334511364 ], [ -122.664454535, 47.561492337 ], [ -122.664457011195964, 47.561282054815152 ], [ -122.664457024, 47.561281821 ], [ -122.664457014394202, 47.561281783216046 ], [ -122.664467026, 47.560431583 ], [ -122.664250500980799, 47.560469472423613 ], [ -122.664145996, 47.560058407 ], [ -122.662496914, 47.560063599 ], [ -122.662475976, 47.556201129 ], [ -122.659469262, 47.556230451 ], [ -122.659308962, 47.554990072 ], [ -122.658552655, 47.554216315 ], [ -122.658558543, 47.55330998 ], [ -122.660899592, 47.552088697 ], [ -122.663058041, 47.550813855 ], [ -122.66380413, 47.550632511 ], [ -122.668175546, 47.548319753 ], [ -122.670820256, 47.547628439 ], [ -122.673004804, 47.546527234 ], [ -122.674585069, 47.544118709 ], [ -122.675320796, 47.543317813 ], [ -122.675699108, 47.54266142 ], [ -122.67558657188259, 47.540617691837852 ], [ -122.67541959, 47.54010117 ], [ -122.67539312, 47.53945257 ], [ -122.67538331, 47.53921167 ], [ -122.67538825, 47.53919766 ], [ -122.67540712, 47.53914726 ], [ -122.67542735, 47.53909706 ], [ -122.67544894, 47.5390473 ], [ -122.67547189, 47.53899751 ], [ -122.675494764256982, 47.538950406398648 ], [ -122.675486586, 47.538801884 ], [ -122.675600292229802, 47.538713856928837 ], [ -122.67593103, 47.53823618 ], [ -122.67602161, 47.53814952 ], [ -122.67612911, 47.53813144 ], [ -122.67617599, 47.53808942 ], [ -122.6762236, 47.53804854 ], [ -122.6762719, 47.5380081 ], [ -122.67632157, 47.53796832 ], [ -122.67637195, 47.53792922 ], [ -122.67642371, 47.53789077 ], [ -122.67647615, 47.53785277 ], [ -122.67652964, 47.53781543 ], [ -122.67658382, 47.53777854 ], [ -122.67663939, 47.53774254 ], [ -122.67669565, 47.53770721 ], [ -122.67675262, 47.53767255 ], [ -122.67681096, 47.53763832 ], [ -122.67686968, 47.537605 ], [ -122.67692943, 47.53757234 ], [ -122.67699023, 47.53754058 ], [ -122.67705172, 47.53750927 ], [ -122.67719554, 47.53738997 ], [ -122.67730332, 47.5373347 ], [ -122.6774316, 47.53728524 ], [ -122.677476652846394, 47.537276259545159 ], [ -122.678593400605763, 47.536926191821067 ], [ -122.6786854474188, 47.536893803938838 ], [ -122.678524639, 47.536933456 ], [ -122.679122824974527, 47.536739906891277 ], [ -122.67942856, 47.53663233 ], [ -122.679529355648697, 47.5366083697891 ], [ -122.680061986954996, 47.536436031554828 ], [ -122.68026552, 47.5363623 ], [ -122.68053543, 47.53626441 ], [ -122.680536344556927, 47.536317135069126 ], [ -122.681515871, 47.536010082 ], [ -122.6828504, 47.535311155 ], [ -122.684355246, 47.534049838 ], [ -122.68994054, 47.531263046 ], [ -122.692305505, 47.530625366 ], [ -122.692752291, 47.530589394 ], [ -122.692472096, 47.530594744 ], [ -122.692748875, 47.53058848 ], [ -122.692767432, 47.530588175 ], [ -122.693826457, 47.530502909 ], [ -122.694968305, 47.529517231 ], [ -122.698227061, 47.528292974 ], [ -122.697666935, 47.527533763 ], [ -122.698369799, 47.526585162 ], [ -122.695908173, 47.526220096 ], [ -122.695647496, 47.527265955 ], [ -122.692878694, 47.526724684 ], [ -122.692270708, 47.527280537 ], [ -122.691553729, 47.526852894 ], [ -122.691994479, 47.526084635 ], [ -122.690294884, 47.526054175 ], [ -122.689997457, 47.526099539 ], [ -122.690100316, 47.526050688 ], [ -122.689396297, 47.526038071 ], [ -122.689399868, 47.525547374 ], [ -122.689400096526285, 47.525547279815733 ], [ -122.690414426, 47.52517653 ], [ -122.691135919, 47.524958328 ], [ -122.69169066, 47.524822001 ], [ -122.691602244328053, 47.524639691986174 ], [ -122.691602254, 47.524639688 ], [ -122.694107153, 47.524316945 ], [ -122.694107162976479, 47.524316946269145 ], [ -122.694124948, 47.524522195 ], [ -122.694687316, 47.524511039 ], [ -122.695112271, 47.524517452 ], [ -122.695571171, 47.524525002 ], [ -122.696022457, 47.524560599 ], [ -122.696022457014791, 47.524560597729739 ], [ -122.696022467, 47.524560599 ], [ -122.696034316, 47.52354325 ], [ -122.697335795004548, 47.523549613682285 ], [ -122.69734219, 47.523549645 ], [ -122.697342190000555, 47.52354964495111 ], [ -122.6973422, 47.523549645 ], [ -122.697488141, 47.516966221 ], [ -122.69748813096588, 47.516966220955915 ], [ -122.697488131, 47.51696622 ], [ -122.697258013227824, 47.516965210045939 ], [ -122.694840527, 47.51695459 ], [ -122.694997996, 47.512313272 ], [ -122.700309347, 47.512341599 ], [ -122.700444169, 47.508704651 ], [ -122.705768149, 47.508769308 ], [ -122.705620657, 47.512370911 ], [ -122.704666232, 47.512365657 ], [ -122.704666152727654, 47.512365772080067 ], [ -122.704374935, 47.512751798 ], [ -122.704368247390505, 47.512798242799832 ], [ -122.703439848, 47.514146005 ], [ -122.703439818657884, 47.514146260311499 ], [ -122.703361563, 47.514652113 ], [ -122.703156628, 47.514868874 ], [ -122.703303835898467, 47.515329472779996 ], [ -122.703303833, 47.515329498 ], [ -122.703303867537983, 47.515329512614962 ], [ -122.703526747, 47.51548951 ], [ -122.703801826, 47.51555404 ], [ -122.704392545, 47.515847007 ], [ -122.704824455, 47.516007794 ], [ -122.705074132, 47.516215313 ], [ -122.705398184264013, 47.516215735955967 ], [ -122.705398208, 47.516215746 ], [ -122.705313159309512, 47.51984119593812 ], [ -122.705311116, 47.519928288 ], [ -122.705311116234611, 47.519928287999413 ], [ -122.705311116, 47.519928298 ], [ -122.710564964, 47.519915129 ], [ -122.710838774, 47.513345735 ], [ -122.713467803, 47.513341047 ], [ -122.713483876, 47.512877506 ], [ -122.713499949, 47.512413975 ], [ -122.713499948653237, 47.512413975000243 ], [ -122.713499949, 47.512413965 ], [ -122.710872937, 47.512415793 ], [ -122.711024922, 47.507421445 ], [ -122.711975171, 47.507423941 ], [ -122.711986425, 47.505365669 ], [ -122.711986505749806, 47.505365652474964 ], [ -122.712109659, 47.505355701 ], [ -122.712534054, 47.505277691 ], [ -122.712942302074893, 47.505170053592892 ], [ -122.712942476, 47.505170018 ], [ -122.716375271, 47.50516922 ], [ -122.716375270876995, 47.505169209998861 ], [ -122.716375271, 47.50516921 ], [ -122.716375138012168, 47.505158406992315 ], [ -122.716364468, 47.504290847 ], [ -122.721285342, 47.504314412 ], [ -122.721285341846723, 47.504314401999267 ], [ -122.721285342, 47.504314402 ], [ -122.72127846250001, 47.503865559499999 ], [ -122.721271583, 47.503416707 ], [ -122.716353433, 47.503394357 ], [ -122.716353450070145, 47.503394170663455 ], [ -122.716392005, 47.503133775 ], [ -122.716389857460882, 47.502996750212318 ], [ -122.716389866, 47.502996657 ], [ -122.718343868, 47.501525629 ], [ -122.719808868, 47.500752628 ], [ -122.721983868, 47.500318628 ], [ -122.725670869, 47.500107628 ], [ -122.726786869, 47.499758628 ], [ -122.727989869, 47.499378628 ], [ -122.730178869, 47.499357627 ], [ -122.730405869, 47.498903627 ], [ -122.731808869, 47.498935627 ], [ -122.73520887, 47.498373627 ], [ -122.73503287, 47.500274627 ], [ -122.73362587, 47.500961627 ], [ -122.734313871, 47.503101627 ], [ -122.733898871, 47.503702627 ], [ -122.734019871, 47.504877627 ], [ -122.734999871, 47.505978627 ], [ -122.735296872, 47.506850627 ], [ -122.735172872, 47.509206627 ], [ -122.733940873, 47.514264628 ], [ -122.735035874, 47.515760628 ], [ -122.73633662158845, 47.514865465563133 ], [ -122.73633451, 47.51458616 ], [ -122.73633439, 47.51416665 ], [ -122.73633219, 47.51373915 ], [ -122.73633078, 47.51346529 ], [ -122.7363271, 47.51319222 ], [ -122.73632252, 47.51266793 ], [ -122.73631083, 47.51214286 ] ], [ [ -122.736340889909172, 47.515430047986541 ], [ -122.736340884, 47.515430052 ], [ -122.736340884062116, 47.515430064071943 ], [ -122.73634089, 47.51543006 ], [ -122.736340889909172, 47.515430047986541 ] ] ], [ [ [ -122.736237530455682, 47.548897889999786 ], [ -122.73632024099976, 47.545317460010587 ], [ -122.741508958986472, 47.545372389989268 ], [ -122.741485005336685, 47.54889543000219 ], [ -122.736237530455682, 47.548897889999786 ] ] ], [ [ [ -122.804988812735175, 47.545739771743946 ], [ -122.805188616, 47.54574549 ], [ -122.805188616003875, 47.54574548988564 ], [ -122.80518862, 47.54574549 ], [ -122.80506695, 47.54932755 ], [ -122.79979196, 47.54926678 ], [ -122.79994223, 47.54565982 ], [ -122.79469739, 47.54560647 ], [ -122.794698679402089, 47.545565053732993 ], [ -122.794700463, 47.545507863 ], [ -122.797143521442507, 47.545546930828962 ], [ -122.79965276, 47.54558706 ], [ -122.804988812735175, 47.545739771743946 ] ] ], [ [ [ -122.77299752, 47.56343643 ], [ -122.772997535966198, 47.563436047902137 ], [ -122.772997539, 47.563436048 ], [ -122.772997526649164, 47.563436430079349 ], [ -122.77299752, 47.56343643 ] ] ], [ [ [ -122.77314768, 47.55984285 ], [ -122.77831031, 47.55989824 ], [ -122.778310310035863, 47.559898237968198 ], [ -122.778310313, 47.559898238 ], [ -122.778345773034204, 47.557889692499558 ], [ -122.77837389, 47.55629721 ], [ -122.78360285, 47.55633338 ], [ -122.7835746, 47.55993143 ], [ -122.78354635, 47.56352947 ], [ -122.778285143011928, 47.56349953001714 ], [ -122.778285143, 47.563499528 ], [ -122.772997539, 47.563436048 ], [ -122.773053126470444, 47.562105674139374 ], [ -122.77314768, 47.55984285 ] ] ], [ [ [ -122.706326583, 47.559973633 ], [ -122.706673886, 47.559973633999974 ], [ -122.706673887, 47.559973634 ], [ -122.706673887, 47.559973633999974 ], [ -122.706673897, 47.559973634 ], [ -122.70673251, 47.557537096 ], [ -122.705514517, 47.557512129 ], [ -122.705514512001002, 47.557512026440449 ], [ -122.705567041, 47.556329735 ], [ -122.705456879204903, 47.556329629459675 ], [ -122.705281969, 47.552741164 ], [ -122.710552511, 47.552659041 ], [ -122.710641318, 47.549170106 ], [ -122.712518984, 47.549169586 ], [ -122.715413881, 47.557640632 ], [ -122.715069884, 47.570873633 ], [ -122.711806649, 47.570883 ], [ -122.711806652368537, 47.570883009990972 ], [ -122.711806649, 47.57088301 ], [ -122.711909685, 47.571220637 ], [ -122.711961249924272, 47.571341540741898 ], [ -122.712062631671202, 47.57164223533136 ], [ -122.71197192, 47.571662862 ], [ -122.712276213654249, 47.572275711757364 ], [ -122.712276237, 47.572275781 ], [ -122.711849137, 47.57227627 ], [ -122.71126347, 47.570884446 ], [ -122.71126157301687, 47.570884444015391 ], [ -122.710458433, 47.57087937 ], [ -122.71045881138474, 47.570883604171414 ], [ -122.710215282636611, 47.570883349393227 ], [ -122.710214955, 47.570879683 ], [ -122.708633369584675, 47.570881694406133 ], [ -122.708629158, 47.57088169 ], [ -122.708911839, 47.56827507 ], [ -122.708571198, 47.565857286 ], [ -122.708096909, 47.565309407 ], [ -122.705269843, 47.565390898 ], [ -122.705324409, 47.561712219 ], [ -122.706326583, 47.559973633 ] ] ], [ [ [ -122.705267422348626, 47.565542844343547 ], [ -122.705267796, 47.565528194 ], [ -122.705267820829832, 47.565526520060459 ], [ -122.705267848, 47.565525407 ], [ -122.705802222, 47.565514135 ], [ -122.705267196, 47.565552117 ], [ -122.705267422348626, 47.565542844343547 ] ] ], [ [ [ -122.708543046, 47.566665846 ], [ -122.708540112, 47.566488584 ], [ -122.708555913, 47.566556054 ], [ -122.708543046, 47.566665846 ] ] ], [ [ [ -122.772997521334986, 47.563436594475831 ], [ -122.772997508, 47.563437007 ], [ -122.772997508, 47.563436429857475 ], [ -122.77299752, 47.56343643 ], [ -122.772997521334986, 47.563436594475831 ] ] ], [ [ [ -122.773026178410149, 47.567032763528907 ], [ -122.76246737, 47.566903988 ], [ -122.762467370025121, 47.566903990000306 ], [ -122.76246737, 47.56690399 ], [ -122.762467511761372, 47.566915273 ], [ -122.762489936, 47.568700368 ], [ -122.762489939975481, 47.568700368049086 ], [ -122.76248994, 47.56870037 ], [ -122.7625125, 47.57049673 ], [ -122.75724081, 47.57043047 ], [ -122.75721427, 47.56863484 ], [ -122.75718772, 47.56683922 ], [ -122.75454701, 47.56685887 ], [ -122.7519063, 47.56687846 ], [ -122.74662486, 47.56691746 ], [ -122.74663058, 47.56509746 ], [ -122.74663586, 47.56328867 ], [ -122.751841481445922, 47.563288194034804 ], [ -122.75188561, 47.563288191 ], [ -122.751980090265306, 47.563287466814614 ], [ -122.75451026, 47.5632681 ], [ -122.756788308014194, 47.563250612123205 ], [ -122.757131184, 47.563247984 ], [ -122.772997508, 47.563437007 ], [ -122.773026708999907, 47.567032769987826 ], [ -122.773026178410149, 47.567032763528907 ] ] ], [ [ [ -122.708375658131203, 47.621729990227358 ], [ -122.708499309439972, 47.621450479536897 ], [ -122.70850134, 47.62144044 ], [ -122.70851568, 47.62137097 ], [ -122.70858308, 47.62112563 ], [ -122.70841628, 47.62083243 ], [ -122.70827241, 47.62046924 ], [ -122.708261947278757, 47.620428634865625 ], [ -122.70788829611358, 47.619619422796085 ], [ -122.70786041, 47.6195693 ], [ -122.70773987, 47.61935257 ], [ -122.70760348, 47.6190463 ], [ -122.70752341, 47.61887544 ], [ -122.70745934, 47.61872423 ], [ -122.70738947, 47.6184825 ], [ -122.70734041, 47.61816757 ], [ -122.70728241, 47.61791757 ], [ -122.70735974, 47.6174707 ], [ -122.70746262, 47.61710931 ], [ -122.70775723, 47.61672405 ], [ -122.70788748, 47.6166265 ], [ -122.70817694, 47.6163939 ], [ -122.708438845161936, 47.616232236889658 ], [ -122.70907533658719, 47.615612316837627 ], [ -122.70909014, 47.6155769 ], [ -122.70911374, 47.6153879 ], [ -122.709119381782898, 47.615225120128898 ], [ -122.709139833605221, 47.614412127364105 ], [ -122.70912708, 47.6143895 ], [ -122.70912588, 47.61416464 ], [ -122.70916673853722, 47.61406063159103 ], [ -122.709302085002363, 47.613369807068793 ], [ -122.70930894, 47.6132919 ], [ -122.70932461, 47.61311364 ], [ -122.70934488, 47.61286917 ], [ -122.70938501, 47.61276184 ], [ -122.70946561, 47.6124427 ], [ -122.70948521, 47.6123049 ], [ -122.70949934, 47.61223023 ], [ -122.70952874, 47.61213217 ], [ -122.70956207, 47.61197044 ], [ -122.709585271342348, 47.611924390169072 ], [ -122.709637747506207, 47.611656545561537 ], [ -122.70963774, 47.6116565 ], [ -122.709637158137213, 47.6116560812616 ], [ -122.709201330247382, 47.611357660929691 ], [ -122.70919794, 47.6113555 ], [ -122.70904247, 47.6112861 ], [ -122.70885361, 47.61114537 ], [ -122.70868121, 47.6110211 ], [ -122.70860227, 47.61096437 ], [ -122.70842781, 47.61080277 ], [ -122.70829674, 47.6106249 ], [ -122.70821774, 47.61051777 ], [ -122.70811881, 47.6103443 ], [ -122.70803561, 47.61017057 ], [ -122.70795054, 47.60996583 ], [ -122.707950555491948, 47.60996569342457 ], [ -122.707987850375105, 47.608906486093254 ], [ -122.70796441, 47.60882064 ], [ -122.70786508, 47.6086369 ], [ -122.707763147295069, 47.608520587275535 ], [ -122.707393661053615, 47.608305497558511 ], [ -122.70739354, 47.60830543 ], [ -122.70739141, 47.6082539 ], [ -122.70744747452035, 47.608193759274954 ], [ -122.707951207280828, 47.607501762099361 ], [ -122.70809541, 47.60719864 ], [ -122.708129393477535, 47.607085589436558 ], [ -122.708064953013462, 47.60581687749545 ], [ -122.70806427, 47.6058125 ], [ -122.70801587, 47.60547543 ], [ -122.707991893884241, 47.605344529073989 ], [ -122.707627572854349, 47.604422751294244 ], [ -122.70762754, 47.6044227 ], [ -122.707627494962111, 47.604422663393507 ], [ -122.706561982912817, 47.60380267919507 ], [ -122.70655974, 47.60380204 ], [ -122.70633101, 47.60368983 ], [ -122.706250713202891, 47.603621562236569 ], [ -122.7059598972901, 47.603452346627321 ], [ -122.7059598, 47.6034523 ], [ -122.70580694, 47.6032857 ], [ -122.70568007, 47.6031357 ], [ -122.70556434, 47.60299684 ], [ -122.70550327, 47.60285677 ], [ -122.70544247, 47.60270917 ], [ -122.70543367, 47.60268417 ], [ -122.705426976501883, 47.602665049669483 ], [ -122.704984654362462, 47.602011531906953 ], [ -122.70497387, 47.60200463 ], [ -122.70489778, 47.60196684 ], [ -122.704922256790937, 47.601919341356904 ], [ -122.704870422, 47.601842757 ], [ -122.703915932, 47.603128294 ], [ -122.702913261, 47.603593235 ], [ -122.701370001, 47.603522095 ], [ -122.700423287, 47.603843698 ], [ -122.697957539, 47.602827887 ], [ -122.69778341, 47.602218631 ], [ -122.696294724, 47.602377633 ], [ -122.695194774, 47.604061677 ], [ -122.695388943, 47.604806003 ], [ -122.694152461, 47.607449733 ], [ -122.694151448, 47.608033012 ], [ -122.693290925, 47.6087247 ], [ -122.69138686, 47.609498689 ], [ -122.689009221, 47.609011897 ], [ -122.688590411, 47.608035626 ], [ -122.687139554, 47.606180972 ], [ -122.685910086, 47.605753249 ], [ -122.686746227, 47.605155708 ], [ -122.686430747, 47.603088109 ], [ -122.686788749, 47.60177017 ], [ -122.686928401, 47.599394842 ], [ -122.687799796, 47.597650823 ], [ -122.688543841, 47.597051119 ], [ -122.689144955, 47.597250757 ], [ -122.68962806, 47.598576444 ], [ -122.691115592, 47.598515775 ], [ -122.691474465, 47.598984311 ], [ -122.693624213, 47.598820962 ], [ -122.693161608, 47.597297028 ], [ -122.691208728, 47.596410887 ], [ -122.699067567, 47.596355747 ], [ -122.699115636, 47.59281175 ], [ -122.699589913, 47.58095442 ], [ -122.701090647, 47.580943836 ], [ -122.701090656182231, 47.580943899589329 ], [ -122.701080326, 47.581873492 ], [ -122.701224750990107, 47.581872541413951 ], [ -122.70138987, 47.583016034 ], [ -122.703162257, 47.583004405 ], [ -122.70429375, 47.582669923 ], [ -122.70431303, 47.58092111 ], [ -122.707929134782077, 47.580932817871577 ], [ -122.707926495, 47.580992699 ], [ -122.708672017, 47.580992223 ], [ -122.708673961, 47.580948161 ], [ -122.709763588, 47.580954115 ], [ -122.709941768, 47.580955088 ], [ -122.710033321, 47.580952883 ], [ -122.710165227498166, 47.58094005767461 ], [ -122.710165328, 47.580940058 ], [ -122.710165351295217, 47.580940043973484 ], [ -122.710233871, 47.580928688 ], [ -122.710306283, 47.580913024 ], [ -122.710403407, 47.580885547 ], [ -122.710490533, 47.580853851 ], [ -122.710576, 47.580815148 ], [ -122.710660805, 47.580767712 ], [ -122.710796398, 47.58067393 ], [ -122.711085456, 47.580469347 ], [ -122.711636344, 47.580079444 ], [ -122.712129183307852, 47.579757580925616 ], [ -122.712129424, 47.579757436 ], [ -122.713653491, 47.579770196 ], [ -122.714899295908552, 47.581251074500052 ], [ -122.714906302, 47.581289998 ], [ -122.714914944, 47.581365249 ], [ -122.714919333, 47.581568362 ], [ -122.715162325, 47.581563744 ], [ -122.71516232736225, 47.581563737921066 ], [ -122.715162335, 47.581563747 ], [ -122.715162341848895, 47.581563700641716 ], [ -122.715463077, 47.580789801 ], [ -122.715551547832987, 47.578929272661327 ], [ -122.715551563, 47.57892917 ], [ -122.716468886, 47.578360633 ], [ -122.723289888, 47.583016632 ], [ -122.72162589, 47.591567633 ], [ -122.72287589, 47.593268633 ], [ -122.725560892, 47.596921633 ], [ -122.726484892, 47.599062633 ], [ -122.727552893, 47.599646633 ], [ -122.727379893, 47.601701633 ], [ -122.726747106521458, 47.606860659630001 ], [ -122.730224, 47.60688263 ], [ -122.73036003, 47.61783362 ], [ -122.73035504, 47.62124261 ], [ -122.73523403, 47.6212896 ], [ -122.73528404, 47.6249096 ], [ -122.73533505, 47.62849659 ], [ -122.73536205, 47.63039959 ], [ -122.73532705, 47.63049259 ], [ -122.73535806, 47.63133659 ], [ -122.73534706, 47.63212859 ], [ -122.73530107, 47.63565758 ], [ -122.7352006, 47.6357228 ], [ -122.7350892, 47.63573287 ], [ -122.73510408, 47.63586981 ], [ -122.73510394, 47.63629372 ], [ -122.7351038, 47.63671787 ], [ -122.73510366, 47.63714178 ], [ -122.73510352, 47.6375657 ], [ -122.73510346, 47.63802389 ], [ -122.73510341, 47.63848231 ], [ -122.73510336, 47.63894051 ], [ -122.7351033, 47.6393987 ], [ -122.73522596, 47.63939681 ], [ -122.73522435, 47.64122892 ], [ -122.73522396, 47.6430658 ], [ -122.73522018, 47.64669632 ], [ -122.73521751, 47.6502242 ], [ -122.73521927, 47.65032266 ], [ -122.73522258, 47.65375524 ], [ -122.73501961, 47.65376233 ], [ -122.73404587, 47.65375401 ], [ -122.73423328, 47.65280319 ], [ -122.73356997, 47.65274482 ], [ -122.73318059, 47.65471939 ], [ -122.73288184, 47.65471711 ], [ -122.73160878, 47.65470608 ], [ -122.730035, 47.65469247 ], [ -122.7300241, 47.65398746 ], [ -122.7300227, 47.65391367 ], [ -122.72990094, 47.65391371 ], [ -122.729424, 47.65391044 ], [ -122.72826427, 47.65390093 ], [ -122.72662711, 47.65388749 ], [ -122.72456415, 47.65387051 ], [ -122.72440918, 47.65386935 ], [ -122.72257874, 47.65385563 ], [ -122.71938655, 47.65383164 ], [ -122.71926713, 47.6538316 ], [ -122.71926813, 47.6538886 ], [ -122.719330909399488, 47.65643267310751 ], [ -122.719356905, 47.657374637 ], [ -122.719330664043014, 47.657374826419804 ], [ -122.71933066, 47.65737577 ], [ -122.71727714, 47.6573906 ], [ -122.71752415, 47.6577486 ], [ -122.71775915, 47.6580416 ], [ -122.71788815, 47.6583566 ], [ -122.71800715, 47.65870359 ], [ -122.71808015, 47.65907859 ], [ -122.71811115, 47.66021259 ], [ -122.71823515, 47.66040159 ], [ -122.71842015, 47.66064859 ], [ -122.71867215, 47.66086859 ], [ -122.71889115, 47.66099059 ], [ -122.71913915, 47.66109859 ], [ -122.71938615, 47.66118059 ], [ -122.71947415, 47.66118959 ], [ -122.72017015, 47.66126659 ], [ -122.72120115, 47.66142058 ], [ -122.72220615, 47.66168758 ], [ -122.72322815, 47.66186858 ], [ -122.72327815, 47.66327058 ], [ -122.72329315, 47.66367458 ], [ -122.72331015, 47.66412258 ], [ -122.72323016, 47.66434158 ], [ -122.72306416, 47.66462158 ], [ -122.72274116, 47.66513458 ], [ -122.72248116, 47.66575858 ], [ -122.72229216, 47.66646058 ], [ -122.72201817, 47.66776857 ], [ -122.72182917, 47.66896557 ], [ -122.72181217, 47.66932757 ], [ -122.72181117, 47.66959357 ], [ -122.72183817, 47.66983857 ], [ -122.72211117, 47.67005957 ], [ -122.72228217, 47.67017757 ], [ -122.72241117, 47.67026657 ], [ -122.72270017, 47.67042557 ], [ -122.72333217, 47.67073257 ], [ -122.72343517, 47.67081857 ], [ -122.72354017, 47.67095257 ], [ -122.72402117, 47.67181757 ], [ -122.72415717, 47.67202756 ], [ -122.72462918, 47.67275356 ], [ -122.72474718, 47.67304756 ], [ -122.72477218, 47.67318556 ], [ -122.72479918, 47.67366656 ], [ -122.72468018, 47.67467156 ], [ -122.72466318, 47.67483456 ], [ -122.72455718, 47.67586056 ], [ -122.72452619, 47.67663256 ], [ -122.724512221488922, 47.67706857709581 ], [ -122.724513911, 47.677068637 ], [ -122.724505912, 47.681135638 ], [ -122.725411912, 47.682130637 ], [ -122.725645204391967, 47.68225178010595 ], [ -122.7265732, 47.68272655 ], [ -122.727913845889915, 47.683429830856049 ], [ -122.729135802923153, 47.684064363637404 ], [ -122.7292002, 47.68409554 ], [ -122.729459138794354, 47.68423226414788 ], [ -122.729665913, 47.684339637 ], [ -122.729670143679726, 47.684345180710892 ], [ -122.7299972, 47.68460054 ], [ -122.7303782, 47.68507854 ], [ -122.7308912, 47.68585553 ], [ -122.7311602, 47.68628753 ], [ -122.731188107551532, 47.68633425892348 ], [ -122.731912933338677, 47.68728404119954 ], [ -122.7319602, 47.68732453 ], [ -122.7329342, 47.68811153 ], [ -122.733934692340895, 47.688958585953529 ], [ -122.734024915, 47.689032637 ], [ -122.734028510121561, 47.689039891982496 ], [ -122.73441321, 47.68950152 ], [ -122.73461221, 47.68990052 ], [ -122.73490021, 47.69046252 ], [ -122.73499121, 47.69071352 ], [ -122.73505921, 47.69092452 ], [ -122.735077798352293, 47.691157363570909 ], [ -122.735079916, 47.691161637 ], [ -122.735139916, 47.693911637 ], [ -122.735154476157476, 47.693966697191577 ], [ -122.73520722, 47.69414251 ], [ -122.73534822, 47.69467951 ], [ -122.735445895894927, 47.695068720064448 ], [ -122.736018917, 47.697235637 ], [ -122.736029113299324, 47.697292194297496 ], [ -122.73627523, 47.69844451 ], [ -122.736894464412984, 47.702092163264247 ], [ -122.736925919, 47.702266637 ], [ -122.737553794, 47.703877684 ], [ -122.737553774699791, 47.703881529183818 ], [ -122.73816224, 47.70498149 ], [ -122.73823174, 47.70507699 ], [ -122.73831524, 47.70517449 ], [ -122.738481151439558, 47.705439392951192 ], [ -122.738483363, 47.705439398 ], [ -122.738520499176673, 47.705502217622652 ], [ -122.73951024, 47.70708249 ], [ -122.74002463413288, 47.708046614995837 ], [ -122.743080922, 47.713216637 ], [ -122.743087360135291, 47.71324169006391 ], [ -122.74337325, 47.71409547 ], [ -122.743436456018429, 47.714600145747205 ], [ -122.743439923, 47.714613637 ], [ -122.743431725266063, 47.714636718324655 ], [ -122.74327226, 47.71518047 ], [ -122.74320126, 47.71543947 ], [ -122.742956386308563, 47.715975070225483 ], [ -122.742951923, 47.715987637 ], [ -122.742947513803813, 47.715992091357613 ], [ -122.74222226, 47.71694847 ], [ -122.740807569205714, 47.718153954447843 ], [ -122.740803923, 47.718157638 ], [ -122.740713923, 47.719269638 ], [ -122.743402924, 47.719524637 ], [ -122.74340328129135, 47.71952626666765 ], [ -122.74358827, 47.71960046 ], [ -122.74369627, 47.71981346 ], [ -122.743776629213485, 47.721229171081987 ], [ -122.743778924, 47.721239638 ], [ -122.744454263935822, 47.721289942716801 ], [ -122.74545427, 47.72131846 ], [ -122.74571027, 47.72132646 ], [ -122.746036508346947, 47.721407800928326 ], [ -122.746204509056497, 47.721420314964099 ], [ -122.74650727, 47.72142245 ], [ -122.74656527, 47.72141645 ], [ -122.746563296431248, 47.721447040315766 ], [ -122.746576301, 47.721448009 ], [ -122.746562410628044, 47.721460770265267 ], [ -122.74655727, 47.72154045 ], [ -122.74655127, 47.72166445 ], [ -122.74643527, 47.72180745 ], [ -122.74616327, 47.72202345 ], [ -122.74583327, 47.72222045 ], [ -122.745576167473629, 47.722366844670582 ], [ -122.744982799, 47.72291198 ], [ -122.744620538501607, 47.723855257171934 ], [ -122.74461527, 47.72389546 ], [ -122.74451728, 47.72419746 ], [ -122.744389480788016, 47.724456900099071 ], [ -122.744365556, 47.724519197 ], [ -122.743154667125509, 47.726778134755421 ], [ -122.74314928, 47.72678946 ], [ -122.74314487685136, 47.72679639871042 ], [ -122.742645003964, 47.727728921720562 ], [ -122.74263438, 47.72784012 ], [ -122.74262317, 47.72786404 ], [ -122.74263374, 47.72793553 ], [ -122.742636502771219, 47.728006530372056 ], [ -122.743518350161935, 47.72922805442321 ], [ -122.74366024, 47.7293593 ], [ -122.743732362405936, 47.729524501525106 ], [ -122.743732427, 47.729524591 ], [ -122.743732403940143, 47.729524596662195 ], [ -122.74373671, 47.72953446 ], [ -122.743575895679683, 47.729563026227957 ], [ -122.7428327, 47.729745513 ], [ -122.743304212, 47.729645512 ], [ -122.74381046, 47.729703393 ], [ -122.742109944, 47.729922982 ], [ -122.741227934004016, 47.73013955361899 ], [ -122.7406833, 47.73045946 ], [ -122.74063497, 47.73049642 ], [ -122.740557050834482, 47.73053508110209 ], [ -122.740206157302737, 47.730801743243347 ], [ -122.74006424, 47.73093004 ], [ -122.740011131870247, 47.730991454957923 ], [ -122.738642949, 47.733568595 ], [ -122.738928337752228, 47.734774140599953 ], [ -122.73894944008353, 47.734803781446814 ], [ -122.739500168069384, 47.735383378949599 ], [ -122.73967031, 47.73554145 ], [ -122.73978986, 47.73563433 ], [ -122.73980604, 47.73565284 ], [ -122.73989784, 47.73573437 ], [ -122.74002311, 47.7358605 ], [ -122.74022878, 47.73601357 ], [ -122.74034344, 47.73613137 ], [ -122.74034368, 47.73624097 ], [ -122.74029645, 47.73627848 ], [ -122.74023622, 47.73630615 ], [ -122.73966532, 47.73643145 ], [ -122.73862832, 47.73681145 ], [ -122.737215674883487, 47.737061397208478 ], [ -122.7371367, 47.737082028 ], [ -122.735975131428589, 47.737137142025119 ], [ -122.73550633, 47.73716946 ], [ -122.73544353, 47.73717424 ], [ -122.735386632907392, 47.737165065062193 ], [ -122.733988191661851, 47.737231418205546 ], [ -122.73394585, 47.73723998 ], [ -122.733868365396887, 47.737250050507463 ], [ -122.733143509262902, 47.737445326421742 ], [ -122.73311191, 47.73747731 ], [ -122.73311124, 47.73747798 ], [ -122.73311033, 47.73747847 ], [ -122.73310999, 47.73747925 ], [ -122.73305371, 47.73753624 ], [ -122.73296957, 47.73772357 ], [ -122.73288464, 47.73789044 ], [ -122.73274004, 47.73808944 ], [ -122.73265258, 47.73819737 ], [ -122.73256564, 47.73830424 ], [ -122.73229951, 47.73852611 ], [ -122.73210698, 47.73868477 ], [ -122.73177311, 47.73893897 ], [ -122.73167414, 47.73900967 ], [ -122.73116234, 47.73922447 ], [ -122.73100034, 47.73927347 ], [ -122.73107362, 47.73946469 ], [ -122.73105218, 47.73948711 ], [ -122.73083511, 47.73964224 ], [ -122.73051971, 47.73988837 ], [ -122.73022258, 47.74008617 ], [ -122.73009311, 47.74019864 ], [ -122.72994798, 47.74032477 ], [ -122.729667678493271, 47.740484904699258 ], [ -122.728925743660554, 47.741188325761591 ], [ -122.72892571, 47.74118837 ], [ -122.728925525066003, 47.741188764670703 ], [ -122.728293885047194, 47.74263868045692 ], [ -122.72824911, 47.74275917 ], [ -122.72810498, 47.74324897 ], [ -122.72808851, 47.74330451 ], [ -122.72806164, 47.74336684 ], [ -122.72797724, 47.74356044 ], [ -122.7279428, 47.74364208 ], [ -122.727930579542786, 47.743637305037034 ], [ -122.727733675, 47.74405227 ], [ -122.727321834, 47.744497369 ], [ -122.727885838434531, 47.743619823110514 ], [ -122.727850450715806, 47.743605995882653 ], [ -122.727266409044361, 47.744528998018374 ], [ -122.72713433, 47.74483804 ], [ -122.72710697, 47.74488824 ], [ -122.72709744, 47.74492435 ], [ -122.726981774006447, 47.745194980723291 ], [ -122.727415676, 47.747210335 ], [ -122.727205810449618, 47.747274760472337 ], [ -122.72719037, 47.74729147 ], [ -122.72712137, 47.74736647 ], [ -122.72649137, 47.74758947 ], [ -122.72580437, 47.74773647 ], [ -122.725589185042153, 47.747771039424634 ], [ -122.723566815895964, 47.748391875418179 ], [ -122.72356425, 47.74839294 ], [ -122.72346858, 47.74842204 ], [ -122.723468535257425, 47.748422062871683 ], [ -122.721927034, 47.749687166 ], [ -122.721508436637393, 47.751704402061733 ], [ -122.72150572, 47.75176533 ], [ -122.72148339, 47.75187447 ], [ -122.721472014260428, 47.751879922833844 ], [ -122.721418417, 47.75213821 ], [ -122.721643905325593, 47.752993839459101 ], [ -122.72171839, 47.75315247 ], [ -122.721717809975047, 47.753274275242482 ], [ -122.721772305, 47.75348106 ], [ -122.721759209, 47.753885164 ], [ -122.721778434, 47.753751815 ], [ -122.721830975, 47.753653555 ], [ -122.721754964, 47.754016153 ], [ -122.721744824512299, 47.754329022274277 ], [ -122.72177839, 47.75473647 ], [ -122.72172427016352, 47.754963257886196 ], [ -122.721701097, 47.755678301 ], [ -122.721362040471689, 47.756226772163551 ], [ -122.72135739, 47.75624246 ], [ -122.7208004, 47.75721746 ], [ -122.720673633051874, 47.757340367057083 ], [ -122.720064467, 47.758325778 ], [ -122.720057378033161, 47.758545449555918 ], [ -122.72009332, 47.7586272 ], [ -122.72009051, 47.75867958 ], [ -122.72011799, 47.75884571 ], [ -122.72003047952559, 47.75937897539238 ], [ -122.720014837, 47.759863703 ], [ -122.719681022324323, 47.760526428000816 ], [ -122.71955511, 47.76085804 ], [ -122.719436326208864, 47.761012225196509 ], [ -122.719324210382794, 47.761234809661275 ], [ -122.71924844, 47.76151171 ], [ -122.719048403369925, 47.761782371575592 ], [ -122.718611895545763, 47.762648974122477 ], [ -122.71854991, 47.76279211 ], [ -122.71831771, 47.76323304 ], [ -122.71804085, 47.76360437 ], [ -122.71768138, 47.76400551 ], [ -122.71728311, 47.76446364 ], [ -122.71690038, 47.76480884 ], [ -122.71648805, 47.76517397 ], [ -122.71626942887174, 47.765330003152954 ], [ -122.715482984759916, 47.766002161773038 ], [ -122.71539332, 47.76609877 ], [ -122.71525358, 47.76619824 ], [ -122.715253568480819, 47.766198263403503 ], [ -122.715250497, 47.766342635 ], [ -122.715340265, 47.766229467 ], [ -122.715250496, 47.766342674 ], [ -122.71523468860515, 47.767085742082237 ], [ -122.71524618, 47.76716717 ], [ -122.715231054003041, 47.767256596093695 ], [ -122.715227675, 47.767415435 ], [ -122.71527584, 47.767253189 ], [ -122.715233129, 47.767397212 ], [ -122.715227673, 47.767415529 ], [ -122.715221269, 47.767716546 ], [ -122.71522124906609, 47.767716557627637 ], [ -122.71522125, 47.76771658 ], [ -122.71495851, 47.76792598 ], [ -122.714706687846302, 47.76801670592593 ], [ -122.714706566, 47.768016777 ], [ -122.712805659520242, 47.767966787684301 ], [ -122.71280491, 47.76796678 ], [ -122.712804799367547, 47.767966804938226 ], [ -122.711355962898807, 47.768446212510895 ], [ -122.71135591, 47.76844624 ], [ -122.71110485, 47.76864398 ], [ -122.71106198, 47.76867771 ], [ -122.71070551, 47.76893211 ], [ -122.71030071, 47.76918718 ], [ -122.71002031, 47.76935391 ], [ -122.70976978, 47.76946631 ], [ -122.70937365, 47.76953838 ], [ -122.70908745, 47.76956538 ], [ -122.70886391, 47.76956964 ], [ -122.70876285, 47.76954824 ], [ -122.708466616459361, 47.769485346137017 ], [ -122.707280348915177, 47.769502700401439 ], [ -122.70728031, 47.76950271 ], [ -122.70723705, 47.76961111 ], [ -122.707162599100442, 47.769713287169566 ], [ -122.707030902123847, 47.769948898596972 ], [ -122.70699898, 47.77002451 ], [ -122.706879327052221, 47.770220072772069 ], [ -122.706879029, 47.770220606 ], [ -122.706227454640768, 47.770778822643365 ], [ -122.70609111, 47.77095064 ], [ -122.70576725, 47.77119531 ], [ -122.70544391, 47.77146671 ], [ -122.70523731, 47.77169598 ], [ -122.70504838, 47.77188511 ], [ -122.70496291, 47.77194584 ], [ -122.70495168, 47.77195387 ], [ -122.704876301882422, 47.771936381940705 ], [ -122.704000104, 47.772687038 ], [ -122.702896524, 47.774537318 ], [ -122.701730977, 47.774890502 ], [ -122.699062086, 47.775033623 ], [ -122.696917578, 47.775498036 ], [ -122.696557751, 47.775541445 ], [ -122.696674956, 47.775529097 ], [ -122.69655728, 47.775541502 ], [ -122.694314777, 47.775812036 ], [ -122.693355373, 47.776235837 ], [ -122.689658766, 47.779353378 ], [ -122.689550538, 47.780539498 ], [ -122.687768209, 47.786016745 ], [ -122.687145168, 47.78709345 ], [ -122.685790102, 47.790848373 ], [ -122.685528038, 47.792935645 ], [ -122.684987188, 47.795280947 ], [ -122.683682257, 47.795277359 ], [ -122.683679816579215, 47.795679409586079 ], [ -122.68396152, 47.79576745 ], [ -122.68423351, 47.79579245 ], [ -122.68493173, 47.79585846 ], [ -122.68491092, 47.79600005 ], [ -122.68482218, 47.79642791 ], [ -122.68464211, 47.79689911 ], [ -122.68453012, 47.79724345 ], [ -122.68440891, 47.79763678 ], [ -122.68426345, 47.79818158 ], [ -122.68419952, 47.79832125 ], [ -122.68395978, 47.79871351 ], [ -122.68373945, 47.79897211 ], [ -122.68373605, 47.79897611 ], [ -122.68365721, 47.79904587 ], [ -122.683615365405686, 47.799065927459132 ], [ -122.681387466802562, 47.80101519051761 ], [ -122.68138605, 47.80101645 ], [ -122.68101192, 47.80130911 ], [ -122.68084438, 47.80141831 ], [ -122.68068318, 47.80151798 ], [ -122.68063462, 47.80153567 ], [ -122.68057853, 47.80155044 ], [ -122.68056039, 47.80156271 ], [ -122.680511794758104, 47.801580412229015 ], [ -122.680399068, 47.801653132 ], [ -122.680813462, 47.801473176 ], [ -122.680398936, 47.801653218 ], [ -122.679005090546511, 47.802552384009005 ], [ -122.67900398, 47.80255312 ], [ -122.67874132, 47.80268691 ], [ -122.67843652, 47.80282125 ], [ -122.67823985, 47.80288918 ], [ -122.67794745, 47.80300498 ], [ -122.677947415693495, 47.803004988432583 ], [ -122.677947398, 47.803004996 ], [ -122.677947352742137, 47.803005003906108 ], [ -122.67744432, 47.80312865 ], [ -122.67743061, 47.80313171 ], [ -122.677178002255829, 47.803139401941557 ], [ -122.676677871, 47.80322677 ], [ -122.67705635, 47.803215417 ], [ -122.676743464, 47.803245428 ], [ -122.676628834, 47.803235336 ], [ -122.675135092179644, 47.803496276644104 ], [ -122.675134968822462, 47.803496317484985 ], [ -122.674907542616353, 47.803642595746759 ], [ -122.67479798, 47.80382018 ], [ -122.67461965, 47.80395031 ], [ -122.67450938, 47.80401598 ], [ -122.67431738, 47.80409872 ], [ -122.67418325, 47.80415258 ], [ -122.67410812, 47.80419358 ], [ -122.67399314, 47.80427598 ], [ -122.673776015615985, 47.804372284036738 ], [ -122.672831894176198, 47.805473479026375 ], [ -122.67277318, 47.80555251 ], [ -122.67249845, 47.80596305 ], [ -122.67234638, 47.80616452 ], [ -122.67221611, 47.80633778 ], [ -122.67221165, 47.80634145 ], [ -122.67192298, 47.80657338 ], [ -122.67166698, 47.80688145 ], [ -122.67147612, 47.80712958 ], [ -122.67136005, 47.80722698 ], [ -122.67113165, 47.80741598 ], [ -122.67110016, 47.80743637 ], [ -122.671096421302209, 47.807436756311034 ], [ -122.671027639, 47.80748338 ], [ -122.670966418, 47.80748283 ], [ -122.671060181752168, 47.807440500860295 ], [ -122.670884956584928, 47.807458606473375 ], [ -122.670435888304894, 47.807632361256601 ], [ -122.67043156, 47.80763545 ], [ -122.67040167, 47.80778873 ], [ -122.67039145, 47.80780432 ], [ -122.67035565, 47.80792445 ], [ -122.67031765, 47.80811618 ], [ -122.67027472, 47.80826025 ], [ -122.67014432, 47.80846851 ], [ -122.67004132, 47.80856278 ], [ -122.66988852, 47.80863398 ], [ -122.66988830651421, 47.808634060778409 ], [ -122.667308730988537, 47.809941033859239 ], [ -122.66730871, 47.80994105 ], [ -122.667308671692311, 47.809941103283407 ], [ -122.66667338453567, 47.810933571846981 ], [ -122.66666972, 47.81094218 ], [ -122.66656918, 47.81109638 ], [ -122.666568577514184, 47.811096917133362 ], [ -122.666484558501367, 47.811173241539088 ], [ -122.66634018, 47.81132065 ], [ -122.66618572, 47.81151325 ], [ -122.66600165, 47.81171645 ], [ -122.66577545, 47.81187265 ], [ -122.66566338, 47.81195685 ], [ -122.66553505, 47.81205292 ], [ -122.66545238, 47.81213572 ], [ -122.66526105, 47.81228472 ], [ -122.66488838, 47.81244345 ], [ -122.66458118, 47.81258418 ], [ -122.66424765, 47.81269132 ], [ -122.66393812, 47.81278785 ], [ -122.66374445, 47.81285532 ], [ -122.66360878, 47.81292145 ], [ -122.66357342, 47.81294218 ], [ -122.66315436, 47.81305879 ], [ -122.66290078, 47.81310538 ], [ -122.66250718, 47.81319938 ], [ -122.66224505, 47.81323572 ], [ -122.66203165, 47.81328065 ], [ -122.66156112, 47.81342178 ], [ -122.66129985, 47.81347885 ], [ -122.66104358, 47.81349678 ], [ -122.66086938, 47.81349265 ], [ -122.66069092, 47.81348398 ], [ -122.66055452, 47.81349538 ], [ -122.66038131, 47.81351658 ], [ -122.66023105, 47.81352585 ], [ -122.66015218, 47.81352792 ], [ -122.66000592, 47.81353172 ], [ -122.65970752, 47.81354012 ], [ -122.65910738, 47.81353532 ], [ -122.65882325, 47.81354325 ], [ -122.65853378, 47.81353352 ], [ -122.65808912, 47.81354792 ], [ -122.65782291, 47.81358312 ], [ -122.65740631, 47.81363832 ], [ -122.65696398, 47.81371018 ], [ -122.6568548101461, 47.813742345365732 ], [ -122.655231304958036, 47.814402824941396 ], [ -122.655074019026884, 47.814495454804856 ], [ -122.65521921, 47.814776281 ], [ -122.655116833561053, 47.814785934000369 ], [ -122.6551336, 47.81482045 ], [ -122.6547886, 47.81489945 ], [ -122.6543396, 47.81500246 ], [ -122.6541996, 47.81523545 ], [ -122.6539566, 47.81539746 ], [ -122.65380393, 47.81555818 ], [ -122.65345571, 47.81582778 ], [ -122.65319385, 47.81610939 ], [ -122.65298865, 47.81649618 ], [ -122.65288592, 47.81665965 ], [ -122.65283905, 47.81673472 ], [ -122.65277932, 47.81693595 ], [ -122.65273861, 47.81699945 ], [ -122.65266861, 47.81718345 ], [ -122.65252761, 47.81755645 ], [ -122.65248728, 47.81772551 ], [ -122.65247205, 47.81776165 ], [ -122.65237605, 47.81801705 ], [ -122.65228865, 47.81827225 ], [ -122.65216432, 47.81848085 ], [ -122.65205098, 47.81874825 ], [ -122.65178278, 47.81910072 ], [ -122.65158552, 47.81946985 ], [ -122.65153838, 47.81962412 ], [ -122.65143878, 47.81977899 ], [ -122.65129012, 47.82004119 ], [ -122.65120832, 47.82020765 ], [ -122.6511351, 47.8203269 ], [ -122.65067494, 47.8208829 ], [ -122.65046012, 47.82106145 ], [ -122.65018718, 47.82117085 ], [ -122.65009865, 47.82125818 ], [ -122.64994025, 47.82139439 ], [ -122.64982271, 47.82148225 ], [ -122.64979532, 47.82149992 ], [ -122.64974678, 47.82153112 ], [ -122.64975612, 47.82159779 ], [ -122.64977898, 47.82165959 ], [ -122.64982678, 47.82179712 ], [ -122.64983752, 47.82191159 ], [ -122.64982258, 47.82208378 ], [ -122.64972838, 47.82223319 ], [ -122.64968778, 47.82228639 ], [ -122.64952371, 47.82267085 ], [ -122.64940725, 47.82291225 ], [ -122.64931945, 47.82309412 ], [ -122.64915165, 47.82337379 ], [ -122.64880632, 47.82383272 ], [ -122.64851065, 47.82430052 ], [ -122.64834892, 47.82454165 ], [ -122.64823232, 47.82465332 ], [ -122.64812985, 47.82475045 ], [ -122.64802978, 47.82485652 ], [ -122.64789365, 47.82505145 ], [ -122.64778218, 47.82524032 ], [ -122.64771905, 47.82536605 ], [ -122.64752258, 47.82551652 ], [ -122.64734038, 47.82560432 ], [ -122.64697692, 47.82579158 ], [ -122.64637118, 47.82606765 ], [ -122.64603245, 47.82623739 ], [ -122.64519025, 47.82672132 ], [ -122.64466245, 47.82702439 ], [ -122.64359065, 47.82767065 ], [ -122.64302325, 47.82806512 ], [ -122.64242345, 47.82847705 ], [ -122.64220256, 47.82865448 ], [ -122.64195964, 47.82877044 ], [ -122.64163379, 47.8290983 ], [ -122.64130845, 47.82932812 ], [ -122.64113308, 47.8294648 ], [ -122.64105764, 47.82951044 ], [ -122.64053765, 47.82988244 ], [ -122.63969307, 47.83033576 ], [ -122.63935299, 47.83048132 ], [ -122.63892832, 47.83066712 ], [ -122.63806778, 47.83096425 ], [ -122.63757125, 47.83123652 ], [ -122.63718652, 47.83146565 ], [ -122.63682792, 47.83163705 ], [ -122.63660592, 47.83172065 ], [ -122.63658972, 47.83172672 ], [ -122.63638357, 47.83177581 ], [ -122.63627866, 47.83170444 ], [ -122.63613666, 47.83170344 ], [ -122.63603766, 47.83170344 ], [ -122.63572466, 47.83198144 ], [ -122.63503266, 47.83223544 ], [ -122.63469908, 47.83243083 ], [ -122.63449732, 47.83251805 ], [ -122.63404792, 47.83278639 ], [ -122.63404497, 47.83278846 ], [ -122.63375066, 47.83285644 ], [ -122.63375, 47.83299753 ], [ -122.63357378, 47.83314872 ], [ -122.63324972, 47.83343139 ], [ -122.63308952, 47.83362505 ], [ -122.63301063, 47.83371057 ], [ -122.63277767, 47.83385644 ], [ -122.63250067, 47.83385544 ], [ -122.63250067, 47.83394544 ], [ -122.63275888, 47.83400624 ], [ -122.63275278, 47.83401379 ], [ -122.63274118, 47.83402812 ], [ -122.63264472, 47.83413459 ], [ -122.63249192, 47.83423452 ], [ -122.63230578, 47.83432752 ], [ -122.63219358, 47.83444919 ], [ -122.63185978, 47.83463059 ], [ -122.63162878, 47.83470932 ], [ -122.63149678, 47.83475645 ], [ -122.63143252, 47.83482859 ], [ -122.63121745, 47.83489945 ], [ -122.63090238, 47.83496452 ], [ -122.63061499, 47.83503279 ], [ -122.63016712, 47.83511106 ], [ -122.62975205, 47.83519619 ], [ -122.62950665, 47.83522092 ], [ -122.62930792, 47.83524079 ], [ -122.62893038, 47.83528419 ], [ -122.62864785, 47.83532239 ], [ -122.62842625, 47.83534459 ], [ -122.62829818, 47.83536165 ], [ -122.62810951, 47.83537966 ], [ -122.62809471, 47.83537919 ], [ -122.62794232, 47.83537479 ], [ -122.62767592, 47.83537072 ], [ -122.62737518, 47.83538645 ], [ -122.62715316, 47.83536839 ], [ -122.62689868, 47.83520544 ], [ -122.62657028, 47.83522236 ], [ -122.62656875, 47.83522148 ], [ -122.62658568, 47.83497045 ], [ -122.62663168, 47.83490744 ], [ -122.62662168, 47.83468245 ], [ -122.62658668, 47.83461045 ], [ -122.62649568, 47.83421445 ], [ -122.62643968, 47.83413345 ], [ -122.62637168, 47.83397145 ], [ -122.62631318, 47.83386545 ], [ -122.62627268, 47.83381545 ], [ -122.62663268, 47.83357245 ], [ -122.62678468, 47.83281045 ], [ -122.62701868, 47.83136445 ], [ -122.62710468, 47.83103446 ], [ -122.62711968, 47.83093846 ], [ -122.62709868, 47.83084246 ], [ -122.62735868, 47.83065246 ], [ -122.62848567, 47.82985146 ], [ -122.62898667, 47.82951746 ], [ -122.62912867, 47.82942246 ], [ -122.62959767, 47.82911546 ], [ -122.63005767, 47.82879146 ], [ -122.63331366, 47.82656746 ], [ -122.63398366, 47.82611546 ], [ -122.63570165, 47.82495546 ], [ -122.63741765, 47.82375946 ], [ -122.63839064, 47.82308246 ], [ -122.63950564, 47.82218446 ], [ -122.64003364, 47.82178146 ], [ -122.64060064, 47.82120946 ], [ -122.64101363, 47.82083246 ], [ -122.64153163, 47.82028646 ], [ -122.64159663, 47.82021846 ], [ -122.64182863, 47.81998146 ], [ -122.64202463, 47.81973846 ], [ -122.64265363, 47.81895246 ], [ -122.64268663, 47.81891347 ], [ -122.64303763, 47.81847447 ], [ -122.64329363, 47.81815647 ], [ -122.64390962, 47.81729047 ], [ -122.64401262, 47.81714547 ], [ -122.64407162, 47.81703147 ], [ -122.64427962, 47.81666947 ], [ -122.64441462, 47.81643347 ], [ -122.64468162, 47.81594447 ], [ -122.64518962, 47.81495447 ], [ -122.64539462, 47.81447847 ], [ -122.64543262, 47.81438547 ], [ -122.64562362, 47.81391847 ], [ -122.64585462, 47.81313048 ], [ -122.64687561, 47.80990748 ], [ -122.64709961, 47.80928148 ], [ -122.647106363401718, 47.809262647183644 ], [ -122.648385691284219, 47.805306281085095 ], [ -122.6486096, 47.8045775 ], [ -122.648843970304213, 47.803889037231393 ], [ -122.649278323281081, 47.802545785500534 ], [ -122.6494106, 47.8021225 ], [ -122.649415183818093, 47.802122539516247 ], [ -122.651399927, 47.795984652 ], [ -122.651640927, 47.794423651 ], [ -122.650993849846813, 47.775753631938109 ], [ -122.65097146, 47.77576046 ], [ -122.65076474, 47.77567538 ], [ -122.650752547604682, 47.775357044263998 ], [ -122.650740792998732, 47.775050067869806 ], [ -122.65073883, 47.77499873 ], [ -122.65053394, 47.76964671 ], [ -122.65049408, 47.76862764 ], [ -122.65050038, 47.76765228 ], [ -122.65052521, 47.76757893 ], [ -122.65102828, 47.76609366 ], [ -122.65047531, 47.76608512 ], [ -122.65041784, 47.76608409 ], [ -122.65047211, 47.76599745 ], [ -122.650474350838493, 47.765993872520994 ], [ -122.650536256695702, 47.765895053176919 ], [ -122.65054436, 47.76588212 ], [ -122.650570852207338, 47.765827200898954 ], [ -122.650725603691981, 47.765506408342418 ], [ -122.650806616447355, 47.765341337614743 ], [ -122.650822664681556, 47.765313399500208 ], [ -122.65084453, 47.76527534 ], [ -122.650886536557877, 47.765202205971185 ], [ -122.650960771609377, 47.765072971356048 ], [ -122.65098123, 47.76503736 ], [ -122.65102882, 47.76495451 ], [ -122.65114466, 47.76478006 ], [ -122.65124123, 47.76463464 ], [ -122.651290871780091, 47.764559871411223 ], [ -122.651336974, 47.764490444 ], [ -122.651446031706016, 47.764329873742291 ], [ -122.65146296, 47.76430495 ], [ -122.651493788441755, 47.764259559487144 ], [ -122.6516793, 47.763986423 ], [ -122.651983995072271, 47.763522514970354 ], [ -122.65202074, 47.76346657 ], [ -122.652024025659514, 47.763461567116117 ], [ -122.652074181, 47.763385204 ], [ -122.652257677338312, 47.763105535836218 ], [ -122.65266415, 47.76248604 ], [ -122.652842128687794, 47.762214772 ], [ -122.65284213, 47.762214772 ], [ -122.652951038900554, 47.762213253901841 ], [ -122.65334713, 47.76220774 ], [ -122.654150862166944, 47.762196529378095 ], [ -122.654597469924042, 47.762190304042875 ], [ -122.654594168449918, 47.762366021787003 ], [ -122.654547585228372, 47.764843061149378 ], [ -122.65453616, 47.76545055 ], [ -122.654526188135094, 47.765980827434561 ], [ -122.654524312023725, 47.76608060209422 ], [ -122.65452291, 47.766155154 ], [ -122.654522910187978, 47.766155154003215 ], [ -122.65452291, 47.766155164 ], [ -122.659843397, 47.766245999 ], [ -122.670498773, 47.76624426 ], [ -122.675630059, 47.766374194 ], [ -122.675663556, 47.762779903 ], [ -122.675163489123477, 47.762770690531582 ], [ -122.673854670650798, 47.762746586421564 ], [ -122.673211975, 47.762734749 ], [ -122.673214551818958, 47.762459690787907 ], [ -122.67321562, 47.76234589 ], [ -122.673217465013892, 47.76214872668767 ], [ -122.673240532, 47.75968648 ], [ -122.672627447, 47.759255398 ], [ -122.672481811, 47.759152996 ], [ -122.672389082651705, 47.759152880052582 ], [ -122.67236585, 47.75915285 ], [ -122.672308805597353, 47.759111281813226 ], [ -122.670714509506865, 47.757949451509894 ], [ -122.67060489, 47.75786956 ], [ -122.670604910228604, 47.757868190041869 ], [ -122.670604915747575, 47.757867618495304 ], [ -122.67060919, 47.757578208 ], [ -122.670607731, 47.757577206 ], [ -122.670607711, 47.757579197 ], [ -122.670585365, 47.757561857 ], [ -122.670237962, 47.757292285 ], [ -122.670088671, 47.757178457 ], [ -122.670080244, 47.75717215 ], [ -122.669921558, 47.757053394 ], [ -122.66992017, 47.757052356 ], [ -122.669644659, 47.756859359 ], [ -122.669360699, 47.756672015 ], [ -122.669068546, 47.756490489 ], [ -122.668768469, 47.756314942 ], [ -122.667404015279942, 47.755542405263647 ], [ -122.667403856, 47.755542304 ], [ -122.668113633467556, 47.755547620729779 ], [ -122.668118599, 47.755547658 ], [ -122.66811859900082, 47.755547657925099 ], [ -122.668118609, 47.755547658 ], [ -122.668118599637793, 47.755547599898826 ], [ -122.66813942, 47.753650922 ], [ -122.667993075, 47.753650127 ], [ -122.667993436, 47.753617231 ], [ -122.66789715, 47.753623973 ], [ -122.667885885, 47.754103339 ], [ -122.666828292630484, 47.754035963372203 ], [ -122.66663269, 47.7540235 ], [ -122.666633213795848, 47.753983674200114 ], [ -122.666633366874237, 47.753971879605551 ], [ -122.666645026, 47.75308661 ], [ -122.666647703, 47.7528673 ], [ -122.6663225, 47.752865494 ], [ -122.66537016, 47.752859177 ], [ -122.664463102, 47.753453801 ], [ -122.66348917, 47.753404194 ], [ -122.663020717, 47.753582255 ], [ -122.662493238, 47.753805258 ], [ -122.66213024, 47.75402778 ], [ -122.661863129, 47.753664299 ], [ -122.661780998, 47.753667144 ], [ -122.661780997, 47.753667145 ], [ -122.660027218, 47.753727896 ], [ -122.6600272, 47.753727897 ], [ -122.66005663, 47.751835466 ], [ -122.660056861, 47.751820635 ], [ -122.660035474, 47.750725157 ], [ -122.660035475, 47.750725158 ], [ -122.659986224, 47.748202367 ], [ -122.658138555, 47.748190897 ], [ -122.658092584, 47.746745277 ], [ -122.657805253038319, 47.746822673310575 ], [ -122.657724741466026, 47.746844359605113 ], [ -122.657484838183947, 47.746666944866327 ], [ -122.656925141356496, 47.746253031003171 ], [ -122.657300114, 47.746029953 ], [ -122.657530277, 47.745893025 ], [ -122.657841080346103, 47.745888795707586 ], [ -122.6580041, 47.74588658 ], [ -122.658538942117502, 47.745879304973862 ], [ -122.658995799924384, 47.745873086172217 ], [ -122.65901828, 47.74587278 ], [ -122.659049322589681, 47.745872357615468 ], [ -122.659761103888343, 47.745862668765582 ], [ -122.659953038, 47.745860057 ], [ -122.659887733509379, 47.742109863926188 ], [ -122.659887220086731, 47.74208037498115 ], [ -122.659964066106483, 47.742063669515801 ], [ -122.6599902, 47.74205799 ], [ -122.66028931, 47.74199297 ], [ -122.66044524, 47.74199357 ], [ -122.66085182, 47.74199514 ], [ -122.66125807, 47.7419967 ], [ -122.66166464, 47.74199827 ], [ -122.66259945, 47.74200187 ], [ -122.66298604, 47.74200335 ], [ -122.66310768, 47.74200382 ], [ -122.66355491, 47.74200553 ], [ -122.66520359, 47.74201185 ], [ -122.665203590079955, 47.742011855037639 ], [ -122.665203593, 47.742011855 ], [ -122.66520359284452, 47.742011844999404 ], [ -122.665203593, 47.742011845 ], [ -122.665203408857252, 47.74200001113433 ], [ -122.665191575, 47.74123887 ], [ -122.665132056, 47.737413792 ], [ -122.666330970933842, 47.73741214520885 ], [ -122.666449054, 47.737411984 ], [ -122.666449053995109, 47.737411983013743 ], [ -122.666449064, 47.737411983 ], [ -122.666449063985141, 47.737411979996892 ], [ -122.666449053980188, 47.737411979999116 ], [ -122.666444476377237, 47.736487464803851 ], [ -122.666439880000013, 47.735558350003544 ], [ -122.666439876000027, 47.735558350005903 ], [ -122.666439876, 47.73555835 ], [ -122.665125865, 47.735559136 ], [ -122.665124668369444, 47.735198926020757 ], [ -122.665124407121567, 47.735119954283711 ], [ -122.665124288786828, 47.735084549943409 ], [ -122.665124288407924, 47.73508454992573 ], [ -122.665124232, 47.73506757 ], [ -122.664730933041213, 47.735066200141866 ], [ -122.66473093, 47.7350662 ], [ -122.6644955, 47.73506538 ], [ -122.663945026679272, 47.735063462834297 ], [ -122.663915502, 47.73506336 ], [ -122.663914602450717, 47.734909277572164 ], [ -122.66391359, 47.73473547 ], [ -122.663912879550892, 47.73461372122248 ], [ -122.663911987052629, 47.73446127998789 ], [ -122.66331302, 47.73445882 ], [ -122.66300374, 47.73445755 ], [ -122.662919811748978, 47.734457207251637 ], [ -122.662194692, 47.73445423 ], [ -122.662194691994898, 47.734454230008204 ], [ -122.66219469, 47.73445423 ], [ -122.662160193827503, 47.734509694630837 ], [ -122.661344555960653, 47.735821040998346 ], [ -122.661265530620838, 47.735948089001873 ], [ -122.661155300429698, 47.735948150297887 ], [ -122.66104616, 47.73594821 ], [ -122.660875444281231, 47.735948305918292 ], [ -122.660022891, 47.73594878 ], [ -122.660034536, 47.736292705 ], [ -122.660474083493654, 47.736292911000312 ], [ -122.660474088907321, 47.736292915129518 ], [ -122.66104165, 47.73629318 ], [ -122.661030479464188, 47.736309865245154 ], [ -122.661011571, 47.736338106 ], [ -122.660556681842706, 47.736338358131007 ], [ -122.660533684251078, 47.736338370675661 ], [ -122.660533684515983, 47.736338370877711 ], [ -122.660443255, 47.736338421 ], [ -122.660453923, 47.736581755 ], [ -122.660853401839077, 47.73658223096168 ], [ -122.660853415, 47.736582241 ], [ -122.660844084526047, 47.736596569412264 ], [ -122.660844096688322, 47.736596569874216 ], [ -122.660716021684394, 47.736793248686581 ], [ -122.66065779, 47.73688267 ], [ -122.660489300002823, 47.737141409995651 ], [ -122.65919812, 47.737139538 ], [ -122.659202157, 47.73741169 ], [ -122.65917978119306, 47.737412419404727 ], [ -122.65881466, 47.73742432 ], [ -122.658750293513677, 47.737426419809026 ], [ -122.657833542, 47.737456304 ], [ -122.657833540492959, 47.737456307042983 ], [ -122.65761197, 47.73746353 ], [ -122.65750273, 47.73747918 ], [ -122.657423705156546, 47.737732117262496 ], [ -122.657421341, 47.737732097 ], [ -122.657420840864958, 47.73774128508925 ], [ -122.65739602, 47.73782073 ], [ -122.65740556, 47.73765078 ], [ -122.6574835, 47.73739616 ], [ -122.65753777, 47.73739751 ], [ -122.65758194, 47.7373174 ], [ -122.65768367, 47.73713615 ], [ -122.65771071, 47.73708799 ], [ -122.65779496, 47.73700365 ], [ -122.657949384170195, 47.736798896082441 ], [ -122.659079689444752, 47.73493041742838 ], [ -122.65911523, 47.73470438 ], [ -122.65927703, 47.73430891 ], [ -122.6594029, 47.73415611 ], [ -122.65957589, 47.73398598 ], [ -122.65969615, 47.73381048 ], [ -122.65975706010552, 47.733810673365412 ], [ -122.659891508, 47.733588421 ], [ -122.659902848, 47.733282922 ], [ -122.659886885, 47.733257051 ], [ -122.659886887, 47.733257039 ], [ -122.659902848, 47.733282917 ], [ -122.659926542, 47.73264458 ], [ -122.66124278, 47.732494205 ], [ -122.661016879, 47.731829216 ], [ -122.662152112, 47.729464455 ], [ -122.6625676, 47.728117215 ], [ -122.66178656, 47.726703459 ], [ -122.660320918, 47.726058652 ], [ -122.659598518, 47.725361804 ], [ -122.658681835, 47.723225091 ], [ -122.657571286, 47.722028607 ], [ -122.657711559, 47.72040287 ], [ -122.657212273, 47.71851161 ], [ -122.656582921, 47.717665281 ], [ -122.65662502, 47.718526756 ], [ -122.655680148, 47.718951042 ], [ -122.65502307, 47.720149209 ], [ -122.65425351, 47.719834347 ], [ -122.653206909, 47.717239022 ], [ -122.652522974, 47.718672967 ], [ -122.651608088, 47.71563214 ], [ -122.651126084, 47.714829353 ], [ -122.650775506, 47.713435443 ], [ -122.650739634, 47.713423168 ], [ -122.650665865, 47.712999507 ], [ -122.650477928, 47.71225226 ], [ -122.649772359, 47.714021944 ], [ -122.649220111, 47.713820232 ], [ -122.648348589, 47.70977155 ], [ -122.647753343, 47.709682382 ], [ -122.647095809, 47.71254131 ], [ -122.64653988, 47.713427469 ], [ -122.645229588, 47.713593263 ], [ -122.643995435, 47.712626963 ], [ -122.643245076, 47.711008253 ], [ -122.642983825, 47.708507408 ], [ -122.641615499, 47.707571444 ], [ -122.641671357, 47.707140859 ], [ -122.641556356, 47.707036414 ], [ -122.64166815, 47.706780125 ], [ -122.641696864, 47.70694424 ], [ -122.641770921, 47.706373379 ], [ -122.640902579, 47.706071682 ], [ -122.640883432, 47.704763588 ], [ -122.639797743, 47.704815311 ], [ -122.639658034, 47.707617039 ], [ -122.638904878, 47.708777909 ], [ -122.638352938, 47.710308296 ], [ -122.637557546, 47.711582608 ], [ -122.636643066, 47.71191777 ], [ -122.636188938, 47.711421942 ], [ -122.635785894, 47.709440443 ], [ -122.636006049, 47.708909507 ], [ -122.635863369, 47.709045708 ], [ -122.6358501, 47.7086155 ], [ -122.63602184, 47.708871426 ], [ -122.636452139, 47.707833698 ], [ -122.636479508, 47.705575732 ], [ -122.636369627, 47.706247152 ], [ -122.636236808, 47.706483238 ], [ -122.636480539, 47.705490684 ], [ -122.636493946, 47.704384611 ], [ -122.636210529, 47.703389596 ], [ -122.636666554, 47.702881418 ], [ -122.636968115, 47.701161494 ], [ -122.637865955, 47.70184539 ], [ -122.638983072, 47.701115813 ], [ -122.640482785, 47.700730889 ], [ -122.640381968, 47.700719618 ], [ -122.640320384, 47.700730003 ], [ -122.640333861, 47.70071424 ], [ -122.638483198, 47.700507346 ], [ -122.635718013, 47.699405477 ], [ -122.634709304, 47.698625233 ], [ -122.634639956, 47.698595307 ], [ -122.634675625, 47.698599182 ], [ -122.634621593, 47.698557388 ], [ -122.633572467, 47.699330137 ], [ -122.634109498, 47.699078179 ], [ -122.633607018, 47.699529034 ], [ -122.633155015, 47.699525993 ], [ -122.63345082, 47.69938721 ], [ -122.631862609, 47.699352496 ], [ -122.631126547, 47.699427463 ], [ -122.630112975, 47.699338598 ], [ -122.631074916, 47.69933528 ], [ -122.630003685, 47.699311866 ], [ -122.629032341, 47.698744032 ], [ -122.627830828, 47.699827139 ], [ -122.627851788, 47.70056131 ], [ -122.630140024, 47.702164412 ], [ -122.63146521, 47.702349225 ], [ -122.632393316, 47.701920565 ], [ -122.633202237, 47.702257573 ], [ -122.632794046, 47.702687082 ], [ -122.633222807, 47.702294174 ], [ -122.633121225, 47.702595899 ], [ -122.632717498, 47.702767627 ], [ -122.632240911, 47.703269103 ], [ -122.632299077, 47.703583348 ], [ -122.632517585, 47.703860746 ], [ -122.632355798, 47.703709031 ], [ -122.63230093, 47.703593358 ], [ -122.632557067, 47.704977149 ], [ -122.63274441, 47.70470843 ], [ -122.632668129, 47.705063328 ], [ -122.632345742, 47.705280265 ], [ -122.632556442, 47.704978045 ], [ -122.630899107, 47.705415229 ], [ -122.628033367, 47.705074403 ], [ -122.625658958, 47.704233373 ], [ -122.623326092, 47.70427563 ], [ -122.620644731, 47.70485074 ], [ -122.619711857, 47.704582753 ], [ -122.617627504, 47.702042813 ], [ -122.614874837, 47.702071086 ], [ -122.614197496, 47.70144813 ], [ -122.614207512, 47.699763049 ], [ -122.61495857, 47.698863649 ], [ -122.617150016, 47.699015525 ], [ -122.619811553, 47.698037918 ], [ -122.621339012, 47.69672803 ], [ -122.623835095, 47.695383067 ], [ -122.623643995, 47.694875287 ], [ -122.623564653, 47.694854807 ], [ -122.62364173, 47.694869269 ], [ -122.623383839, 47.694184014 ], [ -122.622602042, 47.693780952 ], [ -122.622839378, 47.693953466 ], [ -122.622757996, 47.693911734 ], [ -122.622584099, 47.693771702 ], [ -122.622524178, 47.69374081 ], [ -122.622432378, 47.69380693 ], [ -122.622435071, 47.693786672 ], [ -122.622521386, 47.69373937 ], [ -122.622507171, 47.693732041 ], [ -122.622444862, 47.693750354 ], [ -122.622481825, 47.693721257 ], [ -122.622487555, 47.693721928 ], [ -122.622483557, 47.693719867 ], [ -122.622481815, 47.693721238 ], [ -122.622476668, 47.693720635 ], [ -122.622480638, 47.693718362 ], [ -122.62244139, 47.693698127 ], [ -122.62064835, 47.694732391 ], [ -122.619083965, 47.694742842 ], [ -122.61768945, 47.695550184 ], [ -122.617396467, 47.693993809 ], [ -122.61900216, 47.692866919 ], [ -122.618995233, 47.692025906 ], [ -122.618253067, 47.6902188 ], [ -122.617625201, 47.687217065 ], [ -122.615721688, 47.682858449 ], [ -122.61569392, 47.679755366 ], [ -122.615932173, 47.677320178 ], [ -122.615728285, 47.674894687 ], [ -122.61488303, 47.671967661 ], [ -122.615361921, 47.670653839 ], [ -122.614580106, 47.669680672 ], [ -122.614905419, 47.66932687 ], [ -122.615367172, 47.670639432 ], [ -122.615420185, 47.670493994 ], [ -122.614712986, 47.668196137 ], [ -122.614535897, 47.666664002 ], [ -122.612815912, 47.663491295 ], [ -122.613097801, 47.661404218 ], [ -122.613138865, 47.661404496 ], [ -122.613165386, 47.661158155 ], [ -122.613103344, 47.661363177 ], [ -122.613365432, 47.659422707 ], [ -122.614004467, 47.657210129 ], [ -122.614441142, 47.653840691 ], [ -122.614996194, 47.652883734 ], [ -122.616381336, 47.651802296 ], [ -122.618175916, 47.651514886 ], [ -122.61865057, 47.650989287 ], [ -122.617671605, 47.650375571 ], [ -122.615973462, 47.649938406 ], [ -122.613222031, 47.648587017 ], [ -122.611633898, 47.647217776 ], [ -122.609387707, 47.645900124 ], [ -122.608753092, 47.645958125 ], [ -122.605014748, 47.644992213 ], [ -122.604481045, 47.644715212 ], [ -122.604136386, 47.644612069 ], [ -122.603951653, 47.644490904 ], [ -122.604362845, 47.644653865 ], [ -122.603623215, 47.644269984 ], [ -122.603149635, 47.643602326 ], [ -122.603572777, 47.642245779 ], [ -122.602897232, 47.640547818 ], [ -122.601166614, 47.638188055 ], [ -122.601024028, 47.63809193 ], [ -122.60102404, 47.638091921 ], [ -122.601166604, 47.63818804 ], [ -122.60111409, 47.638116435 ], [ -122.599365215, 47.637604804 ], [ -122.596830145, 47.638319648 ], [ -122.594739245, 47.638638362 ], [ -122.593320483, 47.638489956 ], [ -122.591975511, 47.637927777 ], [ -122.591292774, 47.635957401 ], [ -122.591454545, 47.632280976 ], [ -122.592620035, 47.626528123 ], [ -122.593383449, 47.625110969 ], [ -122.593798215, 47.623037146 ], [ -122.593748358, 47.621770521 ], [ -122.594519798, 47.617905216 ], [ -122.595696175, 47.615021091 ], [ -122.596107358, 47.61352702 ], [ -122.595921538, 47.612136181 ], [ -122.596219472, 47.611089181 ], [ -122.596006449, 47.61004204 ], [ -122.595339797, 47.610221681 ], [ -122.59554267, 47.609373383 ], [ -122.596529671, 47.608034914 ], [ -122.596889606, 47.605496906 ], [ -122.597689472, 47.604416314 ], [ -122.598557736, 47.602305112 ], [ -122.5972778, 47.600857641 ], [ -122.594279866, 47.59850631 ], [ -122.591992603, 47.595624515 ], [ -122.592313798, 47.59408465 ], [ -122.59430573, 47.590831918 ], [ -122.595647666, 47.589364717 ], [ -122.596076199, 47.588059715 ], [ -122.596134665, 47.586091849 ], [ -122.596993864, 47.58444025 ], [ -122.598777464, 47.581882716 ], [ -122.600049443, 47.579071619 ], [ -122.601479167, 47.577351554 ], [ -122.603233289787951, 47.574070964486829 ], [ -122.60321197, 47.57407095 ], [ -122.60319285, 47.57406005 ], [ -122.60327725, 47.57396578 ], [ -122.60336545, 47.57389164 ], [ -122.60346945, 47.57380431 ], [ -122.603740815025773, 47.573672261616977 ], [ -122.603730354697291, 47.573678155303661 ], [ -122.60372587, 47.57368068 ], [ -122.603725212027854, 47.573681094487753 ], [ -122.603313212, 47.573939222 ], [ -122.603296641, 47.573952474 ], [ -122.604890366, 47.573951958 ], [ -122.605236994383759, 47.573948279623174 ], [ -122.605237015615415, 47.573948279577166 ], [ -122.605270375766949, 47.573947925384132 ], [ -122.60545643, 47.573945951 ], [ -122.60545662180597, 47.573949350097017 ], [ -122.60546342, 47.57406986 ], [ -122.605237285790437, 47.574070574038117 ], [ -122.60521501, 47.577034276 ], [ -122.602904871, 47.577034454 ], [ -122.602862732, 47.579081365 ], [ -122.602862740530142, 47.579081422200495 ], [ -122.60284293, 47.58004394 ], [ -122.602981818, 47.580043935 ], [ -122.603006277060516, 47.580043934250568 ], [ -122.603128187, 47.580861425 ], [ -122.606387672, 47.580861155 ], [ -122.606387682821378, 47.580861156001951 ], [ -122.606385029, 47.581024622 ], [ -122.608073774, 47.581024459 ], [ -122.608151361062568, 47.581024455006066 ], [ -122.608151469, 47.581024465 ], [ -122.608108008151873, 47.583796822991907 ], [ -122.608107824, 47.58380856 ], [ -122.608107824156704, 47.583808560003618 ], [ -122.608107824, 47.58380857 ], [ -122.612254963, 47.58390436 ], [ -122.614675754, 47.583815737 ], [ -122.614675751191356, 47.583815976369834 ], [ -122.614673194, 47.583865762 ], [ -122.614655781, 47.584204861 ], [ -122.614633849, 47.584211856 ], [ -122.614634445, 47.584414224 ], [ -122.614635031, 47.584612345 ], [ -122.614387734, 47.5846027 ], [ -122.61396207, 47.584586098 ], [ -122.613963142, 47.58494268 ], [ -122.614603538, 47.584936097 ], [ -122.614634869695848, 47.587300140791307 ], [ -122.614634865, 47.587300541 ], [ -122.614634874999325, 47.587300540949322 ], [ -122.614634875, 47.587300541 ], [ -122.614636909917976, 47.587300530636362 ], [ -122.615282261, 47.58729726 ], [ -122.61531039, 47.588604198 ], [ -122.613328869, 47.588635232 ], [ -122.613332481, 47.59020181 ], [ -122.615973179, 47.590227745 ], [ -122.61601852, 47.58911949 ], [ -122.616018536193607, 47.589119480138628 ], [ -122.616796815, 47.589123599 ], [ -122.61685778, 47.588637362 ], [ -122.616861706900423, 47.588606016759279 ], [ -122.616861718, 47.58860601 ], [ -122.621709136, 47.588597875 ], [ -122.621728833, 47.590008965 ], [ -122.620272218719776, 47.589880608812173 ], [ -122.620275153, 47.589796336 ], [ -122.620276825, 47.589748273 ], [ -122.620167556, 47.589750416 ], [ -122.619044617827853, 47.589772433179945 ], [ -122.619044525, 47.589772425 ], [ -122.619044525062677, 47.589772434998771 ], [ -122.619044525, 47.589772435 ], [ -122.619007664, 47.590368177 ], [ -122.618982739, 47.590771 ], [ -122.618993404, 47.59086513 ], [ -122.619054767913084, 47.591406743374087 ], [ -122.619055997142453, 47.591602874311384 ], [ -122.61900809, 47.592066082 ], [ -122.619003023, 47.592115077 ], [ -122.619060306916523, 47.592290524681559 ], [ -122.619060307, 47.592290538 ], [ -122.619692902, 47.592355238 ], [ -122.619725565, 47.595070788 ], [ -122.619725514970114, 47.595070805253833 ], [ -122.619667216, 47.595079645 ], [ -122.619311043, 47.595133646 ], [ -122.618736822, 47.595220705 ], [ -122.61870731, 47.595371338 ], [ -122.618696654, 47.595425619 ], [ -122.618696682967339, 47.595425619010015 ], [ -122.618696680065, 47.59542562001095 ], [ -122.61880649, 47.59542566 ], [ -122.619818135617962, 47.595426109942139 ], [ -122.621167298, 47.595426714 ], [ -122.621206592999968, 47.595426730004071 ], [ -122.621245868731549, 47.595426749999355 ], [ -122.621252073073137, 47.595460669186799 ], [ -122.6212614, 47.59551167 ], [ -122.62127963, 47.59561136 ], [ -122.621236508542054, 47.596612955996413 ], [ -122.621040625, 47.601162687 ], [ -122.620826636, 47.606802243 ], [ -122.620824566, 47.606856638 ], [ -122.62082457007611, 47.606856637999911 ], [ -122.62082457, 47.60685664 ], [ -122.62082456629409, 47.606856640020929 ], [ -122.620824566, 47.606856648 ], [ -122.620827277078007, 47.606856637941497 ], [ -122.620917254, 47.606856636 ], [ -122.620940791, 47.606856639 ], [ -122.626192796, 47.606857253 ], [ -122.626273502, 47.60686129 ], [ -122.626354058, 47.606859687 ], [ -122.627808026889483, 47.606830738329258 ], [ -122.63386933, 47.60680825 ], [ -122.634225191, 47.600399519 ], [ -122.637386559, 47.600388733 ], [ -122.637336803193207, 47.601171252802665 ], [ -122.63733375, 47.601219261 ], [ -122.637333750634923, 47.601219261014371 ], [ -122.63733375, 47.601219271 ], [ -122.639586473130265, 47.601270263662911 ], [ -122.639817358, 47.601275491 ], [ -122.639921917, 47.601277857 ], [ -122.63992191699856, 47.601277856773606 ], [ -122.639921927, 47.601277857 ], [ -122.63991034, 47.599458428 ], [ -122.645107183, 47.599537949 ], [ -122.644971397645079, 47.602683930106167 ], [ -122.64495108, 47.603154632 ], [ -122.644951081432367, 47.603154631982676 ], [ -122.644951081, 47.603154642 ], [ -122.650212352, 47.603091008 ], [ -122.650430458, 47.599959434 ], [ -122.654265898, 47.5999219 ], [ -122.654265891936859, 47.599921890059335 ], [ -122.654265898, 47.59992189 ], [ -122.654127773891659, 47.599695442512584 ], [ -122.65384448, 47.599230976 ], [ -122.656095469, 47.59918937 ], [ -122.656209121, 47.600139044 ], [ -122.657493037, 47.600750877 ], [ -122.658125792, 47.601503687 ], [ -122.658951365, 47.601538866 ], [ -122.660536988, 47.602734581 ], [ -122.661040657, 47.604296841 ], [ -122.660775227, 47.605986184 ], [ -122.659848499, 47.609729427 ], [ -122.660456394, 47.611608999 ], [ -122.660011695, 47.612287285 ], [ -122.659959356, 47.614057166 ], [ -122.660253828, 47.615596406 ], [ -122.662133794, 47.616631515 ], [ -122.664933198, 47.617425923 ], [ -122.668141855, 47.618034506 ], [ -122.669764664, 47.619099334 ], [ -122.672819129, 47.620407022 ], [ -122.673663284, 47.621071491 ], [ -122.676969597, 47.622858902 ], [ -122.677733252, 47.624272846 ], [ -122.676940343, 47.62787234 ], [ -122.676843295, 47.629354064 ], [ -122.675942842, 47.631081727 ], [ -122.6750978, 47.632125569 ], [ -122.673222264, 47.633624902 ], [ -122.672627731, 47.635050974 ], [ -122.673165663381354, 47.637583033673977 ], [ -122.67316567, 47.63758304 ], [ -122.67347754, 47.63776817 ], [ -122.67374068, 47.63786491 ], [ -122.67382001, 47.63789411 ], [ -122.67425294, 47.63818851 ], [ -122.67446814, 47.63829144 ], [ -122.67490148, 47.63856857 ], [ -122.675142572616195, 47.638802694301198 ], [ -122.676823337806425, 47.640097337015156 ], [ -122.67682808, 47.64010097 ], [ -122.67708454, 47.64035757 ], [ -122.677136851058876, 47.64043634976121 ], [ -122.677397700306017, 47.640719657544601 ], [ -122.67739808, 47.64072004 ], [ -122.677398637628599, 47.640720675568552 ], [ -122.678097125879731, 47.641479302094496 ], [ -122.67809714, 47.64147931 ], [ -122.67819214, 47.64164391 ], [ -122.67828861, 47.64185584 ], [ -122.67834861, 47.64203297 ], [ -122.678357631836974, 47.64206186812369 ], [ -122.678920723922261, 47.64332112618721 ], [ -122.67892961, 47.64334097 ], [ -122.67914534, 47.64345591 ], [ -122.679155158719325, 47.643469194060771 ], [ -122.681478502106117, 47.644789890438481 ], [ -122.68147854, 47.64478991 ], [ -122.68157814, 47.64485571 ], [ -122.68179555, 47.64499977 ], [ -122.68194328, 47.64510117 ], [ -122.68209321, 47.64526957 ], [ -122.68216461, 47.64540211 ], [ -122.682247415277757, 47.645621462109666 ], [ -122.683490208286656, 47.646965555560541 ], [ -122.68351821, 47.64699177 ], [ -122.68362188, 47.64709404 ], [ -122.68371734, 47.64727084 ], [ -122.68372561, 47.64747177 ], [ -122.68376495, 47.64762731 ], [ -122.68373628, 47.64773204 ], [ -122.68376081, 47.64779844 ], [ -122.68385301, 47.64789357 ], [ -122.68390055, 47.6479893 ], [ -122.68387001, 47.64804951 ], [ -122.68376068, 47.64806651 ], [ -122.68363981, 47.64807611 ], [ -122.68345368, 47.64810191 ], [ -122.68317755, 47.64808477 ], [ -122.68296868, 47.64808871 ], [ -122.68271448, 47.64806364 ], [ -122.68250275, 47.64800811 ], [ -122.68248855, 47.64793397 ], [ -122.68254161, 47.64788091 ], [ -122.68264108, 47.64789397 ], [ -122.68279735, 47.64794311 ], [ -122.68304175, 47.64799064 ], [ -122.68339495, 47.64800631 ], [ -122.68344908, 47.64799037 ], [ -122.68354568, 47.64792157 ], [ -122.68362248, 47.64791277 ], [ -122.68354115, 47.6478101 ], [ -122.68351641, 47.64775091 ], [ -122.68351394, 47.64769151 ], [ -122.68347948, 47.64765491 ], [ -122.68352021, 47.64757224 ], [ -122.68355161, 47.64753444 ], [ -122.68347275, 47.64749137 ], [ -122.68351441, 47.64743097 ], [ -122.68347601, 47.64729784 ], [ -122.68342701, 47.64717964 ], [ -122.68334541, 47.64706944 ], [ -122.68315195, 47.64691691 ], [ -122.68275481, 47.64663397 ], [ -122.68254961, 47.64646664 ], [ -122.68242148, 47.64629797 ], [ -122.68231655, 47.64615097 ], [ -122.68216808, 47.64601977 ], [ -122.68207961, 47.64601404 ], [ -122.68193755, 47.64603897 ], [ -122.68184215, 47.64613757 ], [ -122.68180201, 47.64623497 ], [ -122.68169448, 47.64629664 ], [ -122.68145481, 47.64635324 ], [ -122.68109234, 47.64638231 ], [ -122.68084301, 47.64647624 ], [ -122.680842970154899, 47.646476331726468 ], [ -122.680595015760048, 47.647229770170739 ], [ -122.68059855, 47.64723251 ], [ -122.68072215, 47.64728971 ], [ -122.68097508, 47.64728497 ], [ -122.68114095, 47.64729677 ], [ -122.68140061, 47.64745557 ], [ -122.68167441, 47.64768871 ], [ -122.68207001, 47.64793431 ], [ -122.68225101, 47.64804264 ], [ -122.682317207673904, 47.648062425812014 ], [ -122.683627956772625, 47.648155311768583 ], [ -122.68363695, 47.64815551 ], [ -122.68392241, 47.64817644 ], [ -122.68412215, 47.64832144 ], [ -122.68440175, 47.64850851 ], [ -122.68458716754364, 47.648702218412652 ], [ -122.684849670035518, 47.648883015101767 ], [ -122.68487054, 47.64889324 ], [ -122.68513448, 47.64901957 ], [ -122.68533328, 47.64912951 ], [ -122.68545701, 47.64930197 ], [ -122.68547762, 47.64949404 ], [ -122.68547175, 47.64966024 ], [ -122.685385863740237, 47.649775253945627 ], [ -122.68534227618018, 47.650201633358456 ], [ -122.68535508, 47.65029211 ], [ -122.685402867335782, 47.65030893869546 ], [ -122.686702150488287, 47.650319308916096 ], [ -122.68673795, 47.65023984 ], [ -122.686812553703405, 47.650166278918228 ], [ -122.686838085478243, 47.650130885912432 ], [ -122.68684501, 47.65001931 ], [ -122.68672608, 47.64995157 ], [ -122.68646701, 47.64995644 ], [ -122.68626201, 47.65000397 ], [ -122.68617108, 47.64998824 ], [ -122.68602968, 47.65001711 ], [ -122.68603841, 47.64992077 ], [ -122.68680628, 47.64989064 ], [ -122.687034200721243, 47.649859024360453 ], [ -122.68763659097381, 47.649023970713174 ], [ -122.68763661, 47.64902391 ], [ -122.68812341, 47.64899357 ], [ -122.68853195, 47.64898591 ], [ -122.689049506311562, 47.648976189047403 ], [ -122.689151792827161, 47.648972733667229 ], [ -122.68963261, 47.64894397 ], [ -122.68988456695547, 47.648922163819094 ], [ -122.690742278576138, 47.6483699120677 ], [ -122.69074228, 47.64836991 ], [ -122.690742282312144, 47.648369909662222 ], [ -122.690742288, 47.648369906 ], [ -122.690742292922835, 47.648369908112109 ], [ -122.69099288, 47.6483333 ], [ -122.69126355, 47.64841344 ], [ -122.69156782, 47.64853537 ], [ -122.69169795, 47.64863917 ], [ -122.69191102, 47.64883744 ], [ -122.69191609616658, 47.648960553592246 ], [ -122.69223021077984, 47.649792739362113 ], [ -122.69245688, 47.64985897 ], [ -122.69252248, 47.64987244 ], [ -122.69264722, 47.64989804 ], [ -122.692775614726415, 47.649948767916442 ], [ -122.692775624743135, 47.649948746779707 ], [ -122.69281488, 47.64975657 ], [ -122.69296148, 47.64949844 ], [ -122.693049785128466, 47.64937022874728 ], [ -122.693215247361451, 47.649021079524459 ], [ -122.69329408, 47.64877937 ], [ -122.693396836412063, 47.648637900385928 ], [ -122.69352842, 47.64836024 ], [ -122.693618687177093, 47.647828119590457 ], [ -122.69363881, 47.64759217 ], [ -122.69366888, 47.6471767 ], [ -122.69372341, 47.64697357 ], [ -122.69377681106667, 47.646895987318238 ], [ -122.693794546133333, 47.646791440003881 ], [ -122.69319648, 47.64679204 ], [ -122.69312741, 47.64626137 ], [ -122.693151097990992, 47.646259590945505 ], [ -122.693818136398093, 47.64588205417062 ], [ -122.69373321, 47.64568611 ], [ -122.69361515, 47.64536904 ], [ -122.69359175, 47.64530591 ], [ -122.69348435, 47.64498877 ], [ -122.69340222, 47.64491577 ], [ -122.69328008, 47.64483171 ], [ -122.69325828, 47.64468471 ], [ -122.69335335, 47.64434564 ], [ -122.693353379983392, 47.644345622193271 ], [ -122.693541920352487, 47.644139878800765 ], [ -122.69354741, 47.64413131 ], [ -122.69372668, 47.64393824 ], [ -122.69397295, 47.64387037 ], [ -122.69429428, 47.64371691 ], [ -122.69446388, 47.64367157 ], [ -122.69480301, 47.64358084 ], [ -122.69503795, 47.64360797 ], [ -122.695225929036127, 47.643584145316744 ], [ -122.697895536721902, 47.642953614438724 ], [ -122.69789568, 47.64295357 ], [ -122.697895980353152, 47.642953386095932 ], [ -122.699178795, 47.642102601 ], [ -122.699572749634342, 47.641723477702158 ], [ -122.69957541, 47.64172084 ], [ -122.69973935, 47.64153864 ], [ -122.69984048, 47.64134697 ], [ -122.69986408, 47.64115684 ], [ -122.70005328, 47.64083724 ], [ -122.70018448, 47.64061344 ], [ -122.70027481, 47.64052744 ], [ -122.70034801, 47.64042084 ], [ -122.70040715, 47.64034764 ], [ -122.70045175, 47.64029237 ], [ -122.70034715, 47.6400203 ], [ -122.70029621, 47.63991604 ], [ -122.70044048, 47.63963924 ], [ -122.70051828, 47.63948557 ], [ -122.70062328, 47.63927744 ], [ -122.70070355, 47.63896104 ], [ -122.70080075, 47.63868637 ], [ -122.70085735, 47.63855931 ], [ -122.70074415, 47.63844597 ], [ -122.70072461, 47.63834144 ], [ -122.70061608, 47.63835391 ], [ -122.70050548, 47.63830357 ], [ -122.70047674, 47.63798924 ], [ -122.70049568, 47.6376125 ], [ -122.70057028, 47.6373187 ], [ -122.70092221, 47.63676637 ], [ -122.70116801, 47.63643044 ], [ -122.70141815, 47.6362113 ], [ -122.70144881, 47.63617597 ], [ -122.70183108, 47.63573577 ], [ -122.7019198, 47.63542612 ], [ -122.70193215, 47.63538304 ], [ -122.70211528, 47.63493124 ], [ -122.702115294423933, 47.634931185583795 ], [ -122.70225677640056, 47.633989434319432 ], [ -122.70221328, 47.63381844 ], [ -122.70223456, 47.63360488 ], [ -122.70231404, 47.63320736 ], [ -122.70240601, 47.6328987 ], [ -122.70272341, 47.63221057 ], [ -122.70295548, 47.63154337 ], [ -122.70310488, 47.6309753 ], [ -122.70346081, 47.63052024 ], [ -122.70363855, 47.62998657 ], [ -122.70380954, 47.62975677 ], [ -122.70387981, 47.62971117 ], [ -122.70387991862151, 47.629711099406038 ], [ -122.705099961, 47.628741355 ], [ -122.705813373, 47.628099109 ], [ -122.706802370186509, 47.626397999215165 ], [ -122.70681174, 47.62628364 ], [ -122.70693034, 47.6260375 ], [ -122.70696688, 47.6256707 ], [ -122.70694814, 47.6252179 ], [ -122.70685328, 47.6248013 ], [ -122.70683221, 47.62474584 ], [ -122.70670874, 47.62442064 ], [ -122.70664401, 47.62410803 ], [ -122.70671148, 47.6238627 ], [ -122.70664608, 47.62353284 ], [ -122.70668615, 47.62338584 ], [ -122.70671295, 47.6232875 ], [ -122.70683494, 47.6231109 ], [ -122.70689733112259, 47.623066287439634 ], [ -122.70767486083642, 47.622223672604804 ], [ -122.70767488, 47.62222364 ], [ -122.70792288, 47.62199217 ], [ -122.708375658131203, 47.621729990227358 ] ], [ [ -122.684118259, 47.723297925 ], [ -122.684009433, 47.741290304 ], [ -122.692038512982265, 47.741312249160153 ], [ -122.69198841, 47.73760256 ], [ -122.6919934, 47.73398857 ], [ -122.6940694, 47.73396456 ], [ -122.69408239, 47.73253856 ], [ -122.69410139, 47.73023357 ], [ -122.69413338, 47.72669257 ], [ -122.69413737, 47.72633357 ], [ -122.69414037, 47.72608457 ], [ -122.694162361562434, 47.723322561762046 ], [ -122.658681835, 47.723225091 ], [ -122.684118259, 47.723297925 ] ], [ [ -122.707438324795547, 47.622645946492 ], [ -122.706897475308764, 47.623066184339798 ], [ -122.70713534, 47.6228961 ], [ -122.70741061, 47.6226991 ], [ -122.707438324795547, 47.622645946492 ] ], [ [ -122.704442300283148, 47.629333411180397 ], [ -122.704814574, 47.628998273 ], [ -122.703879946481052, 47.629711081299909 ], [ -122.70436214, 47.6293977 ], [ -122.704442300283148, 47.629333411180397 ] ] ], [ [ [ -122.78361396, 47.65191156 ], [ -122.78353716, 47.65189596 ], [ -122.7834235, 47.6519067 ], [ -122.7831965, 47.6519369 ], [ -122.78309583, 47.65195596 ], [ -122.78287409, 47.6520973 ], [ -122.7827105, 47.65212616 ], [ -122.7824947, 47.65212183 ], [ -122.78230096, 47.65204009 ], [ -122.78199143, 47.65190903 ], [ -122.78154903, 47.65194336 ], [ -122.7813747, 47.65200676 ], [ -122.78117743, 47.65213903 ], [ -122.78103416, 47.6523475 ], [ -122.7808743, 47.65276163 ], [ -122.78087196, 47.6527769 ], [ -122.78082383, 47.65306236 ], [ -122.7808109, 47.65335383 ], [ -122.7808987, 47.65362616 ], [ -122.78103936, 47.6539489 ], [ -122.7811323, 47.6543411 ], [ -122.78112916, 47.65456383 ], [ -122.78108503, 47.65471876 ], [ -122.78125403, 47.6551095 ], [ -122.78149823, 47.65548163 ], [ -122.78174423, 47.65590496 ], [ -122.78185296, 47.65607403 ], [ -122.78201236, 47.65624236 ], [ -122.78287036, 47.65614843 ], [ -122.78327243, 47.65607203 ], [ -122.78356023, 47.65598083 ], [ -122.78375276, 47.65573716 ], [ -122.78398156, 47.65574983 ], [ -122.78393456, 47.65583643 ], [ -122.78386296, 47.65594063 ], [ -122.78440516, 47.65587863 ], [ -122.7848809, 47.65573223 ], [ -122.78539776, 47.65567083 ], [ -122.7857879, 47.65561176 ], [ -122.78593103, 47.6556945 ], [ -122.78593723, 47.6558401 ], [ -122.7859167, 47.65585796 ], [ -122.78587701, 47.65589192 ], [ -122.78575304, 47.65578452 ], [ -122.78473504, 47.65598952 ], [ -122.78325605, 47.65624152 ], [ -122.78103205, 47.65664252 ], [ -122.78082405, 47.65641852 ], [ -122.78077305, 47.65619252 ], [ -122.78049305, 47.65574852 ], [ -122.78033405, 47.65570852 ], [ -122.78008305, 47.65547852 ], [ -122.77989605, 47.65525352 ], [ -122.77982305, 47.65499152 ], [ -122.77985705, 47.65479252 ], [ -122.77990305, 47.65461352 ], [ -122.78001305, 47.65446252 ], [ -122.78015405, 47.65401152 ], [ -122.78021705, 47.65370452 ], [ -122.78124404, 47.65143352 ], [ -122.78124404, 47.65077052 ], [ -122.78083804, 47.65040353 ], [ -122.78083804, 47.64953553 ], [ -122.78114103, 47.64891753 ], [ -122.78195303, 47.64843753 ], [ -122.78235903, 47.64791053 ], [ -122.78237103, 47.64786353 ], [ -122.78235903, 47.64765953 ], [ -122.78192203, 47.64654053 ], [ -122.78191903, 47.64605853 ], [ -122.78229203, 47.64560253 ], [ -122.78337602, 47.64498353 ], [ -122.78390302, 47.64478653 ], [ -122.78394202, 47.64459953 ], [ -122.78394202, 47.64432053 ], [ -122.78391902, 47.64421253 ], [ -122.78393302, 47.64361853 ], [ -122.78404802, 47.64306053 ], [ -122.78405902, 47.64266453 ], [ -122.78409302, 47.64256553 ], [ -122.78425401, 47.64196353 ], [ -122.78430001, 47.64188253 ], [ -122.78431201, 47.64179253 ], [ -122.78434601, 47.64174753 ], [ -122.78435801, 47.64163953 ], [ -122.78441501, 47.64153153 ], [ -122.78446101, 47.64147753 ], [ -122.78465501, 47.64110953 ], [ -122.78473501, 47.64102853 ], [ -122.78486101, 47.64093854 ], [ -122.78494101, 47.64084854 ], [ -122.78510101, 47.64075953 ], [ -122.78537501, 47.64061554 ], [ -122.78544401, 47.64050753 ], [ -122.78551201, 47.64034654 ], [ -122.78553501, 47.64025654 ], [ -122.78557001, 47.64019354 ], [ -122.78565101, 47.63995054 ], [ -122.78583301, 47.63954554 ], [ -122.78590201, 47.63944754 ], [ -122.78592501, 47.63939354 ], [ -122.786096, 47.63915054 ], [ -122.786439, 47.63889954 ], [ -122.786634, 47.63879154 ], [ -122.786952, 47.63865754 ], [ -122.788049, 47.63827254 ], [ -122.788255, 47.63817354 ], [ -122.788358, 47.63811154 ], [ -122.788495, 47.63794954 ], [ -122.788541, 47.63784154 ], [ -122.788701, 47.63766154 ], [ -122.788849, 47.63745554 ], [ -122.78944099, 47.63678354 ], [ -122.791232, 47.63862554 ], [ -122.791411, 47.63884854 ], [ -122.791389, 47.63909854 ], [ -122.791625, 47.63943304 ], [ -122.791923, 47.63943353 ], [ -122.792606, 47.63940053 ], [ -122.793207, 47.63941153 ], [ -122.79472199, 47.63941353 ], [ -122.79505799, 47.63937953 ], [ -122.79527699, 47.63931853 ], [ -122.79559099, 47.63927053 ], [ -122.79619599, 47.63913953 ], [ -122.79645899, 47.63912753 ], [ -122.79680699, 47.63915653 ], [ -122.79726999, 47.63921253 ], [ -122.79790899, 47.63928853 ], [ -122.79798399, 47.63916153 ], [ -122.79859198, 47.63788753 ], [ -122.79893298, 47.63790753 ], [ -122.80007898, 47.63834653 ], [ -122.80041998, 47.63847453 ], [ -122.80166598, 47.63887753 ], [ -122.80180698, 47.63893353 ], [ -122.80181598, 47.63915053 ], [ -122.80165798, 47.63940753 ], [ -122.80188698, 47.63949753 ], [ -122.80238398, 47.63944453 ], [ -122.80352198, 47.63932453 ], [ -122.80426698, 47.63927853 ], [ -122.80538497, 47.63889053 ], [ -122.80579097, 47.63891353 ], [ -122.80612997, 47.63907353 ], [ -122.80643997, 47.63911153 ], [ -122.80689597, 47.63916853 ], [ -122.80697097, 47.63917753 ], [ -122.80704397, 47.63918653 ], [ -122.80729897, 47.63933953 ], [ -122.80741497, 47.63941353 ], [ -122.80765997, 47.63984953 ], [ -122.80815897, 47.64007453 ], [ -122.80825897, 47.64041853 ], [ -122.80887397, 47.64062553 ], [ -122.80978797, 47.64119653 ], [ -122.81059897, 47.64126553 ], [ -122.81107297, 47.64147153 ], [ -122.81289897, 47.64137953 ], [ -122.81388097, 47.64165453 ], [ -122.81442197, 47.64156253 ], [ -122.81454197, 47.64151953 ], [ -122.81662296, 47.64030053 ], [ -122.81748596, 47.63967153 ], [ -122.81837096, 47.63955553 ], [ -122.81979295, 47.63948553 ], [ -122.82034095, 47.63927653 ], [ -122.82035995, 47.63856153 ], [ -122.82040995, 47.63699553 ], [ -122.82039295, 47.63592453 ], [ -122.82034795, 47.63579453 ], [ -122.82023595, 47.63571753 ], [ -122.82027395, 47.63561853 ], [ -122.82068094, 47.63504653 ], [ -122.82071394, 47.63417853 ], [ -122.82079994, 47.63388553 ], [ -122.82084994, 47.63372153 ], [ -122.82115394, 47.63346953 ], [ -122.82257494, 47.63324153 ], [ -122.82406294, 47.63319553 ], [ -122.82490793, 47.63301253 ], [ -122.82565293, 47.63321853 ], [ -122.82693693, 47.63308053 ], [ -122.82747793, 47.63321753 ], [ -122.82964293, 47.63330953 ], [ -122.83004893, 47.63349153 ], [ -122.83039893, 47.63381153 ], [ -122.83062393, 47.63401753 ], [ -122.83135193, 47.63417753 ], [ -122.83233192, 47.63417753 ], [ -122.83305992, 47.63417753 ], [ -122.83360092, 47.63429153 ], [ -122.83406892, 47.63429353 ], [ -122.83413392, 47.63460853 ], [ -122.83534992, 47.63475053 ], [ -122.83636792, 47.63489403 ], [ -122.83765792, 47.63510153 ], [ -122.83791292, 47.63517553 ], [ -122.83853992, 47.63531353 ], [ -122.83883842, 47.63540953 ], [ -122.83913692, 47.63552353 ], [ -122.83990892, 47.63588753 ], [ -122.84085592, 47.63589153 ], [ -122.84124591, 47.63588453 ], [ -122.84143391, 47.63586753 ], [ -122.84153791, 47.63581553 ], [ -122.84161891, 47.63573653 ], [ -122.84165591, 47.63562153 ], [ -122.84164191, 47.63524453 ], [ -122.84149091, 47.63359953 ], [ -122.84152091, 47.63346453 ], [ -122.84162791, 47.63316853 ], [ -122.84182291, 47.63250253 ], [ -122.84185591, 47.63243753 ], [ -122.84190691, 47.63237553 ], [ -122.84196191, 47.63233553 ], [ -122.84202991, 47.63230353 ], [ -122.84210791, 47.63228553 ], [ -122.84219191, 47.63228353 ], [ -122.84236891, 47.63231753 ], [ -122.84248691, 47.63237153 ], [ -122.84257891, 47.63244753 ], [ -122.84264591, 47.63256153 ], [ -122.84273591, 47.63277653 ], [ -122.84298291, 47.63349053 ], [ -122.84313791, 47.63384653 ], [ -122.84344691, 47.63440053 ], [ -122.84389391, 47.63511053 ], [ -122.84400491, 47.63523853 ], [ -122.84408191, 47.63527953 ], [ -122.84424091, 47.63531653 ], [ -122.84432391, 47.63532553 ], [ -122.84438491, 47.63532253 ], [ -122.84448291, 47.63530153 ], [ -122.84457391, 47.63526553 ], [ -122.84464591, 47.63521753 ], [ -122.84470591, 47.63515953 ], [ -122.84474691, 47.63509553 ], [ -122.84480691, 47.63492253 ], [ -122.84485791, 47.63477353 ], [ -122.84506091, 47.63407553 ], [ -122.8454919, 47.63282253 ], [ -122.8455259, 47.63267053 ], [ -122.8455139, 47.63238553 ], [ -122.8455099, 47.63211853 ], [ -122.8455029, 47.63167753 ], [ -122.8455069, 47.63162653 ], [ -122.8455579, 47.63148753 ], [ -122.8456299, 47.63136753 ], [ -122.8457359, 47.63126353 ], [ -122.8460359, 47.63103953 ], [ -122.8463219, 47.63078953 ], [ -122.8466289, 47.63047653 ], [ -122.8467819, 47.63028753 ], [ -122.84678689, 47.63001653 ], [ -122.84675589, 47.62826853 ], [ -122.84684689, 47.62824653 ], [ -122.84694889, 47.62824653 ], [ -122.84900889, 47.62825353 ], [ -122.84931089, 47.62826253 ], [ -122.84935789, 47.62829153 ], [ -122.84940489, 47.62838353 ], [ -122.84941889, 47.62847953 ], [ -122.84943489, 47.63179053 ], [ -122.84951489, 47.63181853 ], [ -122.85000689, 47.63180853 ], [ -122.8499749, 47.63408853 ], [ -122.8500094, 47.63418153 ], [ -122.8500819, 47.63419353 ], [ -122.8507889, 47.63418652 ], [ -122.8510749, 47.63424552 ], [ -122.85149689, 47.63371853 ], [ -122.85237489, 47.63275053 ], [ -122.85259989, 47.63258253 ], [ -122.85295889, 47.63234853 ], [ -122.85343089, 47.63202753 ], [ -122.85363689, 47.63190953 ], [ -122.85370989, 47.63187553 ], [ -122.85388489, 47.63179853 ], [ -122.85424589, 47.63161453 ], [ -122.85460989, 47.63149353 ], [ -122.85489089, 47.63141753 ], [ -122.85517289, 47.63136353 ], [ -122.85560188, 47.63129853 ], [ -122.85595788, 47.63125653 ], [ -122.85621988, 47.63121653 ], [ -122.85663488, 47.63105953 ], [ -122.85694588, 47.63094753 ], [ -122.85717388, 47.63085753 ], [ -122.85744388, 47.63077453 ], [ -122.85780988, 47.63069753 ], [ -122.85805888, 47.63062153 ], [ -122.85840688, 47.63036653 ], [ -122.85880388, 47.63002553 ], [ -122.85927488, 47.62966853 ], [ -122.85951487, 47.62950253 ], [ -122.85958187, 47.62945653 ], [ -122.85985787, 47.62924553 ], [ -122.86042887, 47.62905053 ], [ -122.86122787, 47.62875153 ], [ -122.86177087, 47.62864153 ], [ -122.86199587, 47.62861853 ], [ -122.86207687, 47.62872253 ], [ -122.86214487, 47.62886653 ], [ -122.86216787, 47.62905553 ], [ -122.86221387, 47.62925353 ], [ -122.86232787, 47.62940653 ], [ -122.86251187, 47.62954153 ], [ -122.86293487, 47.62982753 ], [ -122.86301987, 47.62989353 ], [ -122.86312387, 47.63005553 ], [ -122.86313387, 47.63009553 ], [ -122.86277787, 47.63105753 ], [ -122.86272987, 47.63201152 ], [ -122.86295688, 47.63253852 ], [ -122.86350388, 47.63266052 ], [ -122.86395987, 47.63300252 ], [ -122.86409376, 47.63332883 ], [ -122.86411644, 47.63341755 ], [ -122.86406917, 47.63364395 ], [ -122.8640529, 47.63379182 ], [ -122.8640713, 47.63395462 ], [ -122.8640885, 47.63407875 ], [ -122.8641615, 47.63417049 ], [ -122.86424591, 47.63425429 ], [ -122.86444031, 47.63423475 ], [ -122.8645187, 47.63418467 ], [ -122.86458202, 47.63429171 ], [ -122.86444577, 47.63435895 ], [ -122.86449464, 47.63442015 ], [ -122.86425931, 47.63455709 ], [ -122.86391104, 47.63474289 ], [ -122.86342597, 47.63495462 ], [ -122.86292557, 47.63507362 ], [ -122.86260271, 47.63508975 ], [ -122.8625931, 47.63509095 ], [ -122.8621939, 47.63505429 ], [ -122.86185824, 47.63489742 ], [ -122.86166477, 47.63481202 ], [ -122.86140284, 47.63462295 ], [ -122.86110644, 47.63434375 ], [ -122.8610491, 47.63421775 ], [ -122.8610259, 47.63383082 ], [ -122.86104864, 47.63374949 ], [ -122.86108277, 47.63369602 ], [ -122.86109457, 47.63364162 ], [ -122.86124337, 47.63329135 ], [ -122.86124384, 47.63316515 ], [ -122.86122057, 47.63312035 ], [ -122.86115244, 47.63309295 ], [ -122.86107264, 47.63310175 ], [ -122.8609285, 47.63321335 ], [ -122.86063824, 47.63350649 ], [ -122.86059264, 47.63371309 ], [ -122.8605819, 47.63392929 ], [ -122.86052377, 47.63403709 ], [ -122.86043344, 47.63412669 ], [ -122.8599535, 47.63426115 ], [ -122.85941784, 47.63435049 ], [ -122.85932717, 47.63438629 ], [ -122.85924617, 47.63445815 ], [ -122.8591893, 47.63454842 ], [ -122.85900664, 47.63463815 ], [ -122.85904084, 47.63470122 ], [ -122.85925737, 47.63466569 ], [ -122.8594743, 47.63459342 ], [ -122.85966891, 47.63456722 ], [ -122.8600219, 47.63456729 ], [ -122.86027297, 47.63460335 ], [ -122.8604103, 47.63465782 ], [ -122.8604561, 47.63472955 ], [ -122.86048444, 47.63486469 ], [ -122.86087784, 47.63513549 ], [ -122.8609005, 47.63518915 ], [ -122.86088884, 47.63531555 ], [ -122.8608559, 47.63539642 ], [ -122.8609033, 47.63545922 ], [ -122.8610033, 47.63545002 ], [ -122.86110564, 47.63542362 ], [ -122.86148364, 47.63562162 ], [ -122.86159664, 47.63563069 ], [ -122.86183671, 47.63557715 ], [ -122.86195077, 47.63549629 ], [ -122.8619967, 47.63543369 ], [ -122.86203064, 47.63530755 ], [ -122.86199677, 47.63525335 ], [ -122.8619167, 47.63520869 ], [ -122.8616899, 47.63517249 ], [ -122.8616545, 47.63508235 ], [ -122.86171151, 47.63501915 ], [ -122.86185944, 47.63499255 ], [ -122.8620849, 47.63511255 ], [ -122.86232984, 47.63521595 ], [ -122.86246924, 47.63533962 ], [ -122.86247564, 47.63548395 ], [ -122.86228864, 47.63569255 ], [ -122.86201397, 47.63592695 ], [ -122.8618253, 47.63608729 ], [ -122.86160231, 47.63628442 ], [ -122.86144964, 47.63645622 ], [ -122.8613279, 47.63652495 ], [ -122.86108317, 47.63663228 ], [ -122.86082464, 47.63683015 ], [ -122.86070151, 47.63692415 ], [ -122.86055724, 47.63703435 ], [ -122.86031437, 47.63718375 ], [ -122.8600929, 47.63740509 ], [ -122.86000904, 47.63752709 ], [ -122.85996277, 47.63768469 ], [ -122.85985284, 47.63782542 ], [ -122.8596647, 47.63799789 ], [ -122.8594451, 47.63827329 ], [ -122.8592763, 47.63848135 ], [ -122.85905484, 47.63871469 ], [ -122.8587971, 47.63907862 ], [ -122.85851444, 47.63945355 ], [ -122.85842064, 47.63968409 ], [ -122.85827857, 47.64000355 ], [ -122.85816004, 47.64026969 ], [ -122.85801404, 47.64050129 ], [ -122.8577391, 47.64075295 ], [ -122.85754304, 47.64102075 ], [ -122.8573503, 47.64137635 ], [ -122.85725964, 47.64167729 ], [ -122.85706124, 47.64219122 ], [ -122.85691837, 47.64249302 ], [ -122.85678557, 47.64302342 ], [ -122.85663631, 47.64346609 ], [ -122.85649457, 47.64379422 ], [ -122.85643284, 47.64416469 ], [ -122.85631944, 47.64453635 ], [ -122.85621517, 47.64482862 ], [ -122.85594904, 47.64541662 ], [ -122.85555084, 47.64605902 ], [ -122.85506364, 47.64661662 ], [ -122.85466291, 47.64720129 ], [ -122.85395851, 47.64767675 ], [ -122.85297971, 47.64817635 ], [ -122.85266517, 47.64833716 ], [ -122.8517397, 47.64864409 ], [ -122.85119917, 47.64882109 ], [ -122.85052004, 47.64904335 ], [ -122.84921144, 47.64935815 ], [ -122.84836357, 47.64966622 ], [ -122.84786777, 47.64984642 ], [ -122.84643211, 47.65019235 ], [ -122.84589957, 47.65035669 ], [ -122.84483251, 47.65068575 ], [ -122.84381977, 47.65093682 ], [ -122.84255491, 47.65127929 ], [ -122.84171497, 47.65158442 ], [ -122.84099524, 47.65171422 ], [ -122.84032691, 47.65204489 ], [ -122.83973664, 47.65220082 ], [ -122.8395213, 47.65223056 ], [ -122.83876084, 47.65233556 ], [ -122.83791584, 47.65252562 ], [ -122.83692217, 47.65264542 ], [ -122.83676977, 47.65266389 ], [ -122.83555244, 47.65312069 ], [ -122.83396577, 47.65390196 ], [ -122.83307717, 47.65416296 ], [ -122.83270151, 47.65427329 ], [ -122.8315309, 47.65481549 ], [ -122.83060024, 47.65500722 ], [ -122.82953717, 47.65508602 ], [ -122.82889244, 47.65498349 ], [ -122.82798337, 47.65468456 ], [ -122.8276275, 47.65416909 ], [ -122.82748777, 47.65338702 ], [ -122.8278013, 47.65270289 ], [ -122.82830744, 47.65221116 ], [ -122.8286149, 47.65199096 ], [ -122.82927744, 47.65204902 ], [ -122.82970697, 47.65221889 ], [ -122.82996483, 47.65207096 ], [ -122.83024384, 47.65181569 ], [ -122.83046024, 47.65155516 ], [ -122.83054504, 47.65145302 ], [ -122.83084417, 47.65105449 ], [ -122.83114377, 47.65065602 ], [ -122.83146924, 47.65025722 ], [ -122.83177197, 47.64992996 ], [ -122.83201837, 47.64953269 ], [ -122.83227184, 47.64929576 ], [ -122.83247377, 47.64907762 ], [ -122.83256357, 47.64871896 ], [ -122.83280844, 47.64828596 ], [ -122.83305684, 47.64792429 ], [ -122.8335203, 47.64766529 ], [ -122.83379904, 47.64739216 ], [ -122.8341299, 47.64711782 ], [ -122.83435543, 47.64684576 ], [ -122.83458977, 47.64616322 ], [ -122.83481057, 47.64578429 ], [ -122.83495464, 47.64546022 ], [ -122.83514404, 47.64495695 ], [ -122.83515743, 47.64490336 ], [ -122.83523384, 47.64459849 ], [ -122.8354841, 47.64429009 ], [ -122.8357321, 47.64404702 ], [ -122.83586977, 47.64391215 ], [ -122.8362917, 47.64333262 ], [ -122.83670777, 47.64261896 ], [ -122.83693844, 47.64221122 ], [ -122.8372261, 47.64197029 ], [ -122.83736184, 47.64166522 ], [ -122.83753844, 47.64115776 ], [ -122.83761417, 47.64061876 ], [ -122.83784037, 47.64011029 ], [ -122.83797024, 47.63967096 ], [ -122.8378333, 47.63917529 ], [ -122.83782244, 47.63913642 ], [ -122.8376595, 47.63882055 ], [ -122.8374505, 47.63858955 ], [ -122.83723984, 47.63837682 ], [ -122.8370499, 47.63821076 ], [ -122.8368923, 47.63800549 ], [ -122.83691003, 47.63788929 ], [ -122.8370565, 47.63784002 ], [ -122.83728997, 47.63795896 ], [ -122.8375001, 47.63805502 ], [ -122.8376501, 47.63809829 ], [ -122.83786497, 47.63804769 ], [ -122.83797877, 47.63803002 ], [ -122.83801717, 47.63812969 ], [ -122.8379089, 47.63826296 ], [ -122.8378315, 47.63832636 ], [ -122.8380219, 47.63849242 ], [ -122.8381287, 47.63859056 ], [ -122.8381321, 47.63866782 ], [ -122.83824137, 47.63881229 ], [ -122.83829037, 47.63888849 ], [ -122.8383279, 47.63895716 ], [ -122.83832957, 47.63899582 ], [ -122.8383431, 47.63904955 ], [ -122.8383911, 47.63910256 ], [ -122.8384159, 47.63914836 ], [ -122.8385423, 47.63916142 ], [ -122.83857337, 47.63908349 ], [ -122.8385921, 47.63899056 ], [ -122.8386755, 47.63881136 ], [ -122.8387375, 47.63866336 ], [ -122.8388903, 47.63850589 ], [ -122.8390195, 47.63831802 ], [ -122.83908183, 47.63817775 ], [ -122.8390999, 47.63806922 ], [ -122.83895577, 47.63791789 ], [ -122.83883977, 47.63787375 ], [ -122.83859663, 47.63780149 ], [ -122.8385279, 47.63779516 ], [ -122.83829917, 47.63778429 ], [ -122.8382713, 47.63766902 ], [ -122.83826657, 47.63756096 ], [ -122.8382495, 47.63743789 ], [ -122.83805437, 47.63741862 ], [ -122.8379669, 47.63750522 ], [ -122.83779763, 47.63755489 ], [ -122.83764143, 47.63763535 ], [ -122.83752744, 47.63763762 ], [ -122.83732097, 47.63762635 ], [ -122.83727977, 47.63761142 ], [ -122.83715864, 47.63756769 ], [ -122.83705444, 47.63753896 ], [ -122.83682337, 47.63747416 ], [ -122.83659077, 47.63738609 ], [ -122.83630137, 47.63729929 ], [ -122.8361963, 47.63723956 ], [ -122.83602163, 47.63716589 ], [ -122.83585864, 47.63709189 ], [ -122.8357159, 47.63697136 ], [ -122.8356309, 47.63684942 ], [ -122.83560977, 47.63663375 ], [ -122.83562857, 47.63654062 ], [ -122.83555437, 47.63641102 ], [ -122.83534443, 47.63630702 ], [ -122.83517923, 47.63619449 ], [ -122.83505977, 47.63607349 ], [ -122.83496517, 47.63599809 ], [ -122.83473123, 47.63587916 ], [ -122.83470677, 47.63584109 ], [ -122.83467884, 47.63572576 ], [ -122.83462923, 47.63563422 ], [ -122.83453323, 47.63558336 ], [ -122.83448903, 47.63555989 ], [ -122.83435963, 47.63573216 ], [ -122.83436303, 47.63580942 ], [ -122.83436843, 47.63593289 ], [ -122.83446503, 47.63605435 ], [ -122.83460557, 47.63613655 ], [ -122.83472097, 47.63616509 ], [ -122.83487177, 47.63621609 ], [ -122.83496703, 47.63630689 ], [ -122.83504277, 47.63645982 ], [ -122.83501404, 47.63659149 ], [ -122.83497183, 47.63666962 ], [ -122.83507084, 47.63684522 ], [ -122.83525797, 47.63694962 ], [ -122.83535343, 47.63703256 ], [ -122.8354367, 47.63711589 ], [ -122.83546323, 47.63720022 ], [ -122.8352977, 47.63733482 ], [ -122.8351303, 47.63741529 ], [ -122.83498277, 47.63748029 ], [ -122.8347911, 47.63749942 ], [ -122.83466643, 47.63752502 ], [ -122.83450817, 47.63755902 ], [ -122.83439484, 47.63757676 ], [ -122.83390517, 47.63765289 ], [ -122.83358383, 47.63769289 ], [ -122.83323624, 47.63769982 ], [ -122.8329405, 47.63775616 ], [ -122.83285737, 47.63781556 ], [ -122.8326513, 47.63796329 ], [ -122.83253597, 47.63816722 ], [ -122.8322441, 47.63845102 ], [ -122.8321541, 47.63853902 ], [ -122.83213077, 47.63856162 ], [ -122.83184457, 47.63883609 ], [ -122.83145903, 47.63911255 ], [ -122.83132337, 47.63923436 ], [ -122.8311511, 47.63938902 ], [ -122.83107644, 47.63945616 ], [ -122.83057183, 47.63985256 ], [ -122.8300695, 47.64029929 ], [ -122.82985657, 47.64043922 ], [ -122.82977957, 47.64048989 ], [ -122.82939403, 47.64076629 ], [ -122.8293561, 47.64103582 ], [ -122.8290625, 47.64114249 ], [ -122.82871997, 47.64126689 ], [ -122.82829783, 47.64127529 ], [ -122.82782603, 47.64128469 ], [ -122.8271351, 47.64139929 ], [ -122.8268349, 47.64142376 ], [ -122.82659077, 47.64144369 ], [ -122.82575237, 47.64159482 ], [ -122.82568863, 47.64162349 ], [ -122.82536237, 47.64177056 ], [ -122.82477884, 47.64206769 ], [ -122.82460797, 47.64212749 ], [ -122.82411783, 47.64229922 ], [ -122.82355257, 47.64244489 ], [ -122.82346037, 47.64247122 ], [ -122.82322117, 47.64253962 ], [ -122.82266883, 47.64269762 ], [ -122.82210497, 47.64287682 ], [ -122.82127237, 47.64316196 ], [ -122.82048503, 47.64334556 ], [ -122.8199745, 47.64360769 ], [ -122.81955817, 47.64375036 ], [ -122.81907317, 47.64402876 ], [ -122.81851777, 47.64440229 ], [ -122.8178347, 47.64481502 ], [ -122.81715117, 47.64522762 ], [ -122.81670183, 47.64549842 ], [ -122.81625203, 47.64576922 ], [ -122.81574857, 47.64607869 ], [ -122.81513677, 47.64643996 ], [ -122.81509116, 47.64646496 ], [ -122.8145239, 47.64677636 ], [ -122.8138719, 47.64706369 ], [ -122.81375977, 47.64710816 ], [ -122.81330937, 47.64728689 ], [ -122.81282643, 47.64753176 ], [ -122.81269537, 47.64759829 ], [ -122.8126285, 47.64764642 ], [ -122.81219457, 47.64795756 ], [ -122.81169217, 47.64829176 ], [ -122.8113351, 47.64857323 ], [ -122.81099877, 47.64881422 ], [ -122.8109415, 47.64885529 ], [ -122.8103795, 47.64909096 ], [ -122.81009423, 47.64932109 ], [ -122.8097505, 47.64947756 ], [ -122.80953117, 47.64953176 ], [ -122.80904043, 47.64970363 ], [ -122.80867357, 47.64976076 ], [ -122.8084683, 47.65013896 ], [ -122.8080323, 47.65029736 ], [ -122.8076017, 47.65058009 ], [ -122.80728723, 47.65080523 ], [ -122.80727937, 47.65081103 ], [ -122.80680637, 47.65097003 ], [ -122.80619343, 47.65130643 ], [ -122.8053905, 47.65165049 ], [ -122.80456463, 47.65189816 ], [ -122.80392943, 47.65215476 ], [ -122.80347317, 47.65231443 ], [ -122.80291797, 47.65250876 ], [ -122.80243577, 47.65262183 ], [ -122.80225903, 47.65266316 ], [ -122.80162157, 47.65288129 ], [ -122.80098137, 47.65302243 ], [ -122.80025137, 47.65329376 ], [ -122.79929323, 47.65356956 ], [ -122.7985803, 47.65378923 ], [ -122.79765743, 47.6540001 ], [ -122.79700603, 47.65409496 ], [ -122.79663697, 47.65414869 ], [ -122.79574816, 47.65425616 ], [ -122.79496796, 47.65424576 ], [ -122.79437723, 47.65421883 ], [ -122.7942025, 47.65419076 ], [ -122.79387917, 47.65413863 ], [ -122.79345923, 47.65409549 ], [ -122.7931931, 47.65410069 ], [ -122.79308263, 47.65413823 ], [ -122.7929121, 47.65419623 ], [ -122.7928857, 47.65446649 ], [ -122.79308683, 47.65471963 ], [ -122.79340157, 47.65497036 ], [ -122.79353876, 47.65505769 ], [ -122.7935535, 47.65509336 ], [ -122.79362363, 47.65526149 ], [ -122.79344903, 47.65562469 ], [ -122.7929267, 47.65586636 ], [ -122.79225723, 47.65621356 ], [ -122.79182303, 47.65628636 ], [ -122.79132443, 47.6564195 ], [ -122.79084876, 47.65656596 ], [ -122.7906113, 47.65661329 ], [ -122.79037137, 47.65666103 ], [ -122.78983137, 47.6567743 ], [ -122.7891477, 47.65680483 ], [ -122.78868976, 47.65676243 ], [ -122.7881051, 47.65672263 ], [ -122.7877473, 47.65666109 ], [ -122.78746256, 47.65652956 ], [ -122.78719897, 47.65628636 ], [ -122.78680736, 47.65602849 ], [ -122.7866639, 47.65593723 ], [ -122.78650937, 47.65587169 ], [ -122.78626383, 47.6557651 ], [ -122.78612076, 47.65568223 ], [ -122.78611556, 47.6555625 ], [ -122.78618256, 47.65545683 ], [ -122.78618683, 47.6554497 ], [ -122.7860513, 47.65524689 ], [ -122.7858151, 47.6550631 ], [ -122.7853625, 47.65484916 ], [ -122.7850293, 47.65477016 ], [ -122.7847455, 47.65464716 ], [ -122.7845387, 47.6545571 ], [ -122.7842395, 47.65438303 ], [ -122.78402796, 47.65418163 ], [ -122.7839425, 47.65395209 ], [ -122.7838771, 47.65361076 ], [ -122.78387196, 47.6534909 ], [ -122.78376616, 47.6533903 ], [ -122.7835561, 47.65322303 ], [ -122.78342276, 47.65307156 ], [ -122.78339076, 47.6529181 ], [ -122.7833581, 47.6527473 ], [ -122.78332543, 47.65257676 ], [ -122.78339483, 47.6524211 ], [ -122.78342956, 47.6523435 ], [ -122.78352616, 47.65223023 ], [ -122.78367163, 47.65207329 ], [ -122.78369403, 47.65200429 ], [ -122.78362256, 47.6519215 ], [ -122.78361396, 47.65191156 ] ] ], [ [ [ -122.746515522, 47.721818027 ], [ -122.746515519, 47.72181804 ], [ -122.74649985, 47.721835145 ], [ -122.746515522, 47.721818027 ] ] ], [ [ [ -122.744432236, 47.724535747 ], [ -122.744432266, 47.724535729 ], [ -122.744413865, 47.724569489 ], [ -122.744432236, 47.724535747 ] ] ], [ [ [ -122.743032218, 47.72715603 ], [ -122.743050425, 47.727122198 ], [ -122.743050443, 47.72712217 ], [ -122.743032218, 47.72715603 ] ] ], [ [ [ -122.743819641, 47.729751159 ], [ -122.743826113, 47.729767359 ], [ -122.743826086, 47.729767355 ], [ -122.743819641, 47.729751159 ] ] ], [ [ [ -122.741861477, 47.730027084 ], [ -122.741946278, 47.730002086 ], [ -122.74186151, 47.730027089 ], [ -122.741861477, 47.730027084 ] ] ], [ [ [ -122.740982983, 47.730361916 ], [ -122.741081689, 47.730320795 ], [ -122.740982963, 47.730361944 ], [ -122.740982983, 47.730361916 ] ] ], [ [ [ -122.739597685, 47.731799346 ], [ -122.739765938, 47.731555226 ], [ -122.739765974, 47.731555239 ], [ -122.739597685, 47.731799346 ] ] ], [ [ [ -122.73938293, 47.73218756 ], [ -122.739268762, 47.732419723 ], [ -122.739107458, 47.73274767 ], [ -122.73938293, 47.73218756 ] ] ], [ [ [ -122.738777215, 47.733419143 ], [ -122.738777215, 47.73341914 ], [ -122.738780889, 47.73341167 ], [ -122.738777215, 47.733419143 ] ] ], [ [ [ -122.739770603, 47.735107124 ], [ -122.739942586, 47.735158831 ], [ -122.739461491, 47.73529443 ], [ -122.739770603, 47.735107124 ] ] ], [ [ [ -122.739490151, 47.735264941 ], [ -122.739490143, 47.735264953 ], [ -122.739487177, 47.73526211 ], [ -122.739490151, 47.735264941 ] ] ], [ [ [ -122.739836996, 47.736443548 ], [ -122.739688529, 47.736485846 ], [ -122.739688578, 47.736485829 ], [ -122.739836996, 47.736443548 ] ] ], [ [ [ -122.738851125, 47.736751696 ], [ -122.738770017, 47.736773372 ], [ -122.738655038, 47.736804091 ], [ -122.738851125, 47.736751696 ] ] ], [ [ [ -122.732377823, 47.738551455 ], [ -122.732377803, 47.738551446 ], [ -122.73244019, 47.738458452 ], [ -122.732377823, 47.738551455 ] ] ], [ [ [ -122.730166608, 47.740214743 ], [ -122.730143854, 47.740230985 ], [ -122.730139628, 47.740234 ], [ -122.730166608, 47.740214743 ] ] ], [ [ [ -122.729715227, 47.740536932 ], [ -122.729715225, 47.740536941 ], [ -122.72968686, 47.740557943 ], [ -122.729715227, 47.740536932 ] ] ], [ [ [ -122.729122921, 47.741006015 ], [ -122.729122938, 47.741006005 ], [ -122.728968889, 47.741203686 ], [ -122.729122921, 47.741006015 ] ] ], [ [ [ -122.727963157, 47.743616535 ], [ -122.727992967, 47.743564506 ], [ -122.727993, 47.743564541 ], [ -122.727963157, 47.743616535 ] ] ], [ [ [ -122.727381423, 47.747360168 ], [ -122.726938414, 47.747512573 ], [ -122.727304903, 47.747319986 ], [ -122.727381423, 47.747360168 ] ] ], [ [ [ -122.723461936, 47.748481236 ], [ -122.723527145, 47.748453134 ], [ -122.723506477, 47.74846205 ], [ -122.723461936, 47.748481236 ] ] ], [ [ [ -122.722084837, 47.749577746 ], [ -122.722020641, 47.749708148 ], [ -122.722020634, 47.749708144 ], [ -122.722084837, 47.749577746 ] ] ], [ [ [ -122.721459165, 47.752137565 ], [ -122.721497766, 47.751942507 ], [ -122.721584663, 47.752440165 ], [ -122.721459165, 47.752137565 ] ] ], [ [ [ -122.720828401, 47.757250745 ], [ -122.72104402, 47.757018765 ], [ -122.721044053, 47.757018766 ], [ -122.720828401, 47.757250745 ] ] ], [ [ [ -122.720039054, 47.759865996 ], [ -122.720142135, 47.75936183 ], [ -122.720142163, 47.759361805 ], [ -122.720039054, 47.759865996 ] ] ], [ [ [ -122.719846389, 47.760342024 ], [ -122.719763261, 47.760510827 ], [ -122.719725693, 47.760587065 ], [ -122.719846389, 47.760342024 ] ] ], [ [ [ -122.719272938, 47.761555037 ], [ -122.719272959, 47.761555019 ], [ -122.719222522, 47.761628087 ], [ -122.719272938, 47.761555037 ] ] ], [ [ [ -122.718480048, 47.763047324 ], [ -122.718530837, 47.762964044 ], [ -122.718530845, 47.762964059 ], [ -122.718480048, 47.763047324 ] ] ], [ [ [ -122.716110832, 47.765483753 ], [ -122.716264891, 47.765399981 ], [ -122.716264937, 47.76540001 ], [ -122.716110832, 47.765483753 ] ] ], [ [ [ -122.715299321, 47.767157811 ], [ -122.715302, 47.767164974 ], [ -122.715301999, 47.767164978 ], [ -122.715299321, 47.767157811 ] ] ], [ [ [ -122.709707199, 47.769479401 ], [ -122.709677987, 47.769490552 ], [ -122.709677949, 47.769490538 ], [ -122.709707199, 47.769479401 ] ] ], [ [ [ -122.706371368, 47.770708644 ], [ -122.706371407, 47.770708675 ], [ -122.706084342, 47.770996194 ], [ -122.706371368, 47.770708644 ] ] ], [ [ [ -122.705450961, 47.771535606 ], [ -122.705450999, 47.77153563 ], [ -122.705324476, 47.771635322 ], [ -122.705450961, 47.771535606 ] ] ], [ [ [ -122.704587747, 47.772260519 ], [ -122.704599585, 47.772249456 ], [ -122.704599596, 47.772249452 ], [ -122.704587747, 47.772260519 ] ] ], [ [ [ -122.703886947, 47.772978588 ], [ -122.703907214, 47.772955308 ], [ -122.703886977, 47.772978562 ], [ -122.703886947, 47.772978588 ] ] ], [ [ [ -122.662855, 47.49061801 ], [ -122.66288467, 47.4904512 ], [ -122.66305605, 47.48997049 ], [ -122.66328695, 47.48954409 ], [ -122.66341522, 47.48931431 ], [ -122.66375376, 47.48872445 ], [ -122.66376746, 47.48895573 ], [ -122.66411811, 47.48835419 ], [ -122.66421218, 47.48837918 ], [ -122.66467025, 47.48759318 ], [ -122.66481025, 47.48727885 ], [ -122.66479182, 47.4871983 ], [ -122.66498684, 47.48688259 ], [ -122.66513113, 47.48665371 ], [ -122.66530289, 47.48637769 ], [ -122.66560857, 47.48589072 ], [ -122.66585561, 47.48546659 ], [ -122.66608034, 47.48506227 ], [ -122.6661412, 47.48496255 ], [ -122.666213, 47.48485404 ], [ -122.66628991, 47.48474702 ], [ -122.66637195, 47.48464174 ], [ -122.66645846, 47.48453843 ], [ -122.66654975, 47.48443686 ], [ -122.66664584, 47.48433725 ], [ -122.66675441, 47.48424369 ], [ -122.666867, 47.48415293 ], [ -122.6669422, 47.48408811 ], [ -122.66702137, 47.48402306 ], [ -122.66706934, 47.48398484 ], [ -122.66712654, 47.48393045 ], [ -122.66718936, 47.48387365 ], [ -122.66724378, 47.48383476 ], [ -122.66737268, 47.4837462 ], [ -122.66750576, 47.48366077 ], [ -122.66764266, 47.48357823 ], [ -122.66778373, 47.48349881 ], [ -122.66792864, 47.48342252 ], [ -122.66808862, 47.48336058 ], [ -122.66824269, 47.48328983 ], [ -122.66828957, 47.48325285 ], [ -122.668604949103468, 47.483271039948292 ], [ -122.668438365, 47.483354332499999 ], [ -122.668271772932641, 47.483437628533679 ], [ -122.667835172, 47.483550336 ], [ -122.667835170354309, 47.483550339908533 ], [ -122.66783517, 47.48355034 ], [ -122.667688980239959, 47.483897539430082 ], [ -122.667087773, 47.484209047 ], [ -122.667087771377354, 47.484209049286335 ], [ -122.66708777, 47.48420905 ], [ -122.66684816804505, 47.484546652754538 ], [ -122.666608567, 47.484884253 ], [ -122.665909096, 47.485876046 ], [ -122.665807161501888, 47.485932875879854 ], [ -122.66573983, 47.48597041 ], [ -122.66561833, 47.4863725 ], [ -122.66494908, 47.48758749 ], [ -122.66377646, 47.48970789 ], [ -122.663735500610017, 47.489781959254749 ], [ -122.663733152, 47.489786206 ], [ -122.66373315201443, 47.489786206357181 ], [ -122.66373315, 47.48978621 ], [ -122.663733156533056, 47.489786318224979 ], [ -122.663759557, 47.490439916 ], [ -122.668924018, 47.49049716 ], [ -122.668923137397087, 47.490530069576806 ], [ -122.66892287, 47.49054004 ], [ -122.66891730023822, 47.490748213786908 ], [ -122.668899898107554, 47.491398559980837 ], [ -122.667996143291603, 47.491389407557008 ], [ -122.663104343, 47.491339846 ], [ -122.663065913943043, 47.491744090169774 ], [ -122.66301813, 47.49224671 ], [ -122.662932156620244, 47.492956320127448 ], [ -122.66292492, 47.493016048 ], [ -122.662499871, 47.493593807 ], [ -122.662216174590071, 47.493855515378165 ], [ -122.66193248, 47.49411722 ], [ -122.66171003, 47.49411332 ], [ -122.66155622, 47.49411062 ], [ -122.66142547, 47.49410833 ], [ -122.658244979964891, 47.494052491637333 ], [ -122.657093046876568, 47.494032233581166 ], [ -122.65840978, 47.49403443 ], [ -122.66002754, 47.49405374 ], [ -122.66130757, 47.494069 ], [ -122.66159219, 47.49408048 ], [ -122.66179535, 47.49390483 ], [ -122.66199441, 47.4937743 ], [ -122.66225252, 47.4935364 ], [ -122.66241714, 47.49332149 ], [ -122.66256755, 47.49313861 ], [ -122.66266811, 47.49288215 ], [ -122.66274, 47.4927005 ], [ -122.66276591, 47.49254096 ], [ -122.66280689, 47.49237039 ], [ -122.6628498, 47.49226424 ], [ -122.66279835, 47.49123451 ], [ -122.66280086, 47.49086309 ], [ -122.662855, 47.49061801 ] ] ], [ [ [ -122.678933083, 47.516885886 ], [ -122.683461507, 47.51686415 ], [ -122.683440333, 47.517768874 ], [ -122.681842203, 47.517775328 ], [ -122.681792126, 47.519805121 ], [ -122.678867866, 47.519822378 ], [ -122.678933083, 47.516885886 ] ] ], [ [ [ -122.678903756, 47.525332034 ], [ -122.68372065, 47.525313447 ], [ -122.683720557, 47.525345385 ], [ -122.683717856, 47.526272961 ], [ -122.68411996, 47.527183699 ], [ -122.679733868, 47.527362634 ], [ -122.678895867, 47.527136634 ], [ -122.678903756, 47.525332034 ] ] ], [ [ [ -122.697477418, 47.526668692 ], [ -122.697338717, 47.526656194 ], [ -122.697353427, 47.526493277 ], [ -122.697477418, 47.526668692 ] ] ], [ [ [ -122.68782718, 47.52775637 ], [ -122.68759141, 47.52778211 ], [ -122.68779202, 47.5276957 ], [ -122.68788523, 47.52774736 ], [ -122.68782718, 47.52775637 ] ] ], [ [ [ -122.666302838521418, 47.529686950597906 ], [ -122.666302186454757, 47.529686804192949 ], [ -122.6662326, 47.5296705 ], [ -122.666186209415585, 47.529659478249236 ], [ -122.666087163712874, 47.529635941148925 ], [ -122.666019907561292, 47.529619718657464 ], [ -122.666019168524969, 47.529619533113127 ], [ -122.665946748234589, 47.529600644695044 ], [ -122.665803206657515, 47.529562748185072 ], [ -122.665740472824154, 47.529545935795625 ], [ -122.665722429, 47.529540914 ], [ -122.665677421447526, 47.529528389085328 ], [ -122.66566194, 47.52952408 ], [ -122.665635146431583, 47.529516250946465 ], [ -122.665521829, 47.529483136 ], [ -122.665481813, 47.529470876 ], [ -122.665479723433805, 47.529470235881675 ], [ -122.66546675, 47.52946626 ], [ -122.66538279, 47.52944054 ], [ -122.66522223235701, 47.529388717590301 ], [ -122.665221425633831, 47.529388447084635 ], [ -122.665109272697734, 47.529349996912167 ], [ -122.665106658035015, 47.529349087679122 ], [ -122.66493464, 47.529289 ], [ -122.664841933494955, 47.52925527280204 ], [ -122.664838271, 47.529253935 ], [ -122.664836656103972, 47.529253320198094 ], [ -122.664669744943964, 47.529189219504801 ], [ -122.664669395241134, 47.529189080888145 ], [ -122.66457417, 47.5291504 ], [ -122.664409, 47.52908266 ], [ -122.6643143, 47.52904205 ], [ -122.66416782, 47.52897646 ], [ -122.66406153, 47.52892626 ], [ -122.663913530228953, 47.52885580295456 ], [ -122.663913251993236, 47.528855664329818 ], [ -122.663814443213866, 47.52880538394048 ], [ -122.66381397351951, 47.52880514440362 ], [ -122.66367484, 47.52873399 ], [ -122.66357322, 47.52867846 ], [ -122.663443145807719, 47.528607139946786 ], [ -122.663442640706364, 47.528606849402216 ], [ -122.663342496648355, 47.528548150569321 ], [ -122.663336311863233, 47.528544522117301 ], [ -122.663217741535519, 47.528474874397787 ], [ -122.663217589102018, 47.528474780329432 ], [ -122.66311161, 47.5284082 ], [ -122.66299976, 47.5283379 ], [ -122.66288528, 47.52826206 ], [ -122.66287787558089, 47.527565459513056 ], [ -122.662870603026278, 47.526880982473607 ], [ -122.66298225, 47.52697224 ], [ -122.663039424639777, 47.527018973062319 ], [ -122.663398618, 47.527312574 ], [ -122.663923168754565, 47.527307282081495 ], [ -122.6640563, 47.52730594 ], [ -122.66817849, 47.52726427 ], [ -122.668219642997713, 47.5272643099932 ], [ -122.668301970039195, 47.527264393999019 ], [ -122.66832846, 47.52996744 ], [ -122.668161921741245, 47.529956469230434 ], [ -122.668159965, 47.529956339 ], [ -122.66803337, 47.52994749 ], [ -122.66786324, 47.52993217 ], [ -122.66775103, 47.52992174 ], [ -122.66756172, 47.52990044 ], [ -122.66745455, 47.52988788 ], [ -122.66726201, 47.52986161 ], [ -122.667169595709481, 47.529848697345649 ], [ -122.667169226949412, 47.529848642714903 ], [ -122.66711289, 47.52983976 ], [ -122.667029977901251, 47.529826328686973 ], [ -122.666963118881611, 47.529815494643174 ], [ -122.666878293771234, 47.529801552799775 ], [ -122.666877331164628, 47.529801386152677 ], [ -122.666816740512104, 47.529790313849709 ], [ -122.666669019086029, 47.529762728902021 ], [ -122.666589004825724, 47.52974757205935 ], [ -122.666588469886733, 47.529747465854292 ], [ -122.666523589510049, 47.529733960223879 ], [ -122.666476336860413, 47.529723945836579 ], [ -122.66637743, 47.52970298 ], [ -122.666302838521418, 47.529686950597906 ] ] ], [ [ [ -122.67427105, 47.53018465 ], [ -122.67427274, 47.53044281 ], [ -122.67427303, 47.5304872 ], [ -122.67419152, 47.5306257 ], [ -122.67405369, 47.53075782 ], [ -122.674053693330393, 47.530757805786671 ], [ -122.674061605, 47.530750221 ], [ -122.674061614, 47.530750211 ], [ -122.674059178506695, 47.530734396373091 ], [ -122.67405918, 47.53073439 ], [ -122.67406098, 47.53065788 ], [ -122.67408363, 47.53058956 ], [ -122.674120228618548, 47.530538551925346 ], [ -122.674120233060776, 47.53053854801415 ], [ -122.674166326134966, 47.530508642507662 ], [ -122.674176688, 47.530504 ], [ -122.674260103, 47.528891461 ], [ -122.674262299049772, 47.528849012299958 ], [ -122.67426232, 47.52884865 ], [ -122.67426828, 47.52976142 ], [ -122.67426914, 47.5298925 ], [ -122.67427105, 47.53018465 ] ] ], [ [ [ -122.670993795683273, 47.53128609349514 ], [ -122.671032851, 47.531283544 ], [ -122.671032907, 47.531283545 ], [ -122.671087376, 47.531284141 ], [ -122.671087417348957, 47.531284139202221 ], [ -122.67108749, 47.53128414 ], [ -122.67093817, 47.53129114 ], [ -122.670938212343174, 47.531291133168594 ], [ -122.67093824, 47.531291132 ], [ -122.670944106506482, 47.531290182238237 ], [ -122.67095286, 47.53128877 ], [ -122.670993795683273, 47.53128609349514 ] ] ], [ [ [ -122.66431512, 47.5376189 ], [ -122.66420949, 47.53776434 ], [ -122.66423396, 47.53772547 ], [ -122.66436176, 47.5373716 ], [ -122.66445900288447, 47.537086085028719 ], [ -122.664459009, 47.537086072 ], [ -122.664479291, 47.537026523 ], [ -122.664479292, 47.53702652 ], [ -122.664650695, 47.536667034 ], [ -122.664650698, 47.536667027 ], [ -122.664709337, 47.536545418 ], [ -122.664709400457753, 47.536545281321786 ], [ -122.6647257342389, 47.536511409736683 ], [ -122.664725758, 47.536511364 ], [ -122.664732902, 47.53649655 ], [ -122.664732903, 47.536496547 ], [ -122.664780686218862, 47.536351288449438 ], [ -122.66482004, 47.53623166 ], [ -122.664907314469247, 47.536075466340556 ], [ -122.664925501, 47.536042919 ], [ -122.664943501713552, 47.536011942027997 ], [ -122.66505442, 47.53582107 ], [ -122.66513731974905, 47.535668773442779 ], [ -122.665216075, 47.535524097 ], [ -122.665315445, 47.535390432 ], [ -122.665349583796498, 47.535344511135129 ], [ -122.66551419, 47.5351231 ], [ -122.66578712, 47.5347409 ], [ -122.6659941, 47.53445162 ], [ -122.666070464914341, 47.534278485628484 ], [ -122.666070466, 47.534278484 ], [ -122.666084394480293, 47.534246904546137 ], [ -122.66622, 47.53393946 ], [ -122.666288359320234, 47.533760857372727 ], [ -122.666366894, 47.533555682 ], [ -122.666367372, 47.53355489 ], [ -122.666442065726869, 47.533431348045774 ], [ -122.66651814, 47.53330553 ], [ -122.666669018126385, 47.533186222891992 ], [ -122.666669298, 47.533186002 ], [ -122.666734800800782, 47.533144844306406 ], [ -122.66695627, 47.53300569 ], [ -122.6674238, 47.53272759 ], [ -122.66747551, 47.53264094 ], [ -122.66775242, 47.53242237 ], [ -122.66805467, 47.53221979 ], [ -122.668105049260021, 47.53219112731302 ], [ -122.668496953, 47.531968165 ], [ -122.66883777, 47.531817734 ], [ -122.668837774, 47.531817732 ], [ -122.668884372866501, 47.531800221085255 ], [ -122.66894775, 47.53177641 ], [ -122.66877025, 47.53192463 ], [ -122.66848391, 47.53206537 ], [ -122.66836525, 47.53217157 ], [ -122.66812365, 47.5322803 ], [ -122.66782205, 47.53243164 ], [ -122.66776425, 47.53251597 ], [ -122.66749518, 47.5327085 ], [ -122.66728565, 47.5328583 ], [ -122.66683538, 47.53312704 ], [ -122.66651232, 47.53349744 ], [ -122.66638598, 47.53380177 ], [ -122.66621372, 47.5340967 ], [ -122.66566172, 47.53500064 ], [ -122.66526785, 47.5357357 ], [ -122.66489925, 47.53635757 ], [ -122.66462498, 47.53705957 ], [ -122.66431512, 47.5376189 ] ] ], [ [ [ -122.66376471, 47.53835698 ], [ -122.66378129, 47.53832715 ], [ -122.663796160192007, 47.538304864631868 ], [ -122.663796208, 47.538304793 ], [ -122.663811153, 47.538282401 ], [ -122.66384561930893, 47.538240623315723 ], [ -122.6638695, 47.53821168 ], [ -122.66391989, 47.53815495 ], [ -122.66376471, 47.53835698 ] ] ], [ [ [ -122.675356267, 47.539167724 ], [ -122.675365766, 47.539152147 ], [ -122.675356267, 47.539167726 ], [ -122.675356267, 47.539167724 ] ] ], [ [ [ -122.66247461, 47.53927409 ], [ -122.66253477, 47.53926138 ], [ -122.66259269, 47.53924913 ], [ -122.66264946, 47.53923013 ], [ -122.66271374, 47.53920494 ], [ -122.66281965, 47.53916151 ], [ -122.662874504137392, 47.539137665723494 ], [ -122.662874462, 47.539137687 ], [ -122.662926658, 47.539114999 ], [ -122.662926674, 47.539114992 ], [ -122.663027427, 47.539071683 ], [ -122.663057105237826, 47.539057041628389 ], [ -122.66308626, 47.53904266 ], [ -122.663098743076205, 47.539034924131123 ], [ -122.663143903, 47.539006944 ], [ -122.663189633209498, 47.538968459717722 ], [ -122.6631922, 47.5389663 ], [ -122.66323686, 47.53892533 ], [ -122.66356148, 47.53862156 ], [ -122.66345332, 47.53876237 ], [ -122.66310338, 47.53909677 ], [ -122.66259892, 47.5393521 ], [ -122.66227198, 47.53949157 ], [ -122.66210112, 47.53976124 ], [ -122.66191078, 47.53978455 ], [ -122.661910797845366, 47.539784540014729 ], [ -122.661910798, 47.53978454 ], [ -122.661911452920563, 47.539784173471091 ], [ -122.66193975, 47.53976834 ], [ -122.66200397, 47.53971979 ], [ -122.66207475, 47.53965622 ], [ -122.66210869, 47.53960602 ], [ -122.66214867, 47.53951898 ], [ -122.66219298, 47.53946066 ], [ -122.66225074, 47.53942259 ], [ -122.66232069, 47.53938642 ], [ -122.662331997117406, 47.53937742435027 ], [ -122.662345634, 47.539370537 ], [ -122.662345683, 47.539370513 ], [ -122.662369615, 47.539351534 ], [ -122.662369666, 47.539351493 ], [ -122.662375835231742, 47.539342542429949 ], [ -122.66241295, 47.53929973 ], [ -122.66247461, 47.53927409 ] ] ], [ [ [ -122.675301883, 47.539504122 ], [ -122.675301887, 47.539504121 ], [ -122.675300961, 47.539509013 ], [ -122.675301883, 47.539504122 ] ] ], [ [ [ -122.675262117, 47.539971023 ], [ -122.675262118, 47.539971003 ], [ -122.675262216, 47.539973251 ], [ -122.675262117, 47.539971023 ] ] ], [ [ [ -122.689436605315805, 47.558242447833841 ], [ -122.689663496532319, 47.558241921104994 ], [ -122.68973311, 47.55824176 ], [ -122.68999236, 47.55824116 ], [ -122.69005718, 47.55824101 ], [ -122.690444243533733, 47.558240108597779 ], [ -122.690618737944831, 47.55823970350832 ], [ -122.69069585, 47.55823953 ], [ -122.690831749960225, 47.558239210000096 ], [ -122.690814805, 47.558665238 ], [ -122.690808903, 47.559069847 ], [ -122.690802179, 47.559530941 ], [ -122.69079558, 47.55998327 ], [ -122.691564556066382, 47.55998118511603 ], [ -122.69174136, 47.55998071 ], [ -122.69195843, 47.55998012 ], [ -122.69200349222281, 47.559979995051741 ], [ -122.692019739985028, 47.559979951000045 ], [ -122.692019717455722, 47.559981455196123 ], [ -122.692008970878589, 47.560698486484647 ], [ -122.69200877, 47.56071188 ], [ -122.692008608888102, 47.560722639152374 ], [ -122.691993948828085, 47.56170078518042 ], [ -122.69199234, 47.56180797 ], [ -122.691989633262409, 47.561988727618711 ], [ -122.691985763566805, 47.5622469207892 ], [ -122.69198447, 47.56233304 ], [ -122.691981999205396, 47.562498085870267 ], [ -122.691980078150976, 47.562626262136483 ], [ -122.69197728, 47.56281286 ], [ -122.69197358, 47.56305974 ], [ -122.69196482004493, 47.563644047002462 ], [ -122.69376394288993, 47.563644780150241 ], [ -122.694440894757321, 47.563645049997909 ], [ -122.692761065614249, 47.564926036904509 ], [ -122.692625579141989, 47.565029353028713 ], [ -122.692625581447459, 47.565029353033083 ], [ -122.692625571, 47.565029361 ], [ -122.693525405889346, 47.565031059417649 ], [ -122.694244272270538, 47.565032422641899 ], [ -122.69431179, 47.56503255 ], [ -122.694653697858939, 47.565033189042786 ], [ -122.694654205, 47.56503319 ], [ -122.69464905171769, 47.566181667153096 ], [ -122.69464863, 47.56627557 ], [ -122.694648597738833, 47.566282842345686 ], [ -122.694648246006111, 47.566361230638108 ], [ -122.69455881, 47.56637552 ], [ -122.69445057, 47.56639282 ], [ -122.694400582479787, 47.566400809348103 ], [ -122.694330442, 47.566412018 ], [ -122.694148480044134, 47.566419082447425 ], [ -122.6941135, 47.56642044 ], [ -122.69400522, 47.56642464 ], [ -122.693842008294538, 47.566430979677811 ], [ -122.693842008983196, 47.566430980806537 ], [ -122.693842004, 47.566430981 ], [ -122.69384201669375, 47.566430993444186 ], [ -122.693842021128987, 47.566431000713585 ], [ -122.69405614, 47.56664091 ], [ -122.69409923, 47.56671401 ], [ -122.69412953, 47.56676542 ], [ -122.694161640572403, 47.566819886801134 ], [ -122.694177228, 47.566846331 ], [ -122.694221805, 47.566953338 ], [ -122.694353287, 47.567268951 ], [ -122.694392933708954, 47.567425149966894 ], [ -122.69446313, 47.56770173 ], [ -122.69451709, 47.56815745 ], [ -122.694515922711346, 47.568243986349472 ], [ -122.694512478, 47.568499206 ], [ -122.694505606, 47.56901161 ], [ -122.6902966559813, 47.569083553897762 ], [ -122.689244411000104, 47.569101539982903 ], [ -122.689249822978667, 47.568108151163131 ], [ -122.68925086, 47.56791854 ], [ -122.689251399947807, 47.567818692607254 ], [ -122.689264244, 47.565461119 ], [ -122.687243710000075, 47.565467319987725 ], [ -122.687244553950052, 47.565320972809687 ], [ -122.687248307415487, 47.564673164460906 ], [ -122.68724906, 47.56454356 ], [ -122.68724905835802, 47.564543559740805 ], [ -122.687249159, 47.56452619 ], [ -122.687002527132663, 47.564504644282948 ], [ -122.6870025, 47.56450464 ], [ -122.68678192, 47.56448574 ], [ -122.686579671, 47.564456968 ], [ -122.686580098353886, 47.564369959642136 ], [ -122.68658132, 47.56412181 ], [ -122.68658156, 47.56407312 ], [ -122.686583664860777, 47.563643826302062 ], [ -122.686583710127664, 47.563634610057626 ], [ -122.68658817, 47.56328729 ], [ -122.6865893, 47.56320158 ], [ -122.68659295, 47.56292478 ], [ -122.68659351, 47.56288249 ], [ -122.68659407, 47.56283975 ], [ -122.68659771, 47.56256364 ], [ -122.68660248, 47.5622018 ], [ -122.686603787327272, 47.562102366225595 ], [ -122.686606266898778, 47.561914265107738 ], [ -122.68660675, 47.56187769 ], [ -122.68660748, 47.56182261 ], [ -122.68661225, 47.56146055 ], [ -122.68661478, 47.56126855 ], [ -122.68661679, 47.56111609 ], [ -122.68661966, 47.56089826 ], [ -122.68662156, 47.56075426 ], [ -122.686621801459694, 47.560735808154824 ], [ -122.686627810682992, 47.560279946478339 ], [ -122.6866279, 47.56027318 ], [ -122.68662999, 47.56011495 ], [ -122.686630809802949, 47.56005243224191 ], [ -122.686631574, 47.55999446 ], [ -122.683945699963218, 47.560001596986815 ], [ -122.683945697803864, 47.560001420106865 ], [ -122.683960173, 47.559088194 ], [ -122.683934550019202, 47.559088261572512 ], [ -122.68393455, 47.55908826 ], [ -122.68153848, 47.55909458 ], [ -122.68137064, 47.55909502 ], [ -122.681370640014833, 47.559095013100865 ], [ -122.681348306, 47.559095072 ], [ -122.681371674409064, 47.558305039083621 ], [ -122.681372387, 47.558280958 ], [ -122.68061207975596, 47.558273937936434 ], [ -122.68048679, 47.55827278 ], [ -122.680427512423819, 47.558272233790632 ], [ -122.680044584506717, 47.558268698143245 ], [ -122.6799341, 47.55826767 ], [ -122.67993541, 47.55818542 ], [ -122.679935555838611, 47.558176272732268 ], [ -122.679940855329534, 47.55784399905842 ], [ -122.679964519968209, 47.556360431993141 ], [ -122.680023230669434, 47.556360296353247 ], [ -122.680317716611796, 47.556359625996549 ], [ -122.685122978, 47.556348524 ], [ -122.688962183941157, 47.556339654549426 ], [ -122.689224225488374, 47.556339039206577 ], [ -122.689355899, 47.556338735 ], [ -122.689355142866518, 47.558189125826061 ], [ -122.689355120001295, 47.558242636979166 ], [ -122.68935512100002, 47.558242636976857 ], [ -122.689355121, 47.558242637 ], [ -122.689358538638416, 47.558242629065937 ], [ -122.689424468528102, 47.558242476455931 ], [ -122.689436605315805, 47.558242447833841 ] ] ], [ [ [ -122.673223894, 47.578373799 ], [ -122.673075983, 47.578873772 ], [ -122.673104942, 47.579303084 ], [ -122.671181327, 47.579297478 ], [ -122.672026831, 47.578375685 ], [ -122.673223894, 47.578373799 ] ] ], [ [ [ -122.666434251, 47.585096856 ], [ -122.666254006, 47.584587934 ], [ -122.666474114, 47.584717567 ], [ -122.666434251, 47.585096856 ] ] ], [ [ [ -122.666336549, 47.586044734 ], [ -122.665705742, 47.586132436 ], [ -122.665693336, 47.584961371 ], [ -122.666213324, 47.584584917 ], [ -122.666336549, 47.586044734 ] ] ], [ [ [ -122.67209085, 47.58762024 ], [ -122.672059262, 47.587838922 ], [ -122.672054357, 47.587621243 ], [ -122.67209085, 47.58762024 ] ] ], [ [ [ -122.672140382, 47.581214307 ], [ -122.672289042, 47.582078093 ], [ -122.671928252, 47.583517899 ], [ -122.671829143, 47.586084556 ], [ -122.672013462, 47.588066899 ], [ -122.671613783, 47.589653974 ], [ -122.672011257, 47.590479243 ], [ -122.671576918, 47.59114977 ], [ -122.671042316, 47.595210236 ], [ -122.670228126, 47.597569048 ], [ -122.670847321, 47.599051907 ], [ -122.670804513, 47.600187337 ], [ -122.669834538, 47.600791013 ], [ -122.67017212, 47.601812567 ], [ -122.669393787, 47.603060899 ], [ -122.667990137, 47.603554239 ], [ -122.667021078, 47.603170366 ], [ -122.666309133, 47.601977834 ], [ -122.664042926, 47.601590596 ], [ -122.663464882, 47.600693993 ], [ -122.663487945, 47.59955331 ], [ -122.661900014, 47.598900436 ], [ -122.661668874, 47.59832525 ], [ -122.662488928, 47.597177322 ], [ -122.663032195, 47.59485307 ], [ -122.663414202, 47.594448251 ], [ -122.663925807, 47.593786041 ], [ -122.663702859, 47.594142356 ], [ -122.663998098, 47.593829486 ], [ -122.664495347, 47.591512179 ], [ -122.665277405, 47.590057306 ], [ -122.665195385, 47.588683624 ], [ -122.665619809, 47.587509836 ], [ -122.665547607, 47.586250064 ], [ -122.666680053, 47.588910866 ], [ -122.66682881, 47.587421905 ], [ -122.667660735, 47.586486365 ], [ -122.667021741, 47.586136106 ], [ -122.667460141, 47.585403972 ], [ -122.666556071, 47.58325623 ], [ -122.665767944, 47.582351028 ], [ -122.662983541, 47.580519309 ], [ -122.661294904, 47.579595402 ], [ -122.659743260380026, 47.580102110380032 ], [ -122.65979344, 47.58015229 ], [ -122.6596626, 47.5802354 ], [ -122.65968384, 47.57953787 ], [ -122.659683845201428, 47.579537921508134 ], [ -122.659696878, 47.579109947 ], [ -122.659696901579622, 47.579109936908395 ], [ -122.66059174, 47.579107421 ], [ -122.660589111771159, 47.578728088938 ], [ -122.660856699, 47.578613567 ], [ -122.661125040580714, 47.578665167725319 ], [ -122.661126558, 47.578846178 ], [ -122.662059050400828, 47.578844773077741 ], [ -122.662059102, 47.578844783 ], [ -122.662146761235746, 47.578392292164381 ], [ -122.662461713, 47.578391815 ], [ -122.662461166, 47.577853386 ], [ -122.662339621, 47.577853575 ], [ -122.662339501, 47.577397393 ], [ -122.662339499062156, 47.577397393003046 ], [ -122.662339501, 47.577397383 ], [ -122.661116235, 47.577399308 ], [ -122.661329034033301, 47.576030536684101 ], [ -122.661400066, 47.576030419 ], [ -122.661399959015057, 47.575574331225397 ], [ -122.661399969, 47.575574267 ], [ -122.661116000886906, 47.575495212391012 ], [ -122.661115982, 47.575346676 ], [ -122.660585700893094, 47.575347580819972 ], [ -122.660460178616646, 47.575312636352528 ], [ -122.660460182, 47.575119735 ], [ -122.659771505639611, 47.575120914921804 ], [ -122.65977147, 47.575120905 ], [ -122.659852558, 47.572384171 ], [ -122.660491417811286, 47.572398209793576 ], [ -122.660488569, 47.572449978 ], [ -122.661102304, 47.572448806 ], [ -122.661102302890882, 47.572411633849015 ], [ -122.662583285357698, 47.572444178089185 ], [ -122.662583291, 47.572462605 ], [ -122.663353247971315, 47.572461097835898 ], [ -122.663353665, 47.572461107 ], [ -122.663353818, 47.57342062 ], [ -122.664123603418275, 47.573744667967297 ], [ -122.664123618, 47.57383033 ], [ -122.664326148401926, 47.573829931066179 ], [ -122.664326172, 47.573829941 ], [ -122.664326454, 47.575418196 ], [ -122.664326464, 47.575418195982898 ], [ -122.664326464, 47.575418196 ], [ -122.664327849999012, 47.575418193612059 ], [ -122.665136715, 47.57541681 ], [ -122.665136882, 47.576231747 ], [ -122.665137258530052, 47.576231738668014 ], [ -122.666355856, 47.576237137 ], [ -122.66635585009756, 47.576204773245045 ], [ -122.666919482, 47.576192301 ], [ -122.66691948108064, 47.576192291001597 ], [ -122.666919482, 47.576192291 ], [ -122.6669194, 47.575824933 ], [ -122.66688570793211, 47.575824991544572 ], [ -122.666817958, 47.575088178 ], [ -122.66770704, 47.575089587 ], [ -122.667714123, 47.576984791 ], [ -122.667814181825975, 47.57716652325832 ], [ -122.667836879, 47.577234398 ], [ -122.667956576, 47.577470783 ], [ -122.667918728, 47.577480562 ], [ -122.668207772, 47.577992791 ], [ -122.668245625, 47.57798301 ], [ -122.66871883, 47.578821572 ], [ -122.668989533994036, 47.579301261515731 ], [ -122.66898976, 47.579301672 ], [ -122.668990737709095, 47.579301672335468 ], [ -122.670005358, 47.579312398 ], [ -122.670006016, 47.579409721 ], [ -122.671182309, 47.579409671 ], [ -122.671181360812227, 47.57930242398141 ], [ -122.673104942, 47.579303084 ], [ -122.672140382, 47.581214307 ] ] ], [ [ [ -122.670421521, 47.597058967 ], [ -122.670332651, 47.597628236 ], [ -122.670268418, 47.597565747 ], [ -122.670421521, 47.597058967 ] ] ], [ [ [ -122.69529379, 47.605245431 ], [ -122.695158551, 47.605422714 ], [ -122.6954293, 47.604809579 ], [ -122.69529379, 47.605245431 ] ] ], [ [ [ -122.694202126, 47.607526504 ], [ -122.694193019, 47.607451596 ], [ -122.69424492, 47.607332746 ], [ -122.694202126, 47.607526504 ] ] ], [ [ [ -122.669646379, 47.618970632 ], [ -122.670076668, 47.619156654 ], [ -122.670268687, 47.619293382 ], [ -122.669646379, 47.618970632 ] ] ], [ [ [ -122.69986741, 47.775024994 ], [ -122.699348864, 47.775025337 ], [ -122.699867462, 47.77502498 ], [ -122.69986741, 47.775024994 ] ] ], [ [ [ -122.697346486, 47.775433383 ], [ -122.697176002, 47.77545971 ], [ -122.69734646, 47.775433382 ], [ -122.697346486, 47.775433383 ] ] ], [ [ [ -122.693361734, 47.776270467 ], [ -122.693175504, 47.776436673 ], [ -122.693175487, 47.776436645 ], [ -122.693361734, 47.776270467 ] ] ], [ [ [ -122.692884317, 47.776741737 ], [ -122.692789842, 47.776850242 ], [ -122.692789802, 47.776850266 ], [ -122.692884317, 47.776741737 ] ] ], [ [ [ -122.691671655, 47.777664346 ], [ -122.691671745, 47.777664284 ], [ -122.691660793, 47.777672096 ], [ -122.691671655, 47.777664346 ] ] ], [ [ [ -122.689669233, 47.77961324 ], [ -122.689669267, 47.779613216 ], [ -122.689655191, 47.779776907 ], [ -122.689669233, 47.77961324 ] ] ], [ [ [ -122.689354428, 47.781454859 ], [ -122.689325017, 47.781536434 ], [ -122.689271472, 47.781684815 ], [ -122.689354428, 47.781454859 ] ] ], [ [ [ -122.688793615, 47.783143033 ], [ -122.688793648, 47.783143017 ], [ -122.688769821, 47.783205689 ], [ -122.688793615, 47.783143033 ] ] ], [ [ [ -122.688419612, 47.784227795 ], [ -122.688358361, 47.784437606 ], [ -122.688358325, 47.784437632 ], [ -122.688419612, 47.784227795 ] ] ], [ [ [ -122.687297301, 47.786870821 ], [ -122.687279331, 47.786906059 ], [ -122.687279333, 47.786906052 ], [ -122.687297301, 47.786870821 ] ] ], [ [ [ -122.687013173, 47.787819847 ], [ -122.687031352, 47.787764349 ], [ -122.687031357, 47.787764345 ], [ -122.687013173, 47.787819847 ] ] ], [ [ [ -122.686317841, 47.78974703 ], [ -122.686317864, 47.789747057 ], [ -122.686245384, 47.789922918 ], [ -122.686317841, 47.78974703 ] ] ], [ [ [ -122.685959461, 47.790530416 ], [ -122.685959473, 47.790530432 ], [ -122.68593862, 47.790594037 ], [ -122.685959461, 47.790530416 ] ] ], [ [ [ -122.685739393, 47.791291601 ], [ -122.685739367, 47.791291584 ], [ -122.685768304, 47.791177776 ], [ -122.685739393, 47.791291601 ] ] ], [ [ [ -122.685234096, 47.794389886 ], [ -122.685249789, 47.794311664 ], [ -122.685249798, 47.794311661 ], [ -122.685234096, 47.794389886 ] ] ], [ [ [ -122.678692492, 47.802754889 ], [ -122.678692443, 47.802754884 ], [ -122.678862537, 47.802656609 ], [ -122.678692492, 47.802754889 ] ] ], [ [ [ -122.674869355, 47.803774329 ], [ -122.674862016, 47.803815993 ], [ -122.674861992, 47.803816008 ], [ -122.674869355, 47.803774329 ] ] ], [ [ [ -122.672364456, 47.806177454 ], [ -122.672364479, 47.806177471 ], [ -122.672318121, 47.806206797 ], [ -122.672364456, 47.806177454 ] ] ], [ [ [ -122.671560268, 47.807092866 ], [ -122.671560264, 47.807092882 ], [ -122.67153202, 47.807122446 ], [ -122.671560268, 47.807092866 ] ] ], [ [ [ -122.67050064, 47.807626311 ], [ -122.67043622, 47.807736008 ], [ -122.670437018, 47.807651361 ], [ -122.67050064, 47.807626311 ] ] ], [ [ [ -122.666854219, 47.810673294 ], [ -122.666850299, 47.810680621 ], [ -122.666854198, 47.810673331 ], [ -122.666854219, 47.810673294 ] ] ], [ [ [ -122.666409304, 47.811348772 ], [ -122.666568738, 47.811156528 ], [ -122.66656877, 47.811156538 ], [ -122.666409304, 47.811348772 ] ] ], [ [ [ -122.664798864, 47.81252123 ], [ -122.664869287, 47.8124963 ], [ -122.664869235, 47.812496328 ], [ -122.664798864, 47.81252123 ] ] ], [ [ [ -122.65041308, 47.50745674 ], [ -122.650345116215959, 47.507472296823714 ], [ -122.650270787, 47.507489309 ], [ -122.650270779, 47.50748931 ], [ -122.649498607, 47.507516001 ], [ -122.649498606, 47.507516 ], [ -122.649060928, 47.507531128 ], [ -122.649003277266289, 47.507533120346693 ], [ -122.64886396, 47.50753793 ], [ -122.648690962253895, 47.507140344483851 ], [ -122.648518301, 47.506743529 ], [ -122.648510876794191, 47.506726452226758 ], [ -122.64849468, 47.50668919 ], [ -122.64856649, 47.50668921 ], [ -122.649779131452974, 47.506689354445186 ], [ -122.650077616, 47.506689391 ], [ -122.650075915326894, 47.506742215495116 ], [ -122.65007586, 47.50674393 ], [ -122.65007586012878, 47.506743930000205 ], [ -122.65007586, 47.506743934 ], [ -122.650078522254972, 47.506743934293439 ], [ -122.65148343, 47.5067462 ], [ -122.65148243, 47.50679858 ], [ -122.65186261253109, 47.506798623998904 ], [ -122.652432906, 47.506798693 ], [ -122.652432906077735, 47.506798689999542 ], [ -122.65243291, 47.50679869 ], [ -122.65243426, 47.50674613 ], [ -122.65243643, 47.50666162 ], [ -122.65277956, 47.50666335 ], [ -122.652842601673001, 47.506663667819019 ], [ -122.653029493, 47.506664611 ], [ -122.653137753399776, 47.506665156105171 ], [ -122.65358458, 47.50666741 ], [ -122.65357661, 47.50738204 ], [ -122.65408228, 47.50738829 ], [ -122.65479202, 47.50739707 ], [ -122.65539893, 47.50740458 ], [ -122.65671532, 47.50742087 ], [ -122.6566832, 47.50852185 ], [ -122.6554049, 47.508506 ], [ -122.65407079, 47.50848951 ], [ -122.65402387, 47.51021645 ], [ -122.65402702, 47.51035359 ], [ -122.65452602, 47.51038739 ], [ -122.65451766, 47.51066529 ], [ -122.65392828, 47.51065776 ], [ -122.65370577, 47.51065491 ], [ -122.65366376, 47.51204659 ], [ -122.65300263, 47.51136806 ], [ -122.652922804023603, 47.511302493304861 ], [ -122.652938527134168, 47.511206995059588 ], [ -122.65294586, 47.51116247 ], [ -122.652960956918392, 47.511070762154148 ], [ -122.652983393, 47.510934491 ], [ -122.652983394, 47.510934488 ], [ -122.653049476677836, 47.5080900419918 ], [ -122.65305611, 47.50780456 ], [ -122.653008389020272, 47.507803941554506 ], [ -122.652580867, 47.507798383 ], [ -122.652361527739714, 47.508386240017479 ], [ -122.65166582, 47.50839162 ], [ -122.65165296, 47.50752364 ], [ -122.651577438844555, 47.507519011853368 ], [ -122.651584017, 47.507457554 ], [ -122.651556641577017, 47.507457535016222 ], [ -122.65155664, 47.50745753 ], [ -122.651483244614425, 47.507457484118326 ], [ -122.651004575042307, 47.50745715217986 ], [ -122.65041308, 47.50745674 ] ] ], [ [ [ -122.659347990602782, 47.521562671018053 ], [ -122.659342037, 47.521549723 ], [ -122.659223152789252, 47.521291352771271 ], [ -122.658772694, 47.520312341 ], [ -122.658782318, 47.51882818 ], [ -122.659440863, 47.520005636 ], [ -122.660698538, 47.523711904 ], [ -122.660081285, 47.523711133 ], [ -122.660073493482059, 47.523688177386667 ], [ -122.660066759, 47.523668307 ], [ -122.659824321953025, 47.522954060450886 ], [ -122.659363508, 47.521596396 ], [ -122.659347990602782, 47.521562671018053 ] ] ], [ [ [ -122.650268940722952, 47.537394071557536 ], [ -122.650268273, 47.537494179 ], [ -122.650268273338639, 47.537494179203193 ], [ -122.650268028252313, 47.537530942153843 ], [ -122.650268028, 47.537530942 ], [ -122.650267639, 47.537589173 ], [ -122.65026764004368, 47.537589173447287 ], [ -122.65026764, 47.53758918 ], [ -122.65007758, 47.53749184 ], [ -122.64999921, 47.5374682 ], [ -122.64999629, 47.53739154 ], [ -122.650083969070906, 47.537390459646197 ], [ -122.650268979980012, 47.537388183000246 ], [ -122.650268940722952, 47.537394071557536 ] ] ], [ [ [ -122.650453806428885, 47.537684521371588 ], [ -122.650453827, 47.537684532 ], [ -122.650568145, 47.537727828 ], [ -122.650568159092785, 47.53772783071966 ], [ -122.65056821, 47.53772785 ], [ -122.65052105, 47.53771897 ], [ -122.65045375, 47.5376845 ], [ -122.650453806428885, 47.537684521371588 ] ] ], [ [ [ -122.65264911, 47.53804264 ], [ -122.65217824, 47.53799402 ], [ -122.65225534, 47.53799484 ], [ -122.652668665852801, 47.538032063717289 ], [ -122.652695938, 47.53803452 ], [ -122.652706871044728, 47.538035572038488 ], [ -122.65291767, 47.53805586 ], [ -122.65299737259825, 47.538073903936073 ], [ -122.653018611, 47.538078713 ], [ -122.653018618390902, 47.538078713788359 ], [ -122.65301869, 47.53807873 ], [ -122.65264911, 47.53804264 ] ] ], [ [ [ -122.65324104, 47.53812951 ], [ -122.653788, 47.53825641 ], [ -122.6540686, 47.53832761 ], [ -122.65368612, 47.53824904 ], [ -122.65324104, 47.53812951 ] ] ], [ [ [ -122.65642725, 47.53866509 ], [ -122.656427249917897, 47.538665092516815 ], [ -122.656427247, 47.538665102 ], [ -122.65642664, 47.53866714 ], [ -122.656426641, 47.53866714 ], [ -122.656427180527103, 47.538667219904283 ], [ -122.6564257, 47.53871261 ], [ -122.65601877, 47.53862511 ], [ -122.65642725, 47.53866509 ] ] ], [ [ [ -122.65668012, 47.53876623 ], [ -122.65673414, 47.53879296 ], [ -122.6567426, 47.53879663 ], [ -122.65662652, 47.5387557 ], [ -122.65646049, 47.53872008 ], [ -122.65650396, 47.53871825 ], [ -122.65659825, 47.53873314 ], [ -122.65668012, 47.53876623 ] ] ], [ [ [ -122.65861279, 47.53908727 ], [ -122.658644254042642, 47.539092050088229 ], [ -122.658650857, 47.539093054 ], [ -122.658682717, 47.539097898 ], [ -122.658682756, 47.539097904 ], [ -122.658682775, 47.539097908 ], [ -122.658695733, 47.539100935 ], [ -122.658695813869628, 47.539100947557394 ], [ -122.65869591, 47.53910097 ], [ -122.65860975, 47.53908709 ], [ -122.65861279, 47.53908727 ] ] ], [ [ [ -122.662337044, 47.551056406 ], [ -122.662337033, 47.5510564 ], [ -122.662427962, 47.551037395 ], [ -122.662337044, 47.551056406 ] ] ], [ [ [ -122.661497729, 47.551258371 ], [ -122.661497706, 47.551258381 ], [ -122.661496356, 47.551258678 ], [ -122.661497729, 47.551258371 ] ] ], [ [ [ -122.661408417, 47.551284279 ], [ -122.661413632, 47.551282212 ], [ -122.661413635, 47.551282218 ], [ -122.661408417, 47.551284279 ] ] ], [ [ [ -122.661198704, 47.551437197 ], [ -122.66120071, 47.551435067 ], [ -122.661198713, 47.551437193 ], [ -122.661198704, 47.551437197 ] ] ], [ [ [ -122.661148192, 47.551862362 ], [ -122.662119137, 47.551086668 ], [ -122.662438276, 47.551086129 ], [ -122.661148192, 47.551862362 ] ] ], [ [ [ -122.661106515, 47.551559826 ], [ -122.661106523, 47.551559846 ], [ -122.661104228, 47.551563793 ], [ -122.661106515, 47.551559826 ] ] ], [ [ [ -122.661056332, 47.551664618 ], [ -122.661042784, 47.551703631 ], [ -122.661042777, 47.551703609 ], [ -122.661056332, 47.551664618 ] ] ], [ [ [ -122.66100622, 47.551879367 ], [ -122.661006362, 47.551876655 ], [ -122.661006226, 47.551879382 ], [ -122.66100622, 47.551879367 ] ] ], [ [ [ -122.661005975, 47.551903024 ], [ -122.661005981, 47.551903034 ], [ -122.661006091, 47.551906911 ], [ -122.661005975, 47.551903024 ] ] ], [ [ [ -122.661003467, 47.551975324 ], [ -122.660989342, 47.551990734 ], [ -122.661003458, 47.551975316 ], [ -122.661003467, 47.551975324 ] ] ], [ [ [ -122.660486626, 47.552118994 ], [ -122.660492028, 47.552119013 ], [ -122.660492014, 47.552119022 ], [ -122.660486626, 47.552118994 ] ] ], [ [ [ -122.660398313, 47.552122489 ], [ -122.660405242, 47.552121822 ], [ -122.660405256, 47.552121847 ], [ -122.660398313, 47.552122489 ] ] ], [ [ [ -122.660577717, 47.552122998 ], [ -122.660560611, 47.552121794 ], [ -122.660560622, 47.552121768 ], [ -122.660577717, 47.552122998 ] ] ], [ [ [ -122.660367104, 47.552125893 ], [ -122.660357808, 47.552127092 ], [ -122.660357796, 47.552127073 ], [ -122.660367104, 47.552125893 ] ] ], [ [ [ -122.660628832, 47.552127807 ], [ -122.660623708, 47.552127263 ], [ -122.660628842, 47.552127787 ], [ -122.660628832, 47.552127807 ] ] ], [ [ [ -122.660755785, 47.552131774 ], [ -122.66075578, 47.552131783 ], [ -122.660708328, 47.55213233 ], [ -122.660755785, 47.552131774 ] ] ], [ [ [ -122.660323711, 47.552132504 ], [ -122.660327239, 47.55213192 ], [ -122.660323722, 47.552132518 ], [ -122.660323711, 47.552132504 ] ] ], [ [ [ -122.660288934, 47.552139576 ], [ -122.660294293, 47.552138458 ], [ -122.660288911, 47.552139602 ], [ -122.660288934, 47.552139576 ] ] ], [ [ [ -122.660186536, 47.552169412 ], [ -122.660185916, 47.552169631 ], [ -122.660186532, 47.552169412 ], [ -122.660186536, 47.552169412 ] ] ], [ [ [ -122.660125122, 47.55219249 ], [ -122.660131505, 47.55218995 ], [ -122.660125125, 47.552192495 ], [ -122.660125122, 47.55219249 ] ] ], [ [ [ -122.660080707, 47.552211652 ], [ -122.660080709, 47.55221168 ], [ -122.660069282, 47.552217006 ], [ -122.660080707, 47.552211652 ] ] ], [ [ [ -122.659085558, 47.552509565 ], [ -122.659093935, 47.552510549 ], [ -122.659085594, 47.552509584 ], [ -122.659085558, 47.552509565 ] ] ], [ [ [ -122.659024462, 47.552512154 ], [ -122.659029384, 47.552511528 ], [ -122.659024441, 47.55251218 ], [ -122.659024462, 47.552512154 ] ] ], [ [ [ -122.659171549, 47.552530368 ], [ -122.659135107, 47.552519203 ], [ -122.659140698, 47.552520883 ], [ -122.659171549, 47.552530368 ] ] ], [ [ [ -122.659341305, 47.552558012 ], [ -122.659303967, 47.552559515 ], [ -122.659303978, 47.552559506 ], [ -122.659341305, 47.552558012 ] ] ], [ [ [ -122.658742943, 47.552630347 ], [ -122.6588013, 47.552603101 ], [ -122.658801317, 47.552603102 ], [ -122.658742943, 47.552630347 ] ] ], [ [ [ -122.658558796, 47.553271053 ], [ -122.658561447, 47.552863017 ], [ -122.659907104, 47.552452491 ], [ -122.658558796, 47.553271053 ] ] ], [ [ [ -122.662199543, 47.599092229 ], [ -122.662339046, 47.599130596 ], [ -122.662395771, 47.599181355 ], [ -122.662199543, 47.599092229 ] ] ], [ [ [ -122.661770337, 47.729968309 ], [ -122.661757349, 47.729986142 ], [ -122.661757354, 47.729986122 ], [ -122.661770337, 47.729968309 ] ] ], [ [ [ -122.659910329, 47.732919533 ], [ -122.659796172, 47.732829418 ], [ -122.659880122, 47.732729505 ], [ -122.659910329, 47.732919533 ] ] ], [ [ [ -122.64981283, 47.73709698 ], [ -122.64985663, 47.73724971 ], [ -122.65002743, 47.73762805 ], [ -122.65003876, 47.73768305 ], [ -122.65019889, 47.73799785 ], [ -122.6503237, 47.73829471 ], [ -122.65032416, 47.73845718 ], [ -122.65030507, 47.73849941 ], [ -122.65026045, 47.73833382 ], [ -122.650173891713138, 47.738095678461178 ], [ -122.650156581, 47.738048049 ], [ -122.649987581, 47.737773069 ], [ -122.649859402, 47.737470753 ], [ -122.649787760025717, 47.737217979090744 ], [ -122.64979573, 47.7369362 ], [ -122.64981283, 47.73709698 ] ] ], [ [ [ -122.65050496, 47.73960931 ], [ -122.65053923, 47.73975331 ], [ -122.65059092, 47.74013017 ], [ -122.65055296435321, 47.740002954452947 ], [ -122.650552962, 47.740002937 ], [ -122.650527004, 47.739915931 ], [ -122.650440161, 47.73950387 ], [ -122.650320592, 47.739119214 ], [ -122.650289692089999, 47.739040867985402 ], [ -122.65021654, 47.73885539 ], [ -122.650224386722684, 47.738843591037394 ], [ -122.650242623, 47.738816173 ], [ -122.650242621926068, 47.738816171120625 ], [ -122.65025458, 47.73879819 ], [ -122.65025463, 47.73879885 ], [ -122.65038063, 47.73902378 ], [ -122.65042543, 47.73917685 ], [ -122.65048096, 47.73939311 ], [ -122.65050496, 47.73960931 ] ] ], [ [ [ -122.65068436, 47.74065352 ], [ -122.65075276, 47.74086065 ], [ -122.65077603, 47.74095958 ], [ -122.65079923, 47.74100478 ], [ -122.6508103, 47.74132878 ], [ -122.6508769, 47.74151818 ], [ -122.65088943, 47.74175171 ], [ -122.6508545, 47.74186885 ], [ -122.6508537, 47.74191083 ], [ -122.650835294641979, 47.741784916380745 ], [ -122.650801395, 47.741552965 ], [ -122.650782152769835, 47.741295284955847 ], [ -122.65077884, 47.74125091 ], [ -122.650773474859363, 47.741217753403468 ], [ -122.650770042, 47.741196535 ], [ -122.650739732, 47.74100921 ], [ -122.650703104039948, 47.74088920740359 ], [ -122.65064412, 47.74069595 ], [ -122.65064026, 47.74041754 ], [ -122.6506623, 47.74050958 ], [ -122.65068436, 47.74065352 ] ] ], [ [ [ -122.65466501, 47.74112827 ], [ -122.65450107, 47.74136402 ], [ -122.65424752, 47.74161602 ], [ -122.65414236760796, 47.741697343 ], [ -122.654142366, 47.741697343 ], [ -122.654118409135364, 47.741715872058919 ], [ -122.65403518, 47.74178024 ], [ -122.653969336488728, 47.742032056028762 ], [ -122.653958292, 47.742074293 ], [ -122.653958292589763, 47.742074293004372 ], [ -122.65395195, 47.74209855 ], [ -122.65379528, 47.74246062 ], [ -122.65351653, 47.74284433 ], [ -122.65338465, 47.74314604 ], [ -122.653276243498539, 47.74339394602206 ], [ -122.653252721, 47.743447737 ], [ -122.65304702, 47.743853597 ], [ -122.652996375, 47.744155512 ], [ -122.652996345565683, 47.74415565894909 ], [ -122.652917080187308, 47.744498529189748 ], [ -122.65290484, 47.744506744 ], [ -122.652863327, 47.744649397 ], [ -122.65286208, 47.744847078 ], [ -122.652845059340848, 47.744967860581298 ], [ -122.65268981, 47.74510477 ], [ -122.652652280012674, 47.745138883699489 ], [ -122.652575337, 47.745208819 ], [ -122.652573339053234, 47.74523946001198 ], [ -122.65257048, 47.74528324 ], [ -122.6525519, 47.74525731 ], [ -122.65251757, 47.74511258 ], [ -122.6525631, 47.74503225 ], [ -122.65279303, 47.74486211 ], [ -122.65282676, 47.74481691 ], [ -122.6528381, 47.74449318 ], [ -122.65288503, 47.74432231 ], [ -122.6529323, 47.74425938 ], [ -122.65299896, 47.74387291 ], [ -122.65303483, 47.74375571 ], [ -122.65308103, 47.74366571 ], [ -122.65310416, 47.74358545 ], [ -122.65315003, 47.74351331 ], [ -122.6531967, 47.74336025 ], [ -122.6533457, 47.74297398 ], [ -122.65352883, 47.74267791 ], [ -122.65363183, 47.74256085 ], [ -122.6536889, 47.74248885 ], [ -122.65372423, 47.74240798 ], [ -122.6538269, 47.74228231 ], [ -122.65390823, 47.74215678 ], [ -122.65393003, 47.74209398 ], [ -122.65393176, 47.74186018 ], [ -122.65395323, 47.74178778 ], [ -122.6540579, 47.74166285 ], [ -122.65432123, 47.74143858 ], [ -122.65450456, 47.74122305 ], [ -122.6546659, 47.74101611 ], [ -122.65468863, 47.74089951 ], [ -122.65471183, 47.74084565 ], [ -122.6547341, 47.74069305 ], [ -122.65480403, 47.74051285 ], [ -122.65496923, 47.74022565 ], [ -122.65505563, 47.74009965 ], [ -122.6551981, 47.73992938 ], [ -122.65537616, 47.73975918 ], [ -122.6555721, 47.73955265 ], [ -122.6558115, 47.73939158 ], [ -122.65588923, 47.73935398 ], [ -122.65629397, 47.73915851 ], [ -122.65671703, 47.73898925 ], [ -122.65693383, 47.73887318 ], [ -122.65707163, 47.73873798 ], [ -122.6572791, 47.73841471 ], [ -122.65734083, 47.73819244 ], [ -122.65734054, 47.73824062 ], [ -122.657289918746301, 47.738432667329185 ], [ -122.657289917, 47.73843267 ], [ -122.657261948591682, 47.738538780732149 ], [ -122.65724073, 47.73861928 ], [ -122.65710097, 47.73887705 ], [ -122.65688866, 47.73904677 ], [ -122.656744987626894, 47.739112123117067 ], [ -122.656660396, 47.7391506 ], [ -122.656507556094354, 47.739208726524133 ], [ -122.65635898, 47.73926523 ], [ -122.65590256, 47.73946731 ], [ -122.65561678, 47.73967531 ], [ -122.65538778, 47.7399109 ], [ -122.655250391856882, 47.740017735012096 ], [ -122.65525039, 47.740017735 ], [ -122.655183629, 47.740069649 ], [ -122.655085878389258, 47.740176983790718 ], [ -122.65497899, 47.74029435 ], [ -122.65485543, 47.74056861 ], [ -122.65477284, 47.74078258 ], [ -122.65471477, 47.74097464 ], [ -122.65466501, 47.74112827 ] ] ], [ [ [ -122.65084537, 47.74233282 ], [ -122.65084648, 47.74229054 ], [ -122.65084562, 47.74233577 ], [ -122.65084537, 47.74233282 ] ] ], [ [ [ -122.65088316, 47.74278868 ], [ -122.65086765, 47.74260158 ], [ -122.65089743, 47.74267871 ], [ -122.6509655, 47.74300305 ], [ -122.65098863, 47.74304785 ], [ -122.65101143, 47.74333571 ], [ -122.65104583, 47.74350718 ], [ -122.65104552, 47.74355185 ], [ -122.65094637, 47.74308539 ], [ -122.65088316, 47.74278868 ] ] ], [ [ [ -122.65112624, 47.7450298 ], [ -122.651034777959296, 47.744932566792187 ], [ -122.650976004, 47.744870082 ], [ -122.650949464206946, 47.744850959669293 ], [ -122.65093882, 47.74484329 ], [ -122.6509769, 47.74484258 ], [ -122.65109196, 47.74484685 ], [ -122.65116836, 47.74485192 ], [ -122.65119863, 47.74488358 ], [ -122.65115216, 47.74494031 ], [ -122.65113023, 47.74500225 ], [ -122.65112624, 47.7450298 ] ] ], [ [ [ -122.6511779, 47.74508472 ], [ -122.651170742373736, 47.745077115766449 ], [ -122.651165889, 47.745071956 ], [ -122.651165887139385, 47.745071957584869 ], [ -122.65116588, 47.74507195 ], [ -122.65121083, 47.74503365 ], [ -122.65128963, 47.74501078 ], [ -122.65134403, 47.74502298 ], [ -122.65145476, 47.74508505 ], [ -122.65151503, 47.74515471 ], [ -122.65144223, 47.74523985 ], [ -122.65139289, 47.74530444 ], [ -122.651392882343387, 47.745304432174308 ], [ -122.651392884, 47.74530443 ], [ -122.651392884, 47.745304429 ], [ -122.651329673081591, 47.745239827085257 ], [ -122.651291, 47.7452003 ], [ -122.6511779, 47.74508472 ] ] ], [ [ [ -122.65138988, 47.74571038 ], [ -122.65138541, 47.7457112 ], [ -122.65137437001043, 47.745720818960692 ], [ -122.65137437, 47.745720818 ], [ -122.651323809604378, 47.74576487140795 ], [ -122.65130368, 47.74578241 ], [ -122.651303679170539, 47.745782411108799 ], [ -122.651303677, 47.745782413 ], [ -122.651254477, 47.745848179 ], [ -122.651231728943927, 47.74585120079427 ], [ -122.65117314, 47.74585898 ], [ -122.65113279, 47.74580398 ], [ -122.651145387835555, 47.745788332069694 ], [ -122.651190164, 47.745732723 ], [ -122.651230825, 47.745682601 ], [ -122.651230820276794, 47.745682601348456 ], [ -122.65132652, 47.74556464 ], [ -122.65138988, 47.74571038 ] ] ], [ [ [ -122.65137583, 47.74594181 ], [ -122.65138475, 47.74581552 ], [ -122.65140126, 47.74578919 ], [ -122.65140517, 47.74582958 ], [ -122.65145183, 47.74592878 ], [ -122.65155023, 47.74602465 ], [ -122.65174936, 47.74608492 ], [ -122.65191343, 47.74613178 ], [ -122.65204016, 47.74618738 ], [ -122.6521519, 47.74624838 ], [ -122.65217083, 47.74632685 ], [ -122.65212524, 47.74643273 ], [ -122.652125226994755, 47.74643272433314 ], [ -122.652125228, 47.746432722 ], [ -122.652078692, 47.746412445 ], [ -122.652078690726768, 47.746412446789641 ], [ -122.652044258874767, 47.746397443580165 ], [ -122.65204426, 47.746397442 ], [ -122.651934229, 47.746349499 ], [ -122.651796444, 47.746283269 ], [ -122.651699059296575, 47.746235909985764 ], [ -122.65168298, 47.74622809 ], [ -122.651672803174051, 47.746223758985124 ], [ -122.65155325, 47.746172875 ], [ -122.651440192, 47.746051791 ], [ -122.651424370516267, 47.746024757265047 ], [ -122.65137583, 47.74594181 ] ] ], [ [ [ -122.65274497, 47.74605818 ], [ -122.6527671, 47.74597725 ], [ -122.6527673, 47.74577393 ], [ -122.652787447, 47.745841685126074 ], [ -122.652787447, 47.745841692 ], [ -122.652806796, 47.745906773 ], [ -122.652789637, 47.746054985 ], [ -122.652780468, 47.746219691 ], [ -122.652776834065946, 47.746287408277098 ], [ -122.65277133, 47.74638992 ], [ -122.65264025, 47.74655432 ], [ -122.65255841, 47.74664201 ], [ -122.65244381, 47.74676802 ], [ -122.652402624258414, 47.746793111324571 ], [ -122.65235404, 47.746822706 ], [ -122.652289065986665, 47.746817099085142 ], [ -122.652285262278312, 47.746816232009316 ], [ -122.652221839, 47.746801772 ], [ -122.65222183446177, 47.746801773296639 ], [ -122.65222182, 47.74680177 ], [ -122.65233203, 47.74676798 ], [ -122.6524969, 47.74666005 ], [ -122.65265297, 47.74651098 ], [ -122.65271003, 47.74641412 ], [ -122.65274643, 47.74630838 ], [ -122.65274843, 47.74619425 ], [ -122.65274497, 47.74605818 ] ] ], [ [ [ -122.656854567, 47.813784226 ], [ -122.656854567, 47.813784241 ], [ -122.656687933, 47.813832721 ], [ -122.656854567, 47.813784226 ] ] ], [ [ [ -122.655263219, 47.8149831 ], [ -122.655213613, 47.814919898 ], [ -122.655255931, 47.814818881 ], [ -122.655263219, 47.8149831 ] ] ], [ [ [ -122.627212337, 47.403392298 ], [ -122.627281994, 47.403333448 ], [ -122.627272942, 47.403346249 ], [ -122.627212337, 47.403392298 ] ] ], [ [ [ -122.62685428, 47.40367177 ], [ -122.62684961, 47.40382083 ], [ -122.62688621, 47.40395483 ], [ -122.62691615, 47.40417423 ], [ -122.62666181, 47.4043563 ], [ -122.62669928, 47.40451177 ], [ -122.62683281, 47.40470797 ], [ -122.62689608, 47.4049905 ], [ -122.62694248, 47.4051031 ], [ -122.62704055, 47.40520777 ], [ -122.62704501, 47.4053211 ], [ -122.62703808, 47.4054135 ], [ -122.62711661, 47.4055469 ], [ -122.62708928, 47.4056467 ], [ -122.62705308, 47.40604463 ], [ -122.62716395, 47.40668743 ], [ -122.62698615, 47.4072951 ], [ -122.62705868, 47.40759597 ], [ -122.62704941, 47.40787083 ], [ -122.62704561, 47.40828297 ], [ -122.62716508, 47.4087479 ], [ -122.62728235, 47.40915777 ], [ -122.62737781, 47.40951323 ], [ -122.62770021, 47.41049637 ], [ -122.62785455, 47.4108231 ], [ -122.62809295, 47.4112171 ], [ -122.62827408, 47.41169457 ], [ -122.628274100394933, 47.411694594253923 ], [ -122.628825151844651, 47.412137857243039 ], [ -122.62910381, 47.41221517 ], [ -122.62975348, 47.4122581 ], [ -122.63079982, 47.41244717 ], [ -122.63144275, 47.41230957 ], [ -122.63149335, 47.4122987 ], [ -122.631483600731201, 47.412164941579576 ], [ -122.63147144364136, 47.411998354529324 ], [ -122.631437750025853, 47.411536830354038 ], [ -122.631437748431026, 47.411536830028787 ], [ -122.63051428, 47.41155377 ], [ -122.630375788345276, 47.411320224210399 ], [ -122.629806123027308, 47.410764004076846 ], [ -122.62965695, 47.4107217 ], [ -122.62947088, 47.41043683 ], [ -122.63058615, 47.4102129 ], [ -122.63095855, 47.4101553 ], [ -122.63098981, 47.40969697 ], [ -122.63102421, 47.40930637 ], [ -122.63200261, 47.4087797 ], [ -122.63232575, 47.4074851 ], [ -122.63264188, 47.4066485 ], [ -122.63250308, 47.40629503 ], [ -122.63319288, 47.40543463 ], [ -122.63484008, 47.4035223 ], [ -122.6349083, 47.40325099 ], [ -122.63500531, 47.40324944 ], [ -122.635085771643702, 47.403248623433818 ], [ -122.635145994, 47.402305824 ], [ -122.633930709, 47.400274024 ], [ -122.634122625, 47.399814124 ], [ -122.635026338, 47.400268178 ], [ -122.634725704, 47.399489372 ], [ -122.635887663, 47.39923083 ], [ -122.694820336, 47.399402861 ], [ -122.695415843, 47.414394627 ], [ -122.695482986, 47.417400883 ], [ -122.685952448, 47.417375173 ], [ -122.68594954, 47.417864209 ], [ -122.674602841, 47.417941629 ], [ -122.66814884, 47.41786563 ], [ -122.668117653968523, 47.417928588067554 ], [ -122.66783041, 47.41854489 ], [ -122.66613442, 47.42195189 ], [ -122.66571243, 47.42279889 ], [ -122.66542443, 47.42337789 ], [ -122.665092404223628, 47.4240359338487 ], [ -122.661868842, 47.430543631 ], [ -122.661563842, 47.432335631 ], [ -122.661172845, 47.442592632 ], [ -122.660130846, 47.447989632 ], [ -122.657273847, 47.455957633 ], [ -122.655745847, 47.458350633 ], [ -122.653790848, 47.460370634 ], [ -122.652857848, 47.461653634 ], [ -122.652627848, 47.462771634 ], [ -122.652938849, 47.467584634 ], [ -122.653108852, 47.477761635 ], [ -122.653187853, 47.485725635 ], [ -122.649726853, 47.485665635 ], [ -122.648255853, 47.485323635 ], [ -122.642627851, 47.483261636 ], [ -122.640851851, 47.483135636 ], [ -122.63681785, 47.483267637 ], [ -122.63591085, 47.483685637 ], [ -122.63421185, 47.485383637 ], [ -122.63303385, 47.485748637 ], [ -122.631350849, 47.483786637 ], [ -122.63055385, 47.484791637 ], [ -122.635728852, 47.491205637 ], [ -122.640328615, 47.495854627 ], [ -122.639912994, 47.49585692 ], [ -122.638246382009825, 47.494252920036047 ], [ -122.63708824, 47.493138278 ], [ -122.637088239784973, 47.493138287417366 ], [ -122.63708823, 47.493138278 ], [ -122.636858934, 47.503138909 ], [ -122.636858672452064, 47.503138918301055 ], [ -122.635814604, 47.503136221 ], [ -122.635817037552357, 47.503175960464787 ], [ -122.634270465, 47.503230959 ], [ -122.634270465265402, 47.50323096899676 ], [ -122.634270465, 47.503230969 ], [ -122.634270804080117, 47.503243730990931 ], [ -122.634283227, 47.50371166 ], [ -122.631776185, 47.503715385 ], [ -122.631699215, 47.502706498 ], [ -122.62886161, 47.502698733 ], [ -122.628879033672007, 47.501390522975065 ], [ -122.628879269, 47.501372864 ], [ -122.628879268866811, 47.501372864000039 ], [ -122.628879269, 47.501372854 ], [ -122.624857402796934, 47.501352475074974 ], [ -122.624857398, 47.501352475 ], [ -122.624857397998596, 47.501352475050659 ], [ -122.624857388, 47.501352475 ], [ -122.624557429, 47.502880408 ], [ -122.624557789, 47.504697263 ], [ -122.626185907, 47.504701259 ], [ -122.626110636, 47.507627097 ], [ -122.625744612, 47.507625632 ], [ -122.625744540016541, 47.50762580190878 ], [ -122.625225007, 47.508683741 ], [ -122.624851753, 47.509443797 ], [ -122.624588822, 47.510353733 ], [ -122.62458882623018, 47.510353733015165 ], [ -122.624588822, 47.510353743 ], [ -122.626051862, 47.510358988 ], [ -122.625822331, 47.519394227 ], [ -122.625822341003996, 47.519394226842884 ], [ -122.625822341, 47.519394227 ], [ -122.625831204006303, 47.519394087648308 ], [ -122.626386669, 47.519385364 ], [ -122.626371626794779, 47.520398745021538 ], [ -122.6263714, 47.520414014 ], [ -122.6263714001484, 47.520414014002263 ], [ -122.6263714, 47.520414024 ], [ -122.62850227, 47.520446497 ], [ -122.628485484, 47.523324154 ], [ -122.628485445149821, 47.523324151339992 ], [ -122.628340741, 47.523274801 ], [ -122.628163107, 47.523242912 ], [ -122.627986454, 47.5232356 ], [ -122.627788681, 47.523251257 ], [ -122.627562116, 47.523260924 ], [ -122.627562128557827, 47.523260933270628 ], [ -122.62756211, 47.523260932 ], [ -122.628286756, 47.524133115 ], [ -122.629397584, 47.524353384 ], [ -122.629176371765212, 47.525323002521354 ], [ -122.629175916, 47.525324999 ], [ -122.629175916272146, 47.525324999040691 ], [ -122.629175914, 47.525325009 ], [ -122.630090689068851, 47.525577211075543 ], [ -122.630080407, 47.52562168 ], [ -122.630526575108192, 47.525697384184284 ], [ -122.630526676, 47.525697412 ], [ -122.630245527, 47.526142419 ], [ -122.629854247992014, 47.528444587438337 ], [ -122.629366788, 47.528421164 ], [ -122.629233084, 47.529145613 ], [ -122.62972784865201, 47.529188283280043 ], [ -122.629727847, 47.529188293 ], [ -122.62973433, 47.530334785 ], [ -122.629734324687405, 47.530334795432566 ], [ -122.62953341, 47.530353592 ], [ -122.629313056, 47.530374205 ], [ -122.629277896, 47.530806977 ], [ -122.62924131, 47.531257307 ], [ -122.629236876688054, 47.531311654047684 ], [ -122.629236865, 47.531311677 ], [ -122.62730782, 47.531311579 ], [ -122.627599246243534, 47.530886283012052 ], [ -122.627739654, 47.530681386 ], [ -122.627739648169666, 47.530681385967917 ], [ -122.627739655, 47.530681376 ], [ -122.627735762335718, 47.530681364584161 ], [ -122.62635332, 47.530673757 ], [ -122.626272811, 47.530673316 ], [ -122.626192283, 47.530672167 ], [ -122.620534225, 47.530660201 ], [ -122.620469527864259, 47.530660055229895 ], [ -122.620454446, 47.530660011 ], [ -122.620454443743299, 47.530660028821359 ], [ -122.620437998, 47.530717027 ], [ -122.620388952, 47.530887223 ], [ -122.620373539, 47.531116354 ], [ -122.62037161672859, 47.53131411993737 ], [ -122.620355792, 47.531439089 ], [ -122.619619205, 47.532108732 ], [ -122.617975098, 47.53237419 ], [ -122.61793738, 47.533817945 ], [ -122.617936784542934, 47.533817941713778 ], [ -122.617419119, 47.533805727 ], [ -122.617316426, 47.533803695 ], [ -122.617258053, 47.533803336 ], [ -122.615919719, 47.533794855 ], [ -122.614981964, 47.533788903 ], [ -122.610138877, 47.533758047 ], [ -122.609567769, 47.533754394 ], [ -122.609114361, 47.53375537 ], [ -122.607302363182711, 47.53375925218652 ], [ -122.607301061, 47.533759245 ], [ -122.608337893, 47.53337454 ], [ -122.608337892969843, 47.53337453000016 ], [ -122.608337893, 47.53337453 ], [ -122.608337846764968, 47.533359204766242 ], [ -122.608336268, 47.53283556 ], [ -122.607322006199794, 47.532778712565488 ], [ -122.607317363, 47.532661044 ], [ -122.605548151, 47.532659764 ], [ -122.605195199746944, 47.532659509130518 ], [ -122.605195019, 47.532659499 ], [ -122.605195019104158, 47.532659509000077 ], [ -122.605195019, 47.532659509 ], [ -122.605195138874649, 47.532671009008169 ], [ -122.605206519, 47.533763695 ], [ -122.601755278, 47.533770948 ], [ -122.60175527800979, 47.533770957999977 ], [ -122.601755278, 47.533770958 ], [ -122.601755278010813, 47.533770959055026 ], [ -122.601756235, 47.534748701 ], [ -122.601756541773227, 47.534748705821315 ], [ -122.602054782, 47.534763162 ], [ -122.602268758, 47.534765137 ], [ -122.602793299, 47.534777057 ], [ -122.603116857, 47.534785047 ], [ -122.603175556, 47.534782636 ], [ -122.603609111306483, 47.53477782120553 ], [ -122.60360948, 47.534777827 ], [ -122.603590409, 47.537350979 ], [ -122.603590413555636, 47.537350989011699 ], [ -122.60349595, 47.537351192 ], [ -122.603574033, 47.537404911 ], [ -122.603593127, 47.537425507 ], [ -122.603608995, 47.537447452 ], [ -122.603614729, 47.537458065 ], [ -122.603621389, 47.537470391 ], [ -122.603630178, 47.537494082 ], [ -122.603635235, 47.537518254 ], [ -122.603690287, 47.537811552 ], [ -122.603728454, 47.538014899 ], [ -122.603738371, 47.538067906 ], [ -122.603755362, 47.538123609 ], [ -122.603772615, 47.538172061 ], [ -122.603772915, 47.538172902 ], [ -122.603780858, 47.538195211 ], [ -122.603791159, 47.538214858 ], [ -122.603831142, 47.538291129 ], [ -122.60389597, 47.53838295 ], [ -122.603974595, 47.538469698 ], [ -122.604066225, 47.538550404 ], [ -122.60416973754252, 47.538624142413397 ], [ -122.604169746, 47.538624161 ], [ -122.604169799686289, 47.538624180107412 ], [ -122.604284144, 47.538690193 ], [ -122.6044081, 47.538747778 ], [ -122.604540232, 47.53879627 ], [ -122.604633496, 47.538822357 ], [ -122.604684145, 47.538836553 ], [ -122.604795402, 47.538856428 ], [ -122.604859313024463, 47.538869583770889 ], [ -122.605482399945245, 47.539091345707256 ], [ -122.605499831, 47.539102915 ], [ -122.605551667, 47.539137319 ], [ -122.605606108, 47.539173438 ], [ -122.605683941, 47.539225114 ], [ -122.605769129, 47.539270187 ], [ -122.605827764, 47.539300423 ], [ -122.605960665, 47.539355174 ], [ -122.606101324, 47.539400209 ], [ -122.606202081, 47.539424111 ], [ -122.606248117, 47.539435031 ], [ -122.606399543, 47.539459276 ], [ -122.606553787520284, 47.539472661660646 ], [ -122.606553825, 47.539472675 ], [ -122.606553952966095, 47.539472666950296 ], [ -122.606709352, 47.539475054 ], [ -122.606784037, 47.539470915 ], [ -122.60686459, 47.539466434 ], [ -122.606944752, 47.53945934 ], [ -122.607385786013921, 47.539420340514731 ], [ -122.609310952, 47.539299238 ], [ -122.609708983747964, 47.539341792700959 ], [ -122.609722917, 47.539343812 ], [ -122.609840497, 47.539369795 ], [ -122.60992698, 47.539388901 ], [ -122.610002522, 47.539408274 ], [ -122.610117063, 47.539434647 ], [ -122.610163869, 47.539445424 ], [ -122.610375453, 47.539477938 ], [ -122.610590908, 47.539495275 ], [ -122.610807852, 47.539497277 ], [ -122.610822606, 47.539496365 ], [ -122.610952454, 47.539488344 ], [ -122.611033213482173, 47.539483369850608 ], [ -122.611033271, 47.539483376 ], [ -122.611033337416501, 47.539483450795316 ], [ -122.611050722, 47.539507453 ], [ -122.611071951, 47.539536763 ], [ -122.611171773, 47.539674634 ], [ -122.61133963, 47.539855681 ], [ -122.611443283932786, 47.539945114387997 ], [ -122.611928641, 47.540491702 ], [ -122.612012501, 47.541438865 ], [ -122.612376999797931, 47.541440692824928 ], [ -122.612377, 47.54144069 ], [ -122.614065107841526, 47.541449149989184 ], [ -122.614031385851561, 47.541872419826653 ], [ -122.61401574, 47.54206879 ], [ -122.6139277, 47.54317381 ], [ -122.613920080241201, 47.543269486971447 ], [ -122.613920081002462, 47.543269486969095 ], [ -122.613920081, 47.543269487 ], [ -122.613922123645551, 47.543269480656996 ], [ -122.613984551835372, 47.543269287743769 ], [ -122.614014217950071, 47.543269194677443 ], [ -122.614204607074711, 47.543268603463943 ], [ -122.61458314, 47.54326743 ], [ -122.614583140894382, 47.543267428006537 ], [ -122.614583143, 47.543267428 ], [ -122.614645033, 47.54312949 ], [ -122.614705015, 47.542995804 ], [ -122.614697015021733, 47.542993274841464 ], [ -122.614697015873773, 47.542993272790049 ], [ -122.614645321357827, 47.542976930429255 ], [ -122.614655488039091, 47.54293230158153 ], [ -122.61467043, 47.54286672 ], [ -122.614754157038931, 47.5428556972725 ], [ -122.614754157202469, 47.542855696878767 ], [ -122.614758389, 47.54285514 ], [ -122.615000548, 47.542272007 ], [ -122.61496190588332, 47.542267499866696 ], [ -122.614926524968595, 47.542263370579882 ], [ -122.614966752, 47.542162861 ], [ -122.615040379, 47.542161524 ], [ -122.615319399838484, 47.541494490073696 ], [ -122.615335709580478, 47.541455501002886 ], [ -122.620240249, 47.541479894 ], [ -122.620240249019332, 47.541479889995117 ], [ -122.620240249067621, 47.541479889995358 ], [ -122.620240384512414, 47.541451836340563 ], [ -122.62024039551082, 47.541449542532909 ], [ -122.620241027, 47.541318722 ], [ -122.620241202, 47.541282344 ], [ -122.620241335341319, 47.541253723389794 ], [ -122.62024146, 47.54122783 ], [ -122.620241817121496, 47.541227838249448 ], [ -122.62024211013285, 47.541227840126616 ], [ -122.620321976, 47.541229687 ], [ -122.622412257, 47.541241733 ], [ -122.622335538, 47.541343552 ], [ -122.620973805, 47.543150659 ], [ -122.620873527433218, 47.543283733765421 ], [ -122.62020996, 47.54416433 ], [ -122.620203665405995, 47.544179317879077 ], [ -122.620170019, 47.544259425 ], [ -122.619928627, 47.544834139 ], [ -122.619909390365294, 47.544879936169835 ], [ -122.619896341224262, 47.544910997085879 ], [ -122.619286232089664, 47.545149674901424 ], [ -122.61907919, 47.54523067 ], [ -122.619079189772876, 47.545230670915238 ], [ -122.619079187, 47.545230672 ], [ -122.619015168, 47.545488647 ], [ -122.618724838, 47.545928026 ], [ -122.618466696, 47.546279627 ], [ -122.618176292, 47.546675148 ], [ -122.61819637970865, 47.54668553126492 ], [ -122.618184790851075, 47.546735846304898 ], [ -122.6181243796144, 47.546811965411152 ], [ -122.61811986, 47.54681766 ], [ -122.618116011871948, 47.546822508897939 ], [ -122.618041877573916, 47.546915919276856 ], [ -122.618041854455001, 47.546915912385792 ], [ -122.618041852741513, 47.546915912770288 ], [ -122.617879691, 47.546867584 ], [ -122.617761048, 47.546839402 ], [ -122.617665588, 47.546958971 ], [ -122.617422706969919, 47.547084790497557 ], [ -122.616925395787803, 47.547166452189629 ], [ -122.616925396800781, 47.547166452193132 ], [ -122.616909211, 47.54716911 ], [ -122.616403, 47.547171168 ], [ -122.614835929, 47.546753295 ], [ -122.614366373, 47.54661542 ], [ -122.613972011, 47.546511888 ], [ -122.613630338761752, 47.546440699245714 ], [ -122.613630302494528, 47.546440689692155 ], [ -122.61363016, 47.54644066 ], [ -122.613586301199206, 47.546346045939011 ], [ -122.613571269646926, 47.546313618552894 ], [ -122.613564358290006, 47.546285291311897 ], [ -122.613533463, 47.546158648 ], [ -122.613534884715207, 47.546105154242184 ], [ -122.61353687, 47.54603061 ], [ -122.613602186443146, 47.545708266332355 ], [ -122.613662004, 47.545413082 ], [ -122.613661999636406, 47.545413081794386 ], [ -122.613662, 47.54541308 ], [ -122.613313258867379, 47.54539664854822 ], [ -122.612919163114654, 47.545378078099645 ], [ -122.61309858, 47.54526861 ], [ -122.613120874761279, 47.545227103067596 ], [ -122.613160491, 47.545153355 ], [ -122.613148154, 47.544916417 ], [ -122.613023372187001, 47.544640410057887 ], [ -122.61293019, 47.54443429 ], [ -122.613095457990042, 47.544089544192715 ], [ -122.613095457730893, 47.544089539954179 ], [ -122.613095456079179, 47.544089539920826 ], [ -122.613095457, 47.544089538 ], [ -122.612367051, 47.544074828 ], [ -122.612316111, 47.544496434 ], [ -122.612341983, 47.544810511 ], [ -122.61269653, 47.54640768 ], [ -122.612759764, 47.54685214 ], [ -122.612759766, 47.54685214 ], [ -122.612759768604974, 47.546852140195377 ], [ -122.61275977, 47.54685215 ], [ -122.61256993, 47.54683791 ], [ -122.612569320727516, 47.546835781939258 ], [ -122.608275467, 47.546466966 ], [ -122.607145439, 47.546902767 ], [ -122.607103343, 47.546924462 ], [ -122.607119271, 47.546912859 ], [ -122.607039274, 47.54694371 ], [ -122.604043865887391, 47.55057643140799 ], [ -122.60345171, 47.55140284 ], [ -122.60327378, 47.55173151 ], [ -122.60299469, 47.55205545 ], [ -122.60297374, 47.55204725 ], [ -122.602838015870333, 47.55203884220716 ], [ -122.601229126, 47.553990045 ], [ -122.599948684, 47.555324811 ], [ -122.598854509, 47.556821495 ], [ -122.598800985, 47.55687876 ], [ -122.598457831, 47.557256267 ], [ -122.598844091, 47.556835745 ], [ -122.598325501, 47.557545107 ], [ -122.59544577, 47.560800104 ], [ -122.593893925, 47.561076137 ], [ -122.592713805, 47.561614401 ], [ -122.592540837, 47.561794053 ], [ -122.592740766, 47.561634942 ], [ -122.593143684, 47.561495876 ], [ -122.592523868, 47.561811678 ], [ -122.591801232, 47.562562242 ], [ -122.591581899, 47.56347971 ], [ -122.58997724, 47.565749103 ], [ -122.587996456, 47.566998995 ], [ -122.587874874, 47.567120075 ], [ -122.587874875, 47.567120056 ], [ -122.58799644, 47.566999005 ], [ -122.587568028, 47.567269336 ], [ -122.586309824, 47.567895265 ], [ -122.586057798, 47.568050707 ], [ -122.586309744, 47.567895305 ], [ -122.585910515, 47.568093913 ], [ -122.585159069, 47.569073882 ], [ -122.581982438, 47.57103091 ], [ -122.581524675, 47.571607139 ], [ -122.581312262, 47.573048552 ], [ -122.580198639, 47.573821175 ], [ -122.577070334, 47.574448667 ], [ -122.576284105, 47.574860173 ], [ -122.574266175, 47.57767178 ], [ -122.572723234, 47.578973082 ], [ -122.57252017, 47.579490254 ], [ -122.570810274, 47.581826168 ], [ -122.568807756, 47.583271167 ], [ -122.570001705, 47.583828313 ], [ -122.570071726, 47.58405911 ], [ -122.570141001, 47.584168149 ], [ -122.57008976, 47.58411855 ], [ -122.570196368, 47.584469944 ], [ -122.568745168, 47.584753815 ], [ -122.568125053, 47.584062314 ], [ -122.56725731, 47.584092115 ], [ -122.566399379, 47.584924482 ], [ -122.56433486, 47.585778327 ], [ -122.562907031, 47.586118911 ], [ -122.56195037, 47.587139511 ], [ -122.560014112, 47.58734358 ], [ -122.558324047, 47.58798738 ], [ -122.556123964, 47.589777773 ], [ -122.555127047, 47.590311578 ], [ -122.553853058, 47.589703159 ], [ -122.55253901, 47.589697681 ], [ -122.550485001, 47.589189079 ], [ -122.549774432, 47.588341388 ], [ -122.548051802, 47.587062447 ], [ -122.547990833, 47.586016946 ], [ -122.548768083, 47.584182734 ], [ -122.548935634, 47.583032862 ], [ -122.548318581, 47.582412833 ], [ -122.549472177, 47.581001927 ], [ -122.549836189, 47.578885543 ], [ -122.549290724, 47.578291898 ], [ -122.544693983, 47.577954977 ], [ -122.544142003, 47.577376764 ], [ -122.544515848, 47.576624759 ], [ -122.545965585, 47.575208599 ], [ -122.547831325, 47.573969603 ], [ -122.548647118, 47.573856859 ], [ -122.551385053, 47.57203912 ], [ -122.551797729, 47.569718889 ], [ -122.550355319, 47.569708029 ], [ -122.54881885, 47.568660111 ], [ -122.547974875, 47.56850056 ], [ -122.547414894, 47.56763123 ], [ -122.546777714, 47.567873986 ], [ -122.546661462, 47.567993191 ], [ -122.546661458, 47.567993159 ], [ -122.546777712, 47.567873987 ], [ -122.54422545, 47.568846359 ], [ -122.54155049, 47.568632147 ], [ -122.535680396, 47.566871715 ], [ -122.535492444, 47.565636049 ], [ -122.532866288, 47.565539012 ], [ -122.532004168, 47.565084449 ], [ -122.532992423, 47.564238309 ], [ -122.5359268, 47.563639143 ], [ -122.537613072, 47.56287475 ], [ -122.537515649, 47.56290412 ], [ -122.537750896, 47.562812273 ], [ -122.538659935, 47.562400203 ], [ -122.539749987, 47.561452027 ], [ -122.541959869, 47.55887475 ], [ -122.542779181, 47.55767442 ], [ -122.543312375, 47.555708415 ], [ -122.543347458, 47.554500694 ], [ -122.542452262, 47.552321239 ], [ -122.540628981, 47.549329373 ], [ -122.540129999, 47.54770563 ], [ -122.539890534, 47.545095321 ], [ -122.540059837, 47.542359717 ], [ -122.540389665, 47.540934316 ], [ -122.541712115, 47.53881804 ], [ -122.543369709, 47.536672132 ], [ -122.544465043, 47.534211602 ], [ -122.545650547, 47.530925916 ], [ -122.546685377, 47.529398516 ], [ -122.546318002, 47.528939503 ], [ -122.547441017, 47.528143101 ], [ -122.547481116, 47.527290515 ], [ -122.547009754, 47.525085989 ], [ -122.547479721, 47.526473452 ], [ -122.547486631, 47.527173248 ], [ -122.547519756, 47.526468942 ], [ -122.547215042, 47.524759045 ], [ -122.545801514510259, 47.523423454655074 ], [ -122.54580149, 47.52342345 ], [ -122.54566556, 47.52352058 ], [ -122.54542583, 47.52364305 ], [ -122.54515209, 47.52378978 ], [ -122.54487603, 47.52388925 ], [ -122.54449403, 47.52394345 ], [ -122.54420784, 47.52396151 ], [ -122.54413878, 47.52396114 ], [ -122.54353678, 47.52390514 ], [ -122.54322078, 47.52383314 ], [ -122.54308378, 47.52380114 ], [ -122.542903705094261, 47.523749213664722 ], [ -122.542739702, 47.52373757 ], [ -122.539555424443535, 47.522681527037527 ], [ -122.53955516, 47.52268145 ], [ -122.539555125393591, 47.522681448933795 ], [ -122.537686545, 47.523137476 ], [ -122.53753711, 47.52320159 ], [ -122.537605625, 47.523157225 ], [ -122.537511607, 47.52318017 ], [ -122.537367236434534, 47.523175872390709 ], [ -122.53723978, 47.52322915 ], [ -122.53691878, 47.52329015 ], [ -122.53669078, 47.52330515 ], [ -122.53643078, 47.52329015 ], [ -122.53635328, 47.52327924 ], [ -122.53626043, 47.52324472 ], [ -122.53601436, 47.52320172 ], [ -122.53596861, 47.52318938 ], [ -122.535873624372542, 47.52313141068857 ], [ -122.535770638, 47.523128345 ], [ -122.534760159317003, 47.522371885656973 ], [ -122.53476009, 47.52237185 ], [ -122.534760032826256, 47.522371833968819 ], [ -122.532555962755112, 47.522112184335278 ], [ -122.532554067987974, 47.522112334426197 ], [ -122.530304169718661, 47.52230775135736 ], [ -122.53030389, 47.52230778 ], [ -122.530303692979885, 47.522307843460702 ], [ -122.528132464, 47.52306669 ], [ -122.528115, 47.525031 ], [ -122.521473, 47.525004 ], [ -122.519273, 47.524549 ], [ -122.519286, 47.52313 ], [ -122.516044, 47.523116 ], [ -122.515725, 47.522787 ], [ -122.515762, 47.518708 ], [ -122.515297674773194, 47.518706097027753 ], [ -122.51508676, 47.51878785 ], [ -122.51482782, 47.51889912 ], [ -122.51454309, 47.51901079 ], [ -122.51415182, 47.51908885 ], [ -122.51375989, 47.51914912 ], [ -122.51331469, 47.51919232 ], [ -122.51273735, 47.51922012 ], [ -122.51210462, 47.51915992 ], [ -122.51166789, 47.51907838 ], [ -122.51111149, 47.51896338 ], [ -122.51055629, 47.51886619 ], [ -122.51049909, 47.51885365 ], [ -122.51010575, 47.51876719 ], [ -122.50954869, 47.51863439 ], [ -122.50881462, 47.51846472 ], [ -122.50834335, 47.51836439 ], [ -122.50795155, 47.51825339 ], [ -122.50767782, 47.51822459 ], [ -122.50750909, 47.51820685 ], [ -122.50683042, 47.51827272 ], [ -122.50617936, 47.51835645 ], [ -122.50566135, 47.51838872 ], [ -122.50557962, 47.51839385 ], [ -122.50498862, 47.51831358 ], [ -122.50415722, 47.51821939 ], [ -122.50368795, 47.51817312 ], [ -122.50317529, 47.51803712 ], [ -122.50293182, 47.51796612 ], [ -122.50282435, 47.51793472 ], [ -122.50255329, 47.51783072 ], [ -122.50244289, 47.51773305 ], [ -122.50219369, 47.51751125 ], [ -122.50183322, 47.51715545 ], [ -122.50169208, 47.51702376 ], [ -122.50166275, 47.51691324 ], [ -122.50160775, 47.51670324 ], [ -122.50153175, 47.51668324 ], [ -122.50120654, 47.51633987 ], [ -122.50111402, 47.51613645 ], [ -122.50099782, 47.51588492 ], [ -122.50080055, 47.51561705 ], [ -122.50065895, 47.51540232 ], [ -122.5005109, 47.51522298 ], [ -122.50003674, 47.51462124 ], [ -122.49988306, 47.51448203 ], [ -122.49986255, 47.51445692 ], [ -122.499853376565937, 47.51444576569164 ], [ -122.499602, 47.514445 ], [ -122.499252, 47.515154 ], [ -122.492611, 47.515125 ], [ -122.492655, 47.510626 ], [ -122.495428541734626, 47.510638395949648 ], [ -122.49526788, 47.51041792 ], [ -122.49519182, 47.51022279 ], [ -122.49521195, 47.51001679 ], [ -122.49532988, 47.50985592 ], [ -122.49569882, 47.50976559 ], [ -122.49588922, 47.50968745 ], [ -122.49599313160266, 47.509673879984774 ], [ -122.496451053956903, 47.509582596484293 ], [ -122.49651902, 47.50956452 ], [ -122.49682028, 47.50950332 ], [ -122.49710822, 47.50945159 ], [ -122.497108236337624, 47.509451576885667 ], [ -122.498177413281269, 47.508188836099663 ], [ -122.49817755, 47.50818865 ], [ -122.49845268, 47.50795679 ], [ -122.49907855, 47.50745692 ], [ -122.49973075, 47.50697405 ], [ -122.50034635, 47.50655279 ], [ -122.50054608, 47.50637472 ], [ -122.500879966770015, 47.506254496405177 ], [ -122.501035675758871, 47.506161949753668 ], [ -122.50123815, 47.50603359 ], [ -122.50135562, 47.50595905 ], [ -122.50180548, 47.50558439 ], [ -122.501824480299206, 47.505574232725429 ], [ -122.50217470019841, 47.505234954765925 ], [ -122.50217915, 47.50522852 ], [ -122.50242455, 47.50489245 ], [ -122.50256275, 47.50477199 ], [ -122.50264895, 47.50469645 ], [ -122.502903441771778, 47.504528981305896 ], [ -122.503833605983928, 47.503627878265739 ], [ -122.50383362, 47.50362785 ], [ -122.50383375, 47.50362112 ], [ -122.5038425, 47.50325242 ], [ -122.50385169, 47.50323225 ], [ -122.50391269, 47.50274425 ], [ -122.50394268, 47.50208825 ], [ -122.50404968, 47.50140125 ], [ -122.50406968, 47.50125125 ], [ -122.504098535295341, 47.501251039767567 ], [ -122.504107299, 47.501172409 ], [ -122.50545184, 47.499204449 ], [ -122.506781637, 47.498222058 ], [ -122.507223558, 47.497288599 ], [ -122.510501033, 47.494607322 ], [ -122.511610369, 47.492851388 ], [ -122.513424077, 47.491390264 ], [ -122.517174629, 47.489108809 ], [ -122.518135919, 47.488777257 ], [ -122.57932483, 47.489018059 ], [ -122.579485442, 47.468893038 ], [ -122.59226684, 47.468805641 ], [ -122.59663084, 47.46881564 ], [ -122.602527841, 47.46867664 ], [ -122.609828842, 47.468599639 ], [ -122.618650191, 47.468661027 ], [ -122.61867, 47.465961 ], [ -122.623947662, 47.465977706 ], [ -122.623814844, 47.464016637 ], [ -122.623598843, 47.461343637 ], [ -122.621495841, 47.453753637 ], [ -122.621395841, 47.452882637 ], [ -122.622335838, 47.442232636 ], [ -122.622661837, 47.437125636 ], [ -122.623026704510352, 47.432417999408649 ], [ -122.62290441, 47.43241897 ], [ -122.62222541, 47.43242597 ], [ -122.61979641, 47.43245497 ], [ -122.61816741, 47.43244198 ], [ -122.61607241, 47.43246498 ], [ -122.6125474, 47.43248199 ], [ -122.6098154, 47.43249599 ], [ -122.60989638, 47.42814599 ], [ -122.60990338, 47.42780899 ], [ -122.60993637, 47.42524799 ], [ -122.60993737, 47.42519799 ], [ -122.60994837, 47.42433999 ], [ -122.60996936, 47.42268599 ], [ -122.60997236, 47.42253899 ], [ -122.60999035, 47.42160999 ], [ -122.61000335, 47.42070499 ], [ -122.61004334, 47.41798498 ], [ -122.61012433, 47.41537098 ], [ -122.61035031, 47.41072898 ], [ -122.61023031, 47.41058498 ], [ -122.6101823, 47.41041198 ], [ -122.6102383, 47.41014598 ], [ -122.6103653, 47.40954498 ], [ -122.6103663, 47.40939398 ], [ -122.61040028, 47.40559598 ], [ -122.61035028, 47.40536598 ], [ -122.61041027, 47.40347698 ], [ -122.61117527, 47.40347998 ], [ -122.61227328, 47.40348297 ], [ -122.61275828, 47.40348597 ], [ -122.61295428, 47.40348497 ], [ -122.613006577039812, 47.403481800482439 ], [ -122.610412827, 47.403475635 ], [ -122.606513308, 47.403502776 ], [ -122.606545838, 47.39913388 ], [ -122.629012068, 47.399208786 ], [ -122.630525667, 47.400194491 ], [ -122.629365932, 47.401198831 ], [ -122.62974956, 47.402352817 ], [ -122.628626469, 47.402513166 ], [ -122.626975948749134, 47.403504228044262 ], [ -122.6270739, 47.40350116 ], [ -122.62685428, 47.40367177 ] ], [ [ -122.620816058188979, 47.403500364036411 ], [ -122.62108829, 47.40351196 ], [ -122.623628308271677, 47.403507048905119 ], [ -122.620816058188979, 47.403500364036411 ] ], [ [ -122.624716019257363, 47.403510998128446 ], [ -122.624715829, 47.403509634 ], [ -122.623809756233683, 47.403507480216625 ], [ -122.6247133, 47.40351095 ], [ -122.624716019257363, 47.403510998128446 ] ], [ [ -122.617980443790117, 47.403493623629466 ], [ -122.615394191275186, 47.403487475969051 ], [ -122.61653828, 47.40349497 ], [ -122.617980443790117, 47.403493623629466 ] ] ], [ [ [ -122.619651, 47.551674 ], [ -122.613006, 47.551652 ], [ -122.613039, 47.547153 ], [ -122.614206206622896, 47.54715704000003 ], [ -122.614222848, 47.547165874 ], [ -122.614232865, 47.547171193 ], [ -122.614355442, 47.54723626 ], [ -122.615081306, 47.547483074 ], [ -122.615126593, 47.547498472 ], [ -122.615660861, 47.547635 ], [ -122.616321302, 47.547763145 ], [ -122.616324226, 47.547763881 ], [ -122.616326948, 47.547764912 ], [ -122.616329403, 47.547766214 ], [ -122.616331533, 47.547767757 ], [ -122.616333289, 47.5477695 ], [ -122.616334628, 47.547771408 ], [ -122.616343534, 47.547787517 ], [ -122.61634449, 47.547789237 ], [ -122.616364537, 47.547787463 ], [ -122.616525728, 47.547773206 ], [ -122.616527092, 47.547773086 ], [ -122.616540514, 47.5477719 ], [ -122.616572154, 47.547775205 ], [ -122.616572453, 47.547775236 ], [ -122.616572893, 47.547775282 ], [ -122.616683217, 47.547786808 ], [ -122.61678045, 47.547796965 ], [ -122.61690638, 47.547794699 ], [ -122.616958243, 47.547793766 ], [ -122.616960083, 47.547786244 ], [ -122.616981563, 47.547698434 ], [ -122.617020973, 47.547706049 ], [ -122.617015707, 47.54778613 ], [ -122.617015266, 47.547792739 ], [ -122.617128581, 47.5477907 ], [ -122.61722386, 47.547785692 ], [ -122.617299845, 47.547781699 ], [ -122.617388952, 47.547777074 ], [ -122.617480088, 47.547772343 ], [ -122.617553665, 47.547768523 ], [ -122.617563112, 47.547768032 ], [ -122.617724203, 47.547737574 ], [ -122.617821903, 47.5477191 ], [ -122.6179495, 47.547643103 ], [ -122.617990101, 47.547568639 ], [ -122.617991019, 47.547561778 ], [ -122.618006908, 47.547443234 ], [ -122.618101848, 47.547415469 ], [ -122.618114512, 47.547411766 ], [ -122.618191234, 47.547410371 ], [ -122.61819684, 47.547410269 ], [ -122.618381946, 47.547406901 ], [ -122.618417717, 47.547406252 ], [ -122.618671458, 47.547488593 ], [ -122.618799491, 47.547536389 ], [ -122.619678947446786, 47.547864678313914 ], [ -122.619651, 47.551674 ] ], [ [ -122.616303242, 47.547792883 ], [ -122.616300327, 47.547787611 ], [ -122.615648893, 47.547661213 ], [ -122.615648059, 47.547661038 ], [ -122.615647321, 47.547660861 ], [ -122.615238601, 47.547556415 ], [ -122.615111294, 47.547523882 ], [ -122.615109356, 47.547523308 ], [ -122.614486758, 47.547311609 ], [ -122.614779922, 47.547436235 ], [ -122.61486005, 47.547465968 ], [ -122.614995721, 47.547516302 ], [ -122.615229719, 47.547608034 ], [ -122.615569987, 47.547709833 ], [ -122.615802052, 47.547753566 ], [ -122.616226178, 47.547799699 ], [ -122.616303242, 47.547792883 ] ] ], [ [ [ -122.64827216, 47.5375714 ], [ -122.64817005, 47.5376153 ], [ -122.64798603, 47.5376235 ], [ -122.64813194, 47.53751949 ], [ -122.648205, 47.53745781 ], [ -122.648242200011993, 47.537426382008363 ], [ -122.648269900071867, 47.537402985317883 ], [ -122.648270315942071, 47.537433759713359 ], [ -122.648270627, 47.537457 ], [ -122.648271743893304, 47.537540287185351 ], [ -122.64827216, 47.5375714 ] ] ], [ [ [ -122.64772178, 47.53763337 ], [ -122.64745971, 47.53759897 ], [ -122.64735691, 47.53756157 ], [ -122.64728225, 47.53750417 ], [ -122.64720505, 47.53742697 ], [ -122.647205067348494, 47.537426974643111 ], [ -122.64720507, 47.537426977 ], [ -122.647365, 47.537469783 ], [ -122.647364981244934, 47.537469773632452 ], [ -122.64739385, 47.5374775 ], [ -122.64761283, 47.53748793 ], [ -122.64775533, 47.53759177 ], [ -122.647755332194251, 47.537591770599214 ], [ -122.647751386, 47.537608259 ], [ -122.647862499, 47.537628983 ], [ -122.647862541, 47.537628981 ], [ -122.647866983, 47.537628787 ], [ -122.64785471, 47.537618995 ], [ -122.647854580379729, 47.537618873767769 ], [ -122.64788756, 47.53762788 ], [ -122.64779412, 47.53763204 ], [ -122.64772178, 47.53763337 ] ] ], [ [ [ -122.646681450456526, 47.537297192102393 ], [ -122.646681451, 47.537297192 ], [ -122.646682767830939, 47.537296771953571 ], [ -122.64669541, 47.53729274 ], [ -122.6469793, 47.5373085 ], [ -122.64700292, 47.53732285 ], [ -122.64692725, 47.53732424 ], [ -122.64658211, 47.53738957 ], [ -122.64646705, 47.53741124 ], [ -122.64635278, 47.53745257 ], [ -122.64631098, 47.53748284 ], [ -122.64629965, 47.53750211 ], [ -122.64627025, 47.5375523 ], [ -122.64627418, 47.53765031 ], [ -122.64616305, 47.53777011 ], [ -122.64611975, 47.53778339 ], [ -122.64610621, 47.53773861 ], [ -122.64612159, 47.53759595 ], [ -122.646239771817449, 47.537461456782502 ], [ -122.646242370192198, 47.537458499919261 ], [ -122.646270246815916, 47.537446789324655 ], [ -122.646350366, 47.537413134 ], [ -122.646350369732232, 47.537413130765394 ], [ -122.64645266, 47.53737016 ], [ -122.646681450456526, 47.537297192102393 ] ] ], [ [ [ -122.64566182, 47.53792761 ], [ -122.64574221, 47.53788218 ], [ -122.6458621, 47.53786292 ], [ -122.64566182, 47.53792761 ] ] ], [ [ [ -122.64527253, 47.53818583 ], [ -122.64515645, 47.53831824 ], [ -122.64505888, 47.53837991 ], [ -122.64520919, 47.5382346 ], [ -122.64527253, 47.53818583 ] ] ], [ [ [ -122.64203744, 47.54018128 ], [ -122.64211464, 47.5401627 ], [ -122.64204005, 47.54018337 ], [ -122.64203744, 47.54018128 ] ] ], [ [ [ -122.64012069, 47.54160358 ], [ -122.64015778, 47.54165824 ], [ -122.64018371, 47.54176111 ], [ -122.64018665, 47.54183491 ], [ -122.64010618, 47.54199884 ], [ -122.64008265, 47.54201677 ], [ -122.64009068, 47.54198327 ], [ -122.640099250317419, 47.54189952511733 ], [ -122.640113701, 47.541758328 ], [ -122.640120691, 47.541603601 ], [ -122.640120689167333, 47.541603598434257 ], [ -122.64012069, 47.54160358 ] ] ], [ [ [ -122.63149825, 47.54319097 ], [ -122.63146004, 47.54326177 ], [ -122.63142165, 47.54333964 ], [ -122.63130871, 47.54336277 ], [ -122.63114385, 47.54337984 ], [ -122.63101938, 47.54338211 ], [ -122.63085391, 47.54338517 ], [ -122.63069131, 47.54345824 ], [ -122.63058985, 47.54351611 ], [ -122.63038571, 47.54358997 ], [ -122.63009798, 47.54363724 ], [ -122.62974811, 47.54369984 ], [ -122.62931245, 47.54367971 ], [ -122.62893005, 47.54370077 ], [ -122.62861991, 47.54370644 ], [ -122.62832838, 47.54366957 ], [ -122.62828707, 47.54366478 ], [ -122.628287096619204, 47.543664776801862 ], [ -122.628287109, 47.543664778 ], [ -122.628439716, 47.543646444 ], [ -122.628676028, 47.543626488 ], [ -122.628676008238799, 47.543626488341445 ], [ -122.62897467, 47.54360127 ], [ -122.62936451881076, 47.543582134077937 ], [ -122.629364467, 47.54358214 ], [ -122.629444868, 47.543578194 ], [ -122.629952089, 47.543553176 ], [ -122.629952065161135, 47.54355317304119 ], [ -122.63002856, 47.5435494 ], [ -122.630063935502662, 47.543539170250448 ], [ -122.630063946, 47.543539172 ], [ -122.630239024, 47.543488542 ], [ -122.630361484, 47.54337974 ], [ -122.630361485979932, 47.543379736040144 ], [ -122.63050525, 47.54325201 ], [ -122.630571770868997, 47.54327708895584 ], [ -122.630635296, 47.543301043 ], [ -122.630927487, 47.543349744 ], [ -122.630966926, 47.543322865 ], [ -122.630966924501024, 47.543322865264557 ], [ -122.63112947, 47.54321209 ], [ -122.63129878, 47.54304163 ], [ -122.631351831139014, 47.5430245204887 ], [ -122.631433168, 47.542998289 ], [ -122.631433168311489, 47.542998288454903 ], [ -122.63152531846238, 47.542968569129798 ], [ -122.631525314, 47.542968572 ], [ -122.631559153, 47.542957659 ], [ -122.631559140734595, 47.542957661116141 ], [ -122.63159012, 47.54294767 ], [ -122.63206797, 47.54284777 ], [ -122.6323499007908, 47.542759508356987 ], [ -122.632349900831827, 47.542759505872567 ], [ -122.632456525, 47.542726127 ], [ -122.632820531, 47.54257167 ], [ -122.633168758, 47.542488545 ], [ -122.633392405, 47.542490286 ], [ -122.633392526, 47.542490278 ], [ -122.633393679, 47.542490209 ], [ -122.633395588, 47.542490088 ], [ -122.633396125, 47.542490057 ], [ -122.633438196, 47.542487417 ], [ -122.633535864, 47.5424813 ], [ -122.63353697, 47.542481259 ], [ -122.633536971, 47.542481259 ], [ -122.633536973, 47.542481259 ], [ -122.633536974, 47.542481259 ], [ -122.633545477, 47.542482896 ], [ -122.633536974, 47.542481258 ], [ -122.633536973, 47.542481258 ], [ -122.633536972, 47.542481258 ], [ -122.633536971, 47.542481257 ], [ -122.63353697, 47.542481257 ], [ -122.633536969, 47.542481256 ], [ -122.633536968, 47.542481255 ], [ -122.633536967, 47.542481255 ], [ -122.633536966, 47.542481254 ], [ -122.633536966, 47.542481253 ], [ -122.633536965, 47.542481252 ], [ -122.633536965, 47.542481251 ], [ -122.633536965, 47.54248125 ], [ -122.633536965, 47.542481249 ], [ -122.633536965, 47.542481248 ], [ -122.633536965, 47.542481247 ], [ -122.633536966, 47.542481246 ], [ -122.633536966, 47.542481245 ], [ -122.633536967, 47.542481245 ], [ -122.633536968, 47.542481244 ], [ -122.633536968, 47.542481243 ], [ -122.633536969, 47.542481243 ], [ -122.63353697, 47.542481242 ], [ -122.633536972, 47.542481242 ], [ -122.633536973, 47.542481241 ], [ -122.633536974, 47.542481241 ], [ -122.633536975, 47.542481241 ], [ -122.633536976, 47.542481241 ], [ -122.633536978, 47.542481241 ], [ -122.633536979, 47.542481241 ], [ -122.633544796, 47.542481683 ], [ -122.633733382, 47.542492564 ], [ -122.633733383, 47.542492564 ], [ -122.633742581, 47.542493699 ], [ -122.63374266, 47.542493709 ], [ -122.634080389, 47.542502412 ], [ -122.633975086, 47.542474923 ], [ -122.633712147, 47.542412176 ], [ -122.633664715, 47.542413236 ], [ -122.633585818, 47.542414997 ], [ -122.633555786, 47.542415668 ], [ -122.633484263, 47.542417265 ], [ -122.633396278, 47.54241923 ], [ -122.633394397, 47.542419272 ], [ -122.63337532, 47.542419697 ], [ -122.633139416, 47.542445589 ], [ -122.632974582, 47.542497182 ], [ -122.632915544, 47.54251566 ], [ -122.632821278, 47.542559983 ], [ -122.63278748, 47.542575875 ], [ -122.632785314, 47.542576895 ], [ -122.632746049, 47.542595353 ], [ -122.632745054, 47.542595792 ], [ -122.632574659, 47.542665864 ], [ -122.632552845, 47.542674833 ], [ -122.632539498, 47.542680324 ], [ -122.63253735, 47.542681201 ], [ -122.632510143, 47.54269239 ], [ -122.632489691, 47.542700802 ], [ -122.632456164, 47.542714589 ], [ -122.632349921143813, 47.542758275727394 ], [ -122.6323504546843, 47.542725963182193 ], [ -122.632456494, 47.542682361 ], [ -122.632537656, 47.542648984 ], [ -122.632538512, 47.542648631 ], [ -122.632539788, 47.542648107 ], [ -122.632722293, 47.54257306 ], [ -122.63272346, 47.542572581 ], [ -122.63278559, 47.542543367 ], [ -122.632787787, 47.542542333 ], [ -122.632893887, 47.542492448 ], [ -122.632893887, 47.542492447 ], [ -122.632894843, 47.542492026 ], [ -122.632894844, 47.542492025 ], [ -122.632896941, 47.542491264 ], [ -122.632896942, 47.542491263 ], [ -122.63292195, 47.542483435 ], [ -122.633022098, 47.542452089 ], [ -122.633124942, 47.542419901 ], [ -122.633124942, 47.5424199 ], [ -122.63312751, 47.542419237 ], [ -122.633127512, 47.542419237 ], [ -122.6331302, 47.542418813 ], [ -122.633130201, 47.542418813 ], [ -122.633370124, 47.542392479 ], [ -122.633370125, 47.542392479 ], [ -122.633372697, 47.542392309 ], [ -122.633372698, 47.542392309 ], [ -122.633394645, 47.542391819 ], [ -122.633396541, 47.542391776 ], [ -122.633553837, 47.542388265 ], [ -122.633617599, 47.542386842 ], [ -122.633644375, 47.542386245 ], [ -122.633714681, 47.542384675 ], [ -122.633714682, 47.542384675 ], [ -122.633718255, 47.542384816 ], [ -122.633718256, 47.542384816 ], [ -122.633718257, 47.542384816 ], [ -122.633721849, 47.542385409 ], [ -122.63372185, 47.54238541 ], [ -122.633988824, 47.542449116 ], [ -122.633988825, 47.542449116 ], [ -122.633989376, 47.542449254 ], [ -122.634098216, 47.542477666 ], [ -122.634122365, 47.542483969 ], [ -122.634169111, 47.542496174 ], [ -122.634207976, 47.542506321 ], [ -122.634237648, 47.542514066 ], [ -122.634301756, 47.542530801 ], [ -122.634515147, 47.542557937 ], [ -122.634607405, 47.542559789 ], [ -122.634607556, 47.542559791 ], [ -122.634609519, 47.54255983 ], [ -122.634874818, 47.542565152 ], [ -122.634876694, 47.54256519 ], [ -122.635487692, 47.542577445 ], [ -122.635525615, 47.542578206 ], [ -122.635527602, 47.542576899 ], [ -122.635527603, 47.542576898 ], [ -122.635527604, 47.542576897 ], [ -122.635527605, 47.542576897 ], [ -122.635527606, 47.542576897 ], [ -122.635527608, 47.542576896 ], [ -122.635527609, 47.542576896 ], [ -122.63552761, 47.542576896 ], [ -122.635527611, 47.542576896 ], [ -122.635527612, 47.542576896 ], [ -122.63557598, 47.542579216 ], [ -122.635575985, 47.542579217 ], [ -122.635584392, 47.542579386 ], [ -122.635983425, 47.542571383 ], [ -122.635983426, 47.542571383 ], [ -122.635986515, 47.542571484 ], [ -122.635986516, 47.542571484 ], [ -122.635986517, 47.542571484 ], [ -122.635989548, 47.542571903 ], [ -122.635989549, 47.542571903 ], [ -122.63598955, 47.542571903 ], [ -122.635992442, 47.542572627 ], [ -122.635992443, 47.542572627 ], [ -122.635992444, 47.542572627 ], [ -122.63599515, 47.542573644 ], [ -122.635995151, 47.542573644 ], [ -122.635995152, 47.542573644 ], [ -122.635997592, 47.542574925 ], [ -122.635997593, 47.542574926 ], [ -122.635997594, 47.542574926 ], [ -122.635999719, 47.542576446 ], [ -122.63599972, 47.542576446 ], [ -122.636029124, 47.542600956 ], [ -122.636046248, 47.542601777 ], [ -122.63612719, 47.542605662 ], [ -122.636127191, 47.542605662 ], [ -122.636127193, 47.542605662 ], [ -122.636127194, 47.542605663 ], [ -122.636127195, 47.542605663 ], [ -122.636127196, 47.542605663 ], [ -122.636127197, 47.542605664 ], [ -122.636127198, 47.542605664 ], [ -122.636127199, 47.542605665 ], [ -122.6361272, 47.542605666 ], [ -122.636127201, 47.542605667 ], [ -122.636127202, 47.542605668 ], [ -122.636127202, 47.542605669 ], [ -122.636127202, 47.54260567 ], [ -122.636127202, 47.542605671 ], [ -122.636127202, 47.542605672 ], [ -122.636127202, 47.542605673 ], [ -122.636127202, 47.542605674 ], [ -122.636127201, 47.542605675 ], [ -122.6361272, 47.542605676 ], [ -122.6361272, 47.542605677 ], [ -122.636127199, 47.542605677 ], [ -122.636127198, 47.542605678 ], [ -122.636127197, 47.542605679 ], [ -122.636127196, 47.542605679 ], [ -122.636127195, 47.54260568 ], [ -122.636124959, 47.542606594 ], [ -122.636124954, 47.54260701 ], [ -122.636127177, 47.542607115 ], [ -122.636127178, 47.542607115 ], [ -122.636127179, 47.542607116 ], [ -122.63612718, 47.542607116 ], [ -122.636127182, 47.542607116 ], [ -122.636127183, 47.542607117 ], [ -122.636127184, 47.542607117 ], [ -122.636127185, 47.542607118 ], [ -122.636127186, 47.542607118 ], [ -122.636127187, 47.542607119 ], [ -122.636127187, 47.54260712 ], [ -122.636127188, 47.542607121 ], [ -122.636127188, 47.542607122 ], [ -122.636127189, 47.542607122 ], [ -122.636127189, 47.542607123 ], [ -122.636127189, 47.542607124 ], [ -122.636126739, 47.542653202 ], [ -122.636126739, 47.542653203 ], [ -122.636126739, 47.542653204 ], [ -122.636126721, 47.542655076 ], [ -122.636137316, 47.542656463 ], [ -122.636137347, 47.54265568 ], [ -122.636137347, 47.542655679 ], [ -122.636137347, 47.542655678 ], [ -122.636139008, 47.542612375 ], [ -122.636139008, 47.542612374 ], [ -122.636139376, 47.542610115 ], [ -122.636139376, 47.542610114 ], [ -122.636139377, 47.542610114 ], [ -122.636140294, 47.542607928 ], [ -122.636140294, 47.542607927 ], [ -122.636140398, 47.542607753 ], [ -122.636140762, 47.542607155 ], [ -122.636140762, 47.542607154 ], [ -122.636140785, 47.542607124 ], [ -122.636141339, 47.542606346 ], [ -122.636141339, 47.542606345 ], [ -122.636142027, 47.542605534 ], [ -122.636142802, 47.542604748 ], [ -122.636142803, 47.542604748 ], [ -122.636143628, 47.542604018 ], [ -122.636143628, 47.542604017 ], [ -122.636143659, 47.542603993 ], [ -122.636144542, 47.542603315 ], [ -122.636144604, 47.542603273 ], [ -122.636145521, 47.542602659 ], [ -122.636145614, 47.542602604 ], [ -122.636146565, 47.542602048 ], [ -122.636146566, 47.542602047 ], [ -122.636149425, 47.542600747 ], [ -122.636149426, 47.542600746 ], [ -122.636149427, 47.542600746 ], [ -122.636152561, 47.542599789 ], [ -122.636152562, 47.542599788 ], [ -122.636152563, 47.542599788 ], [ -122.636155902, 47.542599207 ], [ -122.636155903, 47.542599207 ], [ -122.636155904, 47.542599207 ], [ -122.636159329, 47.542599016 ], [ -122.63615933, 47.542599016 ], [ -122.636257553, 47.542599271 ], [ -122.636257554, 47.542599271 ], [ -122.636260702, 47.542599446 ], [ -122.636260703, 47.542599446 ], [ -122.636260704, 47.542599446 ], [ -122.636263769, 47.54259995 ], [ -122.63626377, 47.54259995 ], [ -122.636263771, 47.54259995 ], [ -122.636266691, 47.54260077 ], [ -122.636266692, 47.54260077 ], [ -122.636305603, 47.542614221 ], [ -122.636310319, 47.542615853 ], [ -122.637107534, 47.542891413 ], [ -122.637366416, 47.542956548 ], [ -122.637366417, 47.542956548 ], [ -122.637366418, 47.542956549 ], [ -122.637366419, 47.542956549 ], [ -122.63736642, 47.54295655 ], [ -122.637366421, 47.54295655 ], [ -122.637366422, 47.542956551 ], [ -122.637366423, 47.542956552 ], [ -122.637366424, 47.542956553 ], [ -122.637366424, 47.542956554 ], [ -122.637366425, 47.542956555 ], [ -122.637503145, 47.54299095 ], [ -122.637639712, 47.543012851 ], [ -122.637768517, 47.5430167 ], [ -122.637768519, 47.5430167 ], [ -122.637905115, 47.543034234 ], [ -122.637905116, 47.543034234 ], [ -122.637905117, 47.543034233 ], [ -122.637905118, 47.543034233 ], [ -122.637905119, 47.543034233 ], [ -122.637905121, 47.543034232 ], [ -122.637905122, 47.543034232 ], [ -122.637905123, 47.543034232 ], [ -122.637905124, 47.543034232 ], [ -122.637905126, 47.543034232 ], [ -122.637905127, 47.543034232 ], [ -122.638020919, 47.543049098 ], [ -122.638121727, 47.543055239 ], [ -122.638121728, 47.543055239 ], [ -122.63812173, 47.543055239 ], [ -122.638121731, 47.54305524 ], [ -122.638121732, 47.54305524 ], [ -122.63835688, 47.543069566 ], [ -122.638392909, 47.543071765 ], [ -122.638421178, 47.543063491 ], [ -122.638566369, 47.543020986 ], [ -122.63856637, 47.543020986 ], [ -122.638566371, 47.543020986 ], [ -122.638566372, 47.543020985 ], [ -122.638566385, 47.543020984 ], [ -122.638608573, 47.543008631 ], [ -122.638737377, 47.542962097 ], [ -122.638844239, 47.542900967 ], [ -122.63884424, 47.542900966 ], [ -122.638844241, 47.542900966 ], [ -122.638983485, 47.542845083 ], [ -122.638986427, 47.542843904 ], [ -122.638991375793424, 47.542841917937572 ], [ -122.638957, 47.54485 ], [ -122.638955, 47.545197 ], [ -122.63231, 47.545176 ], [ -122.632347926797081, 47.542879058351588 ], [ -122.63217111, 47.54292637 ], [ -122.63196591, 47.54297211 ], [ -122.63171865, 47.54300477 ], [ -122.63159578, 47.54303497 ], [ -122.63155711, 47.54310577 ], [ -122.63149825, 47.54319097 ] ], [ [ -122.636126808, 47.54260568 ], [ -122.636124968, 47.54260568 ], [ -122.636124968, 47.542605762 ], [ -122.636126808, 47.54260568 ] ], [ [ -122.636040205, 47.542610196 ], [ -122.636112425, 47.542606433 ], [ -122.636110978, 47.542606364 ], [ -122.636096487, 47.542605675 ], [ -122.636034778, 47.542605663 ], [ -122.636039227, 47.542609377 ], [ -122.636040205, 47.542610196 ] ], [ [ -122.634876162, 47.542620132 ], [ -122.635102723, 47.542629958 ], [ -122.635301958, 47.542640456 ], [ -122.635380149, 47.542644577 ], [ -122.635421511, 47.542646753 ], [ -122.635495726, 47.542650673 ], [ -122.635428644, 47.542642066 ], [ -122.635428643, 47.542642066 ], [ -122.635428642, 47.542642066 ], [ -122.635428641, 47.542642065 ], [ -122.63542864, 47.542642065 ], [ -122.635428639, 47.542642064 ], [ -122.635428638, 47.542642064 ], [ -122.635428637, 47.542642063 ], [ -122.635428636, 47.542642062 ], [ -122.635428635, 47.542642062 ], [ -122.635428635, 47.542642061 ], [ -122.635428634, 47.54264206 ], [ -122.635428634, 47.542642059 ], [ -122.635428634, 47.542642058 ], [ -122.635428634, 47.542642057 ], [ -122.635428634, 47.542642056 ], [ -122.635428634, 47.542642055 ], [ -122.635428635, 47.542642054 ], [ -122.635428635, 47.542642053 ], [ -122.635428636, 47.542642052 ], [ -122.635428637, 47.542642052 ], [ -122.635428638, 47.542642051 ], [ -122.635428639, 47.54264205 ], [ -122.63542864, 47.54264205 ], [ -122.635428641, 47.542642049 ], [ -122.635428642, 47.542642049 ], [ -122.635428643, 47.542642049 ], [ -122.635428645, 47.542642049 ], [ -122.635428646, 47.542642049 ], [ -122.635991089, 47.542612753 ], [ -122.635989559, 47.54261148 ], [ -122.635982568, 47.542605654 ], [ -122.635646214, 47.54260559 ], [ -122.635646206, 47.54260559 ], [ -122.635584959, 47.542606817 ], [ -122.635584958, 47.542606817 ], [ -122.63558378, 47.542606817 ], [ -122.635583779, 47.542606817 ], [ -122.635521365, 47.542605565 ], [ -122.635521364, 47.542605565 ], [ -122.635521363, 47.542605566 ], [ -122.635521362, 47.542605566 ], [ -122.635484102, 47.542605558 ], [ -122.635484101, 47.542605558 ], [ -122.635484099, 47.542605558 ], [ -122.635484098, 47.542605557 ], [ -122.635484097, 47.542605557 ], [ -122.635484096, 47.542605557 ], [ -122.635484095, 47.542605556 ], [ -122.635484094, 47.542605556 ], [ -122.635484093, 47.542605555 ], [ -122.635484092, 47.542605555 ], [ -122.635484091, 47.542605554 ], [ -122.63548409, 47.542605553 ], [ -122.63548409, 47.542605552 ], [ -122.635484089, 47.542605551 ], [ -122.635484089, 47.54260555 ], [ -122.635484089, 47.542605549 ], [ -122.635484089, 47.542605548 ], [ -122.635484089, 47.542605547 ], [ -122.635484089, 47.542605546 ], [ -122.63548409, 47.542605545 ], [ -122.635484091, 47.542605544 ], [ -122.635484092, 47.542605543 ], [ -122.635484093, 47.542605542 ], [ -122.635485163, 47.542604838 ], [ -122.635485076, 47.542604838 ], [ -122.634876429, 47.542592628 ], [ -122.634874561, 47.54259259 ], [ -122.634609254, 47.542587268 ], [ -122.634607235, 47.542587228 ], [ -122.634607133, 47.542587227 ], [ -122.634607132, 47.542587227 ], [ -122.634512371, 47.542585324 ], [ -122.634509992, 47.542585183 ], [ -122.634509991, 47.542585183 ], [ -122.634509228, 47.542585095 ], [ -122.634503313, 47.542584344 ], [ -122.634492215, 47.54258293 ], [ -122.634492213, 47.54258293 ], [ -122.634492212, 47.54258293 ], [ -122.634460965, 47.542578957 ], [ -122.634564134, 47.542600339 ], [ -122.634572787, 47.542602298 ], [ -122.634572919, 47.542602317 ], [ -122.634606947, 47.542607022 ], [ -122.634609062, 47.542607315 ], [ -122.634621979, 47.542609098 ], [ -122.634629458, 47.542609421 ], [ -122.634874308, 47.542620048 ], [ -122.634876162, 47.542620132 ] ], [ [ -122.636046381, 47.542644551 ], [ -122.636055482, 47.542645746 ], [ -122.636107145, 47.542652514 ], [ -122.636107146, 47.542652514 ], [ -122.636107147, 47.542652514 ], [ -122.636124552, 47.542654796 ], [ -122.636124569, 47.542652704 ], [ -122.636124569, 47.542652703 ], [ -122.636124927, 47.542607027 ], [ -122.636124011, 47.542606984 ], [ -122.636046883, 47.542638561 ], [ -122.636046381, 47.542644551 ] ], [ [ -122.635342834, 47.542698522 ], [ -122.635501177, 47.542701409 ], [ -122.635342848, 47.542698518 ], [ -122.635335464, 47.542698384 ], [ -122.635342834, 47.542698522 ] ] ], [ [ [ -122.62737151, 47.54303511 ], [ -122.62733618, 47.54318997 ], [ -122.62729918, 47.54330291 ], [ -122.62711631, 47.54339024 ], [ -122.62706006, 47.54340178 ], [ -122.62713236, 47.5433259 ], [ -122.627132360351865, 47.54332589772968 ], [ -122.627132362, 47.543325896 ], [ -122.627156316, 47.543171338 ], [ -122.62717149, 47.543073424 ], [ -122.627171489691534, 47.543073421990329 ], [ -122.62717149, 47.54307342 ], [ -122.627163849538263, 47.543023646241082 ], [ -122.627129412, 47.542799285 ], [ -122.627108306503885, 47.542681794405297 ], [ -122.627079180154681, 47.5425196308612 ], [ -122.627092602, 47.542522413 ], [ -122.627092601815377, 47.54252241207562 ], [ -122.627135246, 47.542531251367699 ], [ -122.627135246, 47.542531252 ], [ -122.627239890248973, 47.542552942041098 ], [ -122.62729044, 47.54256342 ], [ -122.62729198, 47.54260191 ], [ -122.62734298, 47.54283937 ], [ -122.62737151, 47.54303511 ] ] ], [ [ [ -122.619654, 47.559421 ], [ -122.623080459042399, 47.559431826909403 ], [ -122.62500828, 47.561471064 ], [ -122.625056418, 47.561521968 ], [ -122.624990793, 47.561580301 ], [ -122.624979343, 47.561590497 ], [ -122.625125556, 47.561699931 ], [ -122.62528812, 47.561864199 ], [ -122.625353334, 47.561995764 ], [ -122.625321032, 47.562012292 ], [ -122.625215829, 47.562061864 ], [ -122.625094383, 47.562089529 ], [ -122.624955897, 47.561870321 ], [ -122.624834085, 47.561788256 ], [ -122.624744707, 47.561700646 ], [ -122.624607114, 47.561755762 ], [ -122.624631588, 47.561799594 ], [ -122.624713109, 47.561958574 ], [ -122.624802513, 47.562051661 ], [ -122.624851755, 47.562232591 ], [ -122.624754646, 47.562282146 ], [ -122.624625194, 47.562348229 ], [ -122.624544232, 47.562370306 ], [ -122.624454965, 47.562326605 ], [ -122.624276505, 47.56225561 ], [ -122.624122238, 47.562173583 ], [ -122.624057585, 47.562223099 ], [ -122.623912177, 47.562360487 ], [ -122.623791036, 47.562503358 ], [ -122.623904777, 47.562590946 ], [ -122.624026516, 47.562656549 ], [ -122.624083368, 47.562700343 ], [ -122.624229025, 47.56262875 ], [ -122.624326329, 47.562650521 ], [ -122.624375215, 47.562732707 ], [ -122.624302484, 47.562804153 ], [ -122.624140791, 47.56291966 ], [ -122.623906181, 47.563046297 ], [ -122.62372052, 47.563260596 ], [ -122.623559194, 47.563496761 ], [ -122.623478528, 47.563623114 ], [ -122.623381744, 47.563765908 ], [ -122.623276875, 47.56391973 ], [ -122.623196738, 47.564194186 ], [ -122.623098775866467, 47.564366336553192 ], [ -122.62058, 47.564358 ], [ -122.619621, 47.563919 ], [ -122.619654, 47.559421 ] ] ], [ [ [ -122.622934834332384, 47.568944997702935 ], [ -122.622936008907629, 47.568956592088185 ], [ -122.622930615045831, 47.56896690298214 ], [ -122.622923680186446, 47.568980158244273 ], [ -122.62292639, 47.56895464 ], [ -122.62293272, 47.56892415 ], [ -122.622934834332384, 47.568944997702935 ] ] ], [ [ [ -122.617479928440005, 47.570357298874519 ], [ -122.617432489784747, 47.570368539577096 ], [ -122.61739592, 47.57029669 ], [ -122.617479928440005, 47.570357298874519 ] ] ], [ [ [ -122.647128306135727, 47.586752165330381 ], [ -122.646828264, 47.586464357 ], [ -122.646767693, 47.586411001 ], [ -122.646781204434404, 47.586404160254972 ], [ -122.64680126, 47.58639401 ], [ -122.64684973, 47.58643017 ], [ -122.64692899, 47.58651131 ], [ -122.647128306135727, 47.586752165330381 ] ] ], [ [ [ -122.64799439, 47.58756444 ], [ -122.64808666, 47.58753911 ], [ -122.64817406, 47.58754537 ], [ -122.64831679, 47.58762931 ], [ -122.64841279, 47.58769831 ], [ -122.64846206, 47.58776424 ], [ -122.64846953, 47.58781124 ], [ -122.64842359, 47.58789191 ], [ -122.648370507044945, 47.587933208918933 ], [ -122.648790972777078, 47.588229539667253 ], [ -122.64882933, 47.58825331 ], [ -122.64906906, 47.58844324 ], [ -122.64918293, 47.58855184 ], [ -122.64929653, 47.58870504 ], [ -122.64931999, 47.58875877 ], [ -122.649501, 47.58897517 ], [ -122.649855625681013, 47.589503530978945 ], [ -122.650099645, 47.589804065 ], [ -122.651557208627423, 47.590689651568738 ], [ -122.65166579, 47.59073684 ], [ -122.65181253, 47.59088124 ], [ -122.651861272974827, 47.590949754833112 ], [ -122.653534194, 47.592566827 ], [ -122.65349654584827, 47.592567255649904 ], [ -122.65350479, 47.59257543 ], [ -122.65347768, 47.59258335 ], [ -122.653069220566664, 47.59258554136742 ], [ -122.650844579999017, 47.592597459983935 ], [ -122.650844578481028, 47.592597435280567 ], [ -122.650851345, 47.592484497 ], [ -122.650823931, 47.592484549 ], [ -122.650801524336245, 47.592484591621407 ], [ -122.650801523782377, 47.592484590169867 ], [ -122.650765846748129, 47.592484659486445 ], [ -122.650667794, 47.592484846 ], [ -122.650670892202598, 47.592211100713079 ], [ -122.65067165, 47.59214423 ], [ -122.649054800378067, 47.592147304726289 ], [ -122.647979293, 47.592149348 ], [ -122.647951185, 47.590342617 ], [ -122.645760865, 47.590343186 ], [ -122.645766135, 47.590096483 ], [ -122.645778503795796, 47.589517384438849 ], [ -122.64579603, 47.58869696 ], [ -122.645795143870998, 47.588696950630059 ], [ -122.645683491, 47.588695766 ], [ -122.644877249994934, 47.588687208010562 ], [ -122.644874650012696, 47.587665124988646 ], [ -122.64673008, 47.587659874 ], [ -122.646727934, 47.587793986 ], [ -122.646725021, 47.587975976 ], [ -122.647004274, 47.58784372 ], [ -122.64761293484608, 47.587555450133479 ], [ -122.64762989, 47.58754742 ], [ -122.647633466230232, 47.587545725820981 ], [ -122.647705078, 47.587511802 ], [ -122.6477050772166, 47.587511801318591 ], [ -122.64770508, 47.5875118 ], [ -122.647664049818147, 47.58747611535005 ], [ -122.647647824, 47.587462002 ], [ -122.647532036132631, 47.587321933745706 ], [ -122.64741823, 47.58718426 ], [ -122.64731833, 47.58698441 ], [ -122.64739539, 47.58707071 ], [ -122.64755486, 47.58733204 ], [ -122.64764599, 47.58743084 ], [ -122.64781126, 47.58755891 ], [ -122.64790813, 47.58758557 ], [ -122.64799439, 47.58756444 ] ] ], [ [ [ -122.622435583, 47.693757631 ], [ -122.622434696, 47.69374467 ], [ -122.622448461, 47.693736787 ], [ -122.622435583, 47.693757631 ] ] ], [ [ [ -122.622818433, 47.693934313 ], [ -122.622820162, 47.693935575 ], [ -122.622818932, 47.693934769 ], [ -122.622818433, 47.693934313 ] ] ], [ [ [ -122.620738443, 47.6971638 ], [ -122.620739017, 47.697163584 ], [ -122.620735384, 47.697167106 ], [ -122.620738443, 47.6971638 ] ] ], [ [ [ -122.629639463, 47.699201629 ], [ -122.62894455, 47.698823913 ], [ -122.629080507, 47.69877749 ], [ -122.629639463, 47.699201629 ] ] ], [ [ [ -122.636674641, 47.702790565 ], [ -122.636509544, 47.703000381 ], [ -122.636628739, 47.702398712 ], [ -122.636674641, 47.702790565 ] ] ], [ [ [ -122.636070104, 47.703545548 ], [ -122.636160333, 47.703551458 ], [ -122.636253323, 47.703782821 ], [ -122.636070104, 47.703545548 ] ] ], [ [ [ -122.628094543, 47.709613618 ], [ -122.628084779, 47.70958999 ], [ -122.628094542, 47.709613609 ], [ -122.628094543, 47.709613618 ] ] ], [ [ [ -122.635901018, 47.710996277 ], [ -122.635927322, 47.71024455 ], [ -122.636077802, 47.711350287 ], [ -122.635901018, 47.710996277 ] ] ], [ [ [ -122.628171235, 47.714306911 ], [ -122.628171241, 47.714306923 ], [ -122.62805357, 47.714679741 ], [ -122.628171235, 47.714306911 ] ] ], [ [ [ -122.625369476, 47.715526115 ], [ -122.624623025, 47.715262113 ], [ -122.624731441, 47.715274398 ], [ -122.625369476, 47.715526115 ] ] ], [ [ [ -122.626863115, 47.715617213 ], [ -122.626765962, 47.715638848 ], [ -122.626759926, 47.715640167 ], [ -122.626863115, 47.715617213 ] ] ], [ [ [ -122.626863013, 47.715614444 ], [ -122.626394214, 47.715717422 ], [ -122.626125448, 47.715699783 ], [ -122.626863013, 47.715614444 ] ] ], [ [ [ -122.623384939, 47.715754551 ], [ -122.623458765, 47.715642894 ], [ -122.623384944, 47.715754575 ], [ -122.623384939, 47.715754551 ] ] ], [ [ [ -122.626434689, 47.715712515 ], [ -122.626405075, 47.715719109 ], [ -122.62640509, 47.7157191 ], [ -122.626434689, 47.715712515 ] ] ], [ [ [ -122.62494849, 47.71843037 ], [ -122.625309, 47.718603853 ], [ -122.625309008, 47.718603883 ], [ -122.62494849, 47.71843037 ] ] ], [ [ [ -122.626322209, 47.719643456 ], [ -122.626329583, 47.719655122 ], [ -122.62634245, 47.7196755 ], [ -122.626322209, 47.719643456 ] ] ], [ [ [ -122.617374119990117, 47.72007483099172 ], [ -122.617374118, 47.720074831 ], [ -122.617370253716416, 47.72046279497301 ], [ -122.61736631, 47.72085853 ], [ -122.617365703563848, 47.720915749342296 ], [ -122.617353159001226, 47.722095419513629 ], [ -122.61735095, 47.72230285 ], [ -122.617349239178665, 47.722464033223261 ], [ -122.61734614915737, 47.72275461377631 ], [ -122.61734581, 47.72278628 ], [ -122.617344852910236, 47.722876510738551 ], [ -122.617342541, 47.723093919 ], [ -122.617341139059093, 47.723225751839379 ], [ -122.61734102, 47.72323693 ], [ -122.61733861, 47.7234635 ], [ -122.617338295184936, 47.723493178234932 ], [ -122.617333215716116, 47.723970830890345 ], [ -122.61733142, 47.7241394 ], [ -122.617330330382345, 47.724242155981479 ], [ -122.617326656, 47.72458768 ], [ -122.617326657995122, 47.72458829000643 ], [ -122.617326656340751, 47.724588290011731 ], [ -122.61732665, 47.724588893 ], [ -122.615898683958534, 47.724592867757615 ], [ -122.615820286837746, 47.724593119080467 ], [ -122.615703481, 47.724593446 ], [ -122.615202374442077, 47.72459484354156 ], [ -122.61470022, 47.72459624 ], [ -122.614700222748624, 47.724596203686247 ], [ -122.611956811, 47.72460384 ], [ -122.611956811087381, 47.72460384999976 ], [ -122.611956811, 47.72460385 ], [ -122.611965494, 47.725993482 ], [ -122.611968975282323, 47.725995812723916 ], [ -122.611972548439155, 47.726404693141852 ], [ -122.611968062, 47.726404704 ], [ -122.612052947, 47.735603648 ], [ -122.612122284, 47.737094651 ], [ -122.612313580001015, 47.737092360047889 ], [ -122.612334333799964, 47.738080072191885 ], [ -122.612359835, 47.739293956 ], [ -122.61234891708709, 47.740484225340047 ], [ -122.6123457, 47.74083479 ], [ -122.612330412981905, 47.742501256053814 ], [ -122.612330413729993, 47.742501496365236 ], [ -122.612329663, 47.742583343 ], [ -122.612335391706964, 47.744100578154701 ], [ -122.612335405604753, 47.744105042557059 ], [ -122.61233544, 47.74411416 ], [ -122.61254583638862, 47.746257141981211 ], [ -122.612712409340034, 47.747953710967487 ], [ -122.612714297702993, 47.747972933065761 ], [ -122.612719617, 47.748027112 ], [ -122.617477750039669, 47.74806906442808 ], [ -122.61747884, 47.74819074 ], [ -122.61748307, 47.7484587 ], [ -122.61749018, 47.74890974 ], [ -122.61749116, 47.74896834 ], [ -122.61749675, 47.74933841 ], [ -122.61750267, 47.74970847 ], [ -122.61750437, 47.74981927 ], [ -122.61750837, 47.75008129 ], [ -122.61751445, 47.75046369 ], [ -122.61751836, 47.7507152 ], [ -122.61752052, 47.75084609 ], [ -122.61752536, 47.75116339 ], [ -122.61752661, 47.75122872 ], [ -122.61753382, 47.75161001 ], [ -122.61606496, 47.75160411 ], [ -122.615935932675782, 47.751618719697028 ], [ -122.615943048, 47.751603423 ], [ -122.615915722611035, 47.749858166161161 ], [ -122.61591326, 47.74970069 ], [ -122.615910293289645, 47.749511398534459 ], [ -122.615903498081025, 47.74907739247746 ], [ -122.61590167, 47.74896055 ], [ -122.61589582, 47.74858693 ], [ -122.61531415, 47.74858449 ], [ -122.613638486832585, 47.750218887850096 ], [ -122.61307061, 47.750772779 ], [ -122.6130353, 47.750804679 ], [ -122.612929368, 47.750900378 ], [ -122.612826288, 47.75098185 ], [ -122.612743918301916, 47.751039427822562 ], [ -122.61267928, 47.75108461 ], [ -122.613014488485121, 47.751292877571778 ], [ -122.613495133337494, 47.751591509967064 ], [ -122.61323217, 47.75159021 ], [ -122.61252917, 47.75115247 ], [ -122.61251259, 47.75096417 ], [ -122.612512581574421, 47.750888676814633 ], [ -122.61075591, 47.751571654 ], [ -122.600911909, 47.751589655 ], [ -122.595478908, 47.751654655 ], [ -122.590288907, 47.751580656 ], [ -122.578721905, 47.751529657 ], [ -122.579773906, 47.755320657 ], [ -122.580434907, 47.758371657 ], [ -122.580167908, 47.762061658 ], [ -122.580179909, 47.766894658 ], [ -122.58114691, 47.769871658 ], [ -122.571457908, 47.769869659 ], [ -122.564641907, 47.76936566 ], [ -122.563264907, 47.76959166 ], [ -122.561766482, 47.770768695 ], [ -122.56173, 47.775087 ], [ -122.559856, 47.77508 ], [ -122.55984, 47.776994 ], [ -122.553166, 47.776968 ], [ -122.5532, 47.772995 ], [ -122.551882, 47.77299 ], [ -122.551921, 47.768492 ], [ -122.555103647, 47.768504401 ], [ -122.554036256, 47.766713609 ], [ -122.549261, 47.766695 ], [ -122.549282, 47.764246 ], [ -122.54793, 47.764241 ], [ -122.54795013, 47.761918877 ], [ -122.547446902, 47.761917661 ], [ -122.547372903, 47.765624661 ], [ -122.542013902, 47.765602662 ], [ -122.541734904, 47.772919662 ], [ -122.525435901, 47.773019664 ], [ -122.525789901, 47.772222664 ], [ -122.524971901, 47.771794664 ], [ -122.525763901, 47.769260664 ], [ -122.526766901, 47.769157664 ], [ -122.5244729, 47.767445664 ], [ -122.5233399, 47.769302664 ], [ -122.523731901, 47.770631664 ], [ -122.523350901, 47.772211664 ], [ -122.523576901, 47.772736664 ], [ -122.521326901, 47.772729665 ], [ -122.5212769, 47.769065664 ], [ -122.5218149, 47.767487664 ], [ -122.521426899, 47.765749664 ], [ -122.519945899, 47.765764664 ], [ -122.485000893, 47.765666668 ], [ -122.477373892, 47.765679669 ], [ -122.476900892, 47.765415669 ], [ -122.477005891, 47.761816669 ], [ -122.47699289, 47.757465669 ], [ -122.477139389, 47.746110057 ], [ -122.480277012, 47.745234248 ], [ -122.486726947, 47.744047084 ], [ -122.490361461, 47.743891443 ], [ -122.493136938, 47.744350856 ], [ -122.494231264, 47.747313137 ], [ -122.496029549, 47.747282472 ], [ -122.498641127, 47.746662295 ], [ -122.499762354, 47.746868463 ], [ -122.499445097, 47.746323283 ], [ -122.500351217, 47.746245071 ], [ -122.500926021, 47.745246595 ], [ -122.499520947, 47.744895316 ], [ -122.497223965, 47.745225995 ], [ -122.504188821, 47.743701674 ], [ -122.505797081, 47.743536312 ], [ -122.510155009, 47.743786139 ], [ -122.513636815, 47.743698623 ], [ -122.514731993, 47.743928584 ], [ -122.516050333, 47.745177935 ], [ -122.519528073, 47.746748338 ], [ -122.525691852, 47.746647646 ], [ -122.528491608, 47.74727227 ], [ -122.532723781, 47.74700934 ], [ -122.535286236, 47.747133099 ], [ -122.538181884, 47.747818799 ], [ -122.543212687, 47.746893486 ], [ -122.545960641, 47.746504918 ], [ -122.550375719, 47.746111993 ], [ -122.55240929, 47.746280623 ], [ -122.554423213, 47.746908603 ], [ -122.554774186, 47.747561704 ], [ -122.554024552, 47.747814167 ], [ -122.552440165, 47.747366265 ], [ -122.552302506, 47.747359932 ], [ -122.552440149, 47.747366261 ], [ -122.551909751, 47.747216319 ], [ -122.549576283, 47.747553957 ], [ -122.54668148, 47.747264115 ], [ -122.543629344, 47.747548191 ], [ -122.545390809, 47.749715064 ], [ -122.546910877, 47.750688264 ], [ -122.550156544, 47.751609188 ], [ -122.550644462, 47.75266262 ], [ -122.549966475, 47.753625928 ], [ -122.551535364, 47.755662209 ], [ -122.55181441, 47.756702662 ], [ -122.552492277, 47.75741959 ], [ -122.552877589, 47.759538563 ], [ -122.554641, 47.759768 ], [ -122.554624744, 47.761663725 ], [ -122.556698548, 47.76261993 ], [ -122.558319541, 47.76374213 ], [ -122.558355094, 47.764659398 ], [ -122.559126658, 47.7639466 ], [ -122.559983064, 47.764295676 ], [ -122.559304937, 47.765851636 ], [ -122.559785668, 47.766456724 ], [ -122.559060271, 47.767637703 ], [ -122.559128296, 47.768608749 ], [ -122.558585959, 47.769437849 ], [ -122.558893764, 47.770117719 ], [ -122.559061526, 47.770133168 ], [ -122.559518111, 47.769835939 ], [ -122.559884749, 47.767752092 ], [ -122.560552833, 47.766179455 ], [ -122.560361447, 47.76573419 ], [ -122.560985706, 47.763957525 ], [ -122.558172527, 47.762057885 ], [ -122.557052086, 47.762192081 ], [ -122.556270435, 47.761054131 ], [ -122.555052452, 47.760439214 ], [ -122.555124301, 47.758140461 ], [ -122.556739899, 47.75578038 ], [ -122.559131582, 47.753881124 ], [ -122.560600766, 47.752117521 ], [ -122.560946191, 47.750316297 ], [ -122.559130985, 47.748150219 ], [ -122.559577536, 47.747439968 ], [ -122.558587076, 47.747673031 ], [ -122.55876592, 47.747775787 ], [ -122.557618212, 47.747325912 ], [ -122.557314924, 47.74694211 ], [ -122.557365192, 47.746970992 ], [ -122.555308146, 47.745722732 ], [ -122.554778166, 47.745079871 ], [ -122.553051582172941, 47.744115072807539 ], [ -122.55302671, 47.74411488 ], [ -122.55284139, 47.74411565 ], [ -122.55267455, 47.74400286 ], [ -122.55248122, 47.74381332 ], [ -122.55221528, 47.74347933 ], [ -122.55189808, 47.74310926 ], [ -122.55161755, 47.74273952 ], [ -122.55150928, 47.74256806 ], [ -122.55146548, 47.74245946 ], [ -122.551395346572463, 47.742354084443257 ], [ -122.551071168674127, 47.741927443693108 ], [ -122.55105295, 47.74190906 ], [ -122.551028740537774, 47.741871605303075 ], [ -122.551009987747662, 47.741846925321866 ], [ -122.55093108, 47.74176573 ], [ -122.55090408, 47.74173792 ], [ -122.55073275, 47.74151226 ], [ -122.55051648, 47.74104379 ], [ -122.55044895, 47.74095313 ], [ -122.55041535, 47.74087179 ], [ -122.55029968, 47.74071852 ], [ -122.55027728, 47.74066479 ], [ -122.55015141, 47.74048433 ], [ -122.54998161, 47.74008733 ], [ -122.54991228, 47.73981773 ], [ -122.54988015, 47.73911533 ], [ -122.54990201, 47.73891752 ], [ -122.54989035, 47.73843172 ], [ -122.54981148, 47.73812566 ], [ -122.54969815, 47.73792679 ], [ -122.54958261, 47.73756653 ], [ -122.54944755, 47.73688239 ], [ -122.54943688, 47.73671153 ], [ -122.54941241, 47.73663039 ], [ -122.54940295, 47.73588339 ], [ -122.54937814, 47.73571486 ], [ -122.54934635, 47.73549639 ], [ -122.54935961, 47.73475853 ], [ -122.54938121, 47.73468686 ], [ -122.54939228, 47.73452492 ], [ -122.54944014, 47.73426426 ], [ -122.54970328, 47.73344599 ], [ -122.54972628, 47.73335646 ], [ -122.54971688, 47.73269033 ], [ -122.54976115, 47.73257373 ], [ -122.54979555, 47.73241199 ], [ -122.54990001, 47.73216919 ], [ -122.55003761, 47.73189086 ], [ -122.55015128, 47.73164866 ], [ -122.55039288, 47.73103739 ], [ -122.55060935, 47.73064286 ], [ -122.55090761, 47.73007686 ], [ -122.55092014, 47.73003212 ], [ -122.55111488, 47.72965473 ], [ -122.55118488, 47.72952019 ], [ -122.55125221, 47.72942166 ], [ -122.55145968, 47.72918839 ], [ -122.55157308, 47.72909899 ], [ -122.55163048, 47.72904573 ], [ -122.55199681, 47.72870459 ], [ -122.55211081, 47.72857919 ], [ -122.55290075, 47.72785306 ], [ -122.55329008, 47.72756693 ], [ -122.55365721, 47.72718139 ], [ -122.55394341, 47.72683152 ], [ -122.55403508, 47.72665206 ], [ -122.55404481, 47.72661499 ], [ -122.55432728, 47.72640439 ], [ -122.55457121, 47.72607859 ], [ -122.55472854, 47.72587792 ], [ -122.55505503130496, 47.725682365012176 ], [ -122.555090846316546, 47.725643603327455 ], [ -122.55527754, 47.72538599 ], [ -122.55550748, 47.72517166 ], [ -122.55575381, 47.72490752 ], [ -122.555835017199215, 47.724838205929721 ], [ -122.555999379366867, 47.724660320896589 ], [ -122.55607301, 47.72455679 ], [ -122.55610661, 47.72451832 ], [ -122.55626601, 47.72441099 ], [ -122.55654061, 47.72428619 ], [ -122.55696148, 47.72413446 ], [ -122.55703361, 47.72410852 ], [ -122.55773168, 47.72379632 ], [ -122.55833641, 47.72359132 ], [ -122.55917175, 47.72333392 ], [ -122.55992548, 47.72312086 ], [ -122.56014281, 47.72304019 ], [ -122.560192384752241, 47.723006748456818 ], [ -122.561286129665135, 47.721665424846272 ], [ -122.56131248, 47.72160539 ], [ -122.56132255, 47.72152432 ], [ -122.56138128, 47.72130872 ], [ -122.56139168, 47.72120986 ], [ -122.561429926520702, 47.721080398321376 ], [ -122.561470608913439, 47.720860807382827 ], [ -122.56148455, 47.72069712 ], [ -122.56148414, 47.72034619 ], [ -122.56155335, 47.72008586 ], [ -122.56162254, 47.71993279 ], [ -122.56190821, 47.71943899 ], [ -122.561946219573542, 47.719386285541816 ], [ -122.562192014903971, 47.71894157051095 ], [ -122.56219448, 47.71893626 ], [ -122.56220668, 47.71888259 ], [ -122.56224108, 47.71880172 ], [ -122.56239021, 47.71829839 ], [ -122.56277295, 47.71768799 ], [ -122.56282428, 47.71757126 ], [ -122.56290548, 47.71749066 ], [ -122.563051240391616, 47.717386982437162 ], [ -122.563272670444903, 47.716986351258313 ], [ -122.56330474, 47.71688892 ], [ -122.56339808, 47.71678172 ], [ -122.56369481, 47.71652146 ], [ -122.56389061, 47.71627946 ], [ -122.56410641, 47.71608266 ], [ -122.56448494, 47.71570612 ], [ -122.56474714, 47.71547326 ], [ -122.56561468, 47.71476692 ], [ -122.566221606035555, 47.714272670728583 ], [ -122.5665350968806, 47.713989098975567 ], [ -122.56728674, 47.71327786 ], [ -122.56739028, 47.71319759 ], [ -122.56743870300744, 47.713148804567503 ], [ -122.564240551, 47.711767754 ], [ -122.564340413, 47.71161579 ], [ -122.567576661288044, 47.713013153237789 ], [ -122.56792781, 47.71270439 ], [ -122.56812441, 47.71257599 ], [ -122.56851941, 47.71225799 ], [ -122.56987248, 47.71154232 ], [ -122.57008888, 47.71145245 ], [ -122.57046614, 47.71126699 ], [ -122.57073854, 47.71112799 ], [ -122.57094754, 47.71104392 ], [ -122.57111348, 47.71097519 ], [ -122.57141734, 47.71087465 ], [ -122.57171261, 47.71078839 ], [ -122.57192875, 47.71071632 ], [ -122.57216088, 47.71062705 ], [ -122.57242841, 47.71057106 ], [ -122.57270534, 47.71054919 ], [ -122.57290601, 47.71051152 ], [ -122.57314214, 47.71052426 ], [ -122.57326154, 47.71055059 ], [ -122.57340301, 47.71063599 ], [ -122.57353581, 47.71074692 ], [ -122.57355974, 47.71085326 ], [ -122.573565388469234, 47.710997200960911 ], [ -122.573712243434528, 47.711105368594176 ], [ -122.57371228, 47.71110539 ], [ -122.573712290804991, 47.71110538834057 ], [ -122.574962473489833, 47.709875873286812 ], [ -122.57496248, 47.70987586 ], [ -122.574962768628524, 47.709875654572237 ], [ -122.576570609440409, 47.708702850364915 ], [ -122.57657081, 47.70870265 ], [ -122.57664748, 47.70853245 ], [ -122.57677921, 47.70834245 ], [ -122.57694114, 47.70812005 ], [ -122.57709341, 47.70794839 ], [ -122.57722748, 47.70771512 ], [ -122.57738661, 47.70752479 ], [ -122.57746601, 47.70741079 ], [ -122.57762441, 47.70720146 ], [ -122.57775901, 47.70708652 ], [ -122.57820701, 47.70681579 ], [ -122.57836888, 47.70668165 ], [ -122.57859934, 47.70653685 ], [ -122.578794813731378, 47.706432361677805 ], [ -122.578825686233827, 47.7064120746412 ], [ -122.57889835, 47.70634079 ], [ -122.57903148, 47.70621005 ], [ -122.57930394, 47.70607392 ], [ -122.57957614, 47.70591892 ], [ -122.579576257209652, 47.705918836626239 ], [ -122.580015537701414, 47.705531743590448 ], [ -122.58008634, 47.70545945 ], [ -122.580144301811686, 47.705418276930118 ], [ -122.580299387415053, 47.705281615826017 ], [ -122.58034141, 47.70522972 ], [ -122.58070608, 47.70489385 ], [ -122.58076747, 47.70483916 ], [ -122.58085222957807, 47.704794452486865 ], [ -122.582223541999923, 47.703586054895005 ], [ -122.58226749, 47.70344785 ], [ -122.58234349, 47.70323785 ], [ -122.58243606, 47.70302767 ], [ -122.58252541, 47.70289025 ], [ -122.582632225690261, 47.702751709410116 ], [ -122.583078034, 47.701759075 ], [ -122.58305666247179, 47.701494599633392 ], [ -122.58301694, 47.70134645 ], [ -122.583016922447882, 47.701346329095294 ], [ -122.583016927, 47.70134641 ], [ -122.58298564, 47.701130774 ], [ -122.582988358281867, 47.701043320379803 ], [ -122.58297791, 47.70103709 ], [ -122.58296801, 47.70078399 ], [ -122.58291648, 47.70060462 ], [ -122.58291648, 47.70058586 ], [ -122.58292648, 47.70044686 ], [ -122.58295048, 47.70036586 ], [ -122.582949279065645, 47.700360143387904 ], [ -122.582874547, 47.700458636 ], [ -122.582934867388843, 47.700291541830978 ], [ -122.58293297, 47.70028251 ], [ -122.582945131724983, 47.70026310848116 ], [ -122.582954951, 47.700235908 ], [ -122.58291175, 47.699701301 ], [ -122.582816895, 47.69974964 ], [ -122.58291175, 47.699701296 ], [ -122.582895493463809, 47.699500126048825 ], [ -122.58287661, 47.69948672 ], [ -122.582876604430979, 47.699486722978037 ], [ -122.582793239, 47.699559536 ], [ -122.582351708828853, 47.700247378107207 ], [ -122.58231974, 47.70038679 ], [ -122.58230421, 47.70067772 ], [ -122.58248854, 47.70091059 ], [ -122.58259061, 47.70111772 ], [ -122.5826056, 47.70114562 ], [ -122.58257598, 47.70118086 ], [ -122.58262248, 47.70130386 ], [ -122.58267973, 47.70133263 ], [ -122.58268121, 47.70137059 ], [ -122.58262921, 47.70141692 ], [ -122.58246994, 47.70147425 ], [ -122.58229188, 47.70138659 ], [ -122.58226321, 47.70134172 ], [ -122.58220441, 47.70121559 ], [ -122.58212948, 47.70102599 ], [ -122.58203741, 47.70073699 ], [ -122.582037425494775, 47.700736847573246 ], [ -122.581850821007464, 47.698939824592337 ], [ -122.58185081, 47.69893979 ], [ -122.58184361, 47.69875572 ], [ -122.58184841, 47.69869632 ], [ -122.58186128, 47.69854479 ], [ -122.58198088, 47.69827925 ], [ -122.58210048, 47.69801385 ], [ -122.58230201, 47.69784332 ], [ -122.58255767, 47.69773359 ], [ -122.58295814, 47.69766492 ], [ -122.58326014, 47.69762332 ], [ -122.58339801, 47.69760445 ], [ -122.58369481, 47.69754652 ], [ -122.58403068, 47.69748772 ], [ -122.584030804965252, 47.697487683004084 ], [ -122.585433861110275, 47.696813492398881 ], [ -122.58543454, 47.69681312 ], [ -122.585434854339113, 47.696812821080457 ], [ -122.586538372482778, 47.695496246984099 ], [ -122.58653994, 47.69549432 ], [ -122.58654027477165, 47.695493298899414 ], [ -122.586838510423576, 47.694484229933103 ], [ -122.58683214, 47.69432172 ], [ -122.58685114, 47.69414585 ], [ -122.58688501, 47.69401365 ], [ -122.58689121, 47.69384659 ], [ -122.58692561, 47.69372805 ], [ -122.58699087, 47.69354025 ], [ -122.58718008, 47.69317359 ], [ -122.58729868, 47.69285732 ], [ -122.58736234, 47.69266818 ], [ -122.58746813053223, 47.692353934282337 ], [ -122.587468258, 47.692353503 ], [ -122.587367605, 47.691275266 ], [ -122.587367611477546, 47.691275259678179 ], [ -122.58736761, 47.69127525 ], [ -122.58757381, 47.69096705 ], [ -122.58779921, 47.69078632 ], [ -122.58794161, 47.69071505 ], [ -122.58823114, 47.69068038 ], [ -122.58843194, 47.69060805 ], [ -122.58886627, 47.69055132 ], [ -122.58949014, 47.69051065 ], [ -122.58993987, 47.69048292 ], [ -122.59036341, 47.69052452 ], [ -122.590363412740629, 47.690524520593868 ], [ -122.590363433, 47.690524519 ], [ -122.590363448275468, 47.690524528293935 ], [ -122.59065627, 47.69058798 ], [ -122.59108368, 47.69072752 ], [ -122.59133574, 47.69085072 ], [ -122.59141061, 47.69090832 ], [ -122.59165081, 47.69109045 ], [ -122.59188934, 47.69124338 ], [ -122.59200517, 47.69135932 ], [ -122.59223143, 47.69181684 ], [ -122.592362227664665, 47.692194363364727 ], [ -122.592596538, 47.692773875 ], [ -122.593039764, 47.693416249 ], [ -122.593049109784673, 47.69363610291272 ], [ -122.59307276, 47.69366704 ], [ -122.59305294, 47.69385078 ], [ -122.593075838847184, 47.693877104185141 ], [ -122.594650151948684, 47.694699888325196 ], [ -122.59469408, 47.69470772 ], [ -122.595457871542934, 47.694786217435116 ], [ -122.596851921512808, 47.694904403997057 ], [ -122.59707195, 47.69490532 ], [ -122.59835074, 47.69501772 ], [ -122.59889974, 47.69513678 ], [ -122.59920068, 47.69527512 ], [ -122.599485096440588, 47.695405964744793 ], [ -122.600492812322116, 47.695737683256787 ], [ -122.60061415, 47.69576298 ], [ -122.60104688, 47.69579192 ], [ -122.60136888, 47.69579532 ], [ -122.60213288, 47.69580458 ], [ -122.60230488, 47.69581412 ], [ -122.60263514, 47.69589665 ], [ -122.60287635, 47.69598692 ], [ -122.60320701, 47.69613212 ], [ -122.60353881, 47.69633112 ], [ -122.60380154, 47.69652998 ], [ -122.60394941, 47.69667432 ], [ -122.60406961, 47.69683705 ], [ -122.60410834, 47.69691792 ], [ -122.60452561, 47.69753112 ], [ -122.60464661, 47.69779252 ], [ -122.60472588, 47.69815272 ], [ -122.60473768, 47.69832392 ], [ -122.60476055, 47.69841398 ], [ -122.60478321, 47.69875565 ], [ -122.60479594, 47.6988168 ], [ -122.604793829398389, 47.698869408162857 ], [ -122.604813737, 47.698936034 ], [ -122.604830967, 47.700085544 ], [ -122.604457400343094, 47.701017740271723 ], [ -122.60442545, 47.70116081 ], [ -122.604356529163312, 47.701269453683437 ], [ -122.604276492, 47.701469178 ], [ -122.603959477572459, 47.702340789454276 ], [ -122.60395941, 47.70239725 ], [ -122.60398335, 47.70251399 ], [ -122.60402014, 47.70263129 ], [ -122.604020201786369, 47.702707129779007 ], [ -122.604335024622671, 47.703908424341172 ], [ -122.604405225241749, 47.704108515446116 ], [ -122.605063881801897, 47.705182133754093 ], [ -122.60525128, 47.70545192 ], [ -122.605339843994741, 47.705543464599941 ], [ -122.606050528301438, 47.706113557183379 ], [ -122.60616528, 47.70619292 ], [ -122.60657375, 47.70642858 ], [ -122.606748953740905, 47.706673816020356 ], [ -122.607045332, 47.706911563 ], [ -122.609665075, 47.708442523 ], [ -122.609042885, 47.708682897 ], [ -122.60954402, 47.709659542 ], [ -122.610121066, 47.710043773 ], [ -122.610712412, 47.710237659 ], [ -122.610815184, 47.710421309 ], [ -122.610204385, 47.710099252 ], [ -122.611531486, 47.710982913 ], [ -122.611327008, 47.710790914 ], [ -122.61153155, 47.710982956 ], [ -122.613708741, 47.712432656 ], [ -122.614319001, 47.712010163 ], [ -122.616312544, 47.711898579 ], [ -122.618013934, 47.712299197 ], [ -122.620607836, 47.711560886 ], [ -122.622113479, 47.710563623 ], [ -122.624317299, 47.709547139 ], [ -122.625836433, 47.707961653 ], [ -122.62713235, 47.708022898 ], [ -122.62814414, 47.709968851 ], [ -122.62847734, 47.711999795 ], [ -122.628323205, 47.713542648 ], [ -122.627827193, 47.715109848 ], [ -122.625890526, 47.715666862 ], [ -122.624748625, 47.715249418 ], [ -122.623480939, 47.715365982 ], [ -122.623195472, 47.716114918 ], [ -122.624480122, 47.716622081 ], [ -122.623482029, 47.716674586 ], [ -122.623645742, 47.717851252 ], [ -122.625290147, 47.718618458 ], [ -122.626565415, 47.71998546 ], [ -122.629617914, 47.720696279 ], [ -122.631384934, 47.720552153 ], [ -122.632733527, 47.720842287 ], [ -122.633949658858484, 47.721579478761299 ], [ -122.63397208, 47.72153503 ], [ -122.63413275, 47.72160718 ], [ -122.63431896, 47.72175341 ], [ -122.634318928134434, 47.721753396962768 ], [ -122.634318918, 47.721753389 ], [ -122.634068560889787, 47.721650963669219 ], [ -122.63406557, 47.72164974 ], [ -122.634065569979597, 47.721649740037243 ], [ -122.634065565, 47.721649738 ], [ -122.633422583, 47.72282372 ], [ -122.633418114, 47.723147134 ], [ -122.633417679377501, 47.723178583016576 ], [ -122.633414875161932, 47.723147123694183 ], [ -122.630781351, 47.723138718 ], [ -122.630778523, 47.723538785 ], [ -122.630778244831987, 47.723538681143921 ], [ -122.630723895, 47.72351624 ], [ -122.629801718, 47.723135452 ], [ -122.628821157, 47.722730556 ], [ -122.62813142, 47.722479655 ], [ -122.627330884, 47.722228724 ], [ -122.62536923143557, 47.721519186116744 ], [ -122.625368366, 47.721518863 ], [ -122.62416134537628, 47.720985649342907 ], [ -122.623980135, 47.720900088 ], [ -122.622696056, 47.720242789 ], [ -122.622055469, 47.720055367 ], [ -122.618535931066688, 47.720070000443705 ], [ -122.61737412, 47.72007483 ], [ -122.617374119990117, 47.72007483099172 ] ], [ [ -122.592855118329339, 47.69338234071634 ], [ -122.592759459, 47.693176822 ], [ -122.592828450458612, 47.693347456203334 ], [ -122.592855118329339, 47.69338234071634 ] ], [ [ -122.583027994166841, 47.701139825730884 ], [ -122.583021807620966, 47.701063266442652 ], [ -122.58300027338953, 47.701050425437558 ], [ -122.583011997488782, 47.701258797813928 ], [ -122.58301948, 47.70117785 ], [ -122.583027994166841, 47.701139825730884 ] ], [ [ -122.609319044, 47.71918824 ], [ -122.609319054000864, 47.719188239958747 ], [ -122.609319054, 47.71918824 ], [ -122.609330035055677, 47.719188194658209 ], [ -122.61199519, 47.7191772 ], [ -122.612111496, 47.715574772 ], [ -122.612111485999449, 47.715574772016993 ], [ -122.612111486, 47.715574772 ], [ -122.610753350965012, 47.715577079998361 ], [ -122.609395204, 47.715579388 ], [ -122.609319044, 47.71918824 ] ], [ [ -122.558893769, 47.77011773 ], [ -122.558937355, 47.770214002 ], [ -122.559061519, 47.770133173 ], [ -122.558893769, 47.77011773 ] ] ], [ [ [ -122.633976431, 47.721526457 ], [ -122.633976428, 47.721526456 ], [ -122.633976432, 47.721526455 ], [ -122.633976431, 47.721526457 ] ] ], [ [ [ -122.63660949, 47.72316552 ], [ -122.63660943480086, 47.723165472118652 ], [ -122.636609433, 47.72316547 ], [ -122.636603318287598, 47.72316016647585 ], [ -122.63645214, 47.72302903 ], [ -122.636304638021656, 47.722916345895428 ], [ -122.636185291, 47.72282517 ], [ -122.635950533, 47.722687288 ], [ -122.635593705, 47.722582078 ], [ -122.635530303198266, 47.7225656413992 ], [ -122.63512321, 47.7224601 ], [ -122.634982327451183, 47.722340087594667 ], [ -122.634929269, 47.722294887 ], [ -122.634894938731705, 47.722231254929049 ], [ -122.63487225, 47.7221892 ], [ -122.63509616, 47.72235905 ], [ -122.63538062, 47.72247278 ], [ -122.63592369, 47.72257478 ], [ -122.63637163, 47.72288831 ], [ -122.63660949, 47.72316552 ] ] ], [ [ [ -122.639687021346077, 47.724486476784186 ], [ -122.639687012, 47.724486465 ], [ -122.639547429, 47.724387579 ], [ -122.639524732997302, 47.72438459810639 ], [ -122.63937693, 47.72436518 ], [ -122.639245553681263, 47.724342627514893 ], [ -122.639182129, 47.724331737 ], [ -122.639082198299377, 47.724317415686947 ], [ -122.63898728, 47.72430381 ], [ -122.63880047, 47.72429786 ], [ -122.638594025662997, 47.724266797994098 ], [ -122.638540671, 47.724258769 ], [ -122.63832183, 47.724175867 ], [ -122.638078889, 47.724043479 ], [ -122.638014538254737, 47.724007377104769 ], [ -122.63780359, 47.72388903 ], [ -122.637675195487816, 47.723842671094339 ], [ -122.637390119, 47.723739736 ], [ -122.637171489, 47.723623877 ], [ -122.637118227594058, 47.723586417691266 ], [ -122.63692072, 47.7234475 ], [ -122.636826599543213, 47.723360263645375 ], [ -122.636779407, 47.723316518 ], [ -122.636779384043663, 47.723316501553661 ], [ -122.63677935, 47.72331647 ], [ -122.63685689, 47.72337212 ], [ -122.63716229, 47.72353845 ], [ -122.63751149, 47.72368151 ], [ -122.63778449, 47.72386331 ], [ -122.63808829, 47.72397718 ], [ -122.63849049, 47.72407452 ], [ -122.63886896, 47.72411231 ], [ -122.63915596, 47.72409972 ], [ -122.63942509, 47.72418445 ], [ -122.63956409, 47.72433131 ], [ -122.63968704, 47.72448649 ], [ -122.639687021346077, 47.724486476784186 ] ] ], [ [ [ -122.639845053703638, 47.724805752505773 ], [ -122.639845052, 47.724805742 ], [ -122.639756982, 47.724657156 ], [ -122.639752679, 47.724583044 ], [ -122.6397526744488, 47.724583038798627 ], [ -122.63975187, 47.72456919 ], [ -122.63983522, 47.72474471 ], [ -122.63984507, 47.72480578 ], [ -122.639845053703638, 47.724805752505773 ] ] ], [ [ [ -122.642796969325957, 47.727519204252346 ], [ -122.64256721, 47.727437126 ], [ -122.642242376, 47.727403406 ], [ -122.641917352, 47.727397106 ], [ -122.641608763, 47.727357908 ], [ -122.641333195, 47.727247416 ], [ -122.641275186787311, 47.727217308508763 ], [ -122.64105413, 47.72710257 ], [ -122.64137309, 47.72718198 ], [ -122.64190776, 47.72726185 ], [ -122.64237316, 47.72723818 ], [ -122.64275036, 47.72734438 ], [ -122.64296356, 47.72754171 ], [ -122.64325796, 47.72791352 ], [ -122.64349096, 47.72814811 ], [ -122.64376209, 47.72839471 ], [ -122.64407783, 47.72882905 ], [ -122.6443341, 47.72923507 ], [ -122.64422275, 47.72907755 ], [ -122.64384404, 47.72856593 ], [ -122.64361038633551, 47.728324168169905 ], [ -122.6433919, 47.728098099 ], [ -122.64309333, 47.727762408 ], [ -122.642907733, 47.727558773 ], [ -122.642907732605934, 47.727558772859226 ], [ -122.64290773, 47.72755877 ], [ -122.642796969325957, 47.727519204252346 ] ] ], [ [ [ -122.64451389, 47.72947485 ], [ -122.64453347, 47.72952575 ], [ -122.644496214208061, 47.72946927161869 ], [ -122.644448271, 47.729396585 ], [ -122.644401008199324, 47.729329725015667 ], [ -122.6443419, 47.7292461 ], [ -122.64451389, 47.72947485 ] ] ], [ [ [ -122.64568829, 47.73252411 ], [ -122.6453875, 47.73253438 ], [ -122.645197131946716, 47.732450701401767 ], [ -122.645136249, 47.732423938 ], [ -122.644950631, 47.732220309 ], [ -122.644922010720038, 47.732132645759989 ], [ -122.64487886, 47.73200047 ], [ -122.64491897, 47.7318266 ], [ -122.64492649, 47.73185631 ], [ -122.64502849, 47.73206831 ], [ -122.64514729, 47.73224218 ], [ -122.64522749, 47.73237898 ], [ -122.64556463, 47.73242298 ], [ -122.64569869, 47.73250865 ], [ -122.64585403, 47.73266931 ], [ -122.64585317, 47.73268142 ], [ -122.64584643968459, 47.732672697954605 ], [ -122.645833744, 47.732656237 ], [ -122.645761015, 47.732590175 ], [ -122.64568829, 47.73252411 ] ] ], [ [ [ -122.6462255, 47.73321037 ], [ -122.646225494792503, 47.733210363603753 ], [ -122.6462255, 47.733210361 ], [ -122.646166193918702, 47.733137525711626 ], [ -122.64612365, 47.73308527 ], [ -122.64595374, 47.73295858 ], [ -122.645915852882695, 47.732930793232278 ], [ -122.645848564, 47.732881435 ], [ -122.645854347595801, 47.732870832882853 ], [ -122.64586799, 47.73284583 ], [ -122.64610836, 47.73296638 ], [ -122.64626676, 47.73318971 ], [ -122.6462255, 47.73321037 ] ] ], [ [ [ -122.6497215, 47.73654785 ], [ -122.64977836, 47.73677298 ], [ -122.64978144, 47.73680194 ], [ -122.649721717609282, 47.736629957665905 ], [ -122.649721708, 47.736629919 ], [ -122.649710374, 47.736597282 ], [ -122.649533362, 47.736300339 ], [ -122.649468968, 47.736221262 ], [ -122.649468971430508, 47.736221270632278 ], [ -122.64933174, 47.73605275 ], [ -122.649216378466704, 47.735919463987798 ], [ -122.649216383, 47.735919464 ], [ -122.649041225, 47.735717091 ], [ -122.648737819504035, 47.73550154320305 ], [ -122.64866897, 47.73545263 ], [ -122.64825569, 47.73525395 ], [ -122.647896384391728, 47.735123974158014 ], [ -122.647858388094193, 47.735110229119314 ], [ -122.64740451, 47.73490049 ], [ -122.64708057, 47.73471846 ], [ -122.646976312641883, 47.734666397803402 ], [ -122.646837504, 47.734597078 ], [ -122.646668581, 47.734316611 ], [ -122.646650187, 47.734289277 ], [ -122.646650185437053, 47.734289275408102 ], [ -122.646595665073662, 47.734208257343809 ], [ -122.646595658, 47.734208243 ], [ -122.646531653, 47.734113126 ], [ -122.646435404, 47.733909713 ], [ -122.64643073, 47.733877682 ], [ -122.646430726048862, 47.733877675853776 ], [ -122.646417187255125, 47.733784884190932 ], [ -122.646417189, 47.733784887 ], [ -122.646407851759918, 47.733720900933598 ], [ -122.6463809, 47.73353618 ], [ -122.64647082, 47.73344306 ], [ -122.646470819547275, 47.733443059610977 ], [ -122.646470824, 47.733443055 ], [ -122.646408222304203, 47.733389271409408 ], [ -122.64638704, 47.73337107 ], [ -122.64644143, 47.73336272 ], [ -122.64667103, 47.73342358 ], [ -122.64685523, 47.73341711 ], [ -122.64715429, 47.73347525 ], [ -122.64735483, 47.73367258 ], [ -122.64752529, 47.73390578 ], [ -122.64758943, 47.73409605 ], [ -122.64789556, 47.73429158 ], [ -122.64809156, 47.73452691 ], [ -122.6482129, 47.73476358 ], [ -122.64827636, 47.73495091 ], [ -122.6483705, 47.73513018 ], [ -122.64859343, 47.73523931 ], [ -122.64884423, 47.73538485 ], [ -122.64925543, 47.73572725 ], [ -122.64944796, 47.73601611 ], [ -122.6497215, 47.73654785 ] ] ], [ [ [ -122.638598916, 47.756642651 ], [ -122.636252915, 47.756622651 ], [ -122.632463915, 47.757107652 ], [ -122.630701915, 47.757078652 ], [ -122.628675914, 47.757319652 ], [ -122.626332914, 47.757934652 ], [ -122.622433914, 47.759590653 ], [ -122.617404914, 47.762342654 ], [ -122.617431912, 47.756230653 ], [ -122.619533912, 47.754871653 ], [ -122.619869912, 47.751583653 ], [ -122.620830952, 47.748098517 ], [ -122.628051902, 47.748161611 ], [ -122.627977947, 47.750826211 ], [ -122.62797795702626, 47.750826211053742 ], [ -122.627977957, 47.750826212 ], [ -122.627978345263969, 47.750826213134538 ], [ -122.628079601013837, 47.750826755824491 ], [ -122.6280796, 47.75082651 ], [ -122.63072496, 47.75083423 ], [ -122.630781431508453, 47.750834389379968 ], [ -122.630813536, 47.750834483 ], [ -122.630854227997887, 47.750834737550321 ], [ -122.63089569, 47.750835 ], [ -122.63174929, 47.75084036 ], [ -122.63251915, 47.7508452 ], [ -122.63382232, 47.75085336 ], [ -122.63489541, 47.75086008 ], [ -122.638263423092951, 47.750881086049205 ], [ -122.638533416, 47.750882775 ], [ -122.638555329897883, 47.751740430003466 ], [ -122.638555329642443, 47.751740430012127 ], [ -122.63855533, 47.751740444 ], [ -122.638558606258982, 47.751740497678703 ], [ -122.641447171, 47.751796641 ], [ -122.642151602930824, 47.75179936585878 ], [ -122.642152405, 47.751799379 ], [ -122.642191757508002, 47.753266471250697 ], [ -122.642214027, 47.754096912 ], [ -122.642214032683768, 47.754096907210467 ], [ -122.642214033, 47.754096919 ], [ -122.644030547, 47.752566201 ], [ -122.644029483, 47.752864857 ], [ -122.640004916, 47.756188651 ], [ -122.638598916, 47.756642651 ] ] ], [ [ [ -122.64911604, 47.75943627 ], [ -122.649249871181397, 47.760483322900768 ], [ -122.649325039616627, 47.761071420000661 ], [ -122.64922687, 47.76107159 ], [ -122.649043446919165, 47.761071911646383 ], [ -122.648813887, 47.76107231 ], [ -122.648302734, 47.761073198 ], [ -122.648302433, 47.761024883 ], [ -122.648302430018632, 47.761024882999756 ], [ -122.64830243, 47.76102488 ], [ -122.648185379248133, 47.761024873392188 ], [ -122.647891325960714, 47.761024849256209 ], [ -122.64767414, 47.76102483 ], [ -122.64708411, 47.76102478 ], [ -122.647075593503303, 47.761094530257125 ], [ -122.647072689, 47.761118306 ], [ -122.647072651, 47.761122202 ], [ -122.647069304386363, 47.761463923425815 ], [ -122.64706879, 47.76151624 ], [ -122.646982023522028, 47.761516150661855 ], [ -122.643952810062387, 47.76151292700326 ], [ -122.64396007, 47.76116416 ], [ -122.64397151, 47.76061575 ], [ -122.64399021, 47.75971858 ], [ -122.64400827, 47.75882191 ], [ -122.64558197, 47.75881409 ], [ -122.64668971, 47.75880858 ], [ -122.646689710078022, 47.75880857601453 ], [ -122.646689713, 47.758808576 ], [ -122.646694876379371, 47.758544678688871 ], [ -122.64669828, 47.75837082 ], [ -122.64670688, 47.75793139 ], [ -122.64782495, 47.75792631 ], [ -122.64873412, 47.75792218 ], [ -122.648824322124256, 47.757921768571052 ], [ -122.648979666, 47.757921063 ], [ -122.649062623317974, 47.758260592355512 ], [ -122.64908015, 47.75833233 ], [ -122.649085163231973, 47.758332735547171 ], [ -122.64937991990503, 47.758356584749585 ], [ -122.64937115, 47.75879518 ], [ -122.649361837178972, 47.758795249721054 ], [ -122.649182849382143, 47.758796589149782 ], [ -122.64895623, 47.75879828 ], [ -122.649021378603166, 47.75904324572501 ], [ -122.649059479, 47.759186512 ], [ -122.649106915, 47.759364881 ], [ -122.649106916, 47.759364882 ], [ -122.649114970159943, 47.759427895451587 ], [ -122.64911604, 47.75943627 ] ] ], [ [ [ -122.605034076, 47.550107223 ], [ -122.60503609, 47.550105009 ], [ -122.605036097, 47.550105003 ], [ -122.605034076, 47.550107223 ] ] ], [ [ [ -122.600493477, 47.554819173 ], [ -122.600321546, 47.555004268 ], [ -122.600321553, 47.555004245 ], [ -122.600493477, 47.554819173 ] ] ], [ [ [ -122.596771085, 47.559388336 ], [ -122.596771093, 47.559388306 ], [ -122.596866617, 47.559282303 ], [ -122.596771085, 47.559388336 ] ] ], [ [ [ -122.595941896, 47.560292521 ], [ -122.595752272, 47.560531683 ], [ -122.595752278, 47.560531663 ], [ -122.595941896, 47.560292521 ] ] ], [ [ [ -122.6092946, 47.56822911 ], [ -122.60917577, 47.56824814 ], [ -122.60920098, 47.56824078 ], [ -122.60956498, 47.56809538 ], [ -122.60964308, 47.56807103 ], [ -122.6092946, 47.56822911 ] ] ], [ [ [ -122.61372838, 47.56750591 ], [ -122.61408152, 47.56761058 ], [ -122.61450145, 47.56785298 ], [ -122.61482018, 47.56812504 ], [ -122.61503505, 47.56837118 ], [ -122.61528765, 47.56853318 ], [ -122.61547358, 47.56859851 ], [ -122.61566265, 47.56866518 ], [ -122.61582885, 47.56871791 ], [ -122.61607925, 47.56882438 ], [ -122.61624985, 47.56898791 ], [ -122.61652485, 47.56919131 ], [ -122.61677965, 47.56940898 ], [ -122.61684852, 47.56958818 ], [ -122.61685625, 47.56978258 ], [ -122.61696292, 47.56989171 ], [ -122.61713078, 47.56998584 ], [ -122.61721778, 47.57010871 ], [ -122.61705555, 47.57001505 ], [ -122.61686892, 47.56993856 ], [ -122.616742956000934, 47.569783842754802 ], [ -122.616730657336007, 47.569768736412712 ], [ -122.6165679, 47.56954957 ], [ -122.616324, 47.5692757 ], [ -122.616237221225447, 47.569200534188816 ], [ -122.616096461, 47.569078606 ], [ -122.615739604, 47.568974997 ], [ -122.615599003548425, 47.568893438761755 ], [ -122.61544731, 47.56880544 ], [ -122.61529575756262, 47.568685827004266 ], [ -122.615162992, 47.568581036 ], [ -122.614883657421217, 47.568389002292143 ], [ -122.61475699, 47.56830192 ], [ -122.61448871, 47.56802261 ], [ -122.614320163264821, 47.567909041218542 ], [ -122.614228857, 47.567847516 ], [ -122.613999692927038, 47.567764485302597 ], [ -122.61380701, 47.56769467 ], [ -122.613629860747963, 47.567651177638645 ], [ -122.613385283, 47.567591128 ], [ -122.613169736846601, 47.567556305731529 ], [ -122.61267993, 47.56747717 ], [ -122.61219354, 47.56743412 ], [ -122.612046145308142, 47.567448302248962 ], [ -122.611845174, 47.567467635 ], [ -122.611367395, 47.567583678 ], [ -122.611132085823755, 47.567651920430997 ], [ -122.61098681, 47.56769405 ], [ -122.610713087, 47.567747500584055 ], [ -122.610646667, 47.56776047 ], [ -122.610152734, 47.567914915 ], [ -122.610094505572377, 47.567930312028182 ], [ -122.61041658, 47.56782991 ], [ -122.61102385, 47.56762438 ], [ -122.61157152, 47.56746171 ], [ -122.61194098, 47.56745504 ], [ -122.61228758, 47.56740711 ], [ -122.61271992, 47.56744091 ], [ -122.61313258, 47.56748891 ], [ -122.61372838, 47.56750591 ] ] ], [ [ [ -122.60817198, 47.56861744 ], [ -122.60841052, 47.56850051 ], [ -122.60847932, 47.56846024 ], [ -122.60857132, 47.56840471 ], [ -122.6087909, 47.56835406 ], [ -122.608679314499739, 47.568412101278398 ], [ -122.608363619, 47.568576307 ], [ -122.607797363, 47.568939377 ], [ -122.607797361714233, 47.568939378900893 ], [ -122.60779736, 47.56893938 ], [ -122.60756332, 47.56928538 ], [ -122.60732152, 47.56975211 ], [ -122.60702293, 47.57021895 ], [ -122.60700679, 47.57024188 ], [ -122.60709065, 47.57004211 ], [ -122.60717692, 47.56986678 ], [ -122.60725245, 47.56971524 ], [ -122.60733865, 47.56952411 ], [ -122.60753558, 47.56918878 ], [ -122.60769045, 47.56898045 ], [ -122.60789458, 47.56882664 ], [ -122.60806052, 47.56870604 ], [ -122.60817198, 47.56861744 ] ] ], [ [ [ -122.60602912, 47.57154658 ], [ -122.60606916, 47.5715064 ], [ -122.605995970252195, 47.571641157805168 ], [ -122.605933129, 47.571756857 ], [ -122.605496898, 47.572262347 ], [ -122.60539146120459, 47.572371971047488 ], [ -122.6052221, 47.57254805 ], [ -122.605114776670817, 47.572631465230018 ], [ -122.604995715, 47.572723996 ], [ -122.604825448627281, 47.572859978161446 ], [ -122.60467219, 47.57298237 ], [ -122.604438324742802, 47.573215792015773 ], [ -122.604292295, 47.57336154 ], [ -122.603812960392233, 47.573631612588962 ], [ -122.60409552, 47.57343011 ], [ -122.60443465, 47.57315544 ], [ -122.60479705, 47.57286458 ], [ -122.60511045, 47.57252711 ], [ -122.60535712, 47.57226984 ], [ -122.60551185, 47.57204578 ], [ -122.60569431, 47.57193191 ], [ -122.60578372, 47.57183538 ], [ -122.60589512, 47.57170704 ], [ -122.60602912, 47.57154658 ] ] ], [ [ [ -122.59898361, 47.578848854 ], [ -122.59898389, 47.578848608 ], [ -122.598983862, 47.578848633 ], [ -122.59898361, 47.578848854 ] ] ], [ [ [ -122.59858139, 47.581087783 ], [ -122.598585468, 47.581080827 ], [ -122.598581392, 47.581087813 ], [ -122.59858139, 47.581087783 ] ] ], [ [ [ -122.596700594, 47.584131782 ], [ -122.59670059, 47.584131753 ], [ -122.596721603, 47.584095081 ], [ -122.596700594, 47.584131782 ] ] ], [ [ [ -122.59575085, 47.588969196 ], [ -122.595828652, 47.588670909 ], [ -122.595864652, 47.58860504 ], [ -122.59575085, 47.588969196 ] ] ], [ [ [ -122.59583531, 47.601135585 ], [ -122.595863079, 47.601171707 ], [ -122.595863081, 47.601171715 ], [ -122.59583531, 47.601135585 ] ] ], [ [ [ -122.596023576, 47.601496198 ], [ -122.596009061, 47.601481135 ], [ -122.596023576, 47.601496187 ], [ -122.596023576, 47.601496198 ] ] ], [ [ [ -122.596365736, 47.601812255 ], [ -122.596160443, 47.601720998 ], [ -122.596365738, 47.60181224 ], [ -122.596365736, 47.601812255 ] ] ], [ [ [ -122.596695752, 47.602038381 ], [ -122.596695745, 47.602038374 ], [ -122.59672062, 47.602047285 ], [ -122.596695752, 47.602038381 ] ] ], [ [ [ -122.597207876, 47.602255716 ], [ -122.597207879, 47.602255747 ], [ -122.597060933, 47.602171688 ], [ -122.597207876, 47.602255716 ] ] ], [ [ [ -122.597311311, 47.602435882 ], [ -122.59734022, 47.602451458 ], [ -122.597311322, 47.602435901 ], [ -122.597311311, 47.602435882 ] ] ], [ [ [ -122.597498628, 47.60253682 ], [ -122.597479927, 47.602526737 ], [ -122.597515579, 47.602545948 ], [ -122.597498628, 47.60253682 ] ] ], [ [ [ -122.59752961, 47.603654752 ], [ -122.597529603, 47.603654769 ], [ -122.59749953, 47.603711474 ], [ -122.59752961, 47.603654752 ] ] ], [ [ [ -122.597345142, 47.60409223 ], [ -122.597337688, 47.604103931 ], [ -122.597345145, 47.604092219 ], [ -122.597345142, 47.60409223 ] ] ], [ [ [ -122.597207722, 47.604356822 ], [ -122.5972089, 47.604353528 ], [ -122.59721402, 47.604339281 ], [ -122.597207722, 47.604356822 ] ] ], [ [ [ -122.596774373, 47.605016303 ], [ -122.596806014, 47.60497929 ], [ -122.596774371, 47.605016309 ], [ -122.596774373, 47.605016303 ] ] ], [ [ [ -122.596753385, 47.605070862 ], [ -122.596751207, 47.605073969 ], [ -122.596753392, 47.60507084 ], [ -122.596753385, 47.605070862 ] ] ], [ [ [ -122.596039366, 47.606671867 ], [ -122.596039261, 47.606676413 ], [ -122.596039258, 47.606676383 ], [ -122.596039366, 47.606671867 ] ] ], [ [ [ -122.596048133, 47.606808705 ], [ -122.596047502, 47.606803896 ], [ -122.596048133, 47.606808676 ], [ -122.596048133, 47.606808705 ] ] ], [ [ [ -122.595982761, 47.607023434 ], [ -122.596033224, 47.606967446 ], [ -122.59598276, 47.607023463 ], [ -122.595982761, 47.607023434 ] ] ], [ [ [ -122.595923787, 47.607257587 ], [ -122.595923786, 47.607257592 ], [ -122.595922591, 47.607259286 ], [ -122.595923787, 47.607257587 ] ] ], [ [ [ -122.595867201, 47.607337778 ], [ -122.595708271, 47.607490345 ], [ -122.595867196, 47.60733778 ], [ -122.595867201, 47.607337778 ] ] ], [ [ [ -122.595549382, 47.607606745 ], [ -122.59570827, 47.607490346 ], [ -122.59554939, 47.607606766 ], [ -122.595549382, 47.607606745 ] ] ], [ [ [ -122.595590718, 47.612640346 ], [ -122.59559072, 47.612640363 ], [ -122.595553798, 47.612646675 ], [ -122.595590718, 47.612640346 ] ] ], [ [ [ -122.595589782, 47.612888176 ], [ -122.595589782, 47.612888142 ], [ -122.595589886, 47.612889243 ], [ -122.595589782, 47.612888176 ] ] ], [ [ [ -122.595609208, 47.613248787 ], [ -122.595601608, 47.613260577 ], [ -122.595609208, 47.613248777 ], [ -122.595609208, 47.613248787 ] ] ], [ [ [ -122.595716354, 47.638540704 ], [ -122.595890492, 47.638513895 ], [ -122.595890477, 47.638513915 ], [ -122.595716354, 47.638540704 ] ] ], [ [ [ -122.603359845, 47.644073955 ], [ -122.603359846, 47.644073923 ], [ -122.603526642, 47.644197141 ], [ -122.603359845, 47.644073955 ] ] ], [ [ [ -122.605722327, 47.645244851 ], [ -122.605653402, 47.645216945 ], [ -122.605653395, 47.645216928 ], [ -122.605722327, 47.645244851 ] ] ], [ [ [ -122.605891466, 47.645330561 ], [ -122.605769693, 47.64526405 ], [ -122.606321943, 47.645449699 ], [ -122.605891466, 47.645330561 ] ] ], [ [ [ -122.608722707, 47.645978694 ], [ -122.607296728, 47.645784385 ], [ -122.606485333, 47.645499782 ], [ -122.608722707, 47.645978694 ] ] ], [ [ [ -122.609060023, 47.646016121 ], [ -122.609366342, 47.645924496 ], [ -122.609698063, 47.646153369 ], [ -122.609060023, 47.646016121 ] ] ], [ [ [ -122.616062435, 47.652017596 ], [ -122.616062807, 47.652017533 ], [ -122.616062408, 47.652017621 ], [ -122.616062435, 47.652017596 ] ] ], [ [ [ -122.612739181, 47.663242115 ], [ -122.612742882, 47.663247254 ], [ -122.612739181, 47.663242121 ], [ -122.612739181, 47.663242115 ] ] ], [ [ [ -122.615607408, 47.679798518 ], [ -122.61562598, 47.679785988 ], [ -122.615607413, 47.67979853 ], [ -122.615607408, 47.679798518 ] ] ], [ [ [ -122.615664675, 47.680030027 ], [ -122.615670293, 47.680052735 ], [ -122.615670292, 47.680052733 ], [ -122.615664675, 47.680030027 ] ] ], [ [ [ -122.616646263, 47.698921006 ], [ -122.616353052, 47.698889367 ], [ -122.616519865, 47.698907352 ], [ -122.616646263, 47.698921006 ] ] ], [ [ [ -122.604920002, 47.704902823 ], [ -122.6050294, 47.705057661 ], [ -122.605029383, 47.705057661 ], [ -122.604920002, 47.704902823 ] ] ], [ [ [ -122.605046265, 47.705081558 ], [ -122.605046264, 47.705081529 ], [ -122.605300864, 47.705403462 ], [ -122.605046265, 47.705081558 ] ] ], [ [ [ -122.605350202, 47.705459342 ], [ -122.605326981, 47.705436483 ], [ -122.605326966, 47.705436464 ], [ -122.605350202, 47.705459342 ] ] ], [ [ [ -122.60749474, 47.707102258 ], [ -122.607494749, 47.707102281 ], [ -122.607493299, 47.707101683 ], [ -122.60749474, 47.707102258 ] ] ], [ [ [ -122.610062874, 47.70886086 ], [ -122.610062884, 47.708860872 ], [ -122.610050406, 47.708891185 ], [ -122.610062874, 47.70886086 ] ] ], [ [ [ -122.611318833, 47.710303332 ], [ -122.61129163, 47.710295722 ], [ -122.611318833, 47.710303313 ], [ -122.611318833, 47.710303332 ] ] ], [ [ [ -122.607283, 47.848526 ], [ -122.609647, 47.848534 ], [ -122.609654, 47.847619 ], [ -122.616337, 47.847642 ], [ -122.616304, 47.852141 ], [ -122.61394, 47.852133 ], [ -122.613933, 47.853048 ], [ -122.607249, 47.853025 ], [ -122.607283, 47.848526 ] ] ], [ [ [ -122.553499396, 47.403441457 ], [ -122.55353743, 47.398939693 ], [ -122.580041565, 47.39903985 ], [ -122.580005744, 47.403547104 ], [ -122.56635682, 47.40340764 ], [ -122.560406819, 47.403423641 ], [ -122.553499396, 47.403441457 ] ] ], [ [ [ -122.576374, 47.466689 ], [ -122.576338, 47.471188 ], [ -122.575803, 47.471186 ], [ -122.575769, 47.475509 ], [ -122.575576, 47.475872 ], [ -122.56894, 47.475847 ], [ -122.568977, 47.471348 ], [ -122.569497, 47.470986 ], [ -122.569533, 47.466568 ], [ -122.576168, 47.466593 ], [ -122.576374, 47.466689 ] ] ], [ [ [ -122.585365211, 47.568923228 ], [ -122.585332239, 47.568946198 ], [ -122.585365217, 47.568923206 ], [ -122.585365211, 47.568923228 ] ] ], [ [ [ -122.581755072, 47.57140433 ], [ -122.581717882, 47.571448492 ], [ -122.581717888, 47.571448469 ], [ -122.581755072, 47.57140433 ] ] ], [ [ [ -122.569869725, 47.583691661 ], [ -122.569883762, 47.583697403 ], [ -122.569883772, 47.583697421 ], [ -122.569869725, 47.583691661 ] ] ], [ [ [ -122.570178409, 47.584535707 ], [ -122.570178297, 47.584539502 ], [ -122.570178295, 47.584539497 ], [ -122.570178409, 47.584535707 ] ] ], [ [ [ -122.564592163, 47.585699473 ], [ -122.564557559, 47.585708941 ], [ -122.564714673, 47.585665871 ], [ -122.564592163, 47.585699473 ] ] ], [ [ [ -122.559354077, 47.587608329 ], [ -122.55935409, 47.587608312 ], [ -122.55945967, 47.587563482 ], [ -122.559354077, 47.587608329 ] ] ], [ [ [ -122.592091466, 47.596063906 ], [ -122.592082771, 47.596025298 ], [ -122.592320326, 47.596323093 ], [ -122.592091466, 47.596063906 ] ] ], [ [ [ -122.59285742, 47.597759552 ], [ -122.592857419, 47.597759568 ], [ -122.592815536, 47.597709395 ], [ -122.59285742, 47.597759552 ] ] ], [ [ [ -122.593383614, 47.598353205 ], [ -122.593621135, 47.598599018 ], [ -122.593621127, 47.598599027 ], [ -122.593383614, 47.598353205 ] ] ], [ [ [ -122.594757548, 47.599862998 ], [ -122.594575781, 47.599666637 ], [ -122.594757539, 47.599862978 ], [ -122.594757548, 47.599862998 ] ] ], [ [ [ -122.595178547, 47.600233516 ], [ -122.595029959, 47.600101471 ], [ -122.595178556, 47.600233511 ], [ -122.595178547, 47.600233516 ] ] ], [ [ [ -122.59538435, 47.600548933 ], [ -122.595384344, 47.600548944 ], [ -122.59536836, 47.600521627 ], [ -122.59538435, 47.600548933 ] ] ], [ [ [ -122.595376988, 47.607802972 ], [ -122.595388503, 47.607795078 ], [ -122.5953885, 47.607795084 ], [ -122.595376988, 47.607802972 ] ] ], [ [ [ -122.595443845, 47.61034251 ], [ -122.595771777, 47.61048178 ], [ -122.595369068, 47.610474908 ], [ -122.595443845, 47.61034251 ] ] ], [ [ [ -122.593861376, 47.610419476 ], [ -122.59389759, 47.610483382 ], [ -122.593877208, 47.610447444 ], [ -122.593861376, 47.610419476 ] ] ], [ [ [ -122.594325895, 47.611561452 ], [ -122.594331339, 47.611565371 ], [ -122.594325899, 47.611561458 ], [ -122.594325895, 47.611561452 ] ] ], [ [ [ -122.595033476, 47.611636152 ], [ -122.594935333, 47.611646756 ], [ -122.595033499, 47.611636128 ], [ -122.595033476, 47.611636152 ] ] ], [ [ [ -122.595014819, 47.612771754 ], [ -122.595133391, 47.612793146 ], [ -122.595014773, 47.612771766 ], [ -122.595014819, 47.612771754 ] ] ], [ [ [ -122.59534144, 47.613822703 ], [ -122.595329896, 47.6138324 ], [ -122.595329896, 47.613832395 ], [ -122.59534144, 47.613822703 ] ] ], [ [ [ -122.595283736, 47.613983186 ], [ -122.595292295, 47.613955237 ], [ -122.595283733, 47.613983205 ], [ -122.595283736, 47.613983186 ] ] ], [ [ [ -122.595180054, 47.614227905 ], [ -122.595187034, 47.614214518 ], [ -122.595180061, 47.614227931 ], [ -122.595180054, 47.614227905 ] ] ], [ [ [ -122.594692039, 47.616860965 ], [ -122.5947009, 47.61684468 ], [ -122.594700901, 47.616844686 ], [ -122.594692039, 47.616860965 ] ] ], [ [ [ -122.594324096, 47.617577286 ], [ -122.594334553, 47.617509041 ], [ -122.594334558, 47.617509044 ], [ -122.594324096, 47.617577286 ] ] ], [ [ [ -122.59375563, 47.619157206 ], [ -122.593755636, 47.619157234 ], [ -122.593745013, 47.619210888 ], [ -122.59375563, 47.619157206 ] ] ], [ [ [ -122.593673645, 47.619656198 ], [ -122.593671176, 47.619688596 ], [ -122.593673641, 47.619656213 ], [ -122.593673645, 47.619656198 ] ] ], [ [ [ -122.592675591, 47.626311516 ], [ -122.592675592, 47.626311487 ], [ -122.592719061, 47.626210839 ], [ -122.592675591, 47.626311516 ] ] ], [ [ [ -122.592431136, 47.627072206 ], [ -122.592431129, 47.627072235 ], [ -122.592402862, 47.627109055 ], [ -122.592431136, 47.627072206 ] ] ], [ [ [ -122.591689804, 47.630126662 ], [ -122.591689885, 47.630127918 ], [ -122.591689884, 47.630127929 ], [ -122.591689804, 47.630126662 ] ] ], [ [ [ -122.591691045, 47.630175192 ], [ -122.591691042, 47.630175211 ], [ -122.591691027, 47.630173612 ], [ -122.591691045, 47.630175192 ] ] ], [ [ [ -122.59164576, 47.630460387 ], [ -122.591645755, 47.630460354 ], [ -122.591647381, 47.630455097 ], [ -122.59164576, 47.630460387 ] ] ], [ [ [ -122.591496844, 47.630760484 ], [ -122.591496849, 47.630760464 ], [ -122.591499367, 47.630756223 ], [ -122.591496844, 47.630760484 ] ] ], [ [ [ -122.591411302, 47.630940431 ], [ -122.591411303, 47.630940409 ], [ -122.591412404, 47.630937612 ], [ -122.591411302, 47.630940431 ] ] ], [ [ [ -122.591373166, 47.631611705 ], [ -122.591373574, 47.631615292 ], [ -122.591373573, 47.631615313 ], [ -122.591373166, 47.631611705 ] ] ], [ [ [ -122.591344742, 47.631975827 ], [ -122.591345529, 47.631972701 ], [ -122.591344744, 47.631975845 ], [ -122.591344742, 47.631975827 ] ] ], [ [ [ -122.591247256, 47.632260275 ], [ -122.591272187, 47.632190331 ], [ -122.591247252, 47.632260313 ], [ -122.591247256, 47.632260275 ] ] ], [ [ [ -122.59108429, 47.635638961 ], [ -122.59126968, 47.635640593 ], [ -122.591269679, 47.635640607 ], [ -122.59108429, 47.635638961 ] ] ], [ [ [ -122.591995927, 47.637981137 ], [ -122.591995927, 47.637981116 ], [ -122.592011632, 47.637988483 ], [ -122.591995927, 47.637981137 ] ] ], [ [ [ -122.572888541, 47.710454429 ], [ -122.572935967, 47.710460563 ], [ -122.572888521, 47.710454434 ], [ -122.572888541, 47.710454429 ] ] ], [ [ [ -122.569997199, 47.711404818 ], [ -122.570064322, 47.711373962 ], [ -122.56999719, 47.71140483 ], [ -122.569997199, 47.711404818 ] ] ], [ [ [ -122.559164559, 47.747779161 ], [ -122.559200091, 47.747790744 ], [ -122.559200091, 47.74779075 ], [ -122.559164559, 47.747779161 ] ] ], [ [ [ -122.557205757, 47.747822068 ], [ -122.557204042, 47.747829664 ], [ -122.557204042, 47.747829656 ], [ -122.557205757, 47.747822068 ] ] ], [ [ [ -122.558252457, 47.747849261 ], [ -122.558252448, 47.747849246 ], [ -122.558361367, 47.747837793 ], [ -122.558252457, 47.747849261 ] ] ], [ [ [ -122.557294096, 47.748088417 ], [ -122.557548936, 47.748214515 ], [ -122.557634069, 47.748408735 ], [ -122.557294096, 47.748088417 ] ] ], [ [ [ -122.557002485, 47.748448446 ], [ -122.55692158, 47.748327867 ], [ -122.557202728, 47.748514669 ], [ -122.557002485, 47.748448446 ] ] ], [ [ [ -122.559265533, 47.748510239 ], [ -122.559149961, 47.748222986 ], [ -122.559641814, 47.748842845 ], [ -122.559265533, 47.748510239 ] ] ], [ [ [ -122.558065473, 47.762199786 ], [ -122.558057455, 47.762202492 ], [ -122.558065446, 47.762199783 ], [ -122.558065473, 47.762199786 ] ] ], [ [ [ -122.557830219, 47.762279586 ], [ -122.557829351, 47.762279568 ], [ -122.557830258, 47.762279559 ], [ -122.557830219, 47.762279586 ] ] ], [ [ [ -122.559945476, 47.764470545 ], [ -122.559940686, 47.764460389 ], [ -122.559945485, 47.764470535 ], [ -122.559945476, 47.764470545 ] ] ], [ [ [ -122.559511342, 47.767156385 ], [ -122.559352305, 47.76727068 ], [ -122.559619099, 47.766995389 ], [ -122.559511342, 47.767156385 ] ] ], [ [ [ -122.559716019, 47.768409977 ], [ -122.559748368, 47.768210368 ], [ -122.55973534, 47.768339782 ], [ -122.559716019, 47.768409977 ] ] ], [ [ [ -122.558943764, 47.769215209 ], [ -122.558960378, 47.769189877 ], [ -122.558960372, 47.769189888 ], [ -122.558943764, 47.769215209 ] ] ], [ [ [ -122.55941298, 47.769769218 ], [ -122.559440392, 47.769811826 ], [ -122.559259197, 47.76959652 ], [ -122.55941298, 47.769769218 ] ] ], [ [ [ -122.54149987, 47.83975356 ], [ -122.54149587, 47.83946982 ], [ -122.54149487, 47.83876657 ], [ -122.54149787, 47.83648458 ], [ -122.54150187, 47.83559858 ], [ -122.54150487, 47.83516858 ], [ -122.54150886, 47.83445658 ], [ -122.54151186, 47.83403358 ], [ -122.54152986, 47.83178159 ], [ -122.54153886, 47.8305766 ], [ -122.54155886, 47.82780661 ], [ -122.54155986, 47.82770961 ], [ -122.54156286, 47.82743461 ], [ -122.54155585, 47.82669061 ], [ -122.54153085, 47.82405662 ], [ -122.54706484, 47.82407761 ], [ -122.54818084, 47.82408161 ], [ -122.54952983, 47.82408861 ], [ -122.54960583, 47.82408861 ], [ -122.55241233, 47.8240996 ], [ -122.55746482, 47.82411959 ], [ -122.55744882, 47.82417159 ], [ -122.55744882, 47.82431859 ], [ -122.55744782, 47.82456759 ], [ -122.55747082, 47.82465759 ], [ -122.55752782, 47.82473859 ], [ -122.55770082, 47.82491059 ], [ -122.55777482, 47.82500959 ], [ -122.55784782, 47.82515359 ], [ -122.55787082, 47.82524359 ], [ -122.55799782, 47.82552259 ], [ -122.55806382, 47.82570359 ], [ -122.55825982, 47.82609959 ], [ -122.55828282, 47.82617159 ], [ -122.55840682, 47.82637959 ], [ -122.55852782, 47.82661358 ], [ -122.55870582, 47.82690258 ], [ -122.55886482, 47.82709158 ], [ -122.55899082, 47.82734458 ], [ -122.55920782, 47.82761458 ], [ -122.55949282, 47.82798458 ], [ -122.55956282, 47.82804858 ], [ -122.55963082, 47.82814758 ], [ -122.55979082, 47.82830158 ], [ -122.55987182, 47.82840958 ], [ -122.55998582, 47.82862557 ], [ -122.56003182, 47.82878757 ], [ -122.56005382, 47.82890457 ], [ -122.56019182, 47.82910357 ], [ -122.56028282, 47.82919357 ], [ -122.56078582, 47.82956457 ], [ -122.56098082, 47.82968257 ], [ -122.56149681, 47.82985557 ], [ -122.56169082, 47.82986457 ], [ -122.56186181, 47.82983857 ], [ -122.56217381, 47.82975857 ], [ -122.56242381, 47.82968757 ], [ -122.56258481, 47.82958957 ], [ -122.56285981, 47.82941057 ], [ -122.56303181, 47.82918657 ], [ -122.56314581, 47.82896157 ], [ -122.56322781, 47.82877357 ], [ -122.56326181, 47.82864757 ], [ -122.56329981, 47.82855757 ], [ -122.56346781, 47.82833357 ], [ -122.56351381, 47.82820757 ], [ -122.56355981, 47.82778457 ], [ -122.56360681, 47.82755057 ], [ -122.56362881, 47.82746957 ], [ -122.56363981, 47.82731757 ], [ -122.56366381, 47.82724557 ], [ -122.56368681, 47.82700257 ], [ -122.56372181, 47.82681357 ], [ -122.56376781, 47.82674157 ], [ -122.56375581, 47.82665157 ], [ -122.56369881, 47.82655258 ], [ -122.56366481, 47.82645358 ], [ -122.56368467, 47.82627478 ], [ -122.56369704, 47.82627733 ], [ -122.5637277, 47.82625553 ], [ -122.5637883, 47.82619066 ], [ -122.56380124, 47.82611626 ], [ -122.56382864, 47.82600953 ], [ -122.5638697, 47.82584959 ], [ -122.5638623, 47.82565886 ], [ -122.56382457, 47.82550033 ], [ -122.56376697, 47.82523586 ], [ -122.56364324, 47.82488126 ], [ -122.56364177, 47.82471286 ], [ -122.56375144, 47.82458793 ], [ -122.5640589, 47.82445873 ], [ -122.56420757, 47.82436839 ], [ -122.56452577, 47.82418746 ], [ -122.56484444, 47.8240064 ], [ -122.56513491, 47.82387086 ], [ -122.5651993, 47.82377359 ], [ -122.56520924, 47.82376739 ], [ -122.56531117, 47.82370613 ], [ -122.56542437, 47.82368493 ], [ -122.5654929, 47.82367979 ], [ -122.56579777, 47.82373219 ], [ -122.56605104, 47.82378066 ], [ -122.56616277, 47.82386626 ], [ -122.56634077, 47.82398 ], [ -122.56652444, 47.82423979 ], [ -122.56663617, 47.82432553 ], [ -122.5667789, 47.82464453 ], [ -122.56696824, 47.82505039 ], [ -122.56715704, 47.82544153 ], [ -122.56734304, 47.82575973 ], [ -122.5674425, 47.82607946 ], [ -122.56754204, 47.82641393 ], [ -122.56764044, 47.82670433 ], [ -122.5678275, 47.82705179 ], [ -122.56779564, 47.82734453 ], [ -122.56772517, 47.82776959 ], [ -122.56760064, 47.82791793 ], [ -122.56762677, 47.82810546 ], [ -122.56763171, 47.82813966 ], [ -122.56807197, 47.82854453 ], [ -122.56828117, 47.82908046 ], [ -122.56867877, 47.82990439 ], [ -122.56869151, 47.8299304 ], [ -122.56870137, 47.83018399 ], [ -122.56862084, 47.83053466 ], [ -122.56853911, 47.83085346 ], [ -122.56809231, 47.83149626 ], [ -122.56781197, 47.8318134 ], [ -122.56755064, 47.83210886 ], [ -122.56718364, 47.83236926 ], [ -122.56682277, 47.83278826 ], [ -122.56641997, 47.83333499 ], [ -122.56624857, 47.83378253 ], [ -122.56588644, 47.83416973 ], [ -122.56567191, 47.83471313 ], [ -122.56568177, 47.83496693 ], [ -122.56588291, 47.83528086 ], [ -122.56609577, 47.83591186 ], [ -122.56649131, 47.83638113 ], [ -122.56674537, 47.83685266 ], [ -122.56678504, 47.836878 ], [ -122.56722877, 47.83716166 ], [ -122.56747544, 47.83744299 ], [ -122.56748164, 47.83760153 ], [ -122.56740357, 47.83801559 ], [ -122.56727331, 47.83830353 ], [ -122.56725944, 47.83831419 ], [ -122.56690264, 47.83859006 ], [ -122.56671651, 47.83885739 ], [ -122.56665551, 47.83917213 ], [ -122.56671651, 47.8394848 ], [ -122.56687771, 47.83984506 ], [ -122.56688798, 47.84010893 ], [ -122.56705171, 47.84053533 ], [ -122.56712424, 47.84112833 ], [ -122.56728671, 47.84152166 ], [ -122.56729064, 47.84162419 ], [ -122.56730084, 47.84188453 ], [ -122.56748191, 47.84212893 ], [ -122.56758991, 47.84239126 ], [ -122.56769711, 47.84262039 ], [ -122.56780811, 47.84294859 ], [ -122.56792384, 47.84340873 ], [ -122.56798344, 47.84367193 ], [ -122.56803877, 47.843836 ], [ -122.56815498, 47.84429606 ], [ -122.56821797, 47.84465826 ], [ -122.56832024, 47.84520619 ], [ -122.56845244, 47.8456446 ], [ -122.56864518, 47.845914 ], [ -122.56868664, 47.84601093 ], [ -122.56876838, 47.84620019 ], [ -122.56888458, 47.84666053 ], [ -122.56904838, 47.84708673 ], [ -122.56940291, 47.84737759 ], [ -122.56963338, 47.84762113 ], [ -122.56993651, 47.84784693 ], [ -122.57006945, 47.84810866 ], [ -122.57023064, 47.84846906 ], [ -122.57044758, 47.84887326 ], [ -122.57053738, 47.84902246 ], [ -122.57054471, 47.84921066 ], [ -122.57049611, 47.84940006 ], [ -122.57040391, 47.84954286 ], [ -122.57041385, 47.84979713 ], [ -122.57042158, 47.8499948 ], [ -122.57048344, 47.85014446 ], [ -122.57049038, 47.85032326 ], [ -122.57044031, 47.85047493 ], [ -122.57046251, 47.85069113 ], [ -122.57052511, 47.85085966 ], [ -122.57064624, 47.85109299 ], [ -122.57074491, 47.85146806 ], [ -122.57085264, 47.85171106 ], [ -122.57103291, 47.85203753 ], [ -122.57122318, 47.85224153 ], [ -122.57143158, 47.85255813 ], [ -122.57163131, 47.85301606 ], [ -122.57183825, 47.85329499 ], [ -122.57198925, 47.85357506 ], [ -122.57211424, 47.8539214 ], [ -122.57224191, 47.85419806 ], [ -122.57225224, 47.8542204 ], [ -122.57232024, 47.8542934 ], [ -122.57332351, 47.85442486 ], [ -122.57413958, 47.85450986 ], [ -122.57481058, 47.8546472 ], [ -122.57566578, 47.85478133 ], [ -122.57585531, 47.85490233 ], [ -122.57589638, 47.85500119 ], [ -122.57564465, 47.85517973 ], [ -122.57528884, 47.85553426 ], [ -122.57503905, 47.85576266 ], [ -122.57475411, 47.8560414 ], [ -122.57447205, 47.8563946 ], [ -122.57422971, 47.8566448 ], [ -122.57390258, 47.856952 ], [ -122.57370058, 47.857453 ], [ -122.57356518, 47.8577788 ], [ -122.57350885, 47.85822753 ], [ -122.57345451, 47.85872593 ], [ -122.57346131, 47.85890013 ], [ -122.57362012, 47.85934166 ], [ -122.57346105, 47.85994886 ], [ -122.57334085, 47.86028686 ], [ -122.57319992, 47.86072066 ], [ -122.57314358, 47.8611694 ], [ -122.57314111, 47.86119673 ], [ -122.57311711, 47.8614434 ], [ -122.57312858, 47.8617456 ], [ -122.57313285, 47.86185813 ], [ -122.57288478, 47.8621192 ], [ -122.57271071, 47.86239593 ], [ -122.57264371, 47.86257126 ], [ -122.57258352, 47.86292053 ], [ -122.57260105, 47.863368 ], [ -122.57261658, 47.8637658 ], [ -122.57263112, 47.86413853 ], [ -122.57256652, 47.86438853 ], [ -122.57258405, 47.864836 ], [ -122.57258605, 47.86488753 ], [ -122.57259858, 47.8652088 ], [ -122.57246651, 47.86560919 ], [ -122.57240731, 47.86598346 ], [ -122.57234518, 47.86628306 ], [ -122.57228398, 47.86660746 ], [ -122.57222671, 47.8670314 ], [ -122.57224125, 47.8674042 ], [ -122.57234751, 47.86772685 ], [ -122.57237132, 47.86779913 ], [ -122.57233518, 47.8678918 ], [ -122.57229991, 47.86797913 ], [ -122.57227852, 47.86808366 ], [ -122.57231005, 47.8682394 ], [ -122.57234145, 47.8683778 ], [ -122.57235038, 47.8686462 ], [ -122.57237705, 47.868663 ], [ -122.57241385, 47.86894013 ], [ -122.57250278, 47.86923379 ], [ -122.57254038, 47.86954573 ], [ -122.57262932, 47.8698394 ], [ -122.57266885, 47.87018606 ], [ -122.57265578, 47.87051613 ], [ -122.57264318, 47.8708464 ], [ -122.57262672, 47.87108966 ], [ -122.57263892, 47.871402 ], [ -122.57270598, 47.87180026 ], [ -122.57272225, 47.87221673 ], [ -122.57278705, 47.8725456 ], [ -122.57288072, 47.87296073 ], [ -122.57289572, 47.87308466 ], [ -122.57291838, 47.8732726 ], [ -122.57304005, 47.87373933 ], [ -122.57310772, 47.87415486 ], [ -122.57315752, 47.87450266 ], [ -122.57327458, 47.87486526 ], [ -122.57341679, 47.8751926 ], [ -122.57350365, 47.87543426 ], [ -122.57364472, 47.87574433 ], [ -122.57373432, 47.87605526 ], [ -122.57376692, 47.87613433 ], [ -122.57387665, 47.87640013 ], [ -122.57388552, 47.8766256 ], [ -122.57397305, 47.87688473 ], [ -122.57400852, 47.87712706 ], [ -122.57412205, 47.87738553 ], [ -122.57429038, 47.87772986 ], [ -122.57443212, 47.87805726 ], [ -122.57451719, 47.878234 ], [ -122.57457299, 47.87835 ], [ -122.57479412, 47.8787282 ], [ -122.57501185, 47.87901946 ], [ -122.57517679, 47.879277 ], [ -122.57544445, 47.8795154 ], [ -122.57560872, 47.87975566 ], [ -122.57575192, 47.87996506 ], [ -122.57577305, 47.87999593 ], [ -122.57588139, 47.8802906 ], [ -122.57594079, 47.88048046 ], [ -122.57599899, 47.8806532 ], [ -122.57611119, 47.88087686 ], [ -122.57627612, 47.8811344 ], [ -122.57646865, 47.8814436 ], [ -122.57658012, 47.88164993 ], [ -122.57677179, 47.88192453 ], [ -122.57690805, 47.882113 ], [ -122.57715045, 47.88236913 ], [ -122.57725785, 47.88247146 ], [ -122.57742012, 47.88265966 ], [ -122.57768799, 47.88291533 ], [ -122.57790419, 47.88315466 ], [ -122.57809059, 47.88330766 ], [ -122.57828525, 47.88346246 ], [ -122.57830412, 47.88347746 ], [ -122.57846499, 47.88363086 ], [ -122.57854919, 47.88380313 ], [ -122.57863405, 47.88399253 ], [ -122.57864225, 47.88420093 ], [ -122.57872852, 47.88442506 ], [ -122.57876146, 47.88461553 ], [ -122.57887225, 47.88480446 ], [ -122.57898585, 47.88506293 ], [ -122.57909619, 47.88525206 ], [ -122.57923712, 47.8855448 ], [ -122.57929465, 47.88570006 ], [ -122.57935219, 47.88585533 ], [ -122.57945359, 47.88611533 ], [ -122.57958926, 47.88628673 ], [ -122.57973699, 47.88675293 ], [ -122.57990266, 47.88702773 ], [ -122.58001912, 47.887373 ], [ -122.58002732, 47.88758126 ], [ -122.58003545, 47.88778946 ], [ -122.58002225, 47.88810226 ], [ -122.58000586, 47.88834573 ], [ -122.58004272, 47.88862286 ], [ -122.58018446, 47.88895033 ], [ -122.58032286, 47.88919086 ], [ -122.58046239, 47.88944886 ], [ -122.58051926, 47.88958686 ], [ -122.58057752, 47.88975939 ], [ -122.58060959, 47.88991513 ], [ -122.58072185, 47.89013893 ], [ -122.58083359, 47.89036266 ], [ -122.58097039, 47.89055126 ], [ -122.58113406, 47.89077406 ], [ -122.58140812, 47.89118593 ], [ -122.58157519, 47.89149573 ], [ -122.58177019, 47.89180293 ], [ -122.58196412, 47.8921468 ], [ -122.58210299, 47.89238753 ], [ -122.58229552, 47.89269666 ], [ -122.58238319, 47.89295553 ], [ -122.58247419, 47.89330126 ], [ -122.58258986, 47.8936118 ], [ -122.58267819, 47.893888 ], [ -122.58274053, 47.89416466 ], [ -122.58277539, 47.89438986 ], [ -122.58286979, 47.89482226 ], [ -122.58304372, 47.89530546 ], [ -122.58326566, 47.8957008 ], [ -122.58345879, 47.89601006 ], [ -122.58357239, 47.89626853 ], [ -122.58374086, 47.89661273 ], [ -122.58385806, 47.89697526 ], [ -122.58402719, 47.89733706 ], [ -122.58421626, 47.89764766 ], [ -122.58430186, 47.89785453 ], [ -122.58433126, 47.89794086 ], [ -122.58441752, 47.898165 ], [ -122.58444846, 47.8983034 ], [ -122.58442639, 47.89839053 ], [ -122.58437152, 47.89845593 ], [ -122.58435239, 47.89847873 ], [ -122.58427839, 47.89856693 ], [ -122.58425586, 47.898654 ], [ -122.58428726, 47.8987924 ], [ -122.58437086, 47.8989472 ], [ -122.58442839, 47.89910246 ], [ -122.58445986, 47.89924086 ], [ -122.58467979, 47.89958433 ], [ -122.58484692, 47.89989393 ], [ -122.58501199, 47.90015146 ], [ -122.58520713, 47.9005126 ], [ -122.58534726, 47.9007966 ], [ -122.58551573, 47.901141 ], [ -122.58562732, 47.90134733 ], [ -122.58587326, 47.90169013 ], [ -122.58611439, 47.90191173 ], [ -122.58627606, 47.9020824 ], [ -122.58648986, 47.90226966 ], [ -122.58674313, 47.90253953 ], [ -122.58698286, 47.90272613 ], [ -122.58724933, 47.90292979 ], [ -122.58736313, 47.90299746 ], [ -122.58764599, 47.90316586 ], [ -122.58807073, 47.90345353 ], [ -122.58863113, 47.9039124 ], [ -122.58879553, 47.90415266 ], [ -122.58896273, 47.9044622 ], [ -122.58897846, 47.90486133 ], [ -122.58896273, 47.90512213 ], [ -122.58897233, 47.90536493 ], [ -122.58909899, 47.9055784 ], [ -122.58916613, 47.90569153 ], [ -122.5892752, 47.90584586 ], [ -122.58936013, 47.9060354 ], [ -122.58928546, 47.90610613 ], [ -122.58921279, 47.90622893 ], [ -122.58937106, 47.90631293 ], [ -122.58952659, 47.90632746 ], [ -122.5896808, 47.90630746 ], [ -122.58988619, 47.906269 ], [ -122.59014193, 47.90621233 ], [ -122.59042339, 47.90613793 ], [ -122.59061459, 47.90607366 ], [ -122.59089559, 47.90599926 ], [ -122.59108913, 47.90591766 ], [ -122.59110173, 47.90591506 ], [ -122.5911786, 47.90589859 ], [ -122.59139746, 47.9058774 ], [ -122.59162906, 47.905856 ], [ -122.59191279, 47.90585093 ], [ -122.59209566, 47.90589973 ], [ -122.59217446, 47.90593313 ], [ -122.59229506, 47.90604373 ], [ -122.59240186, 47.90612866 ], [ -122.59248373, 47.90624013 ], [ -122.59249059, 47.9064136 ], [ -122.5924694, 47.90653546 ], [ -122.59242206, 47.90664053 ], [ -122.59237426, 47.90674553 ], [ -122.59227613, 47.906869 ], [ -122.59212473, 47.9069584 ], [ -122.5919726, 47.90703066 ], [ -122.5918184, 47.90705073 ], [ -122.59174033, 47.90703479 ], [ -122.59166086, 47.90698413 ], [ -122.59157966, 47.90696813 ], [ -122.59145286, 47.90702246 ], [ -122.59117273, 47.90713166 ], [ -122.59084093, 47.9072244 ], [ -122.590482, 47.9073002 ], [ -122.59004959, 47.9074644 ], [ -122.58971733, 47.907557 ], [ -122.58943633, 47.9076316 ], [ -122.58915619, 47.9077408 ], [ -122.588928, 47.907849 ], [ -122.58880393, 47.90797273 ], [ -122.58868119, 47.9081312 ], [ -122.58850513, 47.9082558 ], [ -122.58830226, 47.90834633 ], [ -122.58826339, 47.90835573 ], [ -122.58807199, 47.90840246 ], [ -122.58791713, 47.90840526 ], [ -122.58770826, 47.90835686 ], [ -122.58752453, 47.90827326 ], [ -122.58744373, 47.908188 ], [ -122.58738833, 47.90810213 ], [ -122.58743479, 47.90796233 ], [ -122.58747739, 47.90773586 ], [ -122.58751859, 47.90747466 ], [ -122.58753359, 47.90719646 ], [ -122.58754999, 47.9069532 ], [ -122.58754179, 47.906745 ], [ -122.58762833, 47.90632666 ], [ -122.58764406, 47.90606593 ], [ -122.58765839, 47.90577046 ], [ -122.58762079, 47.90547586 ], [ -122.58756046, 47.90525126 ], [ -122.58744546, 47.90495806 ], [ -122.5873598, 47.9047512 ], [ -122.58716939, 47.90451146 ], [ -122.58697679, 47.90420233 ], [ -122.58681646, 47.9040662 ], [ -122.58673426, 47.9039462 ], [ -122.58652406, 47.90386306 ], [ -122.58629039, 47.9038326 ], [ -122.58603079, 47.9038024 ], [ -122.58584846, 47.9037536 ], [ -122.58566559, 47.90370473 ], [ -122.58543059, 47.90363953 ], [ -122.58524839, 47.90360793 ], [ -122.58512019, 47.90362753 ], [ -122.58494213, 47.90370026 ], [ -122.58476519, 47.90379013 ], [ -122.58463993, 47.90389653 ], [ -122.58461853, 47.90400113 ], [ -122.58467339, 47.904087 ], [ -122.58486039, 47.90424 ], [ -122.58499333, 47.9043418 ], [ -122.58494739, 47.9044816 ], [ -122.58482206, 47.904588 ], [ -122.58464586, 47.90469533 ], [ -122.58454859, 47.90485333 ], [ -122.58458006, 47.90499173 ], [ -122.58465513, 47.90526813 ], [ -122.58473873, 47.90542293 ], [ -122.58479613, 47.90556093 ], [ -122.58488039, 47.905733 ], [ -122.58493726, 47.90587093 ], [ -122.58502086, 47.90602573 ], [ -122.58513106, 47.9061974 ], [ -122.58516273, 47.90635306 ], [ -122.58515339, 47.90644013 ], [ -122.5850888, 47.90650893 ], [ -122.58505406, 47.90654606 ], [ -122.58492999, 47.9066698 ], [ -122.58480453, 47.90675886 ], [ -122.58467853, 47.906848 ], [ -122.58455033, 47.9068676 ], [ -122.58436953, 47.9068708 ], [ -122.58432019, 47.90686073 ], [ -122.58421333, 47.9068388 ], [ -122.58408239, 47.906789 ], [ -122.58397559, 47.9067042 ], [ -122.58389406, 47.90660146 ], [ -122.58376106, 47.90649966 ], [ -122.58368026, 47.9064142 ], [ -122.58324326, 47.9058142 ], [ -122.58316033, 47.90567666 ], [ -122.58297046, 47.90543706 ], [ -122.58270746, 47.90532006 ], [ -122.58252666, 47.90532326 ], [ -122.58242373, 47.90532513 ], [ -122.58226959, 47.90534533 ], [ -122.58214226, 47.90539966 ], [ -122.58201606, 47.90547133 ], [ -122.58194106, 47.90553346 ], [ -122.58184239, 47.90565673 ], [ -122.58174206, 47.90573666 ], [ -122.58169406, 47.9058244 ], [ -122.58177626, 47.9059444 ], [ -122.58193379, 47.906011 ], [ -122.5820928, 47.90611253 ], [ -122.58225173, 47.90621393 ], [ -122.58226013, 47.90621973 ], [ -122.58246466, 47.9063664 ], [ -122.58254619, 47.90646913 ], [ -122.58268119, 47.906623 ], [ -122.58284766, 47.90691513 ], [ -122.58285446, 47.9070888 ], [ -122.58280506, 47.90714173 ], [ -122.58276839, 47.90719446 ], [ -122.58282599, 47.90734973 ], [ -122.58295693, 47.90739953 ], [ -122.58304926, 47.9074412 ], [ -122.58310553, 47.90756186 ], [ -122.58318973, 47.907734 ], [ -122.58322186, 47.90788966 ], [ -122.58338626, 47.90812993 ], [ -122.58357413, 47.90831746 ], [ -122.58373239, 47.90840153 ], [ -122.58387586, 47.9084338 ], [ -122.58390426, 47.90849393 ], [ -122.58396999, 47.90863633 ], [ -122.58405393, 47.90879986 ], [ -122.58413546, 47.9089026 ], [ -122.58423259, 47.90894886 ], [ -122.58429333, 47.90897793 ], [ -122.58457779, 47.9089902 ], [ -122.5848094, 47.9089688 ], [ -122.58509433, 47.908981 ], [ -122.58556093, 47.9090248 ], [ -122.58597613, 47.90906953 ], [ -122.5866224, 47.9090928 ], [ -122.58723979, 47.90902973 ], [ -122.58783106, 47.90894966 ], [ -122.58831766, 47.90885426 ], [ -122.58870346, 47.9088126 ], [ -122.58892566, 47.90882353 ], [ -122.5889624, 47.90882533 ], [ -122.58914533, 47.90887413 ], [ -122.58948733, 47.9090418 ], [ -122.58967226, 47.90914266 ], [ -122.58978119, 47.90927953 ], [ -122.58989093, 47.90945133 ], [ -122.58987026, 47.9095732 ], [ -122.58984906, 47.90969526 ], [ -122.58969693, 47.9097674 ], [ -122.58954346, 47.90980486 ], [ -122.58923373, 47.9098104 ], [ -122.58897613, 47.90983233 ], [ -122.58869373, 47.90987213 ], [ -122.58838466, 47.90989493 ], [ -122.58810166, 47.90991726 ], [ -122.5877912, 47.90990546 ], [ -122.58750593, 47.90988453 ], [ -122.58706253, 47.90977093 ], [ -122.5866226, 47.909744 ], [ -122.58615733, 47.90973493 ], [ -122.58587306, 47.90974 ], [ -122.58548859, 47.9098162 ], [ -122.58531326, 47.90995833 ], [ -122.5851912, 47.91013406 ], [ -122.58511993, 47.9102916 ], [ -122.58510073, 47.91046553 ], [ -122.58510686, 47.91062173 ], [ -122.58521853, 47.91082806 ], [ -122.58535493, 47.91101673 ], [ -122.58546853, 47.9112752 ], [ -122.58557813, 47.91142953 ], [ -122.58564286, 47.91176693 ], [ -122.58580666, 47.91198986 ], [ -122.58602046, 47.912177 ], [ -122.58623753, 47.91243373 ], [ -122.58660493, 47.91258346 ], [ -122.58704746, 47.91266233 ], [ -122.5872818, 47.91271026 ], [ -122.58731286, 47.912722 ], [ -122.58754373, 47.91280973 ], [ -122.58785893, 47.91294313 ], [ -122.58807193, 47.9130956 ], [ -122.58841673, 47.9133326 ], [ -122.5887092, 47.9135358 ], [ -122.58913413, 47.9138408 ], [ -122.58947806, 47.914043 ], [ -122.58984753, 47.9142448 ], [ -122.59026146, 47.91447646 ], [ -122.59047326, 47.91461166 ], [ -122.59084387, 47.91483073 ], [ -122.59129693, 47.91518733 ], [ -122.591486, 47.91539226 ], [ -122.5918862, 47.9157152 ], [ -122.5922302, 47.9159174 ], [ -122.59257706, 47.91620633 ], [ -122.593006, 47.91659806 ], [ -122.59332467, 47.91681806 ], [ -122.59361467, 47.91696933 ], [ -122.5939058, 47.91713773 ], [ -122.59440966, 47.91747606 ], [ -122.59478166, 47.91772993 ], [ -122.59507367, 47.91793306 ], [ -122.5952614, 47.91810326 ], [ -122.5953488, 47.91822393 ], [ -122.59539786, 47.91829193 ], [ -122.59550887, 47.918481 ], [ -122.595541, 47.91863666 ], [ -122.5956, 47.91882653 ], [ -122.59563353, 47.91901699 ], [ -122.5956148, 47.91919966 ], [ -122.59557087, 47.91939146 ], [ -122.5955538, 47.91961746 ], [ -122.5955894, 47.91986 ], [ -122.5956978, 47.919997 ], [ -122.59585886, 47.9201504 ], [ -122.59607053, 47.92026813 ], [ -122.596281, 47.92036853 ], [ -122.5965592, 47.92046693 ], [ -122.59700413, 47.92061526 ], [ -122.5974158, 47.9207232 ], [ -122.59750027, 47.92074533 ], [ -122.59777129, 47.92083045 ], [ -122.5978142, 47.92084393 ], [ -122.598488, 47.92090126 ], [ -122.59856995, 47.92090895 ], [ -122.59957707, 47.92100346 ], [ -122.60027754, 47.9210776 ], [ -122.60108073, 47.9211328 ], [ -122.60222127, 47.92123386 ], [ -122.6025844, 47.92126213 ], [ -122.60300193, 47.92137613 ], [ -122.60365647, 47.92159026 ], [ -122.60425887, 47.9217878 ], [ -122.6047072, 47.92202273 ], [ -122.60492114, 47.92220999 ], [ -122.60505887, 47.92241586 ], [ -122.60517007, 47.92262226 ], [ -122.60512547, 47.9227968 ], [ -122.6050768, 47.92286706 ], [ -122.60505493, 47.92297166 ], [ -122.60503273, 47.92306746 ], [ -122.60506387, 47.92319713 ], [ -122.60512053, 47.9233264 ], [ -122.60520213, 47.92342906 ], [ -122.60543927, 47.92354653 ], [ -122.605599, 47.92366513 ], [ -122.6059022, 47.92369806 ], [ -122.60620633, 47.92378 ], [ -122.60704234, 47.92392866 ], [ -122.60769013, 47.92402339 ], [ -122.6079984, 47.92406859 ], [ -122.6089732, 47.92415439 ], [ -122.60953514, 47.92419279 ], [ -122.61012633, 47.9242106 ], [ -122.61058994, 47.92427733 ], [ -122.61118467, 47.92440953 ], [ -122.61148587, 47.92440493 ], [ -122.61187627, 47.92442566 ], [ -122.6121076, 47.92448613 ], [ -122.6122406, 47.92452093 ], [ -122.61259333, 47.92458293 ], [ -122.6129166, 47.92467206 ], [ -122.6140762, 47.92488966 ], [ -122.6151938, 47.92511493 ], [ -122.61575, 47.92522706 ], [ -122.6170232, 47.92554373 ], [ -122.61725547, 47.92561426 ], [ -122.61727907, 47.92569453 ], [ -122.61713147, 47.92579113 ], [ -122.61698434, 47.92586073 ], [ -122.61681907, 47.92601146 ], [ -122.616719, 47.92609793 ], [ -122.61651734, 47.92627186 ], [ -122.6162656, 47.92653159 ], [ -122.61612954, 47.92664813 ], [ -122.61568127, 47.92700513 ], [ -122.61532727, 47.92734753 ], [ -122.61462427, 47.9280806 ], [ -122.6145508, 47.92815713 ], [ -122.6141114, 47.92873666 ], [ -122.6139504, 47.92891953 ], [ -122.61379587, 47.9290714 ], [ -122.61368847, 47.929154 ], [ -122.61363294, 47.92921826 ], [ -122.61357527, 47.92930686 ], [ -122.613518, 47.92940553 ], [ -122.6134762, 47.92950913 ], [ -122.6134202, 47.92963866 ], [ -122.61335674, 47.92977346 ], [ -122.61332387, 47.92990773 ], [ -122.61334027, 47.93012846 ], [ -122.6134264, 47.93036866 ], [ -122.6136118, 47.93060699 ], [ -122.61392347, 47.93102906 ], [ -122.61417681, 47.93147313 ], [ -122.61447147, 47.93196919 ], [ -122.61465367, 47.93227879 ], [ -122.61492574, 47.93273246 ], [ -122.61525974, 47.93315293 ], [ -122.6155926, 47.93349273 ], [ -122.61595787, 47.93378959 ], [ -122.61642047, 47.93407153 ], [ -122.61642907, 47.9340802 ], [ -122.61652307, 47.93417526 ], [ -122.61668481, 47.93429106 ], [ -122.61685521, 47.93448453 ], [ -122.61701261, 47.93469626 ], [ -122.61714747, 47.93487973 ], [ -122.61730194, 47.93501986 ], [ -122.6173596, 47.93508406 ], [ -122.61745901, 47.93510853 ], [ -122.61760361, 47.93511466 ], [ -122.61780281, 47.93512219 ], [ -122.6178708, 47.93510106 ], [ -122.61791794, 47.93505413 ], [ -122.6179354, 47.93499453 ], [ -122.61799767, 47.93484159 ], [ -122.61825167, 47.93448519 ], [ -122.61829987, 47.93441613 ], [ -122.61829581, 47.93431373 ], [ -122.61839561, 47.93427099 ], [ -122.61843361, 47.93420193 ], [ -122.61849154, 47.93413266 ], [ -122.61857254, 47.93411753 ], [ -122.61861974, 47.93403473 ], [ -122.61872027, 47.93399866 ], [ -122.61875727, 47.93391606 ], [ -122.61878754, 47.93384406 ], [ -122.61892321, 47.93374239 ], [ -122.61910234, 47.93364359 ], [ -122.61919007, 47.93355319 ], [ -122.61926027, 47.93352473 ], [ -122.61937881, 47.93344046 ], [ -122.61958474, 47.93325926 ], [ -122.61999874, 47.93293766 ], [ -122.6202642, 47.93267686 ], [ -122.62031294, 47.93251746 ], [ -122.62032947, 47.93233226 ], [ -122.62031707, 47.93222679 ], [ -122.62026581, 47.93211666 ], [ -122.62015994, 47.93203413 ], [ -122.62007154, 47.93197759 ], [ -122.61991234, 47.93193819 ], [ -122.61961307, 47.93190279 ], [ -122.61921807, 47.93184393 ], [ -122.61876494, 47.93181253 ], [ -122.61819141, 47.93171493 ], [ -122.61741907, 47.93155739 ], [ -122.61683847, 47.93141053 ], [ -122.61612927, 47.93123739 ], [ -122.61544094, 47.93104966 ], [ -122.61500854, 47.93087153 ], [ -122.61456514, 47.93063606 ], [ -122.61432707, 47.93052433 ], [ -122.61417254, 47.93047246 ], [ -122.61409127, 47.93046706 ], [ -122.61404107, 47.93048839 ], [ -122.61399067, 47.93048926 ], [ -122.61393914, 47.93047666 ], [ -122.61386481, 47.93040279 ], [ -122.6137816, 47.93034979 ], [ -122.613718, 47.9302894 ], [ -122.61370534, 47.93021459 ], [ -122.61377481, 47.93017906 ], [ -122.61386601, 47.93017739 ], [ -122.61392767, 47.93018999 ], [ -122.61404147, 47.93024266 ], [ -122.61426967, 47.93036306 ], [ -122.61462914, 47.93051493 ], [ -122.6150106, 47.93071919 ], [ -122.61543027, 47.93090953 ], [ -122.61654214, 47.93121933 ], [ -122.6171758, 47.93135306 ], [ -122.61840067, 47.93154206 ], [ -122.61966274, 47.93167759 ], [ -122.62070761, 47.93177746 ], [ -122.62083781, 47.93181966 ], [ -122.62089194, 47.93189713 ], [ -122.62090414, 47.93194819 ], [ -122.62090734, 47.93205193 ], [ -122.62087241, 47.93217406 ], [ -122.62082841, 47.93233546 ], [ -122.62076234, 47.93246979 ], [ -122.62063627, 47.93261893 ], [ -122.62012587, 47.93306853 ], [ -122.61941367, 47.93355946 ], [ -122.61907047, 47.93386606 ], [ -122.61861441, 47.93430986 ], [ -122.61831021, 47.93468719 ], [ -122.61808927, 47.93515526 ], [ -122.61804087, 47.93529766 ], [ -122.61796901, 47.93550253 ], [ -122.61795067, 47.93573333 ], [ -122.61793594, 47.93591299 ], [ -122.61792974, 47.93598766 ], [ -122.61793574, 47.93650693 ], [ -122.61798807, 47.93702533 ], [ -122.61796901, 47.93746746 ], [ -122.61790201, 47.93787153 ], [ -122.61787734, 47.93815879 ], [ -122.61772567, 47.93844786 ], [ -122.61758187, 47.93862833 ], [ -122.61721001, 47.93888213 ], [ -122.61693921, 47.93904933 ], [ -122.61646107, 47.93923493 ], [ -122.61601661, 47.93939686 ], [ -122.61588427, 47.93947786 ], [ -122.61558794, 47.9396594 ], [ -122.61521367, 47.9398668 ], [ -122.61488467, 47.94001906 ], [ -122.61444147, 47.94021193 ], [ -122.61389454, 47.9404142 ], [ -122.61362121, 47.94050379 ], [ -122.61322094, 47.94061073 ], [ -122.61280827, 47.94068686 ], [ -122.61222094, 47.9407194 ], [ -122.61163421, 47.94076713 ], [ -122.6112992, 47.94075686 ], [ -122.6108846, 47.94077119 ], [ -122.61047027, 47.940793 ], [ -122.60989341, 47.94079413 ], [ -122.60941961, 47.94077046 ], [ -122.60910827, 47.94079093 ], [ -122.60882207, 47.94084186 ], [ -122.60858067, 47.94087653 ], [ -122.60838434, 47.94086413 ], [ -122.6081644, 47.94083653 ], [ -122.60793367, 47.94083226 ], [ -122.60721774, 47.94081239 ], [ -122.60665581, 47.94079013 ], [ -122.60606327, 47.94075686 ], [ -122.60568874, 47.94070106 ], [ -122.60528307, 47.9406458 ], [ -122.60484627, 47.94059093 ], [ -122.60453301, 47.94052353 ], [ -122.6044578, 47.94049333 ], [ -122.60423341, 47.9404038 ], [ -122.60407347, 47.9402816 ], [ -122.60391267, 47.94014873 ], [ -122.60387661, 47.94002433 ], [ -122.60382314, 47.93984793 ], [ -122.60371414, 47.93945373 ], [ -122.60364087, 47.939163 ], [ -122.6036326, 47.93895446 ], [ -122.60365707, 47.93878733 ], [ -122.60365294, 47.938683 ], [ -122.6036152, 47.93851679 ], [ -122.60357834, 47.93837146 ], [ -122.60351041, 47.93822666 ], [ -122.60347514, 47.938123 ], [ -122.6034374, 47.93795693 ], [ -122.60349134, 47.93774726 ], [ -122.60351334, 47.9375174 ], [ -122.60352534, 47.93703753 ], [ -122.60345074, 47.936726 ], [ -122.60333894, 47.93624819 ], [ -122.60313007, 47.93568886 ], [ -122.602865, 47.93525566 ], [ -122.60266441, 47.93490453 ], [ -122.60256007, 47.93461439 ], [ -122.60250114, 47.93427293 ], [ -122.60239513, 47.9339412 ], [ -122.60235327, 47.93367073 ], [ -122.6023662, 47.93321173 ], [ -122.60241514, 47.93287706 ], [ -122.60227507, 47.93248326 ], [ -122.60220294, 47.93223433 ], [ -122.602133, 47.93202693 ], [ -122.60193493, 47.93173846 ], [ -122.60177087, 47.93151193 ], [ -122.60146567, 47.9310942 ], [ -122.60141007, 47.93101786 ], [ -122.60114953, 47.93070966 ], [ -122.600857, 47.93038113 ], [ -122.60059807, 47.93011466 ], [ -122.6004594, 47.92974166 ], [ -122.60029073, 47.92941093 ], [ -122.600089, 47.92901833 ], [ -122.5997618, 47.92858606 ], [ -122.59953813, 47.92828233 ], [ -122.59936787, 47.92805093 ], [ -122.59898013, 47.92766153 ], [ -122.59872207, 47.9274158 ], [ -122.598464, 47.92717019 ], [ -122.59794367, 47.92674106 ], [ -122.5975266, 47.92639393 ], [ -122.59717327, 47.9260874 ], [ -122.59682033, 47.92580173 ], [ -122.5965312, 47.92555653 ], [ -122.59621147, 47.92531206 ], [ -122.5957592, 47.92486126 ], [ -122.59553053, 47.92467526 ], [ -122.59518173, 47.92439173 ], [ -122.59466813, 47.92396293 ], [ -122.59396686, 47.92349566 ], [ -122.59336307, 47.923131 ], [ -122.59237686, 47.922523 ], [ -122.5910506, 47.92194173 ], [ -122.59023133, 47.92162253 ], [ -122.5895506, 47.9213886 ], [ -122.58836053, 47.92111766 ], [ -122.5875152, 47.92092413 ], [ -122.5864528, 47.92073453 ], [ -122.58486053, 47.92049173 ], [ -122.58400266, 47.92038173 ], [ -122.583504, 47.920328 ], [ -122.58338513, 47.92031333 ], [ -122.58291167, 47.92025513 ], [ -122.58191506, 47.9201686 ], [ -122.580766, 47.9201472 ], [ -122.57983486, 47.92013253 ], [ -122.57930659, 47.92006666 ], [ -122.57846866, 47.9200606 ], [ -122.57822273, 47.92006493 ], [ -122.57772426, 47.9200738 ], [ -122.57685606, 47.92008913 ], [ -122.57629813, 47.92009906 ], [ -122.57577166, 47.92007887 ], [ -122.57555206, 47.9200706 ], [ -122.57493033, 47.9200398 ], [ -122.57430946, 47.92003006 ], [ -122.57365779, 47.92004153 ], [ -122.57291633, 47.9201172 ], [ -122.5724528, 47.92016707 ], [ -122.57192706, 47.92021813 ], [ -122.57139693, 47.92014407 ], [ -122.5705258, 47.92009686 ], [ -122.56987219, 47.92004573 ], [ -122.56909473, 47.91999687 ], [ -122.56849919, 47.9200348 ], [ -122.56801873, 47.92004327 ], [ -122.56758293, 47.92000913 ], [ -122.567334, 47.9199926 ], [ -122.56693046, 47.91999973 ], [ -122.56652906, 47.9200486 ], [ -122.56600306, 47.9200788 ], [ -122.56528806, 47.9200496 ], [ -122.56407606, 47.92000833 ], [ -122.56345513, 47.9199984 ], [ -122.56273939, 47.9199484 ], [ -122.56168113, 47.91986287 ], [ -122.56102753, 47.9198116 ], [ -122.56052966, 47.91977873 ], [ -122.56021999, 47.9197732 ], [ -122.55993986, 47.9197682 ], [ -122.55947626, 47.91981813 ], [ -122.55901106, 47.91982627 ], [ -122.55862273, 47.91982987 ], [ -122.55838113, 47.91979367 ], [ -122.55801986, 47.91977307 ], [ -122.55777833, 47.91972353 ], [ -122.55717393, 47.91962667 ], [ -122.55648899, 47.9195042 ], [ -122.55520339, 47.91936527 ], [ -122.55440079, 47.91929867 ], [ -122.55359773, 47.919232 ], [ -122.55287679, 47.91921787 ], [ -122.55123352, 47.919139 ], [ -122.55071173, 47.91909434 ], [ -122.54990866, 47.91902767 ], [ -122.54914379, 47.91890653 ], [ -122.54854199, 47.91886327 ], [ -122.54813892, 47.91878954 ], [ -122.54781532, 47.9186878 ], [ -122.54728779, 47.91850867 ], [ -122.54679899, 47.91827507 ], [ -122.54638972, 47.91804027 ], [ -122.54614246, 47.91785627 ], [ -122.54606779, 47.91777154 ], [ -122.54574473, 47.917406 ], [ -122.54540866, 47.9169816 ], [ -122.54497272, 47.9164696 ], [ -122.54496866, 47.9164648 ], [ -122.54453172, 47.91602874 ], [ -122.54393119, 47.9155012 ], [ -122.54347699, 47.9151326 ], [ -122.54257119, 47.914476 ], [ -122.54162572, 47.91382027 ], [ -122.54094886, 47.91338827 ], [ -122.53981905, 47.9127766 ], [ -122.53888859, 47.91247047 ], [ -122.53783899, 47.91219314 ], [ -122.53671145, 47.91197094 ], [ -122.53546885, 47.91185834 ], [ -122.53354512, 47.9117036 ], [ -122.53244246, 47.91169114 ], [ -122.53166625, 47.91168253 ], [ -122.52975385, 47.91182307 ], [ -122.52895705, 47.91189047 ], [ -122.52800392, 47.91204134 ], [ -122.52787332, 47.91206567 ], [ -122.52736919, 47.91215974 ], [ -122.52697392, 47.912274 ], [ -122.52673445, 47.91227814 ], [ -122.52659485, 47.91228054 ], [ -122.52643132, 47.91218947 ], [ -122.52626979, 47.91213847 ], [ -122.52618158, 47.91192507 ], [ -122.52621312, 47.91170967 ], [ -122.52630732, 47.91144074 ], [ -122.52639332, 47.91119627 ], [ -122.52672532, 47.91053 ], [ -122.52683878, 47.91030214 ], [ -122.52701485, 47.9096812 ], [ -122.52715485, 47.90916854 ], [ -122.52726459, 47.90838767 ], [ -122.52743932, 47.90766427 ], [ -122.52774905, 47.90692687 ], [ -122.52787132, 47.90619274 ], [ -122.52795879, 47.9055348 ], [ -122.52803805, 47.90515487 ], [ -122.52802258, 47.90475127 ], [ -122.52810232, 47.9038916 ], [ -122.52811052, 47.9031342 ], [ -122.52805598, 47.90268074 ], [ -122.52792605, 47.90222874 ], [ -122.52787292, 47.9018258 ], [ -122.52779899, 47.90135994 ], [ -122.52766952, 47.9009206 ], [ -122.52748405, 47.90049454 ], [ -122.52724832, 47.90022107 ], [ -122.52690692, 47.899771 ], [ -122.52640305, 47.89917567 ], [ -122.52603685, 47.89883687 ], [ -122.52591825, 47.8986664 ], [ -122.52581292, 47.89843087 ], [ -122.52567052, 47.89806667 ], [ -122.52553612, 47.8978964 ], [ -122.52523665, 47.89762127 ], [ -122.52496805, 47.8973022 ], [ -122.52469658, 47.8969186 ], [ -122.52445845, 47.896556 ], [ -122.52418778, 47.896194 ], [ -122.52392171, 47.8959398 ], [ -122.52361732, 47.8955352 ], [ -122.52334878, 47.89521634 ], [ -122.52322351, 47.8948842 ], [ -122.52301585, 47.89447787 ], [ -122.52284225, 47.89413574 ], [ -122.52267278, 47.89390134 ], [ -122.52257038, 47.89371567 ], [ -122.52240011, 47.89346054 ], [ -122.52218332, 47.8930796 ], [ -122.52196731, 47.89272194 ], [ -122.52179865, 47.89232134 ], [ -122.52164258, 47.89195727 ], [ -122.52154111, 47.89176867 ], [ -122.52153265, 47.8915466 ], [ -122.52147438, 47.89126194 ], [ -122.52141251, 47.89088207 ], [ -122.52139918, 47.89053307 ], [ -122.52138225, 47.89008907 ], [ -122.52121771, 47.88948887 ], [ -122.52111018, 47.88914154 ], [ -122.52100391, 47.888826 ], [ -122.52089518, 47.88844694 ], [ -122.52078471, 47.88803627 ], [ -122.52063398, 47.88778487 ], [ -122.52047791, 47.88740667 ], [ -122.52023251, 47.88715694 ], [ -122.52006725, 47.8869628 ], [ -122.51988631, 47.88675027 ], [ -122.51949444, 47.88637614 ], [ -122.51910024, 47.8859386 ], [ -122.51856251, 47.88543994 ], [ -122.51823058, 47.8852066 ], [ -122.51807725, 47.88509907 ], [ -122.51768831, 47.8847884 ], [ -122.51739378, 47.88449194 ], [ -122.51718564, 47.88421907 ], [ -122.51693784, 47.8839062 ], [ -122.51657018, 47.88353607 ], [ -122.51654831, 47.88348294 ], [ -122.51644051, 47.88322107 ], [ -122.51637391, 47.883024 ], [ -122.51618591, 47.88272994 ], [ -122.51585304, 47.882498 ], [ -122.51552018, 47.88226587 ], [ -122.51515624, 47.88199454 ], [ -122.51481891, 47.88164354 ], [ -122.51452644, 47.88132167 ], [ -122.51431091, 47.8810676 ], [ -122.51415724, 47.88091174 ], [ -122.51400338, 47.880736 ], [ -122.51396758, 47.88055827 ], [ -122.51401784, 47.8803394 ], [ -122.51406857, 47.8801206 ], [ -122.51402631, 47.87978447 ], [ -122.51400744, 47.8792892 ], [ -122.51396411, 47.87853687 ], [ -122.51390511, 47.8780706 ], [ -122.51386411, 47.87783547 ], [ -122.51391391, 47.87747 ], [ -122.51396778, 47.87721187 ], [ -122.51399004, 47.87695407 ], [ -122.51394418, 47.87659027 ], [ -122.51406138, 47.8763096 ], [ -122.51414437, 47.87598654 ], [ -122.51422951, 47.87570627 ], [ -122.51427604, 47.87525514 ], [ -122.51432991, 47.87499687 ], [ -122.51435384, 47.87478207 ], [ -122.51440771, 47.8745238 ], [ -122.51446237, 47.87428707 ], [ -122.51448224, 47.87396507 ], [ -122.51443631, 47.8736012 ], [ -122.51435964, 47.87325947 ], [ -122.51421364, 47.87276887 ], [ -122.51403964, 47.87238574 ], [ -122.51399371, 47.87202207 ], [ -122.51398557, 47.87180767 ], [ -122.51394671, 47.8716154 ], [ -122.51388591, 47.87132974 ], [ -122.51387757, 47.87111007 ], [ -122.51391951, 47.87084547 ], [ -122.51398917, 47.87061547 ], [ -122.51414064, 47.8704722 ], [ -122.51424018, 47.87032967 ], [ -122.51433851, 47.8701696 ], [ -122.51440824, 47.86993967 ], [ -122.51442684, 47.86974587 ], [ -122.51439551, 47.86960554 ], [ -122.51436024, 47.86935994 ], [ -122.51445724, 47.8691646 ], [ -122.51452424, 47.86886447 ], [ -122.51459331, 47.86861687 ], [ -122.51463704, 47.86838734 ], [ -122.51467811, 47.8680876 ], [ -122.51471797, 47.86777027 ], [ -122.51473377, 47.86748847 ], [ -122.51478037, 47.8673468 ], [ -122.51481864, 47.86717427 ], [ -122.51482251, 47.86684693 ], [ -122.51483437, 47.86663714 ], [ -122.51500057, 47.86634727 ], [ -122.51505731, 47.86596367 ], [ -122.51518844, 47.86567453 ], [ -122.51517031, 47.8651964 ], [ -122.51490284, 47.86469894 ], [ -122.5143727, 47.86417907 ], [ -122.51406584, 47.86385094 ], [ -122.51386831, 47.86358407 ], [ -122.51371531, 47.86332934 ], [ -122.51365411, 47.8632274 ], [ -122.51366177, 47.86273187 ], [ -122.51357131, 47.862402 ], [ -122.51350089, 47.86227065 ], [ -122.51389396, 47.86241152 ], [ -122.51472896, 47.86272151 ], [ -122.51483396, 47.86276751 ], [ -122.51582696, 47.86320151 ], [ -122.51616695, 47.86336151 ], [ -122.51630295, 47.86342651 ], [ -122.51647995, 47.86352851 ], [ -122.51715595, 47.86391751 ], [ -122.51726095, 47.86397651 ], [ -122.51766695, 47.8642025 ], [ -122.51790895, 47.8643095 ], [ -122.51839095, 47.8645225 ], [ -122.51879895, 47.8647115 ], [ -122.51916295, 47.8649085 ], [ -122.51927995, 47.8650795 ], [ -122.51928495, 47.8654905 ], [ -122.51931295, 47.86736449 ], [ -122.51933996, 47.86915848 ], [ -122.51935896, 47.87047148 ], [ -122.51936696, 47.87093648 ], [ -122.52484795, 47.87108747 ], [ -122.53305293, 47.87129046 ], [ -122.53407893, 47.87131646 ], [ -122.53578942, 47.87135795 ], [ -122.54128091, 47.87149445 ], [ -122.54126091, 47.86698346 ], [ -122.5412579, 47.86642746 ], [ -122.5412629, 47.86513147 ], [ -122.54129489, 47.8579325 ], [ -122.54123589, 47.8559725 ], [ -122.54133888, 47.84967753 ], [ -122.54134388, 47.84843053 ], [ -122.54134388, 47.84837253 ], [ -122.54134888, 47.84719254 ], [ -122.54138188, 47.84601754 ], [ -122.54138388, 47.84587554 ], [ -122.54140788, 47.84423155 ], [ -122.54145187, 47.84217155 ], [ -122.54145487, 47.84203655 ], [ -122.54145887, 47.84193756 ], [ -122.54147087, 47.84133256 ], [ -122.54148687, 47.84040656 ], [ -122.54149987, 47.83975356 ] ] ], [ [ [ -122.485536506, 47.531777095 ], [ -122.486341401, 47.534016522 ], [ -122.487221733, 47.535782813 ], [ -122.486779116, 47.537365885 ], [ -122.485163279, 47.5388817 ], [ -122.481371962, 47.540834071 ], [ -122.482137955, 47.541705172 ], [ -122.485054046, 47.542621359 ], [ -122.483687389, 47.542615215 ], [ -122.482038844, 47.541826193 ], [ -122.481144168, 47.541764786 ], [ -122.480921821, 47.540849925 ], [ -122.483572696, 47.539455198 ], [ -122.48614096, 47.537203783 ], [ -122.486454298, 47.535231058 ], [ -122.485640916, 47.533773052 ], [ -122.484839497, 47.530772526 ], [ -122.485682298, 47.53024419 ], [ -122.489041828, 47.529672858 ], [ -122.490583539, 47.530300719 ], [ -122.495425073, 47.53154973 ], [ -122.497213484, 47.532313451 ], [ -122.497651044, 47.533114032 ], [ -122.496127152, 47.532233024 ], [ -122.494293165, 47.531561478 ], [ -122.492098117, 47.531105476 ], [ -122.490320405, 47.530424574 ], [ -122.488558834, 47.530128798 ], [ -122.486185601, 47.530917585 ], [ -122.485536506, 47.531777095 ] ] ], [ [ [ -122.48312417, 47.540041269 ], [ -122.485189294, 47.53890278 ], [ -122.486817617, 47.537374575 ], [ -122.487262106, 47.535785683 ], [ -122.486378296, 47.534005045 ], [ -122.485577034, 47.531779105 ], [ -122.486210652, 47.530939217 ], [ -122.488565799, 47.530156033 ], [ -122.490299444, 47.530448171 ], [ -122.492082892, 47.531130926 ], [ -122.494278388, 47.531587049 ], [ -122.496106991, 47.532256822 ], [ -122.497614794, 47.533126573 ], [ -122.498251707, 47.534005898 ], [ -122.498475729, 47.535439357 ], [ -122.499220709, 47.536702188 ], [ -122.499163745, 47.542683843 ], [ -122.485134743, 47.542621722 ], [ -122.482155237, 47.541680332 ], [ -122.481405411, 47.540850738 ], [ -122.48312417, 47.540041269 ] ] ], [ [ [ -122.501084958, 47.544622171 ], [ -122.499145657, 47.544582871 ], [ -122.499163745, 47.542683843 ], [ -122.504079829, 47.542705205 ], [ -122.505538485, 47.544284512 ], [ -122.504032588, 47.544282273 ], [ -122.501084958, 47.544622171 ] ] ], [ [ [ -122.499143842, 47.544773376 ], [ -122.499145395, 47.544610323 ], [ -122.500226145, 47.544698323 ], [ -122.499143842, 47.544773376 ] ] ], [ [ [ -122.542762775, 47.553131948 ], [ -122.542742161, 47.553081682 ], [ -122.542762781, 47.553131943 ], [ -122.542762775, 47.553131948 ] ] ], [ [ [ -122.543306921, 47.554501662 ], [ -122.543305583, 47.554598088 ], [ -122.543263714, 47.554353174 ], [ -122.543306921, 47.554501662 ] ] ], [ [ [ -122.543263993, 47.55561292 ], [ -122.543272065, 47.555705392 ], [ -122.543253667, 47.555788743 ], [ -122.543263993, 47.55561292 ] ] ], [ [ [ -122.532007146, 47.565161014 ], [ -122.532029706, 47.565112824 ], [ -122.532046392, 47.565267526 ], [ -122.532007146, 47.565161014 ] ] ], [ [ [ -122.533207762, 47.565555578 ], [ -122.533183081, 47.56555585 ], [ -122.53318307, 47.565555825 ], [ -122.533207762, 47.565555578 ] ] ], [ [ [ -122.548779402, 47.568712819 ], [ -122.548779371, 47.568712803 ], [ -122.548837479, 47.568736992 ], [ -122.548779402, 47.568712819 ] ] ], [ [ [ -122.544152283, 47.56885844 ], [ -122.544152288, 47.568858425 ], [ -122.544184583, 47.568850844 ], [ -122.544152283, 47.56885844 ] ] ], [ [ [ -122.544696569, 47.577960051 ], [ -122.544692318, 47.577960104 ], [ -122.544692313, 47.577960099 ], [ -122.544696569, 47.577960051 ] ] ], [ [ [ -122.548935363, 47.581290797 ], [ -122.548935387, 47.581290839 ], [ -122.548935359, 47.581290803 ], [ -122.548935363, 47.581290797 ] ] ], [ [ [ -122.493565273, 47.744339478 ], [ -122.493722571, 47.744420698 ], [ -122.493598936, 47.744325072 ], [ -122.493681412, 47.744289778 ], [ -122.494163991, 47.744638768 ], [ -122.493558616, 47.744342326 ], [ -122.493565273, 47.744339478 ] ] ], [ [ [ -122.494329918, 47.744728051 ], [ -122.494494134, 47.74478283 ], [ -122.494695692, 47.744926339 ], [ -122.494329918, 47.744728051 ] ] ], [ [ [ -122.554089278, 47.744768265 ], [ -122.55408926, 47.744768242 ], [ -122.554421713, 47.744931749 ], [ -122.554089278, 47.744768265 ] ] ], [ [ [ -122.497667969, 47.744951942 ], [ -122.498895275, 47.744766161 ], [ -122.497891913, 47.744937152 ], [ -122.497667969, 47.744951942 ] ] ], [ [ [ -122.495321959, 47.745095551 ], [ -122.495026227, 47.745063978 ], [ -122.495030741, 47.744904187 ], [ -122.495321959, 47.745095551 ] ] ], [ [ [ -122.495776594, 47.745103635 ], [ -122.495409417, 47.745103185 ], [ -122.49599231, 47.74508787 ], [ -122.495776594, 47.745103635 ] ] ], [ [ [ -122.495408784, 47.74510311 ], [ -122.49540879, 47.745103134 ], [ -122.495387517, 47.745103498 ], [ -122.495408784, 47.74510311 ] ] ], [ [ [ -122.496598785, 47.745058555 ], [ -122.49722597, 47.745017846 ], [ -122.496566875, 47.745283544 ], [ -122.495441682, 47.745133662 ], [ -122.496368779, 47.745073485 ], [ -122.496338054, 47.74507473 ], [ -122.496447198, 47.745060449 ], [ -122.496598785, 47.745058555 ] ] ], [ [ [ -122.516129515, 47.745182413 ], [ -122.516160382, 47.745199225 ], [ -122.516129539, 47.745182434 ], [ -122.516129515, 47.745182413 ] ] ], [ [ [ -122.551134955, 47.746142291 ], [ -122.55189434, 47.746217566 ], [ -122.551304057, 47.746188887 ], [ -122.551134955, 47.746142291 ] ] ], [ [ [ -122.499716293, 47.74624112 ], [ -122.499632899, 47.746255816 ], [ -122.499632898, 47.74625581 ], [ -122.499716293, 47.74624112 ] ] ], [ [ [ -122.49702296, 47.746968254 ], [ -122.496956953, 47.746968189 ], [ -122.496956946, 47.746968176 ], [ -122.49702296, 47.746968254 ] ] ], [ [ [ -122.494269097, 47.747271468 ], [ -122.494269092, 47.747271448 ], [ -122.494493326, 47.747290037 ], [ -122.494269097, 47.747271468 ] ] ], [ [ [ -122.548198164, 47.747430711 ], [ -122.548198163, 47.747430725 ], [ -122.548058375, 47.747409727 ], [ -122.548198164, 47.747430711 ] ] ], [ [ [ -122.557063348, 47.74739396 ], [ -122.55702366, 47.747477096 ], [ -122.557063342, 47.747393953 ], [ -122.557063348, 47.74739396 ] ] ], [ [ [ -122.544647651, 47.747500147 ], [ -122.544689235, 47.747497076 ], [ -122.544647655, 47.74750015 ], [ -122.544647651, 47.747500147 ] ] ], [ [ [ -122.544829449, 47.74892258 ], [ -122.545070117, 47.749187992 ], [ -122.545133684, 47.749258118 ], [ -122.544829449, 47.74892258 ] ] ], [ [ [ -122.546268764, 47.750221221 ], [ -122.546268762, 47.750221253 ], [ -122.546211648, 47.750178214 ], [ -122.546268764, 47.750221221 ] ] ], [ [ [ -122.54747319, 47.750831224 ], [ -122.547431291, 47.750819535 ], [ -122.547473213, 47.750831219 ], [ -122.54747319, 47.750831224 ] ] ], [ [ [ -122.550148776, 47.753785917 ], [ -122.550144124, 47.753767886 ], [ -122.550148782, 47.75378592 ], [ -122.550148776, 47.753785917 ] ] ], [ [ [ -122.552389035, 47.757179298 ], [ -122.552389034, 47.7571793 ], [ -122.552369371, 47.757162174 ], [ -122.552389035, 47.757179298 ] ] ], [ [ [ -122.555064952, 47.758102433 ], [ -122.55508055, 47.758118181 ], [ -122.555064938, 47.758102441 ], [ -122.555064952, 47.758102433 ] ] ], [ [ [ -122.552940949, 47.759374391 ], [ -122.55294095, 47.759374393 ], [ -122.552939287, 47.759376786 ], [ -122.552940949, 47.759374391 ] ] ], [ [ [ -122.555017063, 47.759687423 ], [ -122.554972423, 47.759687203 ], [ -122.55496618, 47.759522526 ], [ -122.555017063, 47.759687423 ] ] ], [ [ [ -122.55484043, 47.759831331 ], [ -122.554930576, 47.759668261 ], [ -122.554925984, 47.760146514 ], [ -122.55484043, 47.759831331 ] ] ], [ [ [ -122.556172315, 47.761303488 ], [ -122.556219196, 47.761184342 ], [ -122.556174076, 47.761402256 ], [ -122.556172315, 47.761303488 ] ] ], [ [ [ -122.556953445, 47.762745558 ], [ -122.55695345, 47.76274556 ], [ -122.556970709, 47.762770525 ], [ -122.556953445, 47.762745558 ] ] ], [ [ [ -122.50359562, 47.7915242 ], [ -122.50347515, 47.79125793 ], [ -122.50337802, 47.7910286 ], [ -122.50327635, 47.79067987 ], [ -122.50315708, 47.79045827 ], [ -122.50306248, 47.79029593 ], [ -122.50288468, 47.78997853 ], [ -122.50252722, 47.7895754 ], [ -122.50209715, 47.78921793 ], [ -122.50173015, 47.78887347 ], [ -122.50134395, 47.7885714 ], [ -122.50099835, 47.7882406 ], [ -122.50056942, 47.78791107 ], [ -122.50020568, 47.7876508 ], [ -122.49969808, 47.7874348 ], [ -122.49927128, 47.7871616 ], [ -122.49880602, 47.78697293 ], [ -122.49853142, 47.7868654 ], [ -122.49829848, 47.78675713 ], [ -122.49804208, 47.78659327 ], [ -122.49766122, 47.78643127 ], [ -122.49715682, 47.78629953 ], [ -122.49679255, 47.78626827 ], [ -122.49661348, 47.7862528 ], [ -122.49623682, 47.786203 ], [ -122.49585908, 47.78612533 ], [ -122.49547875, 47.7859774 ], [ -122.49526867, 47.78591734 ], [ -122.49548089, 47.78543486 ], [ -122.49540389, 47.78495186 ], [ -122.49523489, 47.78405487 ], [ -122.49523389, 47.78360987 ], [ -122.49523389, 47.78311187 ], [ -122.49508089, 47.78239887 ], [ -122.49498789, 47.78185388 ], [ -122.49489588, 47.78034388 ], [ -122.49704188, 47.78033788 ], [ -122.49896088, 47.78034587 ], [ -122.49978488, 47.78033687 ], [ -122.49993675, 47.78033602 ], [ -122.50004844, 47.78032775 ], [ -122.50002788, 47.78027587 ], [ -122.49998588, 47.78018687 ], [ -122.49993388, 47.78005487 ], [ -122.49987188, 47.77984687 ], [ -122.49985088, 47.77973787 ], [ -122.49983288, 47.77961487 ], [ -122.49982188, 47.77921988 ], [ -122.49981788, 47.77900688 ], [ -122.49984788, 47.77879088 ], [ -122.49988588, 47.77863388 ], [ -122.50000388, 47.77775488 ], [ -122.50001688, 47.77755288 ], [ -122.50023288, 47.77733888 ], [ -122.50115188, 47.77671988 ], [ -122.50128488, 47.77662588 ], [ -122.50404687, 47.77662488 ], [ -122.50458587, 47.77662688 ], [ -122.5050723, 47.77662915 ], [ -122.50601615, 47.77663356 ], [ -122.50801586, 47.77664287 ], [ -122.50935491, 47.77664883 ], [ -122.51003886, 47.77665186 ], [ -122.51056686, 47.77665486 ], [ -122.51207592, 47.77666059 ], [ -122.51343642, 47.77666573 ], [ -122.51479685, 47.77667085 ], [ -122.51489385, 47.77667185 ], [ -122.51486385, 47.77542586 ], [ -122.51486185, 47.77523886 ], [ -122.51484586, 47.77485372 ], [ -122.51484184, 47.77475686 ], [ -122.51482584, 47.77412286 ], [ -122.51482984, 47.77361887 ], [ -122.51483984, 47.77320787 ], [ -122.51492355, 47.77320767 ], [ -122.51570084, 47.77320587 ], [ -122.51580134, 47.77321587 ], [ -122.51587984, 47.77320487 ], [ -122.51716184, 47.77320086 ], [ -122.51991283, 47.77318786 ], [ -122.52003333, 47.77468735 ], [ -122.52023683, 47.77487285 ], [ -122.5202385, 47.77669361 ], [ -122.52023982, 47.77813898 ], [ -122.52024084, 47.77995083 ], [ -122.52023984, 47.78006983 ], [ -122.52016985, 47.78394282 ], [ -122.51473386, 47.78401983 ], [ -122.51467822, 47.78760142 ], [ -122.51466404, 47.78851425 ], [ -122.51464986, 47.7894268 ], [ -122.51207987, 47.78942781 ], [ -122.50923588, 47.78943081 ], [ -122.50923388, 47.78972781 ], [ -122.50923055, 47.79000719 ], [ -122.50922351, 47.79059932 ], [ -122.50921568, 47.79125727 ], [ -122.5092088, 47.79183637 ], [ -122.50920386, 47.79225161 ], [ -122.50920049, 47.792535 ], [ -122.50919455, 47.79303389 ], [ -122.50918916, 47.79348684 ], [ -122.50918188, 47.7940988 ], [ -122.509181, 47.79419118 ], [ -122.50918099, 47.79419162 ], [ -122.50864029, 47.79444393 ], [ -122.50850202, 47.79450027 ], [ -122.50834195, 47.794503 ], [ -122.50805929, 47.79444033 ], [ -122.50785695, 47.79438987 ], [ -122.50757129, 47.79424633 ], [ -122.50732062, 47.7939674 ], [ -122.50731449, 47.79380553 ], [ -122.50714622, 47.79359253 ], [ -122.50697489, 47.79329867 ], [ -122.50692402, 47.79301627 ], [ -122.50687722, 47.79282827 ], [ -122.50678876, 47.79261387 ], [ -122.50670489, 47.79250733 ], [ -122.50651989, 47.79238913 ], [ -122.50647542, 47.7923922 ], [ -122.50626062, 47.792407 ], [ -122.50614375, 47.7925036 ], [ -122.50619102, 47.7926916 ], [ -122.50623929, 47.79290653 ], [ -122.50624289, 47.79300107 ], [ -122.50625209, 47.79324373 ], [ -122.50621442, 47.79331173 ], [ -122.50609955, 47.79344873 ], [ -122.50614582, 47.79360967 ], [ -122.50635222, 47.7937816 ], [ -122.50661762, 47.79391193 ], [ -122.50694955, 47.7942166 ], [ -122.50693635, 47.79439227 ], [ -122.50710462, 47.79460513 ], [ -122.50695215, 47.79481013 ], [ -122.50663142, 47.79480227 ], [ -122.50639096, 47.7948064 ], [ -122.50616375, 47.79462127 ], [ -122.50603869, 47.79448853 ], [ -122.50585309, 47.79434333 ], [ -122.50554302, 47.79409227 ], [ -122.50543382, 47.79390787 ], [ -122.50513762, 47.79368933 ], [ -122.50485569, 47.79353753 ], [ -122.50461749, 47.7933852 ], [ -122.50438882, 47.79318793 ], [ -122.50420149, 47.7929152 ], [ -122.50411889, 47.79277513 ], [ -122.50395342, 47.79250207 ], [ -122.50390022, 47.7922644 ], [ -122.50380362, 47.79205 ], [ -122.50371709, 47.7918054 ], [ -122.50359562, 47.7915242 ] ] ], [ [ [ -122.542143, 47.787284 ], [ -122.542182, 47.782785 ], [ -122.542338, 47.782552 ], [ -122.549013, 47.782579 ], [ -122.548974, 47.787077 ], [ -122.548818, 47.78731 ], [ -122.542143, 47.787284 ] ] ], [ [ [ -122.544978, 47.796604 ], [ -122.544693, 47.796752 ], [ -122.538017, 47.796725 ], [ -122.538057, 47.792226 ], [ -122.538342, 47.792078 ], [ -122.545018, 47.792105 ], [ -122.544978, 47.796604 ] ] ], [ [ [ -122.52534786, 47.80307473 ], [ -122.51996587, 47.80305374 ], [ -122.51995887, 47.80358774 ], [ -122.51732388, 47.80358774 ], [ -122.51732388, 47.80372474 ], [ -122.51711488, 47.80399174 ], [ -122.51904987, 47.80467674 ], [ -122.51902088, 47.80492773 ], [ -122.51779988, 47.80550074 ], [ -122.51696876, 47.80556553 ], [ -122.51683788, 47.80557574 ], [ -122.51719965, 47.80579959 ], [ -122.51736888, 47.80590573 ], [ -122.517550530525511, 47.806132591322957 ], [ -122.521464, 47.806149 ], [ -122.521423, 47.810648 ], [ -122.521291, 47.810844 ], [ -122.514613, 47.810816 ], [ -122.514647203612924, 47.807152955930661 ], [ -122.51446098, 47.80707901 ], [ -122.51385389, 47.80683774 ], [ -122.51279589, 47.80641774 ], [ -122.51127292, 47.80580147 ], [ -122.510923349284951, 47.805801315512575 ], [ -122.510918, 47.806361 ], [ -122.510629, 47.806589 ], [ -122.506546614699843, 47.806571883080508 ], [ -122.5065479, 47.80659875 ], [ -122.5065429, 47.80764775 ], [ -122.50709741, 47.80764969 ], [ -122.50777245, 47.80765204 ], [ -122.50844782, 47.80765439 ], [ -122.5091229, 47.80765674 ], [ -122.5091199, 47.80857668 ], [ -122.5091169, 47.80949673 ], [ -122.50790873, 47.80949149 ], [ -122.5066142, 47.80948586 ], [ -122.50635591, 47.80948474 ], [ -122.50615191, 47.80948374 ], [ -122.50551591, 47.80952874 ], [ -122.50377591, 47.80954274 ], [ -122.50377613, 47.80947245 ], [ -122.50378191, 47.80761975 ], [ -122.50377991, 47.80755275 ], [ -122.50376791, 47.80671476 ], [ -122.50375479, 47.80581724 ], [ -122.503749849141229, 47.805315097406783 ], [ -122.500893, 47.805303 ], [ -122.500666017124715, 47.804886117627625 ], [ -122.50030691, 47.80488277 ], [ -122.49847189, 47.80488186 ], [ -122.49832485, 47.80488179 ], [ -122.49788344, 47.80489371 ], [ -122.49763692, 47.80490078 ], [ -122.49742063, 47.80489972 ], [ -122.49733923, 47.80489933 ], [ -122.4970377, 47.80489786 ], [ -122.49668428, 47.80489614 ], [ -122.49636749, 47.80489459 ], [ -122.49606358, 47.80489311 ], [ -122.49565997, 47.80489114 ], [ -122.49555347, 47.80489062 ], [ -122.49305308, 47.80487839 ], [ -122.49293012, 47.80489154 ], [ -122.49293092, 47.80494679 ], [ -122.49295201, 47.80534407 ], [ -122.49295592, 47.80541778 ], [ -122.49294892, 47.80579878 ], [ -122.49294192, 47.80627778 ], [ -122.49293492, 47.80732478 ], [ -122.49292245, 47.80759678 ], [ -122.49283371, 47.80759681 ], [ -122.49225231, 47.80759703 ], [ -122.49169058, 47.80759723 ], [ -122.49155898, 47.80759728 ], [ -122.49108817, 47.80759745 ], [ -122.49024325, 47.80759775 ], [ -122.49016392, 47.80759778 ], [ -122.49017592, 47.80579279 ], [ -122.49028673, 47.80578286 ], [ -122.49027822, 47.80534752 ], [ -122.49026992, 47.80492279 ], [ -122.48916779, 47.8049198 ], [ -122.48811056, 47.80491691 ], [ -122.48770392, 47.8049158 ], [ -122.48786131, 47.80477958 ], [ -122.48819364, 47.80449195 ], [ -122.48855892, 47.8041758 ], [ -122.48864992, 47.8040978 ], [ -122.48868599, 47.80406673 ], [ -122.48893854, 47.80384919 ], [ -122.48919092, 47.8036318 ], [ -122.48853792, 47.8032048 ], [ -122.48841892, 47.8031268 ], [ -122.48797792, 47.80283781 ], [ -122.48766933, 47.80262442 ], [ -122.48817069, 47.80214967 ], [ -122.48881435, 47.8017602 ], [ -122.48974429, 47.80110847 ], [ -122.49038475, 47.80068974 ], [ -122.49107322, 47.80016653 ], [ -122.49154675, 47.79975733 ], [ -122.49253202, 47.79914627 ], [ -122.49326862, 47.79879527 ], [ -122.493569003175409, 47.798535964446543 ], [ -122.493094, 47.798534 ], [ -122.492886, 47.796226 ], [ -122.492125, 47.796223 ], [ -122.492169, 47.791724 ], [ -122.498845, 47.791753 ], [ -122.498825, 47.79382 ], [ -122.499814, 47.794064 ], [ -122.499794, 47.796116 ], [ -122.502813, 47.796257 ], [ -122.502803, 47.797321 ], [ -122.50359826199977, 47.79732420670161 ], [ -122.50360282, 47.797323 ], [ -122.50387989, 47.7972374 ], [ -122.50421589, 47.79712367 ], [ -122.50457229, 47.7970096 ], [ -122.50496622, 47.79684093 ], [ -122.50543742, 47.79659 ], [ -122.50567435, 47.79650507 ], [ -122.50582936, 47.79636753 ], [ -122.50616182, 47.79615947 ], [ -122.50635602, 47.7959942 ], [ -122.50664829, 47.7957868 ], [ -122.50691969, 47.79553933 ], [ -122.50709102, 47.79530693 ], [ -122.50710622, 47.79518533 ], [ -122.50722009, 47.79502147 ], [ -122.50745442, 47.79485553 ], [ -122.50779909, 47.79497107 ], [ -122.50792315, 47.79507693 ], [ -122.50802635, 47.795156 ], [ -122.50820629, 47.79515293 ], [ -122.50842075, 47.79500087 ], [ -122.50869575, 47.79486126 ], [ -122.50897129, 47.79472153 ], [ -122.50917616, 47.7946123 ], [ -122.50917488, 47.79474379 ], [ -122.50934088, 47.79490879 ], [ -122.50936988, 47.79501479 ], [ -122.50950188, 47.79494579 ], [ -122.51001588, 47.79492579 ], [ -122.51008988, 47.79491379 ], [ -122.51086252, 47.79491379 ], [ -122.51103647, 47.79491379 ], [ -122.51186888, 47.79491379 ], [ -122.5119458, 47.79491426 ], [ -122.51194849, 47.79491428 ], [ -122.51202902, 47.7951008 ], [ -122.51201989, 47.7953842 ], [ -122.51203316, 47.7957348 ], [ -122.51178515, 47.79606293 ], [ -122.51165869, 47.79642927 ], [ -122.51150569, 47.79662087 ], [ -122.511579325769773, 47.796858406298277 ], [ -122.511716, 47.796859 ], [ -122.511712713377449, 47.797211059878947 ], [ -122.51175036, 47.79725073 ], [ -122.51186929, 47.79722173 ], [ -122.51212802, 47.79719026 ], [ -122.51230542, 47.79710633 ], [ -122.51236282, 47.7970378 ], [ -122.51266022, 47.7969652 ], [ -122.51293522, 47.7968256 ], [ -122.51307289, 47.7967034 ], [ -122.51309022, 47.79668806 ], [ -122.51308362, 47.79651267 ], [ -122.51295442, 47.79627207 ], [ -122.51270836, 47.7961144 ], [ -122.51261936, 47.7958866 ], [ -122.51240935, 47.79562033 ], [ -122.51248095, 47.79540333 ], [ -122.51247175, 47.79516053 ], [ -122.51250936, 47.79509253 ], [ -122.51242439, 47.79491479 ], [ -122.51323187, 47.79491479 ], [ -122.51343785, 47.79491479 ], [ -122.51401397488948, 47.794914784455109 ], [ -122.514036, 47.792556 ], [ -122.520712, 47.792584 ], [ -122.52071, 47.792731 ], [ -122.520944, 47.792732 ], [ -122.520923767448153, 47.794898809957473 ], [ -122.521332233842827, 47.79490005178512 ], [ -122.521354, 47.792569 ], [ -122.528029, 47.792596 ], [ -122.528028, 47.792715 ], [ -122.528339, 47.792716 ], [ -122.528299, 47.797215 ], [ -122.525378344602785, 47.797202752231371 ], [ -122.52537285, 47.79852475 ], [ -122.52535786, 47.80215773 ], [ -122.52534786, 47.80307473 ] ] ], [ [ [ -122.530832, 47.792565 ], [ -122.537508, 47.792592 ], [ -122.537369, 47.79725 ], [ -122.530693, 47.797223 ], [ -122.530832, 47.792565 ] ] ], [ [ [ -122.534231, 47.80715 ], [ -122.534228, 47.807445 ], [ -122.534424, 47.807446 ], [ -122.534384, 47.811944 ], [ -122.527705, 47.811917 ], [ -122.527512, 47.811622 ], [ -122.527553, 47.807123 ], [ -122.534231, 47.80715 ] ] ], [ [ [ -122.545862, 47.811886 ], [ -122.543746, 47.811877 ], [ -122.543662, 47.814642 ], [ -122.536983, 47.814615 ], [ -122.537084, 47.810117 ], [ -122.53729, 47.807197 ], [ -122.543968, 47.807224 ], [ -122.545902, 47.807387 ], [ -122.545862, 47.811886 ] ] ] ] } }
]
}
