{
"type": "FeatureCollection",
"name": "wahkiakum_ui_with_pop_centers",
"crs": { "type": "name", "properties": { "name": "urn:ogc:def:crs:OGC:1.3:CRS84" } },
"features": [
{ "type": "Feature", "properties": { }, "geometry": { "type": "MultiPolygon", "coordinates": [ [ [ [ -123.68322871, 46.25463239 ], [ -123.68294398, 46.25469826 ], [ -123.68275411, 46.2547422 ], [ -123.68248531, 46.25477513 ], [ -123.68181298, 46.25496153 ], [ -123.68152031, 46.2550164 ], [ -123.68116438, 46.25510973 ], [ -123.68068198, 46.25526873 ], [ -123.68034191, 46.25534553 ], [ -123.68010458, 46.2554114 ], [ -123.67990691, 46.2554442 ], [ -123.67970911, 46.25547173 ], [ -123.67956678, 46.2554826 ], [ -123.67943238, 46.2554606 ], [ -123.67933751, 46.2554222 ], [ -123.67925038, 46.25535093 ], [ -123.67922671, 46.25530159 ], [ -123.67921878, 46.25525773 ], [ -123.67928211, 46.2552028 ], [ -123.67940871, 46.255126 ], [ -123.67955898, 46.25508213 ], [ -123.67983578, 46.2550328 ], [ -123.68052378, 46.25495053 ], [ -123.68079278, 46.2549176 ], [ -123.68099838, 46.25487379 ], [ -123.68126718, 46.25480239 ], [ -123.68170231, 46.2546598 ], [ -123.68226378, 46.2544788 ], [ -123.68267511, 46.25435819 ], [ -123.68315758, 46.25424853 ], [ -123.68348178, 46.2541936 ], [ -123.68364798, 46.25418813 ], [ -123.68390098, 46.25418813 ], [ -123.68409071, 46.25419913 ], [ -123.68416198, 46.25423199 ], [ -123.68418558, 46.25429779 ], [ -123.68413818, 46.25436913 ], [ -123.68404331, 46.254435 ], [ -123.68394838, 46.25447899 ], [ -123.68379811, 46.25451719 ], [ -123.68358451, 46.25455019 ], [ -123.68322871, 46.25463239 ] ] ], [ [ [ -123.65408631, 46.26559993 ], [ -123.65393591, 46.2659016 ], [ -123.65361951, 46.2658466 ], [ -123.65373025, 46.26560539 ], [ -123.65376198, 46.26554493 ], [ -123.65408631, 46.26559993 ] ] ], [ [ [ -123.65706858, 46.2654362 ], [ -123.65706858, 46.2656226 ], [ -123.65591358, 46.2657212 ], [ -123.65593711, 46.2660394 ], [ -123.65544658, 46.26607213 ], [ -123.65524878, 46.266094 ], [ -123.65520158, 46.26574293 ], [ -123.65537558, 46.26571553 ], [ -123.65535991, 46.2655784 ], [ -123.65554191, 46.26555093 ], [ -123.65706858, 46.2654362 ] ] ], [ [ [ -123.65511458, 46.26573193 ], [ -123.65492478, 46.2657428 ], [ -123.65486138, 46.2658086 ], [ -123.65482178, 46.26587993 ], [ -123.65471891, 46.26600613 ], [ -123.65455291, 46.26596213 ], [ -123.65468751, 46.26572633 ], [ -123.65475071, 46.26561113 ], [ -123.65480618, 46.2655728 ], [ -123.65509098, 46.2655838 ], [ -123.65511458, 46.26573193 ] ] ], [ [ [ -123.65683111, 46.2659792 ], [ -123.65703671, 46.26597933 ], [ -123.65703658, 46.2661932 ], [ -123.65684671, 46.26620413 ], [ -123.65683111, 46.2659792 ] ] ], [ [ [ -123.66400571, 46.26652953 ], [ -123.66373658, 46.2664746 ], [ -123.66375258, 46.26632653 ], [ -123.66438538, 46.2663102 ], [ -123.66437738, 46.2664912 ], [ -123.66412431, 46.2665296 ], [ -123.66400571, 46.26652953 ] ] ], [ [ [ -123.66449611, 46.26643633 ], [ -123.66613358, 46.26636533 ], [ -123.66615731, 46.2664806 ], [ -123.66476498, 46.266568 ], [ -123.66448825, 46.26657353 ], [ -123.66447238, 46.2664802 ], [ -123.66449611, 46.26643633 ] ] ], [ [ [ -123.72789567, 46.28833996 ], [ -123.72789793, 46.28850477 ], [ -123.72788459, 46.28849093 ], [ -123.72788441, 46.28835087 ], [ -123.72789567, 46.28833996 ] ] ], [ [ [ -123.72426919, 46.30129106 ], [ -123.7244196, 46.30128013 ], [ -123.72474419, 46.30137873 ], [ -123.72495013, 46.30152133 ], [ -123.72495813, 46.30160899 ], [ -123.72488693, 46.30165299 ], [ -123.72466533, 46.30168053 ], [ -123.72441199, 46.30163113 ], [ -123.72426939, 46.30154346 ], [ -123.72421399, 46.30147759 ], [ -123.72421393, 46.30135139 ], [ -123.72426919, 46.30129106 ] ] ], [ [ [ -123.66819039, 46.31920773 ], [ -123.66818239, 46.31910893 ], [ -123.66819039, 46.3189662 ], [ -123.66824592, 46.318884 ], [ -123.66840419, 46.31886213 ], [ -123.66855459, 46.31895533 ], [ -123.66851499, 46.3190322 ], [ -123.66830119, 46.3191912 ], [ -123.66819039, 46.31920773 ] ] ], [ [ [ -123.67911358, 46.27834313 ], [ -123.67909772, 46.278409 ], [ -123.67903452, 46.2786284 ], [ -123.67901852, 46.27877113 ], [ -123.67900271, 46.2788314 ], [ -123.67893938, 46.27923193 ], [ -123.67893138, 46.2796378 ], [ -123.67887598, 46.2802304 ], [ -123.67884432, 46.2803456 ], [ -123.67878878, 46.28074053 ], [ -123.67874938, 46.2808448 ], [ -123.67870979, 46.28108613 ], [ -123.67866218, 46.28118493 ], [ -123.67855932, 46.28157453 ], [ -123.67849598, 46.28173353 ], [ -123.67844058, 46.28183233 ], [ -123.67836938, 46.2820242 ], [ -123.67835352, 46.282134 ], [ -123.67825058, 46.28243566 ], [ -123.67822678, 46.2825564 ], [ -123.67819518, 46.2826552 ], [ -123.67812392, 46.2829898 ], [ -123.67810812, 46.2830446 ], [ -123.67803692, 46.28357133 ], [ -123.67800519, 46.28405953 ], [ -123.67798132, 46.28413093 ], [ -123.67797338, 46.28435033 ], [ -123.67794958, 46.28442173 ], [ -123.67794144, 46.28448015 ], [ -123.67790218, 46.2847618 ], [ -123.67790218, 46.28481673 ], [ -123.67787052, 46.2850416 ], [ -123.67783878, 46.28512933 ], [ -123.67782298, 46.2852116 ], [ -123.67780718, 46.28526653 ], [ -123.67779132, 46.28538173 ], [ -123.67775958, 46.2855024 ], [ -123.67774379, 46.285656 ], [ -123.67772799, 46.28572733 ], [ -123.67770425, 46.2858864 ], [ -123.67768038, 46.28645693 ], [ -123.67768012, 46.2880918 ], [ -123.67770392, 46.28814673 ], [ -123.67771179, 46.2885636 ], [ -123.67773552, 46.2886624 ], [ -123.67774338, 46.28885993 ], [ -123.67776719, 46.28891473 ], [ -123.67778292, 46.28912873 ], [ -123.67782238, 46.2894634 ], [ -123.67794899, 46.2898748 ], [ -123.67797272, 46.28997913 ], [ -123.67802018, 46.29013273 ], [ -123.67803598, 46.290204 ], [ -123.67826552, 46.29068133 ], [ -123.67847119, 46.291049 ], [ -123.67856612, 46.29127393 ], [ -123.67870059, 46.29147133 ], [ -123.67877192, 46.29160853 ], [ -123.67896179, 46.2919816 ], [ -123.67904892, 46.29213513 ], [ -123.67912799, 46.29223393 ], [ -123.67932579, 46.2925412 ], [ -123.67942859, 46.2926564 ], [ -123.67947619, 46.2927332 ], [ -123.67976098, 46.29312273 ], [ -123.68000632, 46.29361647 ], [ -123.68014872, 46.2939402 ], [ -123.68035439, 46.29467533 ], [ -123.68036232, 46.29490033 ], [ -123.68029899, 46.295169 ], [ -123.68020399, 46.29533913 ], [ -123.68006158, 46.29549273 ], [ -123.67987952, 46.2956244 ], [ -123.67972112, 46.29575593 ], [ -123.67946779, 46.2958712 ], [ -123.67924619, 46.295948 ], [ -123.67912759, 46.29599193 ], [ -123.67889799, 46.2960742 ], [ -123.67872379, 46.2960906 ], [ -123.67846272, 46.29612893 ], [ -123.67820939, 46.2961728 ], [ -123.67795612, 46.29621673 ], [ -123.67770292, 46.29625513 ], [ -123.67747332, 46.29629353 ], [ -123.67731512, 46.29633186 ], [ -123.67714879, 46.2963154 ], [ -123.67703799, 46.29627153 ], [ -123.67700639, 46.296255 ], [ -123.67683219, 46.2961234 ], [ -123.67672152, 46.29595873 ], [ -123.67666612, 46.29583813 ], [ -123.67655532, 46.29567353 ], [ -123.67641292, 46.2955198 ], [ -123.67629412, 46.2954376 ], [ -123.67611212, 46.2953004 ], [ -123.67596958, 46.2952236 ], [ -123.67573219, 46.2951248 ], [ -123.67545519, 46.29506993 ], [ -123.67520199, 46.2950754 ], [ -123.67494872, 46.29509733 ], [ -123.67466372, 46.29510833 ], [ -123.67447379, 46.2951302 ], [ -123.67430772, 46.29517953 ], [ -123.67404638, 46.29528373 ], [ -123.67385639, 46.295355 ], [ -123.67361112, 46.2954538 ], [ -123.67339732, 46.29554153 ], [ -123.67327872, 46.295525 ], [ -123.67321532, 46.2954866 ], [ -123.67319159, 46.2953494 ], [ -123.67322332, 46.2952178 ], [ -123.67331039, 46.29510813 ], [ -123.67328659, 46.29502033 ], [ -123.67315205, 46.2951574 ], [ -123.67307292, 46.29527813 ], [ -123.67306499, 46.2954756 ], [ -123.67314412, 46.29564573 ], [ -123.67304899, 46.2958102 ], [ -123.67293819, 46.29598033 ], [ -123.67282738, 46.29616133 ], [ -123.67274819, 46.29628213 ], [ -123.67262952, 46.29639173 ], [ -123.67247912, 46.296474 ], [ -123.67232859, 46.2965398 ], [ -123.67207532, 46.29662213 ], [ -123.67185372, 46.2967208 ], [ -123.67162419, 46.2968414 ], [ -123.67142632, 46.29693473 ], [ -123.67127592, 46.297028 ], [ -123.67105419, 46.2971212 ], [ -123.67093552, 46.29720353 ], [ -123.67080092, 46.2973022 ], [ -123.67064252, 46.297368 ], [ -123.67046039, 46.29741733 ], [ -123.67027052, 46.2974228 ], [ -123.67017558, 46.2974392 ], [ -123.66997759, 46.29745573 ], [ -123.66970859, 46.2974666 ], [ -123.66962939, 46.29744473 ], [ -123.66948692, 46.2973678 ], [ -123.66944738, 46.2973184 ], [ -123.66945532, 46.29719233 ], [ -123.66948699, 46.29696193 ], [ -123.66952659, 46.29682473 ], [ -123.66955839, 46.29667113 ], [ -123.66953459, 46.29652293 ], [ -123.66953479, 46.2963968 ], [ -123.66947939, 46.2962102 ], [ -123.66930532, 46.2960292 ], [ -123.66917079, 46.29590853 ], [ -123.66896492, 46.2957932 ], [ -123.66878319, 46.2957438 ], [ -123.66851392, 46.29569993 ], [ -123.66831605, 46.29562313 ], [ -123.66814199, 46.29559013 ], [ -123.66803119, 46.2955956 ], [ -123.66783332, 46.29561753 ], [ -123.66765912, 46.2956778 ], [ -123.66745332, 46.295782 ], [ -123.66719212, 46.2958972 ], [ -123.66696252, 46.29601233 ], [ -123.66674872, 46.29610553 ], [ -123.66699418, 46.2960562 ], [ -123.66723958, 46.295974 ], [ -123.66747699, 46.29586433 ], [ -123.66772232, 46.29578213 ], [ -123.66789652, 46.29572173 ], [ -123.66807852, 46.2957108 ], [ -123.66825272, 46.29570533 ], [ -123.66850592, 46.29574933 ], [ -123.66868805, 46.29581513 ], [ -123.66876718, 46.29583713 ], [ -123.66899658, 46.29596333 ], [ -123.66917079, 46.296095 ], [ -123.66928152, 46.29618833 ], [ -123.66934472, 46.29640233 ], [ -123.66939212, 46.29658333 ], [ -123.66939999, 46.29669853 ], [ -123.66936832, 46.296907 ], [ -123.66930499, 46.29709353 ], [ -123.66925752, 46.29726353 ], [ -123.66926532, 46.29738433 ], [ -123.66935239, 46.297483 ], [ -123.66950272, 46.2975324 ], [ -123.66974812, 46.2975654 ], [ -123.67000932, 46.29757093 ], [ -123.67016759, 46.29753253 ], [ -123.67041299, 46.29754353 ], [ -123.67059499, 46.297527 ], [ -123.67076905, 46.2974832 ], [ -123.67099872, 46.29737353 ], [ -123.67120459, 46.2972364 ], [ -123.67142612, 46.2971048 ], [ -123.67155279, 46.297028 ], [ -123.67176659, 46.29692373 ], [ -123.67198032, 46.296825 ], [ -123.67219399, 46.2967318 ], [ -123.67242359, 46.29664953 ], [ -123.67263732, 46.2965508 ], [ -123.67276392, 46.296474 ], [ -123.67292219, 46.29632593 ], [ -123.67307279, 46.29616133 ], [ -123.67315192, 46.2960516 ], [ -123.67325479, 46.29588713 ], [ -123.67336559, 46.29573353 ], [ -123.67341312, 46.29567873 ], [ -123.67356352, 46.29561833 ], [ -123.67380099, 46.2955634 ], [ -123.67406219, 46.29549213 ], [ -123.67429172, 46.29543733 ], [ -123.67455285, 46.2953606 ], [ -123.67481419, 46.29532773 ], [ -123.67498032, 46.29530573 ], [ -123.67524139, 46.2952948 ], [ -123.67547892, 46.2953058 ], [ -123.67571639, 46.29536073 ], [ -123.67588259, 46.29539913 ], [ -123.67604092, 46.295454 ], [ -123.67620712, 46.2955802 ], [ -123.67635739, 46.29572833 ], [ -123.67646819, 46.2958984 ], [ -123.67656319, 46.29606853 ], [ -123.67665812, 46.2962276 ], [ -123.67688772, 46.29637573 ], [ -123.67696672, 46.296447 ], [ -123.67712499, 46.29648 ], [ -123.67728332, 46.29648553 ], [ -123.67753659, 46.29642513 ], [ -123.67778992, 46.2963812 ], [ -123.67808272, 46.29634293 ], [ -123.67835192, 46.2962936 ], [ -123.67859719, 46.29626613 ], [ -123.67885839, 46.2962332 ], [ -123.67900092, 46.29622233 ], [ -123.67912752, 46.2962388 ], [ -123.67925419, 46.2962826 ], [ -123.67940452, 46.2963266 ], [ -123.67955492, 46.2964088 ], [ -123.67973685, 46.29657893 ], [ -123.67991892, 46.2967106 ], [ -123.68014059, 46.29690813 ], [ -123.68016432, 46.2969356 ], [ -123.68021172, 46.296963 ], [ -123.68025932, 46.296974 ], [ -123.68031472, 46.29698486 ], [ -123.68038592, 46.29698487 ], [ -123.68048079, 46.29696853 ], [ -123.68053632, 46.29695753 ], [ -123.68061545, 46.29693013 ], [ -123.68071059, 46.2968698 ], [ -123.68072632, 46.2968368 ], [ -123.68071059, 46.2967764 ], [ -123.68067879, 46.2967162 ], [ -123.68065499, 46.2966284 ], [ -123.68067079, 46.29656253 ], [ -123.68068672, 46.29652413 ], [ -123.68075799, 46.2964802 ], [ -123.68087672, 46.2964528 ], [ -123.68107459, 46.2964638 ], [ -123.68132779, 46.2965022 ], [ -123.68145439, 46.2965516 ], [ -123.68168392, 46.2966724 ], [ -123.68249132, 46.29701786 ], [ -123.68257839, 46.2970454 ], [ -123.68301372, 46.2970728 ], [ -123.68321152, 46.2971222 ], [ -123.68421672, 46.29750633 ], [ -123.68559399, 46.298 ], [ -123.68591839, 46.29815373 ], [ -123.68603719, 46.29823053 ], [ -123.68621132, 46.29840053 ], [ -123.68679712, 46.2987462 ], [ -123.68728779, 46.29908633 ], [ -123.68735906, 46.29918513 ], [ -123.68739872, 46.2993112 ], [ -123.68745399, 46.2994264 ], [ -123.68750152, 46.29964593 ], [ -123.68733539, 46.30002993 ], [ -123.68733539, 46.30041393 ], [ -123.68726412, 46.30065533 ], [ -123.68724039, 46.3007376 ], [ -123.68716506, 46.30089647 ], [ -123.68675935, 46.30144501 ], [ -123.68665035, 46.30159301 ], [ -123.68660835, 46.30164901 ], [ -123.68654889, 46.30173009 ], [ -123.68652012, 46.301758 ], [ -123.68615612, 46.3020104 ], [ -123.68581572, 46.30227373 ], [ -123.68538819, 46.30262486 ], [ -123.68490539, 46.30291 ], [ -123.68446212, 46.3031624 ], [ -123.68416119, 46.30350253 ], [ -123.68413752, 46.3035684 ], [ -123.68409012, 46.303722 ], [ -123.68401879, 46.30394686 ], [ -123.68403459, 46.3044078 ], [ -123.68386825, 46.30491253 ], [ -123.68364672, 46.3054118 ], [ -123.68348052, 46.30587253 ], [ -123.68335385, 46.30633873 ], [ -123.68332539, 46.30644838 ], [ -123.68322712, 46.306827 ], [ -123.68309252, 46.30720013 ], [ -123.68293419, 46.30753467 ], [ -123.68278379, 46.307831 ], [ -123.68259379, 46.30814913 ], [ -123.68237212, 46.30838513 ], [ -123.68207919, 46.3087856 ], [ -123.68203959, 46.30875813 ], [ -123.68173879, 46.30827533 ], [ -123.68171512, 46.308204 ], [ -123.68171499, 46.30809433 ], [ -123.68176259, 46.30795173 ], [ -123.68174672, 46.3077816 ], [ -123.68169132, 46.3076718 ], [ -123.68163592, 46.307606 ], [ -123.68150132, 46.3075292 ], [ -123.68142219, 46.3075018 ], [ -123.68125592, 46.30751273 ], [ -123.68108972, 46.30755113 ], [ -123.68086799, 46.30766633 ], [ -123.68078886, 46.3077102 ], [ -123.68070959, 46.30775413 ], [ -123.68059892, 46.307787 ], [ -123.68029012, 46.3078308 ], [ -123.68017919, 46.3078254 ], [ -123.67980712, 46.30771013 ], [ -123.67952219, 46.30772113 ], [ -123.67926092, 46.30772113 ], [ -123.67894426, 46.3076168 ], [ -123.67886512, 46.30761673 ], [ -123.67888092, 46.3076882 ], [ -123.67912639, 46.30778693 ], [ -123.67924512, 46.30781993 ], [ -123.67971212, 46.30781993 ], [ -123.68032172, 46.3079296 ], [ -123.68055132, 46.3079022 ], [ -123.68082039, 46.307809 ], [ -123.68131132, 46.3076828 ], [ -123.68141419, 46.3076828 ], [ -123.68151712, 46.3077102 ], [ -123.68158052, 46.3077706 ], [ -123.68160432, 46.3078254 ], [ -123.68159632, 46.3079352 ], [ -123.68155672, 46.308012 ], [ -123.68157252, 46.308193 ], [ -123.68171499, 46.30847293 ], [ -123.68180212, 46.3086978 ], [ -123.68193672, 46.30887333 ], [ -123.68199999, 46.30893373 ], [ -123.68209499, 46.30902153 ], [ -123.68209499, 46.30937253 ], [ -123.68196812, 46.3095316 ], [ -123.68179419, 46.3097566 ], [ -123.68171492, 46.3098498 ], [ -123.68137452, 46.31016253 ], [ -123.68134292, 46.31019553 ], [ -123.68117659, 46.310338 ], [ -123.68091532, 46.31055753 ], [ -123.68066979, 46.3108098 ], [ -123.68032939, 46.3112322 ], [ -123.68016319, 46.3114242 ], [ -123.67989392, 46.311715 ], [ -123.67964052, 46.31197833 ], [ -123.67945059, 46.31214833 ], [ -123.67938719, 46.3122306 ], [ -123.67933959, 46.3122636 ], [ -123.67922892, 46.3124116 ], [ -123.67906253, 46.3125488 ], [ -123.67881712, 46.3126914 ], [ -123.67834992, 46.3129108 ], [ -123.67791452, 46.3130864 ], [ -123.67667932, 46.3134812 ], [ -123.67627552, 46.3135964 ], [ -123.67595879, 46.31370613 ], [ -123.67557092, 46.3137664 ], [ -123.67534919, 46.3137554 ], [ -123.67498499, 46.3137334 ], [ -123.67469999, 46.31366213 ], [ -123.67441499, 46.313481 ], [ -123.67406672, 46.31311893 ], [ -123.67393219, 46.3129708 ], [ -123.67381339, 46.31281173 ], [ -123.67363139, 46.31249893 ], [ -123.67344152, 46.312093 ], [ -123.67329912, 46.3117528 ], [ -123.67318819, 46.31144013 ], [ -123.67314079, 46.3113468 ], [ -123.67313279, 46.3112974 ], [ -123.67301419, 46.3109902 ], [ -123.67299839, 46.31089693 ], [ -123.67295092, 46.31078173 ], [ -123.67288759, 46.3103264 ], [ -123.67286392, 46.31026053 ], [ -123.67285599, 46.3101618 ], [ -123.67278479, 46.30987653 ], [ -123.67277692, 46.30972833 ], [ -123.67272159, 46.30945413 ], [ -123.67272179, 46.308878 ], [ -123.67274552, 46.30875193 ], [ -123.67280892, 46.30855993 ], [ -123.67285639, 46.30829113 ], [ -123.67288812, 46.30816493 ], [ -123.67297512, 46.30797273 ], [ -123.67296732, 46.30788513 ], [ -123.67294352, 46.3078302 ], [ -123.67286439, 46.30773153 ], [ -123.67269032, 46.3075998 ], [ -123.67245279, 46.3074626 ], [ -123.67216792, 46.30736933 ], [ -123.67194619, 46.30732533 ], [ -123.67183539, 46.3073254 ], [ -123.67162159, 46.3073418 ], [ -123.67134459, 46.307435 ], [ -123.67101999, 46.30748433 ], [ -123.67039452, 46.3077476 ], [ -123.66987992, 46.3079286 ], [ -123.66948399, 46.30815893 ], [ -123.66925439, 46.308318 ], [ -123.66913559, 46.3084112 ], [ -123.66880299, 46.30871293 ], [ -123.66849412, 46.30902013 ], [ -123.66828039, 46.30926693 ], [ -123.66825659, 46.3092998 ], [ -123.66816159, 46.309426 ], [ -123.66797139, 46.30963993 ], [ -123.66779732, 46.3097716 ], [ -123.66763905, 46.30994893 ], [ -123.66763099, 46.309958 ], [ -123.66748052, 46.31018293 ], [ -123.66742499, 46.31023233 ], [ -123.66730632, 46.3103584 ], [ -123.66729039, 46.3103694 ], [ -123.66698952, 46.3105998 ], [ -123.66641139, 46.31099473 ], [ -123.66630059, 46.31104953 ], [ -123.66619759, 46.31109893 ], [ -123.66580172, 46.31131833 ], [ -123.66569879, 46.31140053 ], [ -123.66565919, 46.3114664 ], [ -123.66560372, 46.31165293 ], [ -123.66548479, 46.31188873 ], [ -123.66547692, 46.31190533 ], [ -123.66539772, 46.31210273 ], [ -123.66536599, 46.3123112 ], [ -123.66537372, 46.31266233 ], [ -123.66542119, 46.31294213 ], [ -123.66551599, 46.3131506 ], [ -123.66555559, 46.3132548 ], [ -123.66569012, 46.31349633 ], [ -123.66589592, 46.31394613 ], [ -123.66597499, 46.3141382 ], [ -123.66599859, 46.31446733 ], [ -123.66604599, 46.3146922 ], [ -123.66610132, 46.3148294 ], [ -123.66619639, 46.31499953 ], [ -123.66626759, 46.31509833 ], [ -123.66640212, 46.31520253 ], [ -123.66648132, 46.3153232 ], [ -123.66651292, 46.31539453 ], [ -123.66648132, 46.3154494 ], [ -123.66638619, 46.31548233 ], [ -123.66619619, 46.3154768 ], [ -123.66608539, 46.31543833 ], [ -123.66600619, 46.31538893 ], [ -123.66583219, 46.3152244 ], [ -123.66567372, 46.31514753 ], [ -123.66561052, 46.3151256 ], [ -123.66540459, 46.31513653 ], [ -123.66523039, 46.31517493 ], [ -123.66491359, 46.31541073 ], [ -123.66473932, 46.31547653 ], [ -123.66458099, 46.3154764 ], [ -123.66430392, 46.31536673 ], [ -123.66399526, 46.31530633 ], [ -123.66370219, 46.31531173 ], [ -123.66367839, 46.31541053 ], [ -123.66370219, 46.3154544 ], [ -123.66390012, 46.3155586 ], [ -123.66410599, 46.31562453 ], [ -123.66435132, 46.31565753 ], [ -123.66469179, 46.3156356 ], [ -123.66488192, 46.3155918 ], [ -123.66525412, 46.31538333 ], [ -123.66538872, 46.315334 ], [ -123.66555492, 46.315345 ], [ -123.66566579, 46.31536153 ], [ -123.66580819, 46.3154492 ], [ -123.66602979, 46.31571813 ], [ -123.66615652, 46.31582793 ], [ -123.66625139, 46.3158608 ], [ -123.66671079, 46.31583353 ], [ -123.66690079, 46.31588293 ], [ -123.66704332, 46.31598173 ], [ -123.66715399, 46.31612433 ], [ -123.66731232, 46.31643153 ], [ -123.66771572, 46.31733687 ], [ -123.66775539, 46.31751793 ], [ -123.66783439, 46.31785253 ], [ -123.66788179, 46.31811033 ], [ -123.66785813, 46.3182366 ], [ -123.66782639, 46.31834633 ], [ -123.66780259, 46.3184834 ], [ -123.66772319, 46.31877973 ], [ -123.66744599, 46.31952033 ], [ -123.66731119, 46.31977813 ], [ -123.66725579, 46.3199042 ], [ -123.66695479, 46.32043633 ], [ -123.66673299, 46.32074353 ], [ -123.66662992, 46.3208642 ], [ -123.66655072, 46.32092453 ], [ -123.66624979, 46.3212262 ], [ -123.66621072, 46.32126407 ], [ -123.66621012, 46.3212646 ], [ -123.66609132, 46.32136333 ], [ -123.66581412, 46.3215772 ], [ -123.66575859, 46.321643 ], [ -123.66531512, 46.32198853 ], [ -123.66510912, 46.32210373 ], [ -123.66471312, 46.3222902 ], [ -123.66419053, 46.3224272 ], [ -123.66392119, 46.32247113 ], [ -123.66362832, 46.322482 ], [ -123.66304219, 46.3224764 ], [ -123.66289972, 46.3224654 ], [ -123.66159319, 46.3223608 ], [ -123.66103099, 46.32228393 ], [ -123.66058759, 46.322196 ], [ -123.65941579, 46.32182273 ], [ -123.65870326, 46.32156473 ], [ -123.65815699, 46.321389 ], [ -123.65768992, 46.3212134 ], [ -123.65700119, 46.320884 ], [ -123.65648659, 46.32061513 ], [ -123.65567119, 46.3202472 ], [ -123.65476879, 46.319841 ], [ -123.65438092, 46.3196544 ], [ -123.65382679, 46.3194074 ], [ -123.65354972, 46.31925373 ], [ -123.65309852, 46.3190616 ], [ -123.65243345, 46.31882 ], [ -123.65199019, 46.31868813 ], [ -123.65178419, 46.31866073 ], [ -123.65148352, 46.3186112 ], [ -123.65100839, 46.3185946 ], [ -123.65051739, 46.31865474 ], [ -123.65005019, 46.3187534 ], [ -123.64983639, 46.3188356 ], [ -123.64959872, 46.3189562 ], [ -123.64920272, 46.3192468 ], [ -123.64893332, 46.31951014 ], [ -123.64877479, 46.3196966 ], [ -123.64848159, 46.3199982 ], [ -123.64821999, 46.32037674 ], [ -123.64803772, 46.32072774 ], [ -123.64782352, 46.32127634 ], [ -123.64779172, 46.321567 ], [ -123.64778365, 46.32170974 ], [ -123.64778332, 46.32231314 ], [ -123.64775939, 46.32245574 ], [ -123.64774332, 46.3228726 ], [ -123.64772732, 46.3230318 ], [ -123.64768759, 46.3231414 ], [ -123.64757672, 46.32331153 ], [ -123.64754499, 46.3233828 ], [ -123.64735472, 46.32368994 ], [ -123.64702159, 46.32433174 ], [ -123.64679972, 46.3246662 ], [ -123.64676012, 46.32474854 ], [ -123.64656199, 46.32503934 ], [ -123.64630832, 46.325319 ], [ -123.64595952, 46.32583454 ], [ -123.64593579, 46.3259058 ], [ -123.64581679, 46.32609234 ], [ -123.64570579, 46.32632274 ], [ -123.64560272, 46.3265256 ], [ -123.64526952, 46.327332 ], [ -123.64525359, 46.3274032 ], [ -123.64522179, 46.3274636 ], [ -123.64521392, 46.32751854 ], [ -123.64516619, 46.32772694 ], [ -123.64516612, 46.3279902 ], [ -123.64519772, 46.328089 ], [ -123.64521339, 46.32816034 ], [ -123.64526879, 46.3283194 ], [ -123.64559312, 46.328912 ], [ -123.64563259, 46.32897794 ], [ -123.64571172, 46.3291096 ], [ -123.64576712, 46.3292468 ], [ -123.64575906, 46.32940594 ], [ -123.64560832, 46.32963074 ], [ -123.64547379, 46.32971294 ], [ -123.64524406, 46.3297896 ], [ -123.64488752, 46.32980614 ], [ -123.64423812, 46.3298112 ], [ -123.64333532, 46.32989874 ], [ -123.64267792, 46.3300082 ], [ -123.64171932, 46.3302602 ], [ -123.64122832, 46.3303532 ], [ -123.64024612, 46.33045714 ], [ -123.63935919, 46.33044034 ], [ -123.63849592, 46.3304124 ], [ -123.63783079, 46.3303244 ], [ -123.63737939, 46.3302474 ], [ -123.63695972, 46.330132 ], [ -123.63600152, 46.3299944 ], [ -123.63494032, 46.32992814 ], [ -123.63456812, 46.32993894 ], [ -123.63428292, 46.3300046 ], [ -123.63395019, 46.33011974 ], [ -123.63369659, 46.3303226 ], [ -123.63361739, 46.33045421 ], [ -123.63359352, 46.33049261 ], [ -123.63356972, 46.33055294 ], [ -123.63348212, 46.33111254 ], [ -123.63345032, 46.33119474 ], [ -123.63344179, 46.3317104 ], [ -123.63348152, 46.3317982 ], [ -123.63350512, 46.33190794 ], [ -123.63358419, 46.3320068 ], [ -123.63386912, 46.3322208 ], [ -123.63428072, 46.3324788 ], [ -123.63450232, 46.3326106 ], [ -123.63471599, 46.33276434 ], [ -123.63483472, 46.33287954 ], [ -123.63509592, 46.3330936 ], [ -123.63524619, 46.3332418 ], [ -123.63550739, 46.33348894 ], [ -123.63568139, 46.33375774 ], [ -123.63572099, 46.33384554 ], [ -123.63572859, 46.33409794 ], [ -123.63570479, 46.3342076 ], [ -123.63564919, 46.33428994 ], [ -123.63545912, 46.3344708 ], [ -123.63531639, 46.334586 ], [ -123.63471412, 46.33491494 ], [ -123.63450812, 46.33498614 ], [ -123.63387419, 46.33521621 ], [ -123.63329592, 46.33541894 ], [ -123.63250359, 46.335627 ], [ -123.63209172, 46.33569274 ], [ -123.63135512, 46.33573074 ], [ -123.63069772, 46.33571941 ], [ -123.63008792, 46.3356588 ], [ -123.62912952, 46.3356034 ], [ -123.62840092, 46.33559201 ], [ -123.62823459, 46.33558654 ], [ -123.62788612, 46.33556441 ], [ -123.62692792, 46.33542674 ], [ -123.62627039, 46.33541554 ], [ -123.62618872, 46.33541481 ], [ -123.62607779, 46.33543134 ], [ -123.62592732, 46.33550274 ], [ -123.62586352, 46.33553921 ], [ -123.62565832, 46.33565641 ], [ -123.62540492, 46.33580474 ], [ -123.62523879, 46.3359364 ], [ -123.62508059, 46.33609574 ], [ -123.62502519, 46.33616154 ], [ -123.62493425, 46.33629167 ], [ -123.62476432, 46.33653474 ], [ -123.62470899, 46.33668841 ], [ -123.62470959, 46.33712734 ], [ -123.62473339, 46.33722054 ], [ -123.62474152, 46.33736314 ], [ -123.62484499, 46.337802 ], [ -123.62484519, 46.33797754 ], [ -123.62485412, 46.33874001 ], [ -123.62483052, 46.33892114 ], [ -123.62483899, 46.33942034 ], [ -123.62487892, 46.33962334 ], [ -123.62488712, 46.33985374 ], [ -123.62485559, 46.34003474 ], [ -123.62476859, 46.34015001 ], [ -123.62464212, 46.34028181 ], [ -123.62438879, 46.34046301 ], [ -123.62374752, 46.34081441 ], [ -123.62350219, 46.34091334 ], [ -123.62324487, 46.34097153 ], [ -123.62316172, 46.34099034 ], [ -123.62280519, 46.34100694 ], [ -123.62248039, 46.34098514 ], [ -123.62229012, 46.34094134 ], [ -123.62190992, 46.34080441 ], [ -123.62175065, 46.34072104 ], [ -123.62135512, 46.34051401 ], [ -123.62082379, 46.34013574 ], [ -123.62048299, 46.33993294 ], [ -123.61995999, 46.33969181 ], [ -123.61962712, 46.33959314 ], [ -123.61913599, 46.33954401 ], [ -123.61857359, 46.33954981 ], [ -123.61831232, 46.33958294 ], [ -123.61795592, 46.33970374 ], [ -123.61779759, 46.33978614 ], [ -123.61765519, 46.33988494 ], [ -123.61756819, 46.34000561 ], [ -123.61753652, 46.34005501 ], [ -123.61753659, 46.34018121 ], [ -123.61756839, 46.34028001 ], [ -123.61767959, 46.34050481 ], [ -123.61775892, 46.34061454 ], [ -123.61785412, 46.34071874 ], [ -123.61826632, 46.34105861 ], [ -123.61841129, 46.34116377 ], [ -123.61859139, 46.34129441 ], [ -123.61914619, 46.34158481 ], [ -123.61943939, 46.34177674 ], [ -123.61947912, 46.34179874 ], [ -123.61985172, 46.34208921 ], [ -123.62004212, 46.34227574 ], [ -123.62037506, 46.34257714 ], [ -123.62056552, 46.34279654 ], [ -123.62060512, 46.34286781 ], [ -123.62078752, 46.34307074 ], [ -123.62081939, 46.34312561 ], [ -123.62089072, 46.34319694 ], [ -123.62116832, 46.34357521 ], [ -123.62126359, 46.34373434 ], [ -123.62143039, 46.34412921 ], [ -123.62145432, 46.34417314 ], [ -123.62145439, 46.34434861 ], [ -123.62133572, 46.34444754 ], [ -123.62105859, 46.34452994 ], [ -123.62068632, 46.34461241 ], [ -123.61978332, 46.34469514 ], [ -123.61964872, 46.34474454 ], [ -123.61912619, 46.34510694 ], [ -123.61816832, 46.34566154 ], [ -123.61782779, 46.34583174 ], [ -123.61721852, 46.34637514 ], [ -123.61715512, 46.34644641 ], [ -123.61690192, 46.34664961 ], [ -123.61674372, 46.34686361 ], [ -123.61662499, 46.34707761 ], [ -123.61647479, 46.34739594 ], [ -123.61642739, 46.34753307 ], [ -123.61642792, 46.34801581 ], [ -123.61648379, 46.34844381 ], [ -123.61652352, 46.34853154 ], [ -123.61653959, 46.34864121 ], [ -123.61658712, 46.34871801 ], [ -123.61661099, 46.34880034 ], [ -123.61666659, 46.34890994 ], [ -123.61675412, 46.34923354 ], [ -123.61677792, 46.34929394 ], [ -123.61676259, 46.34988641 ], [ -123.61674672, 46.34994121 ], [ -123.61672319, 46.35007841 ], [ -123.61664432, 46.35034181 ], [ -123.61657319, 46.35049001 ], [ -123.61616179, 46.35106074 ], [ -123.61606679, 46.35117054 ], [ -123.61582939, 46.35143941 ], [ -123.61547319, 46.35178521 ], [ -123.61525152, 46.35195541 ], [ -123.61470519, 46.35228481 ], [ -123.61437259, 46.35245501 ], [ -123.61361232, 46.35276814 ], [ -123.61270952, 46.35315801 ], [ -123.61227399, 46.35336661 ], [ -123.61187799, 46.35363021 ], [ -123.611860798528795, 46.353644109702991 ], [ -123.612264, 46.353642 ], [ -123.612266339373846, 46.353848369469837 ], [ -123.61230599, 46.35381654 ], [ -123.61270979, 46.35354754 ], [ -123.61325639, 46.35328941 ], [ -123.61377112, 46.35310814 ], [ -123.61383439, 46.35306421 ], [ -123.61431759, 46.35289941 ], [ -123.61468192, 46.35279501 ], [ -123.61498279, 46.35260834 ], [ -123.61564792, 46.35215274 ], [ -123.61585372, 46.35198801 ], [ -123.61604359, 46.35177394 ], [ -123.61631279, 46.35151054 ], [ -123.61645519, 46.35135681 ], [ -123.61653419, 46.35121961 ], [ -123.61657372, 46.35109341 ], [ -123.61669232, 46.35085207 ], [ -123.61686619, 46.35048981 ], [ -123.61711932, 46.35013861 ], [ -123.61720639, 46.34997394 ], [ -123.61726952, 46.34974901 ], [ -123.61725339, 46.34954594 ], [ -123.61716599, 46.34916754 ], [ -123.61714999, 46.34912374 ], [ -123.61704672, 46.34874521 ], [ -123.61699099, 46.34854774 ], [ -123.61695132, 46.34848194 ], [ -123.61694325, 46.34842161 ], [ -123.61688772, 46.34827894 ], [ -123.61686379, 46.34815821 ], [ -123.61680792, 46.34780174 ], [ -123.61683152, 46.34756581 ], [ -123.61686312, 46.34741214 ], [ -123.61691039, 46.34729701 ], [ -123.61702112, 46.34709941 ], [ -123.61710819, 46.34697874 ], [ -123.61713192, 46.34692374 ], [ -123.61723472, 46.34679754 ], [ -123.61735339, 46.34662741 ], [ -123.61745619, 46.34651214 ], [ -123.61766999, 46.34636394 ], [ -123.61791539, 46.34622121 ], [ -123.61818459, 46.34604001 ], [ -123.61868332, 46.34573801 ], [ -123.61907912, 46.34552934 ], [ -123.61991059, 46.34512854 ], [ -123.62062319, 46.34491961 ], [ -123.62088459, 46.34486461 ], [ -123.62135199, 46.34486981 ], [ -123.62161352, 46.34489714 ], [ -123.62193832, 46.34487501 ], [ -123.62207292, 46.34483114 ], [ -123.62214399, 46.34476521 ], [ -123.62216779, 46.34471034 ], [ -123.62216759, 46.34455121 ], [ -123.62204839, 46.34423314 ], [ -123.62197699, 46.34414541 ], [ -123.62184999, 46.34386561 ], [ -123.62154839, 46.34343794 ], [ -123.62150879, 46.34335561 ], [ -123.62139752, 46.34307041 ], [ -123.62130232, 46.34287854 ], [ -123.62111972, 46.34263721 ], [ -123.62073925, 46.34229181 ], [ -123.62021572, 46.34179834 ], [ -123.61999379, 46.34161734 ], [ -123.61995412, 46.34157341 ], [ -123.61937539, 46.34116234 ], [ -123.61869372, 46.34077861 ], [ -123.61840039, 46.34057581 ], [ -123.61828152, 46.34041134 ], [ -123.61825759, 46.34032354 ], [ -123.61826539, 46.34016994 ], [ -123.61831279, 46.34004374 ], [ -123.61834439, 46.33998881 ], [ -123.61851859, 46.33990101 ], [ -123.61862945, 46.33985154 ], [ -123.61874819, 46.33982401 ], [ -123.61907292, 46.33982381 ], [ -123.61920759, 46.33985134 ], [ -123.61965139, 46.34001554 ], [ -123.62040439, 46.34043761 ], [ -123.62110199, 46.34088161 ], [ -123.62138732, 46.34105154 ], [ -123.62162512, 46.34116661 ], [ -123.62198959, 46.34129261 ], [ -123.62231452, 46.34134734 ], [ -123.62252832, 46.34136361 ], [ -123.62340759, 46.34134121 ], [ -123.62344422, 46.34133561 ], [ -123.62373232, 46.34129161 ], [ -123.62394612, 46.3412258 ], [ -123.62402532, 46.34119821 ], [ -123.62462692, 46.34091814 ], [ -123.62492772, 46.34074794 ], [ -123.62501492, 46.34068754 ], [ -123.62502659, 46.34067879 ], [ -123.62521259, 46.34053934 ], [ -123.62533932, 46.34041854 ], [ -123.62538672, 46.34031421 ], [ -123.62541819, 46.34018261 ], [ -123.62541799, 46.34001801 ], [ -123.62542579, 46.33995761 ], [ -123.62538612, 46.33985354 ], [ -123.62537882, 46.33983651 ], [ -123.62532252, 46.33970534 ], [ -123.62527479, 46.33951334 ], [ -123.62528259, 46.33940914 ], [ -123.62529039, 46.33926101 ], [ -123.62529819, 46.33915674 ], [ -123.62534552, 46.339058 ], [ -123.62542459, 46.33887141 ], [ -123.62546399, 46.33873974 ], [ -123.62549539, 46.33856414 ], [ -123.62551112, 46.33837761 ], [ -123.62550259, 46.3380046 ], [ -123.62549439, 46.33774134 ], [ -123.62542279, 46.3374066 ], [ -123.62539872, 46.33719274 ], [ -123.62536692, 46.33705561 ], [ -123.62537472, 46.3369568 ], [ -123.62535839, 46.33657281 ], [ -123.62537412, 46.33649054 ], [ -123.62541359, 46.3364026 ], [ -123.62551652, 46.33628741 ], [ -123.62566672, 46.33612821 ], [ -123.62588039, 46.335958 ], [ -123.62599119, 46.33588121 ], [ -123.62610999, 46.33583734 ], [ -123.62618919, 46.3358372 ], [ -123.62626999, 46.33584881 ], [ -123.62688779, 46.33585474 ], [ -123.62795699, 46.33588814 ], [ -123.62954892, 46.33601514 ], [ -123.62987372, 46.33603174 ], [ -123.63077659, 46.336087 ], [ -123.63126752, 46.33614761 ], [ -123.63195659, 46.33618634 ], [ -123.63222592, 46.33621394 ], [ -123.63242392, 46.33620301 ], [ -123.63262992, 46.33614274 ], [ -123.63297072, 46.33597834 ], [ -123.63386599, 46.33568254 ], [ -123.63388106, 46.33567727 ], [ -123.63388185, 46.335677 ], [ -123.63436499, 46.33550174 ], [ -123.63529219, 46.3350742 ], [ -123.63551412, 46.3349372 ], [ -123.63567259, 46.33478914 ], [ -123.63592632, 46.334493 ], [ -123.63593419, 46.334482 ], [ -123.63608492, 46.33426814 ], [ -123.63621179, 46.3340322 ], [ -123.63621212, 46.3338512 ], [ -123.63589579, 46.33319834 ], [ -123.63577712, 46.33302814 ], [ -123.63550819, 46.33269341 ], [ -123.63542899, 46.33261654 ], [ -123.63534199, 46.33249034 ], [ -123.63515999, 46.33230374 ], [ -123.63474852, 46.3319908 ], [ -123.63450312, 46.33184801 ], [ -123.63421812, 46.33170534 ], [ -123.63401232, 46.3315516 ], [ -123.63394899, 46.3314912 ], [ -123.63388579, 46.33137054 ], [ -123.63383839, 46.33114554 ], [ -123.63389399, 46.33094254 ], [ -123.63395752, 46.33080554 ], [ -123.63413192, 46.33066294 ], [ -123.63433799, 46.3305258 ], [ -123.63455192, 46.33042174 ], [ -123.63478952, 46.33035054 ], [ -123.63513012, 46.33037814 ], [ -123.63580312, 46.3305594 ], [ -123.63642059, 46.33067494 ], [ -123.63690385, 46.33072454 ], [ -123.63838472, 46.3308074 ], [ -123.63903412, 46.3308406 ], [ -123.63949339, 46.3309286 ], [ -123.64007939, 46.3309892 ], [ -123.64090312, 46.33091274 ], [ -123.64221012, 46.33062254 ], [ -123.64297052, 46.33048554 ], [ -123.64380219, 46.33039274 ], [ -123.64478419, 46.33032174 ], [ -123.64551292, 46.33021774 ], [ -123.64585359, 46.3301246 ], [ -123.64609912, 46.32999854 ], [ -123.64621012, 46.3299272 ], [ -123.64630519, 46.32979 ], [ -123.64634479, 46.32966394 ], [ -123.64633712, 46.3294774 ], [ -123.64625012, 46.329236 ], [ -123.64621072, 46.3290988 ], [ -123.64614752, 46.328786 ], [ -123.64610052, 46.3279632 ], [ -123.64607692, 46.327815 ], [ -123.64609305, 46.327409 ], [ -123.64614072, 46.32718413 ], [ -123.64615659, 46.32710193 ], [ -123.64616392, 46.32705647 ], [ -123.64616459, 46.32705254 ], [ -123.64617259, 46.3269592 ], [ -123.64621232, 46.3267562 ], [ -123.64626792, 46.3266026 ], [ -123.64628372, 46.32654234 ], [ -123.64634719, 46.32637774 ], [ -123.64634805, 46.32637554 ], [ -123.64640272, 46.32623514 ], [ -123.64663252, 46.3258676 ], [ -123.64680692, 46.32563194 ], [ -123.64683072, 46.32558794 ], [ -123.64689412, 46.32552214 ], [ -123.64694172, 46.3254508 ], [ -123.64724292, 46.3250944 ], [ -123.64729839, 46.32505054 ], [ -123.64762332, 46.3246446 ], [ -123.64765499, 46.3245898 ], [ -123.64771052, 46.32454594 ], [ -123.64782139, 46.32440334 ], [ -123.64789272, 46.3242826 ], [ -123.64793252, 46.32422773 ], [ -123.64797199, 46.32415653 ], [ -123.64813859, 46.3239042 ], [ -123.64821779, 46.3237396 ], [ -123.64828132, 46.32352574 ], [ -123.64836072, 46.32314714 ], [ -123.64844012, 46.32292767 ], [ -123.64844032, 46.3226424 ], [ -123.64841652, 46.3225986 ], [ -123.64840879, 46.3223626 ], [ -123.64838512, 46.32230234 ], [ -123.64839319, 46.32199514 ], [ -123.64842499, 46.3217318 ], [ -123.64852019, 46.3214246 ], [ -123.64855192, 46.32136434 ], [ -123.64858359, 46.3212546 ], [ -123.64883739, 46.32069514 ], [ -123.64891672, 46.32057994 ], [ -123.64894052, 46.320525 ], [ -123.64906732, 46.320355 ], [ -123.64912279, 46.32024534 ], [ -123.64925752, 46.32008074 ], [ -123.64945572, 46.3198668 ], [ -123.64988332, 46.3195762 ], [ -123.65008939, 46.3194666 ], [ -123.65060412, 46.3192748 ], [ -123.65090499, 46.319209 ], [ -123.65128512, 46.31918727 ], [ -123.65150679, 46.31922013 ], [ -123.65192532, 46.3193352 ], [ -123.65192652, 46.31933553 ], [ -123.65207679, 46.31937393 ], [ -123.65243312, 46.31950573 ], [ -123.65286852, 46.3197198 ], [ -123.65309799, 46.31984614 ], [ -123.65362039, 46.3200766 ], [ -123.65374719, 46.320137 ], [ -123.65397659, 46.32025234 ], [ -123.65502959, 46.3206202 ], [ -123.65509299, 46.32064207 ], [ -123.65595592, 46.320988 ], [ -123.65670012, 46.3213886 ], [ -123.65749959, 46.32174553 ], [ -123.65948692, 46.3224372 ], [ -123.65981939, 46.32251413 ], [ -123.66004112, 46.322547 ], [ -123.66044492, 46.3226348 ], [ -123.66083292, 46.32269534 ], [ -123.66149799, 46.3227558 ], [ -123.66259072, 46.3228658 ], [ -123.66322432, 46.32288793 ], [ -123.66394492, 46.322877 ], [ -123.66444372, 46.3228278 ], [ -123.66526733, 46.32264693 ], [ -123.66601979, 46.32231793 ], [ -123.66629699, 46.32213693 ], [ -123.66668499, 46.3218626 ], [ -123.66698592, 46.32166513 ], [ -123.66707312, 46.3216104 ], [ -123.66718399, 46.32151713 ], [ -123.66737412, 46.32132513 ], [ -123.66748499, 46.32119893 ], [ -123.66756419, 46.32109473 ], [ -123.66769099, 46.3208754 ], [ -123.66780199, 46.32056813 ], [ -123.66805539, 46.3201348 ], [ -123.66808712, 46.320047 ], [ -123.66837232, 46.3195368 ], [ -123.66850699, 46.31936133 ], [ -123.66860212, 46.31925713 ], [ -123.66872879, 46.3191748 ], [ -123.66882379, 46.3191474 ], [ -123.66904552, 46.31921333 ], [ -123.66944132, 46.3194602 ], [ -123.66978173, 46.31961393 ], [ -123.67049433, 46.3198224 ], [ -123.67141279, 46.31998173 ], [ -123.67275093, 46.32012453 ], [ -123.67319439, 46.3202068 ], [ -123.67355852, 46.32031653 ], [ -123.67398613, 46.32054153 ], [ -123.67423152, 46.32074453 ], [ -123.67470659, 46.3211122 ], [ -123.67533199, 46.32149633 ], [ -123.67556959, 46.3216828 ], [ -123.67564879, 46.321809 ], [ -123.67568839, 46.3219516 ], [ -123.67571213, 46.32201753 ], [ -123.67571199, 46.32221493 ], [ -123.67568819, 46.32227533 ], [ -123.67565659, 46.3223302 ], [ -123.67555359, 46.32243993 ], [ -123.67508653, 46.3226702 ], [ -123.67484093, 46.32273053 ], [ -123.67465079, 46.322758 ], [ -123.67442913, 46.32275253 ], [ -123.67393819, 46.3226482 ], [ -123.67365319, 46.3225494 ], [ -123.67335233, 46.32239033 ], [ -123.67281392, 46.32207753 ], [ -123.67251299, 46.3219568 ], [ -123.67143612, 46.32170973 ], [ -123.67109559, 46.32172073 ], [ -123.67073132, 46.32175913 ], [ -123.67050959, 46.32185773 ], [ -123.67031959, 46.32198393 ], [ -123.67018493, 46.322132 ], [ -123.67007399, 46.3223294 ], [ -123.67000273, 46.32253793 ], [ -123.66994719, 46.32287813 ], [ -123.66996279, 46.32344313 ], [ -123.66999433, 46.32418933 ], [ -123.66999433, 46.32458973 ], [ -123.66993879, 46.32494633 ], [ -123.66988319, 46.3251658 ], [ -123.66978019, 46.3253358 ], [ -123.66963759, 46.3255716 ], [ -123.66937612, 46.3259886 ], [ -123.66926533, 46.32611473 ], [ -123.66909899, 46.3262464 ], [ -123.66885339, 46.32638353 ], [ -123.66873459, 46.32643833 ], [ -123.66846539, 46.3265316 ], [ -123.66800593, 46.3268222 ], [ -123.66742779, 46.32726653 ], [ -123.66730893, 46.3273652 ], [ -123.66699199, 46.3275956 ], [ -123.66676233, 46.32772173 ], [ -123.66651679, 46.327793 ], [ -123.66627919, 46.32781493 ], [ -123.66585953, 46.32776 ], [ -123.66556653, 46.3276722 ], [ -123.66517853, 46.32752953 ], [ -123.66438673, 46.3271672 ], [ -123.66395119, 46.32699713 ], [ -123.66373739, 46.3269366 ], [ -123.66303273, 46.3267884 ], [ -123.66272399, 46.3267884 ], [ -123.66228033, 46.32682673 ], [ -123.66215372, 46.32688153 ], [ -123.66201892, 46.32697473 ], [ -123.66197933, 46.3269966 ], [ -123.66182093, 46.3270734 ], [ -123.66176552, 46.3271392 ], [ -123.66174173, 46.3271996 ], [ -123.66176533, 46.3273532 ], [ -123.66181293, 46.3275342 ], [ -123.66179692, 46.3276878 ], [ -123.66154332, 46.32819253 ], [ -123.66147192, 46.3283022 ], [ -123.66132932, 46.32851073 ], [ -123.66118672, 46.32860934 ], [ -123.66109179, 46.32864234 ], [ -123.66088572, 46.32863673 ], [ -123.66069572, 46.3286092 ], [ -123.66056112, 46.32851054 ], [ -123.66047399, 46.32836793 ], [ -123.66034759, 46.32808253 ], [ -123.66018933, 46.32757233 ], [ -123.66014179, 46.32745154 ], [ -123.66009439, 46.32730893 ], [ -123.65998373, 46.327084 ], [ -123.65992832, 46.3270236 ], [ -123.65990452, 46.32696873 ], [ -123.65976219, 46.32673294 ], [ -123.65961159, 46.3266012 ], [ -123.65946132, 46.3265298 ], [ -123.65938212, 46.32651333 ], [ -123.65916819, 46.3265242 ], [ -123.65889892, 46.3266064 ], [ -123.65857419, 46.32673253 ], [ -123.65782953, 46.32713293 ], [ -123.65737019, 46.32746733 ], [ -123.65694233, 46.32771414 ], [ -123.65668099, 46.3278238 ], [ -123.65646712, 46.3278896 ], [ -123.65635632, 46.32790594 ], [ -123.65605532, 46.3278566 ], [ -123.65583359, 46.3277632 ], [ -123.65558019, 46.3275876 ], [ -123.65542199, 46.327434 ], [ -123.65533492, 46.32729134 ], [ -123.65520832, 46.3270608 ], [ -123.65517672, 46.32695114 ], [ -123.65512919, 46.32686874 ], [ -123.65512139, 46.3267974 ], [ -123.65507392, 46.3266712 ], [ -123.65494732, 46.32649574 ], [ -123.65489979, 46.32644633 ], [ -123.65485232, 46.326386 ], [ -123.65468612, 46.3262268 ], [ -123.65463079, 46.32613354 ], [ -123.65449632, 46.3259634 ], [ -123.65434599, 46.32573853 ], [ -123.65422719, 46.32555193 ], [ -123.65418772, 46.32539834 ], [ -123.65418779, 46.32529414 ], [ -123.65423532, 46.3251734 ], [ -123.65425132, 46.32503074 ], [ -123.65421959, 46.3248936 ], [ -123.65416419, 46.32478934 ], [ -123.65399812, 46.3245534 ], [ -123.65388732, 46.32444914 ], [ -123.65377652, 46.3243064 ], [ -123.65372899, 46.32422413 ], [ -123.65334899, 46.32391133 ], [ -123.65306432, 46.3235272 ], [ -123.65290592, 46.32335714 ], [ -123.65280706, 46.32334127 ], [ -123.65280299, 46.3233406 ], [ -123.65278719, 46.32333514 ], [ -123.65278712, 46.3234558 ], [ -123.65285839, 46.32356 ], [ -123.65291372, 46.323604 ], [ -123.65300872, 46.32374114 ], [ -123.65308779, 46.3238234 ], [ -123.65318279, 46.32394974 ], [ -123.65359432, 46.3243338 ], [ -123.65370512, 46.32453134 ], [ -123.65372092, 46.3245752 ], [ -123.65405312, 46.3250472 ], [ -123.65404519, 46.32517333 ], [ -123.65395019, 46.32525554 ], [ -123.65378392, 46.32525554 ], [ -123.65323759, 46.3250524 ], [ -123.65297632, 46.3250084 ], [ -123.65219239, 46.3249258 ], [ -123.65193892, 46.3249258 ], [ -123.65153512, 46.324975 ], [ -123.65120239, 46.3250902 ], [ -123.65085392, 46.3252382 ], [ -123.65058459, 46.3253368 ], [ -123.65044199, 46.32541914 ], [ -123.65045772, 46.32548494 ], [ -123.65045779, 46.3255014 ], [ -123.65071919, 46.32549054 ], [ -123.65094092, 46.3254192 ], [ -123.65140832, 46.325189 ], [ -123.65183599, 46.325052 ], [ -123.65210519, 46.325063 ], [ -123.65248532, 46.32512893 ], [ -123.65326119, 46.32529934 ], [ -123.65370459, 46.32544754 ], [ -123.65385499, 46.32551894 ], [ -123.65400539, 46.32564514 ], [ -123.65413999, 46.32577134 ], [ -123.65446439, 46.326117 ], [ -123.65465439, 46.32640234 ], [ -123.65468592, 46.3264956 ], [ -123.65467799, 46.32662734 ], [ -123.65456699, 46.3268192 ], [ -123.65456699, 46.3269454 ], [ -123.65467779, 46.3270332 ], [ -123.65482019, 46.32712113 ], [ -123.65485192, 46.32717053 ], [ -123.65488352, 46.3273954 ], [ -123.65496259, 46.3275984 ], [ -123.65503392, 46.3276148 ], [ -123.65519212, 46.3277246 ], [ -123.65531099, 46.3278508 ], [ -123.65547719, 46.32796614 ], [ -123.65616599, 46.32821313 ], [ -123.65640352, 46.3282406 ], [ -123.65654612, 46.3282406 ], [ -123.65668073, 46.32821334 ], [ -123.65681539, 46.32815853 ], [ -123.65725899, 46.32791174 ], [ -123.65794032, 46.3274182 ], [ -123.65848692, 46.32707813 ], [ -123.65867712, 46.3269684 ], [ -123.65908092, 46.3268588 ], [ -123.65923139, 46.326848 ], [ -123.65944519, 46.32691933 ], [ -123.65953219, 46.32700713 ], [ -123.65960353, 46.32713333 ], [ -123.65985652, 46.328066 ], [ -123.65994359, 46.32827994 ], [ -123.66006239, 46.32847193 ], [ -123.66006219, 46.3286036 ], [ -123.66001473, 46.32871333 ], [ -123.66006199, 46.32878473 ], [ -123.66030772, 46.3288012 ], [ -123.66064812, 46.32895493 ], [ -123.66081432, 46.3289878 ], [ -123.66105992, 46.32898793 ], [ -123.66122619, 46.328933 ], [ -123.66140839, 46.3288398 ], [ -123.66163019, 46.32864794 ], [ -123.66171739, 46.32853274 ], [ -123.66177279, 46.3284888 ], [ -123.66188379, 46.32831333 ], [ -123.66199479, 46.32806093 ], [ -123.66207399, 46.3278634 ], [ -123.66223259, 46.3275288 ], [ -123.66231179, 46.3274136 ], [ -123.66243059, 46.32729853 ], [ -123.66260479, 46.3272326 ], [ -123.66286633, 46.32718333 ], [ -123.66300879, 46.32717793 ], [ -123.66352352, 46.32729873 ], [ -123.66406993, 46.3275018 ], [ -123.66423612, 46.32760053 ], [ -123.66425979, 46.32763353 ], [ -123.66430733, 46.32771033 ], [ -123.66431532, 46.327842 ], [ -123.66428353, 46.3279792 ], [ -123.66415673, 46.328215 ], [ -123.66411712, 46.32826433 ], [ -123.66357039, 46.328736 ], [ -123.66337239, 46.328939 ], [ -123.66328519, 46.3290432 ], [ -123.66318219, 46.3292516 ], [ -123.66303959, 46.3294162 ], [ -123.66288119, 46.32942727 ], [ -123.66261199, 46.3293668 ], [ -123.66246939, 46.32935574 ], [ -123.66239812, 46.32937773 ], [ -123.66231899, 46.329438 ], [ -123.66229512, 46.32964654 ], [ -123.66224759, 46.3296794 ], [ -123.66208912, 46.32969033 ], [ -123.66201792, 46.32963553 ], [ -123.66197839, 46.32948734 ], [ -123.66189919, 46.32935013 ], [ -123.66177252, 46.32925133 ], [ -123.66162993, 46.3292074 ], [ -123.66140832, 46.3292074 ], [ -123.66132899, 46.3292458 ], [ -123.66125772, 46.3293116 ], [ -123.66124959, 46.3295804 ], [ -123.66127339, 46.3297066 ], [ -123.66132093, 46.3298218 ], [ -123.66135252, 46.32992053 ], [ -123.66129699, 46.3299754 ], [ -123.66114652, 46.3299918 ], [ -123.66107532, 46.32996993 ], [ -123.66078232, 46.32977233 ], [ -123.66042612, 46.32964613 ], [ -123.66025972, 46.329646 ], [ -123.66007752, 46.3297118 ], [ -123.66002212, 46.32976673 ], [ -123.65996659, 46.3298544 ], [ -123.65995872, 46.3299202 ], [ -123.65992693, 46.32997513 ], [ -123.65976853, 46.3300464 ], [ -123.65977652, 46.33011773 ], [ -123.65983979, 46.3301232 ], [ -123.65994279, 46.3301288 ], [ -123.65999813, 46.33010673 ], [ -123.66003779, 46.33010134 ], [ -123.66020412, 46.3299094 ], [ -123.66034673, 46.32982713 ], [ -123.66050519, 46.32982714 ], [ -123.66067939, 46.32988754 ], [ -123.66109113, 46.3301454 ], [ -123.66117019, 46.3301564 ], [ -123.66124939, 46.330162 ], [ -123.66139199, 46.330118 ], [ -123.66147112, 46.3300468 ], [ -123.66151093, 46.3299754 ], [ -123.66150312, 46.3297944 ], [ -123.66146359, 46.3296298 ], [ -123.66144779, 46.32945433 ], [ -123.66156653, 46.32943233 ], [ -123.66185153, 46.3297396 ], [ -123.66200979, 46.3299536 ], [ -123.66209692, 46.330014 ], [ -123.66228699, 46.330014 ], [ -123.66237419, 46.32994273 ], [ -123.66245332, 46.3297178 ], [ -123.66254059, 46.32961913 ], [ -123.66261979, 46.32958073 ], [ -123.66269899, 46.3295698 ], [ -123.66297612, 46.3296576 ], [ -123.66303159, 46.32966313 ], [ -123.66330079, 46.32969613 ], [ -123.66345913, 46.329718 ], [ -123.66357799, 46.32977293 ], [ -123.66372853, 46.3298882 ], [ -123.66373632, 46.33000893 ], [ -123.66367279, 46.3301954 ], [ -123.66363332, 46.33026674 ], [ -123.66360152, 46.33039294 ], [ -123.66362519, 46.33054653 ], [ -123.66367272, 46.33060127 ], [ -123.66383899, 46.3306178 ], [ -123.66395799, 46.33023933 ], [ -123.66402919, 46.33010213 ], [ -123.66403719, 46.32989373 ], [ -123.66398979, 46.3298004 ], [ -123.66387113, 46.32965233 ], [ -123.66354653, 46.32941094 ], [ -123.66349899, 46.32936153 ], [ -123.66349899, 46.32923533 ], [ -123.66353859, 46.32916954 ], [ -123.66363372, 46.32905974 ], [ -123.66380793, 46.32890073 ], [ -123.66395053, 46.32878 ], [ -123.66415652, 46.3287526 ], [ -123.66428319, 46.32867033 ], [ -123.66438632, 46.3285552 ], [ -123.66452879, 46.3283632 ], [ -123.66459219, 46.328237 ], [ -123.66461599, 46.32817673 ], [ -123.66460819, 46.32795733 ], [ -123.66456073, 46.32786953 ], [ -123.66459633, 46.3277954 ], [ -123.66467159, 46.3277982 ], [ -123.66526539, 46.32799033 ], [ -123.66589899, 46.328133 ], [ -123.66606532, 46.328155 ], [ -123.66672266, 46.32812773 ], [ -123.66699193, 46.32806193 ], [ -123.66711859, 46.32801813 ], [ -123.66775232, 46.3275354 ], [ -123.66820379, 46.3272282 ], [ -123.66857599, 46.32700893 ], [ -123.66912259, 46.3267346 ], [ -123.66944733, 46.32660853 ], [ -123.66951059, 46.3265426 ], [ -123.66953453, 46.326444 ], [ -123.66958199, 46.3263562 ], [ -123.66962953, 46.32630133 ], [ -123.67012859, 46.3257034 ], [ -123.67030292, 46.32549493 ], [ -123.67038213, 46.3253962 ], [ -123.67051672, 46.3251878 ], [ -123.67069893, 46.32471053 ], [ -123.67070699, 46.3242168 ], [ -123.67064379, 46.3236846 ], [ -123.67058059, 46.3234048 ], [ -123.67058859, 46.32284533 ], [ -123.67062032, 46.32275753 ], [ -123.67062832, 46.3226862 ], [ -123.67075499, 46.32243927 ], [ -123.67079452, 46.32238993 ], [ -123.67081839, 46.32233513 ], [ -123.67088959, 46.3222528 ], [ -123.67105599, 46.32214313 ], [ -123.67114312, 46.32210473 ], [ -123.67130139, 46.32210473 ], [ -123.67161819, 46.32215973 ], [ -123.67194279, 46.32223653 ], [ -123.67229913, 46.32237913 ], [ -123.67259213, 46.3225218 ], [ -123.67287712, 46.322681 ], [ -123.67349479, 46.32299933 ], [ -123.67396979, 46.3232078 ], [ -123.67412033, 46.3232516 ], [ -123.67431812, 46.3232846 ], [ -123.67458739, 46.3232626 ], [ -123.67489619, 46.32318053 ], [ -123.67574359, 46.322791 ], [ -123.67587039, 46.32271973 ], [ -123.67594959, 46.3226648 ], [ -123.67605253, 46.3225112 ], [ -123.67626633, 46.3222754 ], [ -123.67631392, 46.32219313 ], [ -123.67631393, 46.3218584 ], [ -123.67625853, 46.32180353 ], [ -123.67619513, 46.3217706 ], [ -123.67619513, 46.32169933 ], [ -123.67625853, 46.3216444 ], [ -123.67623479, 46.3215566 ], [ -123.67609232, 46.3213866 ], [ -123.67587052, 46.32121653 ], [ -123.67555393, 46.32107393 ], [ -123.67533213, 46.32093673 ], [ -123.67500759, 46.3206788 ], [ -123.67464332, 46.3203496 ], [ -123.67433459, 46.3201192 ], [ -123.67415252, 46.3200204 ], [ -123.67385159, 46.3199106 ], [ -123.67337652, 46.31980633 ], [ -123.67231559, 46.31960873 ], [ -123.67181672, 46.3195648 ], [ -123.67125459, 46.3195592 ], [ -123.67098546, 46.3195318 ], [ -123.67068439, 46.3194604 ], [ -123.67018572, 46.3192518 ], [ -123.66979779, 46.31906513 ], [ -123.66928319, 46.31886773 ], [ -123.66899799, 46.31871953 ], [ -123.66898219, 46.3186372 ], [ -123.66892692, 46.3185714 ], [ -123.66889532, 46.3184836 ], [ -123.66885572, 46.3184232 ], [ -123.66880819, 46.31829713 ], [ -123.66876072, 46.31820373 ], [ -123.66868159, 46.3178746 ], [ -123.66864999, 46.31766613 ], [ -123.66861839, 46.31752353 ], [ -123.66854719, 46.317326 ], [ -123.66844439, 46.31712853 ], [ -123.66831759, 46.3169638 ], [ -123.66829392, 46.31691453 ], [ -123.66820679, 46.3168212 ], [ -123.66804859, 46.31659073 ], [ -123.66743139, 46.31524113 ], [ -123.66736819, 46.315071 ], [ -123.66736019, 46.3150106 ], [ -123.66731272, 46.31490093 ], [ -123.66698039, 46.3141822 ], [ -123.66681432, 46.313886 ], [ -123.66672719, 46.3136446 ], [ -123.66661639, 46.31346353 ], [ -123.66655312, 46.31334273 ], [ -123.66652159, 46.31316173 ], [ -123.66649779, 46.31309593 ], [ -123.66646639, 46.3125144 ], [ -123.66646639, 46.31228953 ], [ -123.66656159, 46.3119548 ], [ -123.66656952, 46.311889 ], [ -123.66663292, 46.31174633 ], [ -123.66676752, 46.3115818 ], [ -123.66698932, 46.3113514 ], [ -123.66725072, 46.311132 ], [ -123.66752779, 46.31092913 ], [ -123.66849379, 46.3103258 ], [ -123.66913526, 46.30981573 ], [ -123.66929359, 46.30963473 ], [ -123.66934119, 46.3095414 ], [ -123.66951532, 46.3093384 ], [ -123.66964999, 46.30919033 ], [ -123.66979252, 46.30907513 ], [ -123.67018839, 46.3087844 ], [ -123.67048932, 46.30858153 ], [ -123.67075839, 46.30842793 ], [ -123.67108299, 46.3082744 ], [ -123.67127312, 46.3082086 ], [ -123.67145519, 46.30819213 ], [ -123.67158979, 46.3081976 ], [ -123.67176392, 46.30824153 ], [ -123.67190639, 46.30834033 ], [ -123.67196179, 46.30845553 ], [ -123.67196179, 46.30863653 ], [ -123.67181932, 46.308834 ], [ -123.67157372, 46.30922353 ], [ -123.67156579, 46.3092674 ], [ -123.67140732, 46.30959653 ], [ -123.67137572, 46.30969533 ], [ -123.67132799, 46.31012873 ], [ -123.67132799, 46.31038653 ], [ -123.67135172, 46.3104414 ], [ -123.67135979, 46.31055113 ], [ -123.67139132, 46.3106828 ], [ -123.67151779, 46.3110778 ], [ -123.67165232, 46.311566 ], [ -123.67176312, 46.3118404 ], [ -123.67189772, 46.31203793 ], [ -123.67201626, 46.31219153 ], [ -123.67212719, 46.31238913 ], [ -123.67217459, 46.31244393 ], [ -123.67245159, 46.31293773 ], [ -123.67257819, 46.3131242 ], [ -123.67264952, 46.31326693 ], [ -123.67276032, 46.313404 ], [ -123.67314032, 46.31372233 ], [ -123.67333032, 46.31384853 ], [ -123.67373399, 46.3140186 ], [ -123.67401899, 46.3142216 ], [ -123.67428812, 46.3143368 ], [ -123.67442279, 46.31443013 ], [ -123.67449399, 46.3144466 ], [ -123.67496912, 46.3143808 ], [ -123.67499279, 46.3143808 ], [ -123.67545212, 46.31437533 ], [ -123.67587959, 46.3144302 ], [ -123.67640999, 46.3144084 ], [ -123.67666339, 46.3144084 ], [ -123.67705139, 46.314359 ], [ -123.67732059, 46.31429333 ], [ -123.67814399, 46.31400813 ], [ -123.67846859, 46.3139532 ], [ -123.67895152, 46.3137996 ], [ -123.67929199, 46.3137942 ], [ -123.67933952, 46.3137064 ], [ -123.67937119, 46.3135692 ], [ -123.67983839, 46.3133718 ], [ -123.68009959, 46.3132072 ], [ -123.68063012, 46.3128068 ], [ -123.68087559, 46.31258733 ], [ -123.68095479, 46.31242833 ], [ -123.68096272, 46.312346 ], [ -123.68108933, 46.3121758 ], [ -123.68157239, 46.31180293 ], [ -123.68174659, 46.3116492 ], [ -123.68248279, 46.310969 ], [ -123.68279159, 46.31065093 ], [ -123.68332212, 46.31017913 ], [ -123.68366239, 46.30992673 ], [ -123.68392372, 46.30968533 ], [ -123.68477912, 46.30875461 ], [ -123.68478033, 46.30876909 ], [ -123.68506782, 46.30848832 ], [ -123.68532492, 46.3082974 ], [ -123.68535659, 46.30825353 ], [ -123.68547188, 46.30809371 ], [ -123.68604434, 46.30753608 ], [ -123.68652135, 46.30694907 ], [ -123.68702884, 46.30632548 ], [ -123.68705859, 46.30630593 ], [ -123.68724072, 46.3061962 ], [ -123.68739899, 46.30602626 ], [ -123.68748548, 46.30590631 ], [ -123.68847298, 46.30549387 ], [ -123.68879999, 46.3053952 ], [ -123.68912184, 46.30533576 ], [ -123.68933437, 46.30546506 ], [ -123.6895015, 46.30576136 ], [ -123.68950472, 46.3057792 ], [ -123.68958386, 46.30612493 ], [ -123.68962352, 46.3061578 ], [ -123.68972989, 46.30616625 ], [ -123.68976137, 46.30622207 ], [ -123.68995938, 46.30626807 ], [ -123.69063044, 46.30598514 ], [ -123.69079499, 46.3060042 ], [ -123.69108012, 46.3060974 ], [ -123.69144412, 46.30614133 ], [ -123.69180039, 46.30616873 ], [ -123.69226752, 46.3061742 ], [ -123.69235194, 46.30617418 ], [ -123.69385141, 46.30647308 ], [ -123.69625942, 46.30731909 ], [ -123.69675443, 46.30734209 ], [ -123.69718292, 46.30727573 ], [ -123.69734199, 46.30731493 ], [ -123.69752412, 46.3073752 ], [ -123.69763493, 46.30738073 ], [ -123.69778533, 46.30738073 ], [ -123.69796752, 46.3073368 ], [ -123.69823653, 46.30723253 ], [ -123.69835519, 46.3071502 ], [ -123.69853482, 46.30695599 ], [ -123.69904231, 46.30687114 ], [ -123.69906773, 46.3069088 ], [ -123.69904399, 46.30699106 ], [ -123.69885399, 46.30715573 ], [ -123.69879073, 46.30723253 ], [ -123.69878279, 46.30730933 ], [ -123.69875119, 46.30735313 ], [ -123.69864833, 46.30741353 ], [ -123.69857699, 46.30750133 ], [ -123.69846632, 46.3075562 ], [ -123.69830793, 46.30760013 ], [ -123.69799119, 46.30762759 ], [ -123.69780919, 46.307644 ], [ -123.69767459, 46.307677 ], [ -123.69757173, 46.3077044 ], [ -123.69750839, 46.3077428 ], [ -123.69750039, 46.3077812 ], [ -123.69754012, 46.30781413 ], [ -123.69763499, 46.30782513 ], [ -123.69769626, 46.30782113 ], [ -123.69788839, 46.3078086 ], [ -123.69814173, 46.3078086 ], [ -123.69830006, 46.30778113 ], [ -123.69856919, 46.3077262 ], [ -123.69883052, 46.30761099 ], [ -123.69905213, 46.3074738 ], [ -123.69929739, 46.30734213 ], [ -123.69955859, 46.3071994 ], [ -123.69977232, 46.30706773 ], [ -123.69993853, 46.30695806 ], [ -123.70007299, 46.3068374 ], [ -123.70016799, 46.30672759 ], [ -123.70024719, 46.30659593 ], [ -123.70034999, 46.30633813 ], [ -123.70042119, 46.306146 ], [ -123.70051613, 46.3059486 ], [ -123.70071393, 46.30560293 ], [ -123.70081673, 46.3053944 ], [ -123.70103833, 46.30509259 ], [ -123.7012162, 46.30479975 ], [ -123.70150347, 46.30467207 ], [ -123.70166847, 46.30459807 ], [ -123.70203147, 46.30459807 ], [ -123.70236047, 46.30469007 ], [ -123.7028067, 46.30501532 ], [ -123.70297779, 46.3053008 ], [ -123.70304919, 46.30545453 ], [ -123.70322333, 46.30564653 ], [ -123.70335799, 46.3058604 ], [ -123.70353226, 46.3061512 ], [ -123.70362739, 46.3063432 ], [ -123.70381739, 46.30661733 ], [ -123.70390453, 46.3068148 ], [ -123.70395213, 46.30693013 ], [ -123.70393619, 46.30701793 ], [ -123.70392839, 46.307155 ], [ -123.70392053, 46.30723733 ], [ -123.70390473, 46.307347 ], [ -123.70382559, 46.30746766 ], [ -123.70354859, 46.30775853 ], [ -123.70344586, 46.30790113 ], [ -123.70340619, 46.3080054 ], [ -123.70341419, 46.30819193 ], [ -123.70345379, 46.308373 ], [ -123.70353299, 46.30853753 ], [ -123.70367572, 46.30875153 ], [ -123.70383478, 46.30890573 ], [ -123.70444049, 46.31010714 ], [ -123.70461235, 46.31033543 ], [ -123.70460253, 46.3103698 ], [ -123.70461039, 46.3104794 ], [ -123.70464999, 46.31059459 ], [ -123.70469759, 46.31064953 ], [ -123.70483219, 46.31071533 ], [ -123.70499839, 46.31079213 ], [ -123.70521371, 46.31092578 ], [ -123.7056615, 46.31127315 ], [ -123.7062555, 46.31154716 ], [ -123.70625838, 46.31154779 ], [ -123.70631299, 46.31161479 ], [ -123.70636053, 46.3116696 ], [ -123.7063288, 46.31171353 ], [ -123.70636839, 46.31176293 ], [ -123.70646353, 46.3118068 ], [ -123.70663773, 46.31182319 ], [ -123.70679599, 46.31182873 ], [ -123.70695439, 46.3117904 ], [ -123.70710473, 46.31173533 ], [ -123.70710831, 46.3117345 ], [ -123.70760751, 46.31184416 ], [ -123.70806402, 46.31183622 ], [ -123.70814199, 46.31185033 ], [ -123.70834773, 46.31187233 ], [ -123.70859319, 46.31186126 ], [ -123.70872292, 46.31182474 ], [ -123.70892852, 46.31182116 ], [ -123.71024753, 46.31163716 ], [ -123.71205167, 46.31081762 ], [ -123.71249559, 46.31080067 ], [ -123.71328445, 46.31087721 ], [ -123.7137072, 46.31094953 ], [ -123.71403973, 46.31102073 ], [ -123.71405755, 46.31102436 ], [ -123.71443159, 46.31116944 ], [ -123.71453859, 46.31126193 ], [ -123.71460993, 46.31136619 ], [ -123.7145862, 46.31150879 ], [ -123.714523, 46.3116186 ], [ -123.71442799, 46.31172833 ], [ -123.71404813, 46.31200273 ], [ -123.71379479, 46.31213453 ], [ -123.7135812, 46.31228259 ], [ -123.71335173, 46.31249113 ], [ -123.7131734, 46.31265693 ], [ -123.71154554, 46.31376319 ], [ -123.71173159, 46.31370441 ], [ -123.7116976, 46.31375333 ], [ -123.71154733, 46.3139344 ], [ -123.7113652, 46.31402219 ], [ -123.71104073, 46.31424173 ], [ -123.7108666, 46.31441179 ], [ -123.7105342, 46.3148014 ], [ -123.71051053, 46.31485619 ], [ -123.7104394, 46.31499353 ], [ -123.7102178, 46.3152184 ], [ -123.70988553, 46.3156354 ], [ -123.70980633, 46.315789 ], [ -123.7097272, 46.3160414 ], [ -123.70970359, 46.316184 ], [ -123.70965613, 46.31633773 ], [ -123.7096166, 46.31640353 ], [ -123.70945833, 46.31652973 ], [ -123.70936333, 46.31664493 ], [ -123.7093238, 46.31671633 ], [ -123.70909433, 46.31710579 ], [ -123.7085246, 46.31786853 ], [ -123.70838213, 46.31801113 ], [ -123.70827933, 46.31808253 ], [ -123.708105, 46.31814833 ], [ -123.7078912, 46.3181594 ], [ -123.70774079, 46.31813193 ], [ -123.70755873, 46.3180552 ], [ -123.70740813, 46.31793459 ], [ -123.70732893, 46.3178138 ], [ -123.70718633, 46.31766033 ], [ -123.7068616, 46.31726533 ], [ -123.7057288, 46.3159324 ], [ -123.70553873, 46.315724 ], [ -123.7047546, 46.31498353 ], [ -123.70448803, 46.31479303 ], [ -123.70400233, 46.31444593 ], [ -123.70385179, 46.31427593 ], [ -123.7037408, 46.31420473 ], [ -123.70291733, 46.3139688 ], [ -123.70279853, 46.31388113 ], [ -123.70274326, 46.3137988 ], [ -123.70272733, 46.31374393 ], [ -123.70265613, 46.3136178 ], [ -123.702561, 46.3135684 ], [ -123.70234719, 46.31341493 ], [ -123.70219659, 46.31317893 ], [ -123.70211739, 46.3131296 ], [ -123.70180873, 46.31305833 ], [ -123.7017294, 46.312987 ], [ -123.70168993, 46.31288833 ], [ -123.70167399, 46.3126524 ], [ -123.7015948, 46.31263593 ], [ -123.70153939, 46.31275113 ], [ -123.70150773, 46.31291573 ], [ -123.70157126, 46.3131242 ], [ -123.70163446, 46.313168 ], [ -123.70171373, 46.31319553 ], [ -123.70195919, 46.31322833 ], [ -123.70207, 46.31330513 ], [ -123.70214919, 46.3133984 ], [ -123.70245019, 46.3136288 ], [ -123.7024502, 46.31370013 ], [ -123.70238679, 46.31374953 ], [ -123.70225233, 46.31374953 ], [ -123.70181679, 46.31366173 ], [ -123.70146059, 46.3136454 ], [ -123.70116759, 46.3136564 ], [ -123.70063719, 46.31373873 ], [ -123.70026513, 46.313832 ], [ -123.69946539, 46.3141174 ], [ -123.69899833, 46.3143094 ], [ -123.69872139, 46.3144686 ], [ -123.69868973, 46.31450153 ], [ -123.69866685, 46.3145245 ], [ -123.69853133, 46.3146606 ], [ -123.69832553, 46.3148142 ], [ -123.69773973, 46.31513253 ], [ -123.69745479, 46.31530813 ], [ -123.69725679, 46.31545073 ], [ -123.69700353, 46.3156592 ], [ -123.69681353, 46.3157854 ], [ -123.69653639, 46.31593353 ], [ -123.69630679, 46.3160158 ], [ -123.69610093, 46.31605973 ], [ -123.69606887, 46.31606965 ], [ -123.69602979, 46.31608173 ], [ -123.69582393, 46.316164 ], [ -123.69558639, 46.3162902 ], [ -123.6953227, 46.31645083 ], [ -123.69506393, 46.31660846 ], [ -123.69504019, 46.31678953 ], [ -123.6949372, 46.31684993 ], [ -123.69435133, 46.317009 ], [ -123.69408219, 46.31710233 ], [ -123.69405192, 46.31709999 ], [ -123.69393973, 46.31709133 ], [ -123.69378133, 46.31708593 ], [ -123.69367839, 46.31711333 ], [ -123.69364673, 46.31716813 ], [ -123.69362299, 46.3173272 ], [ -123.69360212, 46.31738218 ], [ -123.69358339, 46.31743153 ], [ -123.69353593, 46.31753573 ], [ -123.6932826, 46.3180788 ], [ -123.69314813, 46.31826533 ], [ -123.69296599, 46.318419 ], [ -123.69279179, 46.3185288 ], [ -123.69252259, 46.3186604 ], [ -123.69233259, 46.3187866 ], [ -123.69228513, 46.31885793 ], [ -123.69226933, 46.31893473 ], [ -123.6922534, 46.31898413 ], [ -123.69222179, 46.319198 ], [ -123.69214259, 46.31944493 ], [ -123.69215059, 46.31964793 ], [ -123.69222979, 46.319774 ], [ -123.69222193, 46.3198948 ], [ -123.69217439, 46.3200264 ], [ -123.69219033, 46.32019653 ], [ -123.69228519, 46.32036113 ], [ -123.69240406, 46.32049833 ], [ -123.69253866, 46.3206628 ], [ -123.69272893, 46.3208548 ], [ -123.69276839, 46.32089873 ], [ -123.69288713, 46.32100293 ], [ -123.69306933, 46.321195 ], [ -123.69385339, 46.32195193 ], [ -123.69430479, 46.3224456 ], [ -123.69455033, 46.32276933 ], [ -123.6946138, 46.32285713 ], [ -123.69506513, 46.32332333 ], [ -123.69531873, 46.32362513 ], [ -123.69573046, 46.3241736 ], [ -123.6963642, 46.324969 ], [ -123.69669693, 46.3254354 ], [ -123.6969028, 46.32577553 ], [ -123.6975762, 46.32670813 ], [ -123.6976318, 46.32682333 ], [ -123.69768719, 46.326922 ], [ -123.697711, 46.32700433 ], [ -123.6978614, 46.3273444 ], [ -123.69799613, 46.32752553 ], [ -123.6980516, 46.3276242 ], [ -123.69809913, 46.32768453 ], [ -123.69827333, 46.3279094 ], [ -123.69831313, 46.3280082 ], [ -123.69830513, 46.3283044 ], [ -123.6981548, 46.3287926 ], [ -123.6980836, 46.32898473 ], [ -123.69802826, 46.32907253 ], [ -123.69765613, 46.329857 ], [ -123.6975138, 46.33062513 ], [ -123.6974822, 46.33099273 ], [ -123.69746653, 46.3315412 ], [ -123.69743493, 46.33166193 ], [ -123.6971656, 46.33169493 ], [ -123.69706253, 46.33177173 ], [ -123.6970072, 46.3318486 ], [ -123.697023, 46.3319966 ], [ -123.6970548, 46.33204053 ], [ -123.69707853, 46.3321008 ], [ -123.6971578, 46.3322544 ], [ -123.69720533, 46.33228193 ], [ -123.69733193, 46.33227093 ], [ -123.6974112, 46.332238 ], [ -123.69753793, 46.33224353 ], [ -123.69766473, 46.33229833 ], [ -123.6978152, 46.332397 ], [ -123.69790233, 46.33250133 ], [ -123.6981162, 46.3326988 ], [ -123.698148, 46.33276453 ], [ -123.69811633, 46.33283593 ], [ -123.69801333, 46.3328524 ], [ -123.6977836, 46.3327262 ], [ -123.69763313, 46.3327372 ], [ -123.6976252, 46.3328744 ], [ -123.69768073, 46.3331706 ], [ -123.6978154, 46.3333516 ], [ -123.6979818, 46.3334558 ], [ -123.69817193, 46.33351613 ], [ -123.6983144, 46.3335162 ], [ -123.69840153, 46.33348873 ], [ -123.698449, 46.33333513 ], [ -123.6986786, 46.33308273 ], [ -123.69882113, 46.33296753 ], [ -123.69893993, 46.332962 ], [ -123.6990984, 46.3330716 ], [ -123.69932033, 46.3334118 ], [ -123.6994628, 46.3335544 ], [ -123.6995262, 46.333697 ], [ -123.6995502, 46.3340152 ], [ -123.6996056, 46.33417433 ], [ -123.6995978, 46.334273 ], [ -123.69951053, 46.33430053 ], [ -123.69941553, 46.334284 ], [ -123.69930473, 46.33428413 ], [ -123.69924133, 46.33433893 ], [ -123.6992256, 46.33471753 ], [ -123.69920193, 46.33477233 ], [ -123.699186, 46.33487113 ], [ -123.6990276, 46.3352606 ], [ -123.6989248, 46.33541973 ], [ -123.69881393, 46.3355678 ], [ -123.69829933, 46.3360452 ], [ -123.69807753, 46.3362208 ], [ -123.69776873, 46.33642933 ], [ -123.69676273, 46.33702733 ], [ -123.69618473, 46.3373016 ], [ -123.69547193, 46.3377352 ], [ -123.69508393, 46.33800953 ], [ -123.69479093, 46.3382838 ], [ -123.6945454, 46.33858 ], [ -123.6944582, 46.33872273 ], [ -123.69418913, 46.3393482 ], [ -123.69410993, 46.33958953 ], [ -123.69408613, 46.3397102 ], [ -123.6940466, 46.33986933 ], [ -123.69400707, 46.34009433 ], [ -123.69394373, 46.340385 ], [ -123.69387247, 46.34069773 ], [ -123.6938646, 46.34080753 ], [ -123.6937854, 46.34114213 ], [ -123.6936746, 46.3414822 ], [ -123.69350047, 46.34172913 ], [ -123.69325493, 46.341954 ], [ -123.69238353, 46.3425356 ], [ -123.69186073, 46.3428428 ], [ -123.6913856, 46.34306233 ], [ -123.69068853, 46.34350673 ], [ -123.69033213, 46.34382493 ], [ -123.69006273, 46.34417053 ], [ -123.6895796, 46.34499353 ], [ -123.68956373, 46.34507033 ], [ -123.6894688, 46.34535 ], [ -123.6893896, 46.34579993 ], [ -123.6893896, 46.34634853 ], [ -123.68948473, 46.3465734 ], [ -123.68962733, 46.34680933 ], [ -123.689762, 46.3469794 ], [ -123.6899284, 46.3471384 ], [ -123.68998393, 46.3472098 ], [ -123.6904038, 46.34756093 ], [ -123.69045926, 46.34763773 ], [ -123.6904592, 46.34780233 ], [ -123.6903484, 46.3479284 ], [ -123.69021367, 46.34799433 ], [ -123.68999193, 46.3480382 ], [ -123.6895958, 46.34803273 ], [ -123.6888114, 46.347945 ], [ -123.68853413, 46.3478682 ], [ -123.68839153, 46.34781333 ], [ -123.688249, 46.34770913 ], [ -123.688241, 46.34754453 ], [ -123.68841533, 46.34730313 ], [ -123.6886688, 46.34700133 ], [ -123.68912833, 46.3465844 ], [ -123.68918373, 46.34648573 ], [ -123.68917573, 46.34635953 ], [ -123.6890886, 46.346354 ], [ -123.68901733, 46.34639793 ], [ -123.68885893, 46.34653513 ], [ -123.68874793, 46.3466502 ], [ -123.68852613, 46.34688073 ], [ -123.68833613, 46.34706173 ], [ -123.68793993, 46.34733053 ], [ -123.68759933, 46.34748413 ], [ -123.68743293, 46.3476158 ], [ -123.68736173, 46.347731 ], [ -123.68725873, 46.34792853 ], [ -123.68721913, 46.34816993 ], [ -123.6871636, 46.3482358 ], [ -123.6870528, 46.3484826 ], [ -123.68687053, 46.3488118 ], [ -123.6868072, 46.3489106 ], [ -123.686823, 46.34902033 ], [ -123.68679133, 46.34912453 ], [ -123.6868706, 46.34921773 ], [ -123.68691813, 46.3492178 ], [ -123.68697353, 46.34921773 ], [ -123.68705273, 46.34921233 ], [ -123.68716373, 46.34913 ], [ -123.6871478, 46.34888853 ], [ -123.68755973, 46.3483784 ], [ -123.68767853, 46.34828513 ], [ -123.687845, 46.3482522 ], [ -123.68816193, 46.34824673 ], [ -123.6887244, 46.348307 ], [ -123.6892156, 46.3483948 ], [ -123.68943733, 46.34849353 ], [ -123.6895482, 46.3484826 ], [ -123.6896354, 46.34843873 ], [ -123.6897226, 46.3484716 ], [ -123.6898176, 46.34854293 ], [ -123.6901266, 46.34851553 ], [ -123.69030873, 46.34847153 ], [ -123.6905306, 46.3483618 ], [ -123.6906574, 46.34831253 ], [ -123.6907208, 46.348296 ], [ -123.6908554, 46.34821373 ], [ -123.6908792, 46.3481698 ], [ -123.69090287, 46.34815893 ], [ -123.6908792, 46.34804373 ], [ -123.6909346, 46.3479504 ], [ -123.69107714, 46.34781873 ], [ -123.69107713, 46.3476816 ], [ -123.6909532, 46.34752613 ], [ -123.69074433, 46.34735793 ], [ -123.6904196, 46.34695753 ], [ -123.6901264, 46.34645273 ], [ -123.690055, 46.34625533 ], [ -123.6900074, 46.34598653 ], [ -123.69000753, 46.345745 ], [ -123.69002333, 46.34562433 ], [ -123.69004713, 46.3454214 ], [ -123.6900866, 46.3452294 ], [ -123.69012633, 46.34507573 ], [ -123.69020547, 46.34490573 ], [ -123.69031633, 46.3447794 ], [ -123.690348, 46.3447466 ], [ -123.6906648, 46.34442833 ], [ -123.690839, 46.3442802 ], [ -123.69153613, 46.343962 ], [ -123.691948, 46.34374253 ], [ -123.69221733, 46.34356153 ], [ -123.69235993, 46.3434792 ], [ -123.6924946, 46.34339693 ], [ -123.6928828, 46.34327073 ], [ -123.6930412, 46.3431994 ], [ -123.6932314, 46.3430622 ], [ -123.6933494, 46.34294227 ], [ -123.69343713, 46.3428592 ], [ -123.69358773, 46.34267273 ], [ -123.6937618, 46.34251913 ], [ -123.693857, 46.3424478 ], [ -123.6943242, 46.3420308 ], [ -123.69460153, 46.3417126 ], [ -123.6947202, 46.34147673 ], [ -123.69476773, 46.34132313 ], [ -123.69484693, 46.3411584 ], [ -123.69494973, 46.3407196 ], [ -123.6949576, 46.34049473 ], [ -123.69498133, 46.3403026 ], [ -123.69498133, 46.3402314 ], [ -123.6949892, 46.33992953 ], [ -123.6950288, 46.33968273 ], [ -123.6950446, 46.3396114 ], [ -123.6950604, 46.33947433 ], [ -123.6951792, 46.3392164 ], [ -123.69540093, 46.33888173 ], [ -123.6955276, 46.33872813 ], [ -123.69569393, 46.33855253 ], [ -123.6959394, 46.338355 ], [ -123.6965888, 46.33789973 ], [ -123.69697693, 46.3376856 ], [ -123.6976342, 46.33743873 ], [ -123.69782433, 46.3373564 ], [ -123.69794313, 46.33727413 ], [ -123.69805393, 46.33716433 ], [ -123.6982836, 46.3368626 ], [ -123.6986478, 46.3366102 ], [ -123.69875873, 46.33647313 ], [ -123.698838, 46.33640173 ], [ -123.69907553, 46.3361768 ], [ -123.69932893, 46.3359792 ], [ -123.69955073, 46.33584213 ], [ -123.699709, 46.33575973 ], [ -123.69989913, 46.33569393 ], [ -123.6999228, 46.33565013 ], [ -123.70002573, 46.33550733 ], [ -123.700097, 46.33540313 ], [ -123.70006533, 46.3353592 ], [ -123.70007313, 46.33524413 ], [ -123.7001128, 46.33514533 ], [ -123.70017613, 46.335052 ], [ -123.7003424, 46.33489293 ], [ -123.7004452, 46.33475573 ], [ -123.70048493, 46.334657 ], [ -123.7004848, 46.33453633 ], [ -123.700477, 46.33451433 ], [ -123.7004214, 46.3344156 ], [ -123.7004214, 46.33429493 ], [ -123.70061153, 46.3339986 ], [ -123.7006588, 46.3338012 ], [ -123.70065093, 46.33365853 ], [ -123.700643, 46.33345553 ], [ -123.70059533, 46.33335133 ], [ -123.7003894, 46.33306613 ], [ -123.7002468, 46.3329454 ], [ -123.70016753, 46.332874 ], [ -123.7001516, 46.33264373 ], [ -123.7001278, 46.33257233 ], [ -123.70022293, 46.332534 ], [ -123.7004446, 46.33253393 ], [ -123.700508, 46.33250653 ], [ -123.7005872, 46.33244073 ], [ -123.7007772, 46.33241313 ], [ -123.70081693, 46.33237473 ], [ -123.7008802, 46.33227053 ], [ -123.700888, 46.33217733 ], [ -123.70072173, 46.33212793 ], [ -123.7006188, 46.3321334 ], [ -123.7004524, 46.33224313 ], [ -123.70030193, 46.3322926 ], [ -123.7001278, 46.332298 ], [ -123.70004073, 46.3324022 ], [ -123.69996153, 46.33241873 ], [ -123.6998744, 46.3324078 ], [ -123.6997398, 46.3323858 ], [ -123.6995972, 46.33232 ], [ -123.6992724, 46.33210613 ], [ -123.6991536, 46.33199093 ], [ -123.69881293, 46.33161253 ], [ -123.6987178, 46.33145333 ], [ -123.69863853, 46.331212 ], [ -123.6986464, 46.3308444 ], [ -123.69867013, 46.33078953 ], [ -123.6986938, 46.33060853 ], [ -123.69874133, 46.3304932 ], [ -123.69883633, 46.33029033 ], [ -123.69902633, 46.33001053 ], [ -123.69921633, 46.329802 ], [ -123.6993272, 46.3296978 ], [ -123.69943013, 46.32959353 ], [ -123.6995964, 46.3294234 ], [ -123.69967553, 46.32928633 ], [ -123.6997388, 46.3289022 ], [ -123.69981793, 46.32870473 ], [ -123.6998654, 46.3286224 ], [ -123.70003173, 46.3284962 ], [ -123.7001742, 46.3283426 ], [ -123.70034053, 46.32826033 ], [ -123.70057013, 46.3281944 ], [ -123.7012036, 46.328156 ], [ -123.7015442, 46.32807913 ], [ -123.701845, 46.32795293 ], [ -123.70189253, 46.32793093 ], [ -123.7020826, 46.3278322 ], [ -123.70224093, 46.3277938 ], [ -123.70251813, 46.32780473 ], [ -123.7030646, 46.3278704 ], [ -123.7032942, 46.327843 ], [ -123.70331786, 46.3277552 ], [ -123.7031754, 46.32767293 ], [ -123.7020824, 46.327503 ], [ -123.70197953, 46.32748113 ], [ -123.70178946, 46.32749213 ], [ -123.7014806, 46.32754153 ], [ -123.70087893, 46.32773353 ], [ -123.7000394, 46.32796953 ], [ -123.69991273, 46.32797513 ], [ -123.699786, 46.32794773 ], [ -123.69967513, 46.3278654 ], [ -123.6996196, 46.32779413 ], [ -123.69954053, 46.32772273 ], [ -123.6995088, 46.3276624 ], [ -123.6994216, 46.32756913 ], [ -123.69936613, 46.32746493 ], [ -123.69932653, 46.3273662 ], [ -123.69928693, 46.3272948 ], [ -123.6992552, 46.32718513 ], [ -123.69910459, 46.326878 ], [ -123.69888273, 46.32635133 ], [ -123.69862933, 46.32586313 ], [ -123.698558, 46.3257754 ], [ -123.69846293, 46.32562173 ], [ -123.69835979, 46.32532 ], [ -123.69827273, 46.3251006 ], [ -123.69806673, 46.3248592 ], [ -123.69794, 46.324711 ], [ -123.69735393, 46.32392113 ], [ -123.69729053, 46.32384993 ], [ -123.6971796, 46.3236798 ], [ -123.69698153, 46.3234658 ], [ -123.69676773, 46.32320247 ], [ -123.69642713, 46.322835 ], [ -123.6962686, 46.322665 ], [ -123.6960786, 46.32249493 ], [ -123.69583313, 46.32223713 ], [ -123.6957618, 46.32213833 ], [ -123.6956984, 46.322067 ], [ -123.69565093, 46.32199573 ], [ -123.69557173, 46.32188053 ], [ -123.69538159, 46.321672 ], [ -123.69493799, 46.32130453 ], [ -123.69460553, 46.32106866 ], [ -123.69438373, 46.3208986 ], [ -123.6939006, 46.3204598 ], [ -123.69362339, 46.3201744 ], [ -123.69344133, 46.319966 ], [ -123.69338586, 46.31986733 ], [ -123.69337, 46.31977953 ], [ -123.69337793, 46.31956013 ], [ -123.69356, 46.3193022 ], [ -123.69390039, 46.31895653 ], [ -123.69416173, 46.318748 ], [ -123.69439119, 46.31851213 ], [ -123.69454173, 46.31831473 ], [ -123.69466819, 46.31805133 ], [ -123.6952066, 46.31761793 ], [ -123.69569753, 46.3172612 ], [ -123.69594293, 46.3170692 ], [ -123.69623573, 46.31687173 ], [ -123.69668699, 46.3166248 ], [ -123.69700373, 46.316504 ], [ -123.69764499, 46.3163504 ], [ -123.69782713, 46.31627913 ], [ -123.69815959, 46.31606513 ], [ -123.698405, 46.31587853 ], [ -123.69925199, 46.31529693 ], [ -123.69971913, 46.3150226 ], [ -123.70050279, 46.31466593 ], [ -123.70081153, 46.31455613 ], [ -123.7011598, 46.3145122 ], [ -123.70171413, 46.3145066 ], [ -123.70195159, 46.31453413 ], [ -123.7020388, 46.3145614 ], [ -123.70241879, 46.3146656 ], [ -123.70279893, 46.3147862 ], [ -123.70296513, 46.3148686 ], [ -123.70327413, 46.31509893 ], [ -123.7035434, 46.3153128 ], [ -123.70387593, 46.31568033 ], [ -123.70406606, 46.3159162 ], [ -123.70413733, 46.31597653 ], [ -123.70418493, 46.3160588 ], [ -123.70441459, 46.3163056 ], [ -123.70519093, 46.3172766 ], [ -123.70526213, 46.31733693 ], [ -123.70529393, 46.31739179 ], [ -123.7056266, 46.31777033 ], [ -123.70620493, 46.31849433 ], [ -123.706387, 46.3186808 ], [ -123.70641873, 46.31870833 ], [ -123.70656133, 46.31883993 ], [ -123.70680693, 46.3190044 ], [ -123.70705233, 46.3191086 ], [ -123.70733246, 46.31916413 ], [ -123.70735333, 46.31916893 ], [ -123.70780726, 46.31917433 ], [ -123.7083826, 46.3191358 ], [ -123.70850133, 46.3191138 ], [ -123.70873893, 46.31906993 ], [ -123.70921393, 46.3188998 ], [ -123.70953053, 46.31875153 ], [ -123.70972053, 46.3186472 ], [ -123.7098868, 46.318554 ], [ -123.7101718, 46.31835093 ], [ -123.7102746, 46.31827959 ], [ -123.71030633, 46.31823573 ], [ -123.71046453, 46.31806013 ], [ -123.71065453, 46.3177912 ], [ -123.7106782, 46.3177364 ], [ -123.71084433, 46.317484 ], [ -123.71086013, 46.3174566 ], [ -123.7109076, 46.3173414 ], [ -123.7110022, 46.31661719 ], [ -123.71104173, 46.31638673 ], [ -123.7111208, 46.31616733 ], [ -123.71118413, 46.31604113 ], [ -123.71128693, 46.31591493 ], [ -123.71133439, 46.31583259 ], [ -123.711374, 46.31579973 ], [ -123.71139773, 46.31575033 ], [ -123.71147693, 46.31567893 ], [ -123.7115244, 46.3156076 ], [ -123.71173013, 46.3153662 ], [ -123.7119358, 46.31513573 ], [ -123.71226033, 46.31483939 ], [ -123.71264793, 46.31451019 ], [ -123.71319419, 46.31413153 ], [ -123.7136136, 46.3138736 ], [ -123.71374033, 46.31378573 ], [ -123.71404899, 46.31360459 ], [ -123.71412813, 46.31357719 ], [ -123.7145634, 46.3132644 ], [ -123.715244, 46.3127376 ], [ -123.71562379, 46.31247413 ], [ -123.71601953, 46.31216133 ], [ -123.71628859, 46.31192539 ], [ -123.71669213, 46.31142599 ], [ -123.7167554, 46.31131633 ], [ -123.71677113, 46.31116273 ], [ -123.71677893, 46.31087193 ], [ -123.716747, 46.31069093 ], [ -123.7166916, 46.31057573 ], [ -123.71657273, 46.31046053 ], [ -123.7164144, 46.31037279 ], [ -123.71634299, 46.310307 ], [ -123.7160422, 46.31018639 ], [ -123.7155908, 46.30985733 ], [ -123.71533733, 46.30970919 ], [ -123.71528184, 46.30968197 ], [ -123.71517826, 46.30979757 ], [ -123.71517821, 46.30979754 ], [ -123.71528179, 46.30968193 ], [ -123.71526599, 46.30967093 ], [ -123.71505233, 46.3095558 ], [ -123.71442673, 46.30932539 ], [ -123.71410993, 46.30924873 ], [ -123.71354793, 46.30915013 ], [ -123.71242359, 46.30902419 ], [ -123.71209893, 46.30894199 ], [ -123.71159219, 46.30879393 ], [ -123.71142547, 46.30876251 ], [ -123.71123454, 46.30859713 ], [ -123.7112293, 46.30853183 ], [ -123.7113072, 46.30853613 ], [ -123.71138626, 46.3084978 ], [ -123.71136253, 46.30843739 ], [ -123.7112156, 46.30836119 ], [ -123.71120717, 46.30825617 ], [ -123.71138619, 46.3083112 ], [ -123.71157619, 46.30834413 ], [ -123.71184533, 46.30831659 ], [ -123.71205906, 46.30823979 ], [ -123.71216993, 46.3081684 ], [ -123.71231219, 46.30800919 ], [ -123.71244679, 46.30792699 ], [ -123.71250213, 46.30785013 ], [ -123.71251013, 46.30773499 ], [ -123.71253366, 46.30767459 ], [ -123.7127474, 46.30750993 ], [ -123.71280279, 46.30742773 ], [ -123.71281344, 46.30739812 ], [ -123.71285055, 46.30736212 ], [ -123.71295861, 46.30721225 ], [ -123.71304813, 46.30715333 ], [ -123.71339633, 46.30694473 ], [ -123.71346759, 46.30688979 ], [ -123.71357039, 46.30679119 ], [ -123.7136732, 46.30665939 ], [ -123.71371279, 46.30657713 ], [ -123.71390259, 46.30636859 ], [ -123.71400553, 46.30619853 ], [ -123.71417953, 46.30603933 ], [ -123.71422693, 46.30597899 ], [ -123.71424273, 46.30583639 ], [ -123.71426639, 46.30575399 ], [ -123.71454333, 46.30546313 ], [ -123.71467779, 46.30526573 ], [ -123.71474899, 46.30513953 ], [ -123.71486759, 46.3048926 ], [ -123.71503359, 46.30442633 ], [ -123.71512853, 46.30431653 ], [ -123.71520759, 46.30421779 ], [ -123.71525499, 46.30392693 ], [ -123.71518359, 46.30381173 ], [ -123.71519139, 46.3036856 ], [ -123.71522313, 46.30363079 ], [ -123.71520699, 46.30331799 ], [ -123.71524659, 46.30321919 ], [ -123.71537313, 46.30296693 ], [ -123.71538893, 46.30281879 ], [ -123.71533339, 46.30272553 ], [ -123.71533333, 46.30258839 ], [ -123.71539673, 46.30251699 ], [ -123.71554713, 46.30247859 ], [ -123.71571333, 46.30247853 ], [ -123.71587939, 46.30242373 ], [ -123.71602193, 46.30241259 ], [ -123.716394, 46.30251133 ], [ -123.71662353, 46.30251673 ], [ -123.71691639, 46.30247826 ], [ -123.71710633, 46.30246719 ], [ -123.71740513, 46.30250526 ], [ -123.71740719, 46.30250553 ], [ -123.71747839, 46.30251099 ], [ -123.7183492, 46.30249433 ], [ -123.71899819, 46.30243933 ], [ -123.71944939, 46.30237333 ], [ -123.72020926, 46.30218653 ], [ -123.72066819, 46.30214799 ], [ -123.72088979, 46.30210413 ], [ -123.72118444, 46.30198772 ], [ -123.72132462, 46.30196508 ], [ -123.72291776, 46.30145843 ], [ -123.72331139, 46.30135173 ], [ -123.72338953, 46.30130839 ], [ -123.72369864, 46.30121008 ], [ -123.72400962, 46.30118596 ], [ -123.7240636, 46.30151613 ], [ -123.72414293, 46.30162573 ], [ -123.72427739, 46.30168606 ], [ -123.7245466, 46.30175733 ], [ -123.7246654, 46.30176273 ], [ -123.72528279, 46.30180639 ], [ -123.72541886, 46.30169626 ], [ -123.72552013, 46.30161433 ], [ -123.72547253, 46.30151559 ], [ -123.72550413, 46.30142779 ], [ -123.72555153, 46.30137293 ], [ -123.7256386, 46.30124673 ], [ -123.72562273, 46.30113699 ], [ -123.72558306, 46.30107673 ], [ -123.72559099, 46.30101093 ], [ -123.72564626, 46.30091213 ], [ -123.72566993, 46.30079686 ], [ -123.72564599, 46.30070359 ], [ -123.7255272, 46.30062693 ], [ -123.72531353, 46.30052819 ], [ -123.725266, 46.30047879 ], [ -123.72520266, 46.30041839 ], [ -123.72507268, 46.30027452 ], [ -123.72524165, 46.30008207 ], [ -123.72497365, 46.29827805 ], [ -123.72414964, 46.29601203 ], [ -123.72390097, 46.29471342 ], [ -123.72397159, 46.29464213 ], [ -123.72421693, 46.29447746 ], [ -123.72444633, 46.29435119 ], [ -123.72472319, 46.29425779 ], [ -123.72543539, 46.29412592 ], [ -123.72560153, 46.29406553 ], [ -123.72606039, 46.29380199 ], [ -123.72618699, 46.29369226 ], [ -123.72637679, 46.29351113 ], [ -123.72643999, 46.29341779 ], [ -123.72644779, 46.29318753 ], [ -123.72640013, 46.29306132 ], [ -123.72637633, 46.29295159 ], [ -123.72636443, 46.29292212 ], [ -123.72638666, 46.292909 ], [ -123.72677266, 46.292445 ], [ -123.72676266, 46.29206799 ], [ -123.72664158, 46.29189676 ], [ -123.72677913, 46.29176099 ], [ -123.72696099, 46.29154153 ], [ -123.72717453, 46.29126159 ], [ -123.72723772, 46.29110239 ], [ -123.72724539, 46.29099279 ], [ -123.72731659, 46.29087753 ], [ -123.72737193, 46.29080073 ], [ -123.72740353, 46.29075133 ], [ -123.72742719, 46.29060319 ], [ -123.72740339, 46.29055933 ], [ -123.72741913, 46.29046052 ], [ -123.72749819, 46.29031793 ], [ -123.72753772, 46.29019159 ], [ -123.72754539, 46.28997232 ], [ -123.72762439, 46.28980213 ], [ -123.72775893, 46.28969239 ], [ -123.72790919, 46.28964839 ], [ -123.72791361, 46.28964742 ], [ -123.72791367, 46.28965197 ], [ -123.72791467, 46.28971597 ], [ -123.72793267, 46.29345201 ], [ -123.72796667, 46.30041608 ], [ -123.72789167, 46.30402712 ], [ -123.72783167, 46.30689915 ], [ -123.72781767, 46.30754815 ], [ -123.72758167, 46.31136919 ], [ -123.72737867, 46.31465422 ], [ -123.72737767, 46.31656124 ], [ -123.72737467, 46.32787436 ], [ -123.72787167, 46.34335252 ], [ -123.72781667, 46.34542354 ], [ -123.72769967, 46.34990259 ], [ -123.72769367, 46.35012659 ], [ -123.72767867, 46.35061359 ], [ -123.72758267, 46.35379563 ], [ -123.72748267, 46.35722066 ], [ -123.72747767, 46.35735166 ], [ -123.72746734, 46.3576347 ], [ -123.72746274, 46.35763473 ], [ -123.72726454, 46.35763593 ], [ -123.72700801, 46.3576556 ], [ -123.72679594, 46.35773793 ], [ -123.72663694, 46.35784693 ], [ -123.72652821, 46.35791959 ], [ -123.72641641, 46.35809133 ], [ -123.72628294, 46.35822713 ], [ -123.72611534, 46.35846219 ], [ -123.72589241, 46.3588326 ], [ -123.72559181, 46.35904153 ], [ -123.72532454, 46.3591962 ], [ -123.72499021, 46.35944133 ], [ -123.72485261, 46.35954573 ], [ -123.72453294, 46.3597862 ], [ -123.72412074, 46.3601578 ], [ -123.72395254, 46.3603478 ], [ -123.72386381, 46.3604924 ], [ -123.72380774, 46.3606458 ], [ -123.72373001, 46.3607542 ], [ -123.72365181, 46.36082673 ], [ -123.72348601, 46.3609178 ], [ -123.72327281, 46.36091913 ], [ -123.72312781, 46.360866 ], [ -123.72300514, 46.3607678 ], [ -123.72295994, 46.36070513 ], [ -123.72291514, 46.3605704 ], [ -123.72290441, 46.36037253 ], [ -123.72288281, 46.3603096 ], [ -123.72287161, 46.36020173 ], [ -123.72283781, 46.36012993 ], [ -123.72274834, 46.36005853 ], [ -123.72264741, 46.36001413 ], [ -123.72247974, 46.3599972 ], [ -123.72226854, 46.36002553 ], [ -123.72220481, 46.36005293 ], [ -123.72204561, 46.36012593 ], [ -123.72192294, 46.36021673 ], [ -123.72184534, 46.3603072 ], [ -123.72167761, 46.3605602 ], [ -123.72153321, 46.36073213 ], [ -123.72141034, 46.36083193 ], [ -123.72127594, 46.36090473 ], [ -123.72108654, 46.36095093 ], [ -123.72057441, 46.3609722 ], [ -123.72019921, 46.36094753 ], [ -123.71993774, 46.3609312 ], [ -123.71944681, 46.36094333 ], [ -123.71915741, 46.36099013 ], [ -123.71845361, 46.36112953 ], [ -123.71841874, 46.36113873 ], [ -123.71810854, 46.36123973 ], [ -123.71778574, 46.36137673 ], [ -123.71753941, 46.3615222 ], [ -123.71741801, 46.361649 ], [ -123.71736221, 46.36173033 ], [ -123.71733934, 46.36181153 ], [ -123.71735001, 46.3619734 ], [ -123.71739501, 46.36206313 ], [ -123.71754001, 46.3622512 ], [ -123.71762934, 46.3623406 ], [ -123.71769654, 46.3624392 ], [ -123.71780861, 46.36255553 ], [ -123.71791941, 46.3627078 ], [ -123.71795274, 46.3627976 ], [ -123.71794234, 46.3629056 ], [ -123.71789721, 46.36296893 ], [ -123.71781941, 46.3630414 ], [ -123.71765121, 46.36313253 ], [ -123.71752941, 46.3632322 ], [ -123.71736254, 46.36339533 ], [ -123.71725341, 46.36353093 ], [ -123.71723994, 46.363549 ], [ -123.71719414, 46.36363033 ], [ -123.71719501, 46.36378333 ], [ -123.71741741, 46.36410593 ], [ -123.71746274, 46.3641506 ], [ -123.71748441, 46.36420453 ], [ -123.71757381, 46.36435693 ], [ -123.71756241, 46.36442 ], [ -123.71751814, 46.3644742 ], [ -123.71738421, 46.36452013 ], [ -123.71716094, 46.36456653 ], [ -123.71699394, 46.36455853 ], [ -123.71653714, 46.3645074 ], [ -123.71633574, 46.36451773 ], [ -123.71614574, 46.3645638 ], [ -123.71581154, 46.36469193 ], [ -123.71566701, 46.3648278 ], [ -123.71563401, 46.364891 ], [ -123.71562261, 46.36495413 ], [ -123.71559961, 46.3652692 ], [ -123.71555541, 46.36534153 ], [ -123.71543294, 46.36545033 ], [ -123.71526994, 46.36544233 ], [ -123.71524361, 46.36532553 ], [ -123.71527554, 46.36525333 ], [ -123.71526501, 46.36515433 ], [ -123.71518734, 46.3650288 ], [ -123.71506494, 46.3649216 ], [ -123.71494181, 46.3648684 ], [ -123.71437341, 46.36479093 ], [ -123.71404981, 46.36478393 ], [ -123.71369274, 46.3648132 ], [ -123.71350834, 46.3648458 ], [ -123.71323481, 46.364897 ], [ -123.71298921, 46.3649166 ], [ -123.71268854, 46.3649094 ], [ -123.71198554, 46.3648058 ], [ -123.71181881, 46.3648158 ], [ -123.71148414, 46.36488993 ], [ -123.71107101, 46.36504553 ], [ -123.71099734, 46.3650684 ], [ -123.71070361, 46.3651648 ], [ -123.71027941, 46.3652844 ], [ -123.70994594, 46.36541253 ], [ -123.70952154, 46.36557713 ], [ -123.70913114, 46.36579553 ], [ -123.70882901, 46.3660044 ], [ -123.70870661, 46.36614913 ], [ -123.70862854, 46.3663026 ], [ -123.70863981, 46.36639253 ], [ -123.70870594, 46.36647313 ], [ -123.70877461, 46.36650873 ], [ -123.70892801, 46.36652573 ], [ -123.70898621, 46.3665344 ], [ -123.70913074, 46.36651553 ], [ -123.70935334, 46.36642413 ], [ -123.70972194, 46.3661518 ], [ -123.70994434, 46.36604253 ], [ -123.71009521, 46.36605953 ], [ -123.71017901, 46.366122 ], [ -123.71020054, 46.36618493 ], [ -123.71019014, 46.36644593 ], [ -123.71013361, 46.36673433 ], [ -123.71003414, 46.36707693 ], [ -123.71002314, 46.36719393 ], [ -123.70987821, 46.3675458 ], [ -123.70982221, 46.3676182 ], [ -123.70959961, 46.36774553 ], [ -123.70942041, 46.3678726 ], [ -123.70928734, 46.36794553 ], [ -123.70915261, 46.36798233 ], [ -123.70894174, 46.3679836 ], [ -123.70852854, 46.3679232 ], [ -123.70820541, 46.3678532 ], [ -123.70791481, 46.367819 ], [ -123.70779141, 46.36782873 ], [ -123.70754734, 46.3678932 ], [ -123.70691121, 46.3682122 ], [ -123.70653154, 46.36837653 ], [ -123.70601881, 46.36857773 ], [ -123.70562741, 46.36875113 ], [ -123.70543821, 46.3688872 ], [ -123.70537201, 46.3689866 ], [ -123.70524861, 46.3692484 ], [ -123.70509181, 46.36943833 ], [ -123.70451294, 46.36991893 ], [ -123.70440161, 46.3700366 ], [ -123.70428981, 46.37019033 ], [ -123.70401114, 46.370759 ], [ -123.70397654, 46.3709842 ], [ -123.70399934, 46.371236 ], [ -123.70401341, 46.37128993 ], [ -123.70402241, 46.37132593 ], [ -123.70415594, 46.371658 ], [ -123.70420021, 46.3717208 ], [ -123.70426694, 46.37201733 ], [ -123.70425601, 46.3724314 ], [ -123.70407821, 46.37284653 ], [ -123.70402754, 46.3729818 ], [ -123.70393334, 46.37318033 ], [ -123.70385421, 46.3732888 ], [ -123.70372041, 46.3734246 ], [ -123.70337474, 46.3736608 ], [ -123.70315181, 46.37377013 ], [ -123.70282781, 46.37400613 ], [ -123.70273361, 46.37410573 ], [ -123.70253761, 46.37434993 ], [ -123.70252254, 46.374377 ], [ -123.70245941, 46.3744854 ], [ -123.70226314, 46.374833 ], [ -123.70225681, 46.3748466 ], [ -123.70224521, 46.37495473 ], [ -123.70215594, 46.3750902 ], [ -123.70207694, 46.37529773 ], [ -123.70204401, 46.37539693 ], [ -123.70203921, 46.37546893 ], [ -123.70202201, 46.375712 ], [ -123.70196574, 46.37588333 ], [ -123.70181954, 46.3761992 ], [ -123.70171941, 46.3764158 ], [ -123.70160934, 46.37656953 ], [ -123.70147394, 46.37675933 ], [ -123.70141781, 46.37690373 ], [ -123.70142874, 46.3770386 ], [ -123.70145061, 46.3770924 ], [ -123.70146241, 46.3771914 ], [ -123.70145081, 46.3775514 ], [ -123.70142894, 46.3776506 ], [ -123.70133814, 46.37783113 ], [ -123.70116094, 46.3780122 ], [ -123.70107074, 46.37804873 ], [ -123.70092574, 46.3780766 ], [ -123.70065774, 46.37806933 ], [ -123.70031201, 46.3780444 ], [ -123.70009914, 46.37804573 ], [ -123.69987541, 46.37809213 ], [ -123.69958741, 46.3782018 ], [ -123.69948481, 46.3782384 ], [ -123.69930594, 46.37836553 ], [ -123.69913854, 46.37851953 ], [ -123.69889354, 46.378908 ], [ -123.69880361, 46.3789986 ], [ -123.69850494, 46.3792794 ], [ -123.69836754, 46.3794062 ], [ -123.69830041, 46.3794966 ], [ -123.69827801, 46.3795868 ], [ -123.69836701, 46.3798022 ], [ -123.69842294, 46.37985593 ], [ -123.69859641, 46.3800798 ], [ -123.69878041, 46.38025873 ], [ -123.69884701, 46.38044733 ], [ -123.69886934, 46.38057313 ], [ -123.69892494, 46.3808248 ], [ -123.69905921, 46.38112093 ], [ -123.69917054, 46.3812462 ], [ -123.69920661, 46.381273 ], [ -123.69939354, 46.38139793 ], [ -123.69970701, 46.381567 ], [ -123.69982914, 46.3817102 ], [ -123.69982901, 46.3819262 ], [ -123.69972834, 46.3820168 ], [ -123.69942654, 46.3821626 ], [ -123.69912521, 46.38224553 ], [ -123.69875661, 46.38230173 ], [ -123.69863374, 46.38235653 ], [ -123.69855574, 46.382429 ], [ -123.69855534, 46.382609 ], [ -123.69882241, 46.38325533 ], [ -123.69890221, 46.3833988 ], [ -123.69892381, 46.38346173 ], [ -123.69902974, 46.383677 ], [ -123.69909001, 46.3838476 ], [ -123.69908161, 46.38407273 ], [ -123.69908034, 46.38409973 ], [ -123.69902381, 46.384289 ], [ -123.69901194, 46.38440613 ], [ -123.69901208, 46.38443668 ], [ -123.69753041, 46.38442594 ], [ -123.69533339, 46.38440994 ], [ -123.6848913, 46.38432995 ], [ -123.67455022, 46.38439495 ], [ -123.6720512, 46.38440795 ], [ -123.67164219, 46.38440995 ], [ -123.67116519, 46.38441195 ], [ -123.66911617, 46.38439295 ], [ -123.66750216, 46.38441295 ], [ -123.66619015, 46.38442995 ], [ -123.66421313, 46.38445595 ], [ -123.66298312, 46.38445595 ], [ -123.65875108, 46.38445995 ], [ -123.65736207, 46.38446195 ], [ -123.65375404, 46.38446495 ], [ -123.65218203, 46.38446595 ], [ -123.64329796, 46.38447095 ], [ -123.63772091, 46.38442495 ], [ -123.63522789, 46.38440395 ], [ -123.63304487, 46.38438595 ], [ -123.62279278, 46.38429795 ], [ -123.62240578, 46.38429496 ], [ -123.61762674, 46.38425396 ], [ -123.61709573, 46.38424996 ], [ -123.61433571, 46.38422596 ], [ -123.6128047, 46.38423396 ], [ -123.61246069, 46.38423596 ], [ -123.60751565, 46.38426296 ], [ -123.60289161, 46.38425596 ], [ -123.60212361, 46.38425496 ], [ -123.59687356, 46.38429696 ], [ -123.58445846, 46.38439796 ], [ -123.58329645, 46.38438196 ], [ -123.58159944, 46.38435696 ], [ -123.56796832, 46.38416996 ], [ -123.56386529, 46.38411396 ], [ -123.56040526, 46.38408896 ], [ -123.55817886, 46.38407236 ], [ -123.55814319, 46.38398321 ], [ -123.55808719, 46.38366855 ], [ -123.55809832, 46.38340755 ], [ -123.55814412, 46.38330822 ], [ -123.55825492, 46.38325375 ], [ -123.55836599, 46.38323521 ], [ -123.55865706, 46.38324275 ], [ -123.55894719, 46.38324135 ], [ -123.55911352, 46.38313255 ], [ -123.55921412, 46.38303301 ], [ -123.55924839, 46.38287995 ], [ -123.55922592, 46.38279902 ], [ -123.55918099, 46.38274521 ], [ -123.55913632, 46.38258341 ], [ -123.55910239, 46.38236761 ], [ -123.55906172, 46.38224181 ], [ -123.55902612, 46.38213402 ], [ -123.55899279, 46.38182821 ], [ -123.55896919, 46.38174735 ], [ -123.55894752, 46.38144142 ], [ -123.55873632, 46.38094741 ], [ -123.55870232, 46.38080362 ], [ -123.55866559, 46.38074535 ], [ -123.55840192, 46.38035515 ], [ -123.55831279, 46.38009455 ], [ -123.55832532, 46.37989655 ], [ -123.55840212, 46.37977915 ], [ -123.55845799, 46.37971595 ], [ -123.55860372, 46.37949921 ], [ -123.55871592, 46.37930961 ], [ -123.55874839, 46.37918355 ], [ -123.55875939, 46.37907541 ], [ -123.55881572, 46.37885915 ], [ -123.55888272, 46.37873281 ], [ -123.55897792, 46.37858842 ], [ -123.55902812, 46.37848015 ], [ -123.55905072, 46.37835402 ], [ -123.55906152, 46.37801201 ], [ -123.55910639, 46.37763381 ], [ -123.55911752, 46.37733675 ], [ -123.55920812, 46.37721935 ], [ -123.55922059, 46.37721021 ], [ -123.55965919, 46.37690215 ], [ -123.55969832, 46.37671295 ], [ -123.55963232, 46.37642535 ], [ -123.55959819, 46.37638041 ], [ -123.55958699, 46.37631755 ], [ -123.55940412, 46.37592242 ], [ -123.55938699, 46.37588655 ], [ -123.55934139, 46.37583275 ], [ -123.55926358, 46.37569815 ], [ -123.55902999, 46.37542021 ], [ -123.55878492, 46.37525942 ], [ -123.55837199, 46.37509055 ], [ -123.55806678, 46.37500655 ], [ -123.55800432, 46.37497981 ], [ -123.55790192, 46.37493081 ], [ -123.55783279, 46.37489515 ], [ -123.55779672, 46.37486381 ], [ -123.55777059, 46.37483375 ], [ -123.55769132, 46.37476795 ], [ -123.55737432, 46.37469115 ], [ -123.55712859, 46.37464721 ], [ -123.55650232, 46.37460341 ], [ -123.55633598, 46.37457035 ], [ -123.55628838, 46.37453195 ], [ -123.55624872, 46.37441681 ], [ -123.55617732, 46.37414795 ], [ -123.55617739, 46.37396695 ], [ -123.55623292, 46.37382421 ], [ -123.55634392, 46.37364875 ], [ -123.55653418, 46.37349515 ], [ -123.55708099, 46.37332501 ], [ -123.55768339, 46.37310562 ], [ -123.55800832, 46.37293015 ], [ -123.55816699, 46.37280395 ], [ -123.55846812, 46.37261741 ], [ -123.55857112, 46.37255701 ], [ -123.55869792, 46.37238155 ], [ -123.55872172, 46.37221142 ], [ -123.55870592, 46.37204142 ], [ -123.55865832, 46.37188775 ], [ -123.55858699, 46.37173961 ], [ -123.55841259, 46.37169021 ], [ -123.55823032, 46.37172315 ], [ -123.55804012, 46.37170121 ], [ -123.55784199, 46.37170675 ], [ -123.55764392, 46.37164642 ], [ -123.55758832, 46.37156401 ], [ -123.55769932, 46.37141041 ], [ -123.55776272, 46.37128435 ], [ -123.55775458, 46.37107997 ], [ -123.55781032, 46.37101001 ], [ -123.55788172, 46.37098261 ], [ -123.55793712, 46.37089475 ], [ -123.55797678, 46.37082341 ], [ -123.55803212, 46.37063141 ], [ -123.55804812, 46.37045042 ], [ -123.55800852, 46.37026395 ], [ -123.55790538, 46.37007735 ], [ -123.55775478, 46.36986881 ], [ -123.55755672, 46.36966595 ], [ -123.55731098, 46.36946841 ], [ -123.55713658, 46.36936415 ], [ -123.55700979, 46.36928182 ], [ -123.55671659, 46.36911175 ], [ -123.55648679, 46.36894175 ], [ -123.55631252, 46.36877715 ], [ -123.55614592, 46.36861255 ], [ -123.55609052, 46.36853561 ], [ -123.55601132, 46.36842601 ], [ -123.55591612, 46.36823395 ], [ -123.55583699, 46.36803095 ], [ -123.55578939, 46.36783341 ], [ -123.55570232, 46.36760855 ], [ -123.55559918, 46.36735615 ], [ -123.55546458, 46.36704342 ], [ -123.55535358, 46.36674722 ], [ -123.55524259, 46.36646741 ], [ -123.55513958, 46.36616015 ], [ -123.55506059, 46.36589135 ], [ -123.55496532, 46.36540861 ], [ -123.55496532, 46.36521655 ], [ -123.55499698, 46.36506301 ], [ -123.55512378, 46.36492581 ], [ -123.55531412, 46.36478315 ], [ -123.55552005, 46.36463515 ], [ -123.55567058, 46.36455821 ], [ -123.55583712, 46.36446502 ], [ -123.55603518, 46.36436081 ], [ -123.55614632, 46.36424561 ], [ -123.55611438, 46.36418535 ], [ -123.55595598, 46.36422375 ], [ -123.55587672, 46.36426755 ], [ -123.55578958, 46.36431141 ], [ -123.55567858, 46.36441015 ], [ -123.55559938, 46.36445955 ], [ -123.55556758, 46.36443761 ], [ -123.55552798, 46.36440475 ], [ -123.55529818, 46.36443215 ], [ -123.55528238, 46.36442115 ], [ -123.55525872, 46.36440461 ], [ -123.55534578, 46.36433335 ], [ -123.55547252, 46.36424015 ], [ -123.55552798, 46.36420161 ], [ -123.55571032, 46.36407555 ], [ -123.55580538, 46.36401522 ], [ -123.55589258, 46.36396035 ], [ -123.55605898, 46.36387255 ], [ -123.55620172, 46.36381775 ], [ -123.55624918, 46.36379575 ], [ -123.55651872, 46.36375741 ], [ -123.55686732, 46.36372995 ], [ -123.55720812, 46.36368615 ], [ -123.55725559, 46.36368061 ], [ -123.55752498, 46.36364775 ], [ -123.55788172, 46.36362021 ], [ -123.55823832, 46.36362581 ], [ -123.55855532, 46.36365321 ], [ -123.55886439, 46.36369715 ], [ -123.55918932, 46.36375741 ], [ -123.55948252, 46.36381781 ], [ -123.55972812, 46.36387261 ], [ -123.55994998, 46.36390015 ], [ -123.56002932, 46.36391101 ], [ -123.56013232, 46.36392755 ], [ -123.56025912, 46.36398241 ], [ -123.56046518, 46.36408661 ], [ -123.56069492, 46.36419635 ], [ -123.56071078, 46.36420735 ], [ -123.56094852, 46.36432255 ], [ -123.56117838, 46.36443775 ], [ -123.56140812, 46.36452001 ], [ -123.56167772, 46.36461335 ], [ -123.56201052, 46.36471201 ], [ -123.56235119, 46.36481635 ], [ -123.56258112, 46.36490401 ], [ -123.56269198, 46.36498635 ], [ -123.56271578, 46.36500821 ], [ -123.56279512, 46.36507961 ], [ -123.56296938, 46.36517281 ], [ -123.56321512, 46.36525521 ], [ -123.56400758, 46.36545815 ], [ -123.56446725, 46.36559535 ], [ -123.56484772, 46.36571041 ], [ -123.56509332, 46.36578721 ], [ -123.56527572, 46.36580921 ], [ -123.56538652, 46.36579275 ], [ -123.56571138, 46.36573235 ], [ -123.56575898, 46.36566115 ], [ -123.56591752, 46.36541961 ], [ -123.56603638, 46.36524961 ], [ -123.56621058, 46.36510695 ], [ -123.56636118, 46.36496981 ], [ -123.56638492, 46.36481621 ], [ -123.56633739, 46.36460775 ], [ -123.56625019, 46.36435535 ], [ -123.56617098, 46.36411401 ], [ -123.56609958, 46.36394941 ], [ -123.56605198, 46.36380135 ], [ -123.56603612, 46.36376835 ], [ -123.56600452, 46.36368061 ], [ -123.56606778, 46.36358181 ], [ -123.56614712, 46.36346661 ], [ -123.56627392, 46.36334595 ], [ -123.56647992, 46.36325261 ], [ -123.56664619, 46.36314841 ], [ -123.56670172, 46.36297281 ], [ -123.56670958, 46.36276435 ], [ -123.56672539, 46.36270955 ], [ -123.56676498, 46.36255595 ], [ -123.56681258, 46.36235841 ], [ -123.56680452, 46.36214441 ], [ -123.56674112, 46.36188661 ], [ -123.56666978, 46.36167261 ], [ -123.56667772, 46.36150815 ], [ -123.56666192, 46.36141481 ], [ -123.56654292, 46.36137641 ], [ -123.56647952, 46.36131615 ], [ -123.56647158, 46.36113515 ], [ -123.56647952, 46.36095395 ], [ -123.56644778, 46.36079495 ], [ -123.56633678, 46.36056995 ], [ -123.56634472, 46.36047121 ], [ -123.56640012, 46.36034515 ], [ -123.56646352, 46.36020795 ], [ -123.56650312, 46.36004881 ], [ -123.56655858, 46.35985681 ], [ -123.56659812, 46.35964835 ], [ -123.56666152, 46.35939041 ], [ -123.56669318, 46.35929721 ], [ -123.56675658, 46.35914355 ], [ -123.56682792, 46.35891321 ], [ -123.56689918, 46.35869375 ], [ -123.56699418, 46.35849621 ], [ -123.56712878, 46.35831521 ], [ -123.56728732, 46.35815608 ], [ -123.56747752, 46.35802441 ], [ -123.56765978, 46.35789821 ], [ -123.56784978, 46.35779941 ], [ -123.56807172, 46.35773915 ], [ -123.56828572, 46.35772815 ], [ -123.56855512, 46.35772261 ], [ -123.56877685, 46.35772801 ], [ -123.56897499, 46.35772801 ], [ -123.56922072, 46.35772801 ], [ -123.56945838, 46.35769514 ], [ -123.56973578, 46.35768415 ], [ -123.57001298, 46.35769515 ], [ -123.57028239, 46.35771695 ], [ -123.57059152, 46.35774994 ], [ -123.57083719, 46.35778821 ], [ -123.57094798, 46.35778275 ], [ -123.57107478, 46.35778821 ], [ -123.57132838, 46.35784855 ], [ -123.57155032, 46.35792541 ], [ -123.57174838, 46.35803515 ], [ -123.57189112, 46.35813381 ], [ -123.57204158, 46.35822154 ], [ -123.57223192, 46.35833121 ], [ -123.57245372, 46.35844641 ], [ -123.57274705, 46.35858355 ], [ -123.57307179, 46.35870975 ], [ -123.57311152, 46.35872621 ], [ -123.57339679, 46.35883041 ], [ -123.57371378, 46.35892915 ], [ -123.57396732, 46.35902241 ], [ -123.57410212, 46.35910461 ], [ -123.57419718, 46.35912101 ], [ -123.57420112, 46.35912181 ], [ -123.57425272, 46.35913201 ], [ -123.57444279, 46.35904421 ], [ -123.57463292, 46.35890161 ], [ -123.57479139, 46.35874255 ], [ -123.57497352, 46.35862174 ], [ -123.57498152, 46.35860535 ], [ -123.57505279, 46.35851201 ], [ -123.57506072, 46.35838034 ], [ -123.57513192, 46.35824321 ], [ -123.57529032, 46.35809514 ], [ -123.57549632, 46.35795795 ], [ -123.57571818, 46.35784261 ], [ -123.57575772, 46.35782061 ], [ -123.57607458, 46.35764515 ], [ -123.57647859, 46.35745301 ], [ -123.57686692, 46.35722255 ], [ -123.57693019, 46.35719515 ], [ -123.57724712, 46.35702501 ], [ -123.57760358, 46.35682201 ], [ -123.57797612, 46.35664095 ], [ -123.57826112, 46.35645981 ], [ -123.57853839, 46.35630614 ], [ -123.57860972, 46.35627334 ], [ -123.57867312, 46.35623481 ], [ -123.57882358, 46.35615801 ], [ -123.57917232, 46.35597694 ], [ -123.57952872, 46.35578481 ], [ -123.57989318, 46.35558735 ], [ -123.58027332, 46.35541175 ], [ -123.58061398, 46.35525801 ], [ -123.58064572, 46.35524154 ], [ -123.58089132, 46.35510981 ], [ -123.58097052, 46.35508235 ], [ -123.58108139, 46.35504954 ], [ -123.58123192, 46.35502201 ], [ -123.58141419, 46.35500554 ], [ -123.58154099, 46.35498354 ], [ -123.58150132, 46.35494514 ], [ -123.58142199, 46.35489574 ], [ -123.58150119, 46.35484095 ], [ -123.58159632, 46.35480801 ], [ -123.58169918, 46.35475861 ], [ -123.58202412, 46.35466521 ], [ -123.58240439, 46.35453901 ], [ -123.58272132, 46.35445674 ], [ -123.58348972, 46.35426454 ], [ -123.58392552, 46.35416021 ], [ -123.58436912, 46.35405041 ], [ -123.58459899, 46.35399894 ], [ -123.58461472, 46.35399541 ], [ -123.58473359, 46.35402294 ], [ -123.58486038, 46.35407774 ], [ -123.58503459, 46.35409414 ], [ -123.58520112, 46.35406121 ], [ -123.58558912, 46.35357834 ], [ -123.58574752, 46.35332041 ], [ -123.58593739, 46.35306814 ], [ -123.58610372, 46.35277181 ], [ -123.58626198, 46.35248101 ], [ -123.58640452, 46.35224501 ], [ -123.58649952, 46.35206401 ], [ -123.58651532, 46.35191041 ], [ -123.58649932, 46.35180068 ], [ -123.58649932, 46.35176774 ], [ -123.58642792, 46.35164154 ], [ -123.58631692, 46.35154834 ], [ -123.58622972, 46.35141121 ], [ -123.58618219, 46.35123574 ], [ -123.58615038, 46.35109854 ], [ -123.58620578, 46.35098881 ], [ -123.58637999, 46.35084614 ], [ -123.58660185, 46.35070894 ], [ -123.58683152, 46.35058261 ], [ -123.58705319, 46.35041814 ], [ -123.58724318, 46.35023141 ], [ -123.58735419, 46.35015461 ], [ -123.58740952, 46.35011621 ], [ -123.58748079, 46.35011074 ], [ -123.58767099, 46.35008874 ], [ -123.58778192, 46.35007774 ], [ -123.58790079, 46.35005034 ], [ -123.58803539, 46.35001181 ], [ -123.58832059, 46.34993494 ], [ -123.58860578, 46.34983074 ], [ -123.58889878, 46.34970441 ], [ -123.58918399, 46.34958361 ], [ -123.58938199, 46.34952874 ], [ -123.58948499, 46.34949034 ], [ -123.58955619, 46.34941354 ], [ -123.58957998, 46.34938601 ], [ -123.58961952, 46.34932021 ], [ -123.58971465, 46.34925994 ], [ -123.58987299, 46.34921054 ], [ -123.58990479, 46.34919941 ], [ -123.59003139, 46.34912814 ], [ -123.59017392, 46.34898554 ], [ -123.59030852, 46.34878794 ], [ -123.59034798, 46.34871654 ], [ -123.59042719, 46.34855754 ], [ -123.59054592, 46.34828861 ], [ -123.59064079, 46.34800334 ], [ -123.59065579, 46.34793521 ], [ -123.59065652, 46.34793201 ], [ -123.59071192, 46.34775094 ], [ -123.59076732, 46.34749854 ], [ -123.59082258, 46.34724621 ], [ -123.59091758, 46.34704874 ], [ -123.59102832, 46.34688401 ], [ -123.59113118, 46.34674694 ], [ -123.59129758, 46.34667014 ], [ -123.59151139, 46.34662061 ], [ -123.59203432, 46.34661501 ], [ -123.59229572, 46.34660954 ], [ -123.59257298, 46.34657094 ], [ -123.59283439, 46.34648861 ], [ -123.59309578, 46.34638434 ], [ -123.59334118, 46.34627454 ], [ -123.59357079, 46.34611534 ], [ -123.59378458, 46.34596174 ], [ -123.59395892, 46.34581894 ], [ -123.59408559, 46.34573121 ], [ -123.59422812, 46.34566534 ], [ -123.59436272, 46.34561594 ], [ -123.59461625, 46.34554454 ], [ -123.59492512, 46.34547861 ], [ -123.59532119, 46.34547294 ], [ -123.59559852, 46.34553874 ], [ -123.59591538, 46.34565381 ], [ -123.59650165, 46.34573054 ], [ -123.59697712, 46.34575234 ], [ -123.59733359, 46.34579061 ], [ -123.59806252, 46.34588361 ], [ -123.59847439, 46.34593834 ], [ -123.59878338, 46.34593274 ], [ -123.59905272, 46.34588881 ], [ -123.59952799, 46.34571301 ], [ -123.59988432, 46.34555934 ], [ -123.60034358, 46.34528494 ], [ -123.60058899, 46.34511474 ], [ -123.60069198, 46.34505981 ], [ -123.60097712, 46.34498841 ], [ -123.60123059, 46.34497741 ], [ -123.60135739, 46.34499374 ], [ -123.60162679, 46.34505401 ], [ -123.60195959, 46.34519654 ], [ -123.60223699, 46.34536641 ], [ -123.60269679, 46.34574494 ], [ -123.60275232, 46.34578874 ], [ -123.60294252, 46.34593134 ], [ -123.60375892, 46.34644674 ], [ -123.60404419, 46.34660021 ], [ -123.60436112, 46.34672621 ], [ -123.60474152, 46.34680294 ], [ -123.60505619, 46.34683554 ], [ -123.60505839, 46.34683574 ], [ -123.60569219, 46.34690681 ], [ -123.60594579, 46.34697801 ], [ -123.60676212, 46.34729594 ], [ -123.60696819, 46.34735074 ], [ -123.60717412, 46.34736714 ], [ -123.60737212, 46.34731761 ], [ -123.60769679, 46.34720774 ], [ -123.60802152, 46.34704854 ], [ -123.60821952, 46.34691134 ], [ -123.60838572, 46.34678501 ], [ -123.60854399, 46.34662041 ], [ -123.60865472, 46.34647774 ], [ -123.60875759, 46.34628014 ], [ -123.60886812, 46.34585221 ], [ -123.60892339, 46.34562174 ], [ -123.60897079, 46.34552301 ], [ -123.60903412, 46.34541874 ], [ -123.60911319, 46.34535841 ], [ -123.60928752, 46.34529254 ], [ -123.60939832, 46.34529241 ], [ -123.60963612, 46.34543501 ], [ -123.60977879, 46.34560494 ], [ -123.60983452, 46.34568721 ], [ -123.61004845, 46.34591761 ], [ -123.61008812, 46.34598881 ], [ -123.61020712, 46.34610954 ], [ -123.61027059, 46.34620821 ], [ -123.61035792, 46.34639474 ], [ -123.61038979, 46.34655921 ], [ -123.61039019, 46.34695421 ], [ -123.61032712, 46.34731094 ], [ -123.61030339, 46.34739321 ], [ -123.61021652, 46.34759074 ], [ -123.61019279, 46.34768954 ], [ -123.61016112, 46.34776634 ], [ -123.61014572, 46.34823261 ], [ -123.61011419, 46.34832041 ], [ -123.61003499, 46.34844674 ], [ -123.61005899, 46.34863861 ], [ -123.61004339, 46.34896234 ], [ -123.60998812, 46.34908854 ], [ -123.60983792, 46.34950001 ], [ -123.60982219, 46.34958234 ], [ -123.60976679, 46.34970854 ], [ -123.60973519, 46.34980734 ], [ -123.60967992, 46.34990601 ], [ -123.60965632, 46.35009801 ], [ -123.60963259, 46.35015301 ], [ -123.60962492, 46.35047661 ], [ -123.60966479, 46.35082774 ], [ -123.60974439, 46.35108561 ], [ -123.60982379, 46.35123914 ], [ -123.60999032, 46.35149141 ], [ -123.61034719, 46.35190274 ], [ -123.61041859, 46.35201234 ], [ -123.61045832, 46.35206174 ], [ -123.61052972, 46.35218241 ], [ -123.61058532, 46.35234154 ], [ -123.61057772, 46.35257741 ], [ -123.61056199, 46.35275854 ], [ -123.61050659, 46.35288474 ], [ -123.61043539, 46.35295601 ], [ -123.61004739, 46.35324694 ], [ -123.60996832, 46.35329088 ], [ -123.60978599, 46.35334581 ], [ -123.60945332, 46.35338434 ], [ -123.60920772, 46.35336794 ], [ -123.60896199, 46.35331321 ], [ -123.60878759, 46.35325841 ], [ -123.60865306, 46.35329134 ], [ -123.60847092, 46.35343414 ], [ -123.60842339, 46.35351641 ], [ -123.608428574023023, 46.353662068403082 ], [ -123.60916733705524, 46.353658202914765 ], [ -123.60950099, 46.35359274 ], [ -123.60998419, 46.35349921 ], [ -123.61021392, 46.35341694 ], [ -123.61034859, 46.35331814 ], [ -123.61049112, 46.35318094 ], [ -123.61057819, 46.35310954 ], [ -123.61080779, 46.35291741 ], [ -123.61093432, 46.35275281 ], [ -123.61098179, 46.35265401 ], [ -123.61097352, 46.35233034 ], [ -123.61094979, 46.35228641 ], [ -123.61094172, 46.35217134 ], [ -123.61087032, 46.35204514 ], [ -123.61064819, 46.35175994 ], [ -123.61048952, 46.35158454 ], [ -123.61029919, 46.35133761 ], [ -123.61012459, 46.35105801 ], [ -123.61002139, 46.35080014 ], [ -123.60996572, 46.35054781 ], [ -123.60998112, 46.35014734 ], [ -123.61002059, 46.34996074 ], [ -123.61009952, 46.34971934 ], [ -123.61028932, 46.34926394 ], [ -123.61038432, 46.34908841 ], [ -123.61042359, 46.34892374 ], [ -123.61043919, 46.34845754 ], [ -123.61049432, 46.34819414 ], [ -123.61045452, 46.34801314 ], [ -123.61046199, 46.34759061 ], [ -123.61049372, 46.34750834 ], [ -123.61051732, 46.34733821 ], [ -123.61057259, 46.34720654 ], [ -123.61065152, 46.34687181 ], [ -123.61066699, 46.34655361 ], [ -123.61065112, 46.34646594 ], [ -123.61062719, 46.34630134 ], [ -123.61059539, 46.34616961 ], [ -123.61051599, 46.34600514 ], [ -123.61034939, 46.34575834 ], [ -123.61016699, 46.34553354 ], [ -123.60977852, 46.34516614 ], [ -123.60954859, 46.34502354 ], [ -123.60924752, 46.34488654 ], [ -123.60909692, 46.34489201 ], [ -123.60897812, 46.34493601 ], [ -123.60892272, 46.34497994 ], [ -123.60884359, 46.34506221 ], [ -123.60874072, 46.34524334 ], [ -123.60867752, 46.34542441 ], [ -123.60863019, 46.34558354 ], [ -123.60860652, 46.34573714 ], [ -123.60855119, 46.34591821 ], [ -123.60853552, 46.34604434 ], [ -123.60849599, 46.34613761 ], [ -123.60846439, 46.34620901 ], [ -123.60824299, 46.34664254 ], [ -123.60813219, 46.34679614 ], [ -123.60802919, 46.34690041 ], [ -123.60778379, 46.34704861 ], [ -123.60751459, 46.34715841 ], [ -123.60731652, 46.34719141 ], [ -123.60692839, 46.34712574 ], [ -123.60614379, 46.34690114 ], [ -123.60524039, 46.34661074 ], [ -123.60501059, 46.34658341 ], [ -123.60494739, 46.34657794 ], [ -123.60427379, 46.34650681 ], [ -123.60402032, 46.34644661 ], [ -123.60386179, 46.34638634 ], [ -123.60352099, 46.34610661 ], [ -123.60323552, 46.34583241 ], [ -123.60318792, 46.34573921 ], [ -123.60316412, 46.34560754 ], [ -123.60310859, 46.34555274 ], [ -123.60286292, 46.34542661 ], [ -123.60269652, 46.34534994 ], [ -123.60241119, 46.34522934 ], [ -123.60181672, 46.34495521 ], [ -123.60142058, 46.34482914 ], [ -123.60119079, 46.34478534 ], [ -123.60081072, 46.34478001 ], [ -123.60066812, 46.34482394 ], [ -123.60029592, 46.34505994 ], [ -123.59971778, 46.34538934 ], [ -123.59960692, 46.34544961 ], [ -123.59938532, 46.34555941 ], [ -123.59881499, 46.34577361 ], [ -123.59860119, 46.34579021 ], [ -123.59830012, 46.34576834 ], [ -123.59765025, 46.34561494 ], [ -123.59717512, 46.34555467 ], [ -123.59643032, 46.34552201 ], [ -123.59641452, 46.34552201 ], [ -123.59598672, 46.34547834 ], [ -123.59538439, 46.34535781 ], [ -123.59528152, 46.34534134 ], [ -123.59501998, 46.34529754 ], [ -123.59488539, 46.34528661 ], [ -123.59469532, 46.34532501 ], [ -123.59431512, 46.34544594 ], [ -123.59380032, 46.34565441 ], [ -123.59349152, 46.34583561 ], [ -123.59322218, 46.34597834 ], [ -123.59310345, 46.34609901 ], [ -123.59292139, 46.34624161 ], [ -123.59265199, 46.34634054 ], [ -123.59239072, 46.34638994 ], [ -123.59216879, 46.34635161 ], [ -123.59201032, 46.34631874 ], [ -123.59189152, 46.34637914 ], [ -123.59166192, 46.34641754 ], [ -123.59138458, 46.34643414 ], [ -123.59128152, 46.34645601 ], [ -123.59113112, 46.34648901 ], [ -123.59092518, 46.34656594 ], [ -123.59089352, 46.34658781 ], [ -123.59075892, 46.34670314 ], [ -123.59065592, 46.34686774 ], [ -123.59059279, 46.34708174 ], [ -123.59052952, 46.34731214 ], [ -123.59052178, 46.34755901 ], [ -123.59050598, 46.34776741 ], [ -123.59045059, 46.34793754 ], [ -123.59039519, 46.34809121 ], [ -123.59038738, 46.34813514 ], [ -123.59036372, 46.34826134 ], [ -123.59031618, 46.34841494 ], [ -123.59027672, 46.34855201 ], [ -123.59022132, 46.34868921 ], [ -123.59011038, 46.34880994 ], [ -123.58998378, 46.34892514 ], [ -123.58983332, 46.34903494 ], [ -123.58974618, 46.34905694 ], [ -123.58967479, 46.34907881 ], [ -123.58964319, 46.34909534 ], [ -123.58954812, 46.34915014 ], [ -123.58948492, 46.34923794 ], [ -123.58930272, 46.34935321 ], [ -123.58923139, 46.34937514 ], [ -123.58905712, 46.34943001 ], [ -123.58877992, 46.34953981 ], [ -123.58852638, 46.34968814 ], [ -123.58828079, 46.34980334 ], [ -123.58818579, 46.34982534 ], [ -123.58805912, 46.34985281 ], [ -123.58785312, 46.34986374 ], [ -123.58760752, 46.34992421 ], [ -123.58734619, 46.35003941 ], [ -123.58706098, 46.35019314 ], [ -123.58675998, 46.35036321 ], [ -123.58649078, 46.35056634 ], [ -123.58627699, 46.35073094 ], [ -123.58625319, 46.35075281 ], [ -123.58606312, 46.35093394 ], [ -123.58592852, 46.35109301 ], [ -123.58587312, 46.35121921 ], [ -123.58590479, 46.35130701 ], [ -123.58592865, 46.35135641 ], [ -123.58593658, 46.35137281 ], [ -123.58601592, 46.35150454 ], [ -123.58603972, 46.35154294 ], [ -123.58610312, 46.35162521 ], [ -123.58612692, 46.35174034 ], [ -123.58612699, 46.35188301 ], [ -123.58610319, 46.35204214 ], [ -123.58605592, 46.35222861 ], [ -123.58596892, 46.35244261 ], [ -123.58585799, 46.35269501 ], [ -123.58573132, 46.35293094 ], [ -123.58564432, 46.35307361 ], [ -123.58550179, 46.35335341 ], [ -123.58544638, 46.35343021 ], [ -123.58536719, 46.35354001 ], [ -123.58524052, 46.35369914 ], [ -123.58509785, 46.35380881 ], [ -123.58493952, 46.35382528 ], [ -123.58491572, 46.35381434 ], [ -123.58483652, 46.35377054 ], [ -123.58473352, 46.35372661 ], [ -123.58451952, 46.35373761 ], [ -123.58416312, 46.35382001 ], [ -123.58400458, 46.35386394 ], [ -123.58371152, 46.35393534 ], [ -123.58330738, 46.35405061 ], [ -123.58324412, 46.35406701 ], [ -123.58230132, 46.35433061 ], [ -123.58188932, 46.35446781 ], [ -123.58147732, 46.35458315 ], [ -123.58109712, 46.35470381 ], [ -123.58078032, 46.35481914 ], [ -123.58048712, 46.35496721 ], [ -123.58014652, 46.35510994 ], [ -123.57982172, 46.35526914 ], [ -123.57950472, 46.35540081 ], [ -123.57923538, 46.35554895 ], [ -123.57893438, 46.35572455 ], [ -123.57862538, 46.35588921 ], [ -123.57830852, 46.35603741 ], [ -123.57811052, 46.35610874 ], [ -123.57765098, 46.35637755 ], [ -123.57761152, 46.35639954 ], [ -123.57732618, 46.35656415 ], [ -123.57700138, 46.35677275 ], [ -123.57677178, 46.35694821 ], [ -123.57669252, 46.35699221 ], [ -123.57635972, 46.35718421 ], [ -123.57603499, 46.35737634 ], [ -123.57571812, 46.35757934 ], [ -123.57522692, 46.35796881 ], [ -123.57503679, 46.35815541 ], [ -123.57484672, 46.35836935 ], [ -123.57468819, 46.35853941 ], [ -123.57455352, 46.35873154 ], [ -123.57440298, 46.35883581 ], [ -123.57419712, 46.35888514 ], [ -123.57395138, 46.35884135 ], [ -123.57365032, 46.35870974 ], [ -123.57330959, 46.35852315 ], [ -123.57293698, 46.35833661 ], [ -123.57257252, 46.35815021 ], [ -123.57225558, 46.35799661 ], [ -123.57223972, 46.35798561 ], [ -123.57196232, 46.35789795 ], [ -123.57162952, 46.35781561 ], [ -123.57127292, 46.35770595 ], [ -123.57101932, 46.35762915 ], [ -123.57094798, 46.35760721 ], [ -123.57022692, 46.35747561 ], [ -123.57015558, 46.35747561 ], [ -123.56983072, 46.35746474 ], [ -123.56946619, 46.35746475 ], [ -123.56907805, 46.35746475 ], [ -123.56867392, 46.35747021 ], [ -123.56854712, 46.35747574 ], [ -123.56829352, 46.35750315 ], [ -123.56819045, 46.35752515 ], [ -123.56799252, 46.35756901 ], [ -123.56770718, 46.35767321 ], [ -123.56745358, 46.35779941 ], [ -123.56723978, 46.35792574 ], [ -123.56705752, 46.35806835 ], [ -123.56703378, 46.35808475 ], [ -123.56685938, 46.35828221 ], [ -123.56681192, 46.35833715 ], [ -123.56675652, 46.35840855 ], [ -123.56667732, 46.35851821 ], [ -123.56654258, 46.35877055 ], [ -123.56645552, 46.35901741 ], [ -123.56642372, 46.35911061 ], [ -123.56638418, 46.35923681 ], [ -123.56634458, 46.35944535 ], [ -123.56633672, 46.35965921 ], [ -123.56632078, 46.35987875 ], [ -123.56627332, 46.36009821 ], [ -123.56621792, 46.36022441 ], [ -123.56620999, 46.36026281 ], [ -123.56616252, 46.36034515 ], [ -123.56615458, 46.36036701 ], [ -123.56628939, 46.36100895 ], [ -123.56627352, 46.36121735 ], [ -123.56628152, 46.36142581 ], [ -123.56632912, 46.36166721 ], [ -123.56637658, 46.36188661 ], [ -123.56635292, 46.36207861 ], [ -123.56643212, 46.36228715 ], [ -123.56650352, 46.36252301 ], [ -123.56654312, 46.36273695 ], [ -123.56653519, 46.36276441 ], [ -123.56647192, 46.36292355 ], [ -123.56630552, 46.36311001 ], [ -123.56609152, 46.36330755 ], [ -123.56589358, 46.36354895 ], [ -123.56576672, 46.36374641 ], [ -123.56565578, 46.36391655 ], [ -123.56568752, 46.36408115 ], [ -123.56568752, 46.36409201 ], [ -123.56574299, 46.36427315 ], [ -123.56582219, 46.36445961 ], [ -123.56584599, 46.36463515 ], [ -123.56584598, 46.36481075 ], [ -123.56581438, 46.36493695 ], [ -123.56579858, 46.36497535 ], [ -123.56574298, 46.36513441 ], [ -123.56570352, 46.36527155 ], [ -123.56564012, 46.36545815 ], [ -123.56554512, 46.36560075 ], [ -123.56538652, 46.36559521 ], [ -123.56511699, 46.36552935 ], [ -123.56474459, 46.36543621 ], [ -123.56428498, 46.36531555 ], [ -123.56381739, 46.36517835 ], [ -123.56364299, 46.36511255 ], [ -123.56343699, 46.36503021 ], [ -123.56326258, 46.36496995 ], [ -123.56304859, 46.36489301 ], [ -123.56267619, 46.36475041 ], [ -123.56235118, 46.36461335 ], [ -123.56206592, 46.36446515 ], [ -123.56171732, 46.36434455 ], [ -123.56134478, 46.36422381 ], [ -123.56102778, 46.36409761 ], [ -123.56071092, 46.36395495 ], [ -123.56047312, 46.36383975 ], [ -123.56046518, 46.36382881 ], [ -123.56017192, 46.36371355 ], [ -123.56014018, 46.36370261 ], [ -123.55987872, 46.36362035 ], [ -123.55922092, 46.36347215 ], [ -123.55897532, 46.36338995 ], [ -123.55863452, 46.36335141 ], [ -123.55822238, 46.36332401 ], [ -123.55785798, 46.36331855 ], [ -123.55754098, 46.36336241 ], [ -123.55727152, 46.36343922 ], [ -123.55703378, 46.36349955 ], [ -123.55696252, 46.36350501 ], [ -123.55674058, 46.36352701 ], [ -123.55639192, 46.36357635 ], [ -123.55612252, 46.36365861 ], [ -123.55590852, 46.36375195 ], [ -123.55574212, 46.36387261 ], [ -123.55511598, 46.36434981 ], [ -123.55490992, 46.36448155 ], [ -123.55479892, 46.36462955 ], [ -123.55478318, 46.36467895 ], [ -123.55475932, 46.36478315 ], [ -123.55473926, 46.36483467 ], [ -123.55437445, 46.36485884 ], [ -123.5537647, 46.36499592 ], [ -123.55301565, 46.36518371 ], [ -123.55230794, 46.36541424 ], [ -123.55163189, 46.36587798 ], [ -123.55142068, 46.36624382 ], [ -123.55143882, 46.36674369 ], [ -123.55125791, 46.36701468 ], [ -123.55118996, 46.36711645 ], [ -123.55106721, 46.36745347 ], [ -123.5507429, 46.36796587 ], [ -123.55061998, 46.36842873 ], [ -123.5504332, 46.36880266 ], [ -123.54999108, 46.36904579 ], [ -123.54995268, 46.36933114 ], [ -123.55028143, 46.36971111 ], [ -123.5505539, 46.36997562 ], [ -123.55100735, 46.36998047 ], [ -123.55135913, 46.37002913 ], [ -123.55162051, 46.37014471 ], [ -123.55180275, 46.37035028 ], [ -123.5516274, 46.37062148 ], [ -123.55149078, 46.37066357 ], [ -123.55132434, 46.37071484 ], [ -123.55091029, 46.37079082 ], [ -123.5506447, 46.3710031 ], [ -123.55040145, 46.3713874 ], [ -123.5501056, 46.37170586 ], [ -123.54977615, 46.37182922 ], [ -123.54926992, 46.37188437 ], [ -123.54898549, 46.3721001 ], [ -123.54851074, 46.37251428 ], [ -123.5480969, 46.37266278 ], [ -123.54789492, 46.37266055 ], [ -123.54755412, 46.37264955 ], [ -123.54728472, 46.37259462 ], [ -123.54702318, 46.37250135 ], [ -123.54680132, 46.37242442 ], [ -123.54647632, 46.37235862 ], [ -123.54611172, 46.37229822 ], [ -123.54571538, 46.37225422 ], [ -123.54535872, 46.37222135 ], [ -123.54507338, 46.37222682 ], [ -123.54478812, 46.37228715 ], [ -123.54448678, 46.37238022 ], [ -123.54420938, 46.37248995 ], [ -123.54390032, 46.37261061 ], [ -123.54363078, 46.37274222 ], [ -123.54332958, 46.37295615 ], [ -123.54319472, 46.37306035 ], [ -123.54303618, 46.37325235 ], [ -123.54291732, 46.37343882 ], [ -123.54285378, 46.37363635 ], [ -123.54281418, 46.37377902 ], [ -123.54279832, 46.37387222 ], [ -123.54280612, 46.37403135 ], [ -123.54285365, 46.37420695 ], [ -123.54281398, 46.37438795 ], [ -123.54279812, 46.37442082 ], [ -123.54278218, 46.37445922 ], [ -123.54267118, 46.37464575 ], [ -123.54256312, 46.37483815 ], [ -123.54244938, 46.37500515 ], [ -123.54243572, 46.37502775 ], [ -123.54225098, 46.37519955 ], [ -123.54198592, 46.37534935 ], [ -123.54172718, 46.37544055 ], [ -123.54142532, 46.37548242 ], [ -123.54119592, 46.37549702 ], [ -123.54109718, 46.37550655 ], [ -123.54085618, 46.37553915 ], [ -123.54072059, 46.37555782 ], [ -123.54026598, 46.37564995 ], [ -123.53982932, 46.37574655 ], [ -123.53944898, 46.37586075 ], [ -123.53919938, 46.37593842 ], [ -123.53910012, 46.37597042 ], [ -123.53882212, 46.37607075 ], [ -123.53862232, 46.37613015 ], [ -123.53856438, 46.37615742 ], [ -123.53828692, 46.37624422 ], [ -123.53816338, 46.37628535 ], [ -123.53798472, 46.37637615 ], [ -123.53713572, 46.37668615 ], [ -123.53645478, 46.37686935 ], [ -123.53614312, 46.37697875 ], [ -123.53554078, 46.37717962 ], [ -123.53528392, 46.37725282 ], [ -123.53517078, 46.37728482 ], [ -123.53373292, 46.37771902 ], [ -123.53354352, 46.37775595 ], [ -123.53219385, 46.37783415 ], [ -123.53177012, 46.37782715 ], [ -123.53167692, 46.37782315 ], [ -123.53071078, 46.37779602 ], [ -123.53015378, 46.37776262 ], [ -123.52962958, 46.37763915 ], [ -123.52912838, 46.37754242 ], [ -123.52879318, 46.37749895 ], [ -123.52844778, 46.37738355 ], [ -123.52814131, 46.37724102 ], [ -123.52787852, 46.37704422 ], [ -123.52774518, 46.37690982 ], [ -123.52756612, 46.37675762 ], [ -123.52736658, 46.37662362 ], [ -123.52717778, 46.37652542 ], [ -123.52695358, 46.37645455 ], [ -123.52667498, 46.37645575 ], [ -123.52637451, 46.37652015 ], [ -123.52618458, 46.37660202 ], [ -123.52600598, 46.37673782 ], [ -123.52574898, 46.37701802 ], [ -123.52573578, 46.37703155 ], [ -123.52549171, 46.37726222 ], [ -123.52519118, 46.37748855 ], [ -123.52493298, 46.37760675 ], [ -123.52471118, 46.37764375 ], [ -123.52357311, 46.37769395 ], [ -123.52337271, 46.37773095 ], [ -123.52309392, 46.37781315 ], [ -123.52291431, 46.37790395 ], [ -123.52281398, 46.37800342 ], [ -123.52271405, 46.37820182 ], [ -123.52260191, 46.37834635 ], [ -123.52242265, 46.37854522 ], [ -123.52219918, 46.37871722 ], [ -123.52216712, 46.37876235 ], [ -123.52205498, 46.37885282 ], [ -123.52204138, 46.37887095 ], [ -123.52197638, 46.37895222 ], [ -123.52195451, 46.37900635 ], [ -123.52183098, 46.37916882 ], [ -123.52155272, 46.37935915 ], [ -123.52121758, 46.37953162 ], [ -123.52025691, 46.37984202 ], [ -123.52009058, 46.37994175 ], [ -123.52000378, 46.38000515 ], [ -123.51992311, 46.38006855 ], [ -123.51982278, 46.38015895 ], [ -123.51978858, 46.38024015 ], [ -123.51976651, 46.38035722 ], [ -123.51975418, 46.38069022 ], [ -123.51960911, 46.38114995 ], [ -123.51954231, 46.38126722 ], [ -123.51936358, 46.38139402 ], [ -123.51910672, 46.38147615 ], [ -123.51851538, 46.38159582 ], [ -123.51813611, 46.38170555 ], [ -123.51774918, 46.38184235 ], [ -123.51698698, 46.38211575 ], [ -123.51632838, 46.38221775 ], [ -123.51580378, 46.38235502 ], [ -123.51564798, 46.38242775 ], [ -123.51561978, 46.38245042 ], [ -123.51556951, 46.38249115 ], [ -123.51554758, 46.38254522 ], [ -123.51562438, 46.38314782 ], [ -123.51557952, 46.38321102 ], [ -123.51532212, 46.38336522 ], [ -123.51505491, 46.38351035 ], [ -123.51407094, 46.383815 ], [ -123.51406887, 46.38381497 ], [ -123.51036584, 46.38375897 ], [ -123.51057984, 46.38355496 ], [ -123.51145085, 46.38272795 ], [ -123.51207985, 46.38172293 ], [ -123.51297186, 46.38128893 ], [ -123.51386487, 46.38037491 ], [ -123.51449188, 46.38037491 ], [ -123.51564789, 46.38094692 ], [ -123.51617589, 46.38094792 ], [ -123.51657289, 46.38083292 ], [ -123.5170019, 46.38053591 ], [ -123.5170029, 46.37998791 ], [ -123.5166729, 46.37902789 ], [ -123.5167069, 46.37861588 ], [ -123.5170699, 46.37827288 ], [ -123.51789591, 46.37774787 ], [ -123.51868992, 46.37626185 ], [ -123.51915292, 46.37575984 ], [ -123.52011093, 46.37516883 ], [ -123.52151594, 46.37483282 ], [ -123.52225995, 46.37448282 ], [ -123.52282096, 46.37446082 ], [ -123.52299096, 46.37451082 ], [ -123.52407497, 46.37483282 ], [ -123.52509797, 46.37530683 ], [ -123.52554698, 46.37535983 ], [ -123.528595, 46.37550284 ], [ -123.52965601, 46.37542483 ], [ -123.53127103, 46.37516083 ], [ -123.53360905, 46.37465082 ], [ -123.53390105, 46.37463882 ], [ -123.52892102, 46.36716871 ], [ -123.52880702, 46.36319365 ], [ -123.52904605, 46.34910743 ], [ -123.52906405, 46.34789241 ], [ -123.52909305, 46.34555237 ], [ -123.52915006, 46.34155831 ], [ -123.52924506, 46.34146731 ], [ -123.53122608, 46.3403703 ], [ -123.53205109, 46.33966229 ], [ -123.5329761, 46.33906828 ], [ -123.53525412, 46.33762826 ], [ -123.53812614, 46.33591424 ], [ -123.53987516, 46.33497822 ], [ -123.54103117, 46.33452122 ], [ -123.54146217, 46.33436522 ], [ -123.54202017, 46.33589224 ], [ -123.54244918, 46.33641825 ], [ -123.54251417, 46.33813327 ], [ -123.54350418, 46.33840728 ], [ -123.54449419, 46.33808728 ], [ -123.54452819, 46.33799627 ], [ -123.54446219, 46.33731026 ], [ -123.5449902, 46.33669326 ], [ -123.5456172, 46.33641925 ], [ -123.5456502, 46.33614425 ], [ -123.5449902, 46.33573324 ], [ -123.5450562, 46.33550424 ], [ -123.5456182, 46.33470423 ], [ -123.5456182, 46.33427022 ], [ -123.5455192, 46.33383621 ], [ -123.5450902, 46.3331502 ], [ -123.5450912, 46.33127517 ], [ -123.54525621, 46.33104717 ], [ -123.54568521, 46.33097817 ], [ -123.54651022, 46.33125318 ], [ -123.54693922, 46.33161818 ], [ -123.54717022, 46.33161818 ], [ -123.54736822, 46.33145818 ], [ -123.54763223, 46.33070417 ], [ -123.54786323, 46.33040716 ], [ -123.54845723, 46.33001816 ], [ -123.54957924, 46.32963016 ], [ -123.55030525, 46.32951615 ], [ -123.55165826, 46.32974516 ], [ -123.55278027, 46.32974516 ], [ -123.55304427, 46.32956216 ], [ -123.55318727, 46.32891015 ], [ -123.56732138, 46.32923417 ], [ -123.5689264, 46.32927117 ], [ -123.58091049, 46.32954619 ], [ -123.5815225, 46.3298352 ], [ -123.5818855, 46.3299042 ], [ -123.58281451, 46.3295902 ], [ -123.58390552, 46.3296152 ], [ -123.58403452, 46.3296812 ], [ -123.58428152, 46.33009421 ], [ -123.58450852, 46.33092022 ], [ -123.58591453, 46.33203323 ], [ -123.58609653, 46.33247024 ], [ -123.58622853, 46.33341625 ], [ -123.58657953, 46.33392626 ], [ -123.58794954, 46.33494228 ], [ -123.58847455, 46.33569829 ], [ -123.58902555, 46.3361663 ], [ -123.59069656, 46.33714431 ], [ -123.59107957, 46.33763332 ], [ -123.59145657, 46.33793032 ], [ -123.59203257, 46.33806832 ], [ -123.59392959, 46.33826033 ], [ -123.5956226, 46.33823633 ], [ -123.59684361, 46.33801433 ], [ -123.59816662, 46.33763832 ], [ -123.59904863, 46.33751632 ], [ -123.60091064, 46.33779733 ], [ -123.60403067, 46.33859234 ], [ -123.60667369, 46.33897535 ], [ -123.6076587, 46.33922136 ], [ -123.6081697, 46.33949936 ], [ -123.6083797, 46.33981536 ], [ -123.6086127, 46.34168039 ], [ -123.60902971, 46.3421954 ], [ -123.61005571, 46.3427054 ], [ -123.61017271, 46.34310741 ], [ -123.61020172, 46.34320641 ], [ -123.61045772, 46.34333041 ], [ -123.61068722, 46.34328991 ], [ -123.61163473, 46.34368542 ], [ -123.61194573, 46.34381642 ], [ -123.61243473, 46.34547244 ], [ -123.61248173, 46.34562845 ], [ -123.61254873, 46.34588845 ], [ -123.61271273, 46.34609945 ], [ -123.61286673, 46.34614745 ], [ -123.61283573, 46.34608345 ], [ -123.61286173, 46.34593745 ], [ -123.61298874, 46.34576645 ], [ -123.61321674, 46.34551444 ], [ -123.61336174, 46.34513844 ], [ -123.61358174, 46.34475444 ], [ -123.61380074, 46.34448143 ], [ -123.61406775, 46.34412243 ], [ -123.61414841, 46.34379242 ], [ -123.61415775, 46.34344942 ], [ -123.61413375, 46.34302041 ], [ -123.61392875, 46.34154739 ], [ -123.61391675, 46.34080938 ], [ -123.61431775, 46.34027438 ], [ -123.61466775, 46.33973237 ], [ -123.61472776, 46.33963937 ], [ -123.61510276, 46.33945037 ], [ -123.61595277, 46.33922236 ], [ -123.61720678, 46.33891036 ], [ -123.61773378, 46.33874436 ], [ -123.61793478, 46.33868136 ], [ -123.61822178, 46.33864436 ], [ -123.61866379, 46.33858736 ], [ -123.61954579, 46.33865236 ], [ -123.6201138, 46.33881036 ], [ -123.6206978, 46.33896737 ], [ -123.62088581, 46.33894137 ], [ -123.62103681, 46.33880536 ], [ -123.62117381, 46.33827736 ], [ -123.62134781, 46.33748135 ], [ -123.62129081, 46.33676034 ], [ -123.62132681, 46.33667934 ], [ -123.62147281, 46.33635633 ], [ -123.62194082, 46.33595033 ], [ -123.62227482, 46.33585233 ], [ -123.62090381, 46.33570032 ], [ -123.6202668, 46.33572732 ], [ -123.6198638, 46.33611933 ], [ -123.6198688, 46.33621233 ], [ -123.6194878, 46.33635133 ], [ -123.61895379, 46.33599032 ], [ -123.61867779, 46.33562732 ], [ -123.61846279, 46.33465131 ], [ -123.61770478, 46.33345029 ], [ -123.61764579, 46.33239928 ], [ -123.61591277, 46.33143626 ], [ -123.61535277, 46.33104726 ], [ -123.61406676, 46.33068025 ], [ -123.60873272, 46.32973323 ], [ -123.60836071, 46.32966723 ], [ -123.60447068, 46.32868021 ], [ -123.59886164, 46.32764419 ], [ -123.59000557, 46.32579315 ], [ -123.59056158, 46.32501014 ], [ -123.59112258, 46.32462114 ], [ -123.59181459, 46.32434714 ], [ -123.59402561, 46.32402613 ], [ -123.59527861, 46.32361413 ], [ -123.59597162, 46.32352313 ], [ -123.59640062, 46.32361413 ], [ -123.59801864, 46.32503115 ], [ -123.59848164, 46.32651617 ], [ -123.59881164, 46.32672218 ], [ -123.59937264, 46.32665318 ], [ -123.59953665, 46.32647017 ], [ -123.59963465, 46.32498515 ], [ -123.59999765, 46.32468715 ], [ -123.60045965, 46.32448115 ], [ -123.60098766, 46.32436715 ], [ -123.60237367, 46.32429815 ], [ -123.60319768, 46.32436615 ], [ -123.6065307, 46.32500516 ], [ -123.60893972, 46.32530117 ], [ -123.60851072, 46.32489017 ], [ -123.60425369, 46.32338314 ], [ -123.60342868, 46.32324614 ], [ -123.60253767, 46.32324614 ], [ -123.60233967, 46.32306313 ], [ -123.60233867, 46.32240112 ], [ -123.60283368, 46.32180612 ], [ -123.60352568, 46.32150911 ], [ -123.60431769, 46.32141711 ], [ -123.60685771, 46.32139312 ], [ -123.60880472, 46.32162112 ], [ -123.60906773, 46.32163312 ], [ -123.61134574, 46.32173413 ], [ -123.61226975, 46.32216814 ], [ -123.61299576, 46.32221414 ], [ -123.61434777, 46.32207614 ], [ -123.61467877, 46.32223614 ], [ -123.61494277, 46.32271615 ], [ -123.61603178, 46.32328716 ], [ -123.61652878, 46.32372116 ], [ -123.61692479, 46.32440617 ], [ -123.61718879, 46.32449817 ], [ -123.61735379, 46.32422317 ], [ -123.61765079, 46.32392617 ], [ -123.61761679, 46.32346916 ], [ -123.61645978, 46.32260115 ], [ -123.61645978, 46.32221214 ], [ -123.61682179, 46.32161713 ], [ -123.61682179, 46.32120613 ], [ -123.61659079, 46.32095513 ], [ -123.61622778, 46.32086312 ], [ -123.61573278, 46.32084112 ], [ -123.61500677, 46.32102412 ], [ -123.61428077, 46.32104712 ], [ -123.61378576, 46.32070412 ], [ -123.61335676, 46.32059012 ], [ -123.61276276, 46.32054511 ], [ -123.61154275, 46.32066011 ], [ -123.61068474, 46.32031711 ], [ -123.60943073, 46.3201121 ], [ -123.60912373, 46.3200241 ], [ -123.60863873, 46.3198841 ], [ -123.60797872, 46.31940409 ], [ -123.60771372, 46.31903809 ], [ -123.60711971, 46.31892408 ], [ -123.60636171, 46.31894708 ], [ -123.6059327, 46.31883308 ], [ -123.6047147, 46.31872808 ], [ -123.60461269, 46.31871908 ], [ -123.60385369, 46.31805707 ], [ -123.60322668, 46.31778306 ], [ -123.60164267, 46.31760006 ], [ -123.60091667, 46.31764606 ], [ -123.59933365, 46.31796706 ], [ -123.59867365, 46.31796706 ], [ -123.59847565, 46.31780706 ], [ -123.59820965, 46.31597803 ], [ -123.59794465, 46.31458401 ], [ -123.59781265, 46.313601 ], [ -123.59791565, 46.313509 ], [ -123.59735064, 46.31337299 ], [ -123.59645964, 46.31341899 ], [ -123.59560163, 46.313693 ], [ -123.59434862, 46.313968 ], [ -123.59368861, 46.314197 ], [ -123.59332661, 46.314425 ], [ -123.59283161, 46.31502001 ], [ -123.5917436, 46.31538601 ], [ -123.58913758, 46.31563801 ], [ -123.58663055, 46.31634702 ], [ -123.58531054, 46.31641602 ], [ -123.58427654, 46.31661302 ], [ -123.58399153, 46.31666802 ], [ -123.58217652, 46.31719402 ], [ -123.58138551, 46.31719402 ], [ -123.58069251, 46.31703402 ], [ -123.5794715, 46.31701101 ], [ -123.57825149, 46.31742302 ], [ -123.57561147, 46.31753802 ], [ -123.57231344, 46.31826902 ], [ -123.57122443, 46.31936704 ], [ -123.57030042, 46.31993804 ], [ -123.56917941, 46.32048705 ], [ -123.5683214, 46.32101305 ], [ -123.5681104, 46.32122906 ], [ -123.56472438, 46.32054304 ], [ -123.56518738, 46.31943603 ], [ -123.56515438, 46.31891002 ], [ -123.56479138, 46.31845301 ], [ -123.56475838, 46.31797301 ], [ -123.56508738, 46.31731 ], [ -123.56511938, 46.31653299 ], [ -123.56564739, 46.31557297 ], [ -123.56577939, 46.31500196 ], [ -123.5663074, 46.31392695 ], [ -123.5663074, 46.31317294 ], [ -123.5660764, 46.31260193 ], [ -123.5665054, 46.31241893 ], [ -123.5664724, 46.31228193 ], [ -123.56713141, 46.31168692 ], [ -123.56726341, 46.31145892 ], [ -123.56732941, 46.3102469 ], [ -123.56709841, 46.30937789 ], [ -123.5660764, 46.30818987 ], [ -123.5658124, 46.30764086 ], [ -123.5652514, 46.30709285 ], [ -123.5652844, 46.30606383 ], [ -123.5651844, 46.30231478 ], [ -123.5649864, 46.30183477 ], [ -123.5649864, 46.30137777 ], [ -123.5647554, 46.30055475 ], [ -123.5642934, 46.29966274 ], [ -123.5642604, 46.29845172 ], [ -123.5637664, 46.29778871 ], [ -123.5636344, 46.29737671 ], [ -123.5636014, 46.2966917 ], [ -123.5640954, 46.29600569 ], [ -123.56528341, 46.29538868 ], [ -123.56656942, 46.29513668 ], [ -123.56874544, 46.29490768 ], [ -123.57062545, 46.29458768 ], [ -123.57125146, 46.29438268 ], [ -123.57171346, 46.29403968 ], [ -123.57194447, 46.29374167 ], [ -123.57210947, 46.29314766 ], [ -123.57233947, 46.29287366 ], [ -123.57339448, 46.29237065 ], [ -123.57405448, 46.29152464 ], [ -123.5754055, 46.28912461 ], [ -123.5755375, 46.28864361 ], [ -123.5754715, 46.2883466 ], [ -123.57421849, 46.28699858 ], [ -123.57157947, 46.28482654 ], [ -123.57006246, 46.28336352 ], [ -123.56838045, 46.2821525 ], [ -123.56643544, 46.28105548 ], [ -123.56610544, 46.28009546 ], [ -123.56590744, 46.27979846 ], [ -123.56478743, 46.27867744 ], [ -123.56445743, 46.27760342 ], [ -123.56409443, 46.27710041 ], [ -123.56326942, 46.2765064 ], [ -123.56158841, 46.27561438 ], [ -123.56148941, 46.27538638 ], [ -123.56129141, 46.27534038 ], [ -123.56113541, 46.27525738 ], [ -123.56135741, 46.27518038 ], [ -123.56284142, 46.27506638 ], [ -123.56501644, 46.27545439 ], [ -123.56630344, 46.2759574 ], [ -123.56722645, 46.27616341 ], [ -123.56864346, 46.27618641 ], [ -123.57091848, 46.27650642 ], [ -123.5735555, 46.27648243 ], [ -123.57566752, 46.27615743 ], [ -123.57540151, 46.27597943 ], [ -123.57507251, 46.27586542 ], [ -123.5735885, 46.27602542 ], [ -123.57286349, 46.27595742 ], [ -123.57151148, 46.27550041 ], [ -123.57118248, 46.2752034 ], [ -123.57088548, 46.2750884 ], [ -123.56956647, 46.2750654 ], [ -123.56867646, 46.27472339 ], [ -123.56798346, 46.27435738 ], [ -123.56745646, 46.27383138 ], [ -123.56739046, 46.27335137 ], [ -123.56715945, 46.27321437 ], [ -123.56600545, 46.27319136 ], [ -123.56570844, 46.27312336 ], [ -123.56531344, 46.27287135 ], [ -123.56508244, 46.27257435 ], [ -123.56475244, 46.27241435 ], [ -123.56343443, 46.27230034 ], [ -123.56284142, 46.27193534 ], [ -123.56264342, 46.27166133 ], [ -123.56247842, 46.27044931 ], [ -123.56185242, 46.2699233 ], [ -123.56063241, 46.26958029 ], [ -123.55997341, 46.26912329 ], [ -123.5591494, 46.26834627 ], [ -123.5592484, 46.26807227 ], [ -123.56109442, 46.26715726 ], [ -123.56178642, 46.26665425 ], [ -123.56188542, 46.26642625 ], [ -123.56188542, 46.26594625 ], [ -123.56175342, 46.26576324 ], [ -123.56139042, 46.26553424 ], [ -123.56083042, 46.26546624 ], [ -123.55984141, 46.26567124 ], [ -123.5592604, 46.26567123 ], [ -123.5590174, 46.26567123 ], [ -123.55690739, 46.26514522 ], [ -123.55572038, 46.26523722 ], [ -123.55489637, 46.26546522 ], [ -123.55417137, 46.26592222 ], [ -123.55351236, 46.26654023 ], [ -123.55334736, 46.26681423 ], [ -123.55334736, 46.26718024 ], [ -123.55371136, 46.26738524 ], [ -123.55450237, 46.26759125 ], [ -123.55674338, 46.26942028 ], [ -123.55740239, 46.27017529 ], [ -123.55756739, 46.2704953 ], [ -123.55766539, 46.27172932 ], [ -123.55745338, 46.27197432 ], [ -123.55729125, 46.27184946 ], [ -123.5572983, 46.27183234 ], [ -123.55729036, 46.27140994 ], [ -123.55726669, 46.27129461 ], [ -123.5571243, 46.27108074 ], [ -123.55698976, 46.27097101 ], [ -123.5569107, 46.27094361 ], [ -123.5567683, 46.27091614 ], [ -123.5566417, 46.27091061 ], [ -123.55662881, 46.27091358 ], [ -123.55644638, 46.2707233 ], [ -123.55618237, 46.2707003 ], [ -123.55591837, 46.2709293 ], [ -123.55562237, 46.27145531 ], [ -123.55516037, 46.27147731 ], [ -123.55453436, 46.2713403 ], [ -123.55453436, 46.27118002 ], [ -123.55458476, 46.27109701 ], [ -123.5548143, 46.27087214 ], [ -123.5550753, 46.27068561 ], [ -123.55523356, 46.27058694 ], [ -123.55559749, 46.27036741 ], [ -123.5558427, 46.27017541 ], [ -123.55594556, 46.27007661 ], [ -123.55594556, 46.26991214 ], [ -123.55584276, 46.26979694 ], [ -123.55562916, 46.26969814 ], [ -123.55487756, 46.26956641 ], [ -123.55465616, 46.26952254 ], [ -123.55445049, 46.26937981 ], [ -123.5544347, 46.26933594 ], [ -123.55445053, 46.26931173 ], [ -123.55499637, 46.26919127 ], [ -123.55513364, 46.2691329 ], [ -123.55532069, 46.26910561 ], [ -123.55547896, 46.26905081 ], [ -123.5555343, 46.26896841 ], [ -123.5555343, 46.26877101 ], [ -123.5554947, 46.26873801 ], [ -123.55549303, 46.26873621 ], [ -123.55547896, 46.26872161 ], [ -123.55540776, 46.26868314 ], [ -123.55516558, 46.26867768 ], [ -123.55506237, 46.26862026 ], [ -123.55394136, 46.26852826 ], [ -123.55367736, 46.26836826 ], [ -123.5536695, 46.26834636 ], [ -123.55368316, 46.26809601 ], [ -123.5536911, 46.26777241 ], [ -123.55366736, 46.26771754 ], [ -123.55354089, 46.26761334 ], [ -123.5529001, 46.26737181 ], [ -123.55277356, 46.26728401 ], [ -123.55258376, 46.26705901 ], [ -123.5525521, 46.26697674 ], [ -123.55255209, 46.26681774 ], [ -123.55263916, 46.26662021 ], [ -123.55276569, 46.26646661 ], [ -123.55320876, 46.26602774 ], [ -123.55348576, 46.26576974 ], [ -123.5537309, 46.26557794 ], [ -123.55426896, 46.26524874 ], [ -123.5546091, 46.26509521 ], [ -123.55505996, 46.26494161 ], [ -123.55552669, 46.26481541 ], [ -123.55608049, 46.26472221 ], [ -123.55670529, 46.26468394 ], [ -123.55744096, 46.26477714 ], [ -123.55757536, 46.26477714 ], [ -123.55768636, 46.26470581 ], [ -123.55793929, 46.26458514 ], [ -123.55812916, 46.26455774 ], [ -123.5582875, 46.26456321 ], [ -123.55845356, 46.26460161 ], [ -123.55862756, 46.26468941 ], [ -123.5587067, 46.26470041 ], [ -123.5587779, 46.26468394 ], [ -123.55948976, 46.26455234 ], [ -123.56034416, 46.26431094 ], [ -123.5607239, 46.26421221 ], [ -123.56107969, 46.26410241 ], [ -123.56234536, 46.26380614 ], [ -123.56274876, 46.26368541 ], [ -123.5631127, 46.26357034 ], [ -123.56348436, 46.26343321 ], [ -123.56359516, 46.26333981 ], [ -123.56373756, 46.26310941 ], [ -123.5638483, 46.26297234 ], [ -123.5641093, 46.26280221 ], [ -123.5643545, 46.26268154 ], [ -123.56453643, 46.26256634 ], [ -123.56465509, 46.26244561 ], [ -123.56465509, 46.26212194 ], [ -123.5646155, 46.26203414 ], [ -123.56456016, 46.26196281 ], [ -123.56446516, 46.26186414 ], [ -123.5643149, 46.26169401 ], [ -123.56402996, 46.26115094 ], [ -123.5639193, 46.26085461 ], [ -123.56391929, 46.26066814 ], [ -123.56397469, 46.26054194 ], [ -123.56410916, 46.26043214 ], [ -123.5643227, 46.26036634 ], [ -123.5645283, 46.26044861 ], [ -123.56467856, 46.26056381 ], [ -123.5649001, 46.26090401 ], [ -123.56507409, 46.26106854 ], [ -123.56528769, 46.26119474 ], [ -123.5655963, 46.26130994 ], [ -123.56585729, 46.26137581 ], [ -123.56627656, 46.26143061 ], [ -123.56671936, 46.26140321 ], [ -123.5669251, 46.26132094 ], [ -123.56720196, 46.26121661 ], [ -123.56784256, 46.26107941 ], [ -123.5681037, 46.26109041 ], [ -123.5689579, 46.26121654 ], [ -123.56949576, 46.26127681 ], [ -123.57046076, 46.26132074 ], [ -123.5714813, 46.26141394 ], [ -123.5719401, 46.26147414 ], [ -123.57237497, 46.26157281 ], [ -123.57263616, 46.26166614 ], [ -123.57278636, 46.26174841 ], [ -123.57289716, 46.26188561 ], [ -123.57288136, 46.26193494 ], [ -123.5724701, 46.26195694 ], [ -123.5723831, 46.26195141 ], [ -123.57213776, 46.26178141 ], [ -123.5720033, 46.26172654 ], [ -123.57172656, 46.26171561 ], [ -123.5715683, 46.26164434 ], [ -123.5713627, 46.26160041 ], [ -123.57089596, 46.26157854 ], [ -123.5702157, 46.26157301 ], [ -123.5695433, 46.26160061 ], [ -123.5693139, 46.26163901 ], [ -123.5692111, 46.26168834 ], [ -123.56921896, 46.26175974 ], [ -123.56944836, 46.26183101 ], [ -123.5697491, 46.26184741 ], [ -123.57090396, 46.26184734 ], [ -123.57175029, 46.26188014 ], [ -123.57205877, 46.26193494 ], [ -123.57250176, 46.26212154 ], [ -123.5728815, 46.26223661 ], [ -123.57310296, 46.26225314 ], [ -123.5732295, 46.26225314 ], [ -123.57345096, 46.26225854 ], [ -123.57366456, 46.26224214 ], [ -123.5738939, 46.26217074 ], [ -123.57407576, 46.26209394 ], [ -123.57449496, 46.26181414 ], [ -123.5746769, 46.26176474 ], [ -123.574971508539903, 46.261764648637616 ], [ -123.574926196, 46.257429895 ], [ -123.585972227, 46.256466739 ], [ -123.587874717, 46.256545728 ], [ -123.588735866, 46.25658147 ], [ -123.593536553, 46.256780634 ], [ -123.600872098, 46.257084567 ], [ -123.600920192273009, 46.261486774235905 ], [ -123.6013965, 46.26155574 ], [ -123.6016971, 46.26155554 ], [ -123.6019977, 46.26157194 ], [ -123.60229837, 46.26163214 ], [ -123.6025435, 46.2617198 ], [ -123.60265437, 46.26177474 ], [ -123.60285217, 46.26179654 ], [ -123.6032319, 46.2618458 ], [ -123.60353237, 46.26179634 ], [ -123.6039989, 46.26168641 ], [ -123.60452097, 46.26159294 ], [ -123.60468697, 46.26156554 ], [ -123.60523277, 46.261483 ], [ -123.60615797, 46.2612632 ], [ -123.60639517, 46.26115894 ], [ -123.60664817, 46.26101614 ], [ -123.6071069, 46.2608678 ], [ -123.60754177, 46.26076894 ], [ -123.6078423, 46.2607194 ], [ -123.61117997, 46.2604602 ], [ -123.6114411, 46.2604216 ], [ -123.6116071, 46.2603942 ], [ -123.61188377, 46.26028434 ], [ -123.61215257, 46.26014154 ], [ -123.6123345, 46.26003174 ], [ -123.6124451, 46.2600042 ], [ -123.6128327, 46.26000414 ], [ -123.61334697, 46.2600916 ], [ -123.61378997, 46.26017934 ], [ -123.61435157, 46.26025034 ], [ -123.61435504, 46.2602508 ], [ -123.61483417, 46.26031594 ], [ -123.6162899, 46.2605676 ], [ -123.6176823, 46.26085774 ], [ -123.6188295, 46.26112047 ], [ -123.61888477, 46.26112594 ], [ -123.6190509, 46.2611368 ], [ -123.62060897, 46.2610318 ], [ -123.62103617, 46.2610316 ], [ -123.62205671, 46.26112434 ], [ -123.62277657, 46.26124474 ], [ -123.62283991, 46.2612556 ], [ -123.6232117, 46.2613432 ], [ -123.6235599, 46.2614472 ], [ -123.62417697, 46.2615676 ], [ -123.62452531, 46.2616826 ], [ -123.6250159, 46.2619182 ], [ -123.62533237, 46.26206074 ], [ -123.62583111, 46.26231273 ], [ -123.62617137, 46.2624552 ], [ -123.62626059, 46.26249415 ], [ -123.62646617, 46.2625548 ], [ -123.62677471, 46.26261533 ], [ -123.62705137, 46.262747 ], [ -123.62726497, 46.2627472 ], [ -123.6275259, 46.26281314 ], [ -123.62768411, 46.262901 ], [ -123.62771571, 46.2629614 ], [ -123.62772337, 46.2630382 ], [ -123.62768371, 46.26315327 ], [ -123.62776277, 46.2631808 ], [ -123.6279921, 46.2632742 ], [ -123.62804737, 46.26332914 ], [ -123.62807891, 46.263351 ], [ -123.62854537, 46.2636256 ], [ -123.62894877, 46.26390013 ], [ -123.62931231, 46.2641362 ], [ -123.62956517, 46.26427347 ], [ -123.62962837, 46.264301 ], [ -123.62982611, 46.26439433 ], [ -123.63011877, 46.26446033 ], [ -123.63031651, 46.26444393 ], [ -123.63056971, 46.2643892 ], [ -123.63080711, 46.2643674 ], [ -123.63104437, 46.26437853 ], [ -123.63152677, 46.264461 ], [ -123.63193011, 46.26459834 ], [ -123.63216731, 46.26470273 ], [ -123.63275271, 46.2647194 ], [ -123.63288711, 46.26474153 ], [ -123.6330453, 46.26471414 ], [ -123.63334597, 46.26457714 ], [ -123.63346477, 46.2645772 ], [ -123.63361497, 46.26460473 ], [ -123.63381257, 46.264687 ], [ -123.63427117, 46.2649726 ], [ -123.63458737, 46.26519213 ], [ -123.63469011, 46.26529093 ], [ -123.63473751, 46.26541714 ], [ -123.63477711, 46.265461 ], [ -123.63491151, 46.26548853 ], [ -123.63533871, 46.26546133 ], [ -123.63537037, 46.26546133 ], [ -123.63561557, 46.26546693 ], [ -123.63578157, 46.26553833 ], [ -123.63586071, 46.26555473 ], [ -123.63597137, 46.26554393 ], [ -123.63607417, 46.26552753 ], [ -123.63633531, 46.2655056 ], [ -123.63638297, 46.26533013 ], [ -123.63644631, 46.2652808 ], [ -123.63667571, 46.26526993 ], [ -123.63682597, 46.26528093 ], [ -123.63704737, 46.26534133 ], [ -123.63744277, 46.2654842 ], [ -123.63756151, 46.26551153 ], [ -123.63772744, 46.26552814 ], [ -123.63787777, 46.26560513 ], [ -123.63805171, 46.26573133 ], [ -123.63821784, 46.26573133 ], [ -123.63832857, 46.265704 ], [ -123.63868478, 46.26545733 ], [ -123.63889037, 46.26540253 ], [ -123.63913571, 46.26540267 ], [ -123.63938097, 46.2654356 ], [ -123.63994237, 46.26562233 ], [ -123.64018771, 46.26558413 ], [ -123.64036171, 46.26559513 ], [ -123.64050397, 46.26563913 ], [ -123.64069391, 46.26573793 ], [ -123.64084411, 46.26575993 ], [ -123.64107351, 46.2656996 ], [ -123.64144551, 46.2655516 ], [ -123.64165111, 46.26551333 ], [ -123.64192011, 46.26551893 ], [ -123.64214951, 46.26557393 ], [ -123.64248157, 46.2657002 ], [ -123.64352558, 46.2658432 ], [ -123.64357318, 46.26584873 ], [ -123.64361271, 46.26585433 ], [ -123.64416637, 46.2659148 ], [ -123.64466457, 46.2660192 ], [ -123.64553458, 46.2662774 ], [ -123.64578771, 46.2663104 ], [ -123.64603284, 46.26628853 ], [ -123.64624671, 46.2662008 ], [ -123.64643657, 46.26610773 ], [ -123.64667398, 46.26604193 ], [ -123.64802658, 46.26604233 ], [ -123.64827191, 46.266037 ], [ -123.64870691, 46.26597673 ], [ -123.64897591, 46.26588913 ], [ -123.64919758, 46.26576853 ], [ -123.64943491, 46.265604 ], [ -123.64981477, 46.26526953 ], [ -123.65001271, 46.2652036 ], [ -123.65055857, 46.26513253 ], [ -123.65088278, 46.26512713 ], [ -123.65131791, 46.2651822 ], [ -123.65165011, 46.26527 ], [ -123.65176871, 46.2653194 ], [ -123.65236171, 46.265731 ], [ -123.65255158, 46.2658408 ], [ -123.65261478, 46.26587933 ], [ -123.65279671, 46.26598353 ], [ -123.65303397, 46.266066 ], [ -123.65315251, 46.26610426 ], [ -123.65346098, 46.26615933 ], [ -123.65356231, 46.26617013 ], [ -123.65356391, 46.26617027 ], [ -123.65365878, 46.26618133 ], [ -123.65403058, 46.266154 ], [ -123.65448951, 46.2660554 ], [ -123.65463191, 46.26605 ], [ -123.65484538, 46.2661158 ], [ -123.65523291, 46.2662586 ], [ -123.65536751, 46.2662806 ], [ -123.65556511, 46.26632453 ], [ -123.65577878, 46.266341 ], [ -123.65590531, 46.266352 ], [ -123.65693371, 46.26639073 ], [ -123.65734498, 46.2664402 ], [ -123.65768518, 46.2664842 ], [ -123.65823098, 46.2665282 ], [ -123.65873711, 46.266638 ], [ -123.65906931, 46.266693 ], [ -123.65929871, 46.26669853 ], [ -123.65986051, 46.26667673 ], [ -123.66004238, 46.2666548 ], [ -123.66031918, 46.266611 ], [ -123.66116571, 46.2664082 ], [ -123.66149811, 46.266348 ], [ -123.66198851, 46.26631513 ], [ -123.66241571, 46.26635913 ], [ -123.66362598, 46.26655133 ], [ -123.66418758, 46.26664473 ], [ -123.66457511, 46.26667233 ], [ -123.66507351, 46.2666778 ], [ -123.66508711, 46.26667813 ], [ -123.66646571, 46.266711 ], [ -123.66658438, 46.2667166 ], [ -123.66794498, 46.26676613 ], [ -123.66864111, 46.266854 ], [ -123.66886258, 46.2669144 ], [ -123.66949538, 46.26723273 ], [ -123.67004898, 46.2676388 ], [ -123.67031791, 46.2678254 ], [ -123.67094278, 46.26807233 ], [ -123.67121171, 46.268215 ], [ -123.67162298, 46.26835773 ], [ -123.67208978, 46.26846753 ], [ -123.67218458, 46.2684894 ], [ -123.67280171, 46.26855533 ], [ -123.67334758, 46.26861033 ], [ -123.67394091, 46.2687036 ], [ -123.67408331, 46.26873653 ], [ -123.67424151, 46.2688298 ], [ -123.67439171, 46.268945 ], [ -123.67499291, 46.26945533 ], [ -123.67528551, 46.26965833 ], [ -123.67570472, 46.2699876 ], [ -123.67584711, 46.2701302 ], [ -123.67600538, 46.27030033 ], [ -123.67621098, 46.270602 ], [ -123.67633751, 46.2707886 ], [ -123.67651938, 46.2709806 ], [ -123.67681998, 46.27124953 ], [ -123.67700991, 46.27139213 ], [ -123.67755571, 46.2717158 ], [ -123.67802252, 46.2720286 ], [ -123.67831511, 46.2721712 ], [ -123.67845758, 46.27229193 ], [ -123.67867898, 46.27258833 ], [ -123.67884512, 46.27291193 ], [ -123.67892418, 46.27312593 ], [ -123.67901912, 46.2736196 ], [ -123.67914578, 46.27412446 ], [ -123.67917443, 46.27427913 ], [ -123.679276, 46.27482756 ], [ -123.67931952, 46.27506253 ], [ -123.67931952, 46.2757098 ], [ -123.67939058, 46.2763682 ], [ -123.67937485, 46.27704853 ], [ -123.67935898, 46.27717473 ], [ -123.67934298, 46.27736666 ], [ -123.67926391, 46.27766293 ], [ -123.67925598, 46.2777506 ], [ -123.67923218, 46.2778 ], [ -123.67920851, 46.2779482 ], [ -123.67912938, 46.27821153 ], [ -123.67911358, 46.27834313 ] ] ], [ [ [ -123.69894794, 46.3803926 ], [ -123.69893674, 46.38022173 ], [ -123.69889241, 46.380123 ], [ -123.69871281, 46.37999813 ], [ -123.69852361, 46.37981933 ], [ -123.69842254, 46.37966693 ], [ -123.69841201, 46.37954093 ], [ -123.69850134, 46.3794054 ], [ -123.69860941, 46.3793192 ], [ -123.69883634, 46.3791334 ], [ -123.69892641, 46.3790608 ], [ -123.69898154, 46.37898853 ], [ -123.69925094, 46.37860893 ], [ -123.69936141, 46.3785002 ], [ -123.69968594, 46.3782732 ], [ -123.69979194, 46.3782366 ], [ -123.69989914, 46.37819993 ], [ -123.70016581, 46.37813533 ], [ -123.70031154, 46.3781344 ], [ -123.70056774, 46.3781778 ], [ -123.70084854, 46.37821213 ], [ -123.70098101, 46.37821133 ], [ -123.70114934, 46.37815633 ], [ -123.70126101, 46.3780836 ], [ -123.70143901, 46.37783953 ], [ -123.70155234, 46.3776048 ], [ -123.70161914, 46.3773614 ], [ -123.70161241, 46.37719953 ], [ -123.70156254, 46.3770738 ], [ -123.70155234, 46.3769118 ], [ -123.70157501, 46.37684873 ], [ -123.70171974, 46.3766588 ], [ -123.70182074, 46.3764872 ], [ -123.70188661, 46.3763608 ], [ -123.70194394, 46.37620753 ], [ -123.70207694, 46.3759366 ], [ -123.70222041, 46.3754948 ], [ -123.70225554, 46.3753866 ], [ -123.70227941, 46.3752514 ], [ -123.70240041, 46.3748322 ], [ -123.70249321, 46.37465613 ], [ -123.70268321, 46.374412 ], [ -123.70273901, 46.3743666 ], [ -123.70279361, 46.37428533 ], [ -123.70296241, 46.3741358 ], [ -123.70300654, 46.374095 ], [ -123.70386534, 46.37351373 ], [ -123.70396634, 46.37340513 ], [ -123.70418934, 46.3730528 ], [ -123.70430101, 46.37282713 ], [ -123.70435654, 46.3726918 ], [ -123.70436774, 46.37261073 ], [ -123.70440141, 46.37254753 ], [ -123.70443461, 46.37228633 ], [ -123.70440034, 46.37183653 ], [ -123.70426661, 46.3714504 ], [ -123.70418874, 46.3713068 ], [ -123.70413341, 46.3711722 ], [ -123.70412634, 46.37103273 ], [ -123.70412274, 46.37097433 ], [ -123.70414421, 46.37082113 ], [ -123.70421201, 46.37062273 ], [ -123.70444521, 46.37017133 ], [ -123.70457961, 46.37000853 ], [ -123.70472461, 46.3698816 ], [ -123.70482561, 46.369782 ], [ -123.70524881, 46.3694734 ], [ -123.70533801, 46.3693738 ], [ -123.70548261, 46.369085 ], [ -123.70561661, 46.36892213 ], [ -123.70578474, 46.36879513 ], [ -123.70606221, 46.3686944 ], [ -123.70629754, 46.36862993 ], [ -123.70668774, 46.36849253 ], [ -123.70705641, 46.36835533 ], [ -123.70740161, 46.36815513 ], [ -123.70769214, 46.36802733 ], [ -123.70791581, 46.367981 ], [ -123.70805941, 46.36797113 ], [ -123.70855041, 46.368076 ], [ -123.70881841, 46.3681284 ], [ -123.70902974, 46.36813613 ], [ -123.70914094, 46.3681264 ], [ -123.70936501, 46.368071 ], [ -123.70950481, 46.36798913 ], [ -123.70952574, 46.367971 ], [ -123.70964301, 46.36786233 ], [ -123.70977761, 46.3678074 ], [ -123.70994421, 46.3677254 ], [ -123.71001734, 46.36759893 ], [ -123.71007901, 46.3674906 ], [ -123.71013454, 46.3673012 ], [ -123.71014541, 46.3671662 ], [ -123.71025714, 46.36676053 ], [ -123.71032434, 46.36640013 ], [ -123.71032301, 46.36611213 ], [ -123.71026754, 46.3660314 ], [ -123.71019081, 46.36596893 ], [ -123.71010114, 46.36594253 ], [ -123.70994501, 46.36593453 ], [ -123.70987781, 46.36595293 ], [ -123.70962094, 46.36607153 ], [ -123.70927481, 46.3662896 ], [ -123.70913094, 46.36635353 ], [ -123.70898594, 46.3663814 ], [ -123.70887361, 46.36631013 ], [ -123.70887454, 46.36622013 ], [ -123.70891914, 46.3661208 ], [ -123.70915274, 46.3659304 ], [ -123.70940921, 46.3657578 ], [ -123.70960941, 46.36565753 ], [ -123.71050254, 46.365355 ], [ -123.71090334, 46.36524453 ], [ -123.71132721, 46.36510693 ], [ -123.71178501, 46.36496913 ], [ -123.71199701, 46.36496773 ], [ -123.71244374, 46.36504593 ], [ -123.71276594, 46.36507993 ], [ -123.71334734, 46.36502233 ], [ -123.71354814, 46.3649986 ], [ -123.71372614, 46.364975 ], [ -123.71403881, 46.364964 ], [ -123.71423901, 46.3649808 ], [ -123.71480794, 46.3650672 ], [ -123.71490801, 46.3651026 ], [ -123.71499774, 46.365192 ], [ -123.71498661, 46.36542613 ], [ -123.71499874, 46.365516 ], [ -123.71509821, 46.3655694 ], [ -123.71523134, 46.36559553 ], [ -123.71538781, 46.3655946 ], [ -123.71553334, 46.3655396 ], [ -123.71568994, 46.36543973 ], [ -123.71577881, 46.36533113 ], [ -123.71585654, 46.3651506 ], [ -123.71586801, 46.3650066 ], [ -123.71589014, 46.3648984 ], [ -123.71592341, 46.3648442 ], [ -123.71596781, 46.36479 ], [ -123.71611241, 46.364753 ], [ -123.71645881, 46.36470593 ], [ -123.71675921, 46.364695 ], [ -123.71694961, 46.3647118 ], [ -123.71721701, 46.36469213 ], [ -123.71725314, 46.3646874 ], [ -123.71756374, 46.364636 ], [ -123.71769601, 46.36456313 ], [ -123.71779674, 46.36447253 ], [ -123.71779194, 46.36432853 ], [ -123.71776421, 46.36425673 ], [ -123.71771841, 46.364176 ], [ -123.71756281, 46.363988 ], [ -123.71747354, 46.36389853 ], [ -123.71741761, 46.36379093 ], [ -123.71741754, 46.36359293 ], [ -123.71768514, 46.3633032 ], [ -123.71805301, 46.36303993 ], [ -123.71812054, 46.36295853 ], [ -123.71814274, 46.3629134 ], [ -123.71814281, 46.3628954 ], [ -123.71814301, 46.3627784 ], [ -123.71806441, 46.36264393 ], [ -123.71773554, 46.362259 ], [ -123.71757254, 46.362035 ], [ -123.71753954, 46.3619632 ], [ -123.71753981, 46.3617652 ], [ -123.71758361, 46.36170193 ], [ -123.71768441, 46.36161133 ], [ -123.71785261, 46.36152033 ], [ -123.71814174, 46.3613834 ], [ -123.71862221, 46.3612274 ], [ -123.71922381, 46.36109773 ], [ -123.71963634, 46.36105013 ], [ -123.71992701, 46.3610392 ], [ -123.72079721, 46.36110573 ], [ -123.72118681, 46.36107633 ], [ -123.72151001, 46.36097533 ], [ -123.72164394, 46.3608934 ], [ -123.72176734, 46.3607666 ], [ -123.72199034, 46.3603962 ], [ -123.72213461, 46.36022433 ], [ -123.72221314, 46.3601608 ], [ -123.72234681, 46.360106 ], [ -123.72245741, 46.36008733 ], [ -123.72254761, 46.36008673 ], [ -123.72261421, 46.36012233 ], [ -123.72274841, 46.36024753 ], [ -123.72278274, 46.3603552 ], [ -123.72280414, 46.36061613 ], [ -123.72285941, 46.36075073 ], [ -123.72293801, 46.3608582 ], [ -123.72303881, 46.3609206 ], [ -123.72324074, 46.36098233 ], [ -123.72326194, 46.3609912 ], [ -123.72346194, 46.36099893 ], [ -123.72357381, 46.3609802 ], [ -123.72375254, 46.36088913 ], [ -123.72383834, 46.36083013 ], [ -123.72387454, 46.36080733 ], [ -123.72396381, 46.3607078 ], [ -123.72417501, 46.3602744 ], [ -123.72430981, 46.3601206 ], [ -123.72474901, 46.35975333 ], [ -123.72520194, 46.359422 ], [ -123.72593714, 46.35894933 ], [ -123.72603781, 46.35885873 ], [ -123.72621654, 46.3586146 ], [ -123.72639521, 46.3583344 ], [ -123.72668381, 46.3579546 ], [ -123.72684081, 46.3578726 ], [ -123.72701881, 46.35781753 ], [ -123.72738734, 46.35776113 ], [ -123.72745754, 46.35776073 ], [ -123.72746275, 46.3577605 ], [ -123.72746067, 46.35781767 ], [ -123.72709866, 46.36657276 ], [ -123.72696966, 46.36973379 ], [ -123.72696266, 46.36991279 ], [ -123.72691966, 46.3710888 ], [ -123.72689666, 46.37150981 ], [ -123.72689666, 46.37204854 ], [ -123.72689454, 46.37205133 ], [ -123.72679074, 46.3721914 ], [ -123.72664534, 46.37249833 ], [ -123.72662435, 46.37260653 ], [ -123.72663421, 46.3727594 ], [ -123.72681381, 46.3731632 ], [ -123.72684661, 46.373217 ], [ -123.72689294, 46.37327973 ], [ -123.72689465, 46.37328203 ], [ -123.72689266, 46.37425283 ], [ -123.72689266, 46.37425583 ], [ -123.72689094, 46.3742562 ], [ -123.72669201, 46.374271 ], [ -123.72655674, 46.3742628 ], [ -123.72633415, 46.3742192 ], [ -123.72614434, 46.37414853 ], [ -123.72603275, 46.3740682 ], [ -123.72576441, 46.37390793 ], [ -123.72539694, 46.3737122 ], [ -123.72517301, 46.3736146 ], [ -123.72487221, 46.37345453 ], [ -123.72451501, 46.3733308 ], [ -123.72417961, 46.37326093 ], [ -123.72389041, 46.3732628 ], [ -123.72364834, 46.37329133 ], [ -123.72338834, 46.37335593 ], [ -123.72306494, 46.373484 ], [ -123.72282014, 46.37362053 ], [ -123.72257414, 46.37380213 ], [ -123.72255681, 46.3738112 ], [ -123.72236261, 46.3739294 ], [ -123.72228414, 46.37399293 ], [ -123.72184921, 46.3744366 ], [ -123.72180574, 46.37449993 ], [ -123.72176101, 46.3745362 ], [ -123.72155214, 46.37483453 ], [ -123.72144355, 46.3751682 ], [ -123.72136474, 46.3755106 ], [ -123.72137654, 46.3757806 ], [ -123.72139761, 46.37592893 ], [ -123.72141021, 46.37603233 ], [ -123.72130934, 46.376357 ], [ -123.72132055, 46.37649193 ], [ -123.72137961, 46.37660853 ], [ -123.72146541, 46.376734 ], [ -123.72153441, 46.37687753 ], [ -123.72157674, 46.37696733 ], [ -123.72180094, 46.3772448 ], [ -123.72184481, 46.37733453 ], [ -123.72183435, 46.3774066 ], [ -123.72173361, 46.3775962 ], [ -123.72133114, 46.3781028 ], [ -123.72121941, 46.37822053 ], [ -123.72104081, 46.3783386 ], [ -123.72078015, 46.37843473 ], [ -123.72048201, 46.37854913 ], [ -123.72034815, 46.37859493 ], [ -123.72008054, 46.3787316 ], [ -123.71989054, 46.3788048 ], [ -123.71970101, 46.378914 ], [ -123.71951061, 46.3790502 ], [ -123.71940954, 46.3791858 ], [ -123.71925315, 46.3793758 ], [ -123.71919814, 46.37948413 ], [ -123.71918721, 46.37955173 ], [ -123.71914201, 46.37982653 ], [ -123.71917594, 46.37989833 ], [ -123.71920954, 46.380042 ], [ -123.71926521, 46.38020373 ], [ -123.71937641, 46.380401 ], [ -123.71941475, 46.3804502 ], [ -123.71961041, 46.38070553 ], [ -123.71976654, 46.38086653 ], [ -123.72000101, 46.381027 ], [ -123.72014715, 46.38109813 ], [ -123.72052614, 46.38118573 ], [ -123.72083381, 46.3812468 ], [ -123.72161055, 46.38128693 ], [ -123.72173355, 46.38130413 ], [ -123.72244755, 46.3812726 ], [ -123.72306275, 46.38121473 ], [ -123.72347521, 46.38121213 ], [ -123.72375394, 46.38123733 ], [ -123.72386675, 46.3812456 ], [ -123.72453701, 46.3813314 ], [ -123.72504021, 46.3813372 ], [ -123.72540755, 46.38136193 ], [ -123.72673581, 46.3813444 ], [ -123.72673887, 46.38134438 ], [ -123.72661766, 46.38397193 ], [ -123.72657566, 46.38487594 ], [ -123.72609565, 46.38486494 ], [ -123.72548365, 46.38484894 ], [ -123.72301663, 46.38478894 ], [ -123.71614857, 46.38461994 ], [ -123.71231754, 46.38457194 ], [ -123.70590648, 46.38449094 ], [ -123.69920579, 46.38443809 ], [ -123.69921174, 46.3843644 ], [ -123.69921374, 46.38433293 ], [ -123.69925854, 46.3841796 ], [ -123.69929141, 46.3840534 ], [ -123.69930354, 46.38395433 ], [ -123.69918061, 46.38364913 ], [ -123.69913541, 46.3835234 ], [ -123.69903494, 46.38338 ], [ -123.69895774, 46.38319153 ], [ -123.69874561, 46.3826258 ], [ -123.69875701, 46.38246373 ], [ -123.69894701, 46.3823546 ], [ -123.69947141, 46.3822704 ], [ -123.69971794, 46.38216093 ], [ -123.69987621, 46.38205193 ], [ -123.69993094, 46.3819526 ], [ -123.69993594, 46.381921 ], [ -123.69996301, 46.3817274 ], [ -123.69991921, 46.38163773 ], [ -123.69981814, 46.38152133 ], [ -123.69956194, 46.3813788 ], [ -123.69938194, 46.381254 ], [ -123.69932694, 46.38117333 ], [ -123.69927141, 46.3811196 ], [ -123.69920774, 46.381039 ], [ -123.69911474, 46.3809226 ], [ -123.69905914, 46.38073393 ], [ -123.69898054, 46.3805634 ], [ -123.69894794, 46.3803926 ] ] ], [ [ [ -123.72689566, 46.37244893 ], [ -123.72689566, 46.37244982 ], [ -123.72689566, 46.37260582 ], [ -123.72689466, 46.37288682 ], [ -123.72689466, 46.37289162 ], [ -123.72689354, 46.3728882 ], [ -123.72688081, 46.3727938 ], [ -123.72687021, 46.37270393 ], [ -123.72687001, 46.3725644 ], [ -123.72689454, 46.37245173 ], [ -123.72689566, 46.37244893 ] ] ], [ [ [ -123.71953715, 46.380391 ], [ -123.71948795, 46.38032833 ], [ -123.71946575, 46.3802744 ], [ -123.71942141, 46.38021173 ], [ -123.71940934, 46.3801578 ], [ -123.71936535, 46.38005013 ], [ -123.71935395, 46.37998713 ], [ -123.71929894, 46.37986153 ], [ -123.71934214, 46.3796272 ], [ -123.71941561, 46.3794558 ], [ -123.71948441, 46.37934733 ], [ -123.71959994, 46.3791666 ], [ -123.71970094, 46.379067 ], [ -123.71990214, 46.37894873 ], [ -123.72010261, 46.37886653 ], [ -123.72034861, 46.37872093 ], [ -123.72108541, 46.37845533 ], [ -123.72136495, 46.37831853 ], [ -123.72151081, 46.3782006 ], [ -123.72174441, 46.3778932 ], [ -123.72190081, 46.3776042 ], [ -123.72194641, 46.37752293 ], [ -123.72197934, 46.37745973 ], [ -123.72198981, 46.3772706 ], [ -123.72191221, 46.37714513 ], [ -123.72185594, 46.37710053 ], [ -123.72176734, 46.37697513 ], [ -123.72166634, 46.37685873 ], [ -123.72161001, 46.37669713 ], [ -123.72157754, 46.37658033 ], [ -123.72156934, 46.37650833 ], [ -123.72150021, 46.3759238 ], [ -123.72150974, 46.37571673 ], [ -123.72154401, 46.37554553 ], [ -123.72151034, 46.37542873 ], [ -123.72152174, 46.37526673 ], [ -123.72159921, 46.3751402 ], [ -123.72164421, 46.37504093 ], [ -123.72165341, 46.37500033 ], [ -123.72169754, 46.3748336 ], [ -123.72180534, 46.37471593 ], [ -123.72189441, 46.37459833 ], [ -123.72196014, 46.37453493 ], [ -123.72222874, 46.3742272 ], [ -123.72291961, 46.37370993 ], [ -123.72316521, 46.37357333 ], [ -123.72350034, 46.3734362 ], [ -123.72374514, 46.37337173 ], [ -123.72390134, 46.37337973 ], [ -123.72415794, 46.37339613 ], [ -123.72445881, 46.3734752 ], [ -123.72487294, 46.37363453 ], [ -123.72515154, 46.3738038 ], [ -123.72532901, 46.3738926 ], [ -123.72572081, 46.37414213 ], [ -123.72601001, 46.37425733 ], [ -123.72627854, 46.3743366 ], [ -123.72664681, 46.37441533 ], [ -123.72689081, 46.3744002 ], [ -123.72689265, 46.37440004 ], [ -123.72688666, 46.37776487 ], [ -123.72678966, 46.3802189 ], [ -123.72674766, 46.38117491 ], [ -123.7267426, 46.38125901 ], [ -123.72674021, 46.38125893 ], [ -123.72668175, 46.3812548 ], [ -123.72572075, 46.38126093 ], [ -123.72559815, 46.3812706 ], [ -123.72530715, 46.38126353 ], [ -123.72484975, 46.3812214 ], [ -123.72445895, 46.38116993 ], [ -123.72417921, 46.3811626 ], [ -123.72390221, 46.38114193 ], [ -123.72261501, 46.38103753 ], [ -123.72068255, 46.38104973 ], [ -123.72032535, 46.380962 ], [ -123.71994661, 46.3807754 ], [ -123.71968961, 46.380588 ], [ -123.71953715, 46.380391 ] ] ], [ [ [ -123.399918284231731, 46.169196486144315 ], [ -123.4003388, 46.16947436 ], [ -123.40039986, 46.1694876 ], [ -123.40040832, 46.16949315 ], [ -123.40055138, 46.16954669 ], [ -123.40078472, 46.16957289 ], [ -123.40091885, 46.16966249 ], [ -123.40100698, 46.16979715 ], [ -123.40108445, 46.16987795 ], [ -123.40129552, 46.16996722 ], [ -123.40158156, 46.17007547 ], [ -123.40178824, 46.17018207 ], [ -123.40198338, 46.17031569 ], [ -123.40219224, 46.17041521 ], [ -123.40229781, 46.17047737 ], [ -123.40275981, 46.17076437 ], [ -123.40283956, 46.17077217 ], [ -123.40286998, 46.17079849 ], [ -123.40293759, 46.17080722 ], [ -123.40308139, 46.17081582 ], [ -123.40323524, 46.17089853 ], [ -123.40324881, 46.17090737 ], [ -123.40328, 46.17090689 ], [ -123.40379145, 46.17093035 ], [ -123.40395812, 46.17103782 ], [ -123.40399933, 46.17107494 ], [ -123.40411881, 46.17124937 ], [ -123.40418207, 46.17126366 ], [ -123.40420199, 46.17127982 ], [ -123.40427992, 46.17129769 ], [ -123.40465685, 46.17144035 ], [ -123.40491239, 46.17156555 ], [ -123.40504498, 46.17164602 ], [ -123.40506756, 46.1716749 ], [ -123.40505382, 46.17184238 ], [ -123.40496681, 46.17240138 ], [ -123.40471481, 46.17249638 ], [ -123.40465281, 46.17267838 ], [ -123.40445581, 46.17292338 ], [ -123.40373081, 46.17376039 ], [ -123.4033178, 46.17412039 ], [ -123.4030118, 46.17426539 ], [ -123.402907845083362, 46.174377341448675 ], [ -123.403004, 46.174377 ], [ -123.403007661007493, 46.174876228294153 ], [ -123.4032318, 46.17473539 ], [ -123.4033388, 46.17460939 ], [ -123.4036368, 46.17447639 ], [ -123.40386081, 46.17426839 ], [ -123.40426381, 46.17376539 ], [ -123.40525881, 46.17279538 ], [ -123.40543881, 46.17266938 ], [ -123.40549982, 46.17236738 ], [ -123.40569682, 46.17216638 ], [ -123.40600282, 46.17203338 ], [ -123.40601039, 46.17203208 ], [ -123.40605179, 46.17204742 ], [ -123.40684318, 46.17203549 ], [ -123.40696558, 46.17198109 ], [ -123.40709892, 46.17194462 ], [ -123.40759925, 46.17189782 ], [ -123.40836532, 46.17189522 ], [ -123.40872019, 46.17193902 ], [ -123.40918712, 46.17197329 ], [ -123.40948612, 46.17204422 ], [ -123.40976385, 46.17216029 ], [ -123.41015219, 46.17229382 ], [ -123.41058525, 46.17243615 ], [ -123.41083663, 46.17249172 ], [ -123.4109591, 46.17252483 ], [ -123.41132932, 46.17264962 ], [ -123.41161699, 46.17274755 ], [ -123.41237225, 46.17307782 ], [ -123.41317099, 46.17339002 ], [ -123.41337032, 46.17347922 ], [ -123.41373719, 46.17367589 ], [ -123.41395845, 46.17382809 ], [ -123.41412425, 46.17397149 ], [ -123.41434705, 46.17413262 ], [ -123.41462439, 46.17425782 ], [ -123.41505106, 46.17446534 ], [ -123.41511785, 46.17451139 ], [ -123.41520973, 46.1745425 ], [ -123.41526699, 46.17457035 ], [ -123.41553392, 46.17465042 ], [ -123.41569921, 46.17473693 ], [ -123.41583385, 46.17484139 ], [ -123.41597985, 46.1750414 ], [ -123.41628885, 46.1752284 ], [ -123.4163754, 46.17526256 ], [ -123.41647679, 46.17531302 ], [ -123.41673802, 46.17540568 ], [ -123.41677785, 46.1754214 ], [ -123.41682074, 46.17543502 ], [ -123.41747881, 46.17566843 ], [ -123.41764399, 46.1757417 ], [ -123.41836685, 46.17609265 ], [ -123.41842016, 46.17612108 ], [ -123.41877379, 46.17633075 ], [ -123.41900665, 46.17643775 ], [ -123.4190802, 46.17650034 ], [ -123.41907386, 46.17676241 ], [ -123.41914572, 46.17676707 ], [ -123.41915079, 46.17677035 ], [ -123.41960585, 46.17687669 ], [ -123.41985059, 46.17696582 ], [ -123.42001903, 46.17706206 ], [ -123.42004286, 46.17707841 ], [ -123.42015419, 46.17714236 ], [ -123.42034959, 46.17726989 ], [ -123.42093726, 46.17749282 ], [ -123.42127086, 46.17767169 ], [ -123.42138079, 46.17778802 ], [ -123.42141486, 46.17804009 ], [ -123.42141742, 46.17804254 ], [ -123.42142386, 46.17809641 ], [ -123.42147364, 46.17809641 ], [ -123.42148039, 46.17810288 ], [ -123.42153072, 46.17812055 ], [ -123.42169239, 46.17807508 ], [ -123.42179259, 46.17806562 ], [ -123.42182655, 46.17808223 ], [ -123.42185786, 46.17818841 ], [ -123.42189225, 46.17821996 ], [ -123.42190232, 46.17823622 ], [ -123.42193496, 46.17825915 ], [ -123.42196686, 46.17828841 ], [ -123.42213408, 46.17839293 ], [ -123.42215879, 46.17841542 ], [ -123.42217739, 46.17845426 ], [ -123.42225086, 46.17873942 ], [ -123.42232156, 46.17875453 ], [ -123.42237899, 46.17878349 ], [ -123.42249112, 46.17879202 ], [ -123.42259039, 46.17876482 ], [ -123.42275725, 46.17871009 ], [ -123.42287041, 46.17877372 ], [ -123.42289287, 46.17883742 ], [ -123.42294187, 46.17884176 ], [ -123.42297872, 46.17888035 ], [ -123.42318939, 46.17892449 ], [ -123.42326759, 46.17907722 ], [ -123.42327461, 46.1790829 ], [ -123.42328287, 46.17909942 ], [ -123.42336482, 46.17915599 ], [ -123.42341126, 46.17919362 ], [ -123.42342597, 46.17919821 ], [ -123.42343787, 46.17920642 ], [ -123.423471, 46.17921226 ], [ -123.42363926, 46.17926475 ], [ -123.42372192, 46.17935455 ], [ -123.42392199, 46.17936295 ], [ -123.42401032, 46.17940749 ], [ -123.42405499, 46.17950615 ], [ -123.42413299, 46.17954195 ], [ -123.42419785, 46.17958681 ], [ -123.42423696, 46.17986788 ], [ -123.42422484, 46.17989565 ], [ -123.42414887, 46.18001942 ], [ -123.42420468, 46.18005425 ], [ -123.42420472, 46.18005488 ], [ -123.42420602, 46.18005508 ], [ -123.42425787, 46.18008742 ], [ -123.42429686, 46.18006874 ], [ -123.42432132, 46.18007242 ], [ -123.42443199, 46.18003589 ], [ -123.42454352, 46.18003555 ], [ -123.42459886, 46.18007129 ], [ -123.42463186, 46.18011622 ], [ -123.42463199, 46.18035928 ], [ -123.42463885, 46.1803603 ], [ -123.42463887, 46.18036243 ], [ -123.42468755, 46.18036752 ], [ -123.42480919, 46.18038555 ], [ -123.4248637, 46.18041846 ], [ -123.42490104, 46.18044533 ], [ -123.42492019, 46.18048408 ], [ -123.42505339, 46.18053755 ], [ -123.42511939, 46.18059135 ], [ -123.42512007, 46.18065253 ], [ -123.42511814, 46.18067253 ], [ -123.42510138, 46.18074692 ], [ -123.42504887, 46.18079443 ], [ -123.42506787, 46.18084443 ], [ -123.42509767, 46.18086203 ], [ -123.42509765, 46.18087055 ], [ -123.42527446, 46.18097782 ], [ -123.42538526, 46.18105849 ], [ -123.42543408, 46.18111398 ], [ -123.42548587, 46.18121943 ], [ -123.42558026, 46.18142548 ], [ -123.42565219, 46.18159735 ], [ -123.42578426, 46.18199434 ], [ -123.42597587, 46.18260444 ], [ -123.42602353, 46.18284789 ], [ -123.42603899, 46.18296795 ], [ -123.42601687, 46.18333844 ], [ -123.42600733, 46.18342467 ], [ -123.42599419, 46.18346822 ], [ -123.42597709, 46.18359279 ], [ -123.42592986, 46.18368344 ], [ -123.42593796, 46.18371212 ], [ -123.42594273, 46.18381929 ], [ -123.42598878, 46.18390629 ], [ -123.42601386, 46.18402245 ], [ -123.42606135, 46.18415518 ], [ -123.42609146, 46.18451182 ], [ -123.42607035, 46.18455543 ], [ -123.42593686, 46.18470045 ], [ -123.42595365, 46.18471764 ], [ -123.42595226, 46.18471935 ], [ -123.42610695, 46.18490007 ], [ -123.4261154, 46.18491384 ], [ -123.42613259, 46.18497092 ], [ -123.42611186, 46.18505145 ], [ -123.42600027, 46.18514683 ], [ -123.42596886, 46.18516022 ], [ -123.42592695, 46.18519421 ], [ -123.42591386, 46.18520245 ], [ -123.42591437, 46.18520441 ], [ -123.42590179, 46.18521462 ], [ -123.42593103, 46.18526805 ], [ -123.42594186, 46.18530945 ], [ -123.42607573, 46.18546059 ], [ -123.42616719, 46.18561842 ], [ -123.42617357, 46.18566035 ], [ -123.42603586, 46.18578546 ], [ -123.42597422, 46.18584922 ], [ -123.42594459, 46.18587142 ], [ -123.42594459, 46.18587987 ], [ -123.42591986, 46.18590546 ], [ -123.42594459, 46.18591751 ], [ -123.42594459, 46.18594349 ], [ -123.42623426, 46.18607742 ], [ -123.42640228, 46.18617875 ], [ -123.42640986, 46.18627346 ], [ -123.42631186, 46.18636146 ], [ -123.42626686, 46.18642446 ], [ -123.42627234, 46.18643241 ], [ -123.42626632, 46.18643729 ], [ -123.42627746, 46.18651809 ], [ -123.42634805, 46.18660361 ], [ -123.42633186, 46.18668146 ], [ -123.42610686, 46.18675146 ], [ -123.4261014, 46.18677517 ], [ -123.42608806, 46.18677982 ], [ -123.42608796, 46.1868336 ], [ -123.42608086, 46.18686446 ], [ -123.4260879, 46.18686714 ], [ -123.42608786, 46.18688782 ], [ -123.42625459, 46.18699542 ], [ -123.42628773, 46.18704022 ], [ -123.42628786, 46.18707396 ], [ -123.42622786, 46.18715946 ], [ -123.42607486, 46.18724746 ], [ -123.42585886, 46.18744946 ], [ -123.42560785, 46.18763246 ], [ -123.42560885, 46.18774547 ], [ -123.42565398, 46.18777632 ], [ -123.42565406, 46.18778955 ], [ -123.42575075, 46.18787538 ], [ -123.42576385, 46.18795747 ], [ -123.42574912, 46.18800168 ], [ -123.42574219, 46.18801415 ], [ -123.42572039, 46.18808629 ], [ -123.42572022, 46.18808838 ], [ -123.42571985, 46.18808947 ], [ -123.42569385, 46.18825347 ], [ -123.42563985, 46.18835347 ], [ -123.42550485, 46.18840447 ], [ -123.42538785, 46.18839847 ], [ -123.42527885, 46.18832347 ], [ -123.42511621, 46.18816393 ], [ -123.42506393, 46.18809762 ], [ -123.42500622, 46.18804139 ], [ -123.42487785, 46.18788547 ], [ -123.42446785, 46.18745446 ], [ -123.42393985, 46.18691046 ], [ -123.42365086, 46.1866508 ], [ -123.42364499, 46.18664475 ], [ -123.42363663, 46.18663802 ], [ -123.42346685, 46.18648546 ], [ -123.42328926, 46.18634665 ], [ -123.42323426, 46.18629535 ], [ -123.42316053, 46.18624603 ], [ -123.42276826, 46.18593941 ], [ -123.42277439, 46.18573002 ], [ -123.42274706, 46.18572658 ], [ -123.42274685, 46.18567245 ], [ -123.42252085, 46.18570445 ], [ -123.42218385, 46.18584445 ], [ -123.42172784, 46.18603346 ], [ -123.42185948, 46.18609363 ], [ -123.42188019, 46.18611128 ], [ -123.42203189, 46.18618324 ], [ -123.42237284, 46.18640146 ], [ -123.42282684, 46.18675746 ], [ -123.42291599, 46.18683316 ], [ -123.42315552, 46.18707855 ], [ -123.42334346, 46.18724902 ], [ -123.42353051, 46.18746175 ], [ -123.42360985, 46.18756446 ], [ -123.42374193, 46.18772579 ], [ -123.42386499, 46.18789515 ], [ -123.42408666, 46.18816429 ], [ -123.42424199, 46.18835282 ], [ -123.42446386, 46.18865789 ], [ -123.42464153, 46.18895422 ], [ -123.42466253, 46.1889973 ], [ -123.42479785, 46.18930447 ], [ -123.42485815, 46.18938213 ], [ -123.42490692, 46.18946629 ], [ -123.42499603, 46.18955967 ], [ -123.42501685, 46.18958648 ], [ -123.42503751, 46.18961189 ], [ -123.42509619, 46.18969969 ], [ -123.42518236, 46.18979005 ], [ -123.42527546, 46.18990455 ], [ -123.4253525, 46.19000438 ], [ -123.42557453, 46.19029575 ], [ -123.42562319, 46.19037151 ], [ -123.42574907, 46.19058449 ], [ -123.42582321, 46.19075883 ], [ -123.42587785, 46.19098248 ], [ -123.4259307, 46.19133692 ], [ -123.42594799, 46.19153235 ], [ -123.42603699, 46.19175695 ], [ -123.42604759, 46.19182889 ], [ -123.42608173, 46.19190988 ], [ -123.42607421, 46.19262262 ], [ -123.42606284, 46.19276349 ], [ -123.42604228, 46.19356258 ], [ -123.42587739, 46.19424175 ], [ -123.4258597, 46.1943477 ], [ -123.42584893, 46.19438799 ], [ -123.42582166, 46.19443995 ], [ -123.42581033, 46.19452095 ], [ -123.42579691, 46.19455884 ], [ -123.42547683, 46.19533251 ], [ -123.42554404, 46.19563 ], [ -123.42555366, 46.19574602 ], [ -123.42555694, 46.19575765 ], [ -123.42557885, 46.19615753 ], [ -123.42557631, 46.19625417 ], [ -123.42546683, 46.19633651 ], [ -123.42526883, 46.19640051 ], [ -123.42520683, 46.19660751 ], [ -123.42516383, 46.19687751 ], [ -123.42508583, 46.19727952 ], [ -123.42507183, 46.19779452 ], [ -123.42509457, 46.19793293 ], [ -123.42509453, 46.19804269 ], [ -123.42516006, 46.19843829 ], [ -123.42517093, 46.19854635 ], [ -123.4252048, 46.19866329 ], [ -123.42522673, 46.19879815 ], [ -123.42531526, 46.19910382 ], [ -123.42533603, 46.19932564 ], [ -123.42533774, 46.19953316 ], [ -123.42533267, 46.19957978 ], [ -123.42532065, 46.19966426 ], [ -123.42528006, 46.19977875 ], [ -123.42524033, 46.19983962 ], [ -123.42482782, 46.20021053 ], [ -123.42471182, 46.20036153 ], [ -123.4247215, 46.20043501 ], [ -123.42471266, 46.20045609 ], [ -123.42470146, 46.20061815 ], [ -123.42473559, 46.20069909 ], [ -123.42474599, 46.20093275 ], [ -123.42467169, 46.20117223 ], [ -123.42459282, 46.20129754 ], [ -123.4245723, 46.20135555 ], [ -123.42456666, 46.20136562 ], [ -123.42447833, 46.20159995 ], [ -123.42447259, 46.20163753 ], [ -123.42444182, 46.20172454 ], [ -123.42439081, 46.20207654 ], [ -123.42437115, 46.2023675 ], [ -123.42436414, 46.20245548 ], [ -123.42430581, 46.20276654 ], [ -123.42409481, 46.20353355 ], [ -123.42397081, 46.20392255 ], [ -123.42375581, 46.20420655 ], [ -123.4235138, 46.20442055 ], [ -123.4232618, 46.20457855 ], [ -123.4231368, 46.20477356 ], [ -123.4228338, 46.20532656 ], [ -123.42255555, 46.2057448 ], [ -123.4225166, 46.20579222 ], [ -123.422485, 46.20584334 ], [ -123.42233161, 46.20603099 ], [ -123.42227173, 46.20609002 ], [ -123.42226013, 46.20615315 ], [ -123.42221919, 46.20625934 ], [ -123.42209179, 46.20638356 ], [ -123.42185779, 46.20653456 ], [ -123.42146079, 46.20664956 ], [ -123.42109979, 46.20663156 ], [ -123.42089079, 46.20652556 ], [ -123.42078079, 46.20630656 ], [ -123.42064279, 46.20598756 ], [ -123.42059579, 46.20581756 ], [ -123.42051681, 46.2056347 ], [ -123.42051636, 46.20554811 ], [ -123.42053848, 46.20544878 ], [ -123.42059486, 46.20531315 ], [ -123.42079533, 46.20508735 ], [ -123.42080036, 46.20501332 ], [ -123.42082479, 46.20493256 ], [ -123.42076879, 46.20480056 ], [ -123.42052279, 46.20454455 ], [ -123.42007779, 46.20420055 ], [ -123.41958879, 46.20387255 ], [ -123.41895979, 46.20345155 ], [ -123.41845179, 46.20313355 ], [ -123.41737179, 46.20251654 ], [ -123.41668178, 46.20212954 ], [ -123.41643678, 46.20201754 ], [ -123.41600278, 46.20198154 ], [ -123.41561178, 46.20170054 ], [ -123.41358878, 46.20068553 ], [ -123.41300878, 46.20046753 ], [ -123.41255477, 46.20021153 ], [ -123.41140377, 46.19971353 ], [ -123.40967077, 46.19880352 ], [ -123.40899877, 46.19841052 ], [ -123.40844576, 46.19817452 ], [ -123.40796576, 46.19795052 ], [ -123.40657776, 46.19732751 ], [ -123.40494675, 46.19663651 ], [ -123.40333275, 46.1959335 ], [ -123.40288775, 46.1957025 ], [ -123.40233475, 46.1953905 ], [ -123.40223775, 46.1953095 ], [ -123.40217941, 46.19531982 ], [ -123.40213552, 46.19529042 ], [ -123.40191612, 46.19512015 ], [ -123.40106141, 46.19551753 ], [ -123.40066574, 46.1955875 ], [ -123.40053774, 46.1956105 ], [ -123.40061974, 46.1956855 ], [ -123.40056574, 46.1957425 ], [ -123.40026774, 46.1957495 ], [ -123.39964374, 46.1957325 ], [ -123.39928274, 46.1957025 ], [ -123.39883973, 46.1956545 ], [ -123.39829573, 46.1955055 ], [ -123.39788873, 46.1954375 ], [ -123.39684873, 46.1953345 ], [ -123.39651373, 46.1952415 ], [ -123.39586972, 46.1949115 ], [ -123.39497372, 46.19465749 ], [ -123.39431272, 46.19449649 ], [ -123.39383372, 46.19444149 ], [ -123.39345372, 46.19438049 ], [ -123.39303672, 46.19428149 ], [ -123.39252071, 46.19411949 ], [ -123.39199571, 46.19397049 ], [ -123.39146171, 46.19388449 ], [ -123.39099971, 46.19374249 ], [ -123.39054671, 46.19362449 ], [ -123.38998571, 46.19339449 ], [ -123.38947771, 46.19323249 ], [ -123.3889337, 46.19297748 ], [ -123.3882907, 46.19269648 ], [ -123.3879727, 46.19249048 ], [ -123.3871567, 46.19212348 ], [ -123.3868281, 46.19203688 ], [ -123.38681179, 46.19202202 ], [ -123.38672365, 46.19190522 ], [ -123.38671828, 46.19190133 ], [ -123.3867127, 46.19185548 ], [ -123.3864947, 46.19172448 ], [ -123.38533469, 46.19132048 ], [ -123.38518869, 46.19126248 ], [ -123.38466469, 46.19105247 ], [ -123.38397569, 46.19076647 ], [ -123.38299569, 46.19017347 ], [ -123.38179969, 46.18961847 ], [ -123.38153668, 46.18955047 ], [ -123.38116222, 46.18954586 ], [ -123.38106439, 46.18950316 ], [ -123.38099194, 46.18946775 ], [ -123.38057668, 46.18923346 ], [ -123.380229090032643, 46.18906055021997 ], [ -123.380233, 46.189628 ], [ -123.373754, 46.18965 ], [ -123.373735551171251, 46.186971944213361 ], [ -123.37354866, 46.18684945 ], [ -123.37314966, 46.18667445 ], [ -123.37252066, 46.18644245 ], [ -123.37215766, 46.18639345 ], [ -123.37150566, 46.18621945 ], [ -123.37115188, 46.18605067 ], [ -123.37044156, 46.18565944 ], [ -123.37001465, 46.18534344 ], [ -123.36980865, 46.18522744 ], [ -123.36928865, 46.18501944 ], [ -123.36876865, 46.18480344 ], [ -123.36858065, 46.18468244 ], [ -123.36845865, 46.18445644 ], [ -123.36828865, 46.18431443 ], [ -123.36801065, 46.18426443 ], [ -123.36747965, 46.18429143 ], [ -123.36733886, 46.18426813 ], [ -123.36732847, 46.18425549 ], [ -123.3673147, 46.18422884 ], [ -123.36732552, 46.18405803 ], [ -123.36729287, 46.18404495 ], [ -123.36729665, 46.18402443 ], [ -123.36709164, 46.18393243 ], [ -123.36684864, 46.18379943 ], [ -123.36661966, 46.18380038 ], [ -123.36661471, 46.18379922 ], [ -123.3663116, 46.18349807 ], [ -123.36627964, 46.18346543 ], [ -123.36587864, 46.18303943 ], [ -123.36499964, 46.18243442 ], [ -123.36467364, 46.18232642 ], [ -123.36446764, 46.18229342 ], [ -123.36395864, 46.18194342 ], [ -123.36314688, 46.181539 ], [ -123.36313698, 46.18153329 ], [ -123.36308175, 46.18150472 ], [ -123.36221563, 46.18103541 ], [ -123.36179063, 46.18074341 ], [ -123.36120863, 46.18025941 ], [ -123.36025563, 46.17931041 ], [ -123.36014463, 46.1790594 ], [ -123.35975663, 46.1787254 ], [ -123.35947763, 46.1784334 ], [ -123.35928263, 46.1781404 ], [ -123.35906363, 46.1779144 ], [ -123.35823363, 46.17737639 ], [ -123.35743363, 46.17689339 ], [ -123.35690063, 46.17649239 ], [ -123.35664563, 46.17625839 ], [ -123.35658371, 46.17610143 ], [ -123.35658211, 46.17608189 ], [ -123.35662645, 46.17596456 ], [ -123.35662645, 46.17582017 ], [ -123.35663063, 46.17580639 ], [ -123.35662645, 46.17578672 ], [ -123.35662644, 46.17560469 ], [ -123.35658305, 46.17555089 ], [ -123.35657216, 46.17553145 ], [ -123.35652675, 46.17531792 ], [ -123.35654391, 46.17527203 ], [ -123.35665965, 46.17499263 ], [ -123.35674905, 46.17483022 ], [ -123.35692691, 46.17458676 ], [ -123.35720498, 46.17433382 ], [ -123.35754925, 46.17409876 ], [ -123.35753407, 46.17407617 ], [ -123.35757863, 46.17404738 ], [ -123.35803564, 46.17386938 ], [ -123.35880664, 46.17368238 ], [ -123.35959064, 46.17356337 ], [ -123.36013265, 46.17350237 ], [ -123.36066365, 46.17350937 ], [ -123.36127965, 46.17359138 ], [ -123.36189265, 46.17366638 ], [ -123.36351566, 46.17350038 ], [ -123.36369466, 46.17330437 ], [ -123.36261366, 46.17326137 ], [ -123.36111365, 46.17320237 ], [ -123.36103065, 46.17319437 ], [ -123.36060665, 46.17315337 ], [ -123.35981065, 46.17306337 ], [ -123.35926664, 46.17303137 ], [ -123.35865264, 46.17311737 ], [ -123.35802564, 46.17317837 ], [ -123.35739864, 46.17320537 ], [ -123.35698763, 46.17316437 ], [ -123.35648563, 46.17292737 ], [ -123.35625822, 46.1728099 ], [ -123.3562304, 46.17276034 ], [ -123.35616963, 46.17256737 ], [ -123.35589465, 46.17230421 ], [ -123.35589482, 46.17229618 ], [ -123.35589965, 46.17229135 ], [ -123.35596704, 46.17224076 ], [ -123.35595702, 46.17223398 ], [ -123.35597463, 46.17221637 ], [ -123.35584063, 46.17209937 ], [ -123.35575663, 46.17214137 ], [ -123.35576963, 46.17226737 ], [ -123.3556672, 46.17225382 ], [ -123.35540531, 46.17203549 ], [ -123.3553737, 46.17201562 ], [ -123.35524863, 46.17190836 ], [ -123.35492308, 46.1717544 ], [ -123.35491751, 46.17171289 ], [ -123.35506125, 46.17168549 ], [ -123.35506084, 46.17164936 ], [ -123.35508963, 46.17164936 ], [ -123.35502863, 46.17155736 ], [ -123.35455463, 46.17105536 ], [ -123.35423963, 46.17076336 ], [ -123.35419579, 46.17051046 ], [ -123.35419591, 46.17046416 ], [ -123.35416158, 46.17030229 ], [ -123.35414307, 46.17028726 ], [ -123.35412163, 46.17020636 ], [ -123.35388435, 46.17010199 ], [ -123.35388444, 46.17004229 ], [ -123.35393998, 46.16997002 ], [ -123.35392858, 46.16982603 ], [ -123.35388464, 46.16978116 ], [ -123.3538367, 46.16954811 ], [ -123.35382663, 46.16944435 ], [ -123.35366861, 46.16945277 ], [ -123.35365372, 46.16944939 ], [ -123.35350063, 46.16929435 ], [ -123.35343863, 46.16912735 ], [ -123.35323363, 46.16911135 ], [ -123.35287377, 46.16875427 ], [ -123.35285184, 46.16865929 ], [ -123.35289584, 46.16859636 ], [ -123.35302971, 46.16855063 ], [ -123.35299598, 46.16846983 ], [ -123.35296318, 46.16831709 ], [ -123.35292398, 46.16824523 ], [ -123.35286318, 46.16810129 ], [ -123.35285198, 46.16800229 ], [ -123.35278571, 46.16788549 ], [ -123.35275659, 46.16785571 ], [ -123.35274863, 46.16783434 ], [ -123.35260859, 46.1676491 ], [ -123.35259658, 46.16734609 ], [ -123.35256331, 46.16727422 ], [ -123.3525173, 46.16721619 ], [ -123.35244263, 46.16708134 ], [ -123.35233363, 46.16709834 ], [ -123.35234663, 46.16719834 ], [ -123.35242871, 46.16729057 ], [ -123.35244091, 46.16731049 ], [ -123.35244459, 46.16732159 ], [ -123.35245682, 46.16750427 ], [ -123.35244654, 46.16750247 ], [ -123.35225063, 46.16725734 ], [ -123.35198422, 46.16722794 ], [ -123.35197484, 46.16715889 ], [ -123.35208571, 46.16706856 ], [ -123.3520486, 46.16703479 ], [ -123.35206863, 46.16702334 ], [ -123.35177663, 46.16675634 ], [ -123.35155569, 46.1667345 ], [ -123.35154178, 46.16667422 ], [ -123.35166438, 46.16660176 ], [ -123.35164723, 46.16656092 ], [ -123.35166663, 46.16654734 ], [ -123.35162407, 46.16651534 ], [ -123.35153011, 46.16643136 ], [ -123.35147996, 46.166407 ], [ -123.35141418, 46.16635754 ], [ -123.35138551, 46.16625176 ], [ -123.35136377, 46.16623688 ], [ -123.35135163, 46.16618733 ], [ -123.35119463, 46.16616233 ], [ -123.35118216, 46.16614345 ], [ -123.35115311, 46.16607263 ], [ -123.35109352, 46.16600926 ], [ -123.35087163, 46.16567333 ], [ -123.35067754, 46.16560656 ], [ -123.35065311, 46.16549796 ], [ -123.35058684, 46.16538116 ], [ -123.35058229, 46.16537602 ], [ -123.35056763, 46.16533033 ], [ -123.35043363, 46.16514633 ], [ -123.35011863, 46.16498033 ], [ -123.3499673, 46.16495078 ], [ -123.34992038, 46.16488809 ], [ -123.34973131, 46.16472683 ], [ -123.3495716, 46.16460334 ], [ -123.34946735, 46.16450848 ], [ -123.34945358, 46.16447556 ], [ -123.34953131, 46.16441243 ], [ -123.34986578, 46.16463649 ], [ -123.34988266, 46.16463337 ], [ -123.34988763, 46.16463732 ], [ -123.34989918, 46.16463031 ], [ -123.34996451, 46.16461823 ], [ -123.34994684, 46.16460138 ], [ -123.34997163, 46.16458632 ], [ -123.34958793, 46.16427527 ], [ -123.34956498, 46.16418723 ], [ -123.3495416, 46.16415876 ], [ -123.34952263, 46.16406032 ], [ -123.34926763, 46.16388432 ], [ -123.34911063, 46.16386032 ], [ -123.34882163, 46.16388632 ], [ -123.34880022, 46.1638567 ], [ -123.34878884, 46.16380276 ], [ -123.34896578, 46.16367609 ], [ -123.34895476, 46.16362561 ], [ -123.34897063, 46.16361332 ], [ -123.34869262, 46.16340506 ], [ -123.34868501, 46.16339624 ], [ -123.34842463, 46.16307832 ], [ -123.34825363, 46.16276831 ], [ -123.34810763, 46.16261831 ], [ -123.34785487, 46.16243729 ], [ -123.34781111, 46.16237449 ], [ -123.34781151, 46.16223069 ], [ -123.34784431, 46.16215843 ], [ -123.34791024, 46.16205936 ], [ -123.34786307, 46.16201618 ], [ -123.34786263, 46.16195731 ], [ -123.34766963, 46.16194931 ], [ -123.34760238, 46.16188817 ], [ -123.34756637, 46.16180843 ], [ -123.34751084, 46.16174549 ], [ -123.34749836, 46.16174046 ], [ -123.34747463, 46.16169831 ], [ -123.34724563, 46.16167431 ], [ -123.34713763, 46.16179131 ], [ -123.34695763, 46.16193431 ], [ -123.34685725, 46.16196591 ], [ -123.34681717, 46.16196362 ], [ -123.34671157, 46.16179296 ], [ -123.34662277, 46.16181109 ], [ -123.34645657, 46.16183696 ], [ -123.34626831, 46.16186636 ], [ -123.34611142, 46.16196583 ], [ -123.34605609, 46.16202003 ], [ -123.34603357, 46.16208303 ], [ -123.34598449, 46.16208582 ], [ -123.34585721, 46.16207619 ], [ -123.34582313, 46.16202076 ], [ -123.34581433, 46.1620172 ], [ -123.34578962, 46.16197131 ], [ -123.34550862, 46.16196731 ], [ -123.34538462, 46.16190531 ], [ -123.34517162, 46.16176331 ], [ -123.34493162, 46.16168831 ], [ -123.34459462, 46.16153631 ], [ -123.34430562, 46.16139931 ], [ -123.34397662, 46.16131931 ], [ -123.34376362, 46.16130131 ], [ -123.34318861, 46.16130231 ], [ -123.34303061, 46.1612843 ], [ -123.34293561, 46.16136531 ], [ -123.34282561, 46.16138931 ], [ -123.34275632, 46.1613342 ], [ -123.34274137, 46.16130983 ], [ -123.34273817, 46.16130916 ], [ -123.34271561, 46.16123731 ], [ -123.34249561, 46.16122831 ], [ -123.34228361, 46.1611913 ], [ -123.34208361, 46.1611303 ], [ -123.34192561, 46.1610353 ], [ -123.34178861, 46.1609733 ], [ -123.34162361, 46.1609743 ], [ -123.34148761, 46.1610223 ], [ -123.34130961, 46.1611133 ], [ -123.34114561, 46.1611663 ], [ -123.34103661, 46.1612283 ], [ -123.3406316, 46.1612343 ], [ -123.3405566, 46.1612723 ], [ -123.3404196, 46.1613113 ], [ -123.3401936, 46.1613403 ], [ -123.3401396, 46.16139231 ], [ -123.3401736, 46.16143531 ], [ -123.3402143, 46.16143407 ], [ -123.34021411, 46.16144336 ], [ -123.34096977, 46.16139603 ], [ -123.34151351, 46.16129549 ], [ -123.34165824, 46.16128596 ], [ -123.34179124, 46.16133963 ], [ -123.34190139, 46.16139143 ], [ -123.34201061, 46.16149231 ], [ -123.34205261, 46.16161131 ], [ -123.34197061, 46.16168731 ], [ -123.34175861, 46.16169231 ], [ -123.34164056, 46.16166565 ], [ -123.34160237, 46.16161923 ], [ -123.34158515, 46.16161072 ], [ -123.34153861, 46.16156031 ], [ -123.34138061, 46.16149831 ], [ -123.34126461, 46.16152731 ], [ -123.34126461, 46.16160331 ], [ -123.34132775, 46.16162129 ], [ -123.34133044, 46.16162909 ], [ -123.34152366, 46.16174433 ], [ -123.34142361, 46.16177931 ], [ -123.34145161, 46.16184131 ], [ -123.34146005, 46.16184288 ], [ -123.34145804, 46.16184456 ], [ -123.34160251, 46.16188929 ], [ -123.34196931, 46.16187923 ], [ -123.34229077, 46.16196819 ], [ -123.34276837, 46.16207476 ], [ -123.34321304, 46.16208243 ], [ -123.34354584, 46.16214449 ], [ -123.34442277, 46.16220483 ], [ -123.34455822, 46.1622589 ], [ -123.34455862, 46.16228931 ], [ -123.34445562, 46.16231331 ], [ -123.34425661, 46.16230431 ], [ -123.34366761, 46.16228731 ], [ -123.34331761, 46.16230231 ], [ -123.34272561, 46.16237831 ], [ -123.34210961, 46.16241331 ], [ -123.34186261, 46.16239431 ], [ -123.34172461, 46.16235231 ], [ -123.34158761, 46.16233331 ], [ -123.3416086, 46.16238631 ], [ -123.3416231, 46.16240057 ], [ -123.34160344, 46.16240223 ], [ -123.3416301, 46.16243823 ], [ -123.3416351, 46.16253729 ], [ -123.34083531, 46.16261163 ], [ -123.34069877, 46.16258496 ], [ -123.34069097, 46.16287294 ], [ -123.34069544, 46.16290276 ], [ -123.34074684, 46.16330491 ], [ -123.34082611, 46.16330106 ], [ -123.34094691, 46.16329519 ], [ -123.34101337, 46.16332203 ], [ -123.34103031, 46.16343903 ], [ -123.34123471, 46.16343843 ], [ -123.34144612, 46.16338369 ], [ -123.34159044, 46.16331123 ], [ -123.34160142, 46.16323936 ], [ -123.34153511, 46.16317656 ], [ -123.34155151, 46.16311343 ], [ -123.34160197, 46.16309536 ], [ -123.34170602, 46.16315411 ], [ -123.3416836, 46.16346532 ], [ -123.3416026, 46.16352232 ], [ -123.3415126, 46.16361132 ], [ -123.3414596, 46.16383232 ], [ -123.34145129, 46.16404537 ], [ -123.34143437, 46.16416676 ], [ -123.3414439, 46.16431047 ], [ -123.3414446, 46.16446932 ], [ -123.3413456, 46.16454532 ], [ -123.3410826, 46.16456532 ], [ -123.3408186, 46.16450932 ], [ -123.3405186, 46.16440932 ], [ -123.3402536, 46.16413232 ], [ -123.33997059, 46.16389332 ], [ -123.33961959, 46.16363232 ], [ -123.33939159, 46.16342532 ], [ -123.33898959, 46.16304131 ], [ -123.33870659, 46.16273331 ], [ -123.33820459, 46.16228131 ], [ -123.33767459, 46.16175931 ], [ -123.33705459, 46.1611803 ], [ -123.33671259, 46.1609263 ], [ -123.33639359, 46.1607123 ], [ -123.33584559, 46.1602663 ], [ -123.33556359, 46.1600593 ], [ -123.33524359, 46.15968129 ], [ -123.33482359, 46.15932329 ], [ -123.33399359, 46.15866929 ], [ -123.33354759, 46.15838729 ], [ -123.33302759, 46.15803529 ], [ -123.33282758, 46.15790929 ], [ -123.33207458, 46.15733528 ], [ -123.33160058, 46.15693928 ], [ -123.33100758, 46.15649928 ], [ -123.33076058, 46.15637528 ], [ -123.33040958, 46.15613327 ], [ -123.32992458, 46.15580727 ], [ -123.32944342, 46.15537707 ], [ -123.32942923, 46.15536178 ], [ -123.32927787, 46.15513612 ], [ -123.32926757, 46.15510323 ], [ -123.32920211, 46.15502316 ], [ -123.32895252, 46.15465102 ], [ -123.32893564, 46.15460003 ], [ -123.32889092, 46.15454135 ], [ -123.3287913, 46.15435213 ], [ -123.3287233, 46.15415989 ], [ -123.32869909, 46.1541261 ], [ -123.32869058, 46.15410426 ], [ -123.32865609, 46.15406606 ], [ -123.3284851, 46.15382736 ], [ -123.3283921, 46.15359363 ], [ -123.32833901, 46.15339469 ], [ -123.32833558, 46.15336826 ], [ -123.32831771, 46.15331489 ], [ -123.3282697, 46.15313503 ], [ -123.32809297, 46.15282956 ], [ -123.32795884, 46.15264109 ], [ -123.3278039, 46.15233543 ], [ -123.3277589, 46.15219143 ], [ -123.32773717, 46.15203849 ], [ -123.32759337, 46.1516431 ], [ -123.32755063, 46.15160867 ], [ -123.32744358, 46.15147525 ], [ -123.32725058, 46.15147625 ], [ -123.32717958, 46.15162725 ], [ -123.32718376, 46.1517316 ], [ -123.3271827, 46.15173416 ], [ -123.32718933, 46.15187067 ], [ -123.32722158, 46.15267526 ], [ -123.32724758, 46.15295126 ], [ -123.32729182, 46.15297817 ], [ -123.32731457, 46.15302976 ], [ -123.32735176, 46.15305594 ], [ -123.32736958, 46.15316926 ], [ -123.32741221, 46.15322815 ], [ -123.32741497, 46.15327256 ], [ -123.32759244, 46.15347909 ], [ -123.32759552, 46.15355029 ], [ -123.32746858, 46.15358026 ], [ -123.32680457, 46.15359026 ], [ -123.32671957, 46.15349026 ], [ -123.32671519, 46.15339958 ], [ -123.32671537, 46.15337349 ], [ -123.32674384, 46.15301549 ], [ -123.32676446, 46.15290161 ], [ -123.3268491, 46.15259916 ], [ -123.32690437, 46.1519869 ], [ -123.32690537, 46.15158196 ], [ -123.32687103, 46.15145603 ], [ -123.32683067, 46.15140494 ], [ -123.32680958, 46.15134725 ], [ -123.32668835, 46.15120111 ], [ -123.32667137, 46.15110549 ], [ -123.32666117, 46.15063763 ], [ -123.3265509, 46.15024196 ], [ -123.32648363, 46.15010709 ], [ -123.32642803, 46.14992743 ], [ -123.32635563, 46.1497741 ], [ -123.32632958, 46.14970524 ], [ -123.32609219, 46.1494024 ], [ -123.3260845, 46.14938829 ], [ -123.32596244, 46.1492265 ], [ -123.32585576, 46.14915097 ], [ -123.32579458, 46.14908624 ], [ -123.32539658, 46.14897024 ], [ -123.32496058, 46.14882823 ], [ -123.32401957, 46.14868823 ], [ -123.32371757, 46.14865623 ], [ -123.32350057, 46.14872323 ], [ -123.32342857, 46.14884923 ], [ -123.32347719, 46.14893124 ], [ -123.32349817, 46.14898156 ], [ -123.32352346, 46.14900927 ], [ -123.32356257, 46.14907524 ], [ -123.32368442, 46.14918562 ], [ -123.3236865, 46.1491879 ], [ -123.32402295, 46.14949626 ], [ -123.3241965, 46.14967299 ], [ -123.32433677, 46.14982666 ], [ -123.32438637, 46.14990252 ], [ -123.3244407, 46.14999589 ], [ -123.3245064, 46.15011708 ], [ -123.32459657, 46.15038924 ], [ -123.32466957, 46.15063224 ], [ -123.32467357, 46.15117725 ], [ -123.32462857, 46.15174725 ], [ -123.32471557, 46.15221725 ], [ -123.32459457, 46.15225925 ], [ -123.32442557, 46.15224325 ], [ -123.32429257, 46.15211725 ], [ -123.32413457, 46.15188325 ], [ -123.32401157, 46.15159025 ], [ -123.32379257, 46.15128025 ], [ -123.32353757, 46.15087824 ], [ -123.32316657, 46.15043924 ], [ -123.32283857, 46.14998724 ], [ -123.32257157, 46.14981224 ], [ -123.32236657, 46.14977124 ], [ -123.32227057, 46.14983824 ], [ -123.32212756, 46.15018224 ], [ -123.32200756, 46.15025824 ], [ -123.32188756, 46.15030024 ], [ -123.32187456, 46.15021624 ], [ -123.32194656, 46.15011624 ], [ -123.32196956, 46.14998124 ], [ -123.32194456, 46.14984724 ], [ -123.32185956, 46.14969724 ], [ -123.32180957, 46.14933624 ], [ -123.32177057, 46.14896723 ], [ -123.32179357, 46.14868223 ], [ -123.32199757, 46.14847223 ], [ -123.32232157, 46.14833723 ], [ -123.32290057, 46.14825123 ], [ -123.32351558, 46.14819123 ], [ -123.32422158, 46.14818523 ], [ -123.32460658, 46.14813323 ], [ -123.32499258, 46.14804823 ], [ -123.32538958, 46.14783823 ], [ -123.32579859, 46.14765223 ], [ -123.32626859, 46.14755823 ], [ -123.32691959, 46.14752323 ], [ -123.32722615, 46.14751758 ], [ -123.3273639, 46.14753949 ], [ -123.32951762, 46.14806328 ], [ -123.32859959, 46.14807223 ], [ -123.32810559, 46.14805623 ], [ -123.32753759, 46.14797423 ], [ -123.32635459, 46.14786023 ], [ -123.32605359, 46.14789523 ], [ -123.32602958, 46.14802923 ], [ -123.32619958, 46.14817123 ], [ -123.32655059, 46.14832923 ], [ -123.32691259, 46.14837823 ], [ -123.32714259, 46.14857123 ], [ -123.32711959, 46.14874723 ], [ -123.32701159, 46.14884823 ], [ -123.32700059, 46.14897324 ], [ -123.32724259, 46.14909024 ], [ -123.32767859, 46.14933224 ], [ -123.32795759, 46.14955824 ], [ -123.32804259, 46.14967524 ], [ -123.32921259, 46.14962124 ], [ -123.32965859, 46.14962824 ], [ -123.3299916, 46.14979124 ], [ -123.3305476, 46.15004924 ], [ -123.3310196, 46.15014824 ], [ -123.3315016, 46.15018924 ], [ -123.3319606, 46.15025524 ], [ -123.3324926, 46.15035424 ], [ -123.3328306, 46.15043724 ], [ -123.3332416, 46.15057825 ], [ -123.3334596, 46.15070325 ], [ -123.33396761, 46.15092825 ], [ -123.33434261, 46.15104425 ], [ -123.33458361, 46.15111125 ], [ -123.33506861, 46.15142025 ], [ -123.33572761, 46.15168225 ], [ -123.33630761, 46.15187325 ], [ -123.33681561, 46.15202225 ], [ -123.33714161, 46.15210525 ], [ -123.33754162, 46.15230526 ], [ -123.33786762, 46.15244726 ], [ -123.33824262, 46.15249626 ], [ -123.33856762, 46.15249526 ], [ -123.33885762, 46.15255326 ], [ -123.33934062, 46.15260226 ], [ -123.33981162, 46.15262626 ], [ -123.34023363, 46.15263326 ], [ -123.34070463, 46.15268226 ], [ -123.34119963, 46.15272226 ], [ -123.34142863, 46.15277926 ], [ -123.34169263, 46.15263526 ], [ -123.34181063, 46.15257126 ], [ -123.34177263, 46.15245326 ], [ -123.3417846, 46.15239886 ], [ -123.34180444, 46.15240249 ], [ -123.34184057, 46.15235736 ], [ -123.34201784, 46.15231196 ], [ -123.34228444, 46.15227502 ], [ -123.34241804, 46.15222069 ], [ -123.3427067, 46.15202189 ], [ -123.34279184, 46.15193156 ], [ -123.34288517, 46.15176936 ], [ -123.34291811, 46.15158923 ], [ -123.34296284, 46.15149909 ], [ -123.34325097, 46.15134522 ], [ -123.34333944, 46.15128189 ], [ -123.34372897, 46.15111889 ], [ -123.34409531, 46.15104563 ], [ -123.34430966, 46.15104499 ], [ -123.34434167, 46.15105392 ], [ -123.3445509, 46.15113416 ], [ -123.34485004, 46.15113343 ], [ -123.34552711, 46.15109543 ], [ -123.34570537, 46.15106789 ], [ -123.34608297, 46.15103976 ], [ -123.34615766, 46.15103957 ], [ -123.34621965, 46.15107825 ], [ -123.34622052, 46.15107783 ], [ -123.34624464, 46.15109329 ], [ -123.34636104, 46.15107483 ], [ -123.34649384, 46.15108356 ], [ -123.3465547, 46.15111149 ], [ -123.34656965, 46.15113625 ], [ -123.34659323, 46.15116705 ], [ -123.3466041, 46.15119116 ], [ -123.34662108, 46.15120342 ], [ -123.34670365, 46.15131125 ], [ -123.34686276, 46.15132542 ], [ -123.34696044, 46.15136103 ], [ -123.34722684, 46.15139622 ], [ -123.34735944, 46.15138696 ], [ -123.34741729, 46.15131671 ], [ -123.34743874, 46.15130169 ], [ -123.34759331, 46.15125116 ], [ -123.34815944, 46.15122249 ], [ -123.34830397, 46.15119489 ], [ -123.34844797, 46.15124849 ], [ -123.34863704, 46.15123889 ], [ -123.34948117, 46.15109249 ], [ -123.35020304, 46.15100009 ], [ -123.35075837, 46.15089949 ], [ -123.35093517, 46.15084489 ], [ -123.35105497, 46.15086226 ], [ -123.35103767, 46.15102625 ], [ -123.35108819, 46.15102996 ], [ -123.3510905, 46.15104256 ], [ -123.35114251, 46.15103395 ], [ -123.35114667, 46.15103425 ], [ -123.35114816, 46.15103301 ], [ -123.35120204, 46.15102409 ], [ -123.35133651, 46.15095183 ], [ -123.35148017, 46.15092436 ], [ -123.3516573, 46.15093282 ], [ -123.35179104, 46.15095949 ], [ -123.3518579, 46.15103116 ], [ -123.35202371, 46.15106656 ], [ -123.35226837, 46.15106609 ], [ -123.35252364, 46.15103809 ], [ -123.35336737, 46.15084662 ], [ -123.35371251, 46.15080056 ], [ -123.35396717, 46.15079969 ], [ -123.35422311, 46.15082589 ], [ -123.35515477, 46.15101202 ], [ -123.35557744, 46.15112769 ], [ -123.35592684, 46.15118483 ], [ -123.35608777, 46.15120702 ], [ -123.3564659, 46.15118802 ], [ -123.35707664, 46.15105096 ], [ -123.35803144, 46.15090416 ], [ -123.35835444, 46.15083096 ], [ -123.35927551, 46.15053122 ], [ -123.35938597, 46.15051283 ], [ -123.35957557, 46.15051222 ], [ -123.35975311, 46.15052956 ], [ -123.35984104, 46.15051149 ], [ -123.35995337, 46.15041202 ], [ -123.36017477, 46.15026729 ], [ -123.36051844, 46.15015816 ], [ -123.36094118, 46.15006689 ], [ -123.36207451, 46.14991936 ], [ -123.362339183325176, 46.149890309077932 ], [ -123.362334, 46.149086 ], [ -123.368808, 46.149065 ], [ -123.36881638935921, 46.150323403881892 ], [ -123.36890278, 46.15034756 ], [ -123.36934704, 46.15049922 ], [ -123.36964677, 46.15057016 ], [ -123.36983578, 46.15059662 ], [ -123.37012471, 46.15070376 ], [ -123.37034704, 46.15074789 ], [ -123.37119104, 46.15086216 ], [ -123.37148382, 46.15084023 ], [ -123.37158074, 46.15084826 ], [ -123.3717141, 46.15081658 ], [ -123.37191264, 46.15082389 ], [ -123.37234511, 46.15092149 ], [ -123.37252264, 46.15097496 ], [ -123.37317811, 46.15131489 ], [ -123.37411131, 46.15173482 ], [ -123.37427778, 46.15184236 ], [ -123.37478891, 46.15206549 ], [ -123.37506644, 46.15221769 ], [ -123.37537791, 46.15243262 ], [ -123.37568804, 46.15273776 ], [ -123.37578878, 46.15287242 ], [ -123.375816323606543, 46.152935843379254 ], [ -123.380185, 46.152921 ], [ -123.380185, 46.152934 ], [ -123.38039, 46.152933 ], [ -123.380412935871547, 46.156262400708378 ], [ -123.38064025, 46.15633935 ], [ -123.38107218, 46.15653582 ], [ -123.38130431, 46.15667015 ], [ -123.38151551, 46.15687656 ], [ -123.38196411, 46.15718089 ], [ -123.38212458, 46.15732449 ], [ -123.38218065, 46.15739642 ], [ -123.38255691, 46.15773689 ], [ -123.38270031, 46.15785349 ], [ -123.38298831, 46.15813155 ], [ -123.38316618, 46.15828415 ], [ -123.38333211, 46.15841842 ], [ -123.38344991, 46.15849353 ], [ -123.38348077, 46.1585183 ], [ -123.383509, 46.1585312 ], [ -123.38359885, 46.15858849 ], [ -123.38406403, 46.15880529 ], [ -123.38416977, 46.1589173 ], [ -123.38423477, 46.1591553 ], [ -123.38433477, 46.1593063 ], [ -123.38467977, 46.15951831 ], [ -123.38482041, 46.15958175 ], [ -123.38483938, 46.15959229 ], [ -123.38514971, 46.15980735 ], [ -123.38537564, 46.16001554 ], [ -123.38539165, 46.16003507 ], [ -123.38544958, 46.16012142 ], [ -123.3854927, 46.16015836 ], [ -123.38550577, 46.16017431 ], [ -123.38552628, 46.16018713 ], [ -123.38563791, 46.16028276 ], [ -123.38618031, 46.16051482 ], [ -123.38638071, 46.16064929 ], [ -123.38647991, 46.16074782 ], [ -123.3865305, 46.1608149 ], [ -123.38659477, 46.16091131 ], [ -123.38664315, 46.16096428 ], [ -123.38668991, 46.16102629 ], [ -123.38671001, 46.16103749 ], [ -123.38673177, 46.16106132 ], [ -123.38675729, 46.16106382 ], [ -123.38680191, 46.16108869 ], [ -123.38711218, 46.16111482 ], [ -123.38720105, 46.16113249 ], [ -123.38793752, 46.16175109 ], [ -123.38807554, 46.16190049 ], [ -123.38814678, 46.16198532 ], [ -123.38820447, 46.16201862 ], [ -123.38827651, 46.16207389 ], [ -123.3883628, 46.16210999 ], [ -123.38837378, 46.16211632 ], [ -123.38841746, 46.16213285 ], [ -123.38857531, 46.16219889 ], [ -123.38897465, 46.16239529 ], [ -123.38931871, 46.16262842 ], [ -123.38935987, 46.16267576 ], [ -123.38937776, 46.16270212 ], [ -123.38944351, 46.16286176 ], [ -123.38946022, 46.16288562 ], [ -123.38947178, 46.16291633 ], [ -123.3894909, 46.16292945 ], [ -123.38950651, 46.16295175 ], [ -123.39013785, 46.16339056 ], [ -123.39049305, 46.16349729 ], [ -123.39077409, 46.16368386 ], [ -123.39085978, 46.16376433 ], [ -123.39163255, 46.16425062 ], [ -123.39181351, 46.16438375 ], [ -123.39235625, 46.16471509 ], [ -123.39277765, 46.16501042 ], [ -123.39294411, 46.16515396 ], [ -123.3929603, 46.16517758 ], [ -123.39301079, 46.16525734 ], [ -123.39301867, 46.16526276 ], [ -123.39304265, 46.16529775 ], [ -123.39314325, 46.16535142 ], [ -123.39347631, 46.16541322 ], [ -123.39356492, 46.16546689 ], [ -123.39367465, 46.16563749 ], [ -123.39375365, 46.16569115 ], [ -123.394242061944269, 46.165905073282161 ], [ -123.399894, 46.165885 ], [ -123.399918284231731, 46.169196486144315 ] ], [ [ -123.396540494160902, 46.176297616376445 ], [ -123.39623377, 46.1763604 ], [ -123.39516777, 46.1763514 ], [ -123.39497777, 46.1762764 ], [ -123.39466977, 46.1762524 ], [ -123.39431777, 46.1762414 ], [ -123.39401876, 46.1762044 ], [ -123.39339476, 46.1760874 ], [ -123.39221876, 46.17579639 ], [ -123.39144976, 46.17561039 ], [ -123.39076175, 46.17547539 ], [ -123.39007375, 46.17520139 ], [ -123.38957475, 46.17496439 ], [ -123.38883175, 46.17467239 ], [ -123.38733674, 46.17400538 ], [ -123.38661274, 46.17372538 ], [ -123.38616774, 46.17345738 ], [ -123.38566874, 46.17306338 ], [ -123.38500374, 46.17238837 ], [ -123.38478574, 46.17210637 ], [ -123.38448374, 46.17162437 ], [ -123.38389174, 46.17087337 ], [ -123.38364674, 46.17070437 ], [ -123.38348374, 46.17071137 ], [ -123.38327674, 46.17077437 ], [ -123.38316874, 46.17085037 ], [ -123.38319674, 46.17103237 ], [ -123.38342474, 46.17125137 ], [ -123.38379674, 46.17146937 ], [ -123.38407874, 46.17174537 ], [ -123.38434274, 46.17203937 ], [ -123.38487174, 46.17282838 ], [ -123.38527174, 46.17318438 ], [ -123.38583474, 46.17359638 ], [ -123.38684074, 46.17413938 ], [ -123.38746574, 46.17437539 ], [ -123.38780175, 46.17459439 ], [ -123.38849975, 46.17493639 ], [ -123.38939675, 46.17532939 ], [ -123.38989575, 46.17555339 ], [ -123.39084575, 46.17581339 ], [ -123.39131676, 46.1759374 ], [ -123.39203976, 46.1760734 ], [ -123.39270076, 46.1762274 ], [ -123.39337076, 46.1764264 ], [ -123.39409376, 46.1765434 ], [ -123.39475377, 46.1766094 ], [ -123.39580177, 46.1766434 ], [ -123.396543018627625, 46.176652619510293 ], [ -123.396540494160902, 46.176297616376445 ] ] ], [ [ [ -123.380071104667763, 46.210716734002155 ], [ -123.380130665028361, 46.209874160474371 ], [ -123.377094, 46.209884 ], [ -123.377063, 46.205384 ], [ -123.381364003, 46.205370064 ], [ -123.381376544, 46.204856578 ], [ -123.381377901, 46.204800629 ], [ -123.38148542, 46.204803167 ], [ -123.382267682, 46.20482136 ], [ -123.382330168, 46.202841456 ], [ -123.382331458, 46.202800391 ], [ -123.382253565, 46.202800048 ], [ -123.379824237, 46.202788874 ], [ -123.376360536, 46.201545679 ], [ -123.376280565, 46.201514595 ], [ -123.376200714, 46.201487096 ], [ -123.372121229236981, 46.200082233634284 ], [ -123.3736534, 46.2006099 ], [ -123.37680964, 46.20186653 ], [ -123.37414862, 46.20473254 ], [ -123.37344262, 46.20512155 ], [ -123.37303661, 46.20568755 ], [ -123.37296461, 46.20640655 ], [ -123.37337861, 46.20694656 ], [ -123.37363161, 46.20738656 ], [ -123.37353761, 46.20773856 ], [ -123.3722136, 46.20750256 ], [ -123.3720646, 46.20747656 ], [ -123.3715326, 46.20771756 ], [ -123.3710916, 46.20834856 ], [ -123.3706386, 46.20868556 ], [ -123.37040659, 46.20907057 ], [ -123.37053359, 46.20959357 ], [ -123.37079759, 46.20986357 ], [ -123.3715676, 46.20987057 ], [ -123.3720516, 46.20988257 ], [ -123.3723606, 46.21048757 ], [ -123.3728326, 46.21110058 ], [ -123.3730086, 46.21125158 ], [ -123.3729946, 46.21174658 ], [ -123.37263759, 46.21212558 ], [ -123.37229159, 46.21243159 ], [ -123.37173859, 46.21288259 ], [ -123.37118359, 46.21270659 ], [ -123.37047859, 46.21218558 ], [ -123.36943758, 46.21153558 ], [ -123.36896558, 46.21120358 ], [ -123.36823658, 46.21135358 ], [ -123.36762458, 46.21161958 ], [ -123.36742958, 46.21184558 ], [ -123.36755758, 46.21232758 ], [ -123.36763857, 46.21258458 ], [ -123.36763957, 46.21284959 ], [ -123.36764257, 46.21314059 ], [ -123.36751557, 46.21303359 ], [ -123.36730357, 46.21291759 ], [ -123.36716057, 46.21281859 ], [ -123.36701457, 46.21261258 ], [ -123.36690457, 46.21247758 ], [ -123.36680357, 46.21242358 ], [ -123.36667057, 46.21241558 ], [ -123.36657057, 46.21243358 ], [ -123.36647657, 46.21248258 ], [ -123.36623057, 46.21245758 ], [ -123.36602157, 46.21243758 ], [ -123.36578657, 46.21234058 ], [ -123.36557257, 46.21224358 ], [ -123.36541657, 46.21216758 ], [ -123.36516757, 46.21209958 ], [ -123.36489957, 46.21199758 ], [ -123.36461557, 46.21190858 ], [ -123.36411956, 46.21171658 ], [ -123.36388956, 46.21159458 ], [ -123.36362456, 46.21143558 ], [ -123.36342256, 46.21129558 ], [ -123.36328856, 46.21116158 ], [ -123.36317656, 46.21102258 ], [ -123.36310356, 46.21091357 ], [ -123.36299756, 46.21073357 ], [ -123.36285556, 46.21051757 ], [ -123.36280056, 46.21039857 ], [ -123.36271756, 46.21019657 ], [ -123.36256556, 46.20999857 ], [ -123.36246256, 46.20980957 ], [ -123.36245556, 46.20969557 ], [ -123.36246156, 46.20950257 ], [ -123.36252456, 46.20938057 ], [ -123.36266457, 46.20921157 ], [ -123.36282957, 46.20906357 ], [ -123.36301157, 46.20894256 ], [ -123.36324357, 46.20879756 ], [ -123.36337857, 46.20859956 ], [ -123.36341857, 46.20847956 ], [ -123.36347807, 46.20841806 ], [ -123.36358457, 46.20834156 ], [ -123.36378757, 46.20821156 ], [ -123.36390657, 46.20811956 ], [ -123.36398557, 46.20795856 ], [ -123.36404457, 46.20791856 ], [ -123.36412257, 46.20789256 ], [ -123.36418457, 46.20784856 ], [ -123.36424958, 46.20766556 ], [ -123.36439858, 46.20758756 ], [ -123.36453558, 46.20734856 ], [ -123.36467458, 46.20715655 ], [ -123.36481658, 46.20697855 ], [ -123.36490158, 46.20679755 ], [ -123.36499758, 46.20668055 ], [ -123.36505858, 46.20657255 ], [ -123.36504758, 46.20651755 ], [ -123.36506658, 46.20646155 ], [ -123.36522758, 46.20620755 ], [ -123.36532058, 46.20601555 ], [ -123.36529758, 46.20587655 ], [ -123.36524558, 46.20573855 ], [ -123.36517958, 46.20553355 ], [ -123.36505258, 46.20531255 ], [ -123.364986620817348, 46.205121606845061 ], [ -123.360236, 46.205137 ], [ -123.360221, 46.202871 ], [ -123.359738, 46.202873 ], [ -123.359728454397484, 46.20139178581681 ], [ -123.35965057, 46.20134152 ], [ -123.35923457, 46.20123252 ], [ -123.35878157, 46.20106652 ], [ -123.35817957, 46.20066652 ], [ -123.35783057, 46.20035152 ], [ -123.35775157, 46.20040352 ], [ -123.35737857, 46.20099252 ], [ -123.35733656, 46.20128152 ], [ -123.35733056, 46.20132552 ], [ -123.35693456, 46.20157252 ], [ -123.35649356, 46.20225353 ], [ -123.35644756, 46.20274053 ], [ -123.35679756, 46.20320353 ], [ -123.35693056, 46.20373954 ], [ -123.35654155, 46.20434654 ], [ -123.35612955, 46.20512454 ], [ -123.35585355, 46.20592755 ], [ -123.35540055, 46.20629055 ], [ -123.35549154, 46.20719455 ], [ -123.35439454, 46.20717955 ], [ -123.35351754, 46.20722955 ], [ -123.35310353, 46.20715155 ], [ -123.35280053, 46.20709455 ], [ -123.35230353, 46.20665255 ], [ -123.35227953, 46.20633155 ], [ -123.35217553, 46.20593755 ], [ -123.35201853, 46.20569854 ], [ -123.35217554, 46.20524354 ], [ -123.35184554, 46.20405454 ], [ -123.35171254, 46.20186052 ], [ -123.35151454, 46.20128952 ], [ -123.35128354, 46.20094652 ], [ -123.35072354, 46.20069452 ], [ -123.34855053, 46.20051252 ], [ -123.34795853, 46.20010151 ], [ -123.34739853, 46.19994151 ], [ -123.34598253, 46.20003351 ], [ -123.34532452, 46.19978251 ], [ -123.34427052, 46.19973651 ], [ -123.34334952, 46.19994251 ], [ -123.34301951, 46.20021751 ], [ -123.34291851, 46.20041551 ], [ -123.34251351, 46.20042951 ], [ -123.34204051, 46.20017051 ], [ -123.34194851, 46.19984151 ], [ -123.34182051, 46.19961651 ], [ -123.34191251, 46.19939151 ], [ -123.34199351, 46.19916651 ], [ -123.34209452, 46.1978965 ], [ -123.34224552, 46.1976785 ], [ -123.34281152, 46.1974695 ], [ -123.34445153, 46.1974185 ], [ -123.34538653, 46.1972005 ], [ -123.34554953, 46.1970835 ], [ -123.34587153, 46.1968545 ], [ -123.34638954, 46.19619449 ], [ -123.34599354, 46.19596049 ], [ -123.34605854, 46.19576749 ], [ -123.34629154, 46.19561749 ], [ -123.34637354, 46.19551849 ], [ -123.34644154, 46.19548949 ], [ -123.34673454, 46.19549749 ], [ -123.34698254, 46.19547249 ], [ -123.34717054, 46.19531349 ], [ -123.34727154, 46.19521249 ], [ -123.34736554, 46.19516449 ], [ -123.34744654, 46.19515049 ], [ -123.34759054, 46.19521949 ], [ -123.34786754, 46.19517849 ], [ -123.34801155, 46.19507249 ], [ -123.34808255, 46.19504549 ], [ -123.34827455, 46.19506449 ], [ -123.34836055, 46.19503349 ], [ -123.34844955, 46.19503249 ], [ -123.34851855, 46.19519349 ], [ -123.34859055, 46.19521749 ], [ -123.34869355, 46.19522049 ], [ -123.34886555, 46.19527549 ], [ -123.34914455, 46.19532349 ], [ -123.34931655, 46.19530749 ], [ -123.34947755, 46.19536349 ], [ -123.34971155, 46.19543149 ], [ -123.35002255, 46.19541249 ], [ -123.35036755, 46.19541149 ], [ -123.35058955, 46.19537449 ], [ -123.35085656, 46.19524749 ], [ -123.35104656, 46.19512949 ], [ -123.35123356, 46.19507549 ], [ -123.35190056, 46.19500149 ], [ -123.35284556, 46.19482749 ], [ -123.35324657, 46.19470949 ], [ -123.35351357, 46.19454649 ], [ -123.35366857, 46.19443748 ], [ -123.35384057, 46.19433848 ], [ -123.35349057, 46.19424948 ], [ -123.35261257, 46.19413548 ], [ -123.35103456, 46.19380748 ], [ -123.35026856, 46.19362048 ], [ -123.34961156, 46.19355048 ], [ -123.34927955, 46.19356048 ], [ -123.34896755, 46.19360648 ], [ -123.34842355, 46.19379648 ], [ -123.34817855, 46.19383348 ], [ -123.34767855, 46.19393448 ], [ -123.34735655, 46.19406148 ], [ -123.34697854, 46.19408948 ], [ -123.34682254, 46.19411648 ], [ -123.34658839, 46.1940852 ], [ -123.34733455, 46.19400148 ], [ -123.34762555, 46.19385048 ], [ -123.34751155, 46.19366548 ], [ -123.34676855, 46.19292048 ], [ -123.34637455, 46.19298748 ], [ -123.34505754, 46.19335948 ], [ -123.34404154, 46.19344848 ], [ -123.34311753, 46.19328948 ], [ -123.34158053, 46.19275247 ], [ -123.34044652, 46.19240447 ], [ -123.34077753, 46.19198847 ], [ -123.34081053, 46.19157647 ], [ -123.34048053, 46.19130246 ], [ -123.34051353, 46.19075346 ], [ -123.34097353, 46.19022746 ], [ -123.34205954, 46.18983846 ], [ -123.34225754, 46.18967846 ], [ -123.34235554, 46.18897045 ], [ -123.34232254, 46.18812445 ], [ -123.34265154, 46.18762145 ], [ -123.34265155, 46.18734644 ], [ -123.34209155, 46.18663844 ], [ -123.34158154, 46.18636744 ], [ -123.34084054, 46.18597544 ], [ -123.33955654, 46.18567844 ], [ -123.33939154, 46.18531343 ], [ -123.33855354, 46.18435143 ], [ -123.33843654, 46.18421643 ], [ -123.33843954, 46.18394043 ], [ -123.33827754, 46.18361942 ], [ -123.33775554, 46.18327542 ], [ -123.33775754, 46.18309142 ], [ -123.33820454, 46.18321642 ], [ -123.33857154, 46.18339542 ], [ -123.33872754, 46.18351142 ], [ -123.33880454, 46.18359242 ], [ -123.33893754, 46.18379043 ], [ -123.33904854, 46.18387943 ], [ -123.33917054, 46.18392443 ], [ -123.33994654, 46.18404243 ], [ -123.34003754, 46.18405743 ], [ -123.34101555, 46.18418943 ], [ -123.34259355, 46.18430143 ], [ -123.34289355, 46.18430943 ], [ -123.34299355, 46.18429143 ], [ -123.34399356, 46.18428843 ], [ -123.34421656, 46.18426043 ], [ -123.34444856, 46.18420643 ], [ -123.34471556, 46.18406143 ], [ -123.34487156, 46.18401543 ], [ -123.34538257, 46.18377143 ], [ -123.34602657, 46.18355343 ], [ -123.34637157, 46.18344442 ], [ -123.34673857, 46.18330842 ], [ -123.34703757, 46.18317242 ], [ -123.34730557, 46.18309042 ], [ -123.34762658, 46.18300842 ], [ -123.34778258, 46.18293542 ], [ -123.34792758, 46.18283642 ], [ -123.34823758, 46.18272242 ], [ -123.34842158, 46.18295342 ], [ -123.34915758, 46.18351743 ], [ -123.34963758, 46.18381543 ], [ -123.35013358, 46.18419643 ], [ -123.35078458, 46.18496343 ], [ -123.35106458, 46.18533294 ], [ -123.35138458, 46.18524843 ], [ -123.35165758, 46.18518043 ], [ -123.35204559, 46.18504943 ], [ -123.35216159, 46.18501043 ], [ -123.35247559, 46.18491743 ], [ -123.35313759, 46.18464143 ], [ -123.35348659, 46.18458343 ], [ -123.35352169, 46.18455554 ], [ -123.35352391, 46.18455603 ], [ -123.35393571, 46.18464909 ], [ -123.35413591, 46.18472049 ], [ -123.35429105, 46.18481896 ], [ -123.35456898, 46.18503416 ], [ -123.35494711, 46.18525803 ], [ -123.35578012, 46.18566296 ], [ -123.35601325, 46.18577656 ], [ -123.35609631, 46.18581569 ], [ -123.35660151, 46.18605396 ], [ -123.35690271, 46.18624189 ], [ -123.35747991, 46.18664516 ], [ -123.35778018, 46.18683329 ], [ -123.35810258, 46.18701229 ], [ -123.35841312, 46.18724529 ], [ -123.35855785, 46.18738869 ], [ -123.35881318, 46.18773909 ], [ -123.35893538, 46.18784656 ], [ -123.35899072, 46.18799929 ], [ -123.35906952, 46.18810716 ], [ -123.35922411, 46.18821089 ], [ -123.35926898, 46.18824163 ], [ -123.35948025, 46.18833083 ], [ -123.35991405, 46.18841056 ], [ -123.36043578, 46.18848989 ], [ -123.36072445, 46.18857002 ], [ -123.36093605, 46.18866836 ], [ -123.36160252, 46.18909822 ], [ -123.36173605, 46.18919676 ], [ -123.36206932, 46.18960083 ], [ -123.36244778, 46.18992356 ], [ -123.36254651, 46.19007629 ], [ -123.36256325, 46.19066116 ], [ -123.36257985, 46.19075116 ], [ -123.36297958, 46.19087596 ], [ -123.36360245, 46.19101789 ], [ -123.36384665, 46.19111602 ], [ -123.36417952, 46.19126803 ], [ -123.36502418, 46.19177843 ], [ -123.36518012, 46.19183182 ], [ -123.36563572, 46.19191143 ], [ -123.36575898, 46.19194696 ], [ -123.36616972, 46.19218869 ], [ -123.36660205, 46.19248436 ], [ -123.36676912, 46.19265476 ], [ -123.36710365, 46.19293269 ], [ -123.36726932, 46.19304029 ], [ -123.36756952, 46.19309323 ], [ -123.36815812, 46.19312749 ], [ -123.36869172, 46.19320669 ], [ -123.36903712, 46.19331343 ], [ -123.36976992, 46.19359022 ], [ -123.37057039, 46.19395656 ], [ -123.37160087, 46.19430149 ], [ -123.371597733410113, 46.194383011512095 ], [ -123.374687, 46.194373 ], [ -123.374694288, 46.195466274 ], [ -123.374929595, 46.195553709 ], [ -123.375244216, 46.195670858 ], [ -123.375622873, 46.195711541 ], [ -123.376197001, 46.195934541 ], [ -123.376269314, 46.195998602 ], [ -123.376513619, 46.195994469 ], [ -123.377024999, 46.196057586 ], [ -123.377832464, 46.196385525 ], [ -123.378139064, 46.196442034 ], [ -123.37899531, 46.19664962 ], [ -123.379888533, 46.197054788 ], [ -123.380360079, 46.197156049 ], [ -123.380808791, 46.197185916 ], [ -123.381576916, 46.197513617 ], [ -123.382179917, 46.197818485 ], [ -123.382650346, 46.198094573 ], [ -123.382868305, 46.198222518 ], [ -123.383462553, 46.198598628 ], [ -123.383877259, 46.198836656 ], [ -123.38451694, 46.199361049 ], [ -123.384641629, 46.199476904 ], [ -123.38533682, 46.199974158 ], [ -123.385469038, 46.200117456 ], [ -123.385551374, 46.200474337 ], [ -123.385715155, 46.200612298 ], [ -123.385792546, 46.200727881 ], [ -123.386089589, 46.200921389 ], [ -123.386397173, 46.200901123 ], [ -123.386471487, 46.201268931 ], [ -123.386626508, 46.201478138 ], [ -123.38687612, 46.201687851 ], [ -123.386912567, 46.201929311 ], [ -123.387182571, 46.202407842 ], [ -123.387233924, 46.202720668 ], [ -123.38747036, 46.202716468 ], [ -123.387659475, 46.20271748 ], [ -123.38785505, 46.202833698 ], [ -123.388196088, 46.203301607 ], [ -123.38838881, 46.2036536 ], [ -123.388516317, 46.204186167 ], [ -123.388565758, 46.204658025 ], [ -123.388553488, 46.205019853 ], [ -123.388764546, 46.205810613 ], [ -123.388773075, 46.206408333 ], [ -123.38870437, 46.206874049 ], [ -123.388730844, 46.207290936 ], [ -123.388810837, 46.207845188 ], [ -123.388705055, 46.208118793 ], [ -123.388468531, 46.208128475 ], [ -123.388408889, 46.207848508 ], [ -123.388361367, 46.207217678 ], [ -123.388375358, 46.206713253 ], [ -123.388412467, 46.206252853 ], [ -123.388408496, 46.205929315 ], [ -123.38830602, 46.205934255 ], [ -123.388185936, 46.206087149 ], [ -123.388117313, 46.205900343 ], [ -123.388041231, 46.205675096 ], [ -123.387687054, 46.205640301 ], [ -123.387324362, 46.205654793 ], [ -123.386583756, 46.205645308 ], [ -123.386141053, 46.205763556 ], [ -123.386099465, 46.20594428 ], [ -123.386206102, 46.206246458 ], [ -123.386322375, 46.206406094 ], [ -123.386413724, 46.206669783 ], [ -123.386622488, 46.206999933 ], [ -123.387144541, 46.207485273 ], [ -123.387604756, 46.20787707 ], [ -123.387768212, 46.208042467 ], [ -123.388284055, 46.208396174 ], [ -123.388741646, 46.209001815 ], [ -123.389106215, 46.209480828 ], [ -123.389550197, 46.209910917 ], [ -123.39031609, 46.210441429 ], [ -123.391027425, 46.210926613 ], [ -123.391105512, 46.210979877 ], [ -123.391538904, 46.211261259 ], [ -123.391717772, 46.211377388 ], [ -123.392142688, 46.211784493 ], [ -123.392349333, 46.21227242 ], [ -123.392691599, 46.212834704 ], [ -123.392897105, 46.213583866 ], [ -123.392932915, 46.213944304 ], [ -123.392968889, 46.214057946 ], [ -123.393033191, 46.223070888 ], [ -123.392882605, 46.223118392 ], [ -123.392002575, 46.219761778 ], [ -123.391441692, 46.219856543 ], [ -123.38580708047192, 46.219747313524827 ], [ -123.38676116, 46.21976583 ], [ -123.38704132, 46.21977127 ], [ -123.38748298, 46.21977983 ], [ -123.38735463, 46.21990063 ], [ -123.38698963, 46.22005563 ], [ -123.38665163, 46.22019963 ], [ -123.38461062, 46.22075463 ], [ -123.38452062, 46.22078363 ], [ -123.37859659, 46.22267764 ], [ -123.37862559, 46.22358665 ], [ -123.37866159, 46.22416065 ], [ -123.37874258, 46.22645866 ], [ -123.37877758, 46.22681266 ], [ -123.37880558, 46.22686766 ], [ -123.37884858, 46.22701166 ], [ -123.37911058, 46.22771167 ], [ -123.37914658, 46.22787367 ], [ -123.37916658, 46.22806667 ], [ -123.37916558, 46.22815967 ], [ -123.37914658, 46.22829967 ], [ -123.37910158, 46.22845667 ], [ -123.37906914, 46.22844926 ], [ -123.37904006, 46.22840363 ], [ -123.37901679, 46.22828029 ], [ -123.37901079, 46.22809143 ], [ -123.37903673, 46.22790776 ], [ -123.37902853, 46.22771403 ], [ -123.37900466, 46.22759949 ], [ -123.37894226, 46.22741023 ], [ -123.37884299, 46.22721543 ], [ -123.37877373, 46.22715603 ], [ -123.37869473, 46.22704423 ], [ -123.37864239, 46.22685929 ], [ -123.37857306, 46.22666909 ], [ -123.37847639, 46.22648469 ], [ -123.37837453, 46.22639063 ], [ -123.37817519, 46.22628149 ], [ -123.37810872, 46.2262869 ], [ -123.37803958, 46.22624466 ], [ -123.37788958, 46.22621366 ], [ -123.37778458, 46.22625566 ], [ -123.37744185, 46.22628346 ], [ -123.37729046, 46.22626416 ], [ -123.37703679, 46.22621163 ], [ -123.37678586, 46.22617716 ], [ -123.37654539, 46.22607883 ], [ -123.37630512, 46.22598496 ], [ -123.37622746, 46.22597116 ], [ -123.37597293, 46.22594869 ], [ -123.37595533, 46.22594716 ], [ -123.37586853, 46.22596896 ], [ -123.37580873, 46.22601829 ], [ -123.37565173, 46.22617123 ], [ -123.37553252, 46.22625149 ], [ -123.37531386, 46.22634109 ], [ -123.37507859, 46.22643776 ], [ -123.37485973, 46.22652216 ], [ -123.37461813, 46.22657336 ], [ -123.37444693, 46.22656983 ], [ -123.37419493, 46.22651356 ], [ -123.37402733, 46.22648303 ], [ -123.37375706, 46.22645656 ], [ -123.37348806, 46.22641669 ], [ -123.37323139, 46.22638656 ], [ -123.37294753, 46.22638223 ], [ -123.37269512, 46.22637423 ], [ -123.37247239, 46.22636976 ], [ -123.37222126, 46.22634869 ], [ -123.37194112, 46.22634036 ], [ -123.37167719, 46.22634109 ], [ -123.37139672, 46.22632656 ], [ -123.37106179, 46.22632789 ], [ -123.37076452, 46.22633383 ], [ -123.37058106, 46.22630443 ], [ -123.37049739, 46.22631036 ], [ -123.37024166, 46.22635323 ], [ -123.36997099, 46.22639363 ], [ -123.36974099, 46.22645789 ], [ -123.36948452, 46.22650556 ], [ -123.36931332, 46.22653869 ], [ -123.36923286, 46.22653296 ], [ -123.36914099, 46.22649403 ], [ -123.36902426, 46.22641596 ], [ -123.36876459, 46.22640276 ], [ -123.36852539, 46.22640463 ], [ -123.36822332, 46.22639136 ], [ -123.36800366, 46.22631263 ], [ -123.36776719, 46.22625023 ], [ -123.36751586, 46.22615203 ], [ -123.36733146, 46.22608609 ], [ -123.36717986, 46.22604216 ], [ -123.36713316, 46.22604436 ], [ -123.36709212, 46.22604663 ], [ -123.36702466, 46.22607956 ], [ -123.36688199, 46.22624089 ], [ -123.36687326, 46.22630216 ], [ -123.36685966, 46.22649609 ], [ -123.36682426, 46.22668903 ], [ -123.36676132, 46.22686336 ], [ -123.36669012, 46.22703289 ], [ -123.36661399, 46.22721896 ], [ -123.36652326, 46.22739329 ], [ -123.36636846, 46.22755276 ], [ -123.36623026, 46.22770863 ], [ -123.36618166, 46.22791149 ], [ -123.36614566, 46.22796049 ], [ -123.36593952, 46.22806463 ], [ -123.36570872, 46.22814956 ], [ -123.36546866, 46.22822569 ], [ -123.36522353, 46.22832129 ], [ -123.36500672, 46.22842836 ], [ -123.36478879, 46.22853196 ], [ -123.36456299, 46.22862076 ], [ -123.36441366, 46.22869269 ], [ -123.36422532, 46.22881596 ], [ -123.36402973, 46.22895009 ], [ -123.36381459, 46.22910916 ], [ -123.36366726, 46.22925896 ], [ -123.36353112, 46.22941483 ], [ -123.36341359, 46.2296257 ], [ -123.36331652, 46.22983056 ], [ -123.36320792, 46.22994329 ], [ -123.36313453, 46.22997829 ], [ -123.36296672, 46.22998276 ], [ -123.36270146, 46.22997736 ], [ -123.36244519, 46.22993416 ], [ -123.36217713, 46.22987269 ], [ -123.36193186, 46.2297749 ], [ -123.36178659, 46.22971863 ], [ -123.36155486, 46.22965456 ], [ -123.36141532, 46.22959549 ], [ -123.36120913, 46.22949123 ], [ -123.36097446, 46.22933196 ], [ -123.36076712, 46.22918383 ], [ -123.36070813, 46.22913416 ], [ -123.36062852, 46.2290671 ], [ -123.36047826, 46.22891416 ], [ -123.36029906, 46.22877983 ], [ -123.36013086, 46.22875789 ], [ -123.35993716, 46.22877381 ], [ -123.3599295, 46.22877067 ], [ -123.35978651, 46.22873567 ], [ -123.3593965, 46.22869267 ], [ -123.3592585, 46.22866567 ], [ -123.35925405, 46.22866293 ], [ -123.35922839, 46.22858856 ], [ -123.35912852, 46.22847216 ], [ -123.35890619, 46.22828363 ], [ -123.35879532, 46.22814916 ], [ -123.35875059, 46.22805023 ], [ -123.35876146, 46.22787909 ], [ -123.35883912, 46.22766303 ], [ -123.35906246, 46.22728416 ], [ -123.35918406, 46.22705876 ], [ -123.35949592, 46.22631089 ], [ -123.35950706, 46.22622076 ], [ -123.35952846, 46.22615783 ], [ -123.35955172, 46.22597769 ], [ -123.35957352, 46.22590563 ], [ -123.35957319, 46.22551876 ], [ -123.35952939, 46.22526689 ], [ -123.35948472, 46.22514996 ], [ -123.35943499, 46.22505103 ], [ -123.35909599, 46.22455703 ], [ -123.35889539, 46.22436889 ], [ -123.35878399, 46.22422489 ], [ -123.35870686, 46.22407236 ], [ -123.35847386, 46.22377583 ], [ -123.35807332, 46.2233543 ], [ -123.35789532, 46.22323796 ], [ -123.35743932, 46.2230053 ], [ -123.35730579, 46.22290656 ], [ -123.35713959, 46.22273609 ], [ -123.35656112, 46.22233303 ], [ -123.35613866, 46.22217229 ], [ -123.35579386, 46.22210156 ], [ -123.35544925, 46.22204843 ], [ -123.35507099, 46.22194149 ], [ -123.35467072, 46.22178989 ], [ -123.35444812, 46.22169136 ], [ -123.35431512, 46.22158389 ], [ -123.35425906, 46.22149409 ], [ -123.35408132, 46.22136856 ], [ -123.35404859, 46.22130563 ], [ -123.35405919, 46.22118883 ], [ -123.35413779, 46.22099063 ], [ -123.35419259, 46.22076956 ], [ -123.35418172, 46.2204503 ], [ -123.35409885, 46.22024356 ], [ -123.35394932, 46.22001016 ], [ -123.35388166, 46.21979443 ], [ -123.35383752, 46.21970429 ], [ -123.35380439, 46.2195603 ], [ -123.35374906, 46.21937163 ], [ -123.35369339, 46.21911996 ], [ -123.35364812, 46.21902983 ], [ -123.35359352, 46.21877803 ], [ -123.35358272, 46.21767996 ], [ -123.35350412, 46.21753656 ], [ -123.35338232, 46.2174559 ], [ -123.35322679, 46.21741123 ], [ -123.35287207, 46.21742136 ], [ -123.35286952, 46.21742143 ], [ -123.35167126, 46.21767716 ], [ -123.35123632, 46.2178495 ], [ -123.35092979, 46.21794243 ], [ -123.35054659, 46.2180587 ], [ -123.35006959, 46.21817709 ], [ -123.34949085, 46.21837676 ], [ -123.34934539, 46.21844903 ], [ -123.34927965, 46.21845823 ], [ -123.34906825, 46.21845916 ], [ -123.34873445, 46.21840603 ], [ -123.34848485, 46.21826283 ], [ -123.34855652, 46.21821756 ], [ -123.34877992, 46.21821696 ], [ -123.34900172, 46.21824323 ], [ -123.34912432, 46.21822483 ], [ -123.34905725, 46.2181531 ], [ -123.34894625, 46.2181263 ], [ -123.34864632, 46.21811843 ], [ -123.34826692, 46.21808363 ], [ -123.34789851, 46.21799844 ], [ -123.34792849, 46.21792161 ], [ -123.34830349, 46.21796461 ], [ -123.34940149, 46.21801961 ], [ -123.3498635, 46.21772061 ], [ -123.3512795, 46.21707761 ], [ -123.3500775, 46.2168576 ], [ -123.3494185, 46.21706361 ], [ -123.34882549, 46.21713161 ], [ -123.34859549, 46.2170176 ], [ -123.34856149, 46.2161716 ], [ -123.3486605, 46.2161036 ], [ -123.3486925, 46.21500559 ], [ -123.3485275, 46.21422859 ], [ -123.3484285, 46.21413759 ], [ -123.3484285, 46.21390259 ], [ -123.3484285, 46.21377159 ], [ -123.3492845, 46.21374859 ], [ -123.3495155, 46.21367959 ], [ -123.35007451, 46.21315358 ], [ -123.35023851, 46.21233058 ], [ -123.35267552, 46.21182758 ], [ -123.35320152, 46.21159858 ], [ -123.35333352, 46.21132357 ], [ -123.35323453, 46.21098157 ], [ -123.35303652, 46.21075257 ], [ -123.35201552, 46.21029557 ], [ -123.35171852, 46.20983857 ], [ -123.35033552, 46.20860456 ], [ -123.34997752, 46.20808256 ], [ -123.35030752, 46.20823656 ], [ -123.35081952, 46.20858556 ], [ -123.35118552, 46.20889056 ], [ -123.35134152, 46.20903456 ], [ -123.35151952, 46.20912356 ], [ -123.35187452, 46.20919456 ], [ -123.35221853, 46.20932856 ], [ -123.35236453, 46.20940856 ], [ -123.35253053, 46.20945357 ], [ -123.35265253, 46.20947156 ], [ -123.35318653, 46.20945157 ], [ -123.35329753, 46.20956857 ], [ -123.35339653, 46.20960457 ], [ -123.35367653, 46.20957657 ], [ -123.35409853, 46.20948457 ], [ -123.35424253, 46.20946657 ], [ -123.35450953, 46.20954657 ], [ -123.35479853, 46.20964457 ], [ -123.35503154, 46.20969757 ], [ -123.35571454, 46.20969857 ], [ -123.35571753, 46.21154258 ], [ -123.35572553, 46.21217458 ], [ -123.35656753, 46.21403459 ], [ -123.35700653, 46.21415859 ], [ -123.35808653, 46.21420009 ], [ -123.35809454, 46.21411059 ], [ -123.35812354, 46.21362759 ], [ -123.35847554, 46.21366459 ], [ -123.35889154, 46.21365159 ], [ -123.36016054, 46.21368359 ], [ -123.36061455, 46.21372659 ], [ -123.36145755, 46.21375659 ], [ -123.36201355, 46.21381359 ], [ -123.36300055, 46.21408059 ], [ -123.36336555, 46.21422859 ], [ -123.36344356, 46.21426059 ], [ -123.36369156, 46.21432559 ], [ -123.36423056, 46.21446959 ], [ -123.36476256, 46.21458059 ], [ -123.36513656, 46.2146016 ], [ -123.36603256, 46.2145936 ], [ -123.36690657, 46.2146286 ], [ -123.36793657, 46.2147196 ], [ -123.36827957, 46.2147506 ], [ -123.36878257, 46.2149716 ], [ -123.36937158, 46.2151676 ], [ -123.37002858, 46.2152516 ], [ -123.37146958, 46.2155556 ], [ -123.37422759, 46.21608961 ], [ -123.37457259, 46.2160926 ], [ -123.37488059, 46.2160296 ], [ -123.3750876, 46.2158996 ], [ -123.3760226, 46.2146496 ], [ -123.3760876, 46.2145626 ], [ -123.3763076, 46.2142076 ], [ -123.376308948861748, 46.214205447672889 ], [ -123.376285, 46.210729 ], [ -123.380071104667763, 46.210716734002155 ] ], [ [ -123.385630694069107, 46.219743890273044 ], [ -123.38602340342581, 46.219598533789345 ], [ -123.38563068, 46.21974389 ], [ -123.385630694069107, 46.219743890273044 ] ], [ [ -123.387569579995755, 46.217983572885167 ], [ -123.38753441, 46.21809341 ], [ -123.38732192, 46.21845025 ], [ -123.387163569814803, 46.218670663355873 ], [ -123.387321924, 46.218450247 ], [ -123.387534412, 46.218093411 ], [ -123.387569579995755, 46.217983572885167 ] ], [ [ -123.39002078, 46.21244555 ], [ -123.390144348334175, 46.212794924317741 ], [ -123.390020781, 46.212445547 ], [ -123.389978455043874, 46.212341073833201 ], [ -123.39002078, 46.21244555 ] ], [ [ -123.389285869653776, 46.211182802160465 ], [ -123.38949954, 46.21115898 ], [ -123.38952678, 46.21122621 ], [ -123.38958811, 46.2113776 ], [ -123.38971638, 46.2116942 ], [ -123.389865834896725, 46.212063093499289 ], [ -123.389543743, 46.211268074 ], [ -123.389499544, 46.211158976 ], [ -123.389285869653776, 46.211182802160465 ] ], [ [ -123.3883296, 46.2111149 ], [ -123.388329692930526, 46.211114903289122 ], [ -123.38808777478576, 46.211094046283009 ], [ -123.38810272, 46.21109534 ], [ -123.3883296, 46.2111149 ] ], [ [ -123.38547565, 46.20837657 ], [ -123.38553865, 46.20837657 ], [ -123.3861079, 46.20837657 ], [ -123.38611682107684, 46.209435859870553 ], [ -123.386107396, 46.208316342 ], [ -123.385392811400365, 46.208329360798061 ], [ -123.38547565, 46.20837657 ] ], [ [ -123.385330830971924, 46.208330489982281 ], [ -123.385296416293173, 46.208308767953483 ], [ -123.38533083, 46.20833049 ], [ -123.385330830971924, 46.208330489982281 ] ], [ [ -123.384906262881998, 46.208062501819121 ], [ -123.385279186644084, 46.207959317310355 ], [ -123.38490626, 46.2080625 ], [ -123.384906262881998, 46.208062501819121 ] ], [ [ -123.385579040790688, 46.207595470481529 ], [ -123.38581444, 46.20773883 ], [ -123.38587559, 46.20777608 ], [ -123.385817156755891, 46.207810466024377 ], [ -123.385896159, 46.20778861 ], [ -123.385814436, 46.207738826 ], [ -123.385579040790688, 46.207595470481529 ] ], [ [ -123.384676284908167, 46.207136665241549 ], [ -123.3835515, 46.206451684 ], [ -123.383551500017134, 46.206451686488471 ], [ -123.384676284908167, 46.207136665241549 ] ], [ [ -123.37160562, 46.19979452 ], [ -123.37189184, 46.19990849 ], [ -123.371891232060179, 46.199929074359375 ], [ -123.371922225, 46.198881573 ], [ -123.371550245554985, 46.19888271398483 ], [ -123.37155562, 46.19918051 ], [ -123.37153462, 46.19949352 ], [ -123.37152662, 46.19962052 ], [ -123.371462575431039, 46.199726005172408 ], [ -123.371462629703487, 46.199734211167453 ], [ -123.37160562, 46.19979452 ] ] ], [ [ [ -123.55331871, 46.26780331 ], [ -123.55339836, 46.26782174 ], [ -123.55347756, 46.26787114 ], [ -123.55348669, 46.26789646 ], [ -123.55331871, 46.26780331 ] ] ], [ [ [ -123.55554996, 46.27025774 ], [ -123.5552889, 46.27042781 ], [ -123.55520078, 46.27047758 ], [ -123.55565537, 46.27006029 ], [ -123.55565537, 46.27001032 ], [ -123.5556609, 46.27001634 ], [ -123.5556767, 46.27014254 ], [ -123.55554996, 46.27025774 ] ] ], [ [ [ -123.5571243, 46.27133854 ], [ -123.55713216, 46.27163474 ], [ -123.55711352, 46.27171258 ], [ -123.55710538, 46.27170632 ], [ -123.55684138, 46.27113531 ], [ -123.55683024, 46.27112369 ], [ -123.55688696, 46.27114101 ], [ -123.55702136, 46.27122341 ], [ -123.5571243, 46.27133854 ] ] ], [ [ [ -123.47502876, 46.33748613 ], [ -123.47472676, 46.33741512 ], [ -123.47406176, 46.33734712 ], [ -123.47371776, 46.33731212 ], [ -123.47320076, 46.33720512 ], [ -123.47272476, 46.33713711 ], [ -123.47228575, 46.33706511 ], [ -123.47156175, 46.3368971 ], [ -123.47089275, 46.3367741 ], [ -123.47075875, 46.3367291 ], [ -123.47060275, 46.3366131 ], [ -123.47054675, 46.3365411 ], [ -123.47027875, 46.33629959 ], [ -123.47017975, 46.33623709 ], [ -123.46987875, 46.33595908 ], [ -123.46958875, 46.33576208 ], [ -123.46903075, 46.33550307 ], [ -123.46890975, 46.33543207 ], [ -123.46845275, 46.33513707 ], [ -123.46810674, 46.33487706 ], [ -123.46805274, 46.33484706 ], [ -123.46789574, 46.33476106 ], [ -123.46772874, 46.33471706 ], [ -123.46734574, 46.33465606 ], [ -123.46679274, 46.33456705 ], [ -123.46546474, 46.33431204 ], [ -123.46543274, 46.33425804 ], [ -123.46536074, 46.33400604 ], [ -123.46530974, 46.33392504 ], [ -123.46512074, 46.33378203 ], [ -123.46481974, 46.33360303 ], [ -123.46465174, 46.33353203 ], [ -123.46420674, 46.33340803 ], [ -123.46376073, 46.33333802 ], [ -123.46346673, 46.33332302 ], [ -123.46283673, 46.33336002 ], [ -123.46254673, 46.33335302 ], [ -123.46228173, 46.33329602 ], [ -123.46225773, 46.33308001 ], [ -123.46224673, 46.33289201 ], [ -123.46224473, 46.33284501 ], [ -123.46204773, 46.33269301 ], [ -123.46158173, 46.33264201 ], [ -123.46111173, 46.332548 ], [ -123.46077273, 46.332491 ], [ -123.46046873, 46.332542 ], [ -123.46012172, 46.332606 ], [ -123.45963672, 46.332823 ], [ -123.45950772, 46.332816 ], [ -123.45936772, 46.332809 ], [ -123.45911572, 46.332701 ], [ -123.45891572, 46.33256999 ], [ -123.45833472, 46.33234599 ], [ -123.45812772, 46.33217199 ], [ -123.45810672, 46.33196498 ], [ -123.45806572, 46.33173298 ], [ -123.45761272, 46.33120597 ], [ -123.45732972, 46.33101897 ], [ -123.45713472, 46.33084996 ], [ -123.45712072, 46.33068096 ], [ -123.45738672, 46.33020896 ], [ -123.45702172, 46.32945894 ], [ -123.45733672, 46.32908094 ], [ -123.45748872, 46.32861293 ], [ -123.45747172, 46.32796692 ], [ -123.45759572, 46.32769992 ], [ -123.45843773, 46.32741992 ], [ -123.45852873, 46.32712991 ], [ -123.45832173, 46.32692791 ], [ -123.45801773, 46.32688691 ], [ -123.45748872, 46.32688591 ], [ -123.45706572, 46.32689191 ], [ -123.45655372, 46.3268829 ], [ -123.45631572, 46.3266779 ], [ -123.45605372, 46.3265369 ], [ -123.45582872, 46.3265479 ], [ -123.45560472, 46.3265159 ], [ -123.45496772, 46.32620589 ], [ -123.45463572, 46.32608189 ], [ -123.45435272, 46.32589888 ], [ -123.45384172, 46.32547388 ], [ -123.45362471, 46.32530887 ], [ -123.45360571, 46.32512987 ], [ -123.45372972, 46.32499887 ], [ -123.45393472, 46.32501887 ], [ -123.45425572, 46.32508287 ], [ -123.45465372, 46.32501787 ], [ -123.45494372, 46.32485387 ], [ -123.45506972, 46.32471387 ], [ -123.45504672, 46.32456287 ], [ -123.45490172, 46.32441186 ], [ -123.45472072, 46.32429286 ], [ -123.45468472, 46.32417986 ], [ -123.45466072, 46.32405186 ], [ -123.45442272, 46.32388986 ], [ -123.45397772, 46.32368985 ], [ -123.45356372, 46.32348085 ], [ -123.45336672, 46.32328784 ], [ -123.45341472, 46.32315384 ], [ -123.45371872, 46.32305184 ], [ -123.45414972, 46.32294484 ], [ -123.45442272, 46.32281384 ], [ -123.45442572, 46.32266184 ], [ -123.45430672, 46.32252683 ], [ -123.45408872, 46.32249283 ], [ -123.45387272, 46.32250983 ], [ -123.45365672, 46.32243083 ], [ -123.45348272, 46.32226083 ], [ -123.45347572, 46.32178082 ], [ -123.45349072, 46.32154582 ], [ -123.45360672, 46.32134682 ], [ -123.45386372, 46.32121982 ], [ -123.45411572, 46.32119082 ], [ -123.45428372, 46.32128582 ], [ -123.45446972, 46.32136882 ], [ -123.45473472, 46.32129082 ], [ -123.45510072, 46.32124482 ], [ -123.45536673, 46.32112182 ], [ -123.45540473, 46.32089882 ], [ -123.45539773, 46.32078081 ], [ -123.45537223, 46.32036331 ], [ -123.45529273, 46.32035481 ], [ -123.45384872, 46.3204698 ], [ -123.45343072, 46.3204668 ], [ -123.45290372, 46.3204978 ], [ -123.45211572, 46.3206158 ], [ -123.45166572, 46.3205308 ], [ -123.45145671, 46.3205118 ], [ -123.45128571, 46.3205398 ], [ -123.45122571, 46.3205618 ], [ -123.45118571, 46.32026779 ], [ -123.45112671, 46.32030279 ], [ -123.45086171, 46.32038479 ], [ -123.45058271, 46.32043079 ], [ -123.45008071, 46.32044179 ], [ -123.44991371, 46.32055879 ], [ -123.44982371, 46.32064979 ], [ -123.44966971, 46.3207398 ], [ -123.44924471, 46.3208678 ], [ -123.44857671, 46.3209968 ], [ -123.4483317, 46.3210698 ], [ -123.4481647, 46.3211868 ], [ -123.4479977, 46.3213678 ], [ -123.4478857, 46.3214668 ], [ -123.4477957, 46.3215038 ], [ -123.4476957, 46.3215218 ], [ -123.4472177, 46.3215688 ], [ -123.4471057, 46.3215418 ], [ -123.4469497, 46.3215518 ], [ -123.4467717, 46.3216238 ], [ -123.4465857, 46.3217238 ], [ -123.4463807, 46.3218328 ], [ -123.4458907, 46.3220148 ], [ -123.44542969, 46.3221258 ], [ -123.44522269, 46.3221708 ], [ -123.44496669, 46.3221628 ], [ -123.44463069, 46.3221278 ], [ -123.44455369, 46.3220918 ], [ -123.44445469, 46.3219758 ], [ -123.44440869, 46.32190379 ], [ -123.44431969, 46.32185879 ], [ -123.44384069, 46.32182479 ], [ -123.44370669, 46.32183479 ], [ -123.44361869, 46.32187979 ], [ -123.44357969, 46.32198879 ], [ -123.44348369, 46.32208779 ], [ -123.44335169, 46.32212379 ], [ -123.44287169, 46.32216179 ], [ -123.44148868, 46.32248479 ], [ -123.44118868, 46.32255479 ], [ -123.44083168, 46.32268279 ], [ -123.44065368, 46.3227998 ], [ -123.44025168, 46.3231528 ], [ -123.44009668, 46.3232248 ], [ -123.43985168, 46.3232708 ], [ -123.43965168, 46.3232898 ], [ -123.43936067, 46.3233898 ], [ -123.43903767, 46.3234818 ], [ -123.43879267, 46.3234828 ], [ -123.43870167, 46.3234768 ], [ -123.43786967, 46.3234228 ], [ -123.43664167, 46.32341879 ], [ -123.43656467, 46.32342779 ], [ -123.43646467, 46.32346379 ], [ -123.43639766, 46.32352679 ], [ -123.43636367, 46.32359979 ], [ -123.43635266, 46.3238158 ], [ -123.43624067, 46.3239148 ], [ -123.43614066, 46.3239698 ], [ -123.43588466, 46.3240418 ], [ -123.43468166, 46.3241728 ], [ -123.43354466, 46.32433879 ], [ -123.43322066, 46.32442979 ], [ -123.43307565, 46.32449379 ], [ -123.43276465, 46.3246928 ], [ -123.43255165, 46.3247658 ], [ -123.43238465, 46.3247668 ], [ -123.43160465, 46.32463479 ], [ -123.43142665, 46.32463479 ], [ -123.43117065, 46.32469879 ], [ -123.43092465, 46.32479879 ], [ -123.43033365, 46.3252148 ], [ -123.43017265, 46.3252938 ], [ -123.42999964, 46.3253788 ], [ -123.42975364, 46.3255238 ], [ -123.42964264, 46.3256318 ], [ -123.42946464, 46.3259108 ], [ -123.42929664, 46.3260468 ], [ -123.42912964, 46.3261378 ], [ -123.42888464, 46.3262108 ], [ -123.42837264, 46.3263388 ], [ -123.42803864, 46.32651081 ], [ -123.42775964, 46.32667381 ], [ -123.42755964, 46.32677381 ], [ -123.42707963, 46.32696381 ], [ -123.42685663, 46.32711781 ], [ -123.42662263, 46.32718181 ], [ -123.42549663, 46.32738381 ], [ -123.42481663, 46.32752181 ], [ -123.42442763, 46.32754981 ], [ -123.42330162, 46.3275178 ], [ -123.42323462, 46.3275278 ], [ -123.42242062, 46.3275308 ], [ -123.42162962, 46.3276688 ], [ -123.42089362, 46.3277788 ], [ -123.41944461, 46.32796479 ], [ -123.41922261, 46.3280368 ], [ -123.41862161, 46.32810279 ], [ -123.41800861, 46.32823079 ], [ -123.41786261, 46.32830279 ], [ -123.4177736, 46.32837579 ], [ -123.4175496, 46.3285288 ], [ -123.4173276, 46.3286108 ], [ -123.4169936, 46.3286938 ], [ -123.4165146, 46.3287578 ], [ -123.4157676, 46.32877879 ], [ -123.4156896, 46.32878779 ], [ -123.4152766, 46.32890679 ], [ -123.4148306, 46.3291958 ], [ -123.4147426, 46.3292328 ], [ -123.41447459, 46.3292788 ], [ -123.41412859, 46.32928879 ], [ -123.41383859, 46.32935279 ], [ -123.41345959, 46.32948879 ], [ -123.41304759, 46.32964379 ], [ -123.41271359, 46.32974379 ], [ -123.41195559, 46.32983679 ], [ -123.41184059, 46.32984579 ], [ -123.41098658, 46.32992079 ], [ -123.41031758, 46.32991479 ], [ -123.40970358, 46.32983579 ], [ -123.40942558, 46.32976478 ], [ -123.40887958, 46.32964078 ], [ -123.40816658, 46.32951678 ], [ -123.40733057, 46.32934877 ], [ -123.40681957, 46.32929677 ], [ -123.40622857, 46.32915477 ], [ -123.40584957, 46.32902976 ], [ -123.40531457, 46.32890576 ], [ -123.40501357, 46.32881676 ], [ -123.40465757, 46.32872775 ], [ -123.40442357, 46.32872075 ], [ -123.40426757, 46.32874775 ], [ -123.40404457, 46.32882075 ], [ -123.40378856, 46.32884875 ], [ -123.40349856, 46.32879575 ], [ -123.40330956, 46.32873275 ], [ -123.40325356, 46.32871975 ], [ -123.40308656, 46.32867975 ], [ -123.40285256, 46.32868075 ], [ -123.40274056, 46.32871675 ], [ -123.40240706, 46.32895375 ], [ -123.40225056, 46.32903375 ], [ -123.40206056, 46.32908875 ], [ -123.40171456, 46.32912575 ], [ -123.40111456, 46.32906475 ], [ -123.40072206, 46.32903175 ], [ -123.40041155, 46.32910374 ], [ -123.40016655, 46.32910374 ], [ -123.39999855, 46.32907774 ], [ -123.39992155, 46.32903274 ], [ -123.39969855, 46.32892574 ], [ -123.39934155, 46.32882774 ], [ -123.39927555, 46.32880074 ], [ -123.39884155, 46.32873974 ], [ -123.39832855, 46.32872373 ], [ -123.39706854, 46.32885373 ], [ -123.39693554, 46.32888773 ], [ -123.39649054, 46.32899973 ], [ -123.39608754, 46.32907273 ], [ -123.39552054, 46.32920973 ], [ -123.39419254, 46.32963773 ], [ -123.39304553, 46.33007373 ], [ -123.39258853, 46.33020173 ], [ -123.39220853, 46.33024773 ], [ -123.39158953, 46.33028873 ], [ -123.39134153, 46.33033373 ], [ -123.39094953, 46.33040473 ], [ -123.39023552, 46.33063173 ], [ -123.39001252, 46.33065973 ], [ -123.38987852, 46.33065173 ], [ -123.38941052, 46.33056272 ], [ -123.38910052, 46.33054572 ], [ -123.38884252, 46.33054672 ], [ -123.38849752, 46.33052072 ], [ -123.38829652, 46.33048572 ], [ -123.38810552, 46.33048672 ], [ -123.38803052, 46.33048672 ], [ -123.38778452, 46.33051472 ], [ -123.38760552, 46.33055972 ], [ -123.38743851, 46.33065972 ], [ -123.38725951, 46.33069672 ], [ -123.38699251, 46.33069772 ], [ -123.38653551, 46.33067172 ], [ -123.38615651, 46.33068171 ], [ -123.38544351, 46.33082871 ], [ -123.38505251, 46.33096471 ], [ -123.3842945, 46.33130971 ], [ -123.3836035, 46.33154572 ], [ -123.3833475, 46.33156471 ], [ -123.3828125, 46.33146671 ], [ -123.3823775, 46.33135171 ], [ -123.3819095, 46.33130871 ], [ -123.3815195, 46.33131871 ], [ -123.38046149, 46.3313577 ], [ -123.37908949, 46.3315877 ], [ -123.37862249, 46.3316787 ], [ -123.37777449, 46.3318227 ], [ -123.37769749, 46.3318347 ], [ -123.37739549, 46.3318357 ], [ -123.37673948, 46.33180269 ], [ -123.37638148, 46.33181269 ], [ -123.37626148, 46.33183969 ], [ -123.37606448, 46.33184069 ], [ -123.37552948, 46.33174269 ], [ -123.37501748, 46.33170869 ], [ -123.37456148, 46.33170168 ], [ -123.37440548, 46.33171968 ], [ -123.37429448, 46.33174068 ], [ -123.37382647, 46.33182968 ], [ -123.37351447, 46.33193868 ], [ -123.37323647, 46.33211069 ], [ -123.37282347, 46.33239069 ], [ -123.37263447, 46.33246369 ], [ -123.37229947, 46.33259969 ], [ -123.37196547, 46.33284369 ], [ -123.37165347, 46.33297069 ], [ -123.37139747, 46.33303469 ], [ -123.37072947, 46.33312669 ], [ -123.37034046, 46.33322669 ], [ -123.36999446, 46.33335369 ], [ -123.36968046, 46.33355169 ], [ -123.36935946, 46.33372469 ], [ -123.36855646, 46.33424969 ], [ -123.36845746, 46.33428569 ], [ -123.36804446, 46.33444069 ], [ -123.36784446, 46.33448569 ], [ -123.36726546, 46.33455069 ], [ -123.36702045, 46.33462369 ], [ -123.36667445, 46.33481369 ], [ -123.36649645, 46.33485869 ], [ -123.36625145, 46.33485069 ], [ -123.36610645, 46.33482469 ], [ -123.36587345, 46.33473469 ], [ -123.36549445, 46.33455668 ], [ -123.36517145, 46.33445868 ], [ -123.36485945, 46.33451368 ], [ -123.36462645, 46.33461268 ], [ -123.36447045, 46.33463168 ], [ -123.36424645, 46.33459668 ], [ -123.36402444, 46.33453368 ], [ -123.36382344, 46.33453468 ], [ -123.36278744, 46.33470868 ], [ -123.36237544, 46.33471967 ], [ -123.36178444, 46.33467567 ], [ -123.36150744, 46.33463167 ], [ -123.36112844, 46.33453367 ], [ -123.36014843, 46.33419566 ], [ -123.35913443, 46.33392865 ], [ -123.35842943, 46.33379465 ], [ -123.35787643, 46.33368965 ], [ -123.35733043, 46.33361964 ], [ -123.35707543, 46.33362864 ], [ -123.35672942, 46.33373764 ], [ -123.35658442, 46.33383664 ], [ -123.35606042, 46.33431565 ], [ -123.35575942, 46.33454165 ], [ -123.35449042, 46.33542765 ], [ -123.35411042, 46.33567165 ], [ -123.35360941, 46.33602466 ], [ -123.35323041, 46.33634966 ], [ -123.35297441, 46.33661166 ], [ -123.35267341, 46.33690066 ], [ -123.35253941, 46.33708966 ], [ -123.35217141, 46.33754067 ], [ -123.35209141, 46.33766767 ], [ -123.35161441, 46.33842467 ], [ -123.35084541, 46.33938068 ], [ -123.35076641, 46.33953368 ], [ -123.35065541, 46.33967868 ], [ -123.35063241, 46.33973268 ], [ -123.35053241, 46.33986768 ], [ -123.35043241, 46.34007468 ], [ -123.3502654, 46.34032769 ], [ -123.3500534, 46.34056269 ], [ -123.3499824, 46.34067069 ], [ -123.3498314, 46.34085069 ], [ -123.3497124, 46.34107269 ], [ -123.3496584, 46.34117169 ], [ -123.3495064, 46.34149969 ], [ -123.3494394, 46.3416977 ], [ -123.3493624, 46.3417797 ], [ -123.3491504, 46.3419237 ], [ -123.3490624, 46.3421857 ], [ -123.3490504, 46.3422837 ], [ -123.3490274, 46.3423287 ], [ -123.3490164, 46.3426177 ], [ -123.3489834, 46.34295671 ], [ -123.3487194, 46.34292871 ], [ -123.3482544, 46.3426997 ], [ -123.34685739, 46.34158069 ], [ -123.34639039, 46.34100868 ], [ -123.34562639, 46.34043867 ], [ -123.34449739, 46.34007366 ], [ -123.34423139, 46.33989066 ], [ -123.34273838, 46.33970765 ], [ -123.34267238, 46.33950265 ], [ -123.34220938, 46.33909064 ], [ -123.34247338, 46.33872464 ], [ -123.34389239, 46.33783364 ], [ -123.34402439, 46.33728463 ], [ -123.34550839, 46.33600363 ], [ -123.3470264, 46.33559163 ], [ -123.3474554, 46.33524862 ], [ -123.34992841, 46.3317736 ], [ -123.35058741, 46.3312016 ], [ -123.35091741, 46.33076759 ], [ -123.35101541, 46.32978458 ], [ -123.3490354, 46.32967058 ], [ -123.3485404, 46.32976257 ], [ -123.3480414, 46.32996057 ], [ -123.3467594, 46.33047158 ], [ -123.34636839, 46.33053657 ], [ -123.34637339, 46.33046657 ], [ -123.34639539, 46.33035857 ], [ -123.34641739, 46.32977357 ], [ -123.3464844, 46.32953956 ], [ -123.3465074, 46.32940456 ], [ -123.3465064, 46.32915256 ], [ -123.3464844, 46.32899056 ], [ -123.34645139, 46.32893656 ], [ -123.3465524, 46.32876556 ], [ -123.3467644, 46.32819755 ], [ -123.3468864, 46.32805355 ], [ -123.3470874, 46.32787255 ], [ -123.3478894, 46.32737555 ], [ -123.3481904, 46.32715855 ], [ -123.3482794, 46.32707655 ], [ -123.3485574, 46.32687855 ], [ -123.3489934, 46.32664255 ], [ -123.3492264, 46.32643554 ], [ -123.3492354, 46.32638154 ], [ -123.3493454, 46.32633954 ], [ -123.35024041, 46.32599954 ], [ -123.35039541, 46.32590954 ], [ -123.35077441, 46.32572854 ], [ -123.35148841, 46.32547454 ], [ -123.35165441, 46.32538354 ], [ -123.35170941, 46.32533854 ], [ -123.35184341, 46.32528454 ], [ -123.35218941, 46.32504054 ], [ -123.35245641, 46.32476954 ], [ -123.35268041, 46.32451654 ], [ -123.35286342, 46.32427353 ], [ -123.35298041, 46.32407453 ], [ -123.35312642, 46.32388553 ], [ -123.35336442, 46.32348853 ], [ -123.35387142, 46.32276752 ], [ -123.35406142, 46.32256852 ], [ -123.35433942, 46.32228852 ], [ -123.35456542, 46.32211752 ], [ -123.35477442, 46.32200852 ], [ -123.35501942, 46.32189952 ], [ -123.35543142, 46.32179052 ], [ -123.35586542, 46.32169852 ], [ -123.35623342, 46.32158052 ], [ -123.35656643, 46.32149852 ], [ -123.35690143, 46.32147052 ], [ -123.35724743, 46.32146952 ], [ -123.35769243, 46.32154952 ], [ -123.35802443, 46.32153952 ], [ -123.35811543, 46.32143952 ], [ -123.35817143, 46.32120552 ], [ -123.35817143, 46.32095352 ], [ -123.35814843, 46.32056651 ], [ -123.35819443, 46.32008951 ], [ -123.35822143, 46.32001551 ], [ -123.35823843, 46.31993651 ], [ -123.35827143, 46.31986451 ], [ -123.35841643, 46.3196665 ], [ -123.35882843, 46.3193225 ], [ -123.35935243, 46.3187365 ], [ -123.35971144, 46.31842049 ], [ -123.35988644, 46.31818549 ], [ -123.35990944, 46.31812249 ], [ -123.35997644, 46.31781649 ], [ -123.36003144, 46.31764549 ], [ -123.36005444, 46.31749149 ], [ -123.36007644, 46.31742849 ], [ -123.36009844, 46.31724848 ], [ -123.36008844, 46.31689748 ], [ -123.36006544, 46.31685348 ], [ -123.36005444, 46.31671748 ], [ -123.35994344, 46.31638547 ], [ -123.35988744, 46.31624147 ], [ -123.35987644, 46.31617847 ], [ -123.35984344, 46.31611547 ], [ -123.35982144, 46.31597147 ], [ -123.35989844, 46.31558447 ], [ -123.35995444, 46.31553947 ], [ -123.35999944, 46.31548546 ], [ -123.36037844, 46.31512446 ], [ -123.36049494, 46.31497646 ], [ -123.36061244, 46.31472746 ], [ -123.36067944, 46.31445746 ], [ -123.36070044, 46.31431245 ], [ -123.36087944, 46.31381745 ], [ -123.36096844, 46.31363745 ], [ -123.36124644, 46.31328545 ], [ -123.36146944, 46.31305044 ], [ -123.36177144, 46.31275244 ], [ -123.36201545, 46.31254444 ], [ -123.36238245, 46.31226444 ], [ -123.36289545, 46.31193944 ], [ -123.36314045, 46.31180344 ], [ -123.36347545, 46.31159543 ], [ -123.36390845, 46.31134243 ], [ -123.36414245, 46.31111643 ], [ -123.36419845, 46.31104343 ], [ -123.36423145, 46.31094543 ], [ -123.36429845, 46.31084543 ], [ -123.36433245, 46.31066543 ], [ -123.36434345, 46.31046742 ], [ -123.36430945, 46.31012542 ], [ -123.36430945, 46.30989142 ], [ -123.36434945, 46.30974742 ], [ -123.36440945, 46.30960342 ], [ -123.36465545, 46.30932341 ], [ -123.36484445, 46.30919741 ], [ -123.36511146, 46.30903441 ], [ -123.36525646, 46.30893441 ], [ -123.36542346, 46.30887141 ], [ -123.36608146, 46.30868941 ], [ -123.36626146, 46.30861741 ], [ -123.36647146, 46.30848141 ], [ -123.36673746, 46.30821941 ], [ -123.36679346, 46.30815641 ], [ -123.36696046, 46.30805641 ], [ -123.36731646, 46.30793841 ], [ -123.36757346, 46.3077934 ], [ -123.36769446, 46.3076944 ], [ -123.36778446, 46.3075854 ], [ -123.36780646, 46.3074594 ], [ -123.36780647, 46.3071124 ], [ -123.36721246, 46.3076074 ], [ -123.36642546, 46.3078004 ], [ -123.36559246, 46.3077194 ], [ -123.36503146, 46.30749439 ], [ -123.36421045, 46.30761439 ], [ -123.36413945, 46.30763439 ], [ -123.36307845, 46.30792839 ], [ -123.36195545, 46.30752539 ], [ -123.36114544, 46.30754138 ], [ -123.36035844, 46.30781439 ], [ -123.35962844, 46.30816839 ], [ -123.35929344, 46.30817639 ], [ -123.35943544, 46.30802639 ], [ -123.35963544, 46.30775538 ], [ -123.35970244, 46.30768338 ], [ -123.35976844, 46.30757538 ], [ -123.35985844, 46.30747538 ], [ -123.35997944, 46.30742138 ], [ -123.36011344, 46.30743038 ], [ -123.36024744, 46.30746538 ], [ -123.36040244, 46.30746538 ], [ -123.36049344, 46.30742938 ], [ -123.36061444, 46.30734738 ], [ -123.36062644, 46.30719438 ], [ -123.36057044, 46.30708638 ], [ -123.36055944, 46.30695138 ], [ -123.36062544, 46.30680738 ], [ -123.36078144, 46.30669838 ], [ -123.36097144, 46.30662637 ], [ -123.36040344, 46.30643037 ], [ -123.35988044, 46.30627937 ], [ -123.35910144, 46.30617337 ], [ -123.35852343, 46.30604936 ], [ -123.35787643, 46.30606936 ], [ -123.35773143, 46.30609636 ], [ -123.35764343, 46.30614636 ], [ -123.35758643, 46.30617836 ], [ -123.35754243, 46.30628636 ], [ -123.35753143, 46.30639436 ], [ -123.35745243, 46.30655637 ], [ -123.35737543, 46.30666437 ], [ -123.35714143, 46.30682737 ], [ -123.35687343, 46.30699037 ], [ -123.35662943, 46.30709037 ], [ -123.35603943, 46.30728937 ], [ -123.35584943, 46.30736237 ], [ -123.35567143, 46.30741737 ], [ -123.35541642, 46.30743537 ], [ -123.35528142, 46.30741837 ], [ -123.35508142, 46.30734637 ], [ -123.35492542, 46.30733837 ], [ -123.35484842, 46.30736537 ], [ -123.35474742, 46.30742837 ], [ -123.35462542, 46.30747437 ], [ -123.35438042, 46.30752037 ], [ -123.35420242, 46.30760137 ], [ -123.35396842, 46.30777337 ], [ -123.35383542, 46.30782737 ], [ -123.35348942, 46.30790937 ], [ -123.35298842, 46.30798337 ], [ -123.35272142, 46.30803737 ], [ -123.35258842, 46.30810137 ], [ -123.35240942, 46.30815637 ], [ -123.35207541, 46.30818437 ], [ -123.35167441, 46.30831137 ], [ -123.35141841, 46.30832937 ], [ -123.35126041, 46.30832437 ], [ -123.35130141, 46.30824737 ], [ -123.35016441, 46.30839837 ], [ -123.34951741, 46.30852937 ], [ -123.3487754, 46.30875137 ], [ -123.3475894, 46.30890736 ], [ -123.3462724, 46.30890436 ], [ -123.34534939, 46.30880436 ], [ -123.34409839, 46.30816635 ], [ -123.34271738, 46.30710033 ], [ -123.34235538, 46.30696933 ], [ -123.34225738, 46.30679133 ], [ -123.34290438, 46.30667633 ], [ -123.34330139, 46.30647733 ], [ -123.34356539, 46.30616433 ], [ -123.34364339, 46.30556532 ], [ -123.34329839, 46.30506032 ], [ -123.34270838, 46.3036483 ], [ -123.34264638, 46.30295429 ], [ -123.34278838, 46.30271429 ], [ -123.34339339, 46.30232029 ], [ -123.34413139, 46.30152328 ], [ -123.34536239, 46.30118028 ], [ -123.3458454, 46.30083828 ], [ -123.3471034, 46.29934027 ], [ -123.3472904, 46.29886026 ], [ -123.3471074, 46.29754525 ], [ -123.3469634, 46.29752825 ], [ -123.3470664, 46.29746425 ], [ -123.3471164, 46.29743525 ], [ -123.3473214, 46.29734425 ], [ -123.3475954, 46.29749625 ], [ -123.3477514, 46.29759525 ], [ -123.3480404, 46.29770225 ], [ -123.3483074, 46.29774626 ], [ -123.3486424, 46.29774526 ], [ -123.3487904, 46.29772526 ], [ -123.3488084, 46.29727225 ], [ -123.34880941, 46.29711025 ], [ -123.3487684, 46.29694025 ], [ -123.3485694, 46.29677125 ], [ -123.3482894, 46.29656224 ], [ -123.3482114, 46.29637924 ], [ -123.3482184, 46.29633124 ], [ -123.3483114, 46.29619824 ], [ -123.3484984, 46.29596924 ], [ -123.34877541, 46.29530523 ], [ -123.3487594, 46.29498823 ], [ -123.34869741, 46.29468823 ], [ -123.34888741, 46.29447922 ], [ -123.34918241, 46.29400422 ], [ -123.34929541, 46.29381922 ], [ -123.34955041, 46.29350722 ], [ -123.34978441, 46.29317021 ], [ -123.34993041, 46.29284221 ], [ -123.35010741, 46.29251321 ], [ -123.35018841, 46.2921612 ], [ -123.3485614, 46.2921582 ], [ -123.3482434, 46.2921582 ], [ -123.34014538, 46.29214118 ], [ -123.34014238, 46.29204718 ], [ -123.34013038, 46.29198418 ], [ -123.34014238, 46.29189418 ], [ -123.34019738, 46.29176818 ], [ -123.34031038, 46.29166018 ], [ -123.34059838, 46.29150618 ], [ -123.34112238, 46.29127918 ], [ -123.34128838, 46.29120718 ], [ -123.34250238, 46.29078918 ], [ -123.34313139, 46.29061617 ], [ -123.34354839, 46.29048017 ], [ -123.34390439, 46.29031717 ], [ -123.34411639, 46.29018117 ], [ -123.34430639, 46.29001017 ], [ -123.34441739, 46.28991917 ], [ -123.34455039, 46.28977517 ], [ -123.34459539, 46.28971217 ], [ -123.34482939, 46.28945917 ], [ -123.34513039, 46.28924217 ], [ -123.34531939, 46.28903516 ], [ -123.34537939, 46.28894516 ], [ -123.34540739, 46.28887316 ], [ -123.34556439, 46.28885416 ], [ -123.3458754, 46.28878116 ], [ -123.3461994, 46.28876216 ], [ -123.3463044, 46.28878016 ], [ -123.3464654, 46.28859016 ], [ -123.3466334, 46.28842816 ], [ -123.3468774, 46.28827416 ], [ -123.3473114, 46.28811116 ], [ -123.3477684, 46.28797416 ], [ -123.3478544, 46.28794716 ], [ -123.3483494, 46.28802816 ], [ -123.34962241, 46.28770816 ], [ -123.34979641, 46.28781116 ], [ -123.34961641, 46.28853617 ], [ -123.34982741, 46.28864017 ], [ -123.35050841, 46.28867417 ], [ -123.35107641, 46.28858817 ], [ -123.35161142, 46.28826217 ], [ -123.35185142, 46.28753216 ], [ -123.35253642, 46.28745216 ], [ -123.35280442, 46.28729016 ], [ -123.35297642, 46.28687115 ], [ -123.35291042, 46.28608115 ], [ -123.35331342, 46.28484814 ], [ -123.35316942, 46.28462313 ], [ -123.35324542, 46.28439213 ], [ -123.35357342, 46.28414613 ], [ -123.35377542, 46.28372912 ], [ -123.35445143, 46.28358912 ], [ -123.35462043, 46.28359812 ], [ -123.35517043, 46.28358712 ], [ -123.35545143, 46.28361313 ], [ -123.35568243, 46.28352213 ], [ -123.35608343, 46.28326912 ], [ -123.35621743, 46.28322412 ], [ -123.35667343, 46.28303312 ], [ -123.35697343, 46.28288812 ], [ -123.35745244, 46.28271612 ], [ -123.35784144, 46.28261612 ], [ -123.35820944, 46.28255112 ], [ -123.35879944, 46.28254912 ], [ -123.35899944, 46.28257612 ], [ -123.35962244, 46.28277212 ], [ -123.35990045, 46.28292413 ], [ -123.36069045, 46.28321913 ], [ -123.36100145, 46.28330813 ], [ -123.36170045, 46.28340513 ], [ -123.36203945, 46.28335213 ], [ -123.36212745, 46.28334213 ], [ -123.36230045, 46.28337113 ], [ -123.36253245, 46.28348014 ], [ -123.36257345, 46.28350914 ], [ -123.36275945, 46.28353014 ], [ -123.36301246, 46.28347914 ], [ -123.36328996, 46.28346064 ], [ -123.36335646, 46.28346414 ], [ -123.36361346, 46.28338614 ], [ -123.36382146, 46.28343014 ], [ -123.36390746, 46.28346914 ], [ -123.36401246, 46.28348214 ], [ -123.36430746, 46.28344114 ], [ -123.36460546, 46.28341214 ], [ -123.36489646, 46.28338914 ], [ -123.36534546, 46.28333814 ], [ -123.36542846, 46.28333814 ], [ -123.36550246, 46.28330814 ], [ -123.36575346, 46.28326714 ], [ -123.36606547, 46.28323314 ], [ -123.36614247, 46.28320114 ], [ -123.36684447, 46.28271313 ], [ -123.36706747, 46.28251413 ], [ -123.36736747, 46.28227913 ], [ -123.36757947, 46.28216213 ], [ -123.36816847, 46.28192613 ], [ -123.36843548, 46.28183513 ], [ -123.36943948, 46.28144212 ], [ -123.36941448, 46.28137912 ], [ -123.36953948, 46.28121912 ], [ -123.36961048, 46.28117912 ], [ -123.36977248, 46.28115612 ], [ -123.36989348, 46.28107412 ], [ -123.37003948, 46.28091612 ], [ -123.37014848, 46.28076112 ], [ -123.37024948, 46.28058512 ], [ -123.37032548, 46.28042711 ], [ -123.37034848, 46.28021411 ], [ -123.37034048, 46.28004411 ], [ -123.37028148, 46.27984911 ], [ -123.37025148, 46.27964911 ], [ -123.37035948, 46.2794611 ], [ -123.37052848, 46.2791111 ], [ -123.37066248, 46.2788941 ], [ -123.37078448, 46.2787411 ], [ -123.37106148, 46.27847009 ], [ -123.37131849, 46.27823509 ], [ -123.37152949, 46.27805409 ], [ -123.37190049, 46.27776509 ], [ -123.37257549, 46.27732208 ], [ -123.37280949, 46.27715708 ], [ -123.37341049, 46.27680608 ], [ -123.3743125, 46.27634408 ], [ -123.3745365, 46.27624607 ], [ -123.3748915, 46.27609007 ], [ -123.3756695, 46.27569207 ], [ -123.3757465, 46.27562007 ], [ -123.3759365, 46.27548407 ], [ -123.3761035, 46.27530407 ], [ -123.3763915, 46.27491506 ], [ -123.37654751, 46.27473506 ], [ -123.37674751, 46.27459006 ], [ -123.37689251, 46.27453606 ], [ -123.37713751, 46.27450806 ], [ -123.37752751, 46.27434506 ], [ -123.37771751, 46.27431706 ], [ -123.37822901, 46.27428356 ], [ -123.37848551, 46.27421606 ], [ -123.37875351, 46.27407106 ], [ -123.37886951, 46.27398905 ], [ -123.37909851, 46.27393505 ], [ -123.37953252, 46.27386105 ], [ -123.37996052, 46.27379405 ], [ -123.38023452, 46.27375105 ], [ -123.38104652, 46.27366705 ], [ -123.38119152, 46.27365805 ], [ -123.38191553, 46.27378106 ], [ -123.38256053, 46.27390506 ], [ -123.38273853, 46.27396806 ], [ -123.38299453, 46.27403906 ], [ -123.38415753, 46.27413006 ], [ -123.38498654, 46.27417606 ], [ -123.38552054, 46.27427307 ], [ -123.38582154, 46.27435307 ], [ -123.38598754, 46.27444307 ], [ -123.38619754, 46.27449407 ], [ -123.38646654, 46.27455807 ], [ -123.38714554, 46.27479007 ], [ -123.38785755, 46.27492208 ], [ -123.38845955, 46.27498308 ], [ -123.38875955, 46.27497308 ], [ -123.38888155, 46.27497308 ], [ -123.38931655, 46.27474608 ], [ -123.38966055, 46.27451107 ], [ -123.38999655, 46.27435707 ], [ -123.39015155, 46.27431207 ], [ -123.39035255, 46.27431107 ], [ -123.39054156, 46.27432807 ], [ -123.39077456, 46.27437307 ], [ -123.39089656, 46.27437907 ], [ -123.39109756, 46.27438907 ], [ -123.39150956, 46.27448707 ], [ -123.39167656, 46.27446808 ], [ -123.39191156, 46.27431507 ], [ -123.39205556, 46.27426007 ], [ -123.39220056, 46.27425107 ], [ -123.39239056, 46.27427707 ], [ -123.39264556, 46.27438408 ], [ -123.39288556, 46.27438308 ], [ -123.39304656, 46.27426607 ], [ -123.39310156, 46.27419407 ], [ -123.39321256, 46.27412107 ], [ -123.39360257, 46.27397607 ], [ -123.39373757, 46.27397607 ], [ -123.39431557, 46.27418908 ], [ -123.39457257, 46.27421508 ], [ -123.39507257, 46.27421408 ], [ -123.39517257, 46.27425808 ], [ -123.39527257, 46.27431208 ], [ -123.39542857, 46.27431208 ], [ -123.39558457, 46.27423008 ], [ -123.39570657, 46.27423008 ], [ -123.39591857, 46.27426508 ], [ -123.39621858, 46.27426408 ], [ -123.39675358, 46.27431608 ], [ -123.39712058, 46.27433308 ], [ -123.39727658, 46.27432308 ], [ -123.39756658, 46.27410608 ], [ -123.39781158, 46.27403308 ], [ -123.39789458, 46.27401608 ], [ -123.39792858, 46.27392508 ], [ -123.39799258, 46.27382507 ], [ -123.39809058, 46.27367207 ], [ -123.39825258, 46.27329807 ], [ -123.39826858, 46.27325807 ], [ -123.39831358, 46.27308707 ], [ -123.39840258, 46.27243806 ], [ -123.39842658, 46.27236606 ], [ -123.39844758, 46.27207805 ], [ -123.39847058, 46.27198805 ], [ -123.39846058, 46.27177205 ], [ -123.39835958, 46.27170005 ], [ -123.39811458, 46.27165605 ], [ -123.39803758, 46.27158505 ], [ -123.39801558, 46.27145005 ], [ -123.39807158, 46.27121604 ], [ -123.39808258, 46.27088304 ], [ -123.39802758, 46.27075704 ], [ -123.39800458, 46.27064904 ], [ -123.39790458, 46.27049603 ], [ -123.39776158, 46.27038003 ], [ -123.39769458, 46.27029003 ], [ -123.39761658, 46.27012803 ], [ -123.39762758, 46.26986703 ], [ -123.39766158, 46.26974103 ], [ -123.39794559, 46.26928102 ], [ -123.39807358, 46.26911002 ], [ -123.39818659, 46.26899202 ], [ -123.39837459, 46.26888402 ], [ -123.39837559, 46.26875801 ], [ -123.39828559, 46.26867701 ], [ -123.39826459, 46.26862301 ], [ -123.39829159, 46.26854201 ], [ -123.39845259, 46.26854101 ], [ -123.39863159, 46.26860401 ], [ -123.39876459, 46.26858501 ], [ -123.39882059, 46.26854901 ], [ -123.39890959, 46.26840501 ], [ -123.39894859, 46.26831401 ], [ -123.39922159, 46.26813401 ], [ -123.39927659, 46.26807101 ], [ -123.39927759, 46.26799801 ], [ -123.39909959, 46.26790901 ], [ -123.39904959, 46.267877 ], [ -123.39999059, 46.267534 ], [ -123.40022559, 46.267449 ], [ -123.4007776, 46.267179 ], [ -123.4014786, 46.266945 ], [ -123.4019996, 46.26658699 ], [ -123.4027496, 46.26647999 ], [ -123.40428461, 46.26660999 ], [ -123.40467561, 46.26647799 ], [ -123.40650662, 46.26550898 ], [ -123.41026163, 46.26437297 ], [ -123.41400465, 46.26324096 ], [ -123.41530465, 46.26384197 ], [ -123.41819766, 46.26522999 ], [ -123.41917366, 46.26561299 ], [ -123.41993367, 46.26584 ], [ -123.42107467, 46.2661 ], [ -123.42178467, 46.266244 ], [ -123.42286968, 46.26646501 ], [ -123.42288268, 46.265635 ], [ -123.42292468, 46.26183745 ], [ -123.42293468, 46.26009093 ], [ -123.42292068, 46.25880491 ], [ -123.42289418, 46.25852291 ], [ -123.42287568, 46.2582359 ], [ -123.42287268, 46.2581359 ], [ -123.42281469, 46.25550187 ], [ -123.42263769, 46.25140881 ], [ -123.42319569, 46.25163482 ], [ -123.42868771, 46.25393485 ], [ -123.42895071, 46.25427585 ], [ -123.42987071, 46.25498286 ], [ -123.43108872, 46.25552987 ], [ -123.43496973, 46.25646088 ], [ -123.43654974, 46.25643688 ], [ -123.43620574, 46.25590688 ], [ -123.43605474, 46.25572587 ], [ -123.43596074, 46.25559487 ], [ -123.43586074, 46.25547887 ], [ -123.43579474, 46.25531187 ], [ -123.43575574, 46.25500986 ], [ -123.43591574, 46.25504587 ], [ -123.43631474, 46.25522787 ], [ -123.43647774, 46.25523187 ], [ -123.43737474, 46.25505287 ], [ -123.43795174, 46.25588888 ], [ -123.43903075, 46.2574759 ], [ -123.44056375, 46.25884192 ], [ -123.44196076, 46.25938293 ], [ -123.44404876, 46.25975693 ], [ -123.44617077, 46.26046894 ], [ -123.44734177, 46.26114795 ], [ -123.44886878, 46.26278998 ], [ -123.45081478, 46.26476801 ], [ -123.45293579, 46.26586403 ], [ -123.45492779, 46.26614303 ], [ -123.45538989, 46.26611132 ], [ -123.45542048, 46.26618342 ], [ -123.45559761, 46.26660424 ], [ -123.45559761, 46.26667605 ], [ -123.45624335, 46.26669155 ], [ -123.45637788, 46.26672715 ], [ -123.45649988, 46.26680762 ], [ -123.45649988, 46.26689735 ], [ -123.45647748, 46.26696069 ], [ -123.45646688, 46.26716769 ], [ -123.45651141, 46.26723955 ], [ -123.45647175, 46.26749155 ], [ -123.45625468, 46.26794255 ], [ -123.45621001, 46.26808669 ], [ -123.45609861, 46.26834802 ], [ -123.45605448, 46.26841135 ], [ -123.45638568, 46.26857229 ], [ -123.45667735, 46.26871475 ], [ -123.45673321, 46.26874142 ], [ -123.45694708, 46.26869055 ], [ -123.45712288, 46.26866689 ], [ -123.45739241, 46.26865762 ], [ -123.45743426, 46.26864811 ], [ -123.4573308, 46.26897607 ], [ -123.4572728, 46.26915308 ], [ -123.4593598, 46.2708081 ], [ -123.4592678, 46.2708511 ], [ -123.4592798, 46.27126411 ], [ -123.4592108, 46.27131611 ], [ -123.4582928, 46.27156511 ], [ -123.4580028, 46.27164411 ], [ -123.4581138, 46.27179911 ], [ -123.4581428, 46.27183512 ], [ -123.4581878, 46.27189312 ], [ -123.4583118, 46.27201512 ], [ -123.4585758, 46.27221112 ], [ -123.4591198, 46.27258613 ], [ -123.4595908, 46.27295313 ], [ -123.4598248, 46.27315114 ], [ -123.4604828, 46.27374715 ], [ -123.4606298, 46.27390915 ], [ -123.4607678, 46.27411215 ], [ -123.4608158, 46.27423915 ], [ -123.4608418, 46.27438916 ], [ -123.4608418, 46.27449616 ], [ -123.46107481, 46.27463316 ], [ -123.46147481, 46.27472516 ], [ -123.46181881, 46.27573418 ], [ -123.46205381, 46.27598718 ], [ -123.46252181, 46.27630819 ], [ -123.46285381, 46.27637619 ], [ -123.46388581, 46.27626419 ], [ -123.46431881, 46.27628819 ], [ -123.46465281, 46.27640319 ], [ -123.46535382, 46.2768842 ], [ -123.46705382, 46.27748121 ], [ -123.46718882, 46.27768721 ], [ -123.46815682, 46.27830622 ], [ -123.46902383, 46.27867523 ], [ -123.47092283, 46.27917924 ], [ -123.47195484, 46.27936424 ], [ -123.47448385, 46.27918624 ], [ -123.47658285, 46.27980526 ], [ -123.47738185, 46.27973926 ], [ -123.47921386, 46.27900925 ], [ -123.47967986, 46.27917025 ], [ -123.47991686, 46.27953826 ], [ -123.48041787, 46.27988226 ], [ -123.48191687, 46.28027327 ], [ -123.48238387, 46.28020527 ], [ -123.48275087, 46.27988527 ], [ -123.48301988, 46.27947426 ], [ -123.48362088, 46.27915626 ], [ -123.48431988, 46.27904326 ], [ -123.48518488, 46.27906726 ], [ -123.48638389, 46.27925026 ], [ -123.48708289, 46.27907026 ], [ -123.48724989, 46.27895626 ], [ -123.48745189, 46.27856825 ], [ -123.48782089, 46.27827125 ], [ -123.4885199, 46.27799724 ], [ -123.4890519, 46.27799925 ], [ -123.4899189, 46.27827525 ], [ -123.4906839, 46.27820825 ], [ -123.49131691, 46.27804825 ], [ -123.49258391, 46.27736424 ], [ -123.49288291, 46.27736424 ], [ -123.49301691, 46.27743424 ], [ -123.49276491, 46.27823725 ], [ -123.49343391, 46.27869526 ], [ -123.49353591, 46.27890027 ], [ -123.49350891, 46.27933627 ], [ -123.49334891, 46.27963328 ], [ -123.49338391, 46.27977128 ], [ -123.49402091, 46.28032129 ], [ -123.49408991, 46.28050429 ], [ -123.49455891, 46.2808723 ], [ -123.49479191, 46.2809633 ], [ -123.49668792, 46.2806923 ], [ -123.49835293, 46.2808313 ], [ -123.49898593, 46.28097031 ], [ -123.50011693, 46.2807653 ], [ -123.50081994, 46.28174732 ], [ -123.50126294, 46.28195333 ], [ -123.50296695, 46.28252634 ], [ -123.50395496, 46.28318935 ], [ -123.50253494, 46.28556639 ], [ -123.50126293, 46.2862514 ], [ -123.49992692, 46.28721141 ], [ -123.49923492, 46.28808042 ], [ -123.49926792, 46.28828643 ], [ -123.49958792, 46.28841143 ], [ -123.50067992, 46.28862543 ], [ -123.50084092, 46.28878344 ], [ -123.50084092, 46.28888644 ], [ -123.50083892, 46.29000646 ], [ -123.49906991, 46.29049446 ], [ -123.49897891, 46.29051646 ], [ -123.49812491, 46.29072746 ], [ -123.49773391, 46.29095346 ], [ -123.49739091, 46.29143447 ], [ -123.4969179, 46.29184648 ], [ -123.4965579, 46.29200848 ], [ -123.4960549, 46.29210948 ], [ -123.4954919, 46.29234848 ], [ -123.49472589, 46.29289649 ], [ -123.49388889, 46.2936115 ], [ -123.49312389, 46.29439351 ], [ -123.49310389, 46.29466552 ], [ -123.49319988, 46.29493552 ], [ -123.49335188, 46.29518752 ], [ -123.49298988, 46.29544853 ], [ -123.49270088, 46.29565653 ], [ -123.49231288, 46.29583853 ], [ -123.49176188, 46.29609654 ], [ -123.49155088, 46.29628354 ], [ -123.49142688, 46.29648454 ], [ -123.49143088, 46.29671554 ], [ -123.49141188, 46.29679855 ], [ -123.49200888, 46.29719855 ], [ -123.49181688, 46.29748756 ], [ -123.49176237, 46.29754556 ], [ -123.49135588, 46.29688055 ], [ -123.49018687, 46.29757655 ], [ -123.48989887, 46.29764656 ], [ -123.48955487, 46.29762155 ], [ -123.48887287, 46.29746155 ], [ -123.48860387, 46.29742955 ], [ -123.48816686, 46.29750855 ], [ -123.48786886, 46.29761055 ], [ -123.48745186, 46.29770355 ], [ -123.48651986, 46.29800955 ], [ -123.48577086, 46.29817956 ], [ -123.48551585, 46.29827256 ], [ -123.48516485, 46.29857856 ], [ -123.48616286, 46.29867356 ], [ -123.48689486, 46.29885957 ], [ -123.48722886, 46.29911357 ], [ -123.48767986, 46.3007916 ], [ -123.48765586, 46.30141261 ], [ -123.48724185, 46.30171961 ], [ -123.48657885, 46.30194362 ], [ -123.48543385, 46.30190361 ], [ -123.48481385, 46.30179261 ], [ -123.48419184, 46.30184161 ], [ -123.48402884, 46.30197961 ], [ -123.48403184, 46.30218661 ], [ -123.48453284, 46.30250962 ], [ -123.48603185, 46.30304163 ], [ -123.48679885, 46.30345664 ], [ -123.48842885, 46.30371465 ], [ -123.48916186, 46.30399165 ], [ -123.48973086, 46.30449866 ], [ -123.49253286, 46.30597469 ], [ -123.49436587, 46.30664571 ], [ -123.49629687, 46.30695072 ], [ -123.49672987, 46.30711172 ], [ -123.49729788, 46.30750373 ], [ -123.49759988, 46.30791774 ], [ -123.49784188, 46.30867675 ], [ -123.49887288, 46.30893976 ], [ -123.49993588, 46.30934177 ], [ -123.50129189, 46.30960777 ], [ -123.5018489, 46.30984378 ], [ -123.5020169, 46.31016978 ], [ -123.50196489, 46.31165581 ], [ -123.5035289, 46.31273383 ], [ -123.50426391, 46.31338784 ], [ -123.50522791, 46.31378885 ], [ -123.50619392, 46.31444586 ], [ -123.50646192, 46.31481687 ], [ -123.50663292, 46.31532887 ], [ -123.50693492, 46.31595588 ], [ -123.50730293, 46.31625989 ], [ -123.50916394, 46.31708591 ], [ -123.51056395, 46.31804492 ], [ -123.51179496, 46.31858893 ], [ -123.51226096, 46.31896294 ], [ -123.51236596, 46.31909494 ], [ -123.51261996, 46.31941295 ], [ -123.51270096, 46.32016296 ], [ -123.51248196, 46.32012596 ], [ -123.51218096, 46.32003696 ], [ -123.51173696, 46.31984995 ], [ -123.51161395, 46.31978795 ], [ -123.51110195, 46.31946595 ], [ -123.51080095, 46.31920694 ], [ -123.51068995, 46.31908994 ], [ -123.51054595, 46.31896494 ], [ -123.51050195, 46.31890194 ], [ -123.51011494, 46.31879093 ], [ -123.50957794, 46.31853693 ], [ -123.50938794, 46.31840293 ], [ -123.50919994, 46.31828692 ], [ -123.50902194, 46.31822492 ], [ -123.50845293, 46.31807392 ], [ -123.50811993, 46.31795792 ], [ -123.50771893, 46.31774391 ], [ -123.50745193, 46.31765491 ], [ -123.50719692, 46.31762091 ], [ -123.50700692, 46.31761291 ], [ -123.50669592, 46.31767691 ], [ -123.50621592, 46.31775991 ], [ -123.50569191, 46.31779791 ], [ -123.50540291, 46.31778191 ], [ -123.50486891, 46.31771191 ], [ -123.5043559, 46.31771391 ], [ -123.5039559, 46.31777891 ], [ -123.5037619, 46.31777991 ], [ -123.5035659, 46.31771791 ], [ -123.50340989, 46.3175649 ], [ -123.50327689, 46.3174869 ], [ -123.50340589, 46.31767191 ], [ -123.50363889, 46.31793991 ], [ -123.5039509, 46.31823292 ], [ -123.5043819, 46.31849892 ], [ -123.5048199, 46.31874793 ], [ -123.5051879, 46.31898843 ], [ -123.50597291, 46.31896793 ], [ -123.50637692, 46.31902693 ], [ -123.50685392, 46.31919794 ], [ -123.50562791, 46.31932894 ], [ -123.50533391, 46.31925493 ], [ -123.50307389, 46.31868492 ], [ -123.50257688, 46.31866192 ], [ -123.50214488, 46.31895792 ], [ -123.50184588, 46.31898092 ], [ -123.50079087, 46.31840791 ], [ -123.50001487, 46.31728689 ], [ -123.49965087, 46.31714989 ], [ -123.49925386, 46.31719389 ], [ -123.49878786, 46.31746889 ], [ -123.49838986, 46.31756089 ], [ -123.49749286, 46.31710288 ], [ -123.49725886, 46.31680488 ], [ -123.49676086, 46.31657587 ], [ -123.49586086, 46.31595886 ], [ -123.49463685, 46.31595886 ], [ -123.49430285, 46.31609386 ], [ -123.49410285, 46.31650586 ], [ -123.49383685, 46.31664187 ], [ -123.49204584, 46.31664186 ], [ -123.49191384, 46.31655086 ], [ -123.49124184, 46.31524784 ], [ -123.49073884, 46.31460582 ], [ -123.49004184, 46.31426282 ], [ -123.48976784, 46.31422682 ], [ -123.48829684, 46.31407581 ], [ -123.48680983, 46.31256278 ], [ -123.48653283, 46.31226378 ], [ -123.48522983, 46.31145676 ], [ -123.48512083, 46.31143376 ], [ -123.48487683, 46.31143176 ], [ -123.48467883, 46.31152076 ], [ -123.48448983, 46.31169476 ], [ -123.48439883, 46.31182876 ], [ -123.48482783, 46.31195777 ], [ -123.48515383, 46.31210877 ], [ -123.48550783, 46.31233777 ], [ -123.48591583, 46.31272078 ], [ -123.48647483, 46.31337679 ], [ -123.48688483, 46.3138718 ], [ -123.48740183, 46.31448181 ], [ -123.48792083, 46.31520983 ], [ -123.48827883, 46.31580584 ], [ -123.48846583, 46.31628985 ], [ -123.48850783, 46.31648585 ], [ -123.48859583, 46.31723186 ], [ -123.48873183, 46.31784787 ], [ -123.48896983, 46.31833688 ], [ -123.48921283, 46.31858588 ], [ -123.48973883, 46.31923489 ], [ -123.49022283, 46.31989391 ], [ -123.49064583, 46.32055392 ], [ -123.49090983, 46.32098093 ], [ -123.49102883, 46.32118093 ], [ -123.49137333, 46.32175894 ], [ -123.49171183, 46.32230895 ], [ -123.49204483, 46.32270796 ], [ -123.49216183, 46.32280896 ], [ -123.49164183, 46.32310596 ], [ -123.49157383, 46.32360997 ], [ -123.49295583, 46.325192 ], [ -123.49295583, 46.32560401 ], [ -123.49275583, 46.32642902 ], [ -123.49370983, 46.32762104 ], [ -123.49357583, 46.32865206 ], [ -123.49370583, 46.32931707 ], [ -123.49363883, 46.32993508 ], [ -123.49317582, 46.33032508 ], [ -123.49304382, 46.33071509 ], [ -123.49300682, 46.33264012 ], [ -123.49264182, 46.33330513 ], [ -123.49241182, 46.33346513 ], [ -123.49135281, 46.33374213 ], [ -123.49082381, 46.33479714 ], [ -123.49022881, 46.33509515 ], [ -123.48986481, 46.33516515 ], [ -123.48943481, 46.33514314 ], [ -123.4885728, 46.33457413 ], [ -123.4880438, 46.33459813 ], [ -123.4877798, 46.33485013 ], [ -123.4877438, 46.33560614 ], [ -123.4870838, 46.33586015 ], [ -123.4867868, 46.33618115 ], [ -123.4866528, 46.33675416 ], [ -123.48665379, 46.33721117 ], [ -123.48629179, 46.33817118 ], [ -123.48652379, 46.3392912 ], [ -123.48678779, 46.33995421 ], [ -123.48691979, 46.34004521 ], [ -123.48695379, 46.34064022 ], [ -123.48616179, 46.34102922 ], [ -123.48563378, 46.34139523 ], [ -123.48543578, 46.34144023 ], [ -123.48495878, 46.34182823 ], [ -123.48450878, 46.34147122 ], [ -123.48424578, 46.34128122 ], [ -123.48386478, 46.34105621 ], [ -123.48357078, 46.34075821 ], [ -123.48331978, 46.3404262 ], [ -123.48305778, 46.33982219 ], [ -123.48304478, 46.33945919 ], [ -123.48295278, 46.33945919 ], [ -123.48244978, 46.33943518 ], [ -123.48213778, 46.33938218 ], [ -123.48192678, 46.33930218 ], [ -123.48155978, 46.33914118 ], [ -123.48087877, 46.33897317 ], [ -123.48082577, 46.33895317 ], [ -123.48054477, 46.33884917 ], [ -123.48023277, 46.33867916 ], [ -123.47958577, 46.33851116 ], [ -123.47927377, 46.33845816 ], [ -123.47880577, 46.33846016 ], [ -123.47815977, 46.33857115 ], [ -123.47759077, 46.33853715 ], [ -123.47735777, 46.33848415 ], [ -123.47694476, 46.33830615 ], [ -123.47671476, 46.33824114 ], [ -123.47618676, 46.33809314 ], [ -123.47547376, 46.33782613 ], [ -123.47533976, 46.33772713 ], [ -123.47528376, 46.33766513 ], [ -123.47513976, 46.33755713 ], [ -123.47502876, 46.33748613 ] ] ], [ [ [ -123.57876012, 46.35593301 ], [ -123.57878398, 46.35596594 ], [ -123.57877598, 46.35598241 ], [ -123.57859392, 46.35613061 ], [ -123.57844338, 46.35620194 ], [ -123.57828478, 46.35622941 ], [ -123.57815812, 46.35624581 ], [ -123.57809472, 46.35621294 ], [ -123.57809472, 46.35618554 ], [ -123.57812632, 46.35615261 ], [ -123.57822152, 46.35610321 ], [ -123.57857799, 46.35598794 ], [ -123.57876012, 46.35593301 ] ] ], [ [ [ -123.56601239, 46.36442121 ], [ -123.56609959, 46.36451455 ], [ -123.56616298, 46.36462415 ], [ -123.56619479, 46.36473395 ], [ -123.56622652, 46.36486555 ], [ -123.56622639, 46.36489855 ], [ -123.56622652, 46.36490955 ], [ -123.56615518, 46.36494241 ], [ -123.56613138, 46.36492595 ], [ -123.56610758, 46.36488201 ], [ -123.56607579, 46.36483261 ], [ -123.56601259, 46.36486001 ], [ -123.56595699, 46.36490941 ], [ -123.56594118, 46.36484915 ], [ -123.56595712, 46.36476135 ], [ -123.56595699, 46.36466815 ], [ -123.56594112, 46.36458035 ], [ -123.56590939, 46.36448161 ], [ -123.56587772, 46.36435541 ], [ -123.56587772, 46.36426761 ], [ -123.56593318, 46.36432795 ], [ -123.56601239, 46.36442121 ] ] ], [ [ [ -123.55451372, 46.36526595 ], [ -123.55445818, 46.36518915 ], [ -123.55447412, 46.36516721 ], [ -123.55448991, 46.36513975 ], [ -123.55456912, 46.36511781 ], [ -123.55464052, 46.36512881 ], [ -123.55464051, 46.36516721 ], [ -123.55459292, 46.36521661 ], [ -123.55451372, 46.36526595 ] ] ], [ [ [ -123.51588238, 46.38245375 ], [ -123.51610471, 46.38240775 ], [ -123.51648418, 46.38241502 ], [ -123.51675158, 46.38239575 ], [ -123.51706358, 46.38230435 ], [ -123.51764398, 46.38205875 ], [ -123.51831391, 46.38182175 ], [ -123.51876018, 46.38170275 ], [ -123.51902671, 46.38164302 ], [ -123.51909518, 46.38162922 ], [ -123.51937518, 46.38154695 ], [ -123.51954098, 46.38146522 ], [ -123.51960812, 46.38138395 ], [ -123.51972652, 46.38119435 ], [ -123.51977731, 46.38111315 ], [ -123.51983252, 46.38095995 ], [ -123.51984385, 46.38062682 ], [ -123.51987805, 46.38045575 ], [ -123.51988891, 46.38031162 ], [ -123.51993498, 46.38021242 ], [ -123.51998918, 46.38014022 ], [ -123.52015651, 46.38001342 ], [ -123.52037971, 46.37988642 ], [ -123.52054798, 46.37984962 ], [ -123.52090491, 46.37984802 ], [ -123.52106071, 46.37986535 ], [ -123.52125078, 46.37986442 ], [ -123.52142858, 46.37980062 ], [ -123.52153165, 46.37974175 ], [ -123.52168518, 46.37965555 ], [ -123.52193158, 46.37944742 ], [ -123.52221012, 46.37909515 ], [ -123.52247878, 46.37871595 ], [ -123.52260172, 46.37857135 ], [ -123.52272412, 46.37839982 ], [ -123.52282532, 46.37828235 ], [ -123.52289218, 46.37821902 ], [ -123.52298138, 46.37811062 ], [ -123.52310378, 46.37799315 ], [ -123.52326031, 46.37792042 ], [ -123.52356211, 46.37782002 ], [ -123.52380752, 46.37777395 ], [ -123.52444288, 46.37775742 ], [ -123.52473291, 46.37775162 ], [ -123.52487831, 46.37774202 ], [ -123.52505511, 46.37770062 ], [ -123.52545812, 46.37744235 ], [ -123.52572591, 46.37723415 ], [ -123.52578272, 46.37714382 ], [ -123.52606018, 46.37684562 ], [ -123.52626258, 46.37668262 ], [ -123.52639518, 46.37661002 ], [ -123.52658598, 46.37658222 ], [ -123.52675318, 46.37657242 ], [ -123.52686452, 46.37659895 ], [ -123.52706532, 46.37669695 ], [ -123.52733231, 46.37690275 ], [ -123.52752218, 46.37709082 ], [ -123.52785638, 46.37735935 ], [ -123.52809078, 46.37747522 ], [ -123.52832418, 46.37753715 ], [ -123.52872618, 46.37763422 ], [ -123.52901558, 46.37768695 ], [ -123.52920958, 46.37773555 ], [ -123.52939445, 46.37778415 ], [ -123.52984012, 46.37793515 ], [ -123.53058818, 46.37804862 ], [ -123.53111185, 46.37807322 ], [ -123.53166012, 46.37812918 ], [ -123.53178078, 46.37814215 ], [ -123.53208245, 46.37814975 ], [ -123.53246132, 46.37812095 ], [ -123.53317438, 46.37800062 ], [ -123.53399012, 46.37779882 ], [ -123.53433588, 46.37768915 ], [ -123.53463712, 46.37759782 ], [ -123.53529538, 46.37738775 ], [ -123.53564072, 46.37726915 ], [ -123.53629878, 46.37706802 ], [ -123.53683472, 46.37693955 ], [ -123.53719138, 46.37684782 ], [ -123.53743059, 46.37680175 ], [ -123.53761592, 46.37676482 ], [ -123.53774758, 46.37672375 ], [ -123.53825332, 46.37665835 ], [ -123.53840678, 46.37661715 ], [ -123.53859978, 46.37656222 ], [ -123.53869932, 46.37653035 ], [ -123.53906092, 46.37643862 ], [ -123.53947832, 46.37635115 ], [ -123.53990512, 46.37625915 ], [ -123.54007672, 46.37622235 ], [ -123.54033252, 46.37616715 ], [ -123.54077898, 46.37607055 ], [ -123.54119278, 46.37596955 ], [ -123.54156678, 46.37585522 ], [ -123.54191052, 46.37572762 ], [ -123.54271172, 46.37526935 ], [ -123.54289692, 46.37510202 ], [ -123.54297358, 46.37500715 ], [ -123.54309658, 46.37483555 ], [ -123.54315458, 46.37473902 ], [ -123.54319432, 46.37461295 ], [ -123.54320232, 46.37458555 ], [ -123.54318652, 46.37444282 ], [ -123.54317858, 46.37440442 ], [ -123.54318652, 46.37419055 ], [ -123.54318658, 46.37393262 ], [ -123.54317079, 46.37371322 ], [ -123.54317878, 46.37355402 ], [ -123.54324232, 46.37337302 ], [ -123.54335332, 46.37318115 ], [ -123.54354358, 46.37304942 ], [ -123.54382892, 46.37293422 ], [ -123.54417772, 46.37278622 ], [ -123.54451858, 46.37266555 ], [ -123.54483558, 46.37256135 ], [ -123.54509712, 46.37246815 ], [ -123.54537458, 46.37241882 ], [ -123.54564412, 46.37240235 ], [ -123.54603238, 46.37243535 ], [ -123.54638118, 46.37251775 ], [ -123.54668232, 46.37259462 ], [ -123.54685658, 46.37268235 ], [ -123.54699138, 46.37275361 ], [ -123.54722132, 46.37279202 ], [ -123.54726079, 46.37279215 ], [ -123.54745912, 46.37280302 ], [ -123.54762552, 46.37281402 ], [ -123.54786318, 46.37281961 ], [ -123.54835436, 46.37284172 ], [ -123.54857442, 46.37272904 ], [ -123.54901135, 46.37244759 ], [ -123.54944635, 46.37220423 ], [ -123.54984352, 46.37209361 ], [ -123.55031598, 46.37196918 ], [ -123.55053831, 46.37175226 ], [ -123.550917, 46.37139343 ], [ -123.55105665, 46.37109105 ], [ -123.55156304, 46.37091006 ], [ -123.55196214, 46.37076134 ], [ -123.55217882, 46.37053287 ], [ -123.55210774, 46.37021883 ], [ -123.55191055, 46.36994052 ], [ -123.55152129, 46.36977293 ], [ -123.55103214, 46.3697369 ], [ -123.55067489, 46.36955085 ], [ -123.55041756, 46.36923326 ], [ -123.55045529, 46.36920042 ], [ -123.55061912, 46.36905789 ], [ -123.55106341, 46.36887571 ], [ -123.55111298, 46.36838858 ], [ -123.55127741, 46.36784262 ], [ -123.55158659, 46.36738332 ], [ -123.55186166, 46.3671064 ], [ -123.55191106, 46.36674509 ], [ -123.55195114, 46.36632259 ], [ -123.55224711, 46.36587829 ], [ -123.5528704, 46.36547456 ], [ -123.55354787, 46.36535021 ], [ -123.55426298, 46.36521896 ], [ -123.55428324, 46.3655549 ], [ -123.55438794, 46.36606406 ], [ -123.55475031, 46.36663913 ], [ -123.55508825, 46.36720611 ], [ -123.55539032, 46.36786774 ], [ -123.55565862, 46.36846009 ], [ -123.55595716, 46.36894624 ], [ -123.55650969, 46.36944867 ], [ -123.55719398, 46.36992693 ], [ -123.55746455, 46.37022951 ], [ -123.55757314, 46.37066247 ], [ -123.55749562, 46.37096605 ], [ -123.55753311, 46.37121333 ], [ -123.55745359, 46.37139395 ], [ -123.55739019, 46.37146535 ], [ -123.55737432, 46.37148721 ], [ -123.55731878, 46.37161895 ], [ -123.55738232, 46.37173415 ], [ -123.55755672, 46.37181641 ], [ -123.55777852, 46.37188221 ], [ -123.55781819, 46.37188221 ], [ -123.55805599, 46.37189321 ], [ -123.55833332, 46.37189321 ], [ -123.55849978, 46.37194261 ], [ -123.55849972, 46.37224981 ], [ -123.55842059, 46.37238141 ], [ -123.55829372, 46.37249675 ], [ -123.55827779, 46.37250775 ], [ -123.55807972, 46.37268875 ], [ -123.55806392, 46.37272715 ], [ -123.55795299, 46.37284235 ], [ -123.55779438, 46.37294102 ], [ -123.55753292, 46.37306175 ], [ -123.55725552, 46.37314401 ], [ -123.55649452, 46.37339095 ], [ -123.55635179, 46.37348961 ], [ -123.55619332, 46.37365961 ], [ -123.55612192, 46.37375295 ], [ -123.55605859, 46.37387915 ], [ -123.55601899, 46.37408761 ], [ -123.55603479, 46.37442775 ], [ -123.55605858, 46.37452641 ], [ -123.55609812, 46.37459782 ], [ -123.55618539, 46.37468555 ], [ -123.55683539, 46.37474041 ], [ -123.55700172, 46.37473495 ], [ -123.55742978, 46.37480635 ], [ -123.55754372, 46.37483355 ], [ -123.55762452, 46.37486915 ], [ -123.55768339, 46.37490935 ], [ -123.55773138, 46.37494961 ], [ -123.55781399, 46.37500322 ], [ -123.55793172, 46.37506565 ], [ -123.55813792, 46.37511862 ], [ -123.55863992, 46.37530522 ], [ -123.55899652, 46.37552841 ], [ -123.55910272, 46.37565395 ], [ -123.55920812, 46.37582441 ], [ -123.55944212, 46.37630022 ], [ -123.55948639, 46.37641701 ], [ -123.55955359, 46.37664161 ], [ -123.55953032, 46.37677675 ], [ -123.55946399, 46.37684915 ], [ -123.55929659, 46.37693995 ], [ -123.55908472, 46.37710295 ], [ -123.55900639, 46.37728335 ], [ -123.55897219, 46.37767941 ], [ -123.55892832, 46.37783261 ], [ -123.55884912, 46.37799501 ], [ -123.55879372, 46.37813935 ], [ -123.55870512, 46.37857175 ], [ -123.55868252, 46.37862581 ], [ -123.55867112, 46.37874295 ], [ -123.55857532, 46.37906735 ], [ -123.55855892, 46.37909441 ], [ -123.55843699, 46.37937401 ], [ -123.55826312, 46.37965382 ], [ -123.55824579, 46.37968095 ], [ -123.55807939, 46.38005075 ], [ -123.55806732, 46.38010475 ], [ -123.55802339, 46.38018602 ], [ -123.55801119, 46.38030302 ], [ -123.55803419, 46.38035695 ], [ -123.55840152, 46.38070615 ], [ -123.55859172, 46.38091221 ], [ -123.55871912, 46.38117255 ], [ -123.55879119, 46.38130721 ], [ -123.55883552, 46.38145995 ], [ -123.55884732, 46.38177495 ], [ -123.55884899, 46.38179295 ], [ -123.55889059, 46.38216161 ], [ -123.55891392, 46.38220655 ], [ -123.55892479, 46.38228755 ], [ -123.55898019, 46.38244921 ], [ -123.55909199, 46.38285362 ], [ -123.55909119, 46.38301562 ], [ -123.55900279, 46.38311495 ], [ -123.55885679, 46.38315182 ], [ -123.55826692, 46.38316362 ], [ -123.55810972, 46.38320941 ], [ -123.55808919, 46.38322755 ], [ -123.55804332, 46.38326375 ], [ -123.55798772, 46.38336302 ], [ -123.55797632, 46.38364201 ], [ -123.55806448, 46.38407149 ], [ -123.55682023, 46.38406196 ], [ -123.55435721, 46.38404396 ], [ -123.5535782, 46.38403896 ], [ -123.54652414, 46.38403596 ], [ -123.54327611, 46.38403396 ], [ -123.52291194, 46.38394997 ], [ -123.51471337, 46.38382647 ], [ -123.51470151, 46.3838261 ], [ -123.51479038, 46.38379055 ], [ -123.51525538, 46.38357242 ], [ -123.51564718, 46.38336375 ], [ -123.51569072, 46.38319702 ], [ -123.51570278, 46.38314742 ], [ -123.51571352, 46.38289542 ], [ -123.51569152, 46.38285055 ], [ -123.51571391, 46.38259842 ], [ -123.51579218, 46.38250815 ], [ -123.51588238, 46.38245375 ] ] ], [ [ [ -123.53943258, 46.37609935 ], [ -123.53944192, 46.37605435 ], [ -123.53954518, 46.37602235 ], [ -123.53970092, 46.37599015 ], [ -123.53992258, 46.37592602 ], [ -123.54016192, 46.37588442 ], [ -123.54042738, 46.37582462 ], [ -123.54074778, 46.37576015 ], [ -123.54078432, 46.37575542 ], [ -123.54097912, 46.37572755 ], [ -123.54101932, 46.37577235 ], [ -123.54106538, 46.37582615 ], [ -123.54101258, 46.37586695 ], [ -123.54080998, 46.37591735 ], [ -123.54058558, 46.37599942 ], [ -123.54024598, 46.37607755 ], [ -123.53990312, 46.37613315 ], [ -123.53977319, 46.37614722 ], [ -123.53953872, 46.37617535 ], [ -123.53948212, 46.37613962 ], [ -123.53943258, 46.37609935 ] ] ], [ [ [ -123.34114637, 46.16276363 ], [ -123.34108584, 46.16271889 ], [ -123.34115791, 46.16268256 ], [ -123.34143584, 46.16267269 ], [ -123.34165021, 46.16268729 ], [ -123.34165492, 46.16280706 ], [ -123.34156824, 46.16280736 ], [ -123.34114637, 46.16276363 ] ] ], [ [ [ -123.34555048, 46.21853761 ], [ -123.34555533, 46.21853764 ], [ -123.34554938, 46.2185418 ], [ -123.34531019, 46.21871336 ], [ -123.34512165, 46.21893003 ], [ -123.34503132, 46.21911009 ], [ -123.34493219, 46.21921856 ], [ -123.34482065, 46.21931783 ], [ -123.34473479, 46.2194523 ], [ -123.34468712, 46.2195253 ], [ -123.34463159, 46.21976836 ], [ -123.34455412, 46.21994869 ], [ -123.34445385, 46.22009303 ], [ -123.34434285, 46.22020123 ], [ -123.34426352, 46.22025563 ], [ -123.34386379, 46.22045476 ], [ -123.34297385, 46.22082656 ], [ -123.34273005, 46.2208901 ], [ -123.34250705, 46.22091783 ], [ -123.34208479, 46.22091016 ], [ -123.34194065, 46.22087443 ], [ -123.34166238, 46.22073136 ], [ -123.34130679, 46.22064236 ], [ -123.34111679, 46.2206161 ], [ -123.34077012, 46.22060563 ], [ -123.34057232, 46.2205997 ], [ -123.34001632, 46.22062816 ], [ -123.33966714, 46.22068787 ], [ -123.34029145, 46.22055362 ], [ -123.34211846, 46.22015662 ], [ -123.34259646, 46.21991762 ], [ -123.34337947, 46.21972362 ], [ -123.34351547, 46.21958862 ], [ -123.34421747, 46.21894461 ], [ -123.34532248, 46.21827161 ], [ -123.34542248, 46.21846561 ], [ -123.34555048, 46.21853761 ] ] ], [ [ [ -123.32341437, 46.22585665 ], [ -123.32360238, 46.22585565 ], [ -123.32380238, 46.22591865 ], [ -123.32398138, 46.22596265 ], [ -123.32423838, 46.22596165 ], [ -123.32460438, 46.22587065 ], [ -123.32470338, 46.22585265 ], [ -123.32498438, 46.22585165 ], [ -123.32516938, 46.22598665 ], [ -123.32524938, 46.22598665 ], [ -123.32569338, 46.22606565 ], [ -123.32663839, 46.22603665 ], [ -123.32709539, 46.22600765 ], [ -123.32732839, 46.22589065 ], [ -123.32751639, 46.22577265 ], [ -123.32765139, 46.22566465 ], [ -123.32787239, 46.22551065 ], [ -123.3282964, 46.22527564 ], [ -123.3286744, 46.22501364 ], [ -123.3291304, 46.22464364 ], [ -123.3292864, 46.22452564 ], [ -123.3295414, 46.22430864 ], [ -123.3297434, 46.22402064 ], [ -123.3298534, 46.22383164 ], [ -123.3298964, 46.22378164 ], [ -123.32999841, 46.22365964 ], [ -123.33027641, 46.22346063 ], [ -123.33044341, 46.22339764 ], [ -123.33101041, 46.22333263 ], [ -123.33124441, 46.22323363 ], [ -123.33138841, 46.22314263 ], [ -123.33158941, 46.22309663 ], [ -123.33198791, 46.22308613 ], [ -123.33229142, 46.22298663 ], [ -123.33267694, 46.22288689 ], [ -123.33265545, 46.22291314 ], [ -123.33260489, 46.22297492 ], [ -123.33253823, 46.22311554 ], [ -123.33239528, 46.22330955 ], [ -123.33233912, 46.22347292 ], [ -123.33225531, 46.22372973 ], [ -123.33220696, 46.22385937 ], [ -123.3321349, 46.22402942 ], [ -123.33198174, 46.2241979 ], [ -123.33188984, 46.2243919 ], [ -123.33186431, 46.22453996 ], [ -123.33171878, 46.22480163 ], [ -123.33163072, 46.22483756 ], [ -123.33140812, 46.22504543 ], [ -123.33122908, 46.22515787 ], [ -123.33114932, 46.2252597 ], [ -123.33103489, 46.2253896 ], [ -123.33091117, 46.22556589 ], [ -123.33077322, 46.2257307 ], [ -123.330742, 46.22584502 ], [ -123.33047586, 46.22635241 ], [ -123.33042306, 46.22642876 ], [ -123.33030078, 46.22660556 ], [ -123.33028045, 46.22665313 ], [ -123.33023912, 46.22674976 ], [ -123.33017434, 46.22681972 ], [ -123.3301674, 46.22681765 ], [ -123.3297594, 46.22670565 ], [ -123.3295204, 46.22666165 ], [ -123.32896339, 46.22665965 ], [ -123.32877539, 46.22665865 ], [ -123.32844739, 46.22666165 ], [ -123.32813739, 46.22665365 ], [ -123.32704939, 46.22650065 ], [ -123.32625888, 46.22646165 ], [ -123.32562038, 46.22637265 ], [ -123.32461038, 46.22621965 ], [ -123.32436538, 46.22619965 ], [ -123.32417338, 46.22620665 ], [ -123.32380738, 46.22624965 ], [ -123.32366537, 46.22627265 ], [ -123.32341837, 46.22630365 ], [ -123.32314037, 46.22632865 ], [ -123.32278437, 46.22634865 ], [ -123.32277262, 46.22622615 ], [ -123.32292437, 46.22617265 ], [ -123.32303537, 46.22609165 ], [ -123.32311337, 46.22598365 ], [ -123.32322537, 46.22588365 ], [ -123.32341437, 46.22585665 ] ] ], [ [ [ -123.32457138, 46.22827725 ], [ -123.3244558, 46.22836809 ], [ -123.32445737, 46.22836466 ], [ -123.32462537, 46.22821066 ], [ -123.32471067, 46.2281623 ], [ -123.32457138, 46.22827725 ] ] ], [ [ [ -123.32432153, 46.22912537 ], [ -123.32454392, 46.22922296 ], [ -123.32479768, 46.22929701 ], [ -123.32504276, 46.22942551 ], [ -123.32512128, 46.22958255 ], [ -123.32499041, 46.22964679 ], [ -123.32485061, 46.22966406 ], [ -123.32470237, 46.22957367 ], [ -123.32453437, 46.22946467 ], [ -123.32432637, 46.22931367 ], [ -123.32431437, 46.22916067 ], [ -123.32432153, 46.22912537 ] ] ], [ [ [ -123.30099023, 46.26043186 ], [ -123.30109023, 46.26042286 ], [ -123.30119023, 46.26037786 ], [ -123.30137923, 46.26025985 ], [ -123.30160223, 46.26008885 ], [ -123.30183523, 46.25981785 ], [ -123.30193623, 46.25968285 ], [ -123.30205923, 46.25947585 ], [ -123.30221424, 46.25930385 ], [ -123.30232624, 46.25921385 ], [ -123.30251524, 46.25907785 ], [ -123.30287124, 46.25884284 ], [ -123.30312824, 46.25874384 ], [ -123.30344024, 46.25868884 ], [ -123.30378424, 46.25867884 ], [ -123.30407324, 46.25867784 ], [ -123.30427424, 46.25871384 ], [ -123.30441824, 46.25875784 ], [ -123.30472525, 46.25893785 ], [ -123.30489525, 46.25898185 ], [ -123.30505225, 46.25899085 ], [ -123.30531925, 46.25895385 ], [ -123.30554125, 46.25887185 ], [ -123.30573025, 46.25876385 ], [ -123.30597625, 46.25858284 ], [ -123.30638725, 46.25819484 ], [ -123.30655425, 46.25802384 ], [ -123.30668825, 46.25789684 ], [ -123.30684425, 46.25768984 ], [ -123.30749025, 46.25704883 ], [ -123.30774625, 46.25676883 ], [ -123.30783525, 46.25668783 ], [ -123.30804726, 46.25625583 ], [ -123.30808026, 46.25614782 ], [ -123.30811526, 46.25587682 ], [ -123.30815926, 46.25575982 ], [ -123.30817126, 46.25568782 ], [ -123.30819326, 46.25564282 ], [ -123.30823826, 46.25531882 ], [ -123.30822726, 46.25498581 ], [ -123.30815026, 46.25476181 ], [ -123.30813826, 46.25456281 ], [ -123.30818326, 46.25443681 ], [ -123.30823826, 46.25435581 ], [ -123.30838426, 46.25423881 ], [ -123.30898526, 46.25384981 ], [ -123.30914126, 46.2537238 ], [ -123.30928526, 46.2535788 ], [ -123.30940826, 46.2534258 ], [ -123.30949826, 46.2532818 ], [ -123.30957226, 46.2530298 ], [ -123.30961926, 46.2529758 ], [ -123.30966726, 46.2528828 ], [ -123.30977626, 46.2527408 ], [ -123.30987626, 46.2526688 ], [ -123.31005426, 46.2525878 ], [ -123.31036626, 46.2525408 ], [ -123.31065527, 46.25254979 ], [ -123.31122127, 46.2526828 ], [ -123.31154427, 46.2528348 ], [ -123.31190027, 46.2530768 ], [ -123.31204427, 46.2532118 ], [ -123.31219927, 46.2532838 ], [ -123.31239927, 46.2533368 ], [ -123.31261127, 46.2533178 ], [ -123.31273327, 46.2532728 ], [ -123.31286827, 46.2531828 ], [ -123.31309027, 46.2529838 ], [ -123.31323527, 46.2528218 ], [ -123.31337927, 46.2526138 ], [ -123.31344628, 46.2524968 ], [ -123.31351328, 46.25233479 ], [ -123.31355828, 46.25211879 ], [ -123.31355828, 46.25169579 ], [ -123.31348128, 46.25134479 ], [ -123.31347028, 46.25108378 ], [ -123.31350427, 46.25096678 ], [ -123.31353628, 46.25090378 ], [ -123.31361528, 46.25082278 ], [ -123.31377128, 46.25071378 ], [ -123.31403828, 46.25061478 ], [ -123.31446028, 46.25046878 ], [ -123.31505028, 46.25035978 ], [ -123.31580728, 46.25026778 ], [ -123.31645129, 46.25022978 ], [ -123.31699729, 46.25018278 ], [ -123.31738629, 46.25010078 ], [ -123.31775429, 46.24997378 ], [ -123.31797229, 46.24981827 ], [ -123.31817629, 46.24967577 ], [ -123.31842229, 46.24941477 ], [ -123.3186113, 46.24915277 ], [ -123.3187013, 46.24899077 ], [ -123.3182113, 46.24897777 ], [ -123.31792129, 46.24911877 ], [ -123.31775429, 46.24913677 ], [ -123.31719929, 46.24899477 ], [ -123.31696529, 46.24889677 ], [ -123.31693529, 46.24886177 ], [ -123.31688729, 46.24880677 ], [ -123.31673229, 46.24854577 ], [ -123.31664329, 46.24847477 ], [ -123.31646529, 46.24841177 ], [ -123.31620179, 46.24836527 ], [ -123.31616529, 46.24824177 ], [ -123.31576029, 46.24802876 ], [ -123.31528629, 46.24742576 ], [ -123.31506629, 46.24677476 ], [ -123.31463829, 46.24648576 ], [ -123.31402529, 46.24638275 ], [ -123.31333228, 46.24642376 ], [ -123.31273128, 46.24638375 ], [ -123.31225728, 46.24627175 ], [ -123.31161028, 46.24611175 ], [ -123.31126328, 46.24606475 ], [ -123.31099728, 46.24594375 ], [ -123.31082427, 46.24593675 ], [ -123.31090528, 46.24581575 ], [ -123.31107828, 46.24575075 ], [ -123.31143628, 46.24562975 ], [ -123.31194428, 46.24566975 ], [ -123.31234928, 46.24579775 ], [ -123.31274228, 46.24572475 ], [ -123.31351629, 46.24553875 ], [ -123.31430129, 46.24548175 ], [ -123.31489729, 46.24561575 ], [ -123.31507329, 46.24576475 ], [ -123.31537429, 46.24575075 ], [ -123.31560429, 46.24577275 ], [ -123.31586229, 46.24577575 ], [ -123.3162463, 46.24580675 ], [ -123.3163153, 46.24581275 ], [ -123.3165743, 46.24587375 ], [ -123.3170293, 46.24597075 ], [ -123.3177023, 46.24598475 ], [ -123.32003931, 46.24600475 ], [ -123.32003931, 46.24550375 ], [ -123.32016131, 46.24501775 ], [ -123.32025031, 46.24481975 ], [ -123.32035131, 46.24469275 ], [ -123.32050732, 46.24453975 ], [ -123.32066232, 46.24429474 ], [ -123.32070732, 46.24422374 ], [ -123.32077432, 46.24401674 ], [ -123.32078532, 46.24383674 ], [ -123.32088532, 46.24341374 ], [ -123.32090832, 46.24326974 ], [ -123.32087432, 46.24276574 ], [ -123.32083032, 46.24257674 ], [ -123.32076732, 46.24244174 ], [ -123.32068632, 46.24221673 ], [ -123.32063032, 46.24210073 ], [ -123.32018632, 46.24146273 ], [ -123.32016532, 46.24140873 ], [ -123.32006432, 46.24121973 ], [ -123.31994532, 46.24104873 ], [ -123.31976532, 46.24062672 ], [ -123.31969832, 46.24031172 ], [ -123.31972032, 46.24023972 ], [ -123.31973232, 46.24008672 ], [ -123.31978733, 46.23984372 ], [ -123.31993333, 46.23943872 ], [ -123.32039933, 46.23851871 ], [ -123.32067933, 46.23813071 ], [ -123.32087333, 46.23789271 ], [ -123.32110734, 46.23760771 ], [ -123.32118034, 46.23750871 ], [ -123.32204234, 46.2364617 ], [ -123.32223334, 46.2362087 ], [ -123.32161434, 46.2354607 ], [ -123.32174134, 46.2350827 ], [ -123.32207735, 46.23448669 ], [ -123.32218235, 46.23430069 ], [ -123.32238635, 46.23393969 ], [ -123.32378236, 46.23228968 ], [ -123.32430236, 46.23224868 ], [ -123.32464836, 46.23227268 ], [ -123.32526037, 46.23203868 ], [ -123.32534037, 46.23201268 ], [ -123.32593137, 46.23190668 ], [ -123.32648792, 46.23189147 ], [ -123.32648792, 46.23254723 ], [ -123.32639832, 46.2327097 ], [ -123.32630952, 46.23282683 ], [ -123.32599712, 46.2331699 ], [ -123.32581925, 46.23332343 ], [ -123.32547412, 46.23351343 ], [ -123.32521852, 46.2336941 ], [ -123.32506339, 46.2338295 ], [ -123.32484025, 46.23406417 ], [ -123.32458359, 46.23428083 ], [ -123.32456162, 46.23433496 ], [ -123.32484079, 46.23420796 ], [ -123.32505165, 46.23406343 ], [ -123.32539665, 46.2337565 ], [ -123.32574085, 46.23354863 ], [ -123.32584139, 46.23350316 ], [ -123.32610925, 46.2333497 ], [ -123.32626425, 46.23323197 ], [ -123.32652046, 46.23292183 ], [ -123.32653225, 46.2329075 ], [ -123.32667585, 46.23266383 ], [ -123.32671032, 46.2325109 ], [ -123.32673774, 46.23208216 ], [ -123.3268249, 46.2318139 ], [ -123.32684041, 46.23162775 ], [ -123.32678673, 46.23142557 ], [ -123.32678819, 46.23137677 ], [ -123.32681072, 46.23131343 ], [ -123.32678858, 46.2311335 ], [ -123.32667752, 46.23093603 ], [ -123.32660025, 46.23085523 ], [ -123.32648852, 46.2307025 ], [ -123.32629979, 46.23053203 ], [ -123.32618839, 46.23040616 ], [ -123.32608859, 46.2302715 ], [ -123.32595019, 46.22996596 ], [ -123.32587792, 46.2298671 ], [ -123.32574492, 46.22975963 ], [ -123.32562423, 46.22971655 ], [ -123.3253771, 46.22952846 ], [ -123.32514442, 46.22938368 ], [ -123.32492725, 46.22925441 ], [ -123.32468905, 46.22912926 ], [ -123.32447407, 46.22905193 ], [ -123.32434697, 46.22899994 ], [ -123.32435737, 46.22894866 ], [ -123.32431237, 46.22881066 ], [ -123.32434781, 46.22870748 ], [ -123.32447549, 46.22861757 ], [ -123.32468419, 46.22845775 ], [ -123.32489477, 46.22826221 ], [ -123.32518253, 46.2281096 ], [ -123.32534225, 46.22798019 ], [ -123.32581292, 46.22784216 ], [ -123.32644699, 46.22783156 ], [ -123.32680218, 46.2278575 ], [ -123.32704765, 46.22786583 ], [ -123.32849285, 46.2277897 ], [ -123.32894081, 46.22773644 ], [ -123.32925283, 46.22777802 ], [ -123.3294682, 46.22768496 ], [ -123.32972692, 46.2274533 ], [ -123.32992732, 46.2273715 ], [ -123.33011599, 46.2272361 ], [ -123.33034992, 46.2269835 ], [ -123.33055092, 46.22670357 ], [ -123.33084211, 46.22642497 ], [ -123.33117351, 46.22593823 ], [ -123.33122973, 46.2258164 ], [ -123.33117406, 46.22578857 ], [ -123.33116478, 46.22565867 ], [ -123.33122973, 46.2255195 ], [ -123.33138437, 46.2254329 ], [ -123.33154311, 46.22522351 ], [ -123.33165192, 46.2251347 ], [ -123.33180819, 46.2249633 ], [ -123.33190822, 46.224891 ], [ -123.33199365, 46.2247432 ], [ -123.33204817, 46.22459034 ], [ -123.33209406, 46.22455017 ], [ -123.33213801, 46.2245148 ], [ -123.33215925, 46.22445386 ], [ -123.3321948, 46.22436966 ], [ -123.33222474, 46.22430417 ], [ -123.3322659, 46.22426488 ], [ -123.33229584, 46.22418254 ], [ -123.33233514, 46.22410582 ], [ -123.33239954, 46.22403769 ], [ -123.3324156, 46.22397672 ], [ -123.33242869, 46.22392432 ], [ -123.33246425, 46.22385509 ], [ -123.33253959, 46.22379847 ], [ -123.33259439, 46.22363119 ], [ -123.33267608, 46.22341166 ], [ -123.3326965, 46.22331465 ], [ -123.33281903, 46.22310023 ], [ -123.33298878, 46.22293683 ], [ -123.33328885, 46.22286203 ], [ -123.33356672, 46.22273523 ], [ -123.33392192, 46.22260816 ], [ -123.33432624, 46.22231008 ], [ -123.33431759, 46.22231124 ], [ -123.33432843, 46.22230663 ], [ -123.33469143, 46.22207063 ], [ -123.33485943, 46.22198063 ], [ -123.33510343, 46.22190763 ], [ -123.33563743, 46.22176263 ], [ -123.33633143, 46.22152663 ], [ -123.33658344, 46.22145363 ], [ -123.33671644, 46.22138963 ], [ -123.33691644, 46.22124562 ], [ -123.33710544, 46.22113662 ], [ -123.33737244, 46.22101862 ], [ -123.33788744, 46.22093662 ], [ -123.33792156, 46.22093329 ], [ -123.33788585, 46.22094056 ], [ -123.33821532, 46.22094856 ], [ -123.33901645, 46.22088336 ], [ -123.33947972, 46.22082136 ], [ -123.33970545, 46.22079096 ], [ -123.34023925, 46.22077143 ], [ -123.34089492, 46.22076063 ], [ -123.34119518, 46.22079563 ], [ -123.34168712, 46.2209031 ], [ -123.34177279, 46.2209381 ], [ -123.34195105, 46.2210003 ], [ -123.34219599, 46.22101783 ], [ -123.34272905, 46.2210253 ], [ -123.34291852, 46.22099736 ], [ -123.34307385, 46.22094316 ], [ -123.34387519, 46.22059876 ], [ -123.34419685, 46.22045363 ], [ -123.34445332, 46.22027296 ], [ -123.34463065, 46.2200925 ], [ -123.34483705, 46.2197857 ], [ -123.34485452, 46.2197587 ], [ -123.34517679, 46.21919076 ], [ -123.34538745, 46.2189289 ], [ -123.34568712, 46.21866736 ], [ -123.34606639, 46.21839616 ], [ -123.34628859, 46.21827843 ], [ -123.34657772, 46.21807936 ], [ -123.34664809, 46.21803456 ], [ -123.34663367, 46.21803716 ], [ -123.34665048, 46.21803061 ], [ -123.34688048, 46.21795761 ], [ -123.34702448, 46.21793061 ], [ -123.34735748, 46.21795661 ], [ -123.34738582, 46.21795794 ], [ -123.34735745, 46.21796023 ], [ -123.34735625, 46.2179603 ], [ -123.34783365, 46.21807576 ], [ -123.34807952, 46.21816503 ], [ -123.34831239, 46.21829036 ], [ -123.34863439, 46.21849636 ], [ -123.34876759, 46.21855003 ], [ -123.34908965, 46.2186029 ], [ -123.34936825, 46.21858409 ], [ -123.34995725, 46.21839316 ], [ -123.35120299, 46.21811976 ], [ -123.35193745, 46.21787423 ], [ -123.35242639, 46.21779176 ], [ -123.35303772, 46.21767289 ], [ -123.35320479, 46.21767236 ], [ -123.35330465, 46.21769003 ], [ -123.35337152, 46.2177437 ], [ -123.35334912, 46.21801376 ], [ -123.35337032, 46.21893301 ], [ -123.35331851, 46.21889862 ], [ -123.3529965, 46.21874761 ], [ -123.3525765, 46.21860761 ], [ -123.3523175, 46.21856861 ], [ -123.3520625, 46.21852961 ], [ -123.3515515, 46.21850361 ], [ -123.3513325, 46.21851261 ], [ -123.3509205, 46.21853761 ], [ -123.34902649, 46.21885661 ], [ -123.34788448, 46.21908262 ], [ -123.34719148, 46.21931262 ], [ -123.34578647, 46.21991162 ], [ -123.34495647, 46.22025162 ], [ -123.34419747, 46.22061262 ], [ -123.34366546, 46.22088362 ], [ -123.34328046, 46.22113763 ], [ -123.34333446, 46.22174963 ], [ -123.34302346, 46.22270663 ], [ -123.34247845, 46.22371364 ], [ -123.34212845, 46.22416264 ], [ -123.34006044, 46.22645165 ], [ -123.33827942, 46.22845666 ], [ -123.33738242, 46.22946667 ], [ -123.33627241, 46.23071568 ], [ -123.33329539, 46.2345127 ], [ -123.33299139, 46.2348997 ], [ -123.33292939, 46.2349517 ], [ -123.33256439, 46.2352547 ], [ -123.33192538, 46.2356507 ], [ -123.33119338, 46.2361697 ], [ -123.33075438, 46.23659471 ], [ -123.33057837, 46.23685871 ], [ -123.33033837, 46.23721871 ], [ -123.32952336, 46.24091973 ], [ -123.32937336, 46.24144473 ], [ -123.32926236, 46.24183373 ], [ -123.32906035, 46.24253974 ], [ -123.32857335, 46.24424075 ], [ -123.32850835, 46.24441475 ], [ -123.32834434, 46.24484975 ], [ -123.32797134, 46.24533375 ], [ -123.32677733, 46.24719976 ], [ -123.32657633, 46.24746976 ], [ -123.32622633, 46.24794077 ], [ -123.32556732, 46.24842377 ], [ -123.32493732, 46.24876177 ], [ -123.32487632, 46.24879477 ], [ -123.32447532, 46.24906877 ], [ -123.32393532, 46.24943777 ], [ -123.32356231, 46.24985478 ], [ -123.32245731, 46.25160079 ], [ -123.32213931, 46.25193679 ], [ -123.3199283, 46.25392581 ], [ -123.3193703, 46.25425081 ], [ -123.3191493, 46.25443881 ], [ -123.3191493, 46.25476682 ], [ -123.3191603, 46.25490182 ], [ -123.3191933, 46.25504582 ], [ -123.3192273, 46.25527982 ], [ -123.3193043, 46.25554982 ], [ -123.3193813, 46.25571183 ], [ -123.3193933, 46.25576583 ], [ -123.3194923, 46.25597183 ], [ -123.3195143, 46.25609783 ], [ -123.3197473, 46.25657483 ], [ -123.3200033, 46.25688884 ], [ -123.3202143, 46.25707684 ], [ -123.3203803, 46.25718484 ], [ -123.3206373, 46.25729184 ], [ -123.3209483, 46.25738984 ], [ -123.32128131, 46.25741584 ], [ -123.32156031, 46.25744284 ], [ -123.32224931, 46.25767484 ], [ -123.32266031, 46.25770984 ], [ -123.32164931, 46.25820985 ], [ -123.32134531, 46.25999886 ], [ -123.32122331, 46.25990986 ], [ -123.3209673, 46.25983786 ], [ -123.3206563, 46.25978486 ], [ -123.3191893, 46.25932086 ], [ -123.3188213, 46.25923186 ], [ -123.3185763, 46.25913385 ], [ -123.31811029, 46.25884685 ], [ -123.31801029, 46.25880185 ], [ -123.31787629, 46.25880285 ], [ -123.31778029, 46.25881985 ], [ -123.31734929, 46.25881785 ], [ -123.31730429, 46.25898085 ], [ -123.31679729, 46.25915685 ], [ -123.31649729, 46.25921185 ], [ -123.31614129, 46.25923085 ], [ -123.31593029, 46.25915885 ], [ -123.31566229, 46.25909685 ], [ -123.31517328, 46.25895385 ], [ -123.31455028, 46.25868585 ], [ -123.31441828, 46.25860485 ], [ -123.31419528, 46.25850685 ], [ -123.31408528, 46.25841685 ], [ -123.31398428, 46.25831885 ], [ -123.31396228, 46.25827384 ], [ -123.31389528, 46.25807584 ], [ -123.31388428, 46.25798584 ], [ -123.31385828, 46.25790684 ], [ -123.31378528, 46.25769784 ], [ -123.31375228, 46.25762584 ], [ -123.30890826, 46.25904985 ], [ -123.30826326, 46.25921585 ], [ -123.30690025, 46.25956485 ], [ -123.30574625, 46.25969085 ], [ -123.30450524, 46.25979385 ], [ -123.30256824, 46.25995385 ], [ -123.30233424, 46.26001285 ], [ -123.30209324, 46.26007385 ], [ -123.30181423, 46.26018585 ], [ -123.30165223, 46.26031185 ], [ -123.30122823, 46.26086086 ], [ -123.30096973, 46.26105236 ], [ -123.30097723, 46.26122386 ], [ -123.30093223, 46.26130486 ], [ -123.30091123, 46.26135986 ], [ -123.30082523, 46.26146386 ], [ -123.30022923, 46.26180987 ], [ -123.29931223, 46.26319288 ], [ -123.29849922, 46.26479089 ], [ -123.29803422, 46.2657569 ], [ -123.29773922, 46.2664569 ], [ -123.29728122, 46.2667049 ], [ -123.29714622, 46.2665369 ], [ -123.29654022, 46.2661459 ], [ -123.29635322, 46.2659279 ], [ -123.29617722, 46.26574689 ], [ -123.29588722, 46.26553789 ], [ -123.29569621, 46.26529189 ], [ -123.29537221, 46.26504589 ], [ -123.29508021, 46.26484689 ], [ -123.29478221, 46.26465288 ], [ -123.29441321, 46.26441288 ], [ -123.29454321, 46.26428288 ], [ -123.29459521, 46.26420988 ], [ -123.29474421, 46.26400288 ], [ -123.29486621, 46.26376888 ], [ -123.29494521, 46.26365188 ], [ -123.29507821, 46.26352588 ], [ -123.29564721, 46.26274087 ], [ -123.29572421, 46.26260587 ], [ -123.29606021, 46.26219087 ], [ -123.29611521, 46.26210987 ], [ -123.29614821, 46.26201986 ], [ -123.29621621, 46.26190286 ], [ -123.29628321, 46.26182186 ], [ -123.29642722, 46.26170386 ], [ -123.29661622, 46.26160486 ], [ -123.29713922, 46.26144986 ], [ -123.29766522, 46.26134986 ], [ -123.29746322, 46.26125986 ], [ -123.29718422, 46.26108086 ], [ -123.29740622, 46.26082886 ], [ -123.29740222, 46.26074486 ], [ -123.29768822, 46.26110686 ], [ -123.29871422, 46.26089486 ], [ -123.29895122, 46.26058786 ], [ -123.29906922, 46.26038285 ], [ -123.29931323, 46.26036985 ], [ -123.29944423, 46.26064786 ], [ -123.29955323, 46.26085886 ], [ -123.29987723, 46.26074086 ], [ -123.30040023, 46.26056886 ], [ -123.30099023, 46.26043186 ] ] ] ] } }
]
}
