{
"type": "FeatureCollection",
"name": "yakima_ui_with_pop_centers",
"crs": { "type": "name", "properties": { "name": "urn:ogc:def:crs:OGC:1.3:CRS84" } },
"features": [
{ "type": "Feature", "properties": { "pop_centers": "Ahtanum CDP,Buena CDP,Cliffdell CDP,Cowiche CDP,Donald CDP,Eschbach CDP,Gleed CDP,Grandview UGA,Granger UGA,Mabton UGA,Moxee UGA,Naches UGA,Nile CDP,Outlook CDP,Parker CDP,Selah UGA,Summitview CDP,Sunnyside UGA,Tampico CDP,Terrace Heights CDP,Tieton UGA,Toppenish UGA,Union Gap UGA,Wapato UGA,White Swan CDP,Yakima UGA,Zillah UGA" }, "geometry": { "type": "MultiPolygon", "coordinates": [ [ [ [ -120.7234599, 46.3894388 ], [ -120.7233059, 46.3890108 ], [ -120.7229749, 46.3887148 ], [ -120.7228399, 46.3884968 ], [ -120.7226379, 46.3881698 ], [ -120.7225789, 46.3880748 ], [ -120.7224999, 46.3880218 ], [ -120.7219839, 46.3876788 ], [ -120.7218129, 46.3875648 ], [ -120.7214459, 46.3873968 ], [ -120.7207289, 46.3870698 ], [ -120.7205619, 46.3866818 ], [ -120.7204639, 46.3864528 ], [ -120.7203329, 46.3863718 ], [ -120.7201669, 46.3862698 ], [ -120.7200629, 46.3862648 ], [ -120.7196389, 46.3862478 ], [ -120.7193089, 46.3863618 ], [ -120.7192139, 46.3864398 ], [ -120.7189849, 46.3866308 ], [ -120.7187649, 46.3866728 ], [ -120.7181079, 46.3867988 ], [ -120.7178889, 46.3868418 ], [ -120.7175259, 46.3864498 ], [ -120.7174239, 46.3861088 ], [ -120.7172969, 46.3833698 ], [ -120.7172549, 46.3824638 ], [ -120.7167719, 46.3824598 ], [ -120.7153259, 46.3824488 ], [ -120.7148439, 46.3824458 ], [ -120.7132519, 46.3824478 ], [ -120.7129659, 46.3824488 ], [ -120.7084789, 46.3824368 ], [ -120.7068879, 46.3824328 ], [ -120.7068849, 46.3823878 ], [ -120.7068789, 46.3822548 ], [ -120.7068769, 46.3822108 ], [ -120.7071669, 46.3822068 ], [ -120.7078689, 46.3819838 ], [ -120.7087199, 46.3814658 ], [ -120.7100239, 46.3810518 ], [ -120.7104229, 46.3805638 ], [ -120.7115479, 46.3801818 ], [ -120.7120818, 46.3798068 ], [ -120.7123448, 46.3794038 ], [ -120.7130538, 46.3789548 ], [ -120.7132798, 46.3786088 ], [ -120.7153108, 46.3771438 ], [ -120.7157678, 46.3769558 ], [ -120.7164008, 46.3769708 ], [ -120.7172838, 46.3765238 ], [ -120.7174388, 46.3762118 ], [ -120.7184273, 46.3761273 ], [ -120.7192298, 46.3758188 ], [ -120.7196238, 46.3759888 ], [ -120.7198548, 46.3762458 ], [ -120.7202898, 46.3764678 ], [ -120.7208868, 46.3765098 ], [ -120.7214828, 46.3761838 ], [ -120.7214848, 46.3762458 ], [ -120.7216308, 46.3762508 ], [ -120.7217158, 46.3762548 ], [ -120.7218438, 46.3762598 ], [ -120.7219068, 46.3762298 ], [ -120.7220548, 46.3761858 ], [ -120.7221598, 46.3761278 ], [ -120.7221833, 46.3760733 ], [ -120.7222018, 46.3760108 ], [ -120.7222018, 46.3759228 ], [ -120.7221518, 46.3758798 ], [ -120.7224038, 46.3758198 ], [ -120.7230058, 46.3759048 ], [ -120.7233088, 46.3759488 ], [ -120.7235658, 46.3757988 ], [ -120.7240528, 46.3759038 ], [ -120.7243308, 46.3760378 ], [ -120.7247828, 46.3760928 ], [ -120.7248128, 46.3759008 ], [ -120.7244208, 46.3757278 ], [ -120.7244358, 46.3756148 ], [ -120.7244498, 46.3755228 ], [ -120.7249868, 46.3753508 ], [ -120.7251468, 46.3752148 ], [ -120.7253968, 46.3752168 ], [ -120.7258428, 46.3752228 ], [ -120.7261398, 46.3752198 ], [ -120.7263883, 46.3752308 ], [ -120.7266253, 46.3752533 ], [ -120.7269028, 46.3752948 ], [ -120.7271308, 46.3753418 ], [ -120.7273408, 46.3753978 ], [ -120.7274078, 46.3754158 ], [ -120.7275698, 46.3754688 ], [ -120.7276228, 46.3754088 ], [ -120.7276708, 46.3753558 ], [ -120.7277408, 46.3752928 ], [ -120.7278108, 46.3752508 ], [ -120.7278818, 46.3752328 ], [ -120.7279378, 46.3752188 ], [ -120.7280588, 46.3752068 ], [ -120.7288218, 46.3752068 ], [ -120.7316488, 46.3752078 ], [ -120.7325918, 46.3752088 ], [ -120.7326278, 46.3739088 ], [ -120.7327378, 46.3700118 ], [ -120.7327748, 46.3687138 ], [ -120.7331848, 46.3686398 ], [ -120.7335488, 46.3684108 ], [ -120.7345058, 46.3684118 ], [ -120.7346358, 46.3683098 ], [ -120.7347698, 46.3682058 ], [ -120.7352658, 46.3680458 ], [ -120.7355298, 46.3678168 ], [ -120.7361898, 46.3677488 ], [ -120.7370818, 46.3679308 ], [ -120.7372798, 46.3678618 ], [ -120.7376108, 46.3672458 ], [ -120.7380068, 46.3669948 ], [ -120.7385688, 46.3668118 ], [ -120.7388978, 46.3660568 ], [ -120.7393088, 46.3657718 ], [ -120.7395588, 46.3655998 ], [ -120.7401198, 46.3655098 ], [ -120.7406158, 46.3651888 ], [ -120.7408468, 46.3649148 ], [ -120.7409798, 46.3648508 ], [ -120.7413498, 46.3643818 ], [ -120.7417128, 46.3640338 ], [ -120.7436208, 46.3622088 ], [ -120.7440198, 46.3616808 ], [ -120.7442538, 46.3613718 ], [ -120.7445918, 46.3607438 ], [ -120.7446858, 46.3606438 ], [ -120.7454858, 46.3604998 ], [ -120.7458263, 46.3604133 ], [ -120.7459908, 46.3601948 ], [ -120.7458628, 46.3592048 ], [ -120.7461758, 46.3589287 ], [ -120.7462648, 46.3586138 ], [ -120.7462088, 46.3584398 ], [ -120.7464938, 46.3580628 ], [ -120.7469158, 46.3578778 ], [ -120.7476228, 46.3578138 ], [ -120.7478658, 46.3577928 ], [ -120.7487608, 46.3572557 ], [ -120.7491088, 46.3572367 ], [ -120.7500068, 46.3566617 ], [ -120.7510638, 46.3559857 ], [ -120.7517077, 46.3555367 ], [ -120.7528107, 46.3544387 ], [ -120.7533687, 46.3541087 ], [ -120.7537147, 46.3539057 ], [ -120.7541607, 46.3531867 ], [ -120.7543177, 46.3531267 ], [ -120.7543137, 46.3537997 ], [ -120.7543107, 46.3544607 ], [ -120.7543167, 46.3558207 ], [ -120.7543207, 46.3564947 ], [ -120.7543207, 46.3566307 ], [ -120.7543227, 46.3570457 ], [ -120.7543237, 46.3571757 ], [ -120.7543338, 46.3589427 ], [ -120.7543358, 46.3592237 ], [ -120.7543808, 46.3644877 ], [ -120.7543808, 46.3653677 ], [ -120.7543808, 46.3674167 ], [ -120.7543808, 46.3682778 ], [ -120.7543808, 46.3708608 ], [ -120.7543808, 46.3717228 ], [ -120.7543948, 46.3729158 ], [ -120.7543968, 46.3730768 ], [ -120.7544648, 46.3771398 ], [ -120.7544748, 46.3776938 ], [ -120.7544818, 46.3784948 ], [ -120.7544878, 46.3791708 ], [ -120.7544978, 46.3800768 ], [ -120.7545168, 46.3811988 ], [ -120.7545188, 46.3812838 ], [ -120.7545508, 46.3815088 ], [ -120.7545768, 46.3816148 ], [ -120.7545868, 46.3817078 ], [ -120.7545748, 46.3818688 ], [ -120.7545648, 46.3819918 ], [ -120.7545358, 46.3823638 ], [ -120.7545268, 46.3824878 ], [ -120.7545248, 46.3825688 ], [ -120.7545178, 46.3828118 ], [ -120.7545168, 46.3828938 ], [ -120.7545078, 46.3832168 ], [ -120.7544968, 46.3836868 ], [ -120.7545008, 46.3841878 ], [ -120.7545048, 46.3845118 ], [ -120.7544228, 46.3845228 ], [ -120.7541758, 46.3845588 ], [ -120.7540948, 46.3845708 ], [ -120.7535858, 46.3846148 ], [ -120.7531738, 46.3847478 ], [ -120.7528558, 46.3847458 ], [ -120.7524428, 46.3844758 ], [ -120.7522898, 46.3843758 ], [ -120.7517478, 46.3843278 ], [ -120.7517669, 46.3846908 ], [ -120.7509759, 46.3848128 ], [ -120.7505329, 46.3849378 ], [ -120.7502169, 46.3856628 ], [ -120.7497849, 46.3861618 ], [ -120.7495319, 46.3862518 ], [ -120.7489599, 46.3860888 ], [ -120.7488189, 46.3856288 ], [ -120.7487309, 46.3855478 ], [ -120.7486949, 46.3855138 ], [ -120.7476469, 46.3857828 ], [ -120.7472649, 46.3856878 ], [ -120.7472769, 46.3854588 ], [ -120.7467489, 46.3855728 ], [ -120.7463529, 46.3858708 ], [ -120.7460799, 46.3858608 ], [ -120.7450649, 46.3858258 ], [ -120.7444699, 46.3855968 ], [ -120.7439089, 46.3856658 ], [ -120.7438099, 46.3860088 ], [ -120.7436449, 46.3861228 ], [ -120.7432819, 46.3861238 ], [ -120.7429849, 46.3858948 ], [ -120.7426549, 46.3859408 ], [ -120.7426099, 46.3860028 ], [ -120.7425229, 46.3861238 ], [ -120.7423579, 46.3871068 ], [ -120.7422159, 46.3871858 ], [ -120.7419439, 46.3873348 ], [ -120.7418629, 46.3873808 ], [ -120.7415339, 46.3878608 ], [ -120.7413099, 46.3879838 ], [ -120.7410389, 46.3881348 ], [ -120.7406049, 46.3882048 ], [ -120.7405019, 46.3885018 ], [ -120.7397989, 46.3888468 ], [ -120.7394269, 46.3894878 ], [ -120.7387259, 46.3897418 ], [ -120.7387099, 46.3897858 ], [ -120.7385199, 46.3903148 ], [ -120.7383519, 46.3904748 ], [ -120.7377179, 46.3907048 ], [ -120.7375089, 46.3914158 ], [ -120.7370729, 46.3917818 ], [ -120.7364049, 46.3920808 ], [ -120.7353709, 46.3923568 ], [ -120.7345999, 46.3929078 ], [ -120.7335319, 46.3931858 ], [ -120.7324629, 46.3936908 ], [ -120.7310969, 46.3939928 ], [ -120.7307949, 46.3940598 ], [ -120.7295569, 46.3947028 ], [ -120.7290229, 46.3948418 ], [ -120.7282159, 46.3947328 ], [ -120.7282239, 46.3932048 ], [ -120.7282309, 46.3918988 ], [ -120.7282519, 46.3911688 ], [ -120.7282539, 46.3896578 ], [ -120.7281959, 46.3886248 ], [ -120.7281119, 46.3870998 ], [ -120.7281089, 46.3870498 ], [ -120.7281009, 46.3869008 ], [ -120.7280989, 46.3868518 ], [ -120.7278829, 46.3868218 ], [ -120.7272239, 46.3868468 ], [ -120.7270449, 46.3869308 ], [ -120.7267889, 46.3870538 ], [ -120.7264459, 46.3877428 ], [ -120.7260509, 46.3881098 ], [ -120.7248639, 46.3885488 ], [ -120.7245439, 46.3887298 ], [ -120.7243379, 46.3888478 ], [ -120.7241749, 46.3893068 ], [ -120.7239329, 46.3895598 ], [ -120.7238799, 46.3895958 ], [ -120.7237209, 46.3897058 ], [ -120.7236689, 46.3897428 ], [ -120.7235369, 46.3896508 ], [ -120.7234599, 46.3894388 ] ] ], [ [ [ -120.8894139, 46.5481139 ], [ -120.8892339, 46.5480269 ], [ -120.8887589, 46.5477969 ], [ -120.8887279, 46.5477349 ], [ -120.8886389, 46.5475569 ], [ -120.8882139, 46.5474459 ], [ -120.8879499, 46.5473769 ], [ -120.8875559, 46.5471279 ], [ -120.8871419, 46.5467249 ], [ -120.8870659, 46.5466509 ], [ -120.8869709, 46.5463329 ], [ -120.8866889, 46.5462669 ], [ -120.8865739, 46.5462409 ], [ -120.8859284, 46.5458184 ], [ -120.8857859, 46.5455939 ], [ -120.8854329, 46.5454869 ], [ -120.8843749, 46.5451679 ], [ -120.8840079, 46.5450574 ], [ -120.8837349, 46.5448999 ], [ -120.8830659, 46.5445039 ], [ -120.8829259, 46.5443409 ], [ -120.8827119, 46.5440899 ], [ -120.8813499, 46.5439249 ], [ -120.8802509, 46.5437929 ], [ -120.8774699, 46.5426459 ], [ -120.8762019, 46.5421229 ], [ -120.8751989, 46.5417599 ], [ -120.8744699, 46.5416229 ], [ -120.8737749, 46.5416919 ], [ -120.8733449, 46.5418519 ], [ -120.8727819, 46.5424009 ], [ -120.8724519, 46.5431089 ], [ -120.8722579, 46.5432129 ], [ -120.8721539, 46.5432699 ], [ -120.8718559, 46.5431099 ], [ -120.8714889, 46.5410759 ], [ -120.8712569, 46.5406649 ], [ -120.8707929, 46.5396369 ], [ -120.8700969, 46.5392029 ], [ -120.8684409, 46.5387009 ], [ -120.8677119, 46.5385409 ], [ -120.8664199, 46.5385889 ], [ -120.8656919, 46.5389089 ], [ -120.8649639, 46.5396859 ], [ -120.8648649, 46.5400289 ], [ -120.8649329, 46.5413539 ], [ -120.8650319, 46.5415599 ], [ -120.8663579, 46.5424949 ], [ -120.8664599, 46.5426059 ], [ -120.8667559, 46.5429289 ], [ -120.8668889, 46.5432949 ], [ -120.8668559, 46.5437059 ], [ -120.8666569, 46.5440029 ], [ -120.8649019, 46.5436849 ], [ -120.8643719, 46.5437769 ], [ -120.8637429, 46.5443259 ], [ -120.8634799, 46.5442889 ], [ -120.8634119, 46.5442799 ], [ -120.8632769, 46.5441869 ], [ -120.8632129, 46.5441429 ], [ -120.8630599, 46.5440949 ], [ -120.862749, 46.5439959 ], [ -120.862497, 46.5439169 ], [ -120.862452, 46.5443719 ], [ -120.862253, 46.5443259 ], [ -120.86169, 46.5439149 ], [ -120.861358, 46.5435269 ], [ -120.85996, 46.5424049 ], [ -120.859337, 46.5419049 ], [ -120.858045, 46.5410369 ], [ -120.857746, 46.5409229 ], [ -120.856952, 46.5408779 ], [ -120.856587, 46.5409919 ], [ -120.856157, 46.5413579 ], [ -120.855694, 46.5419519 ], [ -120.855496, 46.5424779 ], [ -120.855132, 46.5427979 ], [ -120.8549, 46.5435979 ], [ -120.854602, 46.5436439 ], [ -120.854238, 46.5433689 ], [ -120.853741, 46.5425699 ], [ -120.853111, 46.5422039 ], [ -120.852448, 46.5415419 ], [ -120.852117, 46.5414279 ], [ -120.851927, 46.5415359 ], [ -120.85172, 46.5416559 ], [ -120.851422, 46.5419989 ], [ -120.851257, 46.5423879 ], [ -120.850595, 46.5428219 ], [ -120.850529, 46.5429819 ], [ -120.850662, 46.5437589 ], [ -120.8499855, 46.5441879 ], [ -120.84987, 46.5441484 ], [ -120.849579, 46.5440519 ], [ -120.849318, 46.5440259 ], [ -120.848122, 46.5439109 ], [ -120.847777, 46.5437969 ], [ -120.847715, 46.5437219 ], [ -120.847361, 46.5432969 ], [ -120.847281, 46.5419019 ], [ -120.847168, 46.5409449 ], [ -120.847037, 46.5405659 ], [ -120.846679, 46.5395269 ], [ -120.845928, 46.5385989 ], [ -120.845679, 46.5382829 ], [ -120.845453, 46.5378019 ], [ -120.84512, 46.5372669 ], [ -120.844633, 46.5368429 ], [ -120.844372, 46.5367919 ], [ -120.844265, 46.5367479 ], [ -120.843952, 46.5366769 ], [ -120.843402, 46.5364969 ], [ -120.842065, 46.5361879 ], [ -120.841933, 46.5360749 ], [ -120.841929, 46.5357829 ], [ -120.841872, 46.5351749 ], [ -120.841859, 46.5351239 ], [ -120.841834, 46.5350259 ], [ -120.841696, 46.5349329 ], [ -120.841309, 46.5348449 ], [ -120.840855, 46.5347179 ], [ -120.840798, 46.5345629 ], [ -120.840933, 46.5344589 ], [ -120.841468, 46.5343289 ], [ -120.841838, 46.5341069 ], [ -120.841833, 46.5337999 ], [ -120.841819, 46.5329329 ], [ -120.841779, 46.5303349 ], [ -120.841766, 46.5294689 ], [ -120.840925, 46.5294719 ], [ -120.840729, 46.5294739 ], [ -120.839536, 46.5294899 ], [ -120.838531, 46.5295069 ], [ -120.837619, 46.5295289 ], [ -120.836583, 46.5295559 ], [ -120.836598, 46.5293719 ], [ -120.836605, 46.5292869 ], [ -120.836729, 46.5288349 ], [ -120.836779, 46.5286579 ], [ -120.837128, 46.5275509 ], [ -120.837234, 46.5274479 ], [ -120.837925, 46.5267829 ], [ -120.840757, 46.5259019 ], [ -120.840865, 46.5258689 ], [ -120.841865, 46.5256399 ], [ -120.841853, 46.5254709 ], [ -120.841379, 46.5255719 ], [ -120.840783, 46.5256519 ], [ -120.840022, 46.5257549 ], [ -120.839492, 46.5257319 ], [ -120.837574, 46.5253399 ], [ -120.83681, 46.5251849 ], [ -120.836517, 46.5251009 ], [ -120.836545, 46.5250479 ], [ -120.836952, 46.5247409 ], [ -120.838319, 46.5237119 ], [ -120.838399, 46.5236529 ], [ -120.838696, 46.5232879 ], [ -120.838895, 46.5232869 ], [ -120.839031, 46.5232019 ], [ -120.839524, 46.5228989 ], [ -120.840011, 46.5227909 ], [ -120.840252, 46.5227389 ], [ -120.840318, 46.5226469 ], [ -120.841179, 46.5225789 ], [ -120.841444, 46.5223499 ], [ -120.841841, 46.5222589 ], [ -120.843165, 46.5223719 ], [ -120.847187, 46.5230489 ], [ -120.84737, 46.5230799 ], [ -120.847999, 46.5231019 ], [ -120.849257, 46.5230109 ], [ -120.850481, 46.5226669 ], [ -120.851011, 46.5224159 ], [ -120.85164, 46.5222329 ], [ -120.853195, 46.5220269 ], [ -120.853957, 46.5220259 ], [ -120.855546, 46.5225059 ], [ -120.858691, 46.5229159 ], [ -120.8605789, 46.5236919 ], [ -120.8610439, 46.5245369 ], [ -120.8612099, 46.5246739 ], [ -120.8624019, 46.5246739 ], [ -120.8633289, 46.5248559 ], [ -120.8644869, 46.5249699 ], [ -120.8651169, 46.5251759 ], [ -120.8656789, 46.5251519 ], [ -120.8672339, 46.5248229 ], [ -120.8676319, 46.5247399 ], [ -120.8685589, 46.5247399 ], [ -120.8691219, 46.5248769 ], [ -120.8694869, 46.5253559 ], [ -120.8695199, 46.5256749 ], [ -120.8697519, 46.5259039 ], [ -120.8723349, 46.5262449 ], [ -120.8735459, 46.5265999 ], [ -120.8739239, 46.5263589 ], [ -120.8740829, 46.5263269 ], [ -120.8753139, 46.5260839 ], [ -120.8757449, 46.5256989 ], [ -120.8762019, 46.5252929 ], [ -120.8781189, 46.5250079 ], [ -120.8783419, 46.5249059 ], [ -120.8795769, 46.5243459 ], [ -120.8806369, 46.5240269 ], [ -120.8809349, 46.5237749 ], [ -120.8811339, 46.5232039 ], [ -120.8818959, 46.5229069 ], [ -120.8822599, 46.5224049 ], [ -120.8830219, 46.5222449 ], [ -120.8838299, 46.5219099 ], [ -120.8840159, 46.5218339 ], [ -120.8849209, 46.5216759 ], [ -120.8859689, 46.5214929 ], [ -120.8866739, 46.5214669 ], [ -120.8871939, 46.5213329 ], [ -120.8887829, 46.5212879 ], [ -120.8891799, 46.5211739 ], [ -120.8893209, 46.5209259 ], [ -120.8894788, 46.5206489 ], [ -120.8899648, 46.5205809 ], [ -120.8904718, 46.5205119 ], [ -120.8911338, 46.5202379 ], [ -120.8922598, 46.5201699 ], [ -120.8923298, 46.5201438 ], [ -120.8930208, 46.5198959 ], [ -120.8930728, 46.5198269 ], [ -120.8932208, 46.5198204 ], [ -120.8934868, 46.5198069 ], [ -120.8942298, 46.5197719 ], [ -120.8944778, 46.5197599 ], [ -120.8945008, 46.5199589 ], [ -120.8945078, 46.5200119 ], [ -120.8948488, 46.5204409 ], [ -120.8949748, 46.5205989 ], [ -120.8951298, 46.5207899 ], [ -120.8956348, 46.5211249 ], [ -120.8961258, 46.5214519 ], [ -120.8977178, 46.5222519 ], [ -120.8978768, 46.5223489 ], [ -120.8986028, 46.5227969 ], [ -120.8988448, 46.5227999 ], [ -120.9001358, 46.5228419 ], [ -120.9047368, 46.5229929 ], [ -120.9051678, 46.5230079 ], [ -120.9051058, 46.5241099 ], [ -120.9051868, 46.5245719 ], [ -120.9054328, 46.5259579 ], [ -120.9055148, 46.5264199 ], [ -120.9055038, 46.5271549 ], [ -120.9054728, 46.5293619 ], [ -120.9054633, 46.5301159 ], [ -120.9054738, 46.5308209 ], [ -120.9055088, 46.5329929 ], [ -120.9055208, 46.5337169 ], [ -120.9055268, 46.5341159 ], [ -120.9055458, 46.5353128 ], [ -120.9055528, 46.5357119 ], [ -120.9055578, 46.5360509 ], [ -120.9055738, 46.5370709 ], [ -120.9055758, 46.5372399 ], [ -120.8963838, 46.5372419 ], [ -120.8967478, 46.5374249 ], [ -120.8969798, 46.5377449 ], [ -120.8969458, 46.5382249 ], [ -120.8967138, 46.5384299 ], [ -120.8961508, 46.5386129 ], [ -120.8953218, 46.5398459 ], [ -120.8954208, 46.5402349 ], [ -120.8956018, 46.5403909 ], [ -120.8958188, 46.5405779 ], [ -120.8957188, 46.5407149 ], [ -120.8952218, 46.5408979 ], [ -120.8948908, 46.5412399 ], [ -120.8945068, 46.5419429 ], [ -120.8940258, 46.5428269 ], [ -120.8937268, 46.5432579 ], [ -120.8930338, 46.5437919 ], [ -120.8927308, 46.5440269 ], [ -120.8924998, 46.5443759 ], [ -120.8922788, 46.5448519 ], [ -120.8922588, 46.5448969 ], [ -120.8921388, 46.5451779 ], [ -120.8921808, 46.5453849 ], [ -120.8925208, 46.5455239 ], [ -120.8930108, 46.5455219 ], [ -120.8931578, 46.5454909 ], [ -120.8936208, 46.5453979 ], [ -120.8936678, 46.5454229 ], [ -120.8937978, 46.5454909 ], [ -120.8938258, 46.5456039 ], [ -120.8935968, 46.5458009 ], [ -120.8933868, 46.5459389 ], [ -120.8931918, 46.5468329 ], [ -120.8931918, 46.5469639 ], [ -120.8932548, 46.5470999 ], [ -120.8927878, 46.5473389 ], [ -120.8945618, 46.5485049 ], [ -120.8985738, 46.5514739 ], [ -120.9024318, 46.5515359 ], [ -120.9024748, 46.5560149 ], [ -120.9013128, 46.5556149 ], [ -120.9008538, 46.5554569 ], [ -120.9006678, 46.5555399 ], [ -120.9006898, 46.5556919 ], [ -120.9007058, 46.5558009 ], [ -120.9007218, 46.5559099 ], [ -120.9005698, 46.5560749 ], [ -120.9004958, 46.5561579 ], [ -120.8995498, 46.5557529 ], [ -120.8987328, 46.5553249 ], [ -120.8984578, 46.5551809 ], [ -120.8977288, 46.5546089 ], [ -120.8972658, 46.5537409 ], [ -120.8952798, 46.5523919 ], [ -120.8941978, 46.5518109 ], [ -120.8940878, 46.5517519 ], [ -120.8935628, 46.5513929 ], [ -120.8925808, 46.5507219 ], [ -120.8924243, 46.5506199 ], [ -120.8920558, 46.5501259 ], [ -120.8919358, 46.5499659 ], [ -120.8915528, 46.5494539 ], [ -120.8913408, 46.5491689 ], [ -120.8904138, 46.5485979 ], [ -120.8899888, 46.5483919 ], [ -120.8894139, 46.5481139 ] ] ], [ [ [ -120.6273969, 46.6563533 ], [ -120.6274057, 46.6563869 ], [ -120.6274127, 46.6564125 ], [ -120.6274127, 46.6564136 ], [ -120.6274127, 46.6565123 ], [ -120.6274042, 46.6565528 ], [ -120.6273972, 46.6565877 ], [ -120.6273727, 46.6566992 ], [ -120.6274036, 46.6567673 ], [ -120.6274121, 46.656786 ], [ -120.627424, 46.6568026 ], [ -120.6274839, 46.6568853 ], [ -120.6274836, 46.6568864 ], [ -120.6274764, 46.6569087 ], [ -120.6274519, 46.6569841 ], [ -120.6274279, 46.6570663 ], [ -120.6273875, 46.6570941 ], [ -120.6273482, 46.6571223 ], [ -120.6272367, 46.6571334 ], [ -120.6271331, 46.6571267 ], [ -120.6270625, 46.6571084 ], [ -120.6269819, 46.6570879 ], [ -120.6269463, 46.6570749 ], [ -120.6268462, 46.6570397 ], [ -120.6267514, 46.6569867 ], [ -120.6266954, 46.6569561 ], [ -120.6265362, 46.6568409 ], [ -120.6264886, 46.6567532 ], [ -120.6264806, 46.6567303 ], [ -120.626441, 46.6566173 ], [ -120.626377, 46.6564856 ], [ -120.6263535, 46.6564516 ], [ -120.6263296, 46.6564187 ], [ -120.6261969, 46.6563059 ], [ -120.6261571, 46.6562637 ], [ -120.626109, 46.6562144 ], [ -120.6260289, 46.6560057 ], [ -120.6260212, 46.65583 ], [ -120.6260212, 46.6558291 ], [ -120.6260687, 46.6556863 ], [ -120.6261165, 46.6556425 ], [ -120.6261412, 46.6556493 ], [ -120.6262247, 46.6556705 ], [ -120.6264176, 46.6557619 ], [ -120.6265694, 46.6557875 ], [ -120.6266732, 46.6558301 ], [ -120.6267205, 46.6558851 ], [ -120.626768, 46.6559355 ], [ -120.6268258, 46.6559947 ], [ -120.6268398, 46.6560075 ], [ -120.6269751, 46.6560789 ], [ -120.6269994, 46.6560883 ], [ -120.627119, 46.6561319 ], [ -120.627178, 46.6561667 ], [ -120.6272378, 46.6561997 ], [ -120.6273253, 46.6562601 ], [ -120.6273969, 46.6563533 ] ] ], [ [ [ -120.6274436, 46.657448 ], [ -120.6274678, 46.6573992 ], [ -120.6275394, 46.6573511 ], [ -120.6275481, 46.6573487 ], [ -120.6276268, 46.6573241 ], [ -120.62769, 46.6573193 ], [ -120.6276986, 46.6573184 ], [ -120.6277938, 46.6573564 ], [ -120.6279095, 46.6574535 ], [ -120.6283986, 46.6578619 ], [ -120.628471, 46.6579224 ], [ -120.6287352, 46.6582501 ], [ -120.628653, 46.6583117 ], [ -120.6286233, 46.6583117 ], [ -120.6285895, 46.6583134 ], [ -120.6284379, 46.6583957 ], [ -120.6283265, 46.6584069 ], [ -120.6282754, 46.6583647 ], [ -120.6282706, 46.6583609 ], [ -120.6281593, 46.6582347 ], [ -120.6280718, 46.6581139 ], [ -120.62805, 46.6580873 ], [ -120.628, 46.6580267 ], [ -120.6279732, 46.6580061 ], [ -120.6278968, 46.6579495 ], [ -120.6277536, 46.6578735 ], [ -120.6276895, 46.6578403 ], [ -120.6276036, 46.6577697 ], [ -120.6275547, 46.6577299 ], [ -120.6275308, 46.6576531 ], [ -120.627508, 46.6576276 ], [ -120.6274673, 46.6575836 ], [ -120.6274452, 46.6575453 ], [ -120.6274274, 46.6575159 ], [ -120.6274347, 46.6574858 ], [ -120.6274436, 46.657448 ] ] ], [ [ [ -120.6293072, 46.6593877 ], [ -120.6292812, 46.6592389 ], [ -120.6292814, 46.6592377 ], [ -120.6292813, 46.6592367 ], [ -120.6292901, 46.6592052 ], [ -120.6292972, 46.6591785 ], [ -120.6293451, 46.6590799 ], [ -120.6293797, 46.6590521 ], [ -120.6293811, 46.659051 ], [ -120.6301367, 46.6599881 ], [ -120.63052, 46.6604482 ], [ -120.6304468, 46.6604615 ], [ -120.6303227, 46.6604823 ], [ -120.6301236, 46.6604781 ], [ -120.6299254, 46.6604379 ], [ -120.6298255, 46.6604044 ], [ -120.629726, 46.6603687 ], [ -120.62965, 46.6603164 ], [ -120.6295908, 46.6602736 ], [ -120.6294794, 46.6601364 ], [ -120.6294234, 46.6599777 ], [ -120.6293836, 46.6597832 ], [ -120.6293362, 46.6595798 ], [ -120.6293132, 46.6594219 ], [ -120.6293072, 46.6593877 ] ] ], [ [ [ -120.6331825, 46.662245 ], [ -120.6331409, 46.6622239 ], [ -120.6331158, 46.6622053 ], [ -120.6329263, 46.6620661 ], [ -120.6327907, 46.6619553 ], [ -120.6327851, 46.6619478 ], [ -120.6327117, 46.6618502 ], [ -120.6326238, 46.6617449 ], [ -120.6325364, 46.6616351 ], [ -120.6324885, 46.6615217 ], [ -120.6324863, 46.6614988 ], [ -120.6341157, 46.6618541 ], [ -120.6346367, 46.6620221 ], [ -120.6362256, 46.6632169 ], [ -120.635944, 46.6631365 ], [ -120.6357192, 46.6630827 ], [ -120.6355934, 46.6630531 ], [ -120.635411, 46.6630136 ], [ -120.6350359, 46.6629333 ], [ -120.6346852, 46.662845 ], [ -120.6346042, 46.6628226 ], [ -120.6344387, 46.6627783 ], [ -120.6341999, 46.6626795 ], [ -120.6339626, 46.6625705 ], [ -120.6338649, 46.6625265 ], [ -120.6333795, 46.6623455 ], [ -120.6331825, 46.662245 ] ] ], [ [ [ -120.6385791, 46.6643815 ], [ -120.6385924, 46.6643663 ], [ -120.6386033, 46.6643525 ], [ -120.6386266, 46.664326 ], [ -120.6386461, 46.6643264 ], [ -120.6395695, 46.6645414 ], [ -120.6395586, 46.6645575 ], [ -120.6395029, 46.6646013 ], [ -120.6394709, 46.6646179 ], [ -120.6393355, 46.6646287 ], [ -120.6391171, 46.6646028 ], [ -120.6390569, 46.6645957 ], [ -120.6388417, 46.6645464 ], [ -120.6386743, 46.6644709 ], [ -120.6386496, 46.6644493 ], [ -120.6386267, 46.6644311 ], [ -120.638605, 46.6644085 ], [ -120.6385789, 46.6643834 ], [ -120.6385798, 46.6643823 ], [ -120.6385791, 46.6643815 ] ] ], [ [ [ -120.6421782, 46.6656663 ], [ -120.6422978, 46.6656335 ], [ -120.6424138, 46.6656294 ], [ -120.6422361, 46.6659292 ], [ -120.6422174, 46.6658985 ], [ -120.6421702, 46.6657714 ], [ -120.6421702, 46.6657707 ], [ -120.6421738, 46.6657234 ], [ -120.642178, 46.6656682 ], [ -120.6421782, 46.6656663 ] ] ], [ [ [ -120.6470726, 46.6709393 ], [ -120.6469938, 46.6708792 ], [ -120.6469612, 46.6708291 ], [ -120.646912, 46.6707744 ], [ -120.6468661, 46.6707243 ], [ -120.6467626, 46.6706419 ], [ -120.6467165, 46.6705784 ], [ -120.6466911, 46.6705445 ], [ -120.646643, 46.6704444 ], [ -120.6466039, 46.6703357 ], [ -120.6466035, 46.6703347 ], [ -120.6466004, 46.6702795 ], [ -120.646595, 46.6701915 ], [ -120.6465797, 46.6700563 ], [ -120.6465719, 46.6699076 ], [ -120.6465641, 46.6697769 ], [ -120.6465641, 46.6697755 ], [ -120.6466596, 46.6698303 ], [ -120.6467551, 46.6699071 ], [ -120.6468506, 46.6699785 ], [ -120.6470019, 46.6700771 ], [ -120.6471293, 46.6701649 ], [ -120.6472488, 46.6702473 ], [ -120.6473516, 46.6703283 ], [ -120.6474447, 46.6705371 ], [ -120.6476106, 46.6711285 ], [ -120.6476031, 46.6711247 ], [ -120.6475031, 46.6710755 ], [ -120.6473437, 46.6710261 ], [ -120.6472562, 46.6709987 ], [ -120.6471905, 46.6709825 ], [ -120.6471449, 46.6709723 ], [ -120.6470726, 46.6709393 ] ] ], [ [ [ -120.7180217, 46.6801901 ], [ -120.7177807, 46.6801721 ], [ -120.7175777, 46.6801701 ], [ -120.7168317, 46.6801731 ], [ -120.7123487, 46.6801431 ], [ -120.7119657, 46.6801411 ], [ -120.7103257, 46.6801541 ], [ -120.7103257, 46.6794251 ], [ -120.7103257, 46.6772391 ], [ -120.7103177, 46.6765096 ], [ -120.7101577, 46.6764801 ], [ -120.7099347, 46.6764031 ], [ -120.7097037, 46.6762831 ], [ -120.7093687, 46.6760911 ], [ -120.7091617, 46.6759761 ], [ -120.7089707, 46.6758721 ], [ -120.7088587, 46.6758171 ], [ -120.7087707, 46.6758001 ], [ -120.7085237, 46.6757791 ], [ -120.7084527, 46.6757571 ], [ -120.7084047, 46.6757181 ], [ -120.7083567, 46.6756741 ], [ -120.7082852, 46.6756336 ], [ -120.7081657, 46.6756311 ], [ -120.7080857, 46.6756471 ], [ -120.7079987, 46.6756581 ], [ -120.7079107, 46.6756631 ], [ -120.7077837, 46.6756691 ], [ -120.7075837, 46.6756471 ], [ -120.7074967, 46.6756251 ], [ -120.7074007, 46.6755981 ], [ -120.7073047, 46.6755701 ], [ -120.7071857, 46.6755101 ], [ -120.7070737, 46.6754391 ], [ -120.7069307, 46.6753401 ], [ -120.7067397, 46.6752141 ], [ -120.7066197, 46.6751541 ], [ -120.7065427, 46.6751301 ], [ -120.7064767, 46.6751101 ], [ -120.7063647, 46.6750711 ], [ -120.7062617, 46.6750281 ], [ -120.7061257, 46.6749341 ], [ -120.7060457, 46.6748646 ], [ -120.7059427, 46.6747701 ], [ -120.7058627, 46.6746881 ], [ -120.7057987, 46.6746161 ], [ -120.7057517, 46.6745451 ], [ -120.7057277, 46.6744851 ], [ -120.7056957, 46.6744131 ], [ -120.7056637, 46.6743701 ], [ -120.7056077, 46.6743311 ], [ -120.7055197, 46.6742761 ], [ -120.7054727, 46.6742491 ], [ -120.7054247, 46.6742001 ], [ -120.7053687, 46.6741561 ], [ -120.7053047, 46.6741231 ], [ -120.7052097, 46.6741121 ], [ -120.7051057, 46.6741061 ], [ -120.7049947, 46.6740901 ], [ -120.7048907, 46.6740631 ], [ -120.7046037, 46.6740021 ], [ -120.7044527, 46.6739691 ], [ -120.7043007, 46.6739641 ], [ -120.7041657, 46.6739421 ], [ -120.7040377, 46.6739261 ], [ -120.7038547, 46.6738761 ], [ -120.7037037, 46.6738211 ], [ -120.7034967, 46.6737231 ], [ -120.7033367, 46.6736411 ], [ -120.7031697, 46.6735581 ], [ -120.7030187, 46.6734601 ], [ -120.7028987, 46.6733831 ], [ -120.7028107, 46.6733121 ], [ -120.7027797, 46.6732681 ], [ -120.7027157, 46.6731911 ], [ -120.7026917, 46.6731251 ], [ -120.7026757, 46.6730871 ], [ -120.7026437, 46.6730101 ], [ -120.7026117, 46.6729441 ], [ -120.7025557, 46.6729001 ], [ -120.7024767, 46.6728461 ], [ -120.7023487, 46.6727911 ], [ -120.7022217, 46.6727411 ], [ -120.7020617, 46.6726651 ], [ -120.7019267, 46.6725881 ], [ -120.7016957, 46.6724291 ], [ -120.7015677, 46.6723191 ], [ -120.7013847, 46.6721771 ], [ -120.7011777, 46.6720181 ], [ -120.7010737, 46.6719191 ], [ -120.7009627, 46.6717651 ], [ -120.7008347, 46.6716341 ], [ -120.7007397, 46.6715291 ], [ -120.7006677, 46.6714581 ], [ -120.7006117, 46.6714091 ], [ -120.7004607, 46.6712551 ], [ -120.7003967, 46.6711621 ], [ -120.7003647, 46.6710801 ], [ -120.7003647, 46.6710251 ], [ -120.7003407, 46.6709371 ], [ -120.7003407, 46.6708721 ], [ -120.7003327, 46.6707511 ], [ -120.7003087, 46.6706411 ], [ -120.7002377, 46.6705261 ], [ -120.7001497, 46.6704111 ], [ -120.7000457, 46.6703011 ], [ -120.6998947, 46.6701531 ], [ -120.6998072, 46.6700466 ], [ -120.6996957, 46.6699341 ], [ -120.6995917, 46.6698241 ], [ -120.6995047, 46.6697201 ], [ -120.6994247, 46.6696101 ], [ -120.6993687, 46.6694571 ], [ -120.6993207, 46.6693091 ], [ -120.6992567, 46.6691551 ], [ -120.6992257, 46.6690341 ], [ -120.6991937, 46.6688591 ], [ -120.6991777, 46.6687221 ], [ -120.6991697, 46.6686011 ], [ -120.6991537, 46.6684751 ], [ -120.6991697, 46.6683381 ], [ -120.6991857, 46.6682171 ], [ -120.6991937, 46.6681411 ], [ -120.6991937, 46.6678881 ], [ -120.6991927, 46.6677401 ], [ -120.6992007, 46.6676201 ], [ -120.6992247, 46.6674831 ], [ -120.6992327, 46.6672801 ], [ -120.6992167, 46.6671321 ], [ -120.6991927, 46.6670331 ], [ -120.6991687, 46.6669181 ], [ -120.6991457, 46.6668301 ], [ -120.6991257, 46.6667661 ], [ -120.6991057, 46.6666981 ], [ -120.6990497, 46.6665941 ], [ -120.6989937, 46.6665121 ], [ -120.6989147, 46.6664241 ], [ -120.6988427, 46.6663471 ], [ -120.6987147, 46.6661991 ], [ -120.6985797, 46.6660461 ], [ -120.6984597, 46.6659141 ], [ -120.6983727, 46.6658321 ], [ -120.6983087, 46.6657771 ], [ -120.6979977, 46.6655471 ], [ -120.6979347, 46.6654921 ], [ -120.6978947, 46.6654321 ], [ -120.6978547, 46.6653601 ], [ -120.6978307, 46.6652841 ], [ -120.6998487, 46.6652801 ], [ -120.6999177, 46.6653521 ], [ -120.6999977, 46.6654101 ], [ -120.7000897, 46.6654571 ], [ -120.7001927, 46.6654921 ], [ -120.7003027, 46.6655141 ], [ -120.7004237, 46.6655231 ], [ -120.7040517, 46.6655511 ], [ -120.7067327, 46.6655591 ], [ -120.7080367, 46.6655631 ], [ -120.7088357, 46.6655701 ], [ -120.7103567, 46.6655821 ], [ -120.7130027, 46.6655961 ], [ -120.7139047, 46.6656011 ], [ -120.7139697, 46.6655991 ], [ -120.7140347, 46.6656011 ], [ -120.7145917, 46.6656031 ], [ -120.7184707, 46.6656231 ], [ -120.7193607, 46.6656251 ], [ -120.7209507, 46.6656311 ], [ -120.7209457, 46.6664261 ], [ -120.7209377, 46.6681241 ], [ -120.7209417, 46.6688131 ], [ -120.7209467, 46.6696091 ], [ -120.7209567, 46.6710801 ], [ -120.7209097, 46.6728436 ], [ -120.7208587, 46.6752311 ], [ -120.7208517, 46.6755791 ], [ -120.7208467, 46.6758011 ], [ -120.7208767, 46.6777871 ], [ -120.7213547, 46.6782881 ], [ -120.7214507, 46.6783881 ], [ -120.7228647, 46.6797151 ], [ -120.7233707, 46.6801901 ], [ -120.7243927, 46.6812791 ], [ -120.7246167, 46.6815181 ], [ -120.7243967, 46.6816891 ], [ -120.7241817, 46.6815411 ], [ -120.7238917, 46.6813701 ], [ -120.7236457, 46.6812471 ], [ -120.7228807, 46.6809141 ], [ -120.7226097, 46.6807971 ], [ -120.7212157, 46.6801841 ], [ -120.7211507, 46.6801851 ], [ -120.7209777, 46.6801896 ], [ -120.7208937, 46.6801941 ], [ -120.7207847, 46.6802111 ], [ -120.7205077, 46.6802801 ], [ -120.7204127, 46.6803051 ], [ -120.7202527, 46.6803461 ], [ -120.7200657, 46.6803811 ], [ -120.7198757, 46.6804051 ], [ -120.7196837, 46.6804171 ], [ -120.7194907, 46.6804181 ], [ -120.7192597, 46.6804031 ], [ -120.7191177, 46.6803851 ], [ -120.7184317, 46.6802636 ], [ -120.7182597, 46.6802261 ], [ -120.7180217, 46.6801901 ] ] ], [ [ [ -120.6477702, 46.6758739 ], [ -120.6477705, 46.675872 ], [ -120.647826, 46.6757517 ], [ -120.6479459, 46.6755382 ], [ -120.6479777, 46.6754407 ], [ -120.6479777, 46.6752651 ], [ -120.6479779, 46.6750953 ], [ -120.6479514, 46.6749821 ], [ -120.6479303, 46.6748945 ], [ -120.6479097, 46.6747821 ], [ -120.6478985, 46.6747223 ], [ -120.6478963, 46.6746912 ], [ -120.6478901, 46.6746145 ], [ -120.6478988, 46.6745761 ], [ -120.6479226, 46.6744701 ], [ -120.6479546, 46.6743715 ], [ -120.6480903, 46.6740203 ], [ -120.6481781, 46.6738121 ], [ -120.648226, 46.6736585 ], [ -120.6482963, 46.6735377 ], [ -120.6484037, 46.6738991 ], [ -120.6484517, 46.6745871 ], [ -120.6485117, 46.6762171 ], [ -120.648482, 46.6769623 ], [ -120.6484386, 46.6769073 ], [ -120.6482685, 46.6766659 ], [ -120.6482397, 46.6766253 ], [ -120.6481521, 46.6765157 ], [ -120.6480865, 46.67643 ], [ -120.6479288, 46.6762263 ], [ -120.647826, 46.6761162 ], [ -120.6478069, 46.676091 ], [ -120.64777, 46.6760439 ], [ -120.6477542, 46.6759725 ], [ -120.6477545, 46.6759707 ], [ -120.6477702, 46.6758739 ] ] ], [ [ [ -120.6525855, 46.6818973 ], [ -120.6524666, 46.6816883 ], [ -120.6524664, 46.6816879 ], [ -120.6523875, 46.6815737 ], [ -120.6523709, 46.6815533 ], [ -120.6522836, 46.6814469 ], [ -120.652188, 46.6813317 ], [ -120.6521238, 46.6812277 ], [ -120.6520289, 46.6810759 ], [ -120.651973, 46.6810029 ], [ -120.6518059, 46.6807834 ], [ -120.6517264, 46.6807011 ], [ -120.651726, 46.6807007 ], [ -120.6516705, 46.6805915 ], [ -120.6515953, 46.680522 ], [ -120.6519327, 46.6807201 ], [ -120.6524617, 46.6812181 ], [ -120.653422, 46.683096 ], [ -120.6534045, 46.6830746 ], [ -120.6533741, 46.6830385 ], [ -120.6532985, 46.6829508 ], [ -120.6532786, 46.6829279 ], [ -120.653199, 46.6827799 ], [ -120.6531114, 46.6826427 ], [ -120.653, 46.6825057 ], [ -120.6529203, 46.6823685 ], [ -120.6528812, 46.6822783 ], [ -120.6528725, 46.6822586 ], [ -120.6527849, 46.6821489 ], [ -120.6526813, 46.6820072 ], [ -120.6525855, 46.6818973 ] ] ], [ [ [ -120.7577334, 46.6985417 ], [ -120.7545414, 46.6985127 ], [ -120.7545304, 46.6950133 ], [ -120.7545304, 46.6950024 ], [ -120.7525985, 46.6949852 ], [ -120.752577, 46.6967243 ], [ -120.7523633, 46.6967207 ], [ -120.7517259, 46.69671 ], [ -120.7511047, 46.6966995 ], [ -120.7511212, 46.6955921 ], [ -120.7511307, 46.6949525 ], [ -120.7432613, 46.6948524 ], [ -120.7432613, 46.6948523 ], [ -120.7432615, 46.6947667 ], [ -120.7432615, 46.6947303 ], [ -120.743262, 46.6944987 ], [ -120.7432627, 46.6941902 ], [ -120.7432631, 46.6939625 ], [ -120.7441295, 46.6939607 ], [ -120.7441329, 46.6947194 ], [ -120.7444963, 46.694723 ], [ -120.7449106, 46.6947326 ], [ -120.7475438, 46.6947643 ], [ -120.7477411, 46.6947519 ], [ -120.7490598, 46.6947723 ], [ -120.7516719, 46.6947991 ], [ -120.7533248, 46.6948187 ], [ -120.7541217, 46.6948281 ], [ -120.7556168, 46.6948458 ], [ -120.7569939, 46.6948575 ], [ -120.7575126, 46.6948644 ], [ -120.7577459, 46.6948671 ], [ -120.757764, 46.6950329 ], [ -120.7577618, 46.6968008 ], [ -120.7577334, 46.6985417 ] ] ], [ [ [ -120.7444418, 46.7018027 ], [ -120.7441901, 46.7016867 ], [ -120.7437236, 46.7014089 ], [ -120.7432799, 46.7011559 ], [ -120.7429236, 46.7008365 ], [ -120.7428754, 46.7007932 ], [ -120.7427629, 46.7005237 ], [ -120.7427107, 46.7003985 ], [ -120.7424999, 46.7001129 ], [ -120.742075, 46.699935 ], [ -120.7419532, 46.6997484 ], [ -120.7418583, 46.6997109 ], [ -120.7418586, 46.70005 ], [ -120.7415455, 46.6998826 ], [ -120.7412224, 46.6995231 ], [ -120.7405039, 46.6993585 ], [ -120.7401475, 46.6994812 ], [ -120.739897, 46.6992009 ], [ -120.7400307, 46.6986464 ], [ -120.739697, 46.6984262 ], [ -120.7382895, 46.6984103 ], [ -120.7377834, 46.6984046 ], [ -120.7373665, 46.6983999 ], [ -120.7366272, 46.6977124 ], [ -120.7366224, 46.6971887 ], [ -120.7366132, 46.6965778 ], [ -120.7366121, 46.6959041 ], [ -120.7366118, 46.6957216 ], [ -120.7366104, 46.6948655 ], [ -120.7366179, 46.6947598 ], [ -120.7354833, 46.6947569 ], [ -120.7353638, 46.6947009 ], [ -120.7356052, 46.694703 ], [ -120.7359285, 46.6947058 ], [ -120.7360435, 46.6947054 ], [ -120.7366151, 46.6947037 ], [ -120.7392059, 46.6946958 ], [ -120.7417643, 46.694688 ], [ -120.7418535, 46.6946878 ], [ -120.7418535, 46.6946877 ], [ -120.741853, 46.694602 ], [ -120.7418536, 46.6944694 ], [ -120.7419124, 46.6944991 ], [ -120.7422896, 46.6946937 ], [ -120.7425592, 46.6948327 ], [ -120.7426114, 46.6948596 ], [ -120.7429563, 46.6950376 ], [ -120.7424739, 46.6950355 ], [ -120.7447929, 46.6961904 ], [ -120.7463673, 46.6969745 ], [ -120.7486901, 46.6981312 ], [ -120.7491551, 46.6983628 ], [ -120.7495193, 46.6985441 ], [ -120.7496418, 46.6986051 ], [ -120.7498688, 46.6987181 ], [ -120.7499139, 46.6987406 ], [ -120.7497368, 46.6989621 ], [ -120.7489341, 46.6999662 ], [ -120.7489478, 46.6999741 ], [ -120.7489811, 46.6999933 ], [ -120.7490236, 46.7000177 ], [ -120.7490243, 46.7000181 ], [ -120.7488775, 46.700161 ], [ -120.7488774, 46.7001612 ], [ -120.7488441, 46.7001934 ], [ -120.7487394, 46.7002947 ], [ -120.7479119, 46.699483 ], [ -120.7472535, 46.6988342 ], [ -120.7471464, 46.6987287 ], [ -120.7471442, 46.6987265 ], [ -120.7471454, 46.70056 ], [ -120.7471454, 46.7005633 ], [ -120.747146, 46.7015151 ], [ -120.7471464, 46.7020497 ], [ -120.7471464, 46.702098 ], [ -120.7471464, 46.7021267 ], [ -120.7471465, 46.7022911 ], [ -120.7497198, 46.7023178 ], [ -120.7497058, 46.7037982 ], [ -120.7496893, 46.7055503 ], [ -120.7496885, 46.7056398 ], [ -120.7494276, 46.7055743 ], [ -120.7492937, 46.7055634 ], [ -120.7492925, 46.7055633 ], [ -120.7492303, 46.7055582 ], [ -120.7491888, 46.7055548 ], [ -120.7488555, 46.705535 ], [ -120.7488554, 46.705535 ], [ -120.7486501, 46.7055002 ], [ -120.7483561, 46.7054194 ], [ -120.748356, 46.7054193 ], [ -120.7482681, 46.7053853 ], [ -120.7481335, 46.7053332 ], [ -120.7479898, 46.7052776 ], [ -120.7479787, 46.7052733 ], [ -120.7479785, 46.7052732 ], [ -120.7471639, 46.7050663 ], [ -120.7471749, 46.7045827 ], [ -120.7471747, 46.7045321 ], [ -120.7471744, 46.70447 ], [ -120.7470797, 46.7044311 ], [ -120.746585, 46.7042281 ], [ -120.7462203, 46.7039091 ], [ -120.7460083, 46.7038838 ], [ -120.7457297, 46.7035261 ], [ -120.745634, 46.7034453 ], [ -120.7455635, 46.70332 ], [ -120.7454583, 46.7031333 ], [ -120.7452927, 46.7029206 ], [ -120.7451964, 46.7027405 ], [ -120.7448254, 46.7021652 ], [ -120.7446952, 46.701995 ], [ -120.744645, 46.701957 ], [ -120.7444418, 46.7018027 ] ] ], [ [ [ -120.7708642, 46.7020377 ], [ -120.7719386, 46.7020179 ], [ -120.7726845, 46.7020031 ], [ -120.772686, 46.7021137 ], [ -120.7726847, 46.7021562 ], [ -120.7726917, 46.7022787 ], [ -120.767202, 46.7023668 ], [ -120.7671951, 46.700774 ], [ -120.7671933, 46.7003771 ], [ -120.7671516, 46.7003776 ], [ -120.7670276, 46.7003789 ], [ -120.7648794, 46.7004015 ], [ -120.7648972, 46.6987493 ], [ -120.7648396, 46.6987501 ], [ -120.7634525, 46.6987678 ], [ -120.7631214, 46.698772 ], [ -120.7631197, 46.698772 ], [ -120.7631129, 46.698939 ], [ -120.7631129, 46.6989397 ], [ -120.7626778, 46.6989503 ], [ -120.7626764, 46.6989503 ], [ -120.7626772, 46.6991141 ], [ -120.7626772, 46.6991142 ], [ -120.7625679, 46.6991145 ], [ -120.7624589, 46.6991148 ], [ -120.7624599, 46.6987669 ], [ -120.7624601, 46.6986885 ], [ -120.7624604, 46.6985844 ], [ -120.7621999, 46.698582 ], [ -120.7621997, 46.6985385 ], [ -120.7622994, 46.6985377 ], [ -120.7647154, 46.6985079 ], [ -120.7661924, 46.6984842 ], [ -120.7674035, 46.6984647 ], [ -120.7674829, 46.698463 ], [ -120.7675395, 46.6984628 ], [ -120.767537, 46.6986271 ], [ -120.767525, 46.6992658 ], [ -120.7675146, 46.6998229 ], [ -120.7675054, 46.7003177 ], [ -120.767507, 46.7004214 ], [ -120.7675206, 46.7012621 ], [ -120.7675244, 46.7014947 ], [ -120.7675341, 46.702099 ], [ -120.7700354, 46.7020529 ], [ -120.7708642, 46.7020377 ] ] ], [ [ [ -120.7623211, 46.7085487 ], [ -120.7623012, 46.7085487 ], [ -120.7623011, 46.7089463 ], [ -120.7625924, 46.7089358 ], [ -120.7628404, 46.7089269 ], [ -120.7629307, 46.7089236 ], [ -120.7629897, 46.7089215 ], [ -120.7629902, 46.7085748 ], [ -120.7629911, 46.7078929 ], [ -120.763008, 46.7078288 ], [ -120.7634984, 46.7079687 ], [ -120.7637397, 46.708116 ], [ -120.7640373, 46.7082976 ], [ -120.7643962, 46.7084594 ], [ -120.7645762, 46.7085252 ], [ -120.7656018, 46.7089001 ], [ -120.7669215, 46.7091344 ], [ -120.7677386, 46.7091045 ], [ -120.7691186, 46.7090556 ], [ -120.7713085, 46.7089781 ], [ -120.7713068, 46.7086431 ], [ -120.7713052, 46.7083114 ], [ -120.7712486, 46.7083125 ], [ -120.7706875, 46.7079113 ], [ -120.7698095, 46.7079134 ], [ -120.7698076, 46.7070351 ], [ -120.7693384, 46.7067088 ], [ -120.7687712, 46.7063143 ], [ -120.768457, 46.7061817 ], [ -120.7682737, 46.7061043 ], [ -120.7682751, 46.7059446 ], [ -120.7677445, 46.7059529 ], [ -120.7677447, 46.705753 ], [ -120.7677551, 46.704885 ], [ -120.7677661, 46.7039667 ], [ -120.7677662, 46.7039617 ], [ -120.7700456, 46.7039069 ], [ -120.7709048, 46.7038881 ], [ -120.7724543, 46.7038542 ], [ -120.7726968, 46.7038489 ], [ -120.7726953, 46.7044513 ], [ -120.7727008, 46.705629 ], [ -120.7727014, 46.705762 ], [ -120.7727812, 46.7057613 ], [ -120.773738, 46.7057525 ], [ -120.7746409, 46.7057441 ], [ -120.775041, 46.7057397 ], [ -120.7753882, 46.705735 ], [ -120.7752533, 46.7059554 ], [ -120.7752264, 46.7060515 ], [ -120.7752491, 46.7062206 ], [ -120.7753155, 46.7063441 ], [ -120.7757124, 46.7068384 ], [ -120.7757446, 46.706907 ], [ -120.7757624, 46.7069909 ], [ -120.7757727, 46.7073087 ], [ -120.7757615, 46.7076684 ], [ -120.775715, 46.7079443 ], [ -120.7756807, 46.7080523 ], [ -120.7756202, 46.7081804 ], [ -120.7755857, 46.7082414 ], [ -120.7755557, 46.7083254 ], [ -120.7755473, 46.7083854 ], [ -120.7755693, 46.7084423 ], [ -120.7756221, 46.7085411 ], [ -120.7757186, 46.7086547 ], [ -120.7758029, 46.7087174 ], [ -120.7758585, 46.7087687 ], [ -120.7759662, 46.7088689 ], [ -120.7761508, 46.7089634 ], [ -120.7766119, 46.7091259 ], [ -120.7768231, 46.7091756 ], [ -120.7775026, 46.7093132 ], [ -120.7749031, 46.7093555 ], [ -120.7748351, 46.7095114 ], [ -120.7741088, 46.7093684 ], [ -120.77368, 46.7092835 ], [ -120.7735714, 46.7092654 ], [ -120.7735095, 46.7092551 ], [ -120.7734354, 46.7092446 ], [ -120.7733351, 46.7092331 ], [ -120.7731628, 46.70922 ], [ -120.7730673, 46.7092168 ], [ -120.7729837, 46.7092146 ], [ -120.7729239, 46.7092156 ], [ -120.7728601, 46.7092166 ], [ -120.7727678, 46.7092192 ], [ -120.7727584, 46.7095902 ], [ -120.7727203, 46.7110881 ], [ -120.7725571, 46.7110892 ], [ -120.769969, 46.7111637 ], [ -120.7699764, 46.710811 ], [ -120.7698513, 46.7108161 ], [ -120.7695326, 46.7107534 ], [ -120.7692268, 46.7106821 ], [ -120.7690538, 46.7105167 ], [ -120.7689427, 46.7104307 ], [ -120.7687684, 46.7103479 ], [ -120.7686245, 46.7102878 ], [ -120.7683104, 46.7101593 ], [ -120.7681465, 46.7100922 ], [ -120.7677673, 46.7097852 ], [ -120.7674851, 46.7096569 ], [ -120.7673482, 46.7095841 ], [ -120.7673441, 46.7102568 ], [ -120.7670817, 46.7102619 ], [ -120.7670804, 46.7101741 ], [ -120.7648151, 46.710218 ], [ -120.7648238, 46.7112752 ], [ -120.7648024, 46.7131433 ], [ -120.7623622, 46.7132039 ], [ -120.7623027, 46.7132054 ], [ -120.7620798, 46.7132094 ], [ -120.7593893, 46.7131824 ], [ -120.7573534, 46.7131555 ], [ -120.7536764, 46.7131132 ], [ -120.7526259, 46.7130983 ], [ -120.7523608, 46.7131021 ], [ -120.7515045, 46.7130878 ], [ -120.7498587, 46.7130653 ], [ -120.7498077, 46.7112422 ], [ -120.7471414, 46.7112209 ], [ -120.7471233, 46.7104671 ], [ -120.7470995, 46.7094626 ], [ -120.7471099, 46.7092933 ], [ -120.7471134, 46.7084274 ], [ -120.7471248, 46.7057391 ], [ -120.7471638, 46.7050674 ], [ -120.7471639, 46.7050686 ], [ -120.7471682, 46.7059608 ], [ -120.747184, 46.709169 ], [ -120.7508354, 46.7092016 ], [ -120.7526774, 46.709218 ], [ -120.7556884, 46.7092351 ], [ -120.7571981, 46.7092437 ], [ -120.7576786, 46.7092457 ], [ -120.7605592, 46.7092579 ], [ -120.7606619, 46.7092584 ], [ -120.7607009, 46.7092585 ], [ -120.7607398, 46.7092587 ], [ -120.7607546, 46.7092344 ], [ -120.7607746, 46.7092015 ], [ -120.7609182, 46.7089656 ], [ -120.7609598, 46.7088974 ], [ -120.761548, 46.7084746 ], [ -120.7618282, 46.708352 ], [ -120.7619077, 46.7083172 ], [ -120.7619079, 46.7082753 ], [ -120.7619079, 46.708275 ], [ -120.7619112, 46.7078593 ], [ -120.7619135, 46.7075782 ], [ -120.7620191, 46.7076167 ], [ -120.7622191, 46.7076897 ], [ -120.762222, 46.7076908 ], [ -120.7623396, 46.7077114 ], [ -120.7623409, 46.7077117 ], [ -120.7623409, 46.7078023 ], [ -120.762341, 46.7081733 ], [ -120.7623211, 46.7085487 ] ] ], [ [ [ -120.7052496, 46.725637 ], [ -120.7052679, 46.7256413 ], [ -120.7053907, 46.7257194 ], [ -120.7054653, 46.7257463 ], [ -120.7055793, 46.7257913 ], [ -120.705667, 46.7258363 ], [ -120.7057153, 46.7258964 ], [ -120.7057462, 46.7259475 ], [ -120.7057524, 46.7260277 ], [ -120.7057293, 46.726007 ], [ -120.7056891, 46.7259701 ], [ -120.7056573, 46.7259423 ], [ -120.7055462, 46.7258421 ], [ -120.7054343, 46.7257455 ], [ -120.7054264, 46.7257409 ], [ -120.7053143, 46.7256741 ], [ -120.7052496, 46.725637 ] ] ], [ [ [ -120.7036793, 46.7255212 ], [ -120.7037329, 46.7255526 ], [ -120.703799, 46.7255919 ], [ -120.7039997, 46.7257503 ], [ -120.7040143, 46.7257619 ], [ -120.7041737, 46.7258775 ], [ -120.7042732, 46.7259583 ], [ -120.7045089, 46.7261513 ], [ -120.7046924, 46.7263651 ], [ -120.7047506, 46.7264131 ], [ -120.7048919, 46.7265309 ], [ -120.7050038, 46.7265917 ], [ -120.7051045, 46.7266445 ], [ -120.7052267, 46.7267105 ], [ -120.7052891, 46.7267723 ], [ -120.7052985, 46.726782 ], [ -120.7053133, 46.7267891 ], [ -120.7053863, 46.7268257 ], [ -120.7054195, 46.7268325 ], [ -120.7054657, 46.7268441 ], [ -120.705546, 46.7268591 ], [ -120.7056578, 46.7268703 ], [ -120.7057215, 46.7268716 ], [ -120.7057794, 46.7268877 ], [ -120.7058089, 46.7268969 ], [ -120.7058966, 46.7269297 ], [ -120.7059526, 46.7269627 ], [ -120.7059936, 46.726999 ], [ -120.7060081, 46.7270122 ], [ -120.7060503, 46.7270387 ], [ -120.7061121, 46.7270779 ], [ -120.7061553, 46.7271075 ], [ -120.7061621, 46.7271207 ], [ -120.70625, 46.7272018 ], [ -120.7064301, 46.7273821 ], [ -120.7065442, 46.7274602 ], [ -120.7066399, 46.7275537 ], [ -120.7045114, 46.7275514 ], [ -120.7027642, 46.7275496 ], [ -120.7027378, 46.7268601 ], [ -120.7027364, 46.7268243 ], [ -120.7027359, 46.7268121 ], [ -120.7026828, 46.726812 ], [ -120.7026562, 46.726812 ], [ -120.7003102, 46.7268095 ], [ -120.700243, 46.7268095 ], [ -120.7001927, 46.7268094 ], [ -120.7001906, 46.7267547 ], [ -120.7000989, 46.7243569 ], [ -120.7001545, 46.7243585 ], [ -120.7004423, 46.724347 ], [ -120.7005687, 46.7243427 ], [ -120.7006329, 46.7243454 ], [ -120.7007184, 46.7243501 ], [ -120.7010877, 46.7244835 ], [ -120.7014196, 46.724543 ], [ -120.7016825, 46.7246667 ], [ -120.7018222, 46.7247172 ], [ -120.7020768, 46.7248124 ], [ -120.7025701, 46.7250428 ], [ -120.7028083, 46.7251836 ], [ -120.7030718, 46.7253097 ], [ -120.7033444, 46.7254097 ], [ -120.7034998, 46.725418 ], [ -120.7036793, 46.7255212 ] ] ], [ [ [ -120.7056174, 46.7261731 ], [ -120.7056174, 46.7261964 ], [ -120.7056174, 46.726199 ], [ -120.705601, 46.7262392 ], [ -120.7055777, 46.7262657 ], [ -120.7055539, 46.7262921 ], [ -120.7055216, 46.7263411 ], [ -120.7054814, 46.7263763 ], [ -120.7054417, 46.7264071 ], [ -120.705416, 46.7264267 ], [ -120.7054021, 46.7264363 ], [ -120.7053855, 46.7264592 ], [ -120.7053782, 46.7264687 ], [ -120.7053463, 46.7264951 ], [ -120.7053252, 46.7265259 ], [ -120.7053225, 46.7265295 ], [ -120.7053113, 46.7265334 ], [ -120.7052907, 46.7265389 ], [ -120.7052428, 46.7265289 ], [ -120.705223, 46.7265237 ], [ -120.7051868, 46.7265131 ], [ -120.705131, 46.7264801 ], [ -120.7050831, 46.7264307 ], [ -120.7050723, 46.7264186 ], [ -120.7050193, 46.7263581 ], [ -120.7049393, 46.7262979 ], [ -120.7048118, 46.7261605 ], [ -120.7046965, 46.7260329 ], [ -120.7045966, 46.7259209 ], [ -120.7045063, 46.725821 ], [ -120.7044534, 46.7257617 ], [ -120.7044529, 46.7257449 ], [ -120.7044529, 46.7257345 ], [ -120.7044563, 46.7257298 ], [ -120.7044696, 46.7257125 ], [ -120.7044755, 46.725708 ], [ -120.7044929, 46.7256961 ], [ -120.7045248, 46.7256797 ], [ -120.7045805, 46.7256795 ], [ -120.7046523, 46.7256905 ], [ -120.7047019, 46.7257076 ], [ -120.7047164, 46.725713 ], [ -120.7047803, 46.7257367 ], [ -120.7048305, 46.7257518 ], [ -120.7048597, 46.7257619 ], [ -120.7049083, 46.7257869 ], [ -120.704955, 46.7258123 ], [ -120.7052188, 46.7259615 ], [ -120.705346, 46.7260271 ], [ -120.7055335, 46.7261054 ], [ -120.7055376, 46.7261071 ], [ -120.7055617, 46.7261213 ], [ -120.7055931, 46.7261401 ], [ -120.7055983, 46.7261468 ], [ -120.7056174, 46.7261731 ] ] ], [ [ [ -120.6892845, 46.7279245 ], [ -120.6876648, 46.7278907 ], [ -120.6868778, 46.7278742 ], [ -120.6869366, 46.7243427 ], [ -120.6875328, 46.7243272 ], [ -120.6877092, 46.7243226 ], [ -120.6882535, 46.7252032 ], [ -120.688375, 46.7253999 ], [ -120.6885678, 46.7257119 ], [ -120.6886973, 46.725897 ], [ -120.6893895, 46.726359 ], [ -120.6896529, 46.7263439 ], [ -120.6899009, 46.7263297 ], [ -120.691118, 46.7267672 ], [ -120.6913182, 46.7265952 ], [ -120.6914855, 46.7266874 ], [ -120.6915516, 46.7267238 ], [ -120.6918507, 46.7267222 ], [ -120.6921211, 46.72649 ], [ -120.6921544, 46.7270365 ], [ -120.6922015, 46.7278062 ], [ -120.6913052, 46.7278474 ], [ -120.6895205, 46.7279294 ], [ -120.6892845, 46.7279245 ] ] ], [ [ [ -120.6935354, 46.7313741 ], [ -120.6941082, 46.731364 ], [ -120.694753, 46.7313527 ], [ -120.6950603, 46.7313473 ], [ -120.6948383, 46.7314239 ], [ -120.6943544, 46.7315153 ], [ -120.6941299, 46.7315176 ], [ -120.6932081, 46.7315615 ], [ -120.6923794, 46.7315872 ], [ -120.6912683, 46.7316233 ], [ -120.6902153, 46.7316565 ], [ -120.6895201, 46.7316757 ], [ -120.6894157, 46.7316821 ], [ -120.6894057, 46.7315065 ], [ -120.6893371, 46.7295943 ], [ -120.6895294, 46.7295927 ], [ -120.6895765, 46.7295923 ], [ -120.6895778, 46.7296539 ], [ -120.689579, 46.7297147 ], [ -120.6903886, 46.7297133 ], [ -120.6903883, 46.7296008 ], [ -120.6903883, 46.7296006 ], [ -120.6908955, 46.7295998 ], [ -120.6911027, 46.7295994 ], [ -120.6911858, 46.7295993 ], [ -120.6912036, 46.7297979 ], [ -120.6913094, 46.7297954 ], [ -120.6914466, 46.7297921 ], [ -120.6915243, 46.729869 ], [ -120.6917242, 46.7300219 ], [ -120.6917717, 46.7300518 ], [ -120.6918423, 46.7300962 ], [ -120.6919335, 46.7301535 ], [ -120.69215, 46.7302877 ], [ -120.6922674, 46.7303604 ], [ -120.692663, 46.7305304 ], [ -120.6930066, 46.7306402 ], [ -120.6932377, 46.7306463 ], [ -120.6933508, 46.73066 ], [ -120.6934609, 46.7306734 ], [ -120.6935354, 46.7313741 ] ] ], [ [ [ -120.7090393, 46.7331146 ], [ -120.7087088, 46.7330181 ], [ -120.7086136, 46.7329885 ], [ -120.7085712, 46.7329754 ], [ -120.7084612, 46.7329412 ], [ -120.7083619, 46.7329104 ], [ -120.7080386, 46.7327966 ], [ -120.7080023, 46.7327838 ], [ -120.707828, 46.7327163 ], [ -120.7065808, 46.7322338 ], [ -120.7059875, 46.7320089 ], [ -120.7057476, 46.731918 ], [ -120.7056951, 46.7318943 ], [ -120.7056807, 46.7312486 ], [ -120.7056747, 46.7309812 ], [ -120.7061107, 46.7311117 ], [ -120.7065302, 46.7312373 ], [ -120.7068231, 46.7307177 ], [ -120.7063951, 46.7306488 ], [ -120.7059052, 46.7305566 ], [ -120.7060296, 46.7302962 ], [ -120.7057497, 46.7302167 ], [ -120.7057506, 46.7299874 ], [ -120.705751, 46.7298885 ], [ -120.7064071, 46.7300702 ], [ -120.7067595, 46.7301678 ], [ -120.7067926, 46.730177 ], [ -120.7068392, 46.7301901 ], [ -120.7068381, 46.730161 ], [ -120.7068368, 46.730129 ], [ -120.7068324, 46.7300131 ], [ -120.7068282, 46.7299033 ], [ -120.7068241, 46.7297983 ], [ -120.706823, 46.729769 ], [ -120.706822, 46.729743 ], [ -120.706887, 46.7297612 ], [ -120.7069037, 46.7297658 ], [ -120.7076271, 46.729968 ], [ -120.7077057, 46.7299899 ], [ -120.7077043, 46.7299532 ], [ -120.7076928, 46.7297049 ], [ -120.7076667, 46.7290263 ], [ -120.7076529, 46.728667 ], [ -120.7078729, 46.7287418 ], [ -120.7080108, 46.7287887 ], [ -120.708131, 46.7288296 ], [ -120.7083212, 46.729176 ], [ -120.7083995, 46.7292804 ], [ -120.7084501, 46.7293182 ], [ -120.7085603, 46.7293621 ], [ -120.7086498, 46.7293793 ], [ -120.708712, 46.7294094 ], [ -120.7088358, 46.7294375 ], [ -120.7089365, 46.7294563 ], [ -120.7090334, 46.7294876 ], [ -120.7091023, 46.7295222 ], [ -120.7092357, 46.7295597 ], [ -120.7093867, 46.7295848 ], [ -120.7095796, 46.7296443 ], [ -120.7097495, 46.7296691 ], [ -120.7099415, 46.729714 ], [ -120.7101413, 46.7297479 ], [ -120.7101437, 46.7297479 ], [ -120.7101799, 46.7297598 ], [ -120.7102842, 46.729771 ], [ -120.7103639, 46.7297814 ], [ -120.7104263, 46.7297721 ], [ -120.7104433, 46.7297697 ], [ -120.710539, 46.7297587 ], [ -120.7106346, 46.7297259 ], [ -120.7107783, 46.7296875 ], [ -120.7108721, 46.72968 ], [ -120.7109851, 46.7296725 ], [ -120.7111008, 46.7296683 ], [ -120.7112249, 46.7296653 ], [ -120.7114242, 46.7296599 ], [ -120.7114839, 46.7296599 ], [ -120.7115683, 46.7296617 ], [ -120.711687, 46.7296549 ], [ -120.7119789, 46.7296498 ], [ -120.7120463, 46.7296487 ], [ -120.7120599, 46.7296473 ], [ -120.7122057, 46.7296339 ], [ -120.7122597, 46.7296209 ], [ -120.7123094, 46.7296105 ], [ -120.712429, 46.7295775 ], [ -120.7125247, 46.7295335 ], [ -120.7125965, 46.7294897 ], [ -120.7126646, 46.7294577 ], [ -120.7126747, 46.7294531 ], [ -120.7126934, 46.7294512 ], [ -120.712965, 46.7293935 ], [ -120.7130442, 46.7293737 ], [ -120.7132261, 46.7293707 ], [ -120.713506, 46.7293617 ], [ -120.7136571, 46.7293579 ], [ -120.7137127, 46.7293505 ], [ -120.7138247, 46.7293377 ], [ -120.7139651, 46.7293155 ], [ -120.7139761, 46.7293139 ], [ -120.7141777, 46.7292821 ], [ -120.7148262, 46.7292877 ], [ -120.7156187, 46.7293331 ], [ -120.7158102, 46.7293626 ], [ -120.7158767, 46.7293703 ], [ -120.71621, 46.7293646 ], [ -120.716404, 46.729358 ], [ -120.7167281, 46.7293959 ], [ -120.7167855, 46.7294057 ], [ -120.7173178, 46.7294997 ], [ -120.7174723, 46.7295305 ], [ -120.7176205, 46.729562 ], [ -120.7176405, 46.7295658 ], [ -120.7178602, 46.7296657 ], [ -120.7180011, 46.7297682 ], [ -120.7181331, 46.7297741 ], [ -120.7183488, 46.7298491 ], [ -120.7185342, 46.7299333 ], [ -120.7188074, 46.7300182 ], [ -120.7189967, 46.7301422 ], [ -120.7191469, 46.730241 ], [ -120.7191785, 46.7303592 ], [ -120.7192218, 46.7304674 ], [ -120.7192005, 46.7306027 ], [ -120.7193717, 46.7306145 ], [ -120.7194346, 46.7306251 ], [ -120.7197259, 46.7307651 ], [ -120.7200417, 46.7309279 ], [ -120.7200886, 46.73096 ], [ -120.7204806, 46.7311099 ], [ -120.7208106, 46.7311721 ], [ -120.7211141, 46.7312344 ], [ -120.7212725, 46.7342462 ], [ -120.7187358, 46.7335548 ], [ -120.7184335, 46.7334672 ], [ -120.7183931, 46.733565 ], [ -120.7179523, 46.7334884 ], [ -120.7150842, 46.7335692 ], [ -120.7134085, 46.7336163 ], [ -120.7134211, 46.7347514 ], [ -120.7134431, 46.7349005 ], [ -120.7115463, 46.734904 ], [ -120.7108296, 46.734898 ], [ -120.7108286, 46.7348458 ], [ -120.7108222, 46.7345305 ], [ -120.7108214, 46.7344931 ], [ -120.7108167, 46.73426 ], [ -120.7108158, 46.7342159 ], [ -120.7108074, 46.7338023 ], [ -120.7108064, 46.73375 ], [ -120.7108025, 46.7335598 ], [ -120.7108024, 46.7335522 ], [ -120.7107855, 46.7335509 ], [ -120.710736, 46.7335471 ], [ -120.7106823, 46.7335429 ], [ -120.7105044, 46.7335291 ], [ -120.7104891, 46.7335263 ], [ -120.7104369, 46.7335168 ], [ -120.7103436, 46.7334997 ], [ -120.7102194, 46.7334769 ], [ -120.7100298, 46.7334288 ], [ -120.7096347, 46.7333035 ], [ -120.7094846, 46.7332559 ], [ -120.7092079, 46.7331681 ], [ -120.7090393, 46.7331146 ] ] ], [ [ [ -120.6993399, 46.7375028 ], [ -120.6991244, 46.7374879 ], [ -120.6989078, 46.7375056 ], [ -120.6987304, 46.7375322 ], [ -120.69839, 46.7376146 ], [ -120.6981846, 46.7376193 ], [ -120.6980001, 46.7376093 ], [ -120.6970081, 46.7373725 ], [ -120.6964776, 46.7372632 ], [ -120.6961427, 46.7371198 ], [ -120.6956082, 46.7369303 ], [ -120.6955448, 46.7368556 ], [ -120.6954828, 46.736803 ], [ -120.6953236, 46.7367114 ], [ -120.6951758, 46.7366396 ], [ -120.6951098, 46.7366112 ], [ -120.6950436, 46.7365923 ], [ -120.6949822, 46.7350388 ], [ -120.6976318, 46.7349561 ], [ -120.6976004, 46.7339955 ], [ -120.6975712, 46.7332957 ], [ -120.6975998, 46.7333094 ], [ -120.6980367, 46.7335179 ], [ -120.6982884, 46.7335159 ], [ -120.6982799, 46.7336271 ], [ -120.6982793, 46.7336353 ], [ -120.6982793, 46.7336372 ], [ -120.6982783, 46.7340296 ], [ -120.6987993, 46.7340713 ], [ -120.6988332, 46.7345707 ], [ -120.6991024, 46.7345729 ], [ -120.7001817, 46.7345817 ], [ -120.7003413, 46.7345816 ], [ -120.7003363, 46.7349651 ], [ -120.7003314, 46.7353497 ], [ -120.7003171, 46.7354508 ], [ -120.7002889, 46.7354509 ], [ -120.7003151, 46.7362761 ], [ -120.7003151, 46.7362762 ], [ -120.7003203, 46.7372768 ], [ -120.7002616, 46.7372492 ], [ -120.6999873, 46.7371026 ], [ -120.6996527, 46.7368485 ], [ -120.6993014, 46.7367978 ], [ -120.6993399, 46.7375028 ] ] ], [ [ [ -120.9263771, 46.8172735 ], [ -120.9263067, 46.8170209 ], [ -120.9263972, 46.8169832 ], [ -120.9265848, 46.8169884 ], [ -120.9267446, 46.8170543 ], [ -120.9269283, 46.8171475 ], [ -120.927056, 46.8172353 ], [ -120.9271999, 46.8174053 ], [ -120.9273435, 46.8175863 ], [ -120.9275033, 46.8178056 ], [ -120.927647, 46.8180085 ], [ -120.927719, 46.8180743 ], [ -120.9277908, 46.8181403 ], [ -120.9278387, 46.8181787 ], [ -120.9279346, 46.8182555 ], [ -120.9280305, 46.8183431 ], [ -120.9281262, 46.8184199 ], [ -120.9281982, 46.8184911 ], [ -120.9282781, 46.8185789 ], [ -120.928324, 46.818601 ], [ -120.9283579, 46.8186173 ], [ -120.9283339, 46.8185735 ], [ -120.9282062, 46.8184035 ], [ -120.9281343, 46.8183157 ], [ -120.9280465, 46.8181785 ], [ -120.9277909, 46.8179427 ], [ -120.927663, 46.8177727 ], [ -120.9275113, 46.8175589 ], [ -120.9272797, 46.8173505 ], [ -120.927128, 46.8171749 ], [ -120.927072, 46.8171475 ], [ -120.9268803, 46.8170487 ], [ -120.9267366, 46.8169335 ], [ -120.9266008, 46.8168457 ], [ -120.9264091, 46.8167581 ], [ -120.9263623, 46.8165566 ], [ -120.9265822, 46.8162461 ], [ -120.9268833, 46.8166121 ], [ -120.9277303, 46.8176431 ], [ -120.9281103, 46.8181281 ], [ -120.9284903, 46.8185971 ], [ -120.9290693, 46.8190661 ], [ -120.9299253, 46.8193511 ], [ -120.9306413, 46.8193011 ], [ -120.9313483, 46.8191791 ], [ -120.9327733, 46.8190561 ], [ -120.9329963, 46.8190851 ], [ -120.9332943, 46.8191261 ], [ -120.9335383, 46.8192011 ], [ -120.9336573, 46.8192131 ], [ -120.9337473, 46.8192231 ], [ -120.9337476, 46.8192231 ], [ -120.9336385, 46.8193143 ], [ -120.9335905, 46.8193471 ], [ -120.9334867, 46.8194129 ], [ -120.933239, 46.8195885 ], [ -120.9331111, 46.8197365 ], [ -120.9330791, 46.8198023 ], [ -120.9329833, 46.8198516 ], [ -120.9328235, 46.8199449 ], [ -120.9327036, 46.8200327 ], [ -120.9325678, 46.8201203 ], [ -120.932432, 46.8201753 ], [ -120.9322722, 46.8202301 ], [ -120.9321684, 46.8202629 ], [ -120.9320885, 46.8202959 ], [ -120.9320405, 46.8203013 ], [ -120.9318407, 46.8203013 ], [ -120.9315772, 46.8202575 ], [ -120.9314414, 46.8202299 ], [ -120.9312656, 46.8202189 ], [ -120.9310259, 46.8202299 ], [ -120.9307782, 46.8202465 ], [ -120.9305465, 46.8202739 ], [ -120.9302909, 46.8203285 ], [ -120.9298994, 46.8204163 ], [ -120.9296758, 46.8202737 ], [ -120.9295878, 46.8202189 ], [ -120.929492, 46.8201201 ], [ -120.929476, 46.8200817 ], [ -120.9291964, 46.8198513 ], [ -120.9289808, 46.8197033 ], [ -120.928805, 46.8195661 ], [ -120.9286772, 46.8194675 ], [ -120.9285814, 46.8193633 ], [ -120.9283956, 46.8191174 ], [ -120.9279264, 46.8189245 ], [ -120.9277986, 46.8188203 ], [ -120.9274712, 46.8185349 ], [ -120.9271836, 46.8182773 ], [ -120.926968, 46.8180853 ], [ -120.9268323, 46.8179097 ], [ -120.9266006, 46.8175806 ], [ -120.9263771, 46.8172735 ] ] ], [ [ [ -120.9309936, 46.8220891 ], [ -120.9309457, 46.8219245 ], [ -120.9309058, 46.8217655 ], [ -120.9310576, 46.8218532 ], [ -120.9312253, 46.8219355 ], [ -120.9313771, 46.8219903 ], [ -120.9315368, 46.8220397 ], [ -120.9315849, 46.8220561 ], [ -120.9316327, 46.8220837 ], [ -120.9316568, 46.8221879 ], [ -120.9317046, 46.8222537 ], [ -120.9317286, 46.8222975 ], [ -120.9316407, 46.8223633 ], [ -120.9315608, 46.8224071 ], [ -120.9314569, 46.8224073 ], [ -120.9312652, 46.8223579 ], [ -120.9311534, 46.8223303 ], [ -120.9310734, 46.8223193 ], [ -120.9309936, 46.8220891 ] ] ], [ [ [ -120.9325834, 46.8223853 ], [ -120.9324237, 46.8223743 ], [ -120.9322319, 46.8223359 ], [ -120.9321999, 46.8222865 ], [ -120.9320562, 46.8221879 ], [ -120.9321841, 46.8222153 ], [ -120.9323118, 46.8222481 ], [ -120.9323997, 46.8222701 ], [ -120.9325035, 46.8223085 ], [ -120.9327114, 46.8223523 ], [ -120.9325834, 46.8223853 ] ] ], [ [ [ -120.9440329, 46.8336609 ], [ -120.9440889, 46.8337431 ], [ -120.9441529, 46.8339241 ], [ -120.9442168, 46.8340392 ], [ -120.9442888, 46.8341325 ], [ -120.9444167, 46.8343409 ], [ -120.944057, 46.8342257 ], [ -120.9437453, 46.8341709 ], [ -120.9435455, 46.8341489 ], [ -120.9433538, 46.8341379 ], [ -120.94317, 46.8341381 ], [ -120.943074, 46.8341161 ], [ -120.9429446, 46.8340628 ], [ -120.9428743, 46.8340339 ], [ -120.9428023, 46.8339955 ], [ -120.9427176, 46.8339373 ], [ -120.9427144, 46.8339351 ], [ -120.9426345, 46.8338475 ], [ -120.9425307, 46.8337871 ], [ -120.9423709, 46.8337213 ], [ -120.942179, 46.8335951 ], [ -120.9420192, 46.8335347 ], [ -120.9418115, 46.8334799 ], [ -120.9416037, 46.8334197 ], [ -120.9414438, 46.8333703 ], [ -120.941332, 46.8333375 ], [ -120.9411802, 46.8332825 ], [ -120.9409964, 46.8331345 ], [ -120.9409244, 46.8330851 ], [ -120.9408045, 46.8330139 ], [ -120.940636, 46.8329019 ], [ -120.9404316, 46.8327413 ], [ -120.9403512, 46.8326026 ], [ -120.9404535, 46.8326099 ], [ -120.9406871, 46.8326172 ], [ -120.9409208, 46.8326172 ], [ -120.9410961, 46.8326391 ], [ -120.9413663, 46.8326391 ], [ -120.9416364, 46.8326464 ], [ -120.9419651, 46.8326683 ], [ -120.942206, 46.8326683 ], [ -120.9424543, 46.8327194 ], [ -120.9427464, 46.83288 ], [ -120.9429947, 46.8329531 ], [ -120.9433306, 46.8332013 ], [ -120.9435296, 46.8334085 ], [ -120.9437373, 46.8334251 ], [ -120.9438412, 46.8334853 ], [ -120.9440329, 46.8336609 ] ] ], [ [ [ -120.9430681, 46.8387332 ], [ -120.9417301, 46.8369562 ], [ -120.9404691, 46.8352831 ], [ -120.9398902, 46.8343651 ], [ -120.9390722, 46.8330661 ], [ -120.9388512, 46.8328091 ], [ -120.9387392, 46.8326781 ], [ -120.9386842, 46.8325711 ], [ -120.9383402, 46.8319011 ], [ -120.9382642, 46.8318061 ], [ -120.9380832, 46.8315791 ], [ -120.9366262, 46.8298481 ], [ -120.9361402, 46.8292941 ], [ -120.9357172, 46.8288311 ], [ -120.9343332, 46.8272431 ], [ -120.9339062, 46.8267661 ], [ -120.9322363, 46.8248851 ], [ -120.9317173, 46.8242921 ], [ -120.9313853, 46.8238961 ], [ -120.9311643, 46.8235671 ], [ -120.9309673, 46.8231741 ], [ -120.9308943, 46.8229891 ], [ -120.9308493, 46.8227631 ], [ -120.9307813, 46.8224031 ], [ -120.9307073, 46.8221811 ], [ -120.9305803, 46.8218701 ], [ -120.9303793, 46.8215171 ], [ -120.9301463, 46.8211821 ], [ -120.9299023, 46.8209131 ], [ -120.9296613, 46.8206841 ], [ -120.9290463, 46.8202811 ], [ -120.9287073, 46.8200761 ], [ -120.9284953, 46.8199111 ], [ -120.9276903, 46.8193541 ], [ -120.9273633, 46.8191041 ], [ -120.9270693, 46.8188221 ], [ -120.9267233, 46.8184771 ], [ -120.9263543, 46.8180901 ], [ -120.9258723, 46.8175081 ], [ -120.9255123, 46.8170871 ], [ -120.9252903, 46.8167771 ], [ -120.9251293, 46.8165051 ], [ -120.9250234, 46.8162551 ], [ -120.9249904, 46.8161341 ], [ -120.9249734, 46.8160371 ], [ -120.9249414, 46.8158461 ], [ -120.9248964, 46.8155851 ], [ -120.9248614, 46.8152691 ], [ -120.9257643, 46.8152521 ], [ -120.9261276, 46.8156936 ], [ -120.9260594, 46.8157801 ], [ -120.9256956, 46.8161439 ], [ -120.9254425, 46.8163179 ], [ -120.9254186, 46.8165879 ], [ -120.9255702, 46.8168129 ], [ -120.9257859, 46.8171089 ], [ -120.9259136, 46.8172297 ], [ -120.9261053, 46.8174545 ], [ -120.9261772, 46.8175313 ], [ -120.9262491, 46.8176245 ], [ -120.926297, 46.8177233 ], [ -120.9264008, 46.8178603 ], [ -120.9266883, 46.8182005 ], [ -120.92692, 46.8183923 ], [ -120.9270637, 46.8185515 ], [ -120.9271595, 46.8186556 ], [ -120.9273353, 46.8187983 ], [ -120.9276867, 46.8191219 ], [ -120.9279103, 46.8192919 ], [ -120.9282378, 46.8195167 ], [ -120.9282777, 46.8195497 ], [ -120.9285814, 46.8197471 ], [ -120.9288928, 46.8199939 ], [ -120.9292043, 46.8201913 ], [ -120.9295879, 46.8204765 ], [ -120.9298354, 46.8206521 ], [ -120.930123, 46.8208771 ], [ -120.9303306, 46.8211403 ], [ -120.9305064, 46.8213871 ], [ -120.9305862, 46.8214693 ], [ -120.93073, 46.8218093 ], [ -120.9308019, 46.8220397 ], [ -120.9308897, 46.8223469 ], [ -120.9309535, 46.8225387 ], [ -120.9309936, 46.8225277 ], [ -120.9310334, 46.8225169 ], [ -120.9310974, 46.8225005 ], [ -120.9311932, 46.8224729 ], [ -120.9312651, 46.8224621 ], [ -120.931393, 46.8224839 ], [ -120.9315688, 46.8225333 ], [ -120.9317605, 46.8225663 ], [ -120.9319123, 46.8225883 ], [ -120.93208, 46.8226101 ], [ -120.9322799, 46.8226157 ], [ -120.9324555, 46.8225993 ], [ -120.9326633, 46.8225937 ], [ -120.932903, 46.8226101 ], [ -120.9333504, 46.8226595 ], [ -120.9335261, 46.8226651 ], [ -120.9338058, 46.8226321 ], [ -120.9340775, 46.8226157 ], [ -120.9343091, 46.8226267 ], [ -120.9345168, 46.8226707 ], [ -120.9347565, 46.8227583 ], [ -120.9350042, 46.8228461 ], [ -120.9353797, 46.8229997 ], [ -120.9357472, 46.8231094 ], [ -120.9359309, 46.8231971 ], [ -120.9361547, 46.8232903 ], [ -120.9364982, 46.8234823 ], [ -120.9368976, 46.8236852 ], [ -120.9371294, 46.8238553 ], [ -120.9371853, 46.8239485 ], [ -120.9371852, 46.8240197 ], [ -120.9372013, 46.8241239 ], [ -120.9372571, 46.8242336 ], [ -120.9373051, 46.8243543 ], [ -120.9374329, 46.8245407 ], [ -120.9376247, 46.8247601 ], [ -120.9377845, 46.8250179 ], [ -120.9379681, 46.8253031 ], [ -120.93808, 46.8255719 ], [ -120.9381119, 46.8256869 ], [ -120.9381519, 46.8257967 ], [ -120.9382078, 46.8260161 ], [ -120.9382238, 46.8260983 ], [ -120.9382478, 46.8262079 ], [ -120.9383118, 46.8263999 ], [ -120.9383676, 46.8265371 ], [ -120.9385274, 46.8267015 ], [ -120.9385115, 46.8267729 ], [ -120.9385194, 46.8268605 ], [ -120.9385514, 46.8269045 ], [ -120.938767, 46.8270361 ], [ -120.938799, 46.8271457 ], [ -120.938807, 46.8272281 ], [ -120.938799, 46.8274035 ], [ -120.938903, 46.8276887 ], [ -120.9389668, 46.8278915 ], [ -120.9390228, 46.8280561 ], [ -120.9390467, 46.8281823 ], [ -120.9390867, 46.8283085 ], [ -120.9392066, 46.8285991 ], [ -120.9392464, 46.8286977 ], [ -120.9393743, 46.8287527 ], [ -120.9393903, 46.8285881 ], [ -120.9394702, 46.8286045 ], [ -120.939606, 46.8287527 ], [ -120.939638, 46.8287691 ], [ -120.9397499, 46.8290213 ], [ -120.9398617, 46.8292188 ], [ -120.9399176, 46.8293339 ], [ -120.9400136, 46.8294711 ], [ -120.9401095, 46.8296411 ], [ -120.9401574, 46.8297453 ], [ -120.9401973, 46.8299263 ], [ -120.9402133, 46.8300249 ], [ -120.9402372, 46.8301785 ], [ -120.9402612, 46.8302773 ], [ -120.9402772, 46.8304637 ], [ -120.940047, 46.8307404 ], [ -120.9398414, 46.8311066 ], [ -120.9396937, 46.8314086 ], [ -120.939623, 46.8318133 ], [ -120.9396744, 46.8320831 ], [ -120.93979, 46.8322694 ], [ -120.939925, 46.8324814 ], [ -120.940047, 46.8326163 ], [ -120.9401395, 46.8327851 ], [ -120.9404331, 46.8329433 ], [ -120.9405249, 46.8330303 ], [ -120.9406128, 46.8331181 ], [ -120.9407166, 46.8331729 ], [ -120.9408605, 46.8332661 ], [ -120.9410283, 46.8333757 ], [ -120.9412441, 46.8334909 ], [ -120.94138, 46.8335623 ], [ -120.9415877, 46.8335733 ], [ -120.9417795, 46.8336005 ], [ -120.9419872, 46.8336993 ], [ -120.942171, 46.8338035 ], [ -120.9423389, 46.8339023 ], [ -120.9426027, 46.8340393 ], [ -120.9428263, 46.8341435 ], [ -120.9430661, 46.8342313 ], [ -120.943186, 46.8342642 ], [ -120.9433058, 46.8342971 ], [ -120.9435216, 46.8343793 ], [ -120.9437054, 46.8344231 ], [ -120.9438572, 46.8344341 ], [ -120.9441689, 46.8344341 ], [ -120.9442248, 46.8344615 ], [ -120.9443368, 46.8345547 ], [ -120.9443766, 46.8346207 ], [ -120.9444646, 46.8348291 ], [ -120.9445125, 46.8349661 ], [ -120.9446005, 46.8351525 ], [ -120.9446325, 46.8352897 ], [ -120.9446245, 46.8354487 ], [ -120.9445686, 46.8355803 ], [ -120.9444966, 46.8357449 ], [ -120.9444008, 46.8358325 ], [ -120.9442889, 46.8359369 ], [ -120.9441769, 46.8359971 ], [ -120.9440491, 46.8360849 ], [ -120.9439851, 46.8361233 ], [ -120.9438893, 46.8361837 ], [ -120.9437374, 46.8362769 ], [ -120.9436176, 46.8363481 ], [ -120.9434578, 46.8364469 ], [ -120.943274, 46.8365347 ], [ -120.9431301, 46.8366169 ], [ -120.9430262, 46.8366883 ], [ -120.9428984, 46.8367649 ], [ -120.9427945, 46.8368143 ], [ -120.9427225, 46.8368747 ], [ -120.9426506, 46.8370063 ], [ -120.9426426, 46.837083 ], [ -120.9426346, 46.8372475 ], [ -120.9426266, 46.8372749 ], [ -120.9426267, 46.8374341 ], [ -120.9426426, 46.8375767 ], [ -120.9426906, 46.8377137 ], [ -120.9427145, 46.8378399 ], [ -120.9427546, 46.8379166 ], [ -120.9428425, 46.8380647 ], [ -120.9429064, 46.8381579 ], [ -120.9430823, 46.8382239 ], [ -120.9432261, 46.8382567 ], [ -120.9433699, 46.8382841 ], [ -120.9435617, 46.8383553 ], [ -120.9438254, 46.8384924 ], [ -120.9439533, 46.8385199 ], [ -120.9441931, 46.8385033 ], [ -120.9445368, 46.8385637 ], [ -120.9448244, 46.8385911 ], [ -120.9450483, 46.8387117 ], [ -120.945256, 46.8388489 ], [ -120.9453759, 46.8389037 ], [ -120.9453759, 46.8390957 ], [ -120.945416, 46.8392381 ], [ -120.9455678, 46.8393809 ], [ -120.9455917, 46.8394027 ], [ -120.9456397, 46.8394575 ], [ -120.9456877, 46.8395891 ], [ -120.9457037, 46.8396549 ], [ -120.9457116, 46.8397867 ], [ -120.9456637, 46.8399018 ], [ -120.9456398, 46.8400059 ], [ -120.9456878, 46.8401101 ], [ -120.9457436, 46.8401651 ], [ -120.9458875, 46.8402637 ], [ -120.9459515, 46.8402145 ], [ -120.9461352, 46.8401759 ], [ -120.9462232, 46.8402693 ], [ -120.9463271, 46.8404393 ], [ -120.946359, 46.840494 ], [ -120.9464869, 46.8405927 ], [ -120.9466867, 46.8406805 ], [ -120.9471343, 46.840812 ], [ -120.9473502, 46.840812 ], [ -120.9475739, 46.8407956 ], [ -120.9479096, 46.8407737 ], [ -120.9481014, 46.8407463 ], [ -120.9482773, 46.8407023 ], [ -120.9486129, 46.8406859 ], [ -120.9488366, 46.8404719 ], [ -120.9489565, 46.8403128 ], [ -120.9491563, 46.8400222 ], [ -120.949332, 46.8397919 ], [ -120.949436, 46.8397589 ], [ -120.9494999, 46.8397535 ], [ -120.9496277, 46.8397753 ], [ -120.9497556, 46.8398137 ], [ -120.9499394, 46.8398795 ], [ -120.9501073, 46.8399563 ], [ -120.9502352, 46.8400441 ], [ -120.9503551, 46.8401921 ], [ -120.9504111, 46.8403237 ], [ -120.9504511, 46.8404335 ], [ -120.9504351, 46.8405705 ], [ -120.9502992, 46.8407405 ], [ -120.9502354, 46.8409215 ], [ -120.9501635, 46.8409819 ], [ -120.9500996, 46.8410587 ], [ -120.9500356, 46.8411793 ], [ -120.9499637, 46.8412781 ], [ -120.9498438, 46.8414975 ], [ -120.9497799, 46.8417387 ], [ -120.949764, 46.8419197 ], [ -120.9497641, 46.8422269 ], [ -120.9498439, 46.8423311 ], [ -120.9498919, 46.8424133 ], [ -120.9499719, 46.8425613 ], [ -120.9500279, 46.8426491 ], [ -120.9500758, 46.8428738 ], [ -120.9501477, 46.8429561 ], [ -120.9503236, 46.8430933 ], [ -120.9503556, 46.8431152 ], [ -120.9504116, 46.8431701 ], [ -120.9504995, 46.8432907 ], [ -120.9505714, 46.8434167 ], [ -120.9506594, 46.8435759 ], [ -120.9508273, 46.8437953 ], [ -120.9508672, 46.8438501 ], [ -120.9509232, 46.8439981 ], [ -120.9509312, 46.8440803 ], [ -120.9509393, 46.8442175 ], [ -120.9509473, 46.8443107 ], [ -120.9509713, 46.8444039 ], [ -120.9510912, 46.8446397 ], [ -120.9512031, 46.8449085 ], [ -120.9512111, 46.8450017 ], [ -120.9512032, 46.8451059 ], [ -120.9512032, 46.8452979 ], [ -120.9512113, 46.8453965 ], [ -120.9511552, 46.8455391 ], [ -120.9510833, 46.8455611 ], [ -120.9509554, 46.8455885 ], [ -120.9508675, 46.8456105 ], [ -120.9507477, 46.8456489 ], [ -120.9506119, 46.8457037 ], [ -120.9504919, 46.8457585 ], [ -120.9503561, 46.8458627 ], [ -120.9502601, 46.8459341 ], [ -120.9501563, 46.8460493 ], [ -120.9501163, 46.8461041 ], [ -120.9500764, 46.8461645 ], [ -120.9499565, 46.8463399 ], [ -120.9497966, 46.8464605 ], [ -120.9496688, 46.8466855 ], [ -120.9496369, 46.8469377 ], [ -120.9496289, 46.8471845 ], [ -120.9496209, 46.8473709 ], [ -120.949613, 46.8475245 ], [ -120.949613, 46.8477165 ], [ -120.949629, 46.8479467 ], [ -120.949693, 46.8482485 ], [ -120.9497969, 46.8483855 ], [ -120.9499089, 46.8485337 ], [ -120.9500608, 46.8486377 ], [ -120.9502606, 46.8487749 ], [ -120.9504045, 46.8488901 ], [ -120.9505963, 46.8490271 ], [ -120.9507563, 46.8491971 ], [ -120.9508123, 46.8492191 ], [ -120.9508682, 46.8492409 ], [ -120.9509721, 46.8492629 ], [ -120.9511639, 46.8494603 ], [ -120.951276, 46.8496357 ], [ -120.9513479, 46.8497729 ], [ -120.9513719, 46.8499649 ], [ -120.9514119, 46.8501184 ], [ -120.9515159, 46.8502665 ], [ -120.9516117, 46.8503159 ], [ -120.9516837, 46.8501841 ], [ -120.9516677, 46.8500417 ], [ -120.9515798, 46.8499045 ], [ -120.9515797, 46.8498277 ], [ -120.9517635, 46.8499703 ], [ -120.9519475, 46.8501897 ], [ -120.9520194, 46.8502719 ], [ -120.9521154, 46.8504419 ], [ -120.9521714, 46.8505625 ], [ -120.9521794, 46.8506339 ], [ -120.9521634, 46.8507161 ], [ -120.9521554, 46.8507819 ], [ -120.9521555, 46.8510341 ], [ -120.9521315, 46.8511493 ], [ -120.9520996, 46.8512645 ], [ -120.9520916, 46.8514127 ], [ -120.9520916, 46.8514839 ], [ -120.9520676, 46.8516595 ], [ -120.9519958, 46.8518897 ], [ -120.9520438, 46.8519995 ], [ -120.9520598, 46.8520763 ], [ -120.9521797, 46.8522681 ], [ -120.9522917, 46.8524765 ], [ -120.9523397, 46.8525807 ], [ -120.9524516, 46.8527727 ], [ -120.9524836, 46.8528493 ], [ -120.9526436, 46.8530853 ], [ -120.9527314, 46.8532169 ], [ -120.9529234, 46.8533649 ], [ -120.9531471, 46.8533101 ], [ -120.953411, 46.8534361 ], [ -120.9536428, 46.8535732 ], [ -120.9537868, 46.8536609 ], [ -120.9538188, 46.8539023 ], [ -120.953771, 46.8540613 ], [ -120.9538749, 46.8542751 ], [ -120.9541148, 46.8544067 ], [ -120.9544905, 46.8545767 ], [ -120.9547223, 46.8547193 ], [ -120.9548982, 46.8548345 ], [ -120.9551461, 46.8549495 ], [ -120.955378, 46.8550647 ], [ -120.9556098, 46.8552127 ], [ -120.9558897, 46.8554485 ], [ -120.9561216, 46.8556239 ], [ -120.9562896, 46.8557775 ], [ -120.9563535, 46.8558981 ], [ -120.9565614, 46.8561011 ], [ -120.9566974, 46.8562929 ], [ -120.9567214, 46.8563477 ], [ -120.95679, 46.8564888 ], [ -120.9567774, 46.8565002 ], [ -120.9562724, 46.8568137 ], [ -120.9558739, 46.8569532 ], [ -120.9554109, 46.8569552 ], [ -120.9547079, 46.8569342 ], [ -120.9538889, 46.8568932 ], [ -120.9538149, 46.8568902 ], [ -120.9530939, 46.8568222 ], [ -120.9530939, 46.8546372 ], [ -120.9530219, 46.8544792 ], [ -120.952361, 46.8530142 ], [ -120.950462, 46.8502952 ], [ -120.949529, 46.8488332 ], [ -120.949418, 46.8484322 ], [ -120.949296, 46.8479872 ], [ -120.94908, 46.8461032 ], [ -120.949029, 46.8456562 ], [ -120.948796, 46.8450842 ], [ -120.94853, 46.8447342 ], [ -120.948363, 46.8445142 ], [ -120.9455391, 46.8416322 ], [ -120.9454051, 46.8414711 ], [ -120.9451591, 46.8411742 ], [ -120.9444071, 46.8403432 ], [ -120.9438251, 46.8396442 ], [ -120.9432081, 46.8389012 ], [ -120.9430681, 46.8387332 ] ] ], [ [ [ -120.9490922, 46.8396493 ], [ -120.9488925, 46.8397865 ], [ -120.9487647, 46.8399784 ], [ -120.948517, 46.8401703 ], [ -120.948405, 46.8402691 ], [ -120.9482132, 46.8403953 ], [ -120.9480773, 46.8404665 ], [ -120.9478456, 46.8405323 ], [ -120.9476858, 46.8405543 ], [ -120.947486, 46.8405433 ], [ -120.9471743, 46.8405269 ], [ -120.9469984, 46.8404831 ], [ -120.9467827, 46.8404063 ], [ -120.9465829, 46.8402747 ], [ -120.9465349, 46.8401979 ], [ -120.9464949, 46.8400937 ], [ -120.9464309, 46.8398743 ], [ -120.9464229, 46.8398085 ], [ -120.946375, 46.8395453 ], [ -120.946383, 46.8394739 ], [ -120.946367, 46.8393807 ], [ -120.946335, 46.8392327 ], [ -120.9462471, 46.8390957 ], [ -120.9461591, 46.8390573 ], [ -120.9460072, 46.8389859 ], [ -120.9457115, 46.8388543 ], [ -120.9456236, 46.8388104 ], [ -120.945368, 46.8386131 ], [ -120.9451442, 46.8384321 ], [ -120.9450243, 46.8383773 ], [ -120.9447764, 46.8383225 ], [ -120.9445048, 46.8382895 ], [ -120.9441691, 46.8382511 ], [ -120.9439933, 46.8382237 ], [ -120.9436976, 46.8381799 ], [ -120.9435138, 46.8380757 ], [ -120.94329, 46.8379057 ], [ -120.943218, 46.8378563 ], [ -120.9430662, 46.8377577 ], [ -120.9430103, 46.8377191 ], [ -120.9429064, 46.8376479 ], [ -120.9428664, 46.8375053 ], [ -120.9428745, 46.8374121 ], [ -120.9429064, 46.8372585 ], [ -120.9429943, 46.8371051 ], [ -120.9430342, 46.8369733 ], [ -120.9431141, 46.8369021 ], [ -120.9433219, 46.8367979 ], [ -120.9434258, 46.8367649 ], [ -120.9436256, 46.8367101 ], [ -120.9437614, 46.8366443 ], [ -120.9438892, 46.8365839 ], [ -120.9440811, 46.8364797 ], [ -120.9442009, 46.8363207 ], [ -120.9442968, 46.8362329 ], [ -120.9444007, 46.8361617 ], [ -120.9445206, 46.8361013 ], [ -120.9446484, 46.8360409 ], [ -120.9447523, 46.8359807 ], [ -120.9448562, 46.8358051 ], [ -120.9449281, 46.8356077 ], [ -120.944968, 46.8353939 ], [ -120.944992, 46.8351855 ], [ -120.945, 46.8350263 ], [ -120.944976, 46.8347851 ], [ -120.9448481, 46.8344231 ], [ -120.9447122, 46.8340667 ], [ -120.9444965, 46.8338089 ], [ -120.9443766, 46.8336281 ], [ -120.9442807, 46.8335127 ], [ -120.9441928, 46.8334141 ], [ -120.9440969, 46.8333483 ], [ -120.944049, 46.8333155 ], [ -120.943863, 46.8329953 ], [ -120.9434518, 46.8326484 ], [ -120.9431499, 46.832475 ], [ -120.942758, 46.8323401 ], [ -120.9423919, 46.8322309 ], [ -120.9421156, 46.8321987 ], [ -120.941955, 46.8321923 ], [ -120.9416209, 46.8322373 ], [ -120.9413062, 46.8323015 ], [ -120.9410556, 46.8323658 ], [ -120.9407023, 46.8323529 ], [ -120.9404929, 46.8323208 ], [ -120.940493, 46.8322625 ], [ -120.9404529, 46.8320815 ], [ -120.940421, 46.8317963 ], [ -120.940509, 46.8316317 ], [ -120.9405648, 46.8314015 ], [ -120.9406447, 46.8312425 ], [ -120.9406368, 46.8310341 ], [ -120.9406752, 46.8309171 ], [ -120.9408573, 46.8306503 ], [ -120.9409547, 46.8305444 ], [ -120.9410521, 46.8305232 ], [ -120.9410944, 46.8304809 ], [ -120.9411156, 46.83043 ], [ -120.9411156, 46.8303496 ], [ -120.9410944, 46.8302183 ], [ -120.9410055, 46.8300574 ], [ -120.9408657, 46.829888 ], [ -120.940726, 46.8297101 ], [ -120.9406159, 46.8296169 ], [ -120.9404931, 46.8295111 ], [ -120.9403412, 46.8293833 ], [ -120.9401494, 46.8291585 ], [ -120.9400136, 46.8289774 ], [ -120.9399097, 46.8287581 ], [ -120.9397739, 46.8285827 ], [ -120.939606, 46.8283577 ], [ -120.9394703, 46.8280945 ], [ -120.9394383, 46.8280177 ], [ -120.9393983, 46.8278477 ], [ -120.9393504, 46.8275133 ], [ -120.9393184, 46.8274089 ], [ -120.9393025, 46.8269921 ], [ -120.9393424, 46.8268441 ], [ -120.9393743, 46.8267015 ], [ -120.9393743, 46.8266905 ], [ -120.9393425, 46.8266467 ], [ -120.9392466, 46.8266029 ], [ -120.9391746, 46.8266577 ], [ -120.9391107, 46.8266961 ], [ -120.9390946, 46.8267015 ], [ -120.9390787, 46.8266961 ], [ -120.9390468, 46.8266741 ], [ -120.9389829, 46.8266247 ], [ -120.938855, 46.8265371 ], [ -120.9387032, 46.8264219 ], [ -120.9385753, 46.8263341 ], [ -120.9385195, 46.8261971 ], [ -120.9385114, 46.8260819 ], [ -120.9384955, 46.8259393 ], [ -120.9385035, 46.8258131 ], [ -120.9384875, 46.8257089 ], [ -120.9384795, 46.8256815 ], [ -120.9383677, 46.8255553 ], [ -120.9382718, 46.8253633 ], [ -120.938136, 46.825111 ], [ -120.9379762, 46.8248533 ], [ -120.9378723, 46.8245957 ], [ -120.9378404, 46.8245133 ], [ -120.9378644, 46.8244641 ], [ -120.9379363, 46.8244257 ], [ -120.9380162, 46.8244037 ], [ -120.9380562, 46.8243763 ], [ -120.9380641, 46.8243379 ], [ -120.9380002, 46.8242227 ], [ -120.9378484, 46.8240637 ], [ -120.9376486, 46.8238883 ], [ -120.937377, 46.8236852 ], [ -120.9369776, 46.8234495 ], [ -120.9365542, 46.8231807 ], [ -120.9362266, 46.8229943 ], [ -120.9359071, 46.8228242 ], [ -120.9355476, 46.8226981 ], [ -120.9353158, 46.8226323 ], [ -120.9350361, 46.8226047 ], [ -120.9346767, 46.8225007 ], [ -120.9343251, 46.8224183 ], [ -120.9340056, 46.8223745 ], [ -120.9336061, 46.8223305 ], [ -120.9333344, 46.8223469 ], [ -120.9326873, 46.8222373 ], [ -120.9321601, 46.8221165 ], [ -120.9319922, 46.8220891 ], [ -120.9319044, 46.8220837 ], [ -120.9317926, 46.8220453 ], [ -120.9315529, 46.8219465 ], [ -120.9312334, 46.8217655 ], [ -120.9310416, 46.8216667 ], [ -120.9308978, 46.8215901 ], [ -120.93081, 46.8214967 ], [ -120.9307301, 46.8213487 ], [ -120.9306741, 46.8212281 ], [ -120.9306423, 46.8210855 ], [ -120.9306184, 46.8210251 ], [ -120.9305704, 46.8209155 ], [ -120.9305144, 46.8208497 ], [ -120.9304825, 46.8207839 ], [ -120.9304107, 46.8207015 ], [ -120.9303628, 46.8206687 ], [ -120.9302589, 46.8206083 ], [ -120.9304905, 46.8205535 ], [ -120.9307222, 46.8204163 ], [ -120.9309779, 46.8203671 ], [ -120.9312655, 46.8203507 ], [ -120.9313934, 46.8203781 ], [ -120.9315771, 46.8203835 ], [ -120.9318009, 46.8203835 ], [ -120.9320005, 46.8203945 ], [ -120.9321842, 46.8203727 ], [ -120.9322961, 46.8203343 ], [ -120.932472, 46.8202739 ], [ -120.9327276, 46.8201423 ], [ -120.9329913, 46.8200107 ], [ -120.9331511, 46.8199011 ], [ -120.9332229, 46.8198187 ], [ -120.9333028, 46.8197255 ], [ -120.9334707, 46.8195665 ], [ -120.9336624, 46.8194185 ], [ -120.9339379, 46.8192432 ], [ -120.9343793, 46.8192891 ], [ -120.9348983, 46.8193611 ], [ -120.9354312, 46.8194731 ], [ -120.9362362, 46.8194941 ], [ -120.9397372, 46.8194731 ], [ -120.9399702, 46.8195081 ], [ -120.9401612, 46.8196641 ], [ -120.9402462, 46.8198051 ], [ -120.9402532, 46.8200101 ], [ -120.9402192, 46.8236701 ], [ -120.9402232, 46.8240231 ], [ -120.9402372, 46.8241751 ], [ -120.9403112, 46.8243661 ], [ -120.9403852, 46.8244861 ], [ -120.9405582, 46.8246411 ], [ -120.9412612, 46.8250541 ], [ -120.9419952, 46.8254881 ], [ -120.9423832, 46.8256971 ], [ -120.9425882, 46.8257811 ], [ -120.9430012, 46.8259401 ], [ -120.9434072, 46.8260991 ], [ -120.9436581, 46.8262121 ], [ -120.9437991, 46.8263361 ], [ -120.9440111, 46.8265611 ], [ -120.9443571, 46.8271121 ], [ -120.9446601, 46.8275611 ], [ -120.9447061, 46.8276311 ], [ -120.9447591, 46.8277021 ], [ -120.9450311, 46.8281261 ], [ -120.9451261, 46.8282591 ], [ -120.9451691, 46.8284401 ], [ -120.9452071, 46.8286201 ], [ -120.9453171, 46.8293431 ], [ -120.9454181, 46.8299641 ], [ -120.9454761, 46.8300811 ], [ -120.9455641, 46.8301981 ], [ -120.9459661, 46.8306921 ], [ -120.9459881, 46.8307281 ], [ -120.9460541, 46.8308361 ], [ -120.9460761, 46.8308721 ], [ -120.9461111, 46.8309811 ], [ -120.9461221, 46.8311051 ], [ -120.9461151, 46.8318251 ], [ -120.9461691, 46.8321781 ], [ -120.9461981, 46.8322731 ], [ -120.9463671, 46.8326121 ], [ -120.9464651, 46.8327761 ], [ -120.9467621, 46.8332701 ], [ -120.9468611, 46.8334351 ], [ -120.9469601, 46.8335901 ], [ -120.9470261, 46.8337441 ], [ -120.9470771, 46.8338971 ], [ -120.9478711, 46.8358851 ], [ -120.9481521, 46.8366791 ], [ -120.9482961, 46.8369221 ], [ -120.9484521, 46.8370671 ], [ -120.9485721, 46.8371621 ], [ -120.9487761, 46.8372681 ], [ -120.9490941, 46.8373811 ], [ -120.949906, 46.8376071 ], [ -120.950376, 46.8377591 ], [ -120.95052, 46.8378121 ], [ -120.950647, 46.8378971 ], [ -120.950852, 46.8380841 ], [ -120.950966, 46.8382151 ], [ -120.951023, 46.8383131 ], [ -120.951055, 46.8384721 ], [ -120.951066, 46.8386311 ], [ -120.951037, 46.8389991 ], [ -120.95103, 46.8395101 ], [ -120.951069, 46.8397291 ], [ -120.951129, 46.8398951 ], [ -120.951221, 46.8400611 ], [ -120.951822, 46.8408881 ], [ -120.952654, 46.8419711 ], [ -120.9531855, 46.8426611 ], [ -120.954187, 46.8438341 ], [ -120.954622, 46.8452461 ], [ -120.954946, 46.8463441 ], [ -120.95499, 46.8467071 ], [ -120.95509, 46.8467751 ], [ -120.9554609, 46.8481801 ], [ -120.9558509, 46.8496532 ], [ -120.9558629, 46.8496982 ], [ -120.9558989, 46.8498362 ], [ -120.9559119, 46.8498831 ], [ -120.9559569, 46.8500522 ], [ -120.9560249, 46.8503112 ], [ -120.9560569, 46.8504322 ], [ -120.9560919, 46.8510022 ], [ -120.9561909, 46.8510481 ], [ -120.9562909, 46.8515622 ], [ -120.9563759, 46.8519982 ], [ -120.9565549, 46.8529232 ], [ -120.9565909, 46.8531042 ], [ -120.9566229, 46.8531912 ], [ -120.9570359, 46.8543482 ], [ -120.9572409, 46.8549242 ], [ -120.9573909, 46.8553432 ], [ -120.9574139, 46.8556092 ], [ -120.9574239, 46.8557112 ], [ -120.9573559, 46.8558302 ], [ -120.9571879, 46.8561242 ], [ -120.9570989, 46.8562062 ], [ -120.9570961, 46.8562087 ], [ -120.9570171, 46.8561229 ], [ -120.9569211, 46.8560077 ], [ -120.9568412, 46.8559199 ], [ -120.9566812, 46.8557171 ], [ -120.9564734, 46.8554977 ], [ -120.9562974, 46.8552509 ], [ -120.9562254, 46.8551632 ], [ -120.9560175, 46.8549987 ], [ -120.9555618, 46.8548123 ], [ -120.9554898, 46.8547739 ], [ -120.955258, 46.8546425 ], [ -120.9550582, 46.8545711 ], [ -120.9548103, 46.8544559 ], [ -120.9545784, 46.8543409 ], [ -120.9544424, 46.8542311 ], [ -120.9543785, 46.8541599 ], [ -120.9542825, 46.8539899 ], [ -120.9541306, 46.8538143 ], [ -120.9540666, 46.8537267 ], [ -120.9539467, 46.8535787 ], [ -120.9537147, 46.8533867 ], [ -120.9534909, 46.8532333 ], [ -120.953371, 46.8531783 ], [ -120.9531632, 46.8531289 ], [ -120.9531072, 46.8531017 ], [ -120.9529633, 46.8529974 ], [ -120.9527793, 46.8528439 ], [ -120.9527714, 46.8526465 ], [ -120.9527553, 46.8525039 ], [ -120.9526514, 46.8522515 ], [ -120.9525633, 46.8519939 ], [ -120.9525474, 46.8519445 ], [ -120.9525793, 46.8516319 ], [ -120.9525792, 46.8515113 ], [ -120.9526031, 46.8512645 ], [ -120.9526032, 46.8511657 ], [ -120.9525952, 46.8509847 ], [ -120.9525631, 46.8508313 ], [ -120.9524751, 46.8506063 ], [ -120.9524192, 46.8504802 ], [ -120.9522832, 46.8502445 ], [ -120.9521074, 46.8500141 ], [ -120.9518754, 46.8497125 ], [ -120.9516836, 46.8495535 ], [ -120.9515237, 46.8493835 ], [ -120.9513717, 46.8492355 ], [ -120.951116, 46.8489393 ], [ -120.9507402, 46.8486651 ], [ -120.9505323, 46.8484733 ], [ -120.9503645, 46.8483471 ], [ -120.9502286, 46.8482429 ], [ -120.9500607, 46.8481113 ], [ -120.9499567, 46.8479797 ], [ -120.9499247, 46.8477877 ], [ -120.9499887, 46.8474477 ], [ -120.9500365, 46.8473107 ], [ -120.9500366, 46.8472613 ], [ -120.9500286, 46.8471297 ], [ -120.9500844, 46.8468719 ], [ -120.9501244, 46.8466963 ], [ -120.9503162, 46.8464715 ], [ -120.9504201, 46.8463453 ], [ -120.95054, 46.8462301 ], [ -120.9506518, 46.8461425 ], [ -120.9507477, 46.8461041 ], [ -120.9508917, 46.8460163 ], [ -120.9510115, 46.8459285 ], [ -120.9511233, 46.8458737 ], [ -120.9512193, 46.8458297 ], [ -120.9513152, 46.8457749 ], [ -120.9513792, 46.8457037 ], [ -120.9514351, 46.8455775 ], [ -120.9514669, 46.8454129 ], [ -120.9514749, 46.8452485 ], [ -120.9514829, 46.8451003 ], [ -120.9514749, 46.8449139 ], [ -120.9514669, 46.8447877 ], [ -120.9514108, 46.8445025 ], [ -120.951323, 46.8442503 ], [ -120.9513149, 46.8441625 ], [ -120.9512829, 46.8440529 ], [ -120.951227, 46.8439049 ], [ -120.951155, 46.8436635 ], [ -120.951083, 46.8434881 ], [ -120.9510191, 46.8433673 ], [ -120.9508991, 46.8432741 ], [ -120.9506673, 46.8429891 ], [ -120.9506033, 46.8428685 ], [ -120.9504994, 46.8427313 ], [ -120.9503955, 46.8425119 ], [ -120.9502595, 46.8422487 ], [ -120.9501956, 46.8421117 ], [ -120.9501477, 46.8419691 ], [ -120.9501395, 46.8419307 ], [ -120.9501316, 46.8418045 ], [ -120.9501316, 46.8417496 ], [ -120.9501555, 46.8416181 ], [ -120.9502355, 46.8414644 ], [ -120.9503313, 46.8413987 ], [ -120.9504193, 46.8413219 ], [ -120.9504672, 46.8412066 ], [ -120.9505471, 46.8411299 ], [ -120.9507149, 46.8411627 ], [ -120.9507469, 46.8408941 ], [ -120.9507148, 46.8405595 ], [ -120.9506828, 46.8404005 ], [ -120.9506268, 46.8401867 ], [ -120.9505949, 46.8400879 ], [ -120.9504909, 46.8398631 ], [ -120.9503231, 46.8397369 ], [ -120.9501553, 46.8396327 ], [ -120.9500033, 46.8395451 ], [ -120.9498595, 46.8395121 ], [ -120.9496837, 46.8395011 ], [ -120.9494759, 46.8394847 ], [ -120.949364, 46.8394792 ], [ -120.9492601, 46.8395123 ], [ -120.9490922, 46.8396493 ] ] ], [ [ [ -121.0083462, 46.9111112 ], [ -121.0087542, 46.9109192 ], [ -121.0093792, 46.9106842 ], [ -121.0103472, 46.9105422 ], [ -121.0108782, 46.9103502 ], [ -121.0116522, 46.9100712 ], [ -121.0131022, 46.9089362 ], [ -121.0132462, 46.9087502 ], [ -121.0138632, 46.9082292 ], [ -121.0140712, 46.9078942 ], [ -121.0142792, 46.9077082 ], [ -121.0144152, 46.9074722 ], [ -121.0153122, 46.9069022 ], [ -121.0155932, 46.9066232 ], [ -121.0159372, 46.9064312 ], [ -121.0162812, 46.9061462 ], [ -121.0166262, 46.9059602 ], [ -121.0169062, 46.9057732 ], [ -121.0176582, 46.9054882 ], [ -121.0179392, 46.9053352 ], [ -121.0180022, 46.9053022 ], [ -121.0183552, 46.9050612 ], [ -121.0185552, 46.9048252 ], [ -121.0190432, 46.9045892 ], [ -121.0202122, 46.9044032 ], [ -121.0206092, 46.9043442 ], [ -121.0208177, 46.9043127 ], [ -121.0213007, 46.9040187 ], [ -121.0213061, 46.9040156 ], [ -121.0213066, 46.9040171 ], [ -121.0213466, 46.9041159 ], [ -121.0213466, 46.9041323 ], [ -121.0213545, 46.9042531 ], [ -121.0216263, 46.9044669 ], [ -121.0219543, 46.9047249 ], [ -121.0218021, 46.9048289 ], [ -121.022266, 46.9052405 ], [ -121.0228978, 46.9057015 ], [ -121.0234576, 46.9060251 ], [ -121.0234816, 46.9060361 ], [ -121.0236897, 46.9060581 ], [ -121.0241458, 46.9060857 ], [ -121.0248339, 46.9061023 ], [ -121.025586, 46.9061958 ], [ -121.0262022, 46.9063771 ], [ -121.0269943, 46.9064047 ], [ -121.0281707, 46.906405 ], [ -121.0287148, 46.9064491 ], [ -121.029627, 46.9062683 ], [ -121.0304273, 46.9062521 ], [ -121.0307314, 46.9063401 ], [ -121.0315233, 46.9067953 ], [ -121.0320593, 46.9070369 ], [ -121.0326113, 46.9072344 ], [ -121.0333714, 46.9074211 ], [ -121.0341317, 46.9074433 ], [ -121.0349798, 46.907564 ], [ -121.0350199, 46.9075587 ], [ -121.0350999, 46.9075313 ], [ -121.0352519, 46.9074654 ], [ -121.035348, 46.9074709 ], [ -121.035572, 46.9075093 ], [ -121.035708, 46.9075422 ], [ -121.0362922, 46.9075809 ], [ -121.0366123, 46.9076028 ], [ -121.0369644, 46.9076248 ], [ -121.0375486, 46.9076194 ], [ -121.0381404, 46.9082503 ], [ -121.0384444, 46.9086233 ], [ -121.0387083, 46.9089524 ], [ -121.0391083, 46.9091499 ], [ -121.0396603, 46.90949 ], [ -121.0399724, 46.9096601 ], [ -121.0405563, 46.9100825 ], [ -121.0412605, 46.9103294 ], [ -121.0419805, 46.910686 ], [ -121.0420766, 46.9107245 ], [ -121.0424125, 46.9112181 ], [ -121.0426444, 46.9116185 ], [ -121.0430444, 46.9122219 ], [ -121.0433403, 46.9125509 ], [ -121.0433322, 46.9128032 ], [ -121.0435642, 46.9131379 ], [ -121.0439562, 46.9136699 ], [ -121.0445243, 46.9139989 ], [ -121.0448124, 46.9140758 ], [ -121.0459087, 46.9142789 ], [ -121.0461808, 46.9143831 ], [ -121.046485, 46.9144928 ], [ -121.0466448, 46.9149755 ], [ -121.0465406, 46.9155568 ], [ -121.0465004, 46.916023 ], [ -121.0465963, 46.9163959 ], [ -121.0470284, 46.9167964 ], [ -121.0472524, 46.9170706 ], [ -121.0475966, 46.9172845 ], [ -121.0480847, 46.9175643 ], [ -121.0486369, 46.9177343 ], [ -121.0493012, 46.9177179 ], [ -121.0500696, 46.9176961 ], [ -121.0507258, 46.9180417 ], [ -121.0511019, 46.9183543 ], [ -121.0514141, 46.9186012 ], [ -121.0520303, 46.9188754 ], [ -121.0528706, 46.9193142 ], [ -121.0532467, 46.9197585 ], [ -121.0534067, 46.9200821 ], [ -121.0536788, 46.9205209 ], [ -121.0539988, 46.9208774 ], [ -121.0543911, 46.9212503 ], [ -121.0543189, 46.9216836 ], [ -121.0538145, 46.9220894 ], [ -121.0533022, 46.9222319 ], [ -121.0523896, 46.922369 ], [ -121.0523096, 46.9223799 ], [ -121.0518774, 46.9224128 ], [ -121.051325, 46.9224128 ], [ -121.0508608, 46.9224401 ], [ -121.0507968, 46.9224401 ], [ -121.0501564, 46.9225442 ], [ -121.0499162, 46.9226264 ], [ -121.0498361, 46.9226429 ], [ -121.0497801, 46.9226429 ], [ -121.0497161, 46.9226703 ], [ -121.04958, 46.9227361 ], [ -121.0492757, 46.9227965 ], [ -121.0489876, 46.9227196 ], [ -121.0487394, 46.9227854 ], [ -121.0483072, 46.9230485 ], [ -121.0479549, 46.9233008 ], [ -121.0473944, 46.9237614 ], [ -121.0472822, 46.9239095 ], [ -121.047074, 46.9241946 ], [ -121.0468737, 46.9248143 ], [ -121.0466333, 46.9254504 ], [ -121.0463771, 46.925604 ], [ -121.046441, 46.9259057 ], [ -121.046649, 46.9264705 ], [ -121.046929, 46.9271561 ], [ -121.047473, 46.9278691 ], [ -121.0480973, 46.9285163 ], [ -121.0484975, 46.9287906 ], [ -121.0489778, 46.9289333 ], [ -121.0496263, 46.929054 ], [ -121.0503066, 46.929257 ], [ -121.0506033, 46.9293943 ], [ -121.050947, 46.9295533 ], [ -121.051307, 46.9304856 ], [ -121.0516832, 46.9307433 ], [ -121.0520994, 46.9311766 ], [ -121.0524916, 46.9315715 ], [ -121.0529399, 46.931939 ], [ -121.0534523, 46.9322681 ], [ -121.0541326, 46.9327071 ], [ -121.054621, 46.9329264 ], [ -121.0548612, 46.9329264 ], [ -121.0549252, 46.9329264 ], [ -121.0552375, 46.93291 ], [ -121.0562062, 46.9330472 ], [ -121.0567906, 46.933283 ], [ -121.057263, 46.9334969 ], [ -121.057495, 46.9338699 ], [ -121.057591, 46.9340837 ], [ -121.0581115, 46.9346596 ], [ -121.0586958, 46.935581 ], [ -121.059032, 46.9361953 ], [ -121.0594163, 46.9365463 ], [ -121.0600007, 46.936815 ], [ -121.0608814, 46.9370728 ], [ -121.0614019, 46.9372702 ], [ -121.0620505, 46.9374732 ], [ -121.0629873, 46.9378296 ], [ -121.0636278, 46.9381642 ], [ -121.063812, 46.9386359 ], [ -121.063868, 46.9389375 ], [ -121.063932, 46.93925 ], [ -121.0640041, 46.9398807 ], [ -121.0638439, 46.9407253 ], [ -121.0636918, 46.9411366 ], [ -121.0641082, 46.9417893 ], [ -121.0646767, 46.9422664 ], [ -121.0653894, 46.9426393 ], [ -121.0662061, 46.9429793 ], [ -121.0670631, 46.94327 ], [ -121.0680158, 46.9436923 ], [ -121.0687207, 46.9442461 ], [ -121.0692333, 46.9446739 ], [ -121.0695295, 46.9451838 ], [ -121.0696337, 46.9453155 ], [ -121.0699299, 46.9456775 ], [ -121.0704025, 46.9464507 ], [ -121.0708109, 46.9471088 ], [ -121.0709871, 46.947394 ], [ -121.0711073, 46.947882 ], [ -121.0710835, 46.948765 ], [ -121.0713159, 46.9492805 ], [ -121.0718283, 46.9498947 ], [ -121.0717805, 46.9508764 ], [ -121.0716605, 46.951189 ], [ -121.071653, 46.9512142 ], [ -121.0715627, 46.9512174 ], [ -121.0712337, 46.9512264 ], [ -121.0710877, 46.9512314 ], [ -121.0687947, 46.9513003 ], [ -121.0688307, 46.9475793 ], [ -121.0635537, 46.9475353 ], [ -121.0635518, 46.9440813 ], [ -121.0635293, 46.9439583 ], [ -121.0594708, 46.9439193 ], [ -121.0582788, 46.9439073 ], [ -121.0582768, 46.9366943 ], [ -121.0550718, 46.9366833 ], [ -121.0529878, 46.9366763 ], [ -121.0530029, 46.9330283 ], [ -121.0476979, 46.9330263 ], [ -121.0424789, 46.9330243 ], [ -121.042464, 46.9236092 ], [ -121.042459, 46.9223872 ], [ -121.042458, 46.9221432 ], [ -121.042397, 46.9221432 ], [ -121.037184, 46.9221532 ], [ -121.037183, 46.9218062 ], [ -121.037182, 46.9212542 ], [ -121.037176, 46.9185722 ], [ -121.031873, 46.9185372 ], [ -121.0318821, 46.9148942 ], [ -121.0266081, 46.9149302 ], [ -121.0266361, 46.9113112 ], [ -121.0251671, 46.9113142 ], [ -121.0227261, 46.9113192 ], [ -121.0135292, 46.9113442 ], [ -121.0079012, 46.9112762 ], [ -121.0083462, 46.9111112 ] ] ], [ [ [ -121.0498744, 46.9288402 ], [ -121.049074, 46.9286317 ], [ -121.0485696, 46.9285603 ], [ -121.0482495, 46.9283354 ], [ -121.0479533, 46.9279186 ], [ -121.0476814, 46.9275291 ], [ -121.0474413, 46.9270739 ], [ -121.0471854, 46.9264815 ], [ -121.0470414, 46.9260483 ], [ -121.0470175, 46.9256534 ], [ -121.0470417, 46.925116 ], [ -121.0471939, 46.9247924 ], [ -121.0473701, 46.9243373 ], [ -121.0475624, 46.9240247 ], [ -121.0481388, 46.9236189 ], [ -121.0486672, 46.9233886 ], [ -121.0493236, 46.9231913 ], [ -121.049812, 46.9230104 ], [ -121.0505164, 46.9227636 ], [ -121.0515651, 46.9227583 ], [ -121.0518292, 46.9227363 ], [ -121.0527658, 46.9226377 ], [ -121.0536464, 46.9224623 ], [ -121.054519, 46.9220017 ], [ -121.0546311, 46.9219195 ], [ -121.0547432, 46.9216069 ], [ -121.0546792, 46.9212284 ], [ -121.0545352, 46.9208829 ], [ -121.0543912, 46.9204935 ], [ -121.0542231, 46.9201315 ], [ -121.0540231, 46.9197147 ], [ -121.0539111, 46.9196269 ], [ -121.053783, 46.9195337 ], [ -121.053487, 46.9193307 ], [ -121.0534709, 46.9193198 ], [ -121.0533028, 46.919276 ], [ -121.0532388, 46.9192595 ], [ -121.0528947, 46.9190016 ], [ -121.0525906, 46.9187933 ], [ -121.0522704, 46.9185683 ], [ -121.0516623, 46.9182283 ], [ -121.050902, 46.9177456 ], [ -121.0504138, 46.917603 ], [ -121.0499016, 46.9174493 ], [ -121.0494213, 46.9174603 ], [ -121.048797, 46.9174876 ], [ -121.0482049, 46.917323 ], [ -121.0477567, 46.9170159 ], [ -121.0474046, 46.9167251 ], [ -121.0471327, 46.9163027 ], [ -121.0470208, 46.9158805 ], [ -121.0469808, 46.9155569 ], [ -121.0470769, 46.9151126 ], [ -121.047093, 46.9150359 ], [ -121.0471251, 46.9148001 ], [ -121.0470051, 46.9145807 ], [ -121.0466451, 46.9143338 ], [ -121.0459569, 46.9140595 ], [ -121.0457488, 46.9139662 ], [ -121.045748, 46.9139659 ], [ -121.045756, 46.9139572 ], [ -121.045942, 46.9137662 ], [ -121.046027, 46.9136862 ], [ -121.046121, 46.9135992 ], [ -121.046539, 46.9137862 ], [ -121.04705, 46.9141782 ], [ -121.047237, 46.9145612 ], [ -121.047399, 46.9148932 ], [ -121.047691, 46.9152652 ], [ -121.0481495, 46.9157752 ], [ -121.048626, 46.9163412 ], [ -121.049766, 46.9166522 ], [ -121.050482, 46.9170282 ], [ -121.050729, 46.9172322 ], [ -121.051407, 46.9178242 ], [ -121.051619, 46.9180042 ], [ -121.051852, 46.9181572 ], [ -121.051917, 46.9182012 ], [ -121.0523579, 46.9185032 ], [ -121.0526879, 46.9186642 ], [ -121.0530429, 46.9188072 ], [ -121.0536069, 46.9188552 ], [ -121.0537379, 46.9189982 ], [ -121.0537859, 46.9190502 ], [ -121.0538609, 46.9191382 ], [ -121.0541139, 46.9193132 ], [ -121.0546789, 46.9193902 ], [ -121.0555409, 46.9194462 ], [ -121.0557494, 46.9195992 ], [ -121.0556179, 46.9197462 ], [ -121.0552169, 46.9197252 ], [ -121.0546049, 46.9196782 ], [ -121.0544729, 46.9197362 ], [ -121.0543909, 46.9197702 ], [ -121.0543559, 46.9200512 ], [ -121.0543669, 46.9202882 ], [ -121.0545359, 46.9205432 ], [ -121.0547779, 46.9209232 ], [ -121.0548219, 46.9215122 ], [ -121.0548529, 46.9223702 ], [ -121.0546369, 46.9230302 ], [ -121.0539269, 46.9239333 ], [ -121.0533839, 46.9246553 ], [ -121.0530454, 46.9251358 ], [ -121.0525659, 46.9258363 ], [ -121.0520109, 46.9272122 ], [ -121.0517959, 46.9283803 ], [ -121.0518999, 46.9288973 ], [ -121.0519129, 46.9289933 ], [ -121.0518919, 46.9294133 ], [ -121.0519249, 46.9296703 ], [ -121.0519999, 46.9298533 ], [ -121.0520549, 46.9299633 ], [ -121.0522639, 46.9302183 ], [ -121.0524249, 46.9304343 ], [ -121.0525689, 46.9306333 ], [ -121.0527559, 46.9307923 ], [ -121.0530009, 46.9309793 ], [ -121.0532219, 46.9311983 ], [ -121.0533159, 46.9312893 ], [ -121.0535509, 46.9314263 ], [ -121.0538129, 46.9315633 ], [ -121.0541899, 46.9317603 ], [ -121.0546069, 46.9319623 ], [ -121.0550209, 46.9320623 ], [ -121.0552489, 46.9321393 ], [ -121.0554319, 46.9322593 ], [ -121.0556239, 46.9323803 ], [ -121.0557199, 46.9324763 ], [ -121.0558599, 46.9325843 ], [ -121.0560899, 46.9326683 ], [ -121.0563399, 46.9327353 ], [ -121.0567428, 46.9328723 ], [ -121.0569278, 46.9329303 ], [ -121.0570028, 46.9329663 ], [ -121.0570478, 46.9330183 ], [ -121.0571298, 46.9330853 ], [ -121.0572648, 46.9331443 ], [ -121.0573868, 46.9331843 ], [ -121.0575668, 46.9332443 ], [ -121.0577788, 46.9333473 ], [ -121.0579518, 46.9334053 ], [ -121.0580548, 46.9334873 ], [ -121.0581608, 46.9335803 ], [ -121.0582878, 46.9337853 ], [ -121.0584298, 46.9341353 ], [ -121.0585808, 46.9343733 ], [ -121.0589358, 46.9347173 ], [ -121.0593498, 46.9351603 ], [ -121.0597748, 46.9355693 ], [ -121.0599688, 46.9357113 ], [ -121.0602648, 46.9359373 ], [ -121.0605718, 46.9361503 ], [ -121.0608598, 46.9363233 ], [ -121.0610958, 46.9364633 ], [ -121.0613768, 46.9365833 ], [ -121.0617148, 46.9366993 ], [ -121.0620108, 46.9367873 ], [ -121.0622478, 46.9369193 ], [ -121.0624478, 46.9370103 ], [ -121.0626178, 46.9370663 ], [ -121.0627258, 46.9371023 ], [ -121.0628268, 46.9371743 ], [ -121.0629638, 46.9372873 ], [ -121.0632688, 46.9375053 ], [ -121.0635528, 46.9377163 ], [ -121.0637348, 46.9378373 ], [ -121.0638888, 46.9379213 ], [ -121.0640618, 46.9380423 ], [ -121.0642278, 46.9381893 ], [ -121.0647418, 46.9386943 ], [ -121.0650678, 46.9392343 ], [ -121.0653008, 46.9395323 ], [ -121.0654908, 46.9397003 ], [ -121.0659068, 46.9401263 ], [ -121.0663388, 46.9407483 ], [ -121.0666608, 46.9412063 ], [ -121.0672777, 46.9419873 ], [ -121.0676017, 46.9423863 ], [ -121.0678537, 46.9426863 ], [ -121.0680627, 46.9428883 ], [ -121.0683777, 46.9431113 ], [ -121.0688127, 46.9434093 ], [ -121.0695357, 46.9440313 ], [ -121.0699057, 46.9443143 ], [ -121.0701577, 46.9445093 ], [ -121.0702877, 46.9446293 ], [ -121.0705297, 46.9448723 ], [ -121.0707147, 46.9451093 ], [ -121.0708517, 46.9453183 ], [ -121.0708947, 46.9455903 ], [ -121.0709937, 46.9460443 ], [ -121.0710947, 46.9463443 ], [ -121.0712267, 46.9466613 ], [ -121.0713637, 46.9470093 ], [ -121.0714757, 46.9472163 ], [ -121.0716657, 46.9474943 ], [ -121.0718727, 46.9477953 ], [ -121.0720307, 46.9482103 ], [ -121.0720547, 46.9484983 ], [ -121.0720627, 46.9487603 ], [ -121.0720647, 46.9489283 ], [ -121.0721057, 46.9490103 ], [ -121.0721677, 46.9490993 ], [ -121.0722377, 46.9491763 ], [ -121.0724037, 46.9492963 ], [ -121.0724797, 46.9493693 ], [ -121.0725087, 46.9494863 ], [ -121.0725377, 46.9497013 ], [ -121.0722857, 46.9497293 ], [ -121.0720366, 46.9497623 ], [ -121.0719805, 46.9496644 ], [ -121.0717403, 46.9494944 ], [ -121.0714759, 46.9491215 ], [ -121.0714839, 46.9488802 ], [ -121.0713637, 46.9485841 ], [ -121.0713477, 46.9482934 ], [ -121.0714439, 46.9479423 ], [ -121.0712435, 46.947564 ], [ -121.0709953, 46.9471966 ], [ -121.0708831, 46.9469772 ], [ -121.0708189, 46.9468565 ], [ -121.0706667, 46.9464014 ], [ -121.0705226, 46.945968 ], [ -121.0703143, 46.9455293 ], [ -121.0701781, 46.9452222 ], [ -121.0700741, 46.9448987 ], [ -121.0698498, 46.9445587 ], [ -121.0693612, 46.9443723 ], [ -121.069105, 46.9442077 ], [ -121.0687606, 46.9439225 ], [ -121.0682321, 46.9435332 ], [ -121.0678878, 46.9432754 ], [ -121.067191, 46.9430287 ], [ -121.0668067, 46.9428642 ], [ -121.0664464, 46.9425844 ], [ -121.0659499, 46.9422828 ], [ -121.0656457, 46.9420854 ], [ -121.0653253, 46.9418825 ], [ -121.0648528, 46.9417235 ], [ -121.0644044, 46.9415534 ], [ -121.0643965, 46.941537 ], [ -121.0643325, 46.9412079 ], [ -121.0643803, 46.9407857 ], [ -121.0644765, 46.9402591 ], [ -121.0645325, 46.9399795 ], [ -121.0645405, 46.9399246 ], [ -121.0646287, 46.9392775 ], [ -121.0643003, 46.938921 ], [ -121.0641242, 46.93874 ], [ -121.0641162, 46.9384877 ], [ -121.0640201, 46.9382355 ], [ -121.0635957, 46.9379502 ], [ -121.0631153, 46.9375884 ], [ -121.0626109, 46.9372593 ], [ -121.0620264, 46.9370563 ], [ -121.0616021, 46.9369522 ], [ -121.0614673, 46.9369291 ], [ -121.0609616, 46.9368424 ], [ -121.0604972, 46.9367437 ], [ -121.0599687, 46.9365737 ], [ -121.0596645, 46.9364147 ], [ -121.0593282, 46.9362501 ], [ -121.0591361, 46.9360417 ], [ -121.0588479, 46.9355645 ], [ -121.0586798, 46.9351861 ], [ -121.0583597, 46.9346925 ], [ -121.0580635, 46.9341824 ], [ -121.0579995, 46.933623 ], [ -121.0578233, 46.9334585 ], [ -121.0572149, 46.9332501 ], [ -121.0568707, 46.9330033 ], [ -121.0562862, 46.9327839 ], [ -121.0557098, 46.9326522 ], [ -121.0551814, 46.9326851 ], [ -121.0547811, 46.9326631 ], [ -121.0544609, 46.9326467 ], [ -121.0541887, 46.9325151 ], [ -121.0538445, 46.9322572 ], [ -121.0533082, 46.9317691 ], [ -121.0525959, 46.9309025 ], [ -121.0520837, 46.9302827 ], [ -121.0520517, 46.9302553 ], [ -121.0516274, 46.9298439 ], [ -121.0513073, 46.929471 ], [ -121.0510191, 46.9293229 ], [ -121.0508991, 46.9292297 ], [ -121.050747, 46.9290815 ], [ -121.0504348, 46.9289169 ], [ -121.0498744, 46.9288402 ] ] ], [ [ [ -121.0655415, 46.9423487 ], [ -121.0654613, 46.9423706 ], [ -121.0653493, 46.9423432 ], [ -121.0651891, 46.9423048 ], [ -121.0650611, 46.9422499 ], [ -121.0649329, 46.9421622 ], [ -121.0647888, 46.9420526 ], [ -121.0646126, 46.9418716 ], [ -121.0649169, 46.9419374 ], [ -121.065085, 46.9420141 ], [ -121.0652132, 46.94208 ], [ -121.0654295, 46.942217 ], [ -121.0655415, 46.9423487 ] ] ], [ [ [ -121.0698979, 46.9450741 ], [ -121.0699619, 46.9452113 ], [ -121.0697859, 46.9451619 ], [ -121.0696577, 46.9449536 ], [ -121.0695295, 46.9446903 ], [ -121.0696255, 46.9447287 ], [ -121.0697617, 46.9449097 ], [ -121.0698979, 46.9450741 ] ] ], [ [ [ -120.494289, 46.375349 ], [ -120.494083, 46.379844 ], [ -120.487588, 46.379702 ], [ -120.487794, 46.375206 ], [ -120.494289, 46.375349 ] ] ], [ [ [ -120.610201, 46.402352 ], [ -120.610004, 46.406848 ], [ -120.603505, 46.406712 ], [ -120.603702, 46.402216 ], [ -120.610201, 46.402352 ] ] ], [ [ [ -120.50428, 46.5389274 ], [ -120.5055556, 46.5389346 ], [ -120.5074719, 46.5389453 ], [ -120.5124974, 46.5390163 ], [ -120.5124863, 46.5369563 ], [ -120.5124777, 46.5353801 ], [ -120.5155263, 46.5354144 ], [ -120.5156253, 46.5354156 ], [ -120.5178062, 46.5354421 ], [ -120.5200598, 46.5354695 ], [ -120.5231045, 46.5355064 ], [ -120.5230779, 46.537033 ], [ -120.5230419, 46.5390972 ], [ -120.5230285, 46.5398518 ], [ -120.5230096, 46.5409658 ], [ -120.5229884, 46.5416949 ], [ -120.5229811, 46.5426109 ], [ -120.5229804, 46.5426932 ], [ -120.523175, 46.5426923 ], [ -120.5231123, 46.5463282 ], [ -120.5228196, 46.5463257 ], [ -120.5211548, 46.5463091 ], [ -120.5210038, 46.5463078 ], [ -120.5199641, 46.5462992 ], [ -120.5188573, 46.54629 ], [ -120.517727, 46.5462807 ], [ -120.5176538, 46.5481109 ], [ -120.5135591, 46.5481131 ], [ -120.5124278, 46.5480972 ], [ -120.5124524, 46.546863 ], [ -120.5124632, 46.5462836 ], [ -120.5137744, 46.5462881 ], [ -120.5137973, 46.5450698 ], [ -120.5138086, 46.5444666 ], [ -120.5138101, 46.5443843 ], [ -120.5138396, 46.5427223 ], [ -120.5074445, 46.5426892 ], [ -120.5074054, 46.5464797 ], [ -120.5022494, 46.5465712 ], [ -120.5023432, 46.5426997 ], [ -120.5022308, 46.5425866 ], [ -120.4996042, 46.5425475 ], [ -120.4978593, 46.5425186 ], [ -120.4978806, 46.54244 ], [ -120.4981154, 46.5415732 ], [ -120.4982697, 46.5410033 ], [ -120.4982839, 46.5410037 ], [ -120.4995721, 46.5410369 ], [ -120.5001608, 46.5412848 ], [ -120.5003923, 46.5409371 ], [ -120.5005724, 46.5406667 ], [ -120.5008081, 46.5406705 ], [ -120.5013246, 46.5406791 ], [ -120.5018412, 46.5406876 ], [ -120.5020089, 46.5406903 ], [ -120.5023395, 46.5406958 ], [ -120.5023409, 46.5401602 ], [ -120.502341, 46.5401349 ], [ -120.5023429, 46.5394123 ], [ -120.5023441, 46.5389735 ], [ -120.5023689, 46.5389164 ], [ -120.5030044, 46.5389201 ], [ -120.5036422, 46.5389237 ], [ -120.50428, 46.5389274 ] ] ], [ [ [ -120.5139884, 46.5513347 ], [ -120.5141195, 46.5513121 ], [ -120.5143062, 46.5513263 ], [ -120.5144493, 46.5513638 ], [ -120.5146011, 46.5513845 ], [ -120.5146847, 46.5515049 ], [ -120.5148653, 46.5514758 ], [ -120.5148401, 46.5513879 ], [ -120.5148669, 46.5512682 ], [ -120.5150197, 46.5512214 ], [ -120.5152143, 46.5512469 ], [ -120.5152972, 46.5512805 ], [ -120.5154118, 46.5513017 ], [ -120.5154826, 46.5513017 ], [ -120.5156274, 46.551294 ], [ -120.5156927, 46.551352 ], [ -120.5156182, 46.5513967 ], [ -120.5156102, 46.5514049 ], [ -120.5156022, 46.5514131 ], [ -120.5155141, 46.5515443 ], [ -120.515514, 46.5515445 ], [ -120.5154127, 46.5516163 ], [ -120.5152906, 46.5517029 ], [ -120.5152416, 46.5517156 ], [ -120.5151234, 46.5517463 ], [ -120.5150561, 46.5517421 ], [ -120.5149406, 46.5517348 ], [ -120.5147867, 46.5516945 ], [ -120.5146866, 46.5516683 ], [ -120.5144961, 46.5516074 ], [ -120.5141939, 46.5516175 ], [ -120.5140984, 46.5516337 ], [ -120.5140066, 46.5516251 ], [ -120.5137965, 46.5516054 ], [ -120.513479, 46.5515222 ], [ -120.5128506, 46.5513554 ], [ -120.5126851, 46.5513115 ], [ -120.5124063, 46.551243 ], [ -120.5123913, 46.5512394 ], [ -120.5120669, 46.5512002 ], [ -120.5120656, 46.5512001 ], [ -120.5118667, 46.5512324 ], [ -120.5117148, 46.5513856 ], [ -120.5117033, 46.5514012 ], [ -120.5116558, 46.5514441 ], [ -120.511587, 46.5514949 ], [ -120.5112368, 46.5515652 ], [ -120.5112367, 46.5515652 ], [ -120.5111274, 46.5515484 ], [ -120.5110717, 46.5515399 ], [ -120.5110541, 46.5515372 ], [ -120.5109795, 46.5515112 ], [ -120.5109113, 46.5514875 ], [ -120.5107751, 46.5514085 ], [ -120.5107681, 46.5513997 ], [ -120.5107371, 46.5513608 ], [ -120.51069, 46.5512455 ], [ -120.5106187, 46.5511959 ], [ -120.5106186, 46.5511959 ], [ -120.510519, 46.5512088 ], [ -120.5104119, 46.5512227 ], [ -120.5103231, 46.5512784 ], [ -120.5103161, 46.5512828 ], [ -120.5103045, 46.5512916 ], [ -120.5102525, 46.5513312 ], [ -120.5100693, 46.5514027 ], [ -120.5100691, 46.5514028 ], [ -120.5099896, 46.5515345 ], [ -120.5099895, 46.5515346 ], [ -120.5099488, 46.5515998 ], [ -120.5099487, 46.5515999 ], [ -120.5098643, 46.5516534 ], [ -120.5097255, 46.5517309 ], [ -120.5096365, 46.5518259 ], [ -120.5095975, 46.5518676 ], [ -120.5095396, 46.5518874 ], [ -120.5095338, 46.5518894 ], [ -120.5094385, 46.5518617 ], [ -120.5093673, 46.5517957 ], [ -120.5093282, 46.5516749 ], [ -120.5092665, 46.5516595 ], [ -120.5092171, 46.5516471 ], [ -120.5089071, 46.5516397 ], [ -120.5088992, 46.5516276 ], [ -120.5088911, 46.5516152 ], [ -120.5088755, 46.5515913 ], [ -120.5088758, 46.5515445 ], [ -120.5088759, 46.5515255 ], [ -120.5088382, 46.5514817 ], [ -120.5088285, 46.5514705 ], [ -120.5086524, 46.5513388 ], [ -120.5085118, 46.5512337 ], [ -120.5084868, 46.551159 ], [ -120.5084805, 46.5511404 ], [ -120.508479, 46.5511283 ], [ -120.5084729, 46.55108 ], [ -120.5084561, 46.5510618 ], [ -120.5084415, 46.5510461 ], [ -120.5084018, 46.551003 ], [ -120.5083479, 46.5509863 ], [ -120.508288, 46.5509677 ], [ -120.5082589, 46.5509587 ], [ -120.5081776, 46.5509487 ], [ -120.5081763, 46.5509485 ], [ -120.5079252, 46.5509166 ], [ -120.5079093, 46.5509138 ], [ -120.5077784, 46.5509015 ], [ -120.5077781, 46.5509015 ], [ -120.5076074, 46.5508855 ], [ -120.5074163, 46.5509508 ], [ -120.5069952, 46.5510823 ], [ -120.5069909, 46.5510836 ], [ -120.506833, 46.5510828 ], [ -120.5068132, 46.5510691 ], [ -120.5067187, 46.551065 ], [ -120.5065732, 46.5510585 ], [ -120.5065687, 46.551058 ], [ -120.5065099, 46.5510515 ], [ -120.5065019, 46.5510275 ], [ -120.506494, 46.5510034 ], [ -120.506504, 46.5509911 ], [ -120.506534, 46.5509542 ], [ -120.5064949, 46.550806 ], [ -120.5064458, 46.5507974 ], [ -120.5063678, 46.5507837 ], [ -120.505899, 46.5507113 ], [ -120.505772, 46.5506506 ], [ -120.5057691, 46.5506342 ], [ -120.5057643, 46.5506067 ], [ -120.5058934, 46.5502286 ], [ -120.5059097, 46.5501518 ], [ -120.5058407, 46.5500975 ], [ -120.512407, 46.5499335 ], [ -120.5124458, 46.5511348 ], [ -120.5125452, 46.5510988 ], [ -120.5126409, 46.5510837 ], [ -120.5127191, 46.5510896 ], [ -120.5128271, 46.5511408 ], [ -120.5129278, 46.5511838 ], [ -120.5129805, 46.5512219 ], [ -120.5130769, 46.5512196 ], [ -120.5132766, 46.5511721 ], [ -120.5134865, 46.5511797 ], [ -120.5135486, 46.5512483 ], [ -120.5135921, 46.5513499 ], [ -120.5136382, 46.5514386 ], [ -120.5136995, 46.5514314 ], [ -120.5138173, 46.5513758 ], [ -120.5139884, 46.5513347 ] ] ], [ [ [ -120.6504918, 46.6154445 ], [ -120.6504643, 46.6154278 ], [ -120.6504637, 46.6154181 ], [ -120.6503966, 46.615324 ], [ -120.6503566, 46.615217 ], [ -120.6504379, 46.6150112 ], [ -120.6504103, 46.6145778 ], [ -120.6497452, 46.6146908 ], [ -120.6495876, 46.614774 ], [ -120.6494366, 46.614815 ], [ -120.6489906, 46.614824 ], [ -120.6485696, 46.614904 ], [ -120.6484839, 46.6149052 ], [ -120.6484665, 46.6149082 ], [ -120.648461, 46.6149055 ], [ -120.6484236, 46.614906 ], [ -120.6476986, 46.61455 ], [ -120.6475985, 46.614487 ], [ -120.6475604, 46.6144685 ], [ -120.6459613, 46.6134561 ], [ -120.6449986, 46.61285 ], [ -120.6449976, 46.612643 ], [ -120.6449656, 46.612539 ], [ -120.6450003, 46.6123318 ], [ -120.6450003, 46.6123088 ], [ -120.6448323, 46.6120268 ], [ -120.6448047, 46.6119996 ], [ -120.6444576, 46.611734 ], [ -120.6440266, 46.611235 ], [ -120.6440106, 46.611126 ], [ -120.6441536, 46.611073 ], [ -120.6441695, 46.6110787 ], [ -120.6447902, 46.6111692 ], [ -120.6448466, 46.611174 ], [ -120.6448571, 46.6111728 ], [ -120.6455957, 46.6109732 ], [ -120.6455976, 46.6109722 ], [ -120.6459943, 46.6101528 ], [ -120.6439943, 46.6093528 ], [ -120.6440936, 46.607467 ], [ -120.6358151, 46.6075571 ], [ -120.6347704, 46.6075573 ], [ -120.6342251, 46.6080242 ], [ -120.6305386, 46.6078818 ], [ -120.6305325, 46.6093643 ], [ -120.6305263, 46.6100125 ], [ -120.6305199, 46.6111685 ], [ -120.6292817, 46.6111703 ], [ -120.6279222, 46.6111693 ], [ -120.6261556, 46.611168 ], [ -120.6258423, 46.6111667 ], [ -120.6253513, 46.611311 ], [ -120.6253387, 46.6131314 ], [ -120.6253383, 46.6132099 ], [ -120.6253645, 46.6132503 ], [ -120.6253381, 46.6132477 ], [ -120.6253359, 46.6136643 ], [ -120.625341, 46.614625 ], [ -120.6213607, 46.6146631 ], [ -120.6200197, 46.6146796 ], [ -120.6200121, 46.6148715 ], [ -120.6189401, 46.6148645 ], [ -120.617868, 46.6148576 ], [ -120.616336, 46.6148476 ], [ -120.6148202, 46.6148349 ], [ -120.6148055, 46.6157151 ], [ -120.6148022, 46.6161401 ], [ -120.6147894, 46.617794 ], [ -120.6147856, 46.6182939 ], [ -120.6147849, 46.6183778 ], [ -120.6147715, 46.6201069 ], [ -120.6147702, 46.6202884 ], [ -120.6147696, 46.6203757 ], [ -120.6147599, 46.6216152 ], [ -120.6147588, 46.6217527 ], [ -120.614758, 46.6218553 ], [ -120.6147574, 46.6219299 ], [ -120.614326, 46.6219257 ], [ -120.6141865, 46.6218599 ], [ -120.6140554, 46.621831 ], [ -120.6139524, 46.6218246 ], [ -120.613751, 46.6217958 ], [ -120.6134794, 46.621767 ], [ -120.6133811, 46.621751 ], [ -120.6125855, 46.621604 ], [ -120.6121384, 46.6214637 ], [ -120.6116891, 46.6213262 ], [ -120.6115277, 46.6214269 ], [ -120.6110936, 46.6216973 ], [ -120.6109553, 46.6215918 ], [ -120.6108281, 46.6213758 ], [ -120.6107251, 46.6213025 ], [ -120.6104682, 46.6211197 ], [ -120.6099963, 46.6211404 ], [ -120.6095689, 46.620875 ], [ -120.6095722, 46.6206682 ], [ -120.6084233, 46.6204032 ], [ -120.6079106, 46.6202597 ], [ -120.6072681, 46.6201322 ], [ -120.6043808, 46.6198698 ], [ -120.603707, 46.6197998 ], [ -120.6030474, 46.6195322 ], [ -120.6029144, 46.6194426 ], [ -120.6021697, 46.6192004 ], [ -120.6016296, 46.6190146 ], [ -120.6012579, 46.6189322 ], [ -120.6004951, 46.6188702 ], [ -120.5990953, 46.6188855 ], [ -120.5989326, 46.6188801 ], [ -120.5982034, 46.6188893 ], [ -120.5976477, 46.6188728 ], [ -120.5971852, 46.6188791 ], [ -120.5967945, 46.6188845 ], [ -120.5962226, 46.6188658 ], [ -120.5955429, 46.6187787 ], [ -120.5950322, 46.618744 ], [ -120.5944877, 46.6186626 ], [ -120.5938606, 46.6185457 ], [ -120.5938255, 46.6185375 ], [ -120.5938092, 46.6186222 ], [ -120.5921133, 46.6184178 ], [ -120.5904243, 46.6185568 ], [ -120.5886833, 46.6191188 ], [ -120.5872523, 46.6199658 ], [ -120.5865693, 46.6208138 ], [ -120.586177, 46.621635 ], [ -120.5861562, 46.6216855 ], [ -120.586153, 46.6216853 ], [ -120.5846695, 46.6247908 ], [ -120.5846343, 46.6248866 ], [ -120.5845705, 46.6249979 ], [ -120.5841683, 46.6258398 ], [ -120.5835676, 46.6263932 ], [ -120.5836252, 46.6264251 ], [ -120.5846729, 46.6270423 ], [ -120.5845921, 46.6271493 ], [ -120.584496, 46.6272413 ], [ -120.5843847, 46.6273216 ], [ -120.5842414, 46.6274124 ], [ -120.583948, 46.6275649 ], [ -120.5837338, 46.6276511 ], [ -120.5835111, 46.6277269 ], [ -120.5832968, 46.6277903 ], [ -120.5821258, 46.6281992 ], [ -120.5842183, 46.6301318 ], [ -120.5854753, 46.6307258 ], [ -120.5871093, 46.6311478 ], [ -120.5879603, 46.6317738 ], [ -120.5914241, 46.6313523 ], [ -120.5926607, 46.631676 ], [ -120.59311, 46.6320405 ], [ -120.5944383, 46.6339388 ], [ -120.5954953, 46.6346108 ], [ -120.5974912, 46.6351195 ], [ -120.5995873, 46.6366658 ], [ -120.6033504, 46.6367905 ], [ -120.6037357, 46.6367681 ], [ -120.6038317, 46.6367361 ], [ -120.6042627, 46.6367661 ], [ -120.6046627, 46.6368291 ], [ -120.604704, 46.6368353 ], [ -120.6055082, 46.636862 ], [ -120.6099754, 46.6381488 ], [ -120.6099793, 46.6389328 ], [ -120.6102793, 46.6393608 ], [ -120.6127703, 46.6418588 ], [ -120.6147125, 46.6430303 ], [ -120.6147922, 46.6465175 ], [ -120.6148455, 46.6465827 ], [ -120.6148536, 46.6465918 ], [ -120.6152508, 46.6470371 ], [ -120.6156192, 46.647516 ], [ -120.6158514, 46.6479155 ], [ -120.615893, 46.6480345 ], [ -120.6159472, 46.6481912 ], [ -120.6161607, 46.6487153 ], [ -120.6162745, 46.6489957 ], [ -120.6164978, 46.6493245 ], [ -120.6166788, 46.6495356 ], [ -120.6168643, 46.6497538 ], [ -120.616895, 46.6498008 ], [ -120.6170507, 46.6502121 ], [ -120.6175437, 46.6508731 ], [ -120.6181527, 46.6513971 ], [ -120.6188227, 46.6516571 ], [ -120.6201367, 46.6522171 ], [ -120.6207837, 46.6524031 ], [ -120.6212337, 46.6525251 ], [ -120.6217017, 46.6525941 ], [ -120.6227497, 46.6526611 ], [ -120.6232605, 46.6527355 ], [ -120.6234298, 46.6528873 ], [ -120.6234346, 46.6529065 ], [ -120.6234454, 46.6529509 ], [ -120.6233883, 46.6529796 ], [ -120.6233342, 46.6530063 ], [ -120.6233175, 46.6530075 ], [ -120.6232549, 46.6530097 ], [ -120.6232072, 46.6530537 ], [ -120.623208, 46.6530546 ], [ -120.6232068, 46.6530557 ], [ -120.6232764, 46.6531371 ], [ -120.6232871, 46.6531499 ], [ -120.6236759, 46.6533615 ], [ -120.6238283, 46.6534447 ], [ -120.6239476, 46.6534759 ], [ -120.6241629, 46.6535325 ], [ -120.6245931, 46.6535551 ], [ -120.6246579, 46.6535495 ], [ -120.6260664, 46.6545902 ], [ -120.6260676, 46.6546115 ], [ -120.626036, 46.6548529 ], [ -120.6260165, 46.654873 ], [ -120.6260045, 46.6548855 ], [ -120.62602, 46.6549392 ], [ -120.6260199, 46.65494 ], [ -120.6260201, 46.6549407 ], [ -120.6260078, 46.6550386 ], [ -120.6259887, 46.6551949 ], [ -120.6258138, 46.6555783 ], [ -120.6257589, 46.6560717 ], [ -120.62577, 46.6561121 ], [ -120.6258069, 46.6562442 ], [ -120.6260138, 46.6565771 ], [ -120.6260621, 46.6565961 ], [ -120.6261606, 46.656757 ], [ -120.626305, 46.6569155 ], [ -120.6263688, 46.6569835 ], [ -120.6264616, 46.6570417 ], [ -120.6265442, 46.6570919 ], [ -120.626687, 46.6571971 ], [ -120.6266951, 46.657203 ], [ -120.6267587, 46.6573565 ], [ -120.6268381, 46.6574937 ], [ -120.6269893, 46.6576363 ], [ -120.6270927, 46.6577461 ], [ -120.627204, 46.6578339 ], [ -120.6272835, 46.6579217 ], [ -120.6273632, 46.6580259 ], [ -120.6273636, 46.6580268 ], [ -120.6274187, 46.6581355 ], [ -120.6274744, 46.6582397 ], [ -120.6276096, 46.6583495 ], [ -120.627721, 46.6584483 ], [ -120.6277257, 46.6584519 ], [ -120.6278088, 46.6585133 ], [ -120.6279996, 46.6585397 ], [ -120.628086, 46.6585231 ], [ -120.6281272, 46.6585143 ], [ -120.6281989, 46.6585253 ], [ -120.6282596, 46.6585443 ], [ -120.6283582, 46.6585742 ], [ -120.628581, 46.6586552 ], [ -120.6286574, 46.6586952 ], [ -120.6287242, 46.6587285 ], [ -120.6287826, 46.6588015 ], [ -120.6288518, 46.6588858 ], [ -120.6288871, 46.6589932 ], [ -120.628907, 46.6590521 ], [ -120.6289228, 46.6592057 ], [ -120.6289243, 46.6592325 ], [ -120.6289311, 46.6593419 ], [ -120.6289307, 46.6593427 ], [ -120.6288671, 46.6594901 ], [ -120.628858, 46.6595657 ], [ -120.6288507, 46.6596279 ], [ -120.6288506, 46.6596872 ], [ -120.6288506, 46.6597541 ], [ -120.6288901, 46.6599405 ], [ -120.6289855, 46.6601325 ], [ -120.6291844, 46.6604067 ], [ -120.6292599, 46.660485 ], [ -120.6292792, 46.6605055 ], [ -120.6292636, 46.6606087 ], [ -120.6292638, 46.6606093 ], [ -120.6292637, 46.6606097 ], [ -120.6292876, 46.6606921 ], [ -120.6293161, 46.660737 ], [ -120.6293431, 46.6607814 ], [ -120.6294066, 46.6608682 ], [ -120.6294375, 46.6608746 ], [ -120.6295262, 46.6608951 ], [ -120.6295822, 46.6608676 ], [ -120.6296776, 46.6607974 ], [ -120.6298127, 46.6607169 ], [ -120.6298453, 46.6606974 ], [ -120.6299805, 46.6606643 ], [ -120.6300334, 46.6606667 ], [ -120.630148, 46.6606721 ], [ -120.6303072, 46.6606933 ], [ -120.6304985, 46.6607108 ], [ -120.6306814, 46.6607821 ], [ -120.6307844, 46.6607843 ], [ -120.6308327, 46.6607861 ], [ -120.6309998, 46.6608301 ], [ -120.6310458, 46.6608439 ], [ -120.6310912, 46.6608582 ], [ -120.6316537, 46.6612411 ], [ -120.6317887, 46.6612841 ], [ -120.6318272, 46.6613143 ], [ -120.6319874, 46.6614346 ], [ -120.6320822, 46.6615717 ], [ -120.6321142, 46.6616287 ], [ -120.6321459, 46.6616861 ], [ -120.6321934, 46.6618171 ], [ -120.6322019, 46.6618318 ], [ -120.632265, 46.6619383 ], [ -120.6323924, 46.6620371 ], [ -120.632559, 46.6621395 ], [ -120.6327585, 46.6622382 ], [ -120.6328283, 46.6622855 ], [ -120.6329019, 46.6623335 ], [ -120.6330116, 46.6624133 ], [ -120.6330457, 46.6624375 ], [ -120.6330802, 46.6624667 ], [ -120.6332043, 46.6625695 ], [ -120.6333172, 46.6626309 ], [ -120.6333554, 46.6626509 ], [ -120.6337859, 46.6628264 ], [ -120.6339964, 46.6629244 ], [ -120.6340483, 46.6629483 ], [ -120.6342791, 46.6630471 ], [ -120.6344861, 46.6631185 ], [ -120.6347507, 46.6631922 ], [ -120.6348599, 46.663222 ], [ -120.6351782, 46.6633248 ], [ -120.6352027, 46.6633327 ], [ -120.6355531, 46.6634371 ], [ -120.636015, 46.6636127 ], [ -120.6362459, 46.6636841 ], [ -120.636322, 46.6637079 ], [ -120.6363338, 46.6637115 ], [ -120.6363526, 46.6637167 ], [ -120.6365962, 46.6637831 ], [ -120.6367354, 46.6638071 ], [ -120.6368509, 46.6638257 ], [ -120.6369616, 46.663851 ], [ -120.6371126, 46.6638839 ], [ -120.6372937, 46.6640201 ], [ -120.6376245, 46.6641002 ], [ -120.6377429, 46.6641619 ], [ -120.6379419, 46.6642881 ], [ -120.6381728, 46.6644691 ], [ -120.6383798, 46.6645843 ], [ -120.638539, 46.6646559 ], [ -120.6386981, 46.6647271 ], [ -120.6388893, 46.6647929 ], [ -120.6390725, 46.6648151 ], [ -120.6392556, 46.6648151 ], [ -120.639454, 46.6648019 ], [ -120.639502, 46.6647986 ], [ -120.6397658, 46.6647544 ], [ -120.6398399, 46.6647513 ], [ -120.6399806, 46.6647441 ], [ -120.6401201, 46.6647668 ], [ -120.6402514, 46.664787 ], [ -120.6403444, 46.6648163 ], [ -120.6404505, 46.6648485 ], [ -120.6406017, 46.6649143 ], [ -120.640753, 46.6649857 ], [ -120.6408599, 46.6650119 ], [ -120.6409998, 46.6650454 ], [ -120.641071, 46.6650752 ], [ -120.6412149, 46.6651341 ], [ -120.6413981, 46.6652053 ], [ -120.6414828, 46.6652509 ], [ -120.6415416, 46.6652815 ], [ -120.6415891, 46.665359 ], [ -120.6416293, 46.6654723 ], [ -120.6416688, 46.6655766 ], [ -120.6416722, 46.6656274 ], [ -120.6416764, 46.6656827 ], [ -120.6416843, 46.6657923 ], [ -120.6416843, 46.665793 ], [ -120.6416763, 46.6658965 ], [ -120.6416762, 46.6659733 ], [ -120.6416602, 46.6660773 ], [ -120.6416592, 46.6660872 ], [ -120.6416525, 46.6661609 ], [ -120.6416838, 46.6662639 ], [ -120.641738, 46.6662598 ], [ -120.6417558, 46.6662579 ], [ -120.6418195, 46.6662412 ], [ -120.6418831, 46.6661751 ], [ -120.6419206, 46.6661332 ], [ -120.641931, 46.6661213 ], [ -120.6419355, 46.6661167 ], [ -120.6419624, 46.6660868 ], [ -120.642011, 46.6660844 ], [ -120.6420266, 46.6660831 ], [ -120.6420743, 46.6661105 ], [ -120.6420997, 46.6661594 ], [ -120.6420507, 46.6662421 ], [ -120.6422927, 46.6666921 ], [ -120.6432757, 46.6676031 ], [ -120.6442047, 46.6682931 ], [ -120.6455455, 46.6691572 ], [ -120.6455655, 46.669187 ], [ -120.645696, 46.6693803 ], [ -120.6457039, 46.6693939 ], [ -120.6457147, 46.6694103 ], [ -120.6457496, 46.6694636 ], [ -120.6458154, 46.6695613 ], [ -120.6458943, 46.6696408 ], [ -120.6459189, 46.6696647 ], [ -120.6459532, 46.6697089 ], [ -120.6460144, 46.6697861 ], [ -120.6460489, 46.6698433 ], [ -120.6460937, 46.6699158 ], [ -120.6461739, 46.6700749 ], [ -120.6462375, 46.6702291 ], [ -120.6462769, 46.6703605 ], [ -120.6462869, 46.6704081 ], [ -120.6463085, 46.6705141 ], [ -120.6463402, 46.6705914 ], [ -120.6464121, 46.6706963 ], [ -120.646448, 46.670736 ], [ -120.6465075, 46.6708009 ], [ -120.6466428, 46.6709105 ], [ -120.6467781, 46.6710093 ], [ -120.6469295, 46.6710971 ], [ -120.6470728, 46.6711685 ], [ -120.6472719, 46.6712563 ], [ -120.6473532, 46.6713123 ], [ -120.6474397, 46.6713698 ], [ -120.6476058, 46.6715084 ], [ -120.6476062, 46.6715087 ], [ -120.6476859, 46.6716129 ], [ -120.6477017, 46.6716483 ], [ -120.64775, 46.6717543 ], [ -120.6478091, 46.671946 ], [ -120.6478128, 46.671958 ], [ -120.6478563, 46.6720039 ], [ -120.6481217, 46.6729501 ], [ -120.6481262, 46.6729651 ], [ -120.6481147, 46.6729858 ], [ -120.6480037, 46.6731544 ], [ -120.6479473, 46.6732735 ], [ -120.6479236, 46.6733239 ], [ -120.6478118, 46.6735433 ], [ -120.6477959, 46.6736316 ], [ -120.6477828, 46.6736632 ], [ -120.6477559, 46.6737297 ], [ -120.647692, 46.6738724 ], [ -120.6476285, 46.6740198 ], [ -120.6476197, 46.6740539 ], [ -120.6475963, 46.6741465 ], [ -120.6475981, 46.6741786 ], [ -120.6476045, 46.6742938 ], [ -120.6475984, 46.6743083 ], [ -120.6475721, 46.6743711 ], [ -120.6475402, 46.6744919 ], [ -120.6475243, 46.6746385 ], [ -120.6475362, 46.6747094 ], [ -120.647548, 46.6747771 ], [ -120.6475783, 46.6749082 ], [ -120.6475797, 46.6749142 ], [ -120.6476114, 46.6750349 ], [ -120.6476409, 46.6751195 ], [ -120.6476597, 46.6751724 ], [ -120.6476591, 46.6752713 ], [ -120.6476591, 46.6753145 ], [ -120.6476589, 46.6753159 ], [ -120.6476589, 46.6753164 ], [ -120.6476529, 46.6753571 ], [ -120.647643, 46.6754241 ], [ -120.6476245, 46.675456 ], [ -120.647579, 46.6755352 ], [ -120.6474594, 46.6756947 ], [ -120.6473959, 46.6758373 ], [ -120.6473576, 46.6759007 ], [ -120.6473478, 46.6759175 ], [ -120.6473478, 46.6760109 ], [ -120.6473715, 46.676041 ], [ -120.6474035, 46.6760804 ], [ -120.6474889, 46.6761728 ], [ -120.6475945, 46.6762851 ], [ -120.6476665, 46.6763749 ], [ -120.6477219, 46.6764425 ], [ -120.6478152, 46.6765524 ], [ -120.6478732, 46.6766197 ], [ -120.6479387, 46.6766852 ], [ -120.6480324, 46.6767774 ], [ -120.6482157, 46.6769251 ], [ -120.6483247, 46.6770731 ], [ -120.6483508, 46.6771079 ], [ -120.6483842, 46.6771516 ], [ -120.6484701, 46.6772626 ], [ -120.6484307, 46.6782501 ], [ -120.6486747, 46.6788571 ], [ -120.6491957, 46.6791131 ], [ -120.6506976, 46.6799949 ], [ -120.6507082, 46.6800161 ], [ -120.6507548, 46.6801085 ], [ -120.6508264, 46.6802401 ], [ -120.6508269, 46.6802412 ], [ -120.6508578, 46.6803094 ], [ -120.6508582, 46.6803113 ], [ -120.6508741, 46.6803937 ], [ -120.6508739, 46.6805253 ], [ -120.6508738, 46.6805257 ], [ -120.65085, 46.6806293 ], [ -120.650833, 46.6806693 ], [ -120.6507945, 46.6807625 ], [ -120.6507724, 46.6807967 ], [ -120.6507542, 46.6808267 ], [ -120.6506823, 46.6810351 ], [ -120.65073, 46.6811831 ], [ -120.6507304, 46.6811843 ], [ -120.6507861, 46.6813519 ], [ -120.6508413, 46.6815104 ], [ -120.6508683, 46.6815865 ], [ -120.6508732, 46.6816001 ], [ -120.6509209, 46.6816823 ], [ -120.6509846, 46.6817645 ], [ -120.6511119, 46.6818743 ], [ -120.6511987, 46.6819569 ], [ -120.6512795, 46.6820325 ], [ -120.6514538, 46.6821953 ], [ -120.6514863, 46.6822255 ], [ -120.6516614, 46.6824119 ], [ -120.6518206, 46.6826149 ], [ -120.6518775, 46.6826785 ], [ -120.6519484, 46.6827573 ], [ -120.6519883, 46.6828129 ], [ -120.6520436, 46.6828891 ], [ -120.6520799, 46.6829302 ], [ -120.6521548, 46.6830134 ], [ -120.6522267, 46.6830914 ], [ -120.6523387, 46.6832061 ], [ -120.6525139, 46.6833313 ], [ -120.6526724, 46.68342 ], [ -120.6534707, 46.6838361 ], [ -120.6539392, 46.6840797 ], [ -120.6542269, 46.6842669 ], [ -120.6543695, 46.6843593 ], [ -120.6545018, 46.6844368 ], [ -120.6545346, 46.6844559 ], [ -120.6547577, 46.6846591 ], [ -120.6552107, 46.6851781 ], [ -120.6552158, 46.6851991 ], [ -120.6552045, 46.6852777 ], [ -120.6551973, 46.6853305 ], [ -120.6551771, 46.6854661 ], [ -120.6551575, 46.6855995 ], [ -120.6551299, 46.6857579 ], [ -120.6551013, 46.6859227 ], [ -120.6550649, 46.6860645 ], [ -120.6550292, 46.6862043 ], [ -120.6550075, 46.6862807 ], [ -120.6549895, 46.6863449 ], [ -120.6549176, 46.6865039 ], [ -120.6548744, 46.6865821 ], [ -120.6547664, 46.6867793 ], [ -120.6546381, 46.6870646 ], [ -120.6545401, 46.6871941 ], [ -120.6545108, 46.6872331 ], [ -120.6543752, 46.6873922 ], [ -120.6541679, 46.6876059 ], [ -120.6540971, 46.6877071 ], [ -120.6539687, 46.6878926 ], [ -120.6538334, 46.6881867 ], [ -120.6537871, 46.6883041 ], [ -120.653745, 46.6884119 ], [ -120.6536975, 46.6885667 ], [ -120.6536812, 46.6886202 ], [ -120.6536255, 46.6888125 ], [ -120.6536165, 46.6889577 ], [ -120.6536091, 46.6890809 ], [ -120.653585, 46.6894475 ], [ -120.6535928, 46.6896073 ], [ -120.6535929, 46.6896083 ], [ -120.6536088, 46.6897705 ], [ -120.6536407, 46.6899228 ], [ -120.6536483, 46.6899583 ], [ -120.653696, 46.6900955 ], [ -120.6537064, 46.6901399 ], [ -120.6537362, 46.6902637 ], [ -120.6537358, 46.6904751 ], [ -120.6537119, 46.6906726 ], [ -120.6536824, 46.6910288 ], [ -120.6536794, 46.6910661 ], [ -120.6536791, 46.691068 ], [ -120.6536397, 46.6913731 ], [ -120.6536041, 46.6915544 ], [ -120.6535754, 46.6917021 ], [ -120.6535641, 46.6917813 ], [ -120.6535357, 46.6919829 ], [ -120.6535033, 46.6923424 ], [ -120.6535001, 46.6924181 ], [ -120.653487, 46.6927329 ], [ -120.6535033, 46.6929587 ], [ -120.653511, 46.6930625 ], [ -120.6535025, 46.6934807 ], [ -120.6535265, 46.6938007 ], [ -120.6536855, 46.6943664 ], [ -120.6537521, 46.6945595 ], [ -120.6537806, 46.6946415 ], [ -120.6538999, 46.6949267 ], [ -120.6540057, 46.6951197 ], [ -120.654059, 46.6952155 ], [ -120.6540602, 46.695217 ], [ -120.6539018, 46.6953011 ], [ -120.6537848, 46.6953651 ], [ -120.6537288, 46.6952831 ], [ -120.6535958, 46.6950621 ], [ -120.6534688, 46.6948171 ], [ -120.6533648, 46.6945961 ], [ -120.6532668, 46.6943361 ], [ -120.6531938, 46.6940921 ], [ -120.6531508, 46.6938751 ], [ -120.6530998, 46.6936111 ], [ -120.6530768, 46.6933891 ], [ -120.6530688, 46.6932461 ], [ -120.6530838, 46.6927051 ], [ -120.6531408, 46.6918181 ], [ -120.6532298, 46.6904461 ], [ -120.6533148, 46.6893121 ], [ -120.6533318, 46.6889991 ], [ -120.6533688, 46.6883231 ], [ -120.6533848, 46.6878501 ], [ -120.6533838, 46.6875661 ], [ -120.6533658, 46.6873711 ], [ -120.6533583, 46.6873026 ], [ -120.6533137, 46.6870471 ], [ -120.6532997, 46.6869671 ], [ -120.6532817, 46.6868611 ], [ -120.6532207, 46.6865511 ], [ -120.6531397, 46.6862261 ], [ -120.6529667, 46.6856751 ], [ -120.6528597, 46.6853991 ], [ -120.6525957, 46.6848301 ], [ -120.6524777, 46.6845961 ], [ -120.6521507, 46.6840421 ], [ -120.6517847, 46.6835171 ], [ -120.6513787, 46.6830051 ], [ -120.6509937, 46.6825811 ], [ -120.6508157, 46.6824001 ], [ -120.6504057, 46.6820121 ], [ -120.6501487, 46.6817921 ], [ -120.6496237, 46.6813941 ], [ -120.6480957, 46.6803551 ], [ -120.6454297, 46.6785971 ], [ -120.6413527, 46.6759571 ], [ -120.6411447, 46.6761501 ], [ -120.6409717, 46.6763711 ], [ -120.6409017, 46.6764591 ], [ -120.6408697, 46.6765271 ], [ -120.6408577, 46.6766041 ], [ -120.6408707, 46.6766881 ], [ -120.6409067, 46.6767611 ], [ -120.6409647, 46.6768281 ], [ -120.6414967, 46.6772931 ], [ -120.6415607, 46.6773781 ], [ -120.6416017, 46.6774581 ], [ -120.6416297, 46.6775621 ], [ -120.6416297, 46.6776681 ], [ -120.6416207, 46.6777171 ], [ -120.6416177, 46.6786511 ], [ -120.6416177, 46.6787131 ], [ -120.6415977, 46.6787561 ], [ -120.6415557, 46.6787971 ], [ -120.6414957, 46.6788261 ], [ -120.6414297, 46.6788401 ], [ -120.6413607, 46.6788391 ], [ -120.6412987, 46.6788241 ], [ -120.6412457, 46.6787981 ], [ -120.6403597, 46.6783671 ], [ -120.6400687, 46.6782181 ], [ -120.6398687, 46.6781081 ], [ -120.6395687, 46.6779581 ], [ -120.6393337, 46.6778471 ], [ -120.6391307, 46.6777661 ], [ -120.6383157, 46.6774721 ], [ -120.6376667, 46.6772541 ], [ -120.6375887, 46.6772361 ], [ -120.6375097, 46.6772231 ], [ -120.6374297, 46.6772151 ], [ -120.6367567, 46.6771821 ], [ -120.6366087, 46.6771741 ], [ -120.6364787, 46.6771681 ], [ -120.6363827, 46.6771751 ], [ -120.6363057, 46.6771931 ], [ -120.6362357, 46.6772211 ], [ -120.6361747, 46.6772581 ], [ -120.6360707, 46.6773491 ], [ -120.6360037, 46.6773341 ], [ -120.6358407, 46.6773081 ], [ -120.6350667, 46.6772131 ], [ -120.6338727, 46.6770671 ], [ -120.6320517, 46.6768301 ], [ -120.6314797, 46.6767561 ], [ -120.6310487, 46.6766961 ], [ -120.6309167, 46.6766771 ], [ -120.6305217, 46.6766231 ], [ -120.6304527, 46.6766141 ], [ -120.6303917, 46.6766021 ], [ -120.6300907, 46.6765411 ], [ -120.6296347, 46.6764341 ], [ -120.6292917, 46.6763461 ], [ -120.6276907, 46.6759361 ], [ -120.6275547, 46.6759041 ], [ -120.6274057, 46.6758601 ], [ -120.6272627, 46.6758071 ], [ -120.6270967, 46.6757311 ], [ -120.6269677, 46.6757401 ], [ -120.6269047, 46.6757371 ], [ -120.6268277, 46.6757181 ], [ -120.6267547, 46.6756861 ], [ -120.6262467, 46.6754371 ], [ -120.6261927, 46.6754191 ], [ -120.6261347, 46.6754061 ], [ -120.6260417, 46.6753971 ], [ -120.6259617, 46.6753971 ], [ -120.6258827, 46.6754081 ], [ -120.6258027, 46.6754341 ], [ -120.6257637, 46.6754701 ], [ -120.6257347, 46.6755146 ], [ -120.6256987, 46.6754651 ], [ -120.6256617, 46.6754231 ], [ -120.6256207, 46.6753831 ], [ -120.6255277, 46.6753071 ], [ -120.6254237, 46.6752391 ], [ -120.6253087, 46.6751811 ], [ -120.6251722, 46.6751286 ], [ -120.6250517, 46.6750941 ], [ -120.6249997, 46.6750531 ], [ -120.6244947, 46.6750281 ], [ -120.6237667, 46.6749941 ], [ -120.6229797, 46.6749531 ], [ -120.6224757, 46.6749271 ], [ -120.6222617, 46.6758021 ], [ -120.6222197, 46.6759081 ], [ -120.6220487, 46.6762821 ], [ -120.6220027, 46.6763831 ], [ -120.6218317, 46.6767281 ], [ -120.6217687, 46.6768901 ], [ -120.6217087, 46.6771091 ], [ -120.6216817, 46.6772711 ], [ -120.6216797, 46.6791111 ], [ -120.6216837, 46.6799971 ], [ -120.6216557, 46.6800491 ], [ -120.6216057, 46.6800931 ], [ -120.6215377, 46.6801231 ], [ -120.6214477, 46.6801381 ], [ -120.6212467, 46.6801341 ], [ -120.6207177, 46.6801241 ], [ -120.6206367, 46.6801291 ], [ -120.6205617, 46.6801511 ], [ -120.6205007, 46.6801861 ], [ -120.6204567, 46.6802331 ], [ -120.6204347, 46.6803051 ], [ -120.6204567, 46.6808321 ], [ -120.6204737, 46.6812541 ], [ -120.6204727, 46.6814171 ], [ -120.6204647, 46.6831751 ], [ -120.6204628, 46.6837421 ], [ -120.6194098, 46.6837621 ], [ -120.6180728, 46.6837651 ], [ -120.6162538, 46.6837491 ], [ -120.6152018, 46.6837401 ], [ -120.6144358, 46.6837351 ], [ -120.6141008, 46.6837321 ], [ -120.6108008, 46.6837091 ], [ -120.6097008, 46.6837021 ], [ -120.6083448, 46.6836921 ], [ -120.6076758, 46.6836881 ], [ -120.6074578, 46.6836321 ], [ -120.6072668, 46.6834451 ], [ -120.6068578, 46.6832761 ], [ -120.6057408, 46.6832961 ], [ -120.6055928, 46.6833631 ], [ -120.6055078, 46.6835991 ], [ -120.6053298, 46.6837741 ], [ -120.6047468, 46.6836931 ], [ -120.6046548, 46.6836971 ], [ -120.6043198, 46.6837151 ], [ -120.6041838, 46.6838101 ], [ -120.6039218, 46.6846221 ], [ -120.6036008, 46.6844501 ], [ -120.6033828, 46.6845251 ], [ -120.6027448, 46.6843711 ], [ -120.6025698, 46.6842661 ], [ -120.6022448, 46.6844291 ], [ -120.6020738, 46.6843521 ], [ -120.6018818, 46.6843301 ], [ -120.6014038, 46.6843631 ], [ -120.6010688, 46.6844071 ], [ -120.6007508, 46.6844131 ], [ -120.6004798, 46.6843911 ], [ -120.6002248, 46.6843361 ], [ -120.6001608, 46.6842811 ], [ -120.6001608, 46.6841831 ], [ -120.6001928, 46.6841281 ], [ -120.6004308, 46.6839791 ], [ -120.6007738, 46.6837661 ], [ -120.6009648, 46.6836231 ], [ -120.6011088, 46.6834531 ], [ -120.6014508, 46.6827181 ], [ -120.6014668, 46.6826301 ], [ -120.6015938, 46.6823451 ], [ -120.6016098, 46.6821151 ], [ -120.6015778, 46.6820051 ], [ -120.6015138, 46.6819071 ], [ -120.6014178, 46.6818191 ], [ -120.6010518, 46.6815721 ], [ -120.6009318, 46.6813971 ], [ -120.6005648, 46.6807391 ], [ -120.6003738, 46.6805091 ], [ -120.6001028, 46.6803441 ], [ -120.5997838, 46.6802671 ], [ -120.5994018, 46.6802071 ], [ -120.5988358, 46.6799441 ], [ -120.5982138, 46.6797911 ], [ -120.5975288, 46.6797201 ], [ -120.5971618, 46.6797201 ], [ -120.5968948, 46.6797201 ], [ -120.5966678, 46.6797201 ], [ -120.5963888, 46.6797531 ], [ -120.5959268, 46.6798571 ], [ -120.5956088, 46.6799781 ], [ -120.5954968, 46.6800661 ], [ -120.5954578, 46.6801541 ], [ -120.5954018, 46.6802191 ], [ -120.5952268, 46.6802741 ], [ -120.5951148, 46.6803401 ], [ -120.5948598, 46.6805491 ], [ -120.5947328, 46.6807021 ], [ -120.5943498, 46.6806261 ], [ -120.5940788, 46.6805981 ], [ -120.5935458, 46.6805981 ], [ -120.5931468, 46.6806751 ], [ -120.5930128, 46.6807391 ], [ -120.5910838, 46.6816681 ], [ -120.5908448, 46.6822061 ], [ -120.5902558, 46.6825181 ], [ -120.5900728, 46.6826611 ], [ -120.5899608, 46.6828041 ], [ -120.5898658, 46.6828691 ], [ -120.5896108, 46.6829351 ], [ -120.5894038, 46.6830231 ], [ -120.5891638, 46.6831331 ], [ -120.5888618, 46.6833191 ], [ -120.5885748, 46.6836431 ], [ -120.5884398, 46.6837091 ], [ -120.5882798, 46.6837201 ], [ -120.5881883, 46.6837016 ], [ -120.5878258, 46.6835661 ], [ -120.5876668, 46.6834681 ], [ -120.5875228, 46.6834131 ], [ -120.5873318, 46.6833691 ], [ -120.5870128, 46.6833471 ], [ -120.5868538, 46.6833641 ], [ -120.5867418, 46.6834181 ], [ -120.5866468, 46.6834401 ], [ -120.5863438, 46.6834171 ], [ -120.5863548, 46.6828991 ], [ -120.5863588, 46.6827481 ], [ -120.5864078, 46.6807421 ], [ -120.5864248, 46.6800741 ], [ -120.5864448, 46.6794031 ], [ -120.5864908, 46.6791391 ], [ -120.5865528, 46.6787901 ], [ -120.5866598, 46.6785861 ], [ -120.5869468, 46.6783331 ], [ -120.5872088, 46.6781601 ], [ -120.5878388, 46.6775591 ], [ -120.5883317, 46.6771141 ], [ -120.5890287, 46.6764851 ], [ -120.5890187, 46.6757471 ], [ -120.5889977, 46.6741711 ], [ -120.5889887, 46.6735331 ], [ -120.5889787, 46.6727961 ], [ -120.5889767, 46.6726451 ], [ -120.5889697, 46.6721521 ], [ -120.5889636, 46.671711 ], [ -120.588963, 46.6724959 ], [ -120.5623161, 46.6719309 ], [ -120.5622293, 46.6689772 ], [ -120.560017, 46.6684552 ], [ -120.559403, 46.6683056 ], [ -120.5586387, 46.6681194 ], [ -120.5582552, 46.668026 ], [ -120.5582493, 46.6671373 ], [ -120.5582423, 46.6660999 ], [ -120.55824, 46.6657552 ], [ -120.5577001, 46.6654983 ], [ -120.5572693, 46.6652934 ], [ -120.5516176, 46.6652747 ], [ -120.5515987, 46.6634325 ], [ -120.5515974, 46.6633051 ], [ -120.5506105, 46.6627172 ], [ -120.5499654, 46.6623245 ], [ -120.5499652, 46.6623244 ], [ -120.5492197, 46.6618706 ], [ -120.5490869, 46.6617968 ], [ -120.5492153, 46.6616811 ], [ -120.5491861, 46.6616653 ], [ -120.5490203, 46.661576 ], [ -120.5506513, 46.6615864 ], [ -120.5506499, 46.6613473 ], [ -120.550649, 46.6611783 ], [ -120.5506478, 46.6609754 ], [ -120.5506446, 46.6604205 ], [ -120.5508009, 46.6604215 ], [ -120.5509515, 46.6604225 ], [ -120.5511888, 46.6604241 ], [ -120.5515878, 46.6604268 ], [ -120.5515901, 46.6604268 ], [ -120.5515901, 46.6604266 ], [ -120.5515901, 46.6604265 ], [ -120.5516394, 46.6587308 ], [ -120.5515766, 46.6565779 ], [ -120.5515765, 46.656574 ], [ -120.5515756, 46.6565428 ], [ -120.5515725, 46.6564348 ], [ -120.5516197, 46.6564172 ], [ -120.5516994, 46.6563875 ], [ -120.5516996, 46.6563878 ], [ -120.5516997, 46.656388 ], [ -120.5518078, 46.656554 ], [ -120.5519076, 46.6567455 ], [ -120.5520112, 46.6568486 ], [ -120.5520857, 46.6568896 ], [ -120.5521931, 46.6569252 ], [ -120.5523099, 46.6569414 ], [ -120.5524446, 46.6569351 ], [ -120.5525599, 46.6569072 ], [ -120.5540836, 46.6563788 ], [ -120.5543435, 46.6562721 ], [ -120.5545991, 46.6561414 ], [ -120.554954, 46.6559394 ], [ -120.554954, 46.6559392 ], [ -120.5549508, 46.6557307 ], [ -120.5549525, 46.6557298 ], [ -120.5549488, 46.6555956 ], [ -120.5549488, 46.6555953 ], [ -120.554949, 46.6554297 ], [ -120.5549492, 46.6552201 ], [ -120.5549497, 46.6548001 ], [ -120.5549498, 46.654739 ], [ -120.5549502, 46.6544164 ], [ -120.5549503, 46.6542987 ], [ -120.5549506, 46.6540671 ], [ -120.5549507, 46.6539812 ], [ -120.5549511, 46.6536521 ], [ -120.5549512, 46.6535434 ], [ -120.5549513, 46.653493 ], [ -120.5549514, 46.6534112 ], [ -120.5549517, 46.6531859 ], [ -120.5549518, 46.6530447 ], [ -120.5549522, 46.6527572 ], [ -120.5549522, 46.6527198 ], [ -120.5549526, 46.6524124 ], [ -120.5549527, 46.6523633 ], [ -120.5549528, 46.6522745 ], [ -120.5549531, 46.6519978 ], [ -120.5515733, 46.6519585 ], [ -120.5515719, 46.6519585 ], [ -120.5515709, 46.6516459 ], [ -120.5515697, 46.6513 ], [ -120.5515672, 46.6505388 ], [ -120.5513396, 46.650419 ], [ -120.5513395, 46.650419 ], [ -120.5513347, 46.6486497 ], [ -120.5513342, 46.6484639 ], [ -120.5513336, 46.6482255 ], [ -120.5513336, 46.6482135 ], [ -120.5515787, 46.6481486 ], [ -120.5515976, 46.6481436 ], [ -120.5516059, 46.6470303 ], [ -120.551606, 46.6470128 ], [ -120.551606, 46.6470114 ], [ -120.5516092, 46.6465808 ], [ -120.5516116, 46.6462511 ], [ -120.5516117, 46.646243 ], [ -120.5504468, 46.6469451 ], [ -120.549979, 46.6471808 ], [ -120.5491829, 46.647582 ], [ -120.5491586, 46.6475948 ], [ -120.5490544, 46.6476497 ], [ -120.5489862, 46.6476832 ], [ -120.5489324, 46.6477088 ], [ -120.548893, 46.6477275 ], [ -120.5488022, 46.6477676 ], [ -120.5487393, 46.6477946 ], [ -120.5487355, 46.6477962 ], [ -120.5486834, 46.6478185 ], [ -120.5486398, 46.6478367 ], [ -120.5486341, 46.6478397 ], [ -120.5486299, 46.6478408 ], [ -120.5486196, 46.6478451 ], [ -120.5485628, 46.6478659 ], [ -120.5485436, 46.647873 ], [ -120.5485085, 46.6478859 ], [ -120.5484377, 46.6479069 ], [ -120.5483579, 46.6479289 ], [ -120.5482993, 46.6479451 ], [ -120.5480494, 46.6480142 ], [ -120.5479848, 46.648032 ], [ -120.5478912, 46.6480579 ], [ -120.5478799, 46.648061 ], [ -120.5478227, 46.6480768 ], [ -120.5462937, 46.6484324 ], [ -120.5462944, 46.6483156 ], [ -120.5462947, 46.6482658 ], [ -120.5462948, 46.6482511 ], [ -120.5462963, 46.6479841 ], [ -120.5463026, 46.6469004 ], [ -120.5463053, 46.6466131 ], [ -120.5463096, 46.6461519 ], [ -120.5463113, 46.645971 ], [ -120.5463197, 46.6450838 ], [ -120.5463291, 46.6440744 ], [ -120.5463293, 46.6440624 ], [ -120.5431464, 46.644314 ], [ -120.5431483, 46.6443319 ], [ -120.5431497, 46.6443454 ], [ -120.5431696, 46.6445338 ], [ -120.5431966, 46.6447893 ], [ -120.5424888, 46.6452317 ], [ -120.5421783, 46.6454257 ], [ -120.5418451, 46.6454749 ], [ -120.5414988, 46.6455259 ], [ -120.5410785, 46.6455205 ], [ -120.5403912, 46.6461579 ], [ -120.5400923, 46.6460603 ], [ -120.5393964, 46.645833 ], [ -120.5395282, 46.6456915 ], [ -120.5395598, 46.6456576 ], [ -120.5396136, 46.6455999 ], [ -120.5383629, 46.6456032 ], [ -120.5383626, 46.6456032 ], [ -120.5383692, 46.6449911 ], [ -120.5383703, 46.644881 ], [ -120.5383758, 46.6443685 ], [ -120.5383806, 46.6439146 ], [ -120.5375465, 46.6439527 ], [ -120.5375463, 46.6439527 ], [ -120.5375462, 46.6438575 ], [ -120.5375462, 46.6438315 ], [ -120.5375462, 46.6437785 ], [ -120.537546, 46.6435994 ], [ -120.537546, 46.6435374 ], [ -120.537546, 46.6434989 ], [ -120.5375458, 46.6433089 ], [ -120.5375458, 46.6432627 ], [ -120.5386724, 46.6432716 ], [ -120.5398198, 46.6432806 ], [ -120.5398198, 46.6432805 ], [ -120.539811, 46.6432043 ], [ -120.5398015, 46.6431219 ], [ -120.5397683, 46.642991 ], [ -120.5398077, 46.642842 ], [ -120.5398969, 46.6425051 ], [ -120.5401666, 46.6422062 ], [ -120.5403178, 46.6420385 ], [ -120.5410154, 46.6416847 ], [ -120.5414415, 46.6412194 ], [ -120.5415545, 46.641096 ], [ -120.5415604, 46.6410896 ], [ -120.5421117, 46.6404877 ], [ -120.5425809, 46.6396485 ], [ -120.5422013, 46.6396452 ], [ -120.5421238, 46.6396445 ], [ -120.541017, 46.6396349 ], [ -120.5410186, 46.6382074 ], [ -120.5410527, 46.6360895 ], [ -120.5410528, 46.6360895 ], [ -120.5410528, 46.6360832 ], [ -120.5428681, 46.6360943 ], [ -120.5430115, 46.6360947 ], [ -120.551473, 46.6361438 ], [ -120.551687, 46.6361451 ], [ -120.5517629, 46.6361454 ], [ -120.5518019, 46.6361456 ], [ -120.5543048, 46.6361588 ], [ -120.5543048, 46.636161 ], [ -120.5542797, 46.6382629 ], [ -120.5542618, 46.639763 ], [ -120.5543201, 46.6397633 ], [ -120.5543555, 46.6397634 ], [ -120.5551543, 46.639767 ], [ -120.5552407, 46.6433562 ], [ -120.5564455, 46.6433621 ], [ -120.5564849, 46.6433538 ], [ -120.556568, 46.6433363 ], [ -120.5566064, 46.6433346 ], [ -120.5567868, 46.6433264 ], [ -120.5568951, 46.6433273 ], [ -120.5568953, 46.6433273 ], [ -120.5574804, 46.6433324 ], [ -120.5574805, 46.6433187 ], [ -120.5599094, 46.6433252 ], [ -120.5620657, 46.6433432 ], [ -120.5620657, 46.643343 ], [ -120.5620983, 46.6398078 ], [ -120.5620784, 46.6398077 ], [ -120.5621249, 46.6361685 ], [ -120.5623373, 46.6361672 ], [ -120.5623986, 46.6325725 ], [ -120.5622373, 46.631749 ], [ -120.5622393, 46.628948 ], [ -120.5700563, 46.6290456 ], [ -120.5700567, 46.6290456 ], [ -120.5700568, 46.6290456 ], [ -120.5700562, 46.6283694 ], [ -120.570056, 46.6281515 ], [ -120.5700552, 46.6271274 ], [ -120.5655157, 46.6244335 ], [ -120.5646923, 46.6229388 ], [ -120.5646825, 46.6229209 ], [ -120.5725686, 46.6261663 ], [ -120.5727211, 46.6262291 ], [ -120.5727298, 46.6260353 ], [ -120.5727314, 46.6259991 ], [ -120.5727651, 46.625243 ], [ -120.5729223, 46.6252503 ], [ -120.5732588, 46.6252661 ], [ -120.5738812, 46.6256513 ], [ -120.5749143, 46.6261733 ], [ -120.5757854, 46.6265583 ], [ -120.5761911, 46.6267358 ], [ -120.5768806, 46.6270374 ], [ -120.578038, 46.6274994 ], [ -120.5780411, 46.6276462 ], [ -120.5794641, 46.6282136 ], [ -120.5794642, 46.6282136 ], [ -120.5794643, 46.6282137 ], [ -120.5794644, 46.6282137 ], [ -120.5798493, 46.6281376 ], [ -120.5801243, 46.628067 ], [ -120.5805954, 46.6278935 ], [ -120.5805955, 46.6278935 ], [ -120.5805956, 46.6278934 ], [ -120.5805957, 46.6278934 ], [ -120.581051, 46.6276658 ], [ -120.581577, 46.6273351 ], [ -120.580839, 46.6266349 ], [ -120.5795077, 46.6253717 ], [ -120.5794914, 46.6253562 ], [ -120.5798732, 46.6253574 ], [ -120.5797732, 46.6251105 ], [ -120.5795938, 46.6249734 ], [ -120.5793846, 46.6248501 ], [ -120.5793734, 46.6247728 ], [ -120.5793734, 46.6247727 ], [ -120.5793369, 46.6245199 ], [ -120.5793242, 46.6244318 ], [ -120.5793242, 46.6244317 ], [ -120.5791547, 46.6242192 ], [ -120.5790051, 46.6240478 ], [ -120.5785372, 46.624055 ], [ -120.5783977, 46.624014 ], [ -120.5783976, 46.6240139 ], [ -120.5779392, 46.6236507 ], [ -120.5775507, 46.6234521 ], [ -120.5771819, 46.6232054 ], [ -120.5768231, 46.6229107 ], [ -120.5762652, 46.6226504 ], [ -120.5755281, 46.6223834 ], [ -120.5749007, 46.6221917 ], [ -120.5743728, 46.6220618 ], [ -120.5742114, 46.6220267 ], [ -120.5739944, 46.6219797 ], [ -120.5738162, 46.6219143 ], [ -120.5736956, 46.6218701 ], [ -120.5734467, 46.6218703 ], [ -120.5728416, 46.6217634 ], [ -120.5727341, 46.6217444 ], [ -120.5727663, 46.6216622 ], [ -120.5727732, 46.6216444 ], [ -120.572774, 46.6216424 ], [ -120.5727659, 46.6215141 ], [ -120.5731194, 46.6216193 ], [ -120.5731988, 46.6216451 ], [ -120.5732253, 46.6216452 ], [ -120.5732778, 46.6216455 ], [ -120.5734684, 46.6216466 ], [ -120.5737993, 46.6216485 ], [ -120.5771165, 46.621667 ], [ -120.5776327, 46.6216699 ], [ -120.5778824, 46.6216713 ], [ -120.57789, 46.6216714 ], [ -120.5778767, 46.6210277 ], [ -120.5778608, 46.620255 ], [ -120.5778526, 46.6198607 ], [ -120.5778473, 46.6196054 ], [ -120.5753978, 46.6195881 ], [ -120.5752782, 46.6195873 ], [ -120.5752157, 46.6195869 ], [ -120.5729135, 46.6195706 ], [ -120.5729131, 46.6195706 ], [ -120.5729129, 46.6195706 ], [ -120.5728908, 46.6195707 ], [ -120.5728342, 46.6195709 ], [ -120.5727804, 46.6195701 ], [ -120.5727494, 46.6195696 ], [ -120.5727471, 46.6195695 ], [ -120.5727394, 46.6195694 ], [ -120.5727124, 46.6178809 ], [ -120.5727124, 46.6178794 ], [ -120.5715247, 46.6178633 ], [ -120.571513, 46.6172489 ], [ -120.5715032, 46.6167304 ], [ -120.5714993, 46.6165241 ], [ -120.572557, 46.6164129 ], [ -120.5726034, 46.616408 ], [ -120.5726162, 46.6164067 ], [ -120.5726866, 46.6163993 ], [ -120.5726648, 46.6152516 ], [ -120.5726147, 46.6152518 ], [ -120.5716973, 46.6152561 ], [ -120.5714752, 46.6152572 ], [ -120.5714741, 46.6152289 ], [ -120.5714723, 46.6151869 ], [ -120.5714635, 46.6149719 ], [ -120.5714596, 46.6148765 ], [ -120.5719232, 46.6148676 ], [ -120.571923, 46.6148529 ], [ -120.5719181, 46.6145556 ], [ -120.571916, 46.6145557 ], [ -120.5719159, 46.6145557 ], [ -120.5718479, 46.6145585 ], [ -120.5715217, 46.6145717 ], [ -120.5714623, 46.6145741 ], [ -120.5702524, 46.6145798 ], [ -120.5702012, 46.61458 ], [ -120.5701706, 46.6145802 ], [ -120.5701341, 46.6145254 ], [ -120.570129, 46.6145177 ], [ -120.5701289, 46.6145176 ], [ -120.5701178, 46.6145008 ], [ -120.5700803, 46.6144444 ], [ -120.5701655, 46.6143918 ], [ -120.5703972, 46.6142486 ], [ -120.5708233, 46.6139853 ], [ -120.5708574, 46.6139642 ], [ -120.5710487, 46.6138461 ], [ -120.5710759, 46.6138297 ], [ -120.5711283, 46.613798 ], [ -120.571208, 46.6137489 ], [ -120.5717728, 46.6134005 ], [ -120.5728291, 46.612749 ], [ -120.5728568, 46.6127318 ], [ -120.5729085, 46.6126999 ], [ -120.5729096, 46.6127604 ], [ -120.5729126, 46.6129326 ], [ -120.5729134, 46.6129748 ], [ -120.5729134, 46.6129789 ], [ -120.5729146, 46.613046 ], [ -120.5729156, 46.6131021 ], [ -120.5729992, 46.6130729 ], [ -120.5734289, 46.6129231 ], [ -120.5740103, 46.612627 ], [ -120.5748388, 46.6121504 ], [ -120.5751293, 46.6119665 ], [ -120.5751293, 46.611962 ], [ -120.5751288, 46.6119214 ], [ -120.5751287, 46.6119077 ], [ -120.5751953, 46.6118924 ], [ -120.5752098, 46.6118891 ], [ -120.5752836, 46.6118722 ], [ -120.5754307, 46.6118261 ], [ -120.5755699, 46.6117697 ], [ -120.5756998, 46.6117036 ], [ -120.5758191, 46.6116286 ], [ -120.5758668, 46.6115915 ], [ -120.5759262, 46.6115453 ], [ -120.5760201, 46.6114548 ], [ -120.5760202, 46.6114548 ], [ -120.5760203, 46.6114545 ], [ -120.5760205, 46.6114544 ], [ -120.5760999, 46.6113579 ], [ -120.5761241, 46.6113229 ], [ -120.5759479, 46.6111816 ], [ -120.5753535, 46.6107053 ], [ -120.5751174, 46.610802 ], [ -120.5749875, 46.6108537 ], [ -120.5738035, 46.611325 ], [ -120.5731584, 46.6115274 ], [ -120.5729846, 46.6115819 ], [ -120.5729212, 46.6116018 ], [ -120.5728935, 46.6116105 ], [ -120.5728924, 46.6115521 ], [ -120.5728734, 46.6105302 ], [ -120.572872, 46.610455 ], [ -120.5728745, 46.610455 ], [ -120.5733791, 46.6104575 ], [ -120.5743052, 46.6104623 ], [ -120.574767, 46.6104647 ], [ -120.5747669, 46.6104531 ], [ -120.5747553, 46.6095767 ], [ -120.575396, 46.60958 ], [ -120.5754003, 46.6090305 ], [ -120.5755582, 46.6090313 ], [ -120.5760277, 46.6090338 ], [ -120.5760303, 46.6087129 ], [ -120.5773571, 46.6087337 ], [ -120.5773633, 46.6089767 ], [ -120.5773767, 46.6095078 ], [ -120.5773599, 46.6095342 ], [ -120.577043, 46.6100324 ], [ -120.577431, 46.610014 ], [ -120.5774711, 46.6100121 ], [ -120.5774781, 46.6100118 ], [ -120.577509, 46.6100103 ], [ -120.5774912, 46.6100612 ], [ -120.5774311, 46.6102327 ], [ -120.57738, 46.6104879 ], [ -120.5773678, 46.6107454 ], [ -120.5773948, 46.6110024 ], [ -120.5774606, 46.611256 ], [ -120.5780857, 46.6128189 ], [ -120.5780579, 46.6128756 ], [ -120.5780317, 46.6129289 ], [ -120.5780224, 46.6129478 ], [ -120.578002, 46.6129892 ], [ -120.578084, 46.6131297 ], [ -120.578147, 46.6132377 ], [ -120.5781455, 46.6133292 ], [ -120.5781661, 46.6133295 ], [ -120.5784459, 46.613334 ], [ -120.5784459, 46.6133339 ], [ -120.5786637, 46.6127568 ], [ -120.5786297, 46.6126444 ], [ -120.5787982, 46.6125917 ], [ -120.5788806, 46.6125659 ], [ -120.5789699, 46.6125375 ], [ -120.5790395, 46.6125199 ], [ -120.5791514, 46.6124933 ], [ -120.5794767, 46.6124159 ], [ -120.5796388, 46.6127242 ], [ -120.5798231, 46.6126791 ], [ -120.5799432, 46.6126498 ], [ -120.5800125, 46.6126329 ], [ -120.5799871, 46.6125849 ], [ -120.5799783, 46.6125682 ], [ -120.579962, 46.6125376 ], [ -120.5798791, 46.6123809 ], [ -120.5798494, 46.6123248 ], [ -120.579988, 46.6122878 ], [ -120.5805553, 46.6121362 ], [ -120.5808167, 46.6120735 ], [ -120.5808434, 46.6126268 ], [ -120.580849, 46.6127418 ], [ -120.5808498, 46.6127577 ], [ -120.581618, 46.6125762 ], [ -120.5816656, 46.6125649 ], [ -120.5815964, 46.6124305 ], [ -120.5813887, 46.6120273 ], [ -120.5813469, 46.6119463 ], [ -120.5813695, 46.6119409 ], [ -120.5820827, 46.6117699 ], [ -120.5820828, 46.6117699 ], [ -120.5824696, 46.6116865 ], [ -120.582491, 46.6116816 ], [ -120.5834701, 46.6114709 ], [ -120.5840596, 46.6113186 ], [ -120.5846256, 46.6111005 ], [ -120.5847024, 46.6110586 ], [ -120.5847565, 46.6110291 ], [ -120.5848475, 46.6109769 ], [ -120.585006, 46.6109006 ], [ -120.5851752, 46.6108362 ], [ -120.585606, 46.6107297 ], [ -120.5861859, 46.6105774 ], [ -120.5861999, 46.6106157 ], [ -120.5862295, 46.6106969 ], [ -120.5862363, 46.6107155 ], [ -120.590069, 46.6098676 ], [ -120.5904046, 46.6097979 ], [ -120.5926205, 46.6098567 ], [ -120.5927018, 46.6098589 ], [ -120.5927025, 46.6100995 ], [ -120.5927027, 46.6101594 ], [ -120.5927027, 46.6101595 ], [ -120.5928898, 46.6101626 ], [ -120.5932181, 46.6101681 ], [ -120.593218, 46.6101174 ], [ -120.5932167, 46.6096897 ], [ -120.5938006, 46.6096995 ], [ -120.5942273, 46.6098129 ], [ -120.5944855, 46.6098885 ], [ -120.5946619, 46.6099401 ], [ -120.594764, 46.6099922 ], [ -120.5949724, 46.6100986 ], [ -120.5951012, 46.6102022 ], [ -120.5956278, 46.6106224 ], [ -120.5958184, 46.6107384 ], [ -120.5958863, 46.610759 ], [ -120.596006, 46.6107953 ], [ -120.5961312, 46.6108308 ], [ -120.5962286, 46.6108584 ], [ -120.5962236, 46.6111554 ], [ -120.5961987, 46.6126323 ], [ -120.5947657, 46.6126446 ], [ -120.5938132, 46.6126528 ], [ -120.5937993, 46.6142076 ], [ -120.5938106, 46.6142139 ], [ -120.5938472, 46.6142347 ], [ -120.593938, 46.6142862 ], [ -120.5942975, 46.6144899 ], [ -120.5949443, 46.6144919 ], [ -120.595594, 46.6144938 ], [ -120.5955932, 46.6139234 ], [ -120.5955929, 46.6136955 ], [ -120.5967289, 46.6136933 ], [ -120.5967258, 46.6141772 ], [ -120.5967227, 46.6146632 ], [ -120.5998765, 46.6146728 ], [ -120.6009182, 46.614676 ], [ -120.6011046, 46.6146766 ], [ -120.6016677, 46.6146783 ], [ -120.6016598, 46.6147649 ], [ -120.6016478, 46.6148952 ], [ -120.6020367, 46.6148963 ], [ -120.6020371, 46.6148773 ], [ -120.6020609, 46.6137543 ], [ -120.6020622, 46.6136939 ], [ -120.6020632, 46.6136457 ], [ -120.6029485, 46.6136607 ], [ -120.6032309, 46.6136654 ], [ -120.6035095, 46.6136701 ], [ -120.604347, 46.6136843 ], [ -120.6043467, 46.6128572 ], [ -120.6043467, 46.6128014 ], [ -120.6043462, 46.61143 ], [ -120.6043461, 46.6111722 ], [ -120.604346, 46.6109303 ], [ -120.6073215, 46.610958 ], [ -120.6095837, 46.6109816 ], [ -120.6095835, 46.6110916 ], [ -120.6095834, 46.6111414 ], [ -120.6095834, 46.611167 ], [ -120.6095833, 46.6112134 ], [ -120.6095832, 46.6112687 ], [ -120.6095832, 46.611278 ], [ -120.6095832, 46.6113021 ], [ -120.6151083, 46.6113354 ], [ -120.6151113, 46.6100659 ], [ -120.6151149, 46.6085118 ], [ -120.6151151, 46.6084413 ], [ -120.6151153, 46.6083551 ], [ -120.6168544, 46.6083798 ], [ -120.6168563, 46.6085145 ], [ -120.616857, 46.6085635 ], [ -120.6168665, 46.6092092 ], [ -120.6169104, 46.6092113 ], [ -120.6169544, 46.6092135 ], [ -120.6171988, 46.6092254 ], [ -120.6173821, 46.6092344 ], [ -120.6173834, 46.6093355 ], [ -120.6173937, 46.6101348 ], [ -120.617421, 46.6101354 ], [ -120.6187002, 46.6101623 ], [ -120.6187188, 46.6099189 ], [ -120.6187195, 46.6099088 ], [ -120.6187635, 46.6093336 ], [ -120.618772, 46.6092218 ], [ -120.6191845, 46.609223 ], [ -120.6200238, 46.6092254 ], [ -120.6201728, 46.6092259 ], [ -120.6201591, 46.6049342 ], [ -120.6201557, 46.6038742 ], [ -120.6201549, 46.6035998 ], [ -120.6201531, 46.6030459 ], [ -120.6201553, 46.6030276 ], [ -120.6201598, 46.6029899 ], [ -120.6207422, 46.6029914 ], [ -120.6213391, 46.602993 ], [ -120.6219516, 46.6029946 ], [ -120.6224339, 46.6030094 ], [ -120.6229039, 46.6030788 ], [ -120.6230016, 46.6030933 ], [ -120.6230323, 46.6030978 ], [ -120.6236112, 46.603245 ], [ -120.6242925, 46.6034044 ], [ -120.6245403, 46.6031972 ], [ -120.6247479, 46.6030235 ], [ -120.6247787, 46.6029978 ], [ -120.6248398, 46.6029467 ], [ -120.6251609, 46.6027825 ], [ -120.6252535, 46.6027351 ], [ -120.625254, 46.6028096 ], [ -120.6264336, 46.6028425 ], [ -120.6265033, 46.6028743 ], [ -120.6264909, 46.6031888 ], [ -120.6264928, 46.6032728 ], [ -120.6265158, 46.6033286 ], [ -120.6270712, 46.6038209 ], [ -120.6272345, 46.6039656 ], [ -120.6272433, 46.6041132 ], [ -120.6272407, 46.6041238 ], [ -120.6272316, 46.6041612 ], [ -120.6272133, 46.6042256 ], [ -120.6272102, 46.6042318 ], [ -120.62719, 46.6042732 ], [ -120.6271761, 46.6043019 ], [ -120.6271674, 46.6043198 ], [ -120.6271334, 46.6043831 ], [ -120.6270878, 46.6044442 ], [ -120.6270511, 46.6044887 ], [ -120.6270492, 46.6044942 ], [ -120.6270438, 46.6044975 ], [ -120.6270385, 46.604504 ], [ -120.6270131, 46.6045272 ], [ -120.62697, 46.6045665 ], [ -120.6269558, 46.6045795 ], [ -120.626894, 46.6046321 ], [ -120.6268378, 46.6046719 ], [ -120.6266092, 46.6047672 ], [ -120.6263692, 46.6048674 ], [ -120.6262422, 46.604995 ], [ -120.6263002, 46.6051093 ], [ -120.6265196, 46.6051735 ], [ -120.6268924, 46.6053261 ], [ -120.6272614, 46.6052903 ], [ -120.6274811, 46.605269 ], [ -120.6277957, 46.6052384 ], [ -120.6280242, 46.6052163 ], [ -120.6282269, 46.6050722 ], [ -120.6284467, 46.604916 ], [ -120.6292828, 46.604322 ], [ -120.6296176, 46.6041622 ], [ -120.6304686, 46.6039755 ], [ -120.6305342, 46.6039698 ], [ -120.6305089, 46.6051061 ], [ -120.6306906, 46.6051059 ], [ -120.6311345, 46.6051055 ], [ -120.6355006, 46.6051017 ], [ -120.6358155, 46.6051015 ], [ -120.6358155, 46.6051014 ], [ -120.635816, 46.6048627 ], [ -120.635818, 46.6039047 ], [ -120.6357704, 46.6039048 ], [ -120.6323076, 46.6039126 ], [ -120.6329144, 46.6037315 ], [ -120.633295, 46.603618 ], [ -120.6335313, 46.6035475 ], [ -120.6344379, 46.603277 ], [ -120.6347458, 46.6031851 ], [ -120.634757, 46.6031818 ], [ -120.6347571, 46.6031817 ], [ -120.6348595, 46.6031512 ], [ -120.6348596, 46.6031512 ], [ -120.63537, 46.6032357 ], [ -120.6358321, 46.6032325 ], [ -120.6358322, 46.6032325 ], [ -120.6358321, 46.6032172 ], [ -120.6358321, 46.603193 ], [ -120.6358315, 46.6029591 ], [ -120.6358312, 46.6028526 ], [ -120.6358258, 46.6006504 ], [ -120.6358253, 46.600459 ], [ -120.6358253, 46.6004298 ], [ -120.6358252, 46.6004007 ], [ -120.6359501, 46.6004005 ], [ -120.6359491, 46.6001635 ], [ -120.6359464, 46.5984785 ], [ -120.6360565, 46.5984778 ], [ -120.6365908, 46.5984743 ], [ -120.636933, 46.598472 ], [ -120.6371369, 46.5984707 ], [ -120.6371431, 46.5981289 ], [ -120.637147, 46.5979086 ], [ -120.6371495, 46.5977711 ], [ -120.6367149, 46.597772 ], [ -120.6367148, 46.597772 ], [ -120.6364847, 46.5977725 ], [ -120.635991, 46.5977736 ], [ -120.635991, 46.5977729 ], [ -120.635991, 46.5977728 ], [ -120.6359919, 46.5968297 ], [ -120.6359766, 46.5967066 ], [ -120.6359631, 46.5965968 ], [ -120.6359619, 46.5963643 ], [ -120.6359555, 46.5950576 ], [ -120.6359545, 46.5948607 ], [ -120.6364007, 46.5948592 ], [ -120.6375608, 46.5948553 ], [ -120.6384447, 46.5948524 ], [ -120.6384397, 46.5940342 ], [ -120.6384393, 46.5939624 ], [ -120.6384389, 46.5939029 ], [ -120.638437, 46.5935871 ], [ -120.6384338, 46.5930725 ], [ -120.638434, 46.592998 ], [ -120.6384342, 46.5929337 ], [ -120.6384343, 46.5929079 ], [ -120.6372363, 46.5929048 ], [ -120.6359493, 46.5929071 ], [ -120.6359546, 46.5920329 ], [ -120.6357229, 46.5920293 ], [ -120.6357159, 46.5920292 ], [ -120.6357169, 46.5924061 ], [ -120.6357178, 46.592797 ], [ -120.6357179, 46.5928421 ], [ -120.6357176, 46.5928421 ], [ -120.6347428, 46.5928423 ], [ -120.6340332, 46.5925915 ], [ -120.6333013, 46.5924263 ], [ -120.6332264, 46.5924252 ], [ -120.6331314, 46.5924238 ], [ -120.632659, 46.5924102 ], [ -120.6326588, 46.5924102 ], [ -120.6319607, 46.5924468 ], [ -120.6314906, 46.5925032 ], [ -120.6312028, 46.592559 ], [ -120.6312027, 46.592559 ], [ -120.6312026, 46.5925591 ], [ -120.6310667, 46.5926106 ], [ -120.6308511, 46.5927373 ], [ -120.6307794, 46.5927737 ], [ -120.6306873, 46.592826 ], [ -120.6306872, 46.5928204 ], [ -120.6306815, 46.5928233 ], [ -120.6306726, 46.5920605 ], [ -120.6306672, 46.5898553 ], [ -120.6306037, 46.5898554 ], [ -120.6306036, 46.5898554 ], [ -120.6306016, 46.589709 ], [ -120.6305956, 46.5892647 ], [ -120.6305521, 46.5857653 ], [ -120.6305976, 46.5856139 ], [ -120.630597, 46.5855597 ], [ -120.630614, 46.5855594 ], [ -120.6336673, 46.5855111 ], [ -120.6338117, 46.5855088 ], [ -120.6338883, 46.5855076 ], [ -120.6340318, 46.5855053 ], [ -120.6340474, 46.5850199 ], [ -120.6340234, 46.5847577 ], [ -120.6340366, 46.5845318 ], [ -120.6340052, 46.584041 ], [ -120.6339625, 46.583542 ], [ -120.6339646, 46.5835247 ], [ -120.6339863, 46.5833491 ], [ -120.6339863, 46.583349 ], [ -120.6339791, 46.5827492 ], [ -120.6332047, 46.5827657 ], [ -120.6331873, 46.5831458 ], [ -120.6331867, 46.583158 ], [ -120.6326702, 46.5831573 ], [ -120.6325041, 46.5831617 ], [ -120.6321678, 46.5831711 ], [ -120.6319361, 46.5831737 ], [ -120.631915, 46.5831734 ], [ -120.6318691, 46.5831727 ], [ -120.6315506, 46.5831683 ], [ -120.6315461, 46.5831683 ], [ -120.6307968, 46.5831579 ], [ -120.6307624, 46.5831548 ], [ -120.6305514, 46.5831545 ], [ -120.6305521, 46.5831357 ], [ -120.6305871, 46.582139 ], [ -120.6305882, 46.5821076 ], [ -120.6305892, 46.5820804 ], [ -120.6305909, 46.5820307 ], [ -120.6305926, 46.5819829 ], [ -120.6273738, 46.5820477 ], [ -120.6253126, 46.5820892 ], [ -120.6253181, 46.5821625 ], [ -120.6253208, 46.5821987 ], [ -120.6253275, 46.582289 ], [ -120.6200467, 46.5822526 ], [ -120.6200198, 46.5822524 ], [ -120.6200442, 46.5839671 ], [ -120.6194622, 46.5839729 ], [ -120.6190129, 46.5839774 ], [ -120.6190148, 46.5842103 ], [ -120.6190149, 46.5842321 ], [ -120.6190204, 46.5848916 ], [ -120.619028, 46.5858155 ], [ -120.6190233, 46.5858155 ], [ -120.6190233, 46.5858218 ], [ -120.6187518, 46.5858158 ], [ -120.6175875, 46.585817 ], [ -120.6175872, 46.585817 ], [ -120.6174921, 46.5857981 ], [ -120.6174923, 46.5857831 ], [ -120.6169288, 46.5857796 ], [ -120.6166998, 46.5857782 ], [ -120.6166998, 46.5857781 ], [ -120.6166965, 46.5849174 ], [ -120.6165654, 46.5849165 ], [ -120.6164108, 46.5849153 ], [ -120.6158109, 46.5849109 ], [ -120.6149824, 46.5849047 ], [ -120.6149799, 46.5846194 ], [ -120.6149753, 46.5840935 ], [ -120.6149666, 46.5831028 ], [ -120.614949, 46.5811014 ], [ -120.6149484, 46.5810334 ], [ -120.6149481, 46.5804694 ], [ -120.614948, 46.5801141 ], [ -120.6149479, 46.5799366 ], [ -120.6149477, 46.5796446 ], [ -120.6149477, 46.5796011 ], [ -120.6149477, 46.5795723 ], [ -120.6149475, 46.5791919 ], [ -120.6149474, 46.5789995 ], [ -120.6149473, 46.578821 ], [ -120.6149472, 46.5785328 ], [ -120.6149472, 46.5785257 ], [ -120.6149471, 46.578417 ], [ -120.6149469, 46.578073 ], [ -120.6149503, 46.5773915 ], [ -120.6149551, 46.5763874 ], [ -120.6149588, 46.5756357 ], [ -120.6149635, 46.5754919 ], [ -120.6149621, 46.5749607 ], [ -120.614981, 46.5749607 ], [ -120.6196919, 46.5749547 ], [ -120.6253765, 46.5749474 ], [ -120.625395, 46.5743604 ], [ -120.6254059, 46.5740148 ], [ -120.6254306, 46.5732324 ], [ -120.6254371, 46.573027 ], [ -120.6241797, 46.5730445 ], [ -120.6241791, 46.5730445 ], [ -120.6228797, 46.5730625 ], [ -120.6228796, 46.5730452 ], [ -120.6228795, 46.5730452 ], [ -120.6228791, 46.5729623 ], [ -120.6228693, 46.5711884 ], [ -120.6228693, 46.5711831 ], [ -120.6228692, 46.5711593 ], [ -120.6228661, 46.5711594 ], [ -120.6228599, 46.5711594 ], [ -120.6148336, 46.571255 ], [ -120.61482, 46.5704617 ], [ -120.6148199, 46.5704577 ], [ -120.614812, 46.5699985 ], [ -120.6148023, 46.5694368 ], [ -120.6147987, 46.569227 ], [ -120.6147986, 46.5692233 ], [ -120.6122633, 46.5692139 ], [ -120.6109768, 46.5692091 ], [ -120.6109766, 46.5691192 ], [ -120.6109765, 46.5690968 ], [ -120.6099762, 46.5690862 ], [ -120.6096303, 46.5690826 ], [ -120.6096221, 46.568832 ], [ -120.6095917, 46.5678998 ], [ -120.60959, 46.5678482 ], [ -120.6095836, 46.5676526 ], [ -120.6096035, 46.5676526 ], [ -120.609802, 46.5676531 ], [ -120.6225492, 46.5676804 ], [ -120.6227389, 46.5676808 ], [ -120.6227402, 46.5685395 ], [ -120.6227416, 46.5693955 ], [ -120.622787, 46.5693952 ], [ -120.6229386, 46.5693943 ], [ -120.6305681, 46.5693473 ], [ -120.6307539, 46.5693462 ], [ -120.6308293, 46.5693457 ], [ -120.6308309, 46.5693706 ], [ -120.6308736, 46.570028 ], [ -120.6309359, 46.5709888 ], [ -120.6309483, 46.5711812 ], [ -120.6337149, 46.5711781 ], [ -120.636483, 46.5711749 ], [ -120.6364644, 46.5708204 ], [ -120.6362957, 46.5676107 ], [ -120.6362929, 46.5675575 ], [ -120.6362924, 46.5675481 ], [ -120.6362921, 46.5675416 ], [ -120.6383323, 46.5675449 ], [ -120.6383336, 46.5675449 ], [ -120.6413231, 46.5675496 ], [ -120.6413232, 46.5675308 ], [ -120.6413253, 46.5672649 ], [ -120.6413312, 46.5665123 ], [ -120.6413341, 46.5661399 ], [ -120.6413387, 46.565547 ], [ -120.64134, 46.5653847 ], [ -120.6413427, 46.565033 ], [ -120.6413447, 46.564789 ], [ -120.641345, 46.5647456 ], [ -120.6413483, 46.5643187 ], [ -120.6413484, 46.564308 ], [ -120.6413485, 46.564301 ], [ -120.6413508, 46.5640025 ], [ -120.6413512, 46.563949 ], [ -120.6413516, 46.5638973 ], [ -120.6413523, 46.5638142 ], [ -120.641172, 46.5638122 ], [ -120.6409498, 46.5638098 ], [ -120.6408916, 46.5638092 ], [ -120.6408691, 46.563809 ], [ -120.6408735, 46.5620303 ], [ -120.6409315, 46.5620302 ], [ -120.641639, 46.5620285 ], [ -120.6434548, 46.5620241 ], [ -120.6436754, 46.5620236 ], [ -120.6443998, 46.5620218 ], [ -120.644403, 46.5617732 ], [ -120.6444247, 46.5601014 ], [ -120.6444262, 46.5599869 ], [ -120.6444262, 46.5599866 ], [ -120.6444439, 46.5586162 ], [ -120.6444232, 46.5586159 ], [ -120.6342937, 46.5584699 ], [ -120.6263252, 46.5585078 ], [ -120.6236355, 46.5585206 ], [ -120.6236203, 46.5585207 ], [ -120.623558, 46.558521 ], [ -120.6234502, 46.5585215 ], [ -120.6233676, 46.5585218 ], [ -120.6233624, 46.5588017 ], [ -120.6233164, 46.5612788 ], [ -120.6229206, 46.5612929 ], [ -120.6227413, 46.5612993 ], [ -120.622728, 46.5615685 ], [ -120.6227138, 46.5618547 ], [ -120.6227113, 46.5618547 ], [ -120.6227096, 46.5618547 ], [ -120.6155826, 46.5618423 ], [ -120.6155826, 46.5618591 ], [ -120.615577, 46.5618591 ], [ -120.6155566, 46.5619209 ], [ -120.6129296, 46.5619433 ], [ -120.6129179, 46.5619434 ], [ -120.6129178, 46.5619434 ], [ -120.6128402, 46.5619397 ], [ -120.6128221, 46.5618649 ], [ -120.6123861, 46.5618638 ], [ -120.6115282, 46.5618616 ], [ -120.6115283, 46.5619355 ], [ -120.6115172, 46.5624716 ], [ -120.6115112, 46.5627634 ], [ -120.6115085, 46.5628928 ], [ -120.6115098, 46.5628928 ], [ -120.6116873, 46.5628912 ], [ -120.611694, 46.563777 ], [ -120.5941435, 46.5636046 ], [ -120.5942038, 46.5633917 ], [ -120.5942043, 46.5609756 ], [ -120.5942043, 46.5609752 ], [ -120.5942424, 46.5609752 ], [ -120.594665, 46.5609757 ], [ -120.5951102, 46.5609762 ], [ -120.5955654, 46.5609768 ], [ -120.5960191, 46.5609773 ], [ -120.5962167, 46.5609775 ], [ -120.5965692, 46.5609779 ], [ -120.5965706, 46.5609779 ], [ -120.5969347, 46.5609784 ], [ -120.5969347, 46.5609767 ], [ -120.5969366, 46.5606162 ], [ -120.5969381, 46.5603147 ], [ -120.5969382, 46.560302 ], [ -120.5969395, 46.5600612 ], [ -120.5969398, 46.5600022 ], [ -120.5969405, 46.559859 ], [ -120.5969447, 46.5590448 ], [ -120.5969456, 46.5588799 ], [ -120.5969477, 46.558465 ], [ -120.596948, 46.5584077 ], [ -120.5943505, 46.5584157 ], [ -120.5943036, 46.5584386 ], [ -120.594299, 46.5583182 ], [ -120.5942976, 46.558283 ], [ -120.5942962, 46.5582444 ], [ -120.5942961, 46.5582444 ], [ -120.5941965, 46.558244 ], [ -120.5933304, 46.5582408 ], [ -120.5930178, 46.5582397 ], [ -120.5923732, 46.5582373 ], [ -120.5923732, 46.5582376 ], [ -120.592374, 46.5582929 ], [ -120.5923748, 46.558352 ], [ -120.5923785, 46.5586136 ], [ -120.5923827, 46.5589103 ], [ -120.5923886, 46.5593328 ], [ -120.5923888, 46.5593489 ], [ -120.5917292, 46.5593474 ], [ -120.5917097, 46.5593474 ], [ -120.5917243, 46.5608694 ], [ -120.5917302, 46.561486 ], [ -120.5917335, 46.5618295 ], [ -120.5917336, 46.5618369 ], [ -120.5915926, 46.5618372 ], [ -120.5915924, 46.5618372 ], [ -120.5895173, 46.5618413 ], [ -120.5895169, 46.5618413 ], [ -120.589514, 46.5618413 ], [ -120.5892665, 46.5618418 ], [ -120.5892663, 46.5618418 ], [ -120.5890702, 46.5618422 ], [ -120.5890701, 46.561831 ], [ -120.5890632, 46.5609395 ], [ -120.5890592, 46.5604172 ], [ -120.5890563, 46.5600375 ], [ -120.5883683, 46.5600364 ], [ -120.5883392, 46.5600363 ], [ -120.5875441, 46.5600349 ], [ -120.5873832, 46.5600346 ], [ -120.5873829, 46.5598328 ], [ -120.5873815, 46.5589275 ], [ -120.5868005, 46.5589265 ], [ -120.5865229, 46.558926 ], [ -120.5865228, 46.5588073 ], [ -120.5865226, 46.5583309 ], [ -120.5864034, 46.5583307 ], [ -120.5864043, 46.5585625 ], [ -120.5864055, 46.5588726 ], [ -120.5862886, 46.5588727 ], [ -120.5858581, 46.558873 ], [ -120.5854563, 46.5588733 ], [ -120.585456, 46.5586638 ], [ -120.5854555, 46.5583143 ], [ -120.5849714, 46.5583147 ], [ -120.5846082, 46.5583149 ], [ -120.5846112, 46.5588837 ], [ -120.5846144, 46.5594859 ], [ -120.5846196, 46.5604563 ], [ -120.5840403, 46.5604567 ], [ -120.5838676, 46.5604569 ], [ -120.5837819, 46.5604569 ], [ -120.5837634, 46.5617695 ], [ -120.5837632, 46.5617807 ], [ -120.5838105, 46.5617807 ], [ -120.5838673, 46.5617807 ], [ -120.5845444, 46.5617802 ], [ -120.5845215, 46.5636738 ], [ -120.5845969, 46.563674 ], [ -120.5859107, 46.563676 ], [ -120.58591, 46.5643624 ], [ -120.5859098, 46.5645803 ], [ -120.5859091, 46.5652738 ], [ -120.5859089, 46.5654523 ], [ -120.5859076, 46.5668748 ], [ -120.5859075, 46.5669418 ], [ -120.5859073, 46.5671474 ], [ -120.5859071, 46.5673619 ], [ -120.583276, 46.5673211 ], [ -120.580545, 46.5673368 ], [ -120.5805452, 46.5673986 ], [ -120.5805474, 46.5680354 ], [ -120.5805476, 46.568113 ], [ -120.580548, 46.568233 ], [ -120.5805485, 46.568364 ], [ -120.5805493, 46.568616 ], [ -120.5805502, 46.5688806 ], [ -120.5805506, 46.5689988 ], [ -120.5805979, 46.5689988 ], [ -120.5831265, 46.568997 ], [ -120.5831267, 46.5691378 ], [ -120.5831267, 46.5691637 ], [ -120.5831288, 46.5707392 ], [ -120.5830337, 46.5707386 ], [ -120.5744762, 46.5706849 ], [ -120.5743595, 46.5706842 ], [ -120.5743504, 46.5701109 ], [ -120.5751261, 46.5701041 ], [ -120.5751351, 46.570104 ], [ -120.5751428, 46.570104 ], [ -120.575146, 46.5696387 ], [ -120.5751494, 46.5691316 ], [ -120.5751502, 46.5690109 ], [ -120.5744167, 46.5690173 ], [ -120.5726146, 46.5690332 ], [ -120.5726142, 46.5690437 ], [ -120.572611, 46.5691331 ], [ -120.5726068, 46.5692505 ], [ -120.5725562, 46.5706723 ], [ -120.5685229, 46.5706385 ], [ -120.5685183, 46.5707441 ], [ -120.5685132, 46.5708593 ], [ -120.5685091, 46.5709538 ], [ -120.5685077, 46.5709857 ], [ -120.5685047, 46.5710547 ], [ -120.5685043, 46.5710634 ], [ -120.5683607, 46.5710706 ], [ -120.5620371, 46.5710628 ], [ -120.5620342, 46.5710625 ], [ -120.5618924, 46.5710627 ], [ -120.5618856, 46.570806 ], [ -120.5618788, 46.5705538 ], [ -120.5619295, 46.5676571 ], [ -120.5619332, 46.5673222 ], [ -120.5619357, 46.5673222 ], [ -120.5619365, 46.5673222 ], [ -120.5619375, 46.5673222 ], [ -120.5647306, 46.5673132 ], [ -120.5649596, 46.5673135 ], [ -120.5667386, 46.5673163 ], [ -120.5672826, 46.5673172 ], [ -120.5678996, 46.5673181 ], [ -120.5692776, 46.5673203 ], [ -120.5709546, 46.5673229 ], [ -120.5716238, 46.5673239 ], [ -120.5717466, 46.5673241 ], [ -120.5718166, 46.5673242 ], [ -120.5726153, 46.5673254 ], [ -120.5726416, 46.5662884 ], [ -120.5726482, 46.5660271 ], [ -120.5726611, 46.5655159 ], [ -120.5778936, 46.5654941 ], [ -120.5778924, 46.564594 ], [ -120.5749271, 46.5646054 ], [ -120.5726866, 46.5646141 ], [ -120.5727143, 46.5637607 ], [ -120.572716, 46.5637067 ], [ -120.5744328, 46.5637001 ], [ -120.5755847, 46.5636957 ], [ -120.5756032, 46.5628506 ], [ -120.5756481, 46.560792 ], [ -120.5761656, 46.5607938 ], [ -120.5771763, 46.5607972 ], [ -120.5771753, 46.5608239 ], [ -120.5771747, 46.5608384 ], [ -120.5780199, 46.5608415 ], [ -120.5780212, 46.560805 ], [ -120.5780273, 46.5606355 ], [ -120.5756542, 46.5606275 ], [ -120.5756793, 46.5599485 ], [ -120.5730691, 46.5599345 ], [ -120.573091, 46.5590384 ], [ -120.5731129, 46.5581422 ], [ -120.5724189, 46.5581376 ], [ -120.5724144, 46.5581376 ], [ -120.5724113, 46.5583999 ], [ -120.5723932, 46.5599268 ], [ -120.5704361, 46.5599213 ], [ -120.5704428, 46.5596478 ], [ -120.5704428, 46.5596464 ], [ -120.5698088, 46.5596402 ], [ -120.5697997, 46.560011 ], [ -120.5684372, 46.5599975 ], [ -120.5684417, 46.5611322 ], [ -120.5704059, 46.5611464 ], [ -120.5704092, 46.5613184 ], [ -120.5704092, 46.5613192 ], [ -120.5703746, 46.5613193 ], [ -120.5703712, 46.5613193 ], [ -120.5703054, 46.5613196 ], [ -120.570297, 46.5616902 ], [ -120.565017, 46.5616599 ], [ -120.5650167, 46.5616787 ], [ -120.5599437, 46.5616646 ], [ -120.5599431, 46.5616646 ], [ -120.5599408, 46.5617923 ], [ -120.5599391, 46.5618797 ], [ -120.559939, 46.5618865 ], [ -120.5602818, 46.5618872 ], [ -120.5609638, 46.5618886 ], [ -120.5609597, 46.5621072 ], [ -120.5609558, 46.5623175 ], [ -120.5603694, 46.5623162 ], [ -120.5599311, 46.5623153 ], [ -120.5599149, 46.5631669 ], [ -120.5599057, 46.5636569 ], [ -120.5599056, 46.5636569 ], [ -120.5599056, 46.5636619 ], [ -120.5598168, 46.5636616 ], [ -120.5598166, 46.5636616 ], [ -120.5570588, 46.5636531 ], [ -120.5569604, 46.5673014 ], [ -120.5570545, 46.5636531 ], [ -120.5570473, 46.563653 ], [ -120.5529799, 46.5635934 ], [ -120.552678, 46.5635945 ], [ -120.5526778, 46.5635945 ], [ -120.5522896, 46.5635959 ], [ -120.5522874, 46.5631505 ], [ -120.5522785, 46.5613691 ], [ -120.5522782, 46.5613214 ], [ -120.5521988, 46.5613412 ], [ -120.5520985, 46.5613663 ], [ -120.5520228, 46.5613852 ], [ -120.5520193, 46.5613867 ], [ -120.5520133, 46.5613893 ], [ -120.5519746, 46.5614061 ], [ -120.551796, 46.5614835 ], [ -120.5516324, 46.5615544 ], [ -120.5514487, 46.5616071 ], [ -120.5513855, 46.5616252 ], [ -120.5513298, 46.561636 ], [ -120.5513295, 46.5616361 ], [ -120.5510199, 46.5616924 ], [ -120.5508772, 46.5617056 ], [ -120.5508232, 46.5617105 ], [ -120.5506931, 46.5617225 ], [ -120.5504941, 46.5617714 ], [ -120.5504498, 46.5618006 ], [ -120.5502868, 46.5619081 ], [ -120.5501835, 46.5620015 ], [ -120.5501834, 46.5620016 ], [ -120.5501193, 46.5620496 ], [ -120.5501142, 46.5620442 ], [ -120.5500006, 46.5621322 ], [ -120.5497116, 46.5617972 ], [ -120.5494856, 46.5615352 ], [ -120.5494499, 46.5614938 ], [ -120.5466516, 46.5611648 ], [ -120.546381, 46.5611267 ], [ -120.5461722, 46.5611017 ], [ -120.5461716, 46.5609268 ], [ -120.5461643, 46.5607715 ], [ -120.5461632, 46.5604794 ], [ -120.5461608, 46.5597828 ], [ -120.5461606, 46.5597432 ], [ -120.546158, 46.5590003 ], [ -120.546154, 46.5578514 ], [ -120.5461538, 46.5578115 ], [ -120.5465939, 46.5578126 ], [ -120.5466098, 46.5578126 ], [ -120.5516888, 46.5578249 ], [ -120.5521212, 46.5578259 ], [ -120.5521909, 46.5578261 ], [ -120.5522022, 46.5563279 ], [ -120.5522177, 46.5542666 ], [ -120.5519955, 46.5542667 ], [ -120.5519955, 46.5542666 ], [ -120.5519704, 46.5542667 ], [ -120.5519757, 46.55116 ], [ -120.5523133, 46.5511073 ], [ -120.5523661, 46.5510879 ], [ -120.552466, 46.551071 ], [ -120.5524829, 46.5509902 ], [ -120.5524806, 46.5509769 ], [ -120.5524626, 46.5509159 ], [ -120.5524696, 46.5508489 ], [ -120.5525036, 46.5508166 ], [ -120.5525196, 46.5508151 ], [ -120.5525203, 46.5508118 ], [ -120.5525346, 46.5508138 ], [ -120.5525787, 46.5508098 ], [ -120.5526409, 46.5508108 ], [ -120.5527116, 46.5508119 ], [ -120.5527646, 46.5508419 ], [ -120.5528046, 46.5508819 ], [ -120.5528156, 46.5509169 ], [ -120.5531821, 46.5513941 ], [ -120.5532154, 46.5513999 ], [ -120.5534676, 46.551351 ], [ -120.5535291, 46.5513184 ], [ -120.55363, 46.551306 ], [ -120.5537406, 46.5512959 ], [ -120.5537958, 46.5513367 ], [ -120.5537991, 46.5513391 ], [ -120.5542451, 46.5516253 ], [ -120.5542596, 46.5516289 ], [ -120.5543324, 46.5516298 ], [ -120.5543416, 46.5516296 ], [ -120.5544255, 46.5516248 ], [ -120.5545146, 46.5516169 ], [ -120.5545824, 46.5516122 ], [ -120.5546381, 46.5516044 ], [ -120.5546886, 46.5515769 ], [ -120.5547586, 46.5515479 ], [ -120.5548086, 46.5515249 ], [ -120.5548772, 46.5515307 ], [ -120.5549489, 46.5515493 ], [ -120.5550868, 46.5515765 ], [ -120.5552408, 46.5516068 ], [ -120.555311, 46.551605 ], [ -120.555406, 46.5515937 ], [ -120.5557011, 46.551244 ], [ -120.5557426, 46.5511579 ], [ -120.5557873, 46.5511007 ], [ -120.5558456, 46.5510259 ], [ -120.5559592, 46.5509381 ], [ -120.5559603, 46.5509368 ], [ -120.5559612, 46.5509366 ], [ -120.5559646, 46.5509339 ], [ -120.5560598, 46.5508868 ], [ -120.5561426, 46.5508409 ], [ -120.5562221, 46.5507984 ], [ -120.5563056, 46.5507689 ], [ -120.5563736, 46.5507519 ], [ -120.5564516, 46.5507469 ], [ -120.5565588, 46.550742 ], [ -120.5566406, 46.5507389 ], [ -120.5567346, 46.5507194 ], [ -120.5567451, 46.5507132 ], [ -120.5567145, 46.5504862 ], [ -120.5567472, 46.5504802 ], [ -120.5567468, 46.5504637 ], [ -120.5568583, 46.5504159 ], [ -120.5569155, 46.5503996 ], [ -120.556997, 46.5503977 ], [ -120.5570828, 46.5503958 ], [ -120.5571462, 46.5503943 ], [ -120.5571583, 46.5504045 ], [ -120.5571596, 46.5504043 ], [ -120.5577095, 46.5506296 ], [ -120.5577856, 46.5506479 ], [ -120.5577833, 46.5506816 ], [ -120.5577894, 46.5507355 ], [ -120.5577985, 46.5507687 ], [ -120.5578176, 46.5508389 ], [ -120.5578106, 46.5508819 ], [ -120.5577726, 46.5509219 ], [ -120.5577658, 46.5509253 ], [ -120.5573535, 46.5513386 ], [ -120.5573526, 46.5513409 ], [ -120.5573916, 46.5513721 ], [ -120.5574566, 46.5514159 ], [ -120.5574592, 46.5514177 ], [ -120.5575532, 46.5514804 ], [ -120.5575761, 46.5514949 ], [ -120.5576336, 46.5515189 ], [ -120.557669, 46.5515457 ], [ -120.5578675, 46.5514754 ], [ -120.5578986, 46.5514519 ], [ -120.5579788, 46.5514142 ], [ -120.5580546, 46.5514079 ], [ -120.558129, 46.551424 ], [ -120.5582206, 46.5514309 ], [ -120.5582917, 46.5514611 ], [ -120.5583596, 46.5514899 ], [ -120.5584046, 46.5515209 ], [ -120.5584728, 46.5515626 ], [ -120.5585268, 46.5515951 ], [ -120.5585869, 46.5516322 ], [ -120.5586636, 46.5516709 ], [ -120.5586677, 46.5516713 ], [ -120.5590059, 46.5515696 ], [ -120.5590581, 46.5515459 ], [ -120.5590778, 46.551548 ], [ -120.5590783, 46.5515478 ], [ -120.559079, 46.5515481 ], [ -120.5591446, 46.5515549 ], [ -120.5592281, 46.5516069 ], [ -120.5592336, 46.5516114 ], [ -120.5595746, 46.551751 ], [ -120.5595898, 46.5517528 ], [ -120.559739, 46.5516272 ], [ -120.5597436, 46.5516149 ], [ -120.5598006, 46.5515754 ], [ -120.5598013, 46.5515748 ], [ -120.5598014, 46.5515748 ], [ -120.5598056, 46.5515719 ], [ -120.5599007, 46.5515669 ], [ -120.5599579, 46.5516309 ], [ -120.5601312, 46.5516931 ], [ -120.5602092, 46.5516876 ], [ -120.5603028, 46.551674 ], [ -120.5604826, 46.5516479 ], [ -120.5605626, 46.5515859 ], [ -120.5606446, 46.5515519 ], [ -120.5607066, 46.5515439 ], [ -120.5607716, 46.5515459 ], [ -120.5608456, 46.5515629 ], [ -120.5609592, 46.5515763 ], [ -120.5610511, 46.5515782 ], [ -120.561146, 46.5515655 ], [ -120.5611672, 46.5515607 ], [ -120.5612386, 46.5513996 ], [ -120.5612386, 46.5513419 ], [ -120.5612835, 46.551275 ], [ -120.5613137, 46.5512302 ], [ -120.5613183, 46.5512198 ], [ -120.5613469, 46.5512331 ], [ -120.5614227, 46.5512404 ], [ -120.5615221, 46.5512782 ], [ -120.5615434, 46.5513246 ], [ -120.561796, 46.5514422 ], [ -120.5618171, 46.5514465 ], [ -120.5619318, 46.55142 ], [ -120.5620453, 46.5513834 ], [ -120.5621925, 46.5513359 ], [ -120.5623113, 46.5511528 ], [ -120.5622884, 46.5511043 ], [ -120.5622836, 46.5510963 ], [ -120.5622408, 46.5510245 ], [ -120.5622105, 46.5509737 ], [ -120.5621856, 46.5509319 ], [ -120.5621486, 46.5508979 ], [ -120.5621259, 46.5508339 ], [ -120.5621216, 46.5507904 ], [ -120.5621352, 46.5507795 ], [ -120.5621317, 46.5507719 ], [ -120.5621458, 46.550771 ], [ -120.5621731, 46.5507489 ], [ -120.5622937, 46.550741 ], [ -120.5623773, 46.5507384 ], [ -120.562491, 46.5507347 ], [ -120.5625892, 46.5507316 ], [ -120.5626513, 46.5507296 ], [ -120.5627366, 46.5507269 ], [ -120.5627368, 46.5507267 ], [ -120.5627738, 46.5506953 ], [ -120.5628296, 46.5506479 ], [ -120.5628647, 46.5505946 ], [ -120.5629131, 46.5505304 ], [ -120.5629906, 46.5505039 ], [ -120.5630633, 46.5505049 ], [ -120.5633997, 46.5502763 ], [ -120.5634182, 46.5502593 ], [ -120.5634254, 46.5502589 ], [ -120.5634278, 46.5502572 ], [ -120.5634319, 46.5502585 ], [ -120.5634991, 46.5502549 ], [ -120.5635492, 46.5502966 ], [ -120.5638957, 46.5504091 ], [ -120.5639146, 46.5504109 ], [ -120.5641035, 46.5502883 ], [ -120.5641455, 46.5502666 ], [ -120.5641503, 46.5502636 ], [ -120.5641506, 46.550264 ], [ -120.5641559, 46.5502612 ], [ -120.5642284, 46.5503002 ], [ -120.5642911, 46.5503404 ], [ -120.5643296, 46.5503929 ], [ -120.5643678, 46.5504938 ], [ -120.5643524, 46.5505496 ], [ -120.5643603, 46.5505608 ], [ -120.5639527, 46.5508122 ], [ -120.5639503, 46.5508154 ], [ -120.5639699, 46.5508767 ], [ -120.5640257, 46.5509686 ], [ -120.5640317, 46.5509885 ], [ -120.5640453, 46.5510108 ], [ -120.564033, 46.5510321 ], [ -120.5640254, 46.5510721 ], [ -120.5639899, 46.5511661 ], [ -120.5639751, 46.5512052 ], [ -120.5639556, 46.5512569 ], [ -120.5638901, 46.5513044 ], [ -120.5639073, 46.5513396 ], [ -120.5639899, 46.5513826 ], [ -120.5640421, 46.5513802 ], [ -120.5641316, 46.5513779 ], [ -120.5642196, 46.5514004 ], [ -120.5642096, 46.5514519 ], [ -120.5642036, 46.5514939 ], [ -120.5644592, 46.5516269 ], [ -120.5644806, 46.5516329 ], [ -120.5645251, 46.5516329 ], [ -120.5645691, 46.5516303 ], [ -120.5646496, 46.5515919 ], [ -120.5648016, 46.5515539 ], [ -120.5648668, 46.5515561 ], [ -120.5649536, 46.5515589 ], [ -120.5650036, 46.5516019 ], [ -120.5650326, 46.5516789 ], [ -120.5650436, 46.5517289 ], [ -120.5650536, 46.5517719 ], [ -120.5650736, 46.5518524 ], [ -120.5651756, 46.5524339 ], [ -120.5650466, 46.5532049 ], [ -120.5650612, 46.5532138 ], [ -120.5652629, 46.5532783 ], [ -120.5652934, 46.5532777 ], [ -120.5653578, 46.5526022 ], [ -120.5653395, 46.5516696 ], [ -120.5653682, 46.5510448 ], [ -120.5653884, 46.549934 ], [ -120.5678623, 46.5499465 ], [ -120.5679058, 46.5505271 ], [ -120.567902, 46.5512515 ], [ -120.5678659, 46.5536176 ], [ -120.5678222, 46.553654 ], [ -120.5676238, 46.5536205 ], [ -120.5675211, 46.5536183 ], [ -120.5676191, 46.5536944 ], [ -120.5678686, 46.5536889 ], [ -120.5680886, 46.5536839 ], [ -120.5681021, 46.5536792 ], [ -120.5686581, 46.5534436 ], [ -120.5686856, 46.5534309 ], [ -120.5686904, 46.5534401 ], [ -120.568985, 46.5536435 ], [ -120.5689956, 46.5536449 ], [ -120.5690576, 46.5535199 ], [ -120.5692546, 46.5534809 ], [ -120.5695026, 46.5536669 ], [ -120.56953, 46.5537715 ], [ -120.5696143, 46.5536505 ], [ -120.5696036, 46.5536329 ], [ -120.5696397, 46.553614 ], [ -120.5698753, 46.5532758 ], [ -120.5698791, 46.5532752 ], [ -120.5698796, 46.5532729 ], [ -120.5702966, 46.5531149 ], [ -120.5705342, 46.5531772 ], [ -120.5708308, 46.5531329 ], [ -120.5710396, 46.5530359 ], [ -120.5712737, 46.5530636 ], [ -120.5714183, 46.5527408 ], [ -120.5714212, 46.552741 ], [ -120.5714226, 46.5527379 ], [ -120.5715014, 46.552747 ], [ -120.5719383, 46.5527795 ], [ -120.5719441, 46.5527777 ], [ -120.5719514, 46.5527692 ], [ -120.5722156, 46.5523409 ], [ -120.5724486, 46.5521799 ], [ -120.5726346, 46.5521799 ], [ -120.5730046, 46.5522949 ], [ -120.5730572, 46.5523048 ], [ -120.5735076, 46.5523209 ], [ -120.5737666, 46.5524339 ], [ -120.5735916, 46.5526929 ], [ -120.5737946, 46.5528049 ], [ -120.5739874, 46.5527227 ], [ -120.5739888, 46.552707 ], [ -120.5739246, 46.5523939 ], [ -120.5740259, 46.5522817 ], [ -120.5740261, 46.5522797 ], [ -120.574027, 46.5522805 ], [ -120.5740366, 46.5522699 ], [ -120.5742056, 46.5523039 ], [ -120.5743016, 46.5525239 ], [ -120.5745884, 46.5525969 ], [ -120.574589, 46.5525965 ], [ -120.5747236, 46.5524339 ], [ -120.5749046, 46.5523719 ], [ -120.5749268, 46.5523867 ], [ -120.575551, 46.5526669 ], [ -120.5755683, 46.5526699 ], [ -120.5760962, 46.5522871 ], [ -120.5760971, 46.5522873 ], [ -120.5761096, 46.5522759 ], [ -120.5763126, 46.5522869 ], [ -120.5765546, 46.5524049 ], [ -120.5765625, 46.5524029 ], [ -120.5772149, 46.5521402 ], [ -120.5772366, 46.5521119 ], [ -120.5775966, 46.5521009 ], [ -120.5780237, 46.5521797 ], [ -120.5780286, 46.5521753 ], [ -120.5781656, 46.5520169 ], [ -120.5783176, 46.5519149 ], [ -120.5786056, 46.5519939 ], [ -120.5792206, 46.5516859 ], [ -120.5793466, 46.551337 ], [ -120.5793502, 46.5513361 ], [ -120.5793546, 46.5513239 ], [ -120.5798915, 46.5511949 ], [ -120.5798944, 46.5511688 ], [ -120.5798896, 46.5510649 ], [ -120.5800528, 46.5510494 ], [ -120.5806971, 46.550977 ], [ -120.5807991, 46.5509633 ], [ -120.5811886, 46.5504011 ], [ -120.5811966, 46.5503829 ], [ -120.5816016, 46.5503889 ], [ -120.5819996, 46.5505809 ], [ -120.5827056, 46.5505459 ], [ -120.5829316, 46.5505629 ], [ -120.5832891, 46.5504775 ], [ -120.5831143, 46.5503698 ], [ -120.5831208, 46.550361 ], [ -120.5832076, 46.5501239 ], [ -120.5833936, 46.5500109 ], [ -120.5839006, 46.5498759 ], [ -120.5841366, 46.5498419 ], [ -120.5843286, 46.5498989 ], [ -120.5844161, 46.5499623 ], [ -120.5849649, 46.5501896 ], [ -120.584984, 46.5501934 ], [ -120.5851913, 46.5497778 ], [ -120.5847803, 46.5495918 ], [ -120.5848309, 46.5494828 ], [ -120.5848806, 46.5493689 ], [ -120.5850216, 46.5493299 ], [ -120.5852949, 46.5494016 ], [ -120.5856241, 46.5494199 ], [ -120.5856806, 46.5494199 ], [ -120.5859906, 46.5492279 ], [ -120.5864426, 46.5489689 ], [ -120.5869756, 46.5487999 ], [ -120.5875786, 46.5487329 ], [ -120.5877774, 46.548775 ], [ -120.5880172, 46.5487709 ], [ -120.5883676, 46.5486879 ], [ -120.5887713, 46.5487547 ], [ -120.5888317, 46.5486914 ], [ -120.5890656, 46.5484399 ], [ -120.5894596, 46.5486259 ], [ -120.5896746, 46.5488229 ], [ -120.5896789, 46.5488232 ], [ -120.5900578, 46.5487069 ], [ -120.5900626, 46.5487039 ], [ -120.5900868, 46.5487109 ], [ -120.5905965, 46.5487838 ], [ -120.5906146, 46.5487829 ], [ -120.5910316, 46.5485189 ], [ -120.5914036, 46.5484279 ], [ -120.5918746, 46.5486929 ], [ -120.5920937, 46.5486515 ], [ -120.5924433, 46.5480478 ], [ -120.5924469, 46.5480461 ], [ -120.5924476, 46.5480449 ], [ -120.5924512, 46.5480441 ], [ -120.5929185, 46.547824 ], [ -120.5930036, 46.5477129 ], [ -120.5936226, 46.5475099 ], [ -120.5938656, 46.5474989 ], [ -120.5940786, 46.5476689 ], [ -120.5950996, 46.5474329 ], [ -120.5954256, 46.5474559 ], [ -120.5965313, 46.5472793 ], [ -120.5966472, 46.5472587 ], [ -120.596619, 46.5466741 ], [ -120.5966254, 46.5466742 ], [ -120.5964226, 46.5463839 ], [ -120.5964326, 46.5461599 ], [ -120.5966296, 46.5460459 ], [ -120.5967046, 46.5462029 ], [ -120.5969756, 46.5462459 ], [ -120.5971206, 46.5461529 ], [ -120.5972786, 46.5463779 ], [ -120.5974136, 46.5464789 ], [ -120.5980056, 46.5466259 ], [ -120.5986246, 46.5466209 ], [ -120.5991626, 46.5464969 ], [ -120.5992616, 46.5466599 ], [ -120.5994646, 46.5466649 ], [ -120.5996616, 46.5465749 ], [ -120.5999936, 46.5463059 ], [ -120.6000896, 46.5459839 ], [ -120.6002076, 46.5459439 ], [ -120.6006476, 46.5459889 ], [ -120.6009236, 46.5460919 ], [ -120.6012666, 46.5461469 ], [ -120.6014976, 46.5459589 ], [ -120.6014756, 46.5458029 ], [ -120.6012896, 46.5455269 ], [ -120.6013796, 46.5453809 ], [ -120.6016106, 46.5453579 ], [ -120.6018806, 46.5454709 ], [ -120.6019096, 46.5457129 ], [ -120.6020656, 46.5458289 ], [ -120.6028676, 46.5456439 ], [ -120.6031206, 46.5457639 ], [ -120.6032276, 46.5456629 ], [ -120.6033736, 46.5453129 ], [ -120.6034586, 46.5450819 ], [ -120.6037796, 46.5449809 ], [ -120.6036726, 46.5448459 ], [ -120.6028556, 46.5447949 ], [ -120.6027316, 46.5445869 ], [ -120.6028326, 46.5443729 ], [ -120.6029686, 46.5443669 ], [ -120.6031996, 46.5444909 ], [ -120.6032896, 46.5444119 ], [ -120.6033516, 46.5441589 ], [ -120.6036286, 46.5440209 ], [ -120.6036736, 46.5439259 ], [ -120.6036106, 46.5436909 ], [ -120.6037066, 46.5436289 ], [ -120.6041056, 46.5436799 ], [ -120.6042186, 46.5435669 ], [ -120.6042356, 46.5433919 ], [ -120.6044606, 46.5433019 ], [ -120.6047085, 46.5433079 ], [ -120.6048215, 46.5435389 ], [ -120.6047875, 46.5436969 ], [ -120.604795, 46.5437029 ], [ -120.6050081, 46.5437601 ], [ -120.605016, 46.5437592 ], [ -120.6052673, 46.5433838 ], [ -120.6052711, 46.5433817 ], [ -120.6052715, 46.5433809 ], [ -120.6052746, 46.5433797 ], [ -120.6058742, 46.5430414 ], [ -120.6058975, 46.5430259 ], [ -120.6059661, 46.5430651 ], [ -120.6063633, 46.5431705 ], [ -120.6063861, 46.5431728 ], [ -120.6066763, 46.5428598 ], [ -120.6066791, 46.5428585 ], [ -120.6066805, 46.5428569 ], [ -120.6070405, 46.5426709 ], [ -120.6071862, 46.5426295 ], [ -120.6076403, 46.5424244 ], [ -120.6077015, 46.5423879 ], [ -120.6080605, 46.5423349 ], [ -120.6082855, 46.5424239 ], [ -120.6083092, 46.5425022 ], [ -120.6086084, 46.5426968 ], [ -120.6086288, 46.5427046 ], [ -120.6087943, 46.5425558 ], [ -120.6085573, 46.5424208 ], [ -120.6086244, 46.5421415 ], [ -120.608628, 46.5421414 ], [ -120.6086305, 46.5421309 ], [ -120.6088775, 46.5420799 ], [ -120.6090669, 46.5421241 ], [ -120.6095488, 46.542105 ], [ -120.6095552, 46.542103 ], [ -120.6095634, 46.5420859 ], [ -120.6096375, 46.5418429 ], [ -120.6097858, 46.5416261 ], [ -120.6097913, 46.5416148 ], [ -120.6097961, 46.5416115 ], [ -120.6100545, 46.5414269 ], [ -120.6105725, 46.5413419 ], [ -120.6108185, 46.5413209 ], [ -120.6111195, 46.5410599 ], [ -120.6114625, 46.5409479 ], [ -120.6114762, 46.5409488 ], [ -120.6124076, 46.5408453 ], [ -120.6124236, 46.5408414 ], [ -120.6129939, 46.5402313 ], [ -120.6129845, 46.5401249 ], [ -120.6131655, 46.5400439 ], [ -120.6140385, 46.5400809 ], [ -120.6147355, 46.5403959 ], [ -120.6149155, 46.5403509 ], [ -120.6151525, 46.5403669 ], [ -120.6153775, 46.5405649 ], [ -120.6161325, 46.5406489 ], [ -120.6163915, 46.5407449 ], [ -120.6168195, 46.5405589 ], [ -120.6172925, 46.5406599 ], [ -120.6176145, 46.5404909 ], [ -120.6178225, 46.5404969 ], [ -120.6179525, 46.5406769 ], [ -120.6178615, 46.5408459 ], [ -120.6183185, 46.5409479 ], [ -120.6185775, 46.5408969 ], [ -120.6187855, 46.5409759 ], [ -120.6190895, 46.5408519 ], [ -120.6192755, 46.5406209 ], [ -120.6192305, 46.5404579 ], [ -120.6194075, 46.5403059 ], [ -120.6196095, 46.5402939 ], [ -120.6197525, 46.5402309 ], [ -120.6200395, 46.5402279 ], [ -120.6201865, 46.5403289 ], [ -120.6202505, 46.5404349 ], [ -120.6204865, 46.5405929 ], [ -120.6207515, 46.5405589 ], [ -120.6207125, 46.5404069 ], [ -120.6205715, 46.5403219 ], [ -120.6206125, 46.5402149 ], [ -120.6208025, 46.5401979 ], [ -120.6209265, 46.5401479 ], [ -120.6211745, 46.5399059 ], [ -120.6214335, 46.5395899 ], [ -120.6216755, 46.5393419 ], [ -120.6216305, 46.5392069 ], [ -120.6214865, 46.5391659 ], [ -120.6213435, 46.5391279 ], [ -120.6213835, 46.5389699 ], [ -120.6217105, 46.5389299 ], [ -120.6219125, 46.5391109 ], [ -120.6220415, 46.5390159 ], [ -120.6221315, 46.5388069 ], [ -120.6220285, 46.5385949 ], [ -120.6221605, 46.5385849 ], [ -120.6223385, 46.5386149 ], [ -120.6226555, 46.5388199 ], [ -120.6228355, 46.5388959 ], [ -120.6230525, 46.5389449 ], [ -120.6238045, 46.5390659 ], [ -120.6240585, 46.5389929 ], [ -120.6243175, 46.5390039 ], [ -120.6247285, 46.5388749 ], [ -120.6247905, 46.5387899 ], [ -120.6250215, 46.5386379 ], [ -120.6251735, 46.5385819 ], [ -120.6254385, 46.5386489 ], [ -120.6255285, 46.5386099 ], [ -120.6253985, 46.5384299 ], [ -120.6252975, 46.5382999 ], [ -120.6254605, 46.5382039 ], [ -120.6253315, 46.5381089 ], [ -120.6251795, 46.5379959 ], [ -120.6253705, 46.5379279 ], [ -120.6254605, 46.5377419 ], [ -120.6254985, 46.5377019 ], [ -120.6256005, 46.5377359 ], [ -120.6257205, 46.5379569 ], [ -120.6258665, 46.5380349 ], [ -120.6259505, 46.5378159 ], [ -120.6262045, 46.5377109 ], [ -120.6261875, 46.5375399 ], [ -120.6262605, 46.5374499 ], [ -120.6266265, 46.5374829 ], [ -120.6268185, 46.5374949 ], [ -120.6267725, 46.5376869 ], [ -120.6276625, 46.5376499 ], [ -120.6277215, 46.5376249 ], [ -120.6279265, 46.5376609 ], [ -120.6280715, 46.5377859 ], [ -120.6281145, 46.5380349 ], [ -120.6283735, 46.5382999 ], [ -120.6286835, 46.5384239 ], [ -120.6288885, 46.5384519 ], [ -120.6290545, 46.5384799 ], [ -120.6300345, 46.5386659 ], [ -120.6304235, 46.5387279 ], [ -120.6307395, 46.5389589 ], [ -120.6309755, 46.5390159 ], [ -120.6313645, 46.5389869 ], [ -120.6318095, 46.5388859 ], [ -120.6322715, 46.5386719 ], [ -120.6331045, 46.5384859 ], [ -120.6333075, 46.5382549 ], [ -120.6333305, 46.5380969 ], [ -120.6333925, 46.5380019 ], [ -120.6334595, 46.5379899 ], [ -120.6336235, 46.5380859 ], [ -120.6337755, 46.5381419 ], [ -120.6339665, 46.5380639 ], [ -120.6342035, 46.5378889 ], [ -120.6343215, 46.5377369 ], [ -120.6345525, 46.5377369 ], [ -120.6346485, 46.5375899 ], [ -120.6346255, 46.5374049 ], [ -120.6346765, 46.5373259 ], [ -120.6347865, 46.5371739 ], [ -120.6347385, 46.5370159 ], [ -120.6348565, 46.5366379 ], [ -120.6350035, 46.5364859 ], [ -120.6352565, 46.5364359 ], [ -120.6360735, 46.5364019 ], [ -120.6362985, 46.5364359 ], [ -120.6364005, 46.5363169 ], [ -120.6364005, 46.5361429 ], [ -120.6367045, 46.5361989 ], [ -120.6369575, 46.5362499 ], [ -120.6370985, 46.5360639 ], [ -120.6373525, 46.5359059 ], [ -120.6375835, 46.5359289 ], [ -120.6378645, 46.5359909 ], [ -120.6381525, 46.5358889 ], [ -120.6387665, 46.5357309 ], [ -120.6387755, 46.5355799 ], [ -120.6388455, 46.5352749 ], [ -120.6391215, 46.5350949 ], [ -120.6394875, 46.5349989 ], [ -120.6395835, 46.5347589 ], [ -120.6396845, 46.5346329 ], [ -120.6398755, 46.5346779 ], [ -120.6400565, 46.5348249 ], [ -120.6404675, 46.5347569 ], [ -120.6404895, 46.5346049 ], [ -120.6406705, 46.5344909 ], [ -120.6410475, 46.5343399 ], [ -120.6412615, 46.5342499 ], [ -120.6423375, 46.5342779 ], [ -120.6425455, 46.5341369 ], [ -120.6429405, 46.5342219 ], [ -120.6433065, 46.5340529 ], [ -120.6438475, 46.5340019 ], [ -120.6441005, 46.5339849 ], [ -120.6442075, 46.5338729 ], [ -120.6440955, 46.5337149 ], [ -120.6441235, 46.5335969 ], [ -120.6444835, 46.5334949 ], [ -120.6447205, 46.5335289 ], [ -120.6447595, 46.5337819 ], [ -120.6450135, 46.5338109 ], [ -120.6465005, 46.5337429 ], [ -120.6468435, 46.5337709 ], [ -120.6472275, 46.5337769 ], [ -120.6478075, 46.5336749 ], [ -120.6484385, 46.5334499 ], [ -120.6491645, 46.5335009 ], [ -120.6494705, 46.5334809 ], [ -120.6500635, 46.5334929 ], [ -120.6500585, 46.5336569 ], [ -120.6500465, 46.5340369 ], [ -120.6500465, 46.5341139 ], [ -120.6500405, 46.5351239 ], [ -120.6500385, 46.5354909 ], [ -120.6500355, 46.5359709 ], [ -120.6500275, 46.5364259 ], [ -120.6499795, 46.5392309 ], [ -120.6499635, 46.5401659 ], [ -120.6499625, 46.5402079 ], [ -120.6499605, 46.5403349 ], [ -120.6499605, 46.5403626 ], [ -120.6499638, 46.5401756 ], [ -120.6711033, 46.5403097 ], [ -120.6710342, 46.549722 ], [ -120.6710355, 46.5499769 ], [ -120.6710355, 46.5501639 ], [ -120.6710355, 46.5511079 ], [ -120.6709055, 46.5511439 ], [ -120.6706515, 46.5512199 ], [ -120.6702865, 46.5513309 ], [ -120.6699595, 46.5514309 ], [ -120.6696315, 46.5515169 ], [ -120.6692975, 46.5515869 ], [ -120.6691785, 46.5516089 ], [ -120.6690266, 46.5516328 ], [ -120.6690058, 46.5516383 ], [ -120.6689692, 46.5516419 ], [ -120.6689625, 46.5516429 ], [ -120.6685295, 46.5516969 ], [ -120.6679344, 46.5517421 ], [ -120.6647263, 46.5520528 ], [ -120.6617957, 46.553201 ], [ -120.6609415, 46.5535609 ], [ -120.6598685, 46.5539929 ], [ -120.6595405, 46.5541039 ], [ -120.659358, 46.5541561 ], [ -120.6593422, 46.5541622 ], [ -120.6593088, 46.5541701 ], [ -120.6592885, 46.5541759 ], [ -120.6568785, 46.5547609 ], [ -120.6543065, 46.5553649 ], [ -120.6539755, 46.5554419 ], [ -120.6528179, 46.5557003 ], [ -120.6526633, 46.5557368 ], [ -120.6526172, 46.5557447 ], [ -120.6515765, 46.5559689 ], [ -120.6499272, 46.5562093 ], [ -120.6498488, 46.5562228 ], [ -120.6498693, 46.5562536 ], [ -120.6500952, 46.5565126 ], [ -120.6501065, 46.5565179 ], [ -120.6501133, 46.5565194 ], [ -120.6504995, 46.5564704 ], [ -120.6506395, 46.5564329 ], [ -120.6507155, 46.5564259 ], [ -120.6508005, 46.5564299 ], [ -120.6508825, 46.5564469 ], [ -120.6509695, 46.5564799 ], [ -120.6510415, 46.5565269 ], [ -120.6510755, 46.5565649 ], [ -120.6510925, 46.5566269 ], [ -120.6510821, 46.5566995 ], [ -120.6510625, 46.5567379 ], [ -120.6510095, 46.5567999 ], [ -120.6509612, 46.5568302 ], [ -120.6509458, 46.5568362 ], [ -120.6509413, 46.5568428 ], [ -120.6508863, 46.5568599 ], [ -120.6508585, 46.5568709 ], [ -120.6508221, 46.5568798 ], [ -120.6500273, 46.5571268 ], [ -120.6496988, 46.5575497 ], [ -120.6496975, 46.5575539 ], [ -120.6496911, 46.5576891 ], [ -120.6496349, 46.5610274 ], [ -120.6496135, 46.5626169 ], [ -120.6495975, 46.5639079 ], [ -120.6491339, 46.5639102 ], [ -120.6464865, 46.5639308 ], [ -120.6464865, 46.5639929 ], [ -120.6464865, 46.5641889 ], [ -120.6464875, 46.5642549 ], [ -120.6464895, 46.5652159 ], [ -120.6464905, 46.5655759 ], [ -120.6464895, 46.5657299 ], [ -120.6464815, 46.5675829 ], [ -120.6464715, 46.5701549 ], [ -120.6464655, 46.57163 ], [ -120.6464645, 46.571893 ], [ -120.6464615, 46.5722 ], [ -120.6464456, 46.573912 ], [ -120.6464406, 46.5744829 ], [ -120.6464396, 46.574539 ], [ -120.6464376, 46.5747079 ], [ -120.6464376, 46.574765 ], [ -120.6464356, 46.57494 ], [ -120.6464336, 46.5754679 ], [ -120.6464326, 46.575644 ], [ -120.6464286, 46.576122 ], [ -120.6464206, 46.577558 ], [ -120.6464176, 46.578037 ], [ -120.6464166, 46.578232 ], [ -120.6464136, 46.578399 ], [ -120.6464016, 46.579317 ], [ -120.6463996, 46.579486 ], [ -120.6463956, 46.579849 ], [ -120.6463906, 46.580155 ], [ -120.6463796, 46.581076 ], [ -120.6463756, 46.581383 ], [ -120.6463726, 46.581516 ], [ -120.6463676, 46.581915 ], [ -120.6463661, 46.582054 ], [ -120.6463656, 46.5820973 ], [ -120.6476496, 46.582114 ], [ -120.6480026, 46.582115 ], [ -120.6506936, 46.582125 ], [ -120.6523166, 46.582132 ], [ -120.6529136, 46.582132 ], [ -120.6545516, 46.582132 ], [ -120.6673845, 46.583851 ], [ -120.6700985, 46.58405 ], [ -120.6703985, 46.584042 ], [ -120.6706365, 46.584074 ], [ -120.6707825, 46.584074 ], [ -120.6710705, 46.583978 ], [ -120.6712305, 46.583978 ], [ -120.6714865, 46.584106 ], [ -120.6717425, 46.584266 ], [ -120.6718545, 46.584362 ], [ -120.6721795, 46.584427 ], [ -120.6724305, 46.584506 ], [ -120.6727185, 46.584554 ], [ -120.6727175, 46.584782 ], [ -120.6727015, 46.584913 ], [ -120.6726715, 46.585058 ], [ -120.6726365, 46.585173 ], [ -120.6726515, 46.5855725 ], [ -120.6728905, 46.585664 ], [ -120.6730665, 46.585618 ], [ -120.6733225, 46.585622 ], [ -120.6735815, 46.58561 ], [ -120.6737695, 46.585627 ], [ -120.6739925, 46.585787 ], [ -120.6740975, 46.585787 ], [ -120.6744145, 46.585787 ], [ -120.6745205, 46.585787 ], [ -120.6749205, 46.585787 ], [ -120.6750825, 46.585788 ], [ -120.6753045, 46.585788 ], [ -120.6761205, 46.58579 ], [ -120.6765215, 46.585792 ], [ -120.6768195, 46.585792 ], [ -120.6777145, 46.585795 ], [ -120.6780135, 46.585797 ], [ -120.6780035, 46.586516 ], [ -120.6779835, 46.588141 ], [ -120.6779765, 46.588674 ], [ -120.6779676, 46.589394 ], [ -120.6779606, 46.590025 ], [ -120.6779436, 46.591918 ], [ -120.6779376, 46.59255 ], [ -120.6779356, 46.592637 ], [ -120.6779336, 46.592898 ], [ -120.6779336, 46.592986 ], [ -120.6779316, 46.593356 ], [ -120.6779286, 46.59447 ], [ -120.6779279, 46.594731 ], [ -120.6779285, 46.5949164 ], [ -120.6779306, 46.595096 ], [ -120.6779406, 46.595864 ], [ -120.6779446, 46.59612 ], [ -120.6779526, 46.59694 ], [ -120.6779556, 46.597154 ], [ -120.6779506, 46.598379 ], [ -120.6779536, 46.599402 ], [ -120.6779566, 46.600223 ], [ -120.6779566, 46.600948 ], [ -120.6779576, 46.60235 ], [ -120.6779626, 46.603123 ], [ -120.6779686, 46.603849 ], [ -120.6779786, 46.605234 ], [ -120.6779916, 46.606958 ], [ -120.6779706, 46.608377 ], [ -120.6779576, 46.609235 ], [ -120.6779536, 46.609389 ], [ -120.6779246, 46.610775 ], [ -120.6768866, 46.610787 ], [ -120.6747716, 46.610814 ], [ -120.6737726, 46.610821 ], [ -120.6727356, 46.61083 ], [ -120.6731556, 46.611161 ], [ -120.6741666, 46.611958 ], [ -120.6744206, 46.612154 ], [ -120.6748456, 46.612482 ], [ -120.6747421, 46.612575 ], [ -120.6746806, 46.612678 ], [ -120.6746536, 46.61277 ], [ -120.6746226, 46.613293 ], [ -120.6746166, 46.613334 ], [ -120.6745886, 46.613394 ], [ -120.6745396, 46.613448 ], [ -120.6744716, 46.613493 ], [ -120.6743956, 46.613523 ], [ -120.6743116, 46.61354 ], [ -120.6742326, 46.613543 ], [ -120.6739326, 46.61355 ], [ -120.6696176, 46.613664 ], [ -120.6688706, 46.613685 ], [ -120.6686656, 46.613692 ], [ -120.6686076, 46.613699 ], [ -120.6684816, 46.613725 ], [ -120.6683666, 46.613762 ], [ -120.6682546, 46.613815 ], [ -120.6673796, 46.614397 ], [ -120.6680846, 46.614849 ], [ -120.6686446, 46.615231 ], [ -120.6689496, 46.615416 ], [ -120.6691946, 46.615565 ], [ -120.6693476, 46.615665 ], [ -120.6694926, 46.615766 ], [ -120.6697446, 46.61596 ], [ -120.6698656, 46.616062 ], [ -120.6699806, 46.616167 ], [ -120.6702626, 46.616533 ], [ -120.6703496, 46.616662 ], [ -120.6704266, 46.616795 ], [ -120.6705286, 46.617008 ], [ -120.6705886, 46.617167 ], [ -120.6717236, 46.619876 ], [ -120.6718006, 46.620037 ], [ -120.6718186, 46.620079 ], [ -120.6718786, 46.620218 ], [ -120.6720046, 46.620564 ], [ -120.6720836, 46.620841 ], [ -120.6721186, 46.620989 ], [ -120.6699156, 46.621144 ], [ -120.6696796, 46.620984 ], [ -120.6692636, 46.620486 ], [ -120.6691796, 46.620299 ], [ -120.6691386, 46.620088 ], [ -120.6690026, 46.619669 ], [ -120.6689546, 46.619584 ], [ -120.6687866, 46.619395 ], [ -120.6685356, 46.619198 ], [ -120.6684306, 46.618902 ], [ -120.6683506, 46.618702 ], [ -120.6682626, 46.618611 ], [ -120.6674376, 46.618051 ], [ -120.6673576, 46.617963 ], [ -120.6671026, 46.617823 ], [ -120.6667116, 46.617734 ], [ -120.6664256, 46.617701 ], [ -120.6661146, 46.6176 ], [ -120.6657956, 46.61748 ], [ -120.6655096, 46.617445 ], [ -120.6653666, 46.61745 ], [ -120.6652986, 46.61745 ], [ -120.6635016, 46.618393 ], [ -120.6633976, 46.618448 ], [ -120.6628066, 46.61814 ], [ -120.6628676, 46.618077 ], [ -120.6630036, 46.618035 ], [ -120.6632426, 46.617865 ], [ -120.6635286, 46.617768 ], [ -120.6635996, 46.617678 ], [ -120.6635436, 46.617472 ], [ -120.6633596, 46.617283 ], [ -120.6630046, 46.617004 ], [ -120.6627416, 46.616919 ], [ -120.6624076, 46.616868 ], [ -120.6619856, 46.616849 ], [ -120.6615556, 46.616918 ], [ -120.6612056, 46.616996 ], [ -120.6610626, 46.617051 ], [ -120.6609116, 46.61707 ], [ -120.6607446, 46.616991 ], [ -120.6603536, 46.616731 ], [ -120.6600906, 46.616704 ], [ -120.6595976, 46.616759 ], [ -120.6594626, 46.616806 ], [ -120.6591056, 46.617092 ], [ -120.6589306, 46.617188 ], [ -120.6587916, 46.617243 ], [ -120.6586396, 46.617271 ], [ -120.6585286, 46.617364 ], [ -120.6584946, 46.617476 ], [ -120.6581846, 46.617647 ], [ -120.6573336, 46.617195 ], [ -120.6573217, 46.617188 ], [ -120.6557943, 46.6163528 ], [ -120.6552831, 46.6164973 ], [ -120.6532006, 46.617092 ], [ -120.6529046, 46.616955 ], [ -120.6517406, 46.616249 ], [ -120.6516767, 46.6161638 ], [ -120.6515643, 46.6160956 ], [ -120.6507006, 46.61562 ], [ -120.6504918, 46.6154445 ] ], [ [ -120.649945, 46.5412455 ], [ -120.6499584, 46.5404793 ], [ -120.6499535, 46.5407249 ], [ -120.649945, 46.5412455 ] ], [ [ -120.5900711, 46.6127428 ], [ -120.5892368, 46.6127427 ], [ -120.5883951, 46.6130122 ], [ -120.5870888, 46.6134304 ], [ -120.5864339, 46.6121812 ], [ -120.5857629, 46.6109014 ], [ -120.5857628, 46.6109014 ], [ -120.5852687, 46.6110309 ], [ -120.5851584, 46.6110753 ], [ -120.584886, 46.6112206 ], [ -120.584513, 46.6113826 ], [ -120.5850556, 46.6127817 ], [ -120.5852495, 46.6132817 ], [ -120.5852029, 46.6133606 ], [ -120.5851773, 46.613404 ], [ -120.5846731, 46.6142583 ], [ -120.5849576, 46.6143712 ], [ -120.5850019, 46.6143888 ], [ -120.5851547, 46.6144494 ], [ -120.5853597, 46.6154919 ], [ -120.5855451, 46.6154692 ], [ -120.5870002, 46.615291 ], [ -120.5870141, 46.6152932 ], [ -120.5870993, 46.6153067 ], [ -120.5871007, 46.615307 ], [ -120.5878137, 46.6154198 ], [ -120.5878339, 46.6154278 ], [ -120.5887811, 46.6158026 ], [ -120.5887758, 46.6171812 ], [ -120.5887731, 46.6178752 ], [ -120.5889666, 46.617812 ], [ -120.5899031, 46.6175062 ], [ -120.59037, 46.6173936 ], [ -120.5908343, 46.6173337 ], [ -120.5910877, 46.6173188 ], [ -120.5911299, 46.6173163 ], [ -120.5914466, 46.6173189 ], [ -120.591669, 46.6173369 ], [ -120.5917824, 46.617346 ], [ -120.5919328, 46.6173759 ], [ -120.5920972, 46.6174086 ], [ -120.5921996, 46.6174336 ], [ -120.5924245, 46.6174885 ], [ -120.5927947, 46.6176461 ], [ -120.5930848, 46.6178349 ], [ -120.5933318, 46.6179838 ], [ -120.5934453, 46.6180385 ], [ -120.5935351, 46.6180817 ], [ -120.5937244, 46.618155 ], [ -120.5937684, 46.6181721 ], [ -120.5937708, 46.6175452 ], [ -120.5937743, 46.6166102 ], [ -120.5937746, 46.6165236 ], [ -120.5937747, 46.616492 ], [ -120.5925584, 46.6163848 ], [ -120.5926631, 46.6161365 ], [ -120.5926908, 46.616007 ], [ -120.5927139, 46.6158988 ], [ -120.5929345, 46.6137618 ], [ -120.5927584, 46.6136116 ], [ -120.5925638, 46.6134456 ], [ -120.5917399, 46.612743 ], [ -120.5900711, 46.6127428 ] ], [ [ -120.5941407, 46.6616531 ], [ -120.5941087, 46.6616191 ], [ -120.5940626, 46.6615528 ], [ -120.5940632, 46.6619967 ], [ -120.5937974, 46.6624191 ], [ -120.5938527, 46.6623351 ], [ -120.5940757, 46.6619981 ], [ -120.5941447, 46.6617331 ], [ -120.5941407, 46.6616531 ] ], [ [ -120.591817, 46.6655657 ], [ -120.5916108, 46.6658933 ], [ -120.5899845, 46.6671619 ], [ -120.5913587, 46.6661371 ], [ -120.5914657, 46.6660371 ], [ -120.5916207, 46.6658951 ], [ -120.591817, 46.6655657 ] ], [ [ -120.5893547, 46.6676559 ], [ -120.5893647, 46.6676461 ], [ -120.5894247, 46.6675986 ], [ -120.5893603, 46.6676488 ], [ -120.5893547, 46.6676559 ] ], [ [ -120.5889663, 46.6681693 ], [ -120.5889707, 46.6681401 ], [ -120.588974, 46.6681331 ], [ -120.5889663, 46.6681428 ], [ -120.5889663, 46.6681693 ] ] ], [ [ [ -120.489592, 46.6174239 ], [ -120.4909534, 46.618619 ], [ -120.4909962, 46.6186565 ], [ -120.4938127, 46.6210048 ], [ -120.4938129, 46.621005 ], [ -120.4939098, 46.6210858 ], [ -120.4955184, 46.6229687 ], [ -120.4972122, 46.6239321 ], [ -120.4971873, 46.6239296 ], [ -120.4981052, 46.6244582 ], [ -120.4981343, 46.6244565 ], [ -120.498661, 46.6247561 ], [ -120.4988284, 46.6248513 ], [ -120.498926, 46.624908 ], [ -120.4996962, 46.6253563 ], [ -120.4996734, 46.6253611 ], [ -120.5012047, 46.6262429 ], [ -120.5012233, 46.626245 ], [ -120.5016426, 46.6264896 ], [ -120.5021651, 46.6267944 ], [ -120.5021676, 46.6267973 ], [ -120.5023606, 46.6269084 ], [ -120.5040674, 46.6280124 ], [ -120.5043201, 46.6282576 ], [ -120.5047545, 46.6284953 ], [ -120.5057154, 46.6290783 ], [ -120.5057157, 46.6290785 ], [ -120.5068025, 46.6295548 ], [ -120.5068027, 46.6295549 ], [ -120.5079528, 46.6298811 ], [ -120.5094423, 46.6301668 ], [ -120.5088303, 46.6300518 ], [ -120.5088312, 46.6306131 ], [ -120.5088361, 46.6306136 ], [ -120.508881, 46.6306179 ], [ -120.5090561, 46.6306308 ], [ -120.5093059, 46.6306231 ], [ -120.5093931, 46.6307216 ], [ -120.5096867, 46.6307245 ], [ -120.5104668, 46.6307324 ], [ -120.5109467, 46.6308279 ], [ -120.511452, 46.6308405 ], [ -120.5116484, 46.6308483 ], [ -120.5112956, 46.6309113 ], [ -120.5106436, 46.6310169 ], [ -120.5099346, 46.6311384 ], [ -120.5092577, 46.6311241 ], [ -120.5079206, 46.6310048 ], [ -120.5074294, 46.6309895 ], [ -120.5044212, 46.6309584 ], [ -120.5037459, 46.6309381 ], [ -120.5036319, 46.6309337 ], [ -120.503518, 46.6309279 ], [ -120.5034042, 46.6309208 ], [ -120.5032907, 46.6309123 ], [ -120.5031774, 46.6309024 ], [ -120.5030643, 46.6308912 ], [ -120.5028392, 46.6308647 ], [ -120.5027271, 46.6308494 ], [ -120.5026155, 46.6308328 ], [ -120.5025043, 46.6308148 ], [ -120.5023936, 46.6307955 ], [ -120.5022833, 46.6307749 ], [ -120.5021737, 46.6307529 ], [ -120.5020646, 46.6307297 ], [ -120.5019561, 46.6307051 ], [ -120.5018482, 46.6306792 ], [ -120.501741, 46.6306521 ], [ -120.5016345, 46.6306236 ], [ -120.5015288, 46.6305939 ], [ -120.5013196, 46.6305307 ], [ -120.4991122, 46.6295356 ], [ -120.4984768, 46.6291193 ], [ -120.4981737, 46.6289165 ], [ -120.4978142, 46.6286153 ], [ -120.4975049, 46.6283344 ], [ -120.4972234, 46.6278026 ], [ -120.4971909, 46.6273765 ], [ -120.4971395, 46.6271789 ], [ -120.4971152, 46.6271194 ], [ -120.497019, 46.6268832 ], [ -120.4968548, 46.6266176 ], [ -120.4959271, 46.6259371 ], [ -120.4952993, 46.6255943 ], [ -120.4946325, 46.6253271 ], [ -120.4937332, 46.6249761 ], [ -120.4933857, 46.624896 ], [ -120.4931947, 46.624852 ], [ -120.4931792, 46.6248404 ], [ -120.4911743, 46.6238698 ], [ -120.4892197, 46.6237804 ], [ -120.4873922, 46.6234708 ], [ -120.4873467, 46.6234701 ], [ -120.4869297, 46.6234151 ], [ -120.4868305, 46.6233757 ], [ -120.4868107, 46.6233723 ], [ -120.4867903, 46.6233598 ], [ -120.4866197, 46.6232921 ], [ -120.4864337, 46.6231461 ], [ -120.4864289, 46.623136 ], [ -120.4864207, 46.623131 ], [ -120.4864115, 46.6231001 ], [ -120.4863187, 46.6229081 ], [ -120.4862948, 46.6227072 ], [ -120.4861813, 46.6223248 ], [ -120.4853133, 46.6217808 ], [ -120.4847903, 46.6216528 ], [ -120.4847608, 46.6216324 ], [ -120.4846887, 46.6215951 ], [ -120.4846489, 46.6215553 ], [ -120.4840903, 46.6211698 ], [ -120.4830591, 46.6210864 ], [ -120.4814657, 46.621091 ], [ -120.4776186, 46.6211031 ], [ -120.4773169, 46.621104 ], [ -120.4769917, 46.6211051 ], [ -120.4766373, 46.6211065 ], [ -120.4765937, 46.6212521 ], [ -120.4765047, 46.6212441 ], [ -120.4763747, 46.6212323 ], [ -120.4746854, 46.6211111 ], [ -120.4722576, 46.6211176 ], [ -120.4707966, 46.6211215 ], [ -120.4703188, 46.6211228 ], [ -120.4694527, 46.6211251 ], [ -120.4654007, 46.6211031 ], [ -120.464276, 46.6210935 ], [ -120.4616669, 46.6210713 ], [ -120.4590553, 46.621049 ], [ -120.4564455, 46.6210266 ], [ -120.4549866, 46.6210141 ], [ -120.4520194, 46.6209951 ], [ -120.4518686, 46.6209941 ], [ -120.4518528, 46.620994 ], [ -120.452129, 46.623265 ], [ -120.4509903, 46.6230318 ], [ -120.4494673, 46.6234508 ], [ -120.4488753, 46.6233058 ], [ -120.4470732, 46.6235705 ], [ -120.4470496, 46.6235942 ], [ -120.4450289, 46.6257722 ], [ -120.4450076, 46.6257971 ], [ -120.4449745, 46.6258492 ], [ -120.4446286, 46.6264412 ], [ -120.4446086, 46.6264801 ], [ -120.4442746, 46.6268281 ], [ -120.4437486, 46.6273471 ], [ -120.4435356, 46.6275031 ], [ -120.4434716, 46.6276811 ], [ -120.4434909, 46.6277145 ], [ -120.4436144, 46.6278748 ], [ -120.4436356, 46.6278941 ], [ -120.4436452, 46.6278966 ], [ -120.4441471, 46.627887 ], [ -120.4443106, 46.6278301 ], [ -120.4445596, 46.6277951 ], [ -120.4447366, 46.6278731 ], [ -120.4448576, 46.6280371 ], [ -120.4448646, 46.6282001 ], [ -120.4448558, 46.6283165 ], [ -120.4449184, 46.62854 ], [ -120.4449386, 46.6285861 ], [ -120.4449146, 46.6286591 ], [ -120.4447446, 46.6287011 ], [ -120.4446166, 46.6287871 ], [ -120.4443321, 46.6287383 ], [ -120.4440293, 46.6286898 ], [ -120.4439899, 46.6286944 ], [ -120.4436916, 46.6287441 ], [ -120.4426005, 46.6288558 ], [ -120.4424363, 46.6288748 ], [ -120.4411802, 46.6292798 ], [ -120.4410046, 46.6293411 ], [ -120.440515, 46.6293339 ], [ -120.4400483, 46.6293298 ], [ -120.440029, 46.6293359 ], [ -120.4394836, 46.6295401 ], [ -120.43887, 46.6297041 ], [ -120.4388398, 46.6297137 ], [ -120.4383316, 46.6300521 ], [ -120.4378766, 46.6300661 ], [ -120.4378766, 46.630002 ], [ -120.4378723, 46.6298838 ], [ -120.4389605, 46.6289001 ], [ -120.4390426, 46.6288151 ], [ -120.439465, 46.628444 ], [ -120.4395073, 46.6284058 ], [ -120.4395123, 46.628387 ], [ -120.4395256, 46.6280901 ], [ -120.4396396, 46.6276071 ], [ -120.4396966, 46.6275001 ], [ -120.4397663, 46.6274377 ], [ -120.4398433, 46.6271498 ], [ -120.4398484, 46.6271484 ], [ -120.4398476, 46.6271471 ], [ -120.4403076, 46.6269241 ], [ -120.4418263, 46.6265978 ], [ -120.4419533, 46.6263438 ], [ -120.4417543, 46.6260738 ], [ -120.4410003, 46.6258888 ], [ -120.4386833, 46.6244388 ], [ -120.4377163, 46.6239698 ], [ -120.4367203, 46.6237138 ], [ -120.4341753, 46.6245378 ], [ -120.4341213, 46.6245378 ], [ -120.4332556, 46.6245781 ], [ -120.4328316, 46.6245378 ], [ -120.431746, 46.6245378 ], [ -120.4312226, 46.6246061 ], [ -120.4305117, 46.6245378 ], [ -120.4293843, 46.6245378 ], [ -120.4266253, 46.6252068 ], [ -120.4262403, 46.6251578 ], [ -120.4250922, 46.6258032 ], [ -120.4250166, 46.6258531 ], [ -120.4248786, 46.6263921 ], [ -120.4248516, 46.6265001 ], [ -120.4249406, 46.6280561 ], [ -120.4249516, 46.6282461 ], [ -120.4249666, 46.6286121 ], [ -120.4249716, 46.6287321 ], [ -120.4249726, 46.6289261 ], [ -120.4249776, 46.6298681 ], [ -120.4249796, 46.6301831 ], [ -120.4247346, 46.6301761 ], [ -120.4245356, 46.6301611 ], [ -120.4238656, 46.6301121 ], [ -120.4232056, 46.6301041 ], [ -120.4228126, 46.6300831 ], [ -120.4227706, 46.6300561 ], [ -120.4226696, 46.6299911 ], [ -120.4227006, 46.6298291 ], [ -120.4231106, 46.6292941 ], [ -120.4232586, 46.6290801 ], [ -120.4235506, 46.6286611 ], [ -120.4238076, 46.6281541 ], [ -120.4237766, 46.6279641 ], [ -120.4234916, 46.6274711 ], [ -120.4232586, 46.6266301 ], [ -120.4231936, 46.6256901 ], [ -120.4231466, 46.6250031 ], [ -120.4229596, 46.6245081 ], [ -120.4222596, 46.6245021 ], [ -120.4216376, 46.6244981 ], [ -120.4201596, 46.6244911 ], [ -120.4194606, 46.6244891 ], [ -120.4193625, 46.6244881 ], [ -120.4192876, 46.6244881 ], [ -120.4190705, 46.6244921 ], [ -120.4189735, 46.6244941 ], [ -120.4183595, 46.6245051 ], [ -120.4179645, 46.6245641 ], [ -120.4178725, 46.6246001 ], [ -120.4174935, 46.6247511 ], [ -120.4170985, 46.6247931 ], [ -120.4165285, 46.6249121 ], [ -120.4160595, 46.6250741 ], [ -120.4156285, 46.6251301 ], [ -120.4156285, 46.6250081 ], [ -120.4156685, 46.6238151 ], [ -120.4146805, 46.6241621 ], [ -120.4145215, 46.6242171 ], [ -120.4144385, 46.6242711 ], [ -120.4144075, 46.6243391 ], [ -120.4144105, 46.6244021 ], [ -120.4144085, 46.6244741 ], [ -120.4122465, 46.6244741 ], [ -120.4121275, 46.6244741 ], [ -120.4097365, 46.6244501 ], [ -120.4090125, 46.6245791 ], [ -120.4083505, 46.6251212 ], [ -120.4069665, 46.6252282 ], [ -120.4060025, 46.6254802 ], [ -120.4058955, 46.6255092 ], [ -120.4050465, 46.6254872 ], [ -120.4044795, 46.6256162 ], [ -120.4042585, 46.6259631 ], [ -120.4043255, 46.6261612 ], [ -120.4043635, 46.6262732 ], [ -120.4043835, 46.6263322 ], [ -120.4045705, 46.6265571 ], [ -120.4045965, 46.6265991 ], [ -120.4045455, 46.6266402 ], [ -120.4045065, 46.6266942 ], [ -120.4044525, 46.6267562 ], [ -120.4043835, 46.6268242 ], [ -120.4042985, 46.6269002 ], [ -120.4041495, 46.6270152 ], [ -120.4039605, 46.6271761 ], [ -120.4038155, 46.6272971 ], [ -120.4037085, 46.6273862 ], [ -120.4036505, 46.6274272 ], [ -120.4035915, 46.6274652 ], [ -120.4035305, 46.6275012 ], [ -120.4034695, 46.6275372 ], [ -120.4034085, 46.6275682 ], [ -120.4033415, 46.6275902 ], [ -120.4032735, 46.6276082 ], [ -120.4032025, 46.6276232 ], [ -120.4031455, 46.6276312 ], [ -120.4030455, 46.6276352 ], [ -120.4029625, 46.6276372 ], [ -120.4027005, 46.6276362 ], [ -120.4025355, 46.6276342 ], [ -120.4023375, 46.6276352 ], [ -120.4022265, 46.6276182 ], [ -120.4021255, 46.6275892 ], [ -120.4020235, 46.6275302 ], [ -120.4019225, 46.6274622 ], [ -120.4018655, 46.6274132 ], [ -120.4017105, 46.6271932 ], [ -120.4016725, 46.6267242 ], [ -120.4017515, 46.6264732 ], [ -120.4018705, 46.6261532 ], [ -120.4020685, 46.6259502 ], [ -120.4023745, 46.6257462 ], [ -120.4025515, 46.6255572 ], [ -120.4025855, 46.6255122 ], [ -120.4026055, 46.6254341 ], [ -120.4025875, 46.6253552 ], [ -120.4025415, 46.6252802 ], [ -120.4024625, 46.6252102 ], [ -120.4023715, 46.6251482 ], [ -120.4022625, 46.6250952 ], [ -120.4021385, 46.6250482 ], [ -120.4020705, 46.6250342 ], [ -120.4020005, 46.6250231 ], [ -120.4019255, 46.6250172 ], [ -120.4018505, 46.6250202 ], [ -120.4017735, 46.6250332 ], [ -120.4016975, 46.6250541 ], [ -120.4016235, 46.6250782 ], [ -120.4015575, 46.6251112 ], [ -120.4014435, 46.6252012 ], [ -120.4013425, 46.6252952 ], [ -120.4012495, 46.6253842 ], [ -120.4011555, 46.6254712 ], [ -120.4010535, 46.6255432 ], [ -120.4010015, 46.6255792 ], [ -120.4009105, 46.6256302 ], [ -120.4008125, 46.6256462 ], [ -120.400677, 46.6256047 ], [ -120.4006575, 46.6255142 ], [ -120.4007475, 46.6253442 ], [ -120.4009365, 46.6247192 ], [ -120.4012725, 46.6242702 ], [ -120.4016375, 46.6237612 ], [ -120.4017465, 46.6235372 ], [ -120.4017335, 46.6234582 ], [ -120.4017225, 46.6233222 ], [ -120.4017105, 46.6232652 ], [ -120.401685, 46.6231812 ], [ -120.4016555, 46.6231092 ], [ -120.4016255, 46.6230582 ], [ -120.4015895, 46.6230172 ], [ -120.4015425, 46.6229832 ], [ -120.4014775, 46.6229572 ], [ -120.4014045, 46.6229442 ], [ -120.4013305, 46.6229462 ], [ -120.4012635, 46.6229612 ], [ -120.4012125, 46.6230022 ], [ -120.4011715, 46.6230462 ], [ -120.4011385, 46.6230942 ], [ -120.4011095, 46.6231461 ], [ -120.4010515, 46.6232501 ], [ -120.4010025, 46.6233602 ], [ -120.4009755, 46.6234152 ], [ -120.4009245, 46.6235261 ], [ -120.4008915, 46.6235742 ], [ -120.4008625, 46.6236252 ], [ -120.4008345, 46.6236782 ], [ -120.4008025, 46.6237292 ], [ -120.4007175, 46.6238082 ], [ -120.4006055, 46.6238282 ], [ -120.4005285, 46.6237802 ], [ -120.4005105, 46.6237022 ], [ -120.4005165, 46.6236272 ], [ -120.4005405, 46.6234982 ], [ -120.4005565, 46.6234232 ], [ -120.4005685, 46.6233442 ], [ -120.4005785, 46.6232642 ], [ -120.4005855, 46.6231842 ], [ -120.4005885, 46.6231042 ], [ -120.4005885, 46.6230262 ], [ -120.4005855, 46.6229491 ], [ -120.4005745, 46.6228702 ], [ -120.4005615, 46.6227942 ], [ -120.4005485, 46.6227242 ], [ -120.4005345, 46.6226482 ], [ -120.4005455, 46.6225792 ], [ -120.4005635, 46.6225302 ], [ -120.4006445, 46.6224422 ], [ -120.4009105, 46.6223332 ], [ -120.4017685, 46.6222122 ], [ -120.401917, 46.6221492 ], [ -120.4020285, 46.6221122 ], [ -120.4021125, 46.6220842 ], [ -120.4021905, 46.6220552 ], [ -120.4022111, 46.6220056 ], [ -120.4021045, 46.6219982 ], [ -120.4018915, 46.6220022 ], [ -120.4015585, 46.6220182 ], [ -120.4014435, 46.6220272 ], [ -120.4012205, 46.6220482 ], [ -120.4009945, 46.6220762 ], [ -120.4007655, 46.6221072 ], [ -120.4005415, 46.6221382 ], [ -120.4003235, 46.6221722 ], [ -120.4001165, 46.6222102 ], [ -120.3999265, 46.6222532 ], [ -120.3997485, 46.6223002 ], [ -120.3994855, 46.6223672 ], [ -120.3992115, 46.6224282 ], [ -120.3990325, 46.6224642 ], [ -120.3988465, 46.6224982 ], [ -120.3988425, 46.6222292 ], [ -120.3988415, 46.6221592 ], [ -120.3988415, 46.6219512 ], [ -120.3988415, 46.6218822 ], [ -120.3988355, 46.6209472 ], [ -120.3988305, 46.6199272 ], [ -120.3988605, 46.6189282 ], [ -120.3988395, 46.6181432 ], [ -120.3988295, 46.6172312 ], [ -120.3989055, 46.6171512 ], [ -120.3990625, 46.6170882 ], [ -120.3993495, 46.6170572 ], [ -120.3996415, 46.6170261 ], [ -120.4000635, 46.6169921 ], [ -120.4003695, 46.6170381 ], [ -120.4007245, 46.6171641 ], [ -120.401003, 46.6171641 ], [ -120.4015275, 46.6171751 ], [ -120.4016435, 46.6171591 ], [ -120.4039975, 46.6171881 ], [ -120.4045465, 46.6171951 ], [ -120.4059115, 46.6171961 ], [ -120.4066235, 46.6171941 ], [ -120.4076735, 46.6171921 ], [ -120.4106925, 46.6172001 ], [ -120.4114135, 46.6172051 ], [ -120.4134225, 46.6172191 ], [ -120.4138855, 46.6172311 ], [ -120.4134405, 46.6170231 ], [ -120.412902, 46.6165301 ], [ -120.4128615, 46.6162371 ], [ -120.4127155, 46.6160591 ], [ -120.4125195, 46.6158791 ], [ -120.4123595, 46.6157171 ], [ -120.4121145, 46.6155701 ], [ -120.411851, 46.6154881 ], [ -120.4115035, 46.6155131 ], [ -120.4109315, 46.6154451 ], [ -120.4105565, 46.6153881 ], [ -120.4104085, 46.6153291 ], [ -120.4102865, 46.6151871 ], [ -120.4101215, 46.6148701 ], [ -120.4100005, 46.6146381 ], [ -120.4097815, 46.6141981 ], [ -120.4096165, 46.6137791 ], [ -120.4095105, 46.6135201 ], [ -120.4093475, 46.6130891 ], [ -120.4091555, 46.6126911 ], [ -120.4089415, 46.6123561 ], [ -120.4086815, 46.6120691 ], [ -120.4085985, 46.6119581 ], [ -120.4079855, 46.6114311 ], [ -120.4077045, 46.6112201 ], [ -120.4074975, 46.6110651 ], [ -120.4072215, 46.6107631 ], [ -120.4070815, 46.6106041 ], [ -120.4070255, 46.6105711 ], [ -120.4068355, 46.6105711 ], [ -120.4065615, 46.6107161 ], [ -120.4063065, 46.6108601 ], [ -120.4055455, 46.6111236 ], [ -120.4051595, 46.6112281 ], [ -120.4049905, 46.6112601 ], [ -120.4047405, 46.6113401 ], [ -120.4045855, 46.6115651 ], [ -120.4043165, 46.6117881 ], [ -120.4039335, 46.6120131 ], [ -120.4036175, 46.6122041 ], [ -120.4034675, 46.6123001 ], [ -120.4030035, 46.6124921 ], [ -120.4028545, 46.6125881 ], [ -120.4024915, 46.6127481 ], [ -120.4021115, 46.6129551 ], [ -120.4020595, 46.6130671 ], [ -120.4016795, 46.6132591 ], [ -120.4016275, 46.6133401 ], [ -120.4013305, 46.6135391 ], [ -120.4007375, 46.6136431 ], [ -120.3994015, 46.6136431 ], [ -120.3990515, 46.6135941 ], [ -120.3989375, 46.6135781 ], [ -120.3977225, 46.6135461 ], [ -120.3967245, 46.6135461 ], [ -120.3962665, 46.6135291 ], [ -120.3959905, 46.6134781 ], [ -120.3960505, 46.6132901 ], [ -120.3959835, 46.6133471 ], [ -120.3959075, 46.6133871 ], [ -120.395806, 46.6134171 ], [ -120.3956585, 46.6134361 ], [ -120.3955605, 46.6134331 ], [ -120.3953745, 46.6134281 ], [ -120.3949205, 46.6133971 ], [ -120.3939865, 46.6134842 ], [ -120.3934635, 46.6135332 ], [ -120.3924105, 46.6135242 ], [ -120.3892515, 46.6134992 ], [ -120.3883105, 46.6134922 ], [ -120.3881995, 46.6134912 ], [ -120.3871365, 46.6134592 ], [ -120.3839475, 46.6133642 ], [ -120.3828845, 46.6133332 ], [ -120.3829075, 46.6119192 ], [ -120.3829135, 46.6115672 ], [ -120.3828465, 46.6090302 ], [ -120.3828235, 46.6076802 ], [ -120.3828005, 46.6062672 ], [ -120.3849275, 46.6062552 ], [ -120.3913115, 46.6062211 ], [ -120.3934395, 46.6062101 ], [ -120.3934325, 46.6032941 ], [ -120.3934325, 46.6030381 ], [ -120.3934345, 46.6015621 ], [ -120.3934465, 46.5945471 ], [ -120.3934525, 46.5916321 ], [ -120.3955125, 46.5916331 ], [ -120.4008715, 46.5916381 ], [ -120.4016945, 46.5916351 ], [ -120.4018145, 46.5916351 ], [ -120.4029955, 46.5916371 ], [ -120.4032175, 46.5916491 ], [ -120.4034095, 46.5916841 ], [ -120.4035785, 46.5917331 ], [ -120.4037275, 46.5918091 ], [ -120.4037355, 46.5917221 ], [ -120.4037605, 46.5914631 ], [ -120.4037695, 46.5913771 ], [ -120.4039435, 46.5914801 ], [ -120.4042184, 46.5916438 ], [ -120.4044675, 46.5917921 ], [ -120.4046386, 46.5918938 ], [ -120.4046758, 46.5912793 ], [ -120.4046798, 46.5912806 ], [ -120.4046805, 46.5912691 ], [ -120.4047068, 46.5912893 ], [ -120.4057969, 46.5916425 ], [ -120.4058115, 46.5916431 ], [ -120.406013, 46.5916451 ], [ -120.4301334, 46.5915589 ], [ -120.4301509, 46.5915564 ], [ -120.4302993, 46.5913388 ], [ -120.4302947, 46.5911698 ], [ -120.4302946, 46.5911681 ], [ -120.4302836, 46.5909441 ], [ -120.4302716, 46.5903581 ], [ -120.4302676, 46.5901786 ], [ -120.4302153, 46.5882628 ], [ -120.4302218, 46.5882526 ], [ -120.4302606, 46.5881251 ], [ -120.4303496, 46.5880431 ], [ -120.4304176, 46.5880201 ], [ -120.4304826, 46.5880161 ], [ -120.4305396, 46.5880131 ], [ -120.4307076, 46.5880111 ], [ -120.4312596, 46.5880141 ], [ -120.4315186, 46.5880161 ], [ -120.4322216, 46.5880231 ], [ -120.4335736, 46.5880391 ], [ -120.4342636, 46.5880511 ], [ -120.4343316, 46.5880521 ], [ -120.4350356, 46.5880631 ], [ -120.4351626, 46.5880646 ], [ -120.4354336, 46.588068 ], [ -120.4355293, 46.58807 ], [ -120.4355274, 46.587318 ], [ -120.4355236, 46.5870541 ], [ -120.4355236, 46.5868391 ], [ -120.435526, 46.5867421 ], [ -120.4355244, 46.5861066 ], [ -120.4355186, 46.5855201 ], [ -120.4355206, 46.585113 ], [ -120.4355215, 46.5849521 ], [ -120.4355202, 46.5844165 ], [ -120.4355196, 46.5843741 ], [ -120.4355196, 46.5843261 ], [ -120.4355206, 46.5841831 ], [ -120.4355216, 46.5841361 ], [ -120.4355246, 46.5837251 ], [ -120.4355146, 46.5829681 ], [ -120.4355136, 46.5827391 ], [ -120.4355106, 46.581642 ], [ -120.4354846, 46.578547 ], [ -120.4354751, 46.5773488 ], [ -120.4358088, 46.5773505 ], [ -120.435773, 46.5749507 ], [ -120.4355718, 46.5748716 ], [ -120.4354567, 46.5748264 ], [ -120.435454, 46.5747877 ], [ -120.4352931, 46.5747622 ], [ -120.4350234, 46.5746572 ], [ -120.43498, 46.5746403 ], [ -120.4349575, 46.5746316 ], [ -120.4336967, 46.5741408 ], [ -120.4332924, 46.5739843 ], [ -120.4328881, 46.5738278 ], [ -120.4328817, 46.5738253 ], [ -120.4228155, 46.5698656 ], [ -120.4225554, 46.5697634 ], [ -120.4040831, 46.5624813 ], [ -120.3982399, 46.5601531 ], [ -120.3967014, 46.5595401 ], [ -120.3966846, 46.5595334 ], [ -120.3966059, 46.5595013 ], [ -120.3965905, 46.5594944 ], [ -120.3965436, 46.5594734 ], [ -120.3965427, 46.559473 ], [ -120.3958876, 46.5591794 ], [ -120.3956065, 46.5590223 ], [ -120.3952076, 46.5587995 ], [ -120.3950814, 46.5587183 ], [ -120.3949962, 46.5586636 ], [ -120.394946, 46.5586231 ], [ -120.3948977, 46.5585842 ], [ -120.3946801, 46.5584092 ], [ -120.3945513, 46.5583055 ], [ -120.3943947, 46.5581795 ], [ -120.3943461, 46.558131 ], [ -120.3940482, 46.5578341 ], [ -120.3940326, 46.5578185 ], [ -120.3939479, 46.5577341 ], [ -120.3939199, 46.5577062 ], [ -120.3938827, 46.5576692 ], [ -120.393847, 46.5576243 ], [ -120.3937814, 46.5575418 ], [ -120.393647, 46.5573728 ], [ -120.3934137, 46.557078 ], [ -120.3933584, 46.556996 ], [ -120.3933153, 46.5569323 ], [ -120.3932848, 46.5568896 ], [ -120.3932445, 46.5568333 ], [ -120.3930765, 46.5565982 ], [ -120.3923856, 46.5556317 ], [ -120.3923414, 46.5555699 ], [ -120.3923421, 46.5555418 ], [ -120.3923426, 46.5555222 ], [ -120.3923536, 46.5550508 ], [ -120.3923637, 46.5546193 ], [ -120.3931853, 46.5557563 ], [ -120.3932457, 46.5558476 ], [ -120.393321, 46.5559479 ], [ -120.3934573, 46.5561358 ], [ -120.3934791, 46.5561754 ], [ -120.3935995, 46.55634 ], [ -120.3937792, 46.556464 ], [ -120.3939746, 46.5566081 ], [ -120.3947893, 46.5566339 ], [ -120.3951492, 46.5566436 ], [ -120.395663, 46.5566449 ], [ -120.3958881, 46.5566448 ], [ -120.3960784, 46.5566617 ], [ -120.3965554, 46.5566647 ], [ -120.3989996, 46.5566768 ], [ -120.3994452, 46.556679 ], [ -120.3997462, 46.5566805 ], [ -120.4039119, 46.556701 ], [ -120.4042664, 46.5567027 ], [ -120.404874, 46.5567029 ], [ -120.4066557, 46.5567144 ], [ -120.4066555, 46.5568515 ], [ -120.4066548, 46.5574377 ], [ -120.4066547, 46.5575447 ], [ -120.4066546, 46.5575909 ], [ -120.4066544, 46.5578384 ], [ -120.406654, 46.5581086 ], [ -120.4066538, 46.5582789 ], [ -120.4066535, 46.5585403 ], [ -120.4066532, 46.5587968 ], [ -120.4066529, 46.5590338 ], [ -120.4066526, 46.5593549 ], [ -120.4066523, 46.5595957 ], [ -120.4066519, 46.5599052 ], [ -120.4066513, 46.5604055 ], [ -120.4072234, 46.5604053 ], [ -120.4080205, 46.560405 ], [ -120.4083346, 46.5604119 ], [ -120.408495, 46.560413 ], [ -120.4092976, 46.5604187 ], [ -120.4119597, 46.5604378 ], [ -120.4127846, 46.5604439 ], [ -120.4131577, 46.5604466 ], [ -120.4137764, 46.5604512 ], [ -120.4144061, 46.5604609 ], [ -120.4145777, 46.560462 ], [ -120.415879, 46.5604692 ], [ -120.4172641, 46.5604662 ], [ -120.4172583, 46.5609358 ], [ -120.4172523, 46.5614206 ], [ -120.4171728, 46.5614265 ], [ -120.4171659, 46.5619707 ], [ -120.4173249, 46.5619682 ], [ -120.4173224, 46.5625138 ], [ -120.4176757, 46.5625127 ], [ -120.4185508, 46.5625081 ], [ -120.4247585, 46.5624682 ], [ -120.4247108, 46.5625749 ], [ -120.4247121, 46.5626438 ], [ -120.4247806, 46.5662071 ], [ -120.4247864, 46.5662567 ], [ -120.4247952, 46.566965 ], [ -120.4248158, 46.5680372 ], [ -120.4248334, 46.568953 ], [ -120.4248507, 46.5698505 ], [ -120.424853, 46.5699709 ], [ -120.42486, 46.5703289 ], [ -120.4274309, 46.5713461 ], [ -120.4300962, 46.5723754 ], [ -120.4309263, 46.5727025 ], [ -120.4315702, 46.5729562 ], [ -120.4321861, 46.5731989 ], [ -120.4327648, 46.5734268 ], [ -120.4328982, 46.573482 ], [ -120.433273, 46.5736369 ], [ -120.4334212, 46.5736981 ], [ -120.4341859, 46.5740141 ], [ -120.4352548, 46.5744396 ], [ -120.4352559, 46.5735472 ], [ -120.4355637, 46.5735493 ], [ -120.4407537, 46.5735842 ], [ -120.4446386, 46.5735683 ], [ -120.4460417, 46.5735626 ], [ -120.4486817, 46.5735725 ], [ -120.4512092, 46.5736007 ], [ -120.4512654, 46.5736017 ], [ -120.4512916, 46.571389 ], [ -120.4512946, 46.571062 ], [ -120.4513076, 46.569966 ], [ -120.4523466, 46.569977 ], [ -120.4528866, 46.569984 ], [ -120.4554636, 46.569998 ], [ -120.4565036, 46.570005 ], [ -120.4573806, 46.570694 ], [ -120.4578866, 46.571091 ], [ -120.4588216, 46.571825 ], [ -120.4600146, 46.572762 ], [ -120.4608926, 46.573452 ], [ -120.4609536, 46.573461 ], [ -120.4609939, 46.5734672 ], [ -120.4610085, 46.5737383 ], [ -120.4610643, 46.5739511 ], [ -120.4611359, 46.5740472 ], [ -120.4613351, 46.5744521 ], [ -120.4613509, 46.5745424 ], [ -120.4614621, 46.5747475 ], [ -120.4617485, 46.5750283 ], [ -120.4622733, 46.5754 ], [ -120.4626395, 46.5757051 ], [ -120.4629017, 46.5758729 ], [ -120.4632917, 46.5760346 ], [ -120.4634345, 46.5760423 ], [ -120.4634333, 46.5760279 ], [ -120.4634271, 46.5759521 ], [ -120.4633477, 46.5758604 ], [ -120.4631087, 46.5756615 ], [ -120.4629651, 46.575609 ], [ -120.4628467, 46.5755298 ], [ -120.4628379, 46.5754395 ], [ -120.4629817, 46.5754471 ], [ -120.4631241, 46.5754864 ], [ -120.4636733, 46.5757102 ], [ -120.4645327, 46.5759182 ], [ -120.4648267, 46.5760461 ], [ -120.4651205, 46.5762147 ], [ -120.4655899, 46.5765942 ], [ -120.4657575, 46.5767823 ], [ -120.4659321, 46.5770786 ], [ -120.4660443, 46.5774725 ], [ -120.4660365, 46.5777605 ], [ -120.4659723, 46.5779973 ], [ -120.4658135, 46.5782731 ], [ -120.4654873, 46.5785628 ], [ -120.4654561, 46.5785576 ], [ -120.4651223, 46.5788247 ], [ -120.4645811, 46.5791188 ], [ -120.4643743, 46.5792041 ], [ -120.4640725, 46.5793728 ], [ -120.4630071, 46.5802537 ], [ -120.4625773, 46.5805591 ], [ -120.4622759, 46.580746 ], [ -120.4617291, 46.5810481 ], [ -120.4619975, 46.5812972 ], [ -120.4618911, 46.5813598 ], [ -120.4618004, 46.5814117 ], [ -120.4606741, 46.5820762 ], [ -120.4606663, 46.5820809 ], [ -120.4603843, 46.5826716 ], [ -120.4604591, 46.5831567 ], [ -120.4604592, 46.5831568 ], [ -120.4604692, 46.5832218 ], [ -120.4605154, 46.5835218 ], [ -120.4605155, 46.5835219 ], [ -120.461104, 46.584288 ], [ -120.4619896, 46.585122 ], [ -120.4619897, 46.5851221 ], [ -120.4662564, 46.5878225 ], [ -120.4674111, 46.5887521 ], [ -120.4685997, 46.5900218 ], [ -120.4695439, 46.5917035 ], [ -120.4695251, 46.5916212 ], [ -120.4698883, 46.5923139 ], [ -120.4699704, 46.5924705 ], [ -120.4699471, 46.5924555 ], [ -120.4712608, 46.5960365 ], [ -120.4712147, 46.5971094 ], [ -120.4713145, 46.5973843 ], [ -120.4713497, 46.5974813 ], [ -120.4716862, 46.5979715 ], [ -120.4719445, 46.5979772 ], [ -120.4726957, 46.6001084 ], [ -120.472705, 46.6001133 ], [ -120.472864, 46.6005645 ], [ -120.472821, 46.6007362 ], [ -120.4727464, 46.6008626 ], [ -120.4727086, 46.6009267 ], [ -120.4722063, 46.6013924 ], [ -120.4720372, 46.601748 ], [ -120.4718257, 46.6021928 ], [ -120.471785, 46.602608 ], [ -120.4717499, 46.6029657 ], [ -120.4721445, 46.6037978 ], [ -120.4722305, 46.6038774 ], [ -120.4722774, 46.6039208 ], [ -120.4722774, 46.6039209 ], [ -120.4727146, 46.6043252 ], [ -120.4735553, 46.6047868 ], [ -120.473556, 46.6047871 ], [ -120.4747696, 46.605288 ], [ -120.4754947, 46.6055637 ], [ -120.4757075, 46.6056447 ], [ -120.4757082, 46.605645 ], [ -120.4774847, 46.6059766 ], [ -120.4774868, 46.6059767 ], [ -120.4792147, 46.6060789 ], [ -120.4803328, 46.6061314 ], [ -120.481603, 46.6062004 ], [ -120.4837008, 46.6066509 ], [ -120.486786, 46.6083097 ], [ -120.4877823, 46.6090951 ], [ -120.4878963, 46.6093243 ], [ -120.4878962, 46.6093619 ], [ -120.4878691, 46.615696 ], [ -120.4878773, 46.6162656 ], [ -120.4886055, 46.6167576 ], [ -120.4886334, 46.6167764 ], [ -120.4886335, 46.6167764 ], [ -120.4894841, 46.6173511 ], [ -120.4895911, 46.6174233 ], [ -120.489592, 46.6174239 ] ], [ [ -120.4773643, 46.6187542 ], [ -120.4772923, 46.6187458 ], [ -120.4772867, 46.6187658 ], [ -120.4772223, 46.619511 ], [ -120.4773104, 46.619511 ], [ -120.4773643, 46.6187542 ] ], [ [ -120.4957614, 46.6254599 ], [ -120.4954489, 46.6253854 ], [ -120.4956714, 46.6255011 ], [ -120.4957614, 46.6254599 ] ], [ [ -120.4959453, 46.6255038 ], [ -120.4958708, 46.625486 ], [ -120.4960568, 46.6255752 ], [ -120.4959453, 46.6255038 ] ] ], [ [ [ -120.5135131, 46.6304646 ], [ -120.5138561, 46.6304702 ], [ -120.514442, 46.6304798 ], [ -120.5142592, 46.6305977 ], [ -120.5141666, 46.6305979 ], [ -120.5141325, 46.6305958 ], [ -120.5140261, 46.6306673 ], [ -120.5136839, 46.6306947 ], [ -120.5132881, 46.6305982 ], [ -120.5130586, 46.6305166 ], [ -120.5128153, 46.630535 ], [ -120.5122216, 46.6304565 ], [ -120.5121375, 46.6304389 ], [ -120.5135131, 46.6304646 ] ] ], [ [ [ -120.5274351, 46.6375313 ], [ -120.5270235, 46.6378154 ], [ -120.5266504, 46.6380728 ], [ -120.5265637, 46.6381353 ], [ -120.5264804, 46.6381953 ], [ -120.5263631, 46.6382922 ], [ -120.5260058, 46.6381786 ], [ -120.526172, 46.6380149 ], [ -120.5262046, 46.6379657 ], [ -120.5262829, 46.6378475 ], [ -120.526347, 46.6376984 ], [ -120.5263803, 46.6375226 ], [ -120.5263809, 46.6374903 ], [ -120.5263833, 46.6373557 ], [ -120.5263854, 46.6370317 ], [ -120.5263867, 46.6368312 ], [ -120.5260101, 46.6366842 ], [ -120.525589, 46.6365199 ], [ -120.52562, 46.6364748 ], [ -120.5259055, 46.6360417 ], [ -120.5260581, 46.6359363 ], [ -120.5269258, 46.6359346 ], [ -120.5270143, 46.6360417 ], [ -120.5271761, 46.6361559 ], [ -120.5273488, 46.6362366 ], [ -120.52748, 46.6362685 ], [ -120.5277667, 46.6364008 ], [ -120.5279101, 46.6364444 ], [ -120.5280534, 46.636434 ], [ -120.5280456, 46.6364012 ], [ -120.5280374, 46.6363662 ], [ -120.5276555, 46.6359844 ], [ -120.5276226, 46.6359331 ], [ -120.5282009, 46.6359319 ], [ -120.5286149, 46.6359311 ], [ -120.5287975, 46.6359307 ], [ -120.528728, 46.6358251 ], [ -120.5285258, 46.6355167 ], [ -120.5281429, 46.6349326 ], [ -120.528115, 46.6348779 ], [ -120.5280662, 46.634788 ], [ -120.5280373, 46.634737 ], [ -120.5279915, 46.634661 ], [ -120.5279183, 46.6345484 ], [ -120.5278401, 46.6344372 ], [ -120.5278132, 46.6344007 ], [ -120.5277761, 46.6343521 ], [ -120.5277285, 46.6342919 ], [ -120.5276892, 46.6342442 ], [ -120.5276389, 46.634185 ], [ -120.5275976, 46.6341382 ], [ -120.5275553, 46.6340917 ], [ -120.52749, 46.6340228 ], [ -120.5270453, 46.6336737 ], [ -120.5259753, 46.6328405 ], [ -120.5254701, 46.6325179 ], [ -120.5250729, 46.6322636 ], [ -120.5242025, 46.6317235 ], [ -120.5233255, 46.6311793 ], [ -120.5226704, 46.6307723 ], [ -120.5226224, 46.6307376 ], [ -120.5225741, 46.6307029 ], [ -120.522533, 46.6306731 ], [ -120.5224783, 46.6306332 ], [ -120.5224237, 46.6305933 ], [ -120.5223676, 46.630552 ], [ -120.5223013, 46.6305032 ], [ -120.5222471, 46.630463 ], [ -120.5221967, 46.6304252 ], [ -120.5221528, 46.6303924 ], [ -120.5220989, 46.630352 ], [ -120.5220468, 46.6303124 ], [ -120.5219901, 46.6302696 ], [ -120.5219252, 46.63022 ], [ -120.521882, 46.6301868 ], [ -120.5218422, 46.6301562 ], [ -120.5218024, 46.6301255 ], [ -120.5217529, 46.630087 ], [ -120.5217133, 46.6300562 ], [ -120.5216607, 46.6300151 ], [ -120.521618, 46.6299816 ], [ -120.5215525, 46.62993 ], [ -120.5215011, 46.6298892 ], [ -120.521458, 46.6298549 ], [ -120.5214108, 46.629817 ], [ -120.5213704, 46.6297847 ], [ -120.5213059, 46.6297325 ], [ -120.5212349, 46.6296751 ], [ -120.5211824, 46.629614 ], [ -120.5211581, 46.6295564 ], [ -120.5211411, 46.629517 ], [ -120.5211247, 46.6294774 ], [ -120.5211041, 46.629428 ], [ -120.5210877, 46.6293885 ], [ -120.5210713, 46.6293489 ], [ -120.5210548, 46.6293094 ], [ -120.5210311, 46.6292517 ], [ -120.5210074, 46.6291939 ], [ -120.520986, 46.6291411 ], [ -120.5209571, 46.6290688 ], [ -120.520718, 46.6284602 ], [ -120.5206175, 46.628225 ], [ -120.5205947, 46.6281658 ], [ -120.5206561, 46.628138 ], [ -120.5208031, 46.6281081 ], [ -120.5209726, 46.6284406 ], [ -120.5209872, 46.6284645 ], [ -120.5213038, 46.6289822 ], [ -120.5216985, 46.6295183 ], [ -120.5220083, 46.6298544 ], [ -120.522301, 46.6301705 ], [ -120.5226745, 46.6304988 ], [ -120.5229679, 46.6307073 ], [ -120.5233505, 46.6309898 ], [ -120.5235243, 46.6311019 ], [ -120.524014, 46.6314178 ], [ -120.5256029, 46.6324364 ], [ -120.5304334, 46.6324487 ], [ -120.5304271, 46.6330664 ], [ -120.5304209, 46.6336651 ], [ -120.5304135, 46.6343868 ], [ -120.5303977, 46.6359302 ], [ -120.5351654, 46.6360046 ], [ -120.5357037, 46.6360129 ], [ -120.5357226, 46.6395732 ], [ -120.5353667, 46.6395693 ], [ -120.5352177, 46.6395676 ], [ -120.5351451, 46.6395668 ], [ -120.5351029, 46.6395663 ], [ -120.5350125, 46.6395653 ], [ -120.5349634, 46.6395648 ], [ -120.534774, 46.6395624 ], [ -120.533209, 46.6395428 ], [ -120.5331767, 46.6399834 ], [ -120.5331655, 46.6401368 ], [ -120.5331614, 46.6401926 ], [ -120.5331475, 46.6403836 ], [ -120.5331395, 46.6404929 ], [ -120.5331388, 46.6405221 ], [ -120.5331229, 46.6412345 ], [ -120.5331211, 46.6413177 ], [ -120.5331158, 46.6415542 ], [ -120.5331127, 46.6416918 ], [ -120.5331036, 46.6421024 ], [ -120.5333915, 46.6421065 ], [ -120.5335517, 46.6421088 ], [ -120.5337247, 46.6421113 ], [ -120.5337399, 46.6424133 ], [ -120.5337402, 46.642619 ], [ -120.5337403, 46.6426389 ], [ -120.533741, 46.6430303 ], [ -120.5304223, 46.64299 ], [ -120.5304142, 46.642415 ], [ -120.5302011, 46.6424183 ], [ -120.5301922, 46.6423349 ], [ -120.5301864, 46.6422812 ], [ -120.5301534, 46.6420075 ], [ -120.5301715, 46.642008 ], [ -120.5300914, 46.6416033 ], [ -120.5300687, 46.6416089 ], [ -120.5299294, 46.641269 ], [ -120.5298446, 46.6412843 ], [ -120.5298423, 46.6412847 ], [ -120.5295592, 46.6408459 ], [ -120.5294091, 46.6407332 ], [ -120.5286989, 46.6423147 ], [ -120.5286528, 46.6424173 ], [ -120.5278109, 46.6424116 ], [ -120.5269765, 46.642406 ], [ -120.528104, 46.6398409 ], [ -120.5281355, 46.6397691 ], [ -120.5281695, 46.6396919 ], [ -120.5283841, 46.6392042 ], [ -120.5285001, 46.6391124 ], [ -120.5285061, 46.6391077 ], [ -120.5276952, 46.6379004 ], [ -120.5275604, 46.6376997 ], [ -120.5275352, 46.6376659 ], [ -120.5274351, 46.6375313 ] ] ], [ [ [ -120.5248759, 46.6364064 ], [ -120.5246982, 46.6363365 ], [ -120.5244811, 46.6362309 ], [ -120.5243324, 46.6361476 ], [ -120.524208, 46.636062 ], [ -120.5241042, 46.6359403 ], [ -120.5251884, 46.6359381 ], [ -120.5253793, 46.6359377 ], [ -120.5253625, 46.6359888 ], [ -120.5251715, 46.6362322 ], [ -120.5249969, 46.6362734 ], [ -120.524893, 46.6363612 ], [ -120.5248759, 46.6364064 ] ] ], [ [ [ -120.6151546, 46.6437153 ], [ -120.6151454, 46.6437145 ], [ -120.615091, 46.6437099 ], [ -120.6150736, 46.6436956 ], [ -120.6150114, 46.6436447 ], [ -120.6149613, 46.6435427 ], [ -120.6152147, 46.6432161 ], [ -120.6152564, 46.6432518 ], [ -120.6152347, 46.6435641 ], [ -120.6151962, 46.6436664 ], [ -120.6151865, 46.6436933 ], [ -120.6151546, 46.6437153 ] ] ], [ [ [ -120.615496, 46.6434575 ], [ -120.6155817, 46.6435311 ], [ -120.6158497, 46.6439371 ], [ -120.6158657, 46.6440198 ], [ -120.615664, 46.6439329 ], [ -120.615632, 46.6436939 ], [ -120.6155968, 46.6436444 ], [ -120.6155048, 46.6435177 ], [ -120.615496, 46.6434575 ] ] ], [ [ [ -120.6160766, 46.6451055 ], [ -120.6162097, 46.6457891 ], [ -120.6161497, 46.6462551 ], [ -120.6161712, 46.6467622 ], [ -120.6160334, 46.647014 ], [ -120.6160156, 46.6470037 ], [ -120.6160018, 46.6469941 ], [ -120.6159783, 46.6468735 ], [ -120.6159699, 46.6468291 ], [ -120.6157999, 46.6463415 ], [ -120.6156769, 46.6460481 ], [ -120.6156012, 46.6457832 ], [ -120.6154403, 46.645433 ], [ -120.6152984, 46.6451302 ], [ -120.615658, 46.6450829 ], [ -120.6160766, 46.6451055 ] ] ], [ [ [ -120.6167287, 46.6490707 ], [ -120.6167126, 46.6490171 ], [ -120.6166355, 46.6485419 ], [ -120.6166687, 46.6486751 ], [ -120.6167641, 46.6491681 ], [ -120.6167525, 46.6491489 ], [ -120.6167287, 46.6490707 ] ] ], [ [ [ -120.6241052, 46.6533359 ], [ -120.6240355, 46.653323 ], [ -120.6239128, 46.6532651 ], [ -120.6238759, 46.6532473 ], [ -120.6238316, 46.6532169 ], [ -120.623749, 46.6531595 ], [ -120.6235898, 46.652908 ], [ -120.6235411, 46.6528307 ], [ -120.6234632, 46.652765 ], [ -120.6236287, 46.6527891 ], [ -120.6244071, 46.6533642 ], [ -120.6242265, 46.6533567 ], [ -120.6241052, 46.6533359 ] ] ], [ [ [ -120.5261304, 46.6658607 ], [ -120.5268336, 46.6655525 ], [ -120.5268335, 46.6657344 ], [ -120.5268334, 46.6658679 ], [ -120.5268333, 46.6659715 ], [ -120.526833, 46.6663674 ], [ -120.526833, 46.6664104 ], [ -120.5268329, 46.6665083 ], [ -120.5268328, 46.6667277 ], [ -120.5268328, 46.6667426 ], [ -120.5268326, 46.6669618 ], [ -120.5269696, 46.6669619 ], [ -120.5270804, 46.6669621 ], [ -120.5271602, 46.6669622 ], [ -120.5272797, 46.6669623 ], [ -120.5273992, 46.6669624 ], [ -120.5274428, 46.6669625 ], [ -120.52754, 46.6669626 ], [ -120.5276382, 46.6669627 ], [ -120.5277767, 46.6669629 ], [ -120.5279116, 46.6669631 ], [ -120.5279124, 46.666729 ], [ -120.5279132, 46.6665096 ], [ -120.5279139, 46.6663133 ], [ -120.5279142, 46.6662197 ], [ -120.5283074, 46.6662223 ], [ -120.5296795, 46.6662312 ], [ -120.529682, 46.6655292 ], [ -120.5301958, 46.6655323 ], [ -120.5300911, 46.6653342 ], [ -120.5303449, 46.6653341 ], [ -120.5303452, 46.6651522 ], [ -120.5303453, 46.6650612 ], [ -120.5304326, 46.6650616 ], [ -120.5306977, 46.6650626 ], [ -120.530728, 46.6650628 ], [ -120.5307581, 46.6650629 ], [ -120.5307585, 46.6650779 ], [ -120.5307598, 46.6651324 ], [ -120.5307572, 46.6652278 ], [ -120.530705, 46.6652635 ], [ -120.5306373, 46.6653098 ], [ -120.5306365, 46.6654969 ], [ -120.5306859, 46.6656893 ], [ -120.5307353, 46.6658818 ], [ -120.5307139, 46.6660582 ], [ -120.5306938, 46.6660581 ], [ -120.5306924, 46.6663667 ], [ -120.5306924, 46.6663668 ], [ -120.5306915, 46.6665691 ], [ -120.5306875, 46.667427 ], [ -120.5305657, 46.6674262 ], [ -120.5305282, 46.6674259 ], [ -120.5305262, 46.6678813 ], [ -120.5306859, 46.6678821 ], [ -120.530683, 46.6685461 ], [ -120.530682, 46.6687652 ], [ -120.5312545, 46.6687663 ], [ -120.5312545, 46.6688057 ], [ -120.535754, 46.6688235 ], [ -120.5357541, 46.6688235 ], [ -120.535755, 46.6688235 ], [ -120.5358704, 46.6686523 ], [ -120.536061, 46.6683694 ], [ -120.5362203, 46.668133 ], [ -120.5363081, 46.6680027 ], [ -120.5363079, 46.6679311 ], [ -120.5363074, 46.667745 ], [ -120.5363072, 46.6676621 ], [ -120.5363055, 46.6670311 ], [ -120.5359685, 46.6670256 ], [ -120.5357566, 46.666998 ], [ -120.5355205, 46.6669966 ], [ -120.5344596, 46.6669907 ], [ -120.5331054, 46.6669831 ], [ -120.5331081, 46.6666293 ], [ -120.5331101, 46.6663523 ], [ -120.5331122, 46.6660754 ], [ -120.5331138, 46.6658708 ], [ -120.5331139, 46.665858 ], [ -120.5331152, 46.6656838 ], [ -120.5331156, 46.6656258 ], [ -120.5331159, 46.6655867 ], [ -120.5331185, 46.6652499 ], [ -120.5332459, 46.6652503 ], [ -120.5336621, 46.6652517 ], [ -120.5339011, 46.6652525 ], [ -120.5344587, 46.6652544 ], [ -120.5349981, 46.6652562 ], [ -120.5355557, 46.6652581 ], [ -120.5359757, 46.6652595 ], [ -120.536374, 46.6652608 ], [ -120.5364097, 46.6652613 ], [ -120.536613, 46.6652616 ], [ -120.5366129, 46.6652644 ], [ -120.5366131, 46.6652644 ], [ -120.5366129, 46.6652673 ], [ -120.5373697, 46.6652655 ], [ -120.5373851, 46.6657129 ], [ -120.5376298, 46.6657124 ], [ -120.5378889, 46.665723 ], [ -120.537904, 46.6662005 ], [ -120.5376459, 46.6661992 ], [ -120.5373862, 46.6661978 ], [ -120.5373792, 46.6661069 ], [ -120.5373714, 46.6660058 ], [ -120.5368282, 46.6660087 ], [ -120.5368254, 46.666084 ], [ -120.5368159, 46.6663366 ], [ -120.536812, 46.6664412 ], [ -120.5368079, 46.6665518 ], [ -120.5371257, 46.6670385 ], [ -120.5372078, 46.6670396 ], [ -120.5378518, 46.6670485 ], [ -120.537864, 46.6673207 ], [ -120.5378669, 46.6673857 ], [ -120.537867, 46.6673857 ], [ -120.5382907, 46.6673883 ], [ -120.5383052, 46.6675519 ], [ -120.537706, 46.6675493 ], [ -120.5377069, 46.6679798 ], [ -120.5377072, 46.6681528 ], [ -120.5377075, 46.6682852 ], [ -120.5377077, 46.6683511 ], [ -120.537708, 46.668495 ], [ -120.5377082, 46.6685954 ], [ -120.5377085, 46.6687465 ], [ -120.5377087, 46.6688316 ], [ -120.537789, 46.6688321 ], [ -120.5379531, 46.6688332 ], [ -120.5423209, 46.6688607 ], [ -120.5429114, 46.6688644 ], [ -120.5429402, 46.6688646 ], [ -120.5429667, 46.6688648 ], [ -120.5430291, 46.6689378 ], [ -120.5430295, 46.6689382 ], [ -120.5436573, 46.6696721 ], [ -120.544001, 46.6700739 ], [ -120.5443262, 46.6704558 ], [ -120.5445894, 46.670765 ], [ -120.5449483, 46.6710016 ], [ -120.5459211, 46.6713915 ], [ -120.5466177, 46.6716016 ], [ -120.5466819, 46.671632 ], [ -120.546738, 46.6716586 ], [ -120.5469437, 46.6717561 ], [ -120.5470068, 46.671786 ], [ -120.547081, 46.6718211 ], [ -120.5472587, 46.6720128 ], [ -120.5474415, 46.67221 ], [ -120.5475343, 46.6723102 ], [ -120.5477165, 46.6725068 ], [ -120.5477643, 46.6725583 ], [ -120.5461458, 46.6725468 ], [ -120.5454733, 46.6872492 ], [ -120.5412818, 46.6872033 ], [ -120.5411013, 46.6804378 ], [ -120.5406073, 46.6799898 ], [ -120.5397213, 46.6798428 ], [ -120.530356, 46.679771 ], [ -120.5304275, 46.6724356 ], [ -120.5249861, 46.6723971 ], [ -120.5249895, 46.6726069 ], [ -120.5237745, 46.6725989 ], [ -120.5224802, 46.6725905 ], [ -120.5224721, 46.6723849 ], [ -120.5204596, 46.672341 ], [ -120.5193602, 46.6723363 ], [ -120.5193706, 46.673552 ], [ -120.5201467, 46.6741981 ], [ -120.5198239, 46.6742119 ], [ -120.5198241, 46.6745731 ], [ -120.5198243, 46.6750766 ], [ -120.5198197, 46.6759605 ], [ -120.5198203, 46.6760367 ], [ -120.5118346, 46.6759672 ], [ -120.5118346, 46.6759158 ], [ -120.5117456, 46.6759151 ], [ -120.5103034, 46.6759043 ], [ -120.5097172, 46.6763856 ], [ -120.5087612, 46.6771824 ], [ -120.5078148, 46.6779572 ], [ -120.507522, 46.678197 ], [ -120.5074422, 46.6782623 ], [ -120.5073797, 46.6783121 ], [ -120.5073047, 46.678369 ], [ -120.5072332, 46.6784206 ], [ -120.5071372, 46.6784862 ], [ -120.5070425, 46.6785466 ], [ -120.5067717, 46.6786994 ], [ -120.5066529, 46.6787595 ], [ -120.5065314, 46.678817 ], [ -120.5064696, 46.6788445 ], [ -120.5063438, 46.6788974 ], [ -120.5062154, 46.6789472 ], [ -120.5060845, 46.6789939 ], [ -120.5058181, 46.6790767 ], [ -120.5056808, 46.6791136 ], [ -120.5054715, 46.6791626 ], [ -120.50533, 46.6791911 ], [ -120.5051872, 46.6792162 ], [ -120.5051153, 46.6792275 ], [ -120.5049708, 46.6792473 ], [ -120.5048981, 46.679256 ], [ -120.5048253, 46.6792637 ], [ -120.5047523, 46.6792707 ], [ -120.5046791, 46.6792767 ], [ -120.5046058, 46.6792818 ], [ -120.5045323, 46.6792861 ], [ -120.5044588, 46.6792894 ], [ -120.5043851, 46.6792919 ], [ -120.502651, 46.6793401 ], [ -120.499442, 46.679243 ], [ -120.4965717, 46.6793056 ], [ -120.4922844, 46.6795389 ], [ -120.4924956, 46.678694 ], [ -120.4926791, 46.6784365 ], [ -120.4927653, 46.6782967 ], [ -120.4928189, 46.6781271 ], [ -120.4928397, 46.6779635 ], [ -120.4928278, 46.6778594 ], [ -120.4928129, 46.6777167 ], [ -120.4928035, 46.6774496 ], [ -120.4928262, 46.6773641 ], [ -120.4928099, 46.6771515 ], [ -120.4927742, 46.6770058 ], [ -120.4926196, 46.6768779 ], [ -120.4925036, 46.6767292 ], [ -120.492456, 46.6766548 ], [ -120.4923995, 46.6765061 ], [ -120.4923608, 46.6763485 ], [ -120.4923281, 46.6762295 ], [ -120.4922924, 46.6761314 ], [ -120.492165, 46.6759538 ], [ -120.491403, 46.6751193 ], [ -120.4909747, 46.6747481 ], [ -120.4902799, 46.6741961 ], [ -120.4898325, 46.6738344 ], [ -120.4894137, 46.6734347 ], [ -120.4892234, 46.6731396 ], [ -120.4890806, 46.6728446 ], [ -120.4889854, 46.6725019 ], [ -120.4889602, 46.6723424 ], [ -120.506422, 46.6723307 ], [ -120.509179, 46.6701861 ], [ -120.5118604, 46.6679602 ], [ -120.5122198, 46.6676618 ], [ -120.5128634, 46.6670447 ], [ -120.5148869, 46.665005 ], [ -120.5153582, 46.6650115 ], [ -120.5155887, 46.6650044 ], [ -120.5161924, 46.6650105 ], [ -120.516819, 46.6650169 ], [ -120.5168581, 46.6650173 ], [ -120.517017, 46.6650189 ], [ -120.5170883, 46.6650196 ], [ -120.5171064, 46.6650744 ], [ -120.5171235, 46.6651259 ], [ -120.5171227, 46.66526 ], [ -120.5171225, 46.6652942 ], [ -120.517112, 46.6657187 ], [ -120.517093, 46.6661664 ], [ -120.5169827, 46.6666487 ], [ -120.5170139, 46.6667799 ], [ -120.5170269, 46.6668346 ], [ -120.5170734, 46.6668618 ], [ -120.5203213, 46.6668795 ], [ -120.5205061, 46.6665749 ], [ -120.5205976, 46.6664492 ], [ -120.5207578, 46.6664524 ], [ -120.5208977, 46.6664552 ], [ -120.5216317, 46.6652272 ], [ -120.5217586, 46.6651571 ], [ -120.5227345, 46.6651658 ], [ -120.5229325, 46.664985 ], [ -120.5252605, 46.6650051 ], [ -120.5252604, 46.6651293 ], [ -120.5252602, 46.6654046 ], [ -120.52526, 46.6656621 ], [ -120.5256082, 46.665662 ], [ -120.5261303, 46.6656619 ], [ -120.5261303, 46.665662 ], [ -120.5261304, 46.6658607 ] ] ], [ [ [ -120.4886422, 46.6727887 ], [ -120.4887711, 46.6730679 ], [ -120.4887282, 46.6731431 ], [ -120.4886637, 46.6731217 ], [ -120.488567, 46.6731109 ], [ -120.488363, 46.6730357 ], [ -120.4882126, 46.6729713 ], [ -120.4881159, 46.6728746 ], [ -120.48803, 46.6726813 ], [ -120.4879763, 46.6725094 ], [ -120.4879763, 46.6723483 ], [ -120.4879785, 46.6723429 ], [ -120.4885548, 46.6723426 ], [ -120.4885778, 46.6724987 ], [ -120.4886422, 46.6727887 ] ] ], [ [ [ -120.4921581, 46.67752 ], [ -120.4921684, 46.6774299 ], [ -120.4922478, 46.6773776 ], [ -120.4923102, 46.6773538 ], [ -120.4923578, 46.6773597 ], [ -120.4924034, 46.677381 ], [ -120.4924768, 46.6775679 ], [ -120.4924917, 46.6778416 ], [ -120.4924262, 46.6780944 ], [ -120.4923578, 46.6783115 ], [ -120.4922061, 46.678493 ], [ -120.4921526, 46.6785495 ], [ -120.4919979, 46.6785316 ], [ -120.4919206, 46.6784394 ], [ -120.4919087, 46.6783324 ], [ -120.4919474, 46.6781569 ], [ -120.4919682, 46.6780647 ], [ -120.4920426, 46.6778832 ], [ -120.4920931, 46.6777464 ], [ -120.4921581, 46.67752 ] ] ], [ [ [ -120.4752802, 46.6762556 ], [ -120.475176, 46.6761688 ], [ -120.4750717, 46.6760611 ], [ -120.4749762, 46.6759146 ], [ -120.4749184, 46.6757053 ], [ -120.4749072, 46.6755392 ], [ -120.475734, 46.6755382 ], [ -120.475796, 46.674204 ], [ -120.482327, 46.674348 ], [ -120.4823, 46.674922 ], [ -120.482684, 46.674931 ], [ -120.4826778, 46.6750641 ], [ -120.482794, 46.6749772 ], [ -120.4830251, 46.6748104 ], [ -120.4834569, 46.6745059 ], [ -120.4835735, 46.6743955 ], [ -120.4843988, 46.6736137 ], [ -120.4847136, 46.6734238 ], [ -120.4855792, 46.6723421 ], [ -120.4867116, 46.6723437 ], [ -120.4875685, 46.6723432 ], [ -120.4875673, 46.6723592 ], [ -120.4877005, 46.6729302 ], [ -120.4877862, 46.6731206 ], [ -120.4879956, 46.673311 ], [ -120.4882811, 46.6734442 ], [ -120.488462, 46.673625 ], [ -120.4887041, 46.6738663 ], [ -120.4895325, 46.6744874 ], [ -120.4900324, 46.6748719 ], [ -120.4907272, 46.6753287 ], [ -120.4909651, 46.6755096 ], [ -120.4915362, 46.6760521 ], [ -120.4919324, 46.6767136 ], [ -120.4920046, 46.6768636 ], [ -120.492021, 46.677008 ], [ -120.4919811, 46.6771601 ], [ -120.4915757, 46.6779747 ], [ -120.4914959, 46.67809 ], [ -120.4912728, 46.678337 ], [ -120.4911776, 46.6785015 ], [ -120.4911382, 46.6789371 ], [ -120.4910829, 46.6791744 ], [ -120.4909155, 46.6796133 ], [ -120.4898753, 46.6796699 ], [ -120.4885449, 46.6799262 ], [ -120.4872798, 46.6802651 ], [ -120.4848025, 46.6810315 ], [ -120.4841902, 46.6811874 ], [ -120.4839817, 46.6812363 ], [ -120.4838224, 46.6812601 ], [ -120.483573, 46.6812635 ], [ -120.4833838, 46.6812482 ], [ -120.4832074, 46.6812224 ], [ -120.4830576, 46.681188 ], [ -120.4829003, 46.6811409 ], [ -120.4827701, 46.6810712 ], [ -120.4827122, 46.6810342 ], [ -120.4826459, 46.6810456 ], [ -120.4824782, 46.681118 ], [ -120.4819811, 46.6814296 ], [ -120.480865, 46.6821987 ], [ -120.4803805, 46.6825488 ], [ -120.4796278, 46.6831493 ], [ -120.4792336, 46.6835478 ], [ -120.478855, 46.6841814 ], [ -120.4786346, 46.6844135 ], [ -120.4784506, 46.6851244 ], [ -120.4781114, 46.6850833 ], [ -120.477215, 46.6850606 ], [ -120.4772089, 46.6845646 ], [ -120.4744535, 46.6845583 ], [ -120.4719072, 46.6845499 ], [ -120.4719108, 46.6833279 ], [ -120.4718584, 46.6825353 ], [ -120.4748374, 46.6809864 ], [ -120.4749789, 46.6809132 ], [ -120.4747803, 46.6806721 ], [ -120.4746818, 46.6804705 ], [ -120.4746421, 46.6802528 ], [ -120.4746372, 46.6801208 ], [ -120.4746586, 46.6799669 ], [ -120.4746906, 46.679868 ], [ -120.4747793, 46.6797064 ], [ -120.4749462, 46.6795079 ], [ -120.4751694, 46.6793774 ], [ -120.4753227, 46.6793141 ], [ -120.4756437, 46.6792143 ], [ -120.4759259, 46.6791351 ], [ -120.4759512, 46.6791279 ], [ -120.475971, 46.678708 ], [ -120.475587, 46.6787 ], [ -120.4756916, 46.6764493 ], [ -120.4756277, 46.6764291 ], [ -120.4754323, 46.6763423 ], [ -120.4752802, 46.6762556 ] ] ], [ [ [ -120.4921507, 46.6789908 ], [ -120.4921183, 46.6791566 ], [ -120.4920231, 46.679357 ], [ -120.4920043, 46.6795541 ], [ -120.4915571, 46.6795784 ], [ -120.4917363, 46.6792337 ], [ -120.4919908, 46.6789423 ], [ -120.4920939, 46.6789265 ], [ -120.4921507, 46.6789908 ] ] ], [ [ [ -120.3255404, 46.3758547 ], [ -120.3255781, 46.375149 ], [ -120.3255004, 46.3749319 ], [ -120.3254939, 46.373783 ], [ -120.3254935, 46.3735911 ], [ -120.3254927, 46.3731966 ], [ -120.3230119, 46.3719369 ], [ -120.3229049, 46.3719597 ], [ -120.3225483, 46.3722884 ], [ -120.3225483, 46.3722885 ], [ -120.3225061, 46.372267 ], [ -120.3214886, 46.3717487 ], [ -120.3210165, 46.3715082 ], [ -120.3209028, 46.3715459 ], [ -120.320154, 46.3717937 ], [ -120.3199848, 46.3718498 ], [ -120.3199555, 46.3687925 ], [ -120.3199461, 46.3678061 ], [ -120.3199423, 46.3678061 ], [ -120.3154684, 46.3678094 ], [ -120.3150279, 46.3678225 ], [ -120.3098673, 46.3678398 ], [ -120.3098673, 46.3678401 ], [ -120.3096012, 46.3678407 ], [ -120.3095989, 46.3685116 ], [ -120.3083329, 46.368502 ], [ -120.3083374, 46.3682247 ], [ -120.3083422, 46.3679372 ], [ -120.3083437, 46.3678421 ], [ -120.3048036, 46.3678408 ], [ -120.3044382, 46.3678406 ], [ -120.3043929, 46.3678406 ], [ -120.2963005, 46.3678278 ], [ -120.2986608, 46.369377 ], [ -120.3015104, 46.3712474 ], [ -120.3018018, 46.3714386 ], [ -120.3019043, 46.3715059 ], [ -120.3015463, 46.3714993 ], [ -120.3000806, 46.3714723 ], [ -120.2992948, 46.3714578 ], [ -120.2993276, 46.3742512 ], [ -120.2993265, 46.374306 ], [ -120.299258, 46.3743066 ], [ -120.2992559, 46.3743066 ], [ -120.2943432, 46.3743452 ], [ -120.2938488, 46.374349 ], [ -120.2938662, 46.3742897 ], [ -120.2938329, 46.3713881 ], [ -120.2925335, 46.3713695 ], [ -120.2919857, 46.3713641 ], [ -120.2918489, 46.3713604 ], [ -120.2911173, 46.3713526 ], [ -120.2901324, 46.37134 ], [ -120.2893936, 46.3713297 ], [ -120.2886355, 46.3713211 ], [ -120.2883656, 46.3713169 ], [ -120.2877729, 46.3713091 ], [ -120.2870271, 46.3712972 ], [ -120.2864547, 46.3712884 ], [ -120.286166, 46.3712847 ], [ -120.2861658, 46.369576 ], [ -120.2851098, 46.3695602 ], [ -120.2851097, 46.3695567 ], [ -120.2851063, 46.3693924 ], [ -120.2851035, 46.367695 ], [ -120.2850018, 46.3676939 ], [ -120.2815969, 46.3676557 ], [ -120.2815983, 46.3675209 ], [ -120.28675, 46.3675639 ], [ -120.2938035, 46.3676456 ], [ -120.2938007, 46.367072 ], [ -120.2891976, 46.3639513 ], [ -120.2887301, 46.363641 ], [ -120.288735, 46.3603174 ], [ -120.2938148, 46.3603375 ], [ -120.3011642, 46.3605093 ], [ -120.3012866, 46.3605788 ], [ -120.3044357, 46.3606696 ], [ -120.3044354, 46.3605882 ], [ -120.3098226, 46.3605538 ], [ -120.3098223, 46.3606244 ], [ -120.3201709, 46.360527 ], [ -120.3201715, 46.3606092 ], [ -120.3203903, 46.3605932 ], [ -120.3239367, 46.3605873 ], [ -120.3254013, 46.3605847 ], [ -120.3254102, 46.3615774 ], [ -120.325471, 46.367589 ], [ -120.326631, 46.3677663 ], [ -120.3306706, 46.3677449 ], [ -120.3306913, 46.366502 ], [ -120.3306856, 46.3659575 ], [ -120.3306699, 46.3641315 ], [ -120.3313373, 46.3641392 ], [ -120.3332995, 46.3641525 ], [ -120.3320072, 46.3641747 ], [ -120.3320071, 46.3641747 ], [ -120.3320162, 46.3659013 ], [ -120.3328844, 46.3659068 ], [ -120.3333184, 46.3659096 ], [ -120.3333196, 46.3659328 ], [ -120.3333208, 46.3659553 ], [ -120.3333341, 46.3667674 ], [ -120.3333481, 46.3676131 ], [ -120.335956, 46.3676064 ], [ -120.335956, 46.3676063 ], [ -120.335956, 46.3676061 ], [ -120.335955, 46.3675357 ], [ -120.3412211, 46.3675963 ], [ -120.3461534, 46.3676554 ], [ -120.3461706, 46.3680943 ], [ -120.3462242, 46.3696971 ], [ -120.3462361, 46.3701038 ], [ -120.3462494, 46.3704487 ], [ -120.3462659, 46.3707841 ], [ -120.3462751, 46.3711203 ], [ -120.3462821, 46.3713022 ], [ -120.3462897, 46.3714997 ], [ -120.3446311, 46.371479 ], [ -120.3438837, 46.3714722 ], [ -120.341246, 46.371451 ], [ -120.3386203, 46.3714202 ], [ -120.3359947, 46.3713894 ], [ -120.3360073, 46.3722964 ], [ -120.3360163, 46.373204 ], [ -120.3360175, 46.3733171 ], [ -120.338517, 46.373359 ], [ -120.338605, 46.371537 ], [ -120.345099, 46.371688 ], [ -120.34502, 46.373314 ], [ -120.347347, 46.373368 ], [ -120.34713, 46.377863 ], [ -120.344965, 46.377813 ], [ -120.344761, 46.38202 ], [ -120.3410983, 46.3819348 ], [ -120.3410917, 46.382269 ], [ -120.3407118, 46.3822628 ], [ -120.3403885, 46.3822552 ], [ -120.3403286, 46.3822538 ], [ -120.3391245, 46.382243 ], [ -120.3390584, 46.382316 ], [ -120.3389787, 46.3823155 ], [ -120.3388929, 46.3823148 ], [ -120.3367713, 46.3822986 ], [ -120.3359629, 46.3822921 ], [ -120.3358542, 46.382302 ], [ -120.3359499, 46.3786452 ], [ -120.3281359, 46.3786371 ], [ -120.3281357, 46.3786371 ], [ -120.3281335, 46.3786371 ], [ -120.3281443, 46.3781121 ], [ -120.3281493, 46.3778732 ], [ -120.3281496, 46.3778571 ], [ -120.3271555, 46.3778648 ], [ -120.3271548, 46.3778648 ], [ -120.327129, 46.3782598 ], [ -120.3271285, 46.3782665 ], [ -120.3271013, 46.3786836 ], [ -120.3269068, 46.378684 ], [ -120.3268467, 46.3786842 ], [ -120.3249148, 46.3786889 ], [ -120.32493, 46.3777688 ], [ -120.3249541, 46.3763059 ], [ -120.3249614, 46.3758613 ], [ -120.3251828, 46.3758588 ], [ -120.3252215, 46.3758584 ], [ -120.3253032, 46.3758574 ], [ -120.3255404, 46.3758547 ] ], [ [ -120.3361352, 46.3784112 ], [ -120.3359715, 46.3786458 ], [ -120.3369857, 46.3786746 ], [ -120.3384207, 46.3786864 ], [ -120.338461, 46.377858 ], [ -120.3359571, 46.3778427 ], [ -120.3359555, 46.3779025 ], [ -120.3359531, 46.377997 ], [ -120.3359516, 46.3780546 ], [ -120.3359497, 46.3781253 ], [ -120.3359498, 46.3783164 ], [ -120.3361352, 46.3784112 ] ] ], [ [ [ -120.397292, 46.376941 ], [ -120.390798, 46.376793 ], [ -120.391012, 46.372298 ], [ -120.397506, 46.372446 ], [ -120.397292, 46.376941 ] ] ], [ [ [ -120.3163729, 46.388294 ], [ -120.3163729, 46.3882803 ], [ -120.316377, 46.3882683 ], [ -120.316403, 46.3881049 ], [ -120.3164134, 46.3880443 ], [ -120.31642, 46.3880059 ], [ -120.3164715, 46.3878543 ], [ -120.3165116, 46.3877482 ], [ -120.3165408, 46.3876858 ], [ -120.3165998, 46.3875689 ], [ -120.3166475, 46.387474 ], [ -120.3166511, 46.3874667 ], [ -120.3167535, 46.3873434 ], [ -120.3168935, 46.3871781 ], [ -120.3169888, 46.3870758 ], [ -120.317132, 46.3869279 ], [ -120.3172204, 46.3868115 ], [ -120.317301, 46.3866708 ], [ -120.3173573, 46.3865792 ], [ -120.3173574, 46.3865792 ], [ -120.3173574, 46.3865791 ], [ -120.317378, 46.386491 ], [ -120.3173821, 46.3863401 ], [ -120.3173947, 46.3860303 ], [ -120.3173947, 46.3860302 ], [ -120.3173947, 46.38603 ], [ -120.3164617, 46.3860353 ], [ -120.3162805, 46.3860364 ], [ -120.3162972, 46.3842824 ], [ -120.3162919, 46.3841215 ], [ -120.3167342, 46.3841182 ], [ -120.3173257, 46.3841139 ], [ -120.3173871, 46.3829946 ], [ -120.3173947, 46.3828131 ], [ -120.3174009, 46.382666 ], [ -120.3174214, 46.3823924 ], [ -120.317437, 46.3821835 ], [ -120.3174655, 46.3818037 ], [ -120.3174716, 46.3817213 ], [ -120.317481, 46.3815962 ], [ -120.3174956, 46.3816059 ], [ -120.3176242, 46.3816909 ], [ -120.3184265, 46.3822213 ], [ -120.3191286, 46.3826854 ], [ -120.3196873, 46.3830547 ], [ -120.3202604, 46.3834335 ], [ -120.3207109, 46.3837314 ], [ -120.3213349, 46.3841438 ], [ -120.3215069, 46.3842575 ], [ -120.3222949, 46.3847783 ], [ -120.3228308, 46.3851325 ], [ -120.3234165, 46.3855197 ], [ -120.3242235, 46.386053 ], [ -120.3250828, 46.3866209 ], [ -120.3252399, 46.3867248 ], [ -120.3252508, 46.386732 ], [ -120.3252532, 46.3859824 ], [ -120.3253487, 46.3859827 ], [ -120.3256643, 46.3859833 ], [ -120.3301101, 46.385993 ], [ -120.3304448, 46.3859937 ], [ -120.3305187, 46.3859939 ], [ -120.3305342, 46.3854922 ], [ -120.3305355, 46.3854487 ], [ -120.3305541, 46.3848478 ], [ -120.3305589, 46.3846906 ], [ -120.3305667, 46.3844385 ], [ -120.3305744, 46.3841883 ], [ -120.330585, 46.3838458 ], [ -120.3305888, 46.3837249 ], [ -120.3305958, 46.3834953 ], [ -120.3306049, 46.3832022 ], [ -120.3306082, 46.3830947 ], [ -120.3306244, 46.3825694 ], [ -120.3306327, 46.3823026 ], [ -120.3321091, 46.3823053 ], [ -120.3357137, 46.3823121 ], [ -120.3358539, 46.3823123 ], [ -120.335666, 46.3897194 ], [ -120.336883, 46.3897229 ], [ -120.3368845, 46.3905006 ], [ -120.3356691, 46.3904956 ], [ -120.335671, 46.3908245 ], [ -120.3356819, 46.3932681 ], [ -120.3351353, 46.3932667 ], [ -120.3350115, 46.3932664 ], [ -120.333391, 46.3932348 ], [ -120.3328236, 46.3932263 ], [ -120.3319044, 46.3932125 ], [ -120.3304098, 46.3931968 ], [ -120.3282241, 46.3931869 ], [ -120.3282151, 46.39416 ], [ -120.3304156, 46.3941845 ], [ -120.3304416, 46.3968329 ], [ -120.3250996, 46.3968161 ], [ -120.3198253, 46.3967671 ], [ -120.3198255, 46.396754 ], [ -120.3198484, 46.3948613 ], [ -120.3198568, 46.394169 ], [ -120.3198689, 46.393174 ], [ -120.3164638, 46.3931481 ], [ -120.3164972, 46.3914554 ], [ -120.3165329, 46.3896454 ], [ -120.3165351, 46.3895523 ], [ -120.3165359, 46.3895158 ], [ -120.3163732, 46.3895137 ], [ -120.3163804, 46.3891773 ], [ -120.3163722, 46.3888736 ], [ -120.3163713, 46.3888411 ], [ -120.3163709, 46.3886547 ], [ -120.3163706, 46.3885185 ], [ -120.3163703, 46.3883887 ], [ -120.316372, 46.3883184 ], [ -120.3163725, 46.3882964 ], [ -120.3163729, 46.388294 ] ] ], [ [ [ -120.4226049, 46.4298154 ], [ -120.4226, 46.430586 ], [ -120.4225998, 46.4307231 ], [ -120.4226026, 46.4314881 ], [ -120.4225873, 46.4323334 ], [ -120.4225895, 46.4331982 ], [ -120.4223235, 46.4331951 ], [ -120.4173211, 46.4331352 ], [ -120.4172957, 46.4331349 ], [ -120.4172962, 46.4334807 ], [ -120.4172962, 46.4335052 ], [ -120.417297, 46.4340064 ], [ -120.4172944, 46.4341696 ], [ -120.4172986, 46.4351034 ], [ -120.4172795, 46.4351034 ], [ -120.4171192, 46.4351031 ], [ -120.4121528, 46.4350931 ], [ -120.412157, 46.4348627 ], [ -120.4121771, 46.4337627 ], [ -120.4121825, 46.4334723 ], [ -120.4095683, 46.4334756 ], [ -120.4095259, 46.4369006 ], [ -120.4069145, 46.4368948 ], [ -120.4068971, 46.4396112 ], [ -120.4117976, 46.4396185 ], [ -120.4117953, 46.4405296 ], [ -120.4121494, 46.4405306 ], [ -120.4121561, 46.4409956 ], [ -120.4121581, 46.4409956 ], [ -120.4121601, 46.4409956 ], [ -120.4147357, 46.4410002 ], [ -120.4165182, 46.4409932 ], [ -120.4172121, 46.4409921 ], [ -120.4172153, 46.4409921 ], [ -120.417223, 46.4409921 ], [ -120.4172178, 46.4414103 ], [ -120.4172168, 46.4414899 ], [ -120.4172166, 46.4415068 ], [ -120.4171552, 46.4464555 ], [ -120.4171546, 46.4465096 ], [ -120.4170862, 46.4464653 ], [ -120.4170767, 46.4464592 ], [ -120.4169762, 46.446394 ], [ -120.4166744, 46.4461984 ], [ -120.4166258, 46.4462346 ], [ -120.4163327, 46.4464526 ], [ -120.4163316, 46.4464535 ], [ -120.4151474, 46.4473344 ], [ -120.4151556, 46.4473398 ], [ -120.4152887, 46.4474277 ], [ -120.415715, 46.4477028 ], [ -120.4157158, 46.4477033 ], [ -120.4157181, 46.4477048 ], [ -120.4156507, 46.4477048 ], [ -120.4134906, 46.4477032 ], [ -120.4120415, 46.4477021 ], [ -120.4120334, 46.4477021 ], [ -120.4120169, 46.4504742 ], [ -120.4120117, 46.4513516 ], [ -120.4120116, 46.4513688 ], [ -120.4120114, 46.4514063 ], [ -120.4120918, 46.4514069 ], [ -120.4151016, 46.4514278 ], [ -120.4171302, 46.451442 ], [ -120.4171301, 46.4514513 ], [ -120.4171301, 46.4514518 ], [ -120.4171299, 46.4514607 ], [ -120.4171249, 46.4517876 ], [ -120.4170755, 46.4549585 ], [ -120.4170786, 46.4549585 ], [ -120.4248156, 46.4549903 ], [ -120.4298316, 46.4550109 ], [ -120.4298316, 46.4550098 ], [ -120.4298316, 46.4550094 ], [ -120.4298601, 46.4489544 ], [ -120.4298258, 46.4475444 ], [ -120.4298258, 46.4475443 ], [ -120.4297784, 46.4455931 ], [ -120.4299097, 46.4455943 ], [ -120.4299096, 46.4455531 ], [ -120.4299088, 46.4449873 ], [ -120.4298909, 46.4444789 ], [ -120.429823, 46.4439598 ], [ -120.429823, 46.4439597 ], [ -120.429823, 46.4439596 ], [ -120.4297496, 46.4436159 ], [ -120.4296539, 46.4432746 ], [ -120.4295361, 46.4429367 ], [ -120.4293952, 46.4426031 ], [ -120.4291765, 46.4421674 ], [ -120.429052, 46.4419511 ], [ -120.4286074, 46.4413501 ], [ -120.4279713, 46.4407424 ], [ -120.4279713, 46.4407423 ], [ -120.4279037, 46.4406778 ], [ -120.4290411, 46.4406364 ], [ -120.4292317, 46.4406385 ], [ -120.4303347, 46.440651 ], [ -120.4329063, 46.4406801 ], [ -120.43293, 46.4406803 ], [ -120.4329202, 46.4370845 ], [ -120.432911, 46.4370845 ], [ -120.4276964, 46.4370406 ], [ -120.4277742, 46.4335822 ], [ -120.4277566, 46.4350027 ], [ -120.4329337, 46.4351169 ], [ -120.4329478, 46.4336348 ], [ -120.4329399, 46.4334541 ], [ -120.4329515, 46.4333355 ], [ -120.4378595, 46.4333747 ], [ -120.4382347, 46.4333898 ], [ -120.4433905, 46.4334263 ], [ -120.4433993, 46.4335226 ], [ -120.4433952, 46.43369 ], [ -120.4433942, 46.43446 ], [ -120.4433935, 46.435007 ], [ -120.4433926, 46.4357176 ], [ -120.4433919, 46.4362605 ], [ -120.4433908, 46.4371495 ], [ -120.4433885, 46.4389615 ], [ -120.4433873, 46.4398675 ], [ -120.443387, 46.4400949 ], [ -120.4433867, 46.4403171 ], [ -120.44339, 46.4407707 ], [ -120.4426553, 46.440766 ], [ -120.4420469, 46.4407621 ], [ -120.4382632, 46.4407377 ], [ -120.4382543, 46.4443668 ], [ -120.4382516, 46.4455103 ], [ -120.4382458, 46.447877 ], [ -120.4394316, 46.4478845 ], [ -120.4405627, 46.4478961 ], [ -120.4407363, 46.4478897 ], [ -120.4433429, 46.4479166 ], [ -120.4433392, 46.4480067 ], [ -120.4433381, 46.4480818 ], [ -120.4433248, 46.4490311 ], [ -120.4433135, 46.4498333 ], [ -120.4433113, 46.4499829 ], [ -120.4433094, 46.45012 ], [ -120.443296, 46.4510718 ], [ -120.4432877, 46.4516599 ], [ -120.4432826, 46.4520236 ], [ -120.4432807, 46.4521607 ], [ -120.4432745, 46.4525967 ], [ -120.4432621, 46.453481 ], [ -120.4432609, 46.4535633 ], [ -120.4432363, 46.4553092 ], [ -120.4424398, 46.4553041 ], [ -120.4419617, 46.4553011 ], [ -120.4413244, 46.455297 ], [ -120.4406871, 46.455293 ], [ -120.4400499, 46.4552889 ], [ -120.4394125, 46.4552849 ], [ -120.4381379, 46.4552768 ], [ -120.4380144, 46.4552398 ], [ -120.4380143, 46.4552678 ], [ -120.4383771, 46.462576 ], [ -120.4340139, 46.4624976 ], [ -120.4341407, 46.4626391 ], [ -120.4337255, 46.4626333 ], [ -120.4335479, 46.4626107 ], [ -120.4310751, 46.4625681 ], [ -120.4308117, 46.4625636 ], [ -120.4280237, 46.4625085 ], [ -120.422318, 46.4624011 ], [ -120.4215722, 46.4623906 ], [ -120.4214917, 46.4623892 ], [ -120.4212208, 46.4623843 ], [ -120.4208354, 46.4623775 ], [ -120.4205735, 46.4623728 ], [ -120.4203752, 46.4623692 ], [ -120.4200777, 46.4623639 ], [ -120.4196945, 46.4623571 ], [ -120.4185469, 46.4623366 ], [ -120.4181222, 46.462329 ], [ -120.4173134, 46.4623145 ], [ -120.4170753, 46.4623092 ], [ -120.4170736, 46.462228 ], [ -120.4169406, 46.4622272 ], [ -120.4170108, 46.4584759 ], [ -120.4118757, 46.4584953 ], [ -120.4119747, 46.4521371 ], [ -120.4114532, 46.4518838 ], [ -120.4106232, 46.4518548 ], [ -120.4100592, 46.4520108 ], [ -120.4093952, 46.4524148 ], [ -120.4088292, 46.4530238 ], [ -120.4076002, 46.4534008 ], [ -120.4069765, 46.4543803 ], [ -120.4062349, 46.454702 ], [ -120.4054409, 46.4547407 ], [ -120.4047112, 46.4544898 ], [ -120.4034149, 46.4546691 ], [ -120.4027808, 46.4545461 ], [ -120.4019282, 46.4539804 ], [ -120.4015269, 46.4525063 ], [ -120.4021772, 46.4519728 ], [ -120.4030662, 46.4515778 ], [ -120.4032632, 46.4512768 ], [ -120.4031952, 46.4505608 ], [ -120.4027282, 46.4500058 ], [ -120.4010218, 46.4487725 ], [ -120.4007779, 46.4481041 ], [ -120.4007753, 46.4468911 ], [ -120.4010002, 46.4463628 ], [ -120.401142, 46.4452001 ], [ -120.4016962, 46.4440288 ], [ -120.4023252, 46.4434568 ], [ -120.4023922, 46.4429548 ], [ -120.4016982, 46.4418558 ], [ -120.4008742, 46.4411918 ], [ -120.4003423, 46.4411149 ], [ -120.4006557, 46.4343786 ], [ -120.3923722, 46.4341899 ], [ -120.390402, 46.4338317 ], [ -120.3912582, 46.4333349 ], [ -120.4095647, 46.4333825 ], [ -120.4095555, 46.4331457 ], [ -120.4121719, 46.4331451 ], [ -120.4121689, 46.4321058 ], [ -120.4121713, 46.4290246 ], [ -120.4121658, 46.4284719 ], [ -120.4121687, 46.4275264 ], [ -120.4121726, 46.4262362 ], [ -120.4164721, 46.4262811 ], [ -120.4172997, 46.4262897 ], [ -120.4175377, 46.426291 ], [ -120.4181958, 46.4262882 ], [ -120.4188759, 46.4262883 ], [ -120.4195466, 46.4262883 ], [ -120.4226271, 46.4262885 ], [ -120.4226213, 46.4280285 ], [ -120.4226027, 46.4287241 ], [ -120.4226049, 46.4298154 ] ] ], [ [ [ -120.483177, 46.449848 ], [ -120.476673, 46.449704 ], [ -120.476881, 46.445209 ], [ -120.483384, 46.445352 ], [ -120.483177, 46.449848 ] ] ], [ [ [ -120.3582572, 46.453619 ], [ -120.3580002, 46.453505 ], [ -120.3578652, 46.453453 ], [ -120.3577252, 46.453406 ], [ -120.3573852, 46.453302 ], [ -120.3567892, 46.453121 ], [ -120.3568332, 46.453005 ], [ -120.3569682, 46.45266 ], [ -120.3570142, 46.452545 ], [ -120.3584132, 46.453384 ], [ -120.3590112, 46.453731 ], [ -120.3594332, 46.453989 ], [ -120.3651352, 46.457475 ], [ -120.3664532, 46.458308 ], [ -120.3666332, 46.458423 ], [ -120.3690212, 46.459923 ], [ -120.3691142, 46.4598035 ], [ -120.3691722, 46.45973 ], [ -120.3693122, 46.459555 ], [ -120.3693592, 46.459497 ], [ -120.3695382, 46.458997 ], [ -120.3694872, 46.458553 ], [ -120.3693402, 46.458346 ], [ -120.3692052, 46.458154 ], [ -120.3687522, 46.457643 ], [ -120.3665517, 46.4559395 ], [ -120.3659802, 46.455113 ], [ -120.3659562, 46.454896 ], [ -120.3695202, 46.45742 ], [ -120.3702662, 46.457945 ], [ -120.3727042, 46.459661 ], [ -120.3740762, 46.460639 ], [ -120.3765242, 46.462372 ], [ -120.3768162, 46.462568 ], [ -120.3771142, 46.46276 ], [ -120.3774163, 46.462948 ], [ -120.3777233, 46.463133 ], [ -120.3780343, 46.463314 ], [ -120.3783513, 46.463491 ], [ -120.3786723, 46.463664 ], [ -120.3793103, 46.463992 ], [ -120.3800873, 46.464362 ], [ -120.3808543, 46.464708 ], [ -120.3816463, 46.46504 ], [ -120.3838603, 46.465934 ], [ -120.3868323, 46.467135 ], [ -120.3887543, 46.467917 ], [ -120.3889193, 46.467984 ], [ -120.3894133, 46.468185 ], [ -120.3895793, 46.468253 ], [ -120.3910603, 46.468924 ], [ -120.3911493, 46.468965 ], [ -120.3926703, 46.469673 ], [ -120.3928833, 46.46979 ], [ -120.3930833, 46.469917 ], [ -120.3932703, 46.470053 ], [ -120.3934423, 46.470198 ], [ -120.3935623, 46.470312 ], [ -120.3937083, 46.47047 ], [ -120.3938383, 46.470635 ], [ -120.3939423, 46.470793 ], [ -120.3946453, 46.471759 ], [ -120.3947743, 46.4718905 ], [ -120.3948863, 46.471982 ], [ -120.3950443, 46.472086 ], [ -120.3951933, 46.472163 ], [ -120.3953533, 46.472229 ], [ -120.3955813, 46.472303 ], [ -120.3957523, 46.472345 ], [ -120.3962923, 46.472433 ], [ -120.3966763, 46.472517 ], [ -120.3968923, 46.472567 ], [ -120.3971043, 46.472627 ], [ -120.3973083, 46.472697 ], [ -120.3976023, 46.472819 ], [ -120.3978973, 46.47296 ], [ -120.3981683, 46.473109 ], [ -120.3983613, 46.47323 ], [ -120.3985453, 46.473357 ], [ -120.3994343, 46.474038 ], [ -120.4004393, 46.47487 ], [ -120.4008713, 46.475225 ], [ -120.4019233, 46.476089 ], [ -120.4055464, 46.479279 ], [ -120.4056614, 46.479383 ], [ -120.4072144, 46.480775 ], [ -120.4083904, 46.481822 ], [ -120.4107784, 46.483929 ], [ -120.4114784, 46.484505 ], [ -120.4117064, 46.484681 ], [ -120.4119394, 46.484854 ], [ -120.4121774, 46.485024 ], [ -120.4126654, 46.485356 ], [ -120.4129154, 46.485517 ], [ -120.4135354, 46.485896 ], [ -120.4139814, 46.4861419 ], [ -120.4145554, 46.48645 ], [ -120.4153634, 46.486845 ], [ -120.4158184, 46.487044 ], [ -120.4167714, 46.487426 ], [ -120.4172734, 46.487622 ], [ -120.4178294, 46.487822 ], [ -120.4185124, 46.488069 ], [ -120.4203284, 46.4887469 ], [ -120.4225045, 46.4895479 ], [ -120.4254995, 46.4906559 ], [ -120.4289985, 46.4919519 ], [ -120.4319265, 46.4930239 ], [ -120.4326925, 46.4933199 ], [ -120.4330475, 46.4934689 ], [ -120.4339215, 46.4938659 ], [ -120.4343145, 46.4940639 ], [ -120.4344275, 46.4941239 ], [ -120.4347575, 46.4943019 ], [ -120.4353825, 46.4946569 ], [ -120.4358875, 46.4949739 ], [ -120.4364195, 46.4953449 ], [ -120.4370045, 46.4957829 ], [ -120.4371035, 46.4958599 ], [ -120.4372565, 46.4959789 ], [ -120.4377185, 46.4963389 ], [ -120.4378735, 46.4964589 ], [ -120.4379375, 46.4965089 ], [ -120.4381315, 46.4966589 ], [ -120.4381965, 46.4967099 ], [ -120.4382635, 46.4967619 ], [ -120.4384655, 46.4969189 ], [ -120.4385335, 46.4969719 ], [ -120.4383075, 46.4969469 ], [ -120.4371355, 46.4968309 ], [ -120.4367245, 46.4967909 ], [ -120.4329475, 46.4963709 ], [ -120.4323405, 46.4963039 ], [ -120.4318585, 46.4962529 ], [ -120.4315525, 46.4962139 ], [ -120.4314615, 46.4962019 ], [ -120.4308725, 46.4961059 ], [ -120.4304585, 46.4960254 ], [ -120.4301785, 46.4959639 ], [ -120.4297635, 46.4958599 ], [ -120.4293535, 46.4957449 ], [ -120.4289505, 46.4956199 ], [ -120.4285535, 46.4954859 ], [ -120.4282595, 46.4953789 ], [ -120.4279055, 46.4952349 ], [ -120.4275585, 46.4950829 ], [ -120.4272185, 46.4949179 ], [ -120.4270535, 46.4948389 ], [ -120.4268305, 46.4947209 ], [ -120.4262055, 46.4944069 ], [ -120.4260815, 46.4943439 ], [ -120.4257095, 46.4941569 ], [ -120.4255865, 46.4940949 ], [ -120.4254645, 46.4940329 ], [ -120.4250995, 46.4938489 ], [ -120.4249785, 46.4937879 ], [ -120.4242305, 46.4934099 ], [ -120.4219865, 46.4922769 ], [ -120.4215325, 46.4920479 ], [ -120.4212335, 46.4919099 ], [ -120.4180924, 46.490454 ], [ -120.4180324, 46.490426 ], [ -120.4167654, 46.48985 ], [ -120.4151714, 46.489105 ], [ -120.4135414, 46.488296 ], [ -120.4115064, 46.48716 ], [ -120.4100064, 46.486301 ], [ -120.4095784, 46.486075 ], [ -120.4091404, 46.48586 ], [ -120.4086914, 46.485655 ], [ -120.4086104, 46.48562 ], [ -120.4081414, 46.48542 ], [ -120.4076834, 46.485244 ], [ -120.4073704, 46.485136 ], [ -120.4070524, 46.485036 ], [ -120.4052644, 46.484514 ], [ -120.4049624, 46.484426 ], [ -120.4045244, 46.484286 ], [ -120.4039664, 46.484108 ], [ -120.4036774, 46.484004 ], [ -120.4033964, 46.483891 ], [ -120.4031244, 46.483767 ], [ -120.4028624, 46.483634 ], [ -120.4026934, 46.48354 ], [ -120.4023994, 46.48336 ], [ -120.4020914, 46.483156 ], [ -120.4017674, 46.482925 ], [ -120.4004579, 46.481899 ], [ -120.3992634, 46.480995 ], [ -120.3976424, 46.479718 ], [ -120.3964834, 46.478832 ], [ -120.3961774, 46.478599 ], [ -120.3959804, 46.478444 ], [ -120.3956703, 46.478221 ], [ -120.3953423, 46.47801 ], [ -120.3951163, 46.477876 ], [ -120.3947643, 46.477685 ], [ -120.3945213, 46.477565 ], [ -120.3944093, 46.477514 ], [ -120.3941453, 46.477396 ], [ -120.3937583, 46.477242 ], [ -120.3933603, 46.477101 ], [ -120.3930793, 46.477012 ], [ -120.3924443, 46.476851 ], [ -120.3921483, 46.476779 ], [ -120.3913773, 46.476594 ], [ -120.3911813, 46.476547 ], [ -120.3908593, 46.476455 ], [ -120.3905443, 46.476351 ], [ -120.3902373, 46.476237 ], [ -120.3899963, 46.476135 ], [ -120.3897573, 46.476034 ], [ -120.3894403, 46.475885 ], [ -120.3891353, 46.475726 ], [ -120.3888423, 46.475555 ], [ -120.3885633, 46.475374 ], [ -120.3883843, 46.475248 ], [ -120.3882693, 46.475162 ], [ -120.3868373, 46.474156 ], [ -120.3863233, 46.473787 ], [ -120.3856693, 46.473317 ], [ -120.3851188, 46.472935 ], [ -120.3847883, 46.472714 ], [ -120.3842373, 46.472357 ], [ -120.3830203, 46.471569 ], [ -120.3814993, 46.470667 ], [ -120.3807683, 46.470234 ], [ -120.3805783, 46.470118 ], [ -120.3803103, 46.469954 ], [ -120.3800943, 46.469803 ], [ -120.3798943, 46.469642 ], [ -120.3797103, 46.469471 ], [ -120.3795453, 46.469292 ], [ -120.3794843, 46.469219 ], [ -120.3781483, 46.467369 ], [ -120.3778553, 46.466994 ], [ -120.3777313, 46.466871 ], [ -120.3776143, 46.466775 ], [ -120.3769733, 46.46634 ], [ -120.3758813, 46.4656 ], [ -120.3752403, 46.465166 ], [ -120.3733172, 46.463864 ], [ -120.3726762, 46.463431 ], [ -120.3723842, 46.463233 ], [ -120.3715082, 46.462641 ], [ -120.3712172, 46.462444 ], [ -120.3706962, 46.462091 ], [ -120.3704932, 46.461954 ], [ -120.3703512, 46.461862 ], [ -120.3702032, 46.461775 ], [ -120.3700492, 46.461692 ], [ -120.3698922, 46.461614 ], [ -120.3691842, 46.461292 ], [ -120.3690312, 46.461215 ], [ -120.3684509, 46.460923 ], [ -120.3683117, 46.4608475 ], [ -120.3670082, 46.46013 ], [ -120.3669272, 46.460086 ], [ -120.3654442, 46.459282 ], [ -120.3651582, 46.459133 ], [ -120.3649622, 46.459022 ], [ -120.3647742, 46.458908 ], [ -120.3644452, 46.458689 ], [ -120.3641342, 46.458455 ], [ -120.3632422, 46.457709 ], [ -120.3630272, 46.457533 ], [ -120.3618192, 46.456548 ], [ -120.3613572, 46.456147 ], [ -120.3599742, 46.454945 ], [ -120.3595132, 46.454545 ], [ -120.3590287, 46.4541235 ], [ -120.3587042, 46.453886 ], [ -120.3585932, 46.453811 ], [ -120.3584302, 46.453711 ], [ -120.3582572, 46.453619 ] ] ], [ [ [ -120.4682476, 46.4997589 ], [ -120.4684226, 46.4997589 ], [ -120.4684816, 46.4997599 ], [ -120.4685586, 46.4997599 ], [ -120.4687906, 46.4997598 ], [ -120.4688686, 46.4997609 ], [ -120.4690346, 46.4997609 ], [ -120.4695293, 46.4997642 ], [ -120.4696026, 46.4997569 ], [ -120.4696705, 46.499716 ], [ -120.4696646, 46.4999789 ], [ -120.4696306, 46.5007559 ], [ -120.4696306, 46.5008179 ], [ -120.4696306, 46.5010979 ], [ -120.4696296, 46.5016049 ], [ -120.4696286, 46.5031259 ], [ -120.4696286, 46.5035789 ], [ -120.4696126, 46.5036309 ], [ -120.4696256, 46.5037219 ], [ -120.4696666, 46.5039959 ], [ -120.4696806, 46.5040879 ], [ -120.4697126, 46.5064549 ], [ -120.4694456, 46.5064499 ], [ -120.4685566, 46.5064039 ], [ -120.4684986, 46.5063289 ], [ -120.4683896, 46.5063269 ], [ -120.4682456, 46.5063259 ], [ -120.4679566, 46.5063229 ], [ -120.4670926, 46.5063149 ], [ -120.4668046, 46.5063129 ], [ -120.4668716, 46.5062939 ], [ -120.4669366, 46.5062569 ], [ -120.4669766, 46.5062159 ], [ -120.4670016, 46.5061639 ], [ -120.4670036, 46.5061109 ], [ -120.4669816, 46.5060549 ], [ -120.4669376, 46.5060079 ], [ -120.4667926, 46.5058239 ], [ -120.4658046, 46.5045689 ], [ -120.4655586, 46.5042359 ], [ -120.4652326, 46.5037929 ], [ -120.4651501, 46.5036809 ], [ -120.4650696, 46.5035719 ], [ -120.4650426, 46.5035344 ], [ -120.4647546, 46.5031769 ], [ -120.4646806, 46.5030579 ], [ -120.4646256, 46.5029339 ], [ -120.4645896, 46.5028059 ], [ -120.4645716, 46.5026639 ], [ -120.4645376, 46.5023689 ], [ -120.4644946, 46.5022159 ], [ -120.4644356, 46.5020659 ], [ -120.4643661, 46.5019279 ], [ -120.4640916, 46.5015479 ], [ -120.4628456, 46.4999989 ], [ -120.4624306, 46.4994639 ], [ -120.4627976, 46.4992569 ], [ -120.4628936, 46.4992019 ], [ -120.4634876, 46.4988699 ], [ -120.4636766, 46.4987699 ], [ -120.4642266, 46.4984779 ], [ -120.4645296, 46.4983189 ], [ -120.4652726, 46.4983189 ], [ -120.4663046, 46.4986839 ], [ -120.4664646, 46.4989729 ], [ -120.4666556, 46.4993169 ], [ -120.4667256, 46.4997569 ], [ -120.4668301, 46.4997569 ], [ -120.4671126, 46.4997569 ], [ -120.4679196, 46.4997579 ], [ -120.4681896, 46.4997589 ], [ -120.4682476, 46.4997589 ] ] ], [ [ [ -120.4696252, 46.5356501 ], [ -120.469317, 46.5359004 ], [ -120.4691471, 46.5355043 ], [ -120.4687075, 46.5350447 ], [ -120.4680522, 46.5341006 ], [ -120.4684395, 46.5341116 ], [ -120.4690297, 46.5342026 ], [ -120.4695478, 46.5342608 ], [ -120.4696784, 46.5347987 ], [ -120.4696847, 46.5352501 ], [ -120.4696252, 46.5356501 ] ] ], [ [ [ -120.4675392, 46.5376373 ], [ -120.4677885, 46.5372654 ], [ -120.4686816, 46.5370781 ], [ -120.4692309, 46.5367285 ], [ -120.4693878, 46.5364581 ], [ -120.4696561, 46.5364318 ], [ -120.4699688, 46.5364463 ], [ -120.4704538, 46.5368648 ], [ -120.4706849, 46.5373332 ], [ -120.470669, 46.5376995 ], [ -120.4703713, 46.5380847 ], [ -120.4698852, 46.5385714 ], [ -120.4695338, 46.5388322 ], [ -120.4691389, 46.5390771 ], [ -120.4687143, 46.5391509 ], [ -120.4682526, 46.53919 ], [ -120.4676611, 46.5391968 ], [ -120.4674959, 46.5389485 ], [ -120.4671752, 46.538743 ], [ -120.4670707, 46.5384671 ], [ -120.4672749, 46.5379994 ], [ -120.4675392, 46.5376373 ] ] ], [ [ [ -120.4674908, 46.5411651 ], [ -120.4673898, 46.54112 ], [ -120.4666967, 46.5389347 ], [ -120.4667096, 46.5389153 ], [ -120.4672347, 46.5391666 ], [ -120.4676249, 46.539544 ], [ -120.4679722, 46.5399979 ], [ -120.4681556, 46.5404666 ], [ -120.468257, 46.5410529 ], [ -120.4680167, 46.5412424 ], [ -120.4674908, 46.5411651 ] ] ], [ [ [ -120.4708652, 46.5373516 ], [ -120.4708759, 46.5370253 ], [ -120.4704614, 46.5365476 ], [ -120.4701431, 46.5362049 ], [ -120.470083, 46.5358901 ], [ -120.4701038, 46.5354115 ], [ -120.470103, 46.534751 ], [ -120.4701481, 46.5343728 ], [ -120.4698896, 46.5341249 ], [ -120.469745, 46.5340091 ], [ -120.4691193, 46.5338321 ], [ -120.4689889, 46.5337499 ], [ -120.4693439, 46.5333245 ], [ -120.4699557, 46.5323795 ], [ -120.4700244, 46.5322909 ], [ -120.4701164, 46.5322111 ], [ -120.4701595, 46.5321168 ], [ -120.4705905, 46.531561 ], [ -120.4705982, 46.5315487 ], [ -120.4717887, 46.5315722 ], [ -120.4727817, 46.5315956 ], [ -120.4729693, 46.5316 ], [ -120.4731061, 46.5316032 ], [ -120.4739814, 46.5316602 ], [ -120.4756758, 46.5316639 ], [ -120.4746162, 46.532633 ], [ -120.4743239, 46.5332296 ], [ -120.4743204, 46.5332654 ], [ -120.4743185, 46.5332849 ], [ -120.4743168, 46.5333389 ], [ -120.4743142, 46.5334201 ], [ -120.4743039, 46.5337372 ], [ -120.4743022, 46.5337908 ], [ -120.4743021, 46.5337921 ], [ -120.4743061, 46.5338021 ], [ -120.4743234, 46.5338466 ], [ -120.4747191, 46.5348623 ], [ -120.4747489, 46.5349389 ], [ -120.4747688, 46.53499 ], [ -120.4747901, 46.5350371 ], [ -120.4747952, 46.5350484 ], [ -120.4752961, 46.5361554 ], [ -120.4753076, 46.5361809 ], [ -120.4753203, 46.536209 ], [ -120.4753508, 46.5362649 ], [ -120.4753843, 46.5363265 ], [ -120.4756259, 46.5367702 ], [ -120.4756897, 46.5368848 ], [ -120.4759884, 46.5373333 ], [ -120.4760247, 46.5373879 ], [ -120.4760436, 46.5374198 ], [ -120.4760573, 46.5374429 ], [ -120.4762992, 46.5378509 ], [ -120.4763984, 46.5380184 ], [ -120.4764075, 46.5380338 ], [ -120.4764299, 46.5380716 ], [ -120.4764493, 46.5381169 ], [ -120.4764541, 46.5381279 ], [ -120.4764881, 46.5382071 ], [ -120.4765824, 46.538427 ], [ -120.4767051, 46.5388628 ], [ -120.4767548, 46.5392557 ], [ -120.4767577, 46.5392786 ], [ -120.4767613, 46.5393064 ], [ -120.476761, 46.539365 ], [ -120.4767586, 46.5399789 ], [ -120.4767496, 46.5400699 ], [ -120.4766724, 46.5408492 ], [ -120.476667, 46.5409039 ], [ -120.4766148, 46.5408588 ], [ -120.4766035, 46.540849 ], [ -120.4760815, 46.5403975 ], [ -120.4760626, 46.5403811 ], [ -120.4760176, 46.5403422 ], [ -120.4759374, 46.5403864 ], [ -120.4751101, 46.540842 ], [ -120.4748397, 46.5420693 ], [ -120.4747453, 46.5424976 ], [ -120.4732192, 46.5424956 ], [ -120.4725012, 46.5424947 ], [ -120.4715337, 46.5424712 ], [ -120.4714604, 46.5424695 ], [ -120.4713331, 46.5424664 ], [ -120.4712409, 46.5424641 ], [ -120.4711611, 46.5424622 ], [ -120.4711607, 46.5424697 ], [ -120.4711578, 46.5425168 ], [ -120.471037, 46.5445036 ], [ -120.4710069, 46.545445 ], [ -120.4709491, 46.5472573 ], [ -120.4709379, 46.5478238 ], [ -120.470906, 46.5493671 ], [ -120.4708697, 46.5511257 ], [ -120.4708277, 46.5531561 ], [ -120.4709587, 46.5531573 ], [ -120.471578, 46.5531634 ], [ -120.4715311, 46.5533775 ], [ -120.4722665, 46.5534518 ], [ -120.4723304, 46.5534582 ], [ -120.4723277, 46.5534703 ], [ -120.472318, 46.5535143 ], [ -120.4715374, 46.557056 ], [ -120.4715249, 46.5571128 ], [ -120.4714776, 46.5571123 ], [ -120.4714462, 46.557112 ], [ -120.4708872, 46.557106 ], [ -120.4708753, 46.5571059 ], [ -120.4708233, 46.5571054 ], [ -120.4671298, 46.5570662 ], [ -120.4664427, 46.5570589 ], [ -120.4664421, 46.5570166 ], [ -120.466987, 46.556523 ], [ -120.4678557, 46.5562089 ], [ -120.468605, 46.5559256 ], [ -120.4690082, 46.5554548 ], [ -120.4691697, 46.5549072 ], [ -120.468854, 46.5544829 ], [ -120.4680049, 46.5540521 ], [ -120.4678884, 46.5537822 ], [ -120.4682714, 46.5533018 ], [ -120.4682735, 46.5532763 ], [ -120.4683611, 46.5530127 ], [ -120.4684083, 46.5529551 ], [ -120.4684647, 46.5527674 ], [ -120.4689649, 46.5522835 ], [ -120.4692983, 46.5518139 ], [ -120.4694015, 46.5516091 ], [ -120.4694792, 46.5513839 ], [ -120.4698456, 46.551205 ], [ -120.4700753, 46.5507275 ], [ -120.470159, 46.5498678 ], [ -120.4701489, 46.5485714 ], [ -120.4701889, 46.5471277 ], [ -120.470127, 46.5461061 ], [ -120.470049, 46.5449597 ], [ -120.4698022, 46.5444317 ], [ -120.4695908, 46.5438979 ], [ -120.4693029, 46.5433185 ], [ -120.4690031, 46.5421847 ], [ -120.4688328, 46.5419183 ], [ -120.4689134, 46.5418278 ], [ -120.4690862, 46.5413942 ], [ -120.4689858, 46.5408541 ], [ -120.4686364, 46.5403078 ], [ -120.4687558, 46.5400905 ], [ -120.4689322, 46.5399275 ], [ -120.469129, 46.5397108 ], [ -120.469352, 46.5394174 ], [ -120.4695901, 46.5391179 ], [ -120.4698445, 46.5388494 ], [ -120.4702806, 46.5386746 ], [ -120.4705506, 46.5384224 ], [ -120.4707682, 46.5380047 ], [ -120.4709727, 46.5376008 ], [ -120.470881, 46.5373883 ], [ -120.4708652, 46.5373516 ] ] ], [ [ [ -120.4679545, 46.551666 ], [ -120.4677865, 46.5516987 ], [ -120.4677966, 46.551616 ], [ -120.4676767, 46.5515183 ], [ -120.4674416, 46.5513675 ], [ -120.4673087, 46.5511617 ], [ -120.4673101, 46.5510171 ], [ -120.4670475, 46.5507407 ], [ -120.4669187, 46.5505188 ], [ -120.4669417, 46.5504856 ], [ -120.4676531, 46.5503126 ], [ -120.4676651, 46.550328 ], [ -120.4682071, 46.5505302 ], [ -120.4685375, 46.5505687 ], [ -120.4687396, 46.5505377 ], [ -120.468962, 46.5505133 ], [ -120.4690851, 46.5505358 ], [ -120.4689797, 46.5507878 ], [ -120.4688817, 46.5509693 ], [ -120.4686443, 46.5511193 ], [ -120.4685388, 46.5512981 ], [ -120.4684739, 46.5514396 ], [ -120.4683312, 46.551532 ], [ -120.4682033, 46.5516297 ], [ -120.4679545, 46.551666 ] ] ], [ [ [ -120.4672715, 46.5520198 ], [ -120.4669833, 46.5515932 ], [ -120.4668957, 46.5513401 ], [ -120.4670186, 46.551464 ], [ -120.4673539, 46.551984 ], [ -120.4672769, 46.5520139 ], [ -120.4672715, 46.5520198 ] ] ], [ [ [ -120.4680329, 46.5555659 ], [ -120.4672762, 46.5559199 ], [ -120.4666907, 46.5561086 ], [ -120.4667315, 46.5560381 ], [ -120.467442, 46.5544399 ], [ -120.4676462, 46.5543187 ], [ -120.4683165, 46.5549059 ], [ -120.4680329, 46.5555659 ] ] ], [ [ [ -120.3684169, 46.553951 ], [ -120.368417, 46.5551375 ], [ -120.3681626, 46.555137 ], [ -120.3681626, 46.5551371 ], [ -120.3681481, 46.5557502 ], [ -120.3682074, 46.5557502 ], [ -120.3684025, 46.5557505 ], [ -120.3684017, 46.5559584 ], [ -120.3684012, 46.5560782 ], [ -120.3684001, 46.5563427 ], [ -120.3683977, 46.5569518 ], [ -120.37187, 46.5569386 ], [ -120.3718613, 46.5595472 ], [ -120.3718527, 46.5621408 ], [ -120.3719049, 46.562141 ], [ -120.3749976, 46.562152 ], [ -120.3752218, 46.5621522 ], [ -120.3752775, 46.5621523 ], [ -120.3752802, 46.5619834 ], [ -120.37529, 46.5613703 ], [ -120.3752934, 46.5611598 ], [ -120.375962, 46.5611578 ], [ -120.3760256, 46.5611374 ], [ -120.376074, 46.5611218 ], [ -120.3761342, 46.5611025 ], [ -120.3761911, 46.5610843 ], [ -120.3764383, 46.5610784 ], [ -120.3764836, 46.5610773 ], [ -120.3765491, 46.5610757 ], [ -120.3782539, 46.561035 ], [ -120.378659, 46.5610254 ], [ -120.3788434, 46.5610262 ], [ -120.3786182, 46.561052 ], [ -120.378467, 46.5610566 ], [ -120.3767861, 46.5611458 ], [ -120.3766828, 46.5611541 ], [ -120.3765916, 46.5611692 ], [ -120.3765369, 46.5611809 ], [ -120.3753891, 46.5620569 ], [ -120.3752716, 46.5622224 ], [ -120.3752711, 46.5624374 ], [ -120.3753186, 46.5625083 ], [ -120.375375, 46.5625902 ], [ -120.3752286, 46.5626751 ], [ -120.3749596, 46.5626761 ], [ -120.3748965, 46.562624 ], [ -120.3747918, 46.5626086 ], [ -120.3724388, 46.5626038 ], [ -120.3706657, 46.5626018 ], [ -120.3667307, 46.5625904 ], [ -120.3615455, 46.5626201 ], [ -120.3614461, 46.5626171 ], [ -120.3613844, 46.5626173 ], [ -120.3613853, 46.5625181 ], [ -120.3613854, 46.5624495 ], [ -120.3613867, 46.5619697 ], [ -120.361391, 46.5604011 ], [ -120.3613924, 46.559324 ], [ -120.3613932, 46.5568759 ], [ -120.3613565, 46.5567439 ], [ -120.3613607, 46.55564 ], [ -120.3613705, 46.5530899 ], [ -120.3613693, 46.5523522 ], [ -120.3611914, 46.5523472 ], [ -120.3611934, 46.5518358 ], [ -120.3612134, 46.5513065 ], [ -120.3612315, 46.5512273 ], [ -120.361252, 46.5510868 ], [ -120.3612609, 46.5497088 ], [ -120.361084, 46.5495726 ], [ -120.3613068, 46.5493388 ], [ -120.3639283, 46.5493295 ], [ -120.3639281, 46.5492822 ], [ -120.3691697, 46.5492557 ], [ -120.374918, 46.5492076 ], [ -120.3751181, 46.5493066 ], [ -120.3798113, 46.5492856 ], [ -120.3798113, 46.5492873 ], [ -120.3798106, 46.5496608 ], [ -120.3798105, 46.5497009 ], [ -120.3768888, 46.5497068 ], [ -120.3754272, 46.5497098 ], [ -120.3711092, 46.5497144 ], [ -120.3683864, 46.549633 ], [ -120.3683883, 46.5496917 ], [ -120.3684583, 46.5519158 ], [ -120.3684645, 46.5521131 ], [ -120.3684706, 46.5523068 ], [ -120.3684736, 46.5524019 ], [ -120.3684974, 46.5531571 ], [ -120.3684168, 46.5531602 ], [ -120.3684169, 46.553951 ] ] ], [ [ [ -120.4643405, 46.5609578 ], [ -120.4643387, 46.5610761 ], [ -120.4643078, 46.5610906 ], [ -120.4639163, 46.5613905 ], [ -120.4639459, 46.5613316 ], [ -120.4643442, 46.5607174 ], [ -120.4643405, 46.5609578 ] ] ], [ [ [ -120.4633107, 46.5632461 ], [ -120.4633391, 46.5638618 ], [ -120.4633383, 46.5638767 ], [ -120.4632655, 46.5637703 ], [ -120.4632093, 46.5630873 ], [ -120.4632989, 46.5628064 ], [ -120.4633033, 46.5629339 ], [ -120.4633107, 46.5632461 ] ] ], [ [ [ -120.38242, 46.563039 ], [ -120.3824592, 46.5652427 ], [ -120.3824728, 46.5660104 ], [ -120.3825399, 46.5697825 ], [ -120.3821896, 46.5697817 ], [ -120.381394, 46.5697832 ], [ -120.3804203, 46.5697834 ], [ -120.3789511, 46.5697837 ], [ -120.3787484, 46.5697806 ], [ -120.3787581, 46.5697251 ], [ -120.3787691, 46.5696716 ], [ -120.3787695, 46.5696167 ], [ -120.3787491, 46.5695643 ], [ -120.3784988, 46.5686417 ], [ -120.3784868, 46.5685647 ], [ -120.3784865, 46.5684872 ], [ -120.3784979, 46.5684102 ], [ -120.3785137, 46.5683531 ], [ -120.3785336, 46.5683033 ], [ -120.378569, 46.5682375 ], [ -120.3786247, 46.5681749 ], [ -120.3789632, 46.5677129 ], [ -120.378989, 46.5676406 ], [ -120.3789944, 46.5675848 ], [ -120.3789867, 46.5675323 ], [ -120.3789688, 46.5674809 ], [ -120.3788618, 46.5673141 ], [ -120.3788413, 46.5672658 ], [ -120.3788314, 46.5672206 ], [ -120.3788174, 46.5670637 ], [ -120.3787534, 46.5664011 ], [ -120.3787568, 46.5663406 ], [ -120.3787852, 46.5662623 ], [ -120.3788404, 46.5661911 ], [ -120.3789153, 46.5661336 ], [ -120.3789915, 46.5660953 ], [ -120.3790643, 46.5660722 ], [ -120.379416, 46.5660469 ], [ -120.3794871, 46.56604 ], [ -120.3795598, 46.5660276 ], [ -120.3796302, 46.56601 ], [ -120.3796866, 46.5659915 ], [ -120.3797509, 46.565965 ], [ -120.3798011, 46.5659394 ], [ -120.3798479, 46.5659109 ], [ -120.3798991, 46.5658732 ], [ -120.3799372, 46.5658391 ], [ -120.379977, 46.5657953 ], [ -120.3800099, 46.5657489 ], [ -120.3800319, 46.5657086 ], [ -120.3800486, 46.5656671 ], [ -120.3800618, 46.5656162 ], [ -120.3800671, 46.5655647 ], [ -120.3800655, 46.5655205 ], [ -120.379976, 46.5646296 ], [ -120.379957, 46.5645784 ], [ -120.3799315, 46.5645423 ], [ -120.3794028, 46.5639509 ], [ -120.3793704, 46.5639125 ], [ -120.3793396, 46.5638714 ], [ -120.3793135, 46.5638314 ], [ -120.379289, 46.5637883 ], [ -120.3792679, 46.5637443 ], [ -120.379251, 46.563702 ], [ -120.3792365, 46.5636568 ], [ -120.3792256, 46.5636113 ], [ -120.3791858, 46.5634088 ], [ -120.3791871, 46.5633521 ], [ -120.3792046, 46.563298 ], [ -120.3792273, 46.56326 ], [ -120.37926, 46.5632239 ], [ -120.3800184, 46.5625787 ], [ -120.3801071, 46.5625039 ], [ -120.3801943, 46.562438 ], [ -120.3804209, 46.5622428 ], [ -120.3804681, 46.562199 ], [ -120.3805108, 46.5621531 ], [ -120.3805488, 46.5621053 ], [ -120.3805818, 46.5620557 ], [ -120.3806098, 46.5620047 ], [ -120.3806325, 46.5619524 ], [ -120.3806531, 46.5618858 ], [ -120.3806639, 46.5618317 ], [ -120.3806713, 46.561777 ], [ -120.3806749, 46.5617225 ], [ -120.3806741, 46.5616588 ], [ -120.3806681, 46.561595 ], [ -120.380655, 46.5615231 ], [ -120.3806349, 46.5614554 ], [ -120.3806083, 46.5613807 ], [ -120.3805894, 46.5613007 ], [ -120.3805895, 46.5613007 ], [ -120.3807735, 46.561429 ], [ -120.3808228, 46.5615099 ], [ -120.38084, 46.5615381 ], [ -120.3808716, 46.5615899 ], [ -120.3808907, 46.5616212 ], [ -120.3808907, 46.5616213 ], [ -120.3808484, 46.5618306 ], [ -120.3808377, 46.5618835 ], [ -120.3808117, 46.5619168 ], [ -120.3807838, 46.5619526 ], [ -120.3807597, 46.5619834 ], [ -120.3806482, 46.5621263 ], [ -120.3806482, 46.5621264 ], [ -120.3802378, 46.5625839 ], [ -120.3811695, 46.5625849 ], [ -120.3811708, 46.5625849 ], [ -120.3820856, 46.5625858 ], [ -120.382412, 46.5625862 ], [ -120.382413, 46.5626452 ], [ -120.38242, 46.563039 ] ] ], [ [ [ -120.4631189, 46.5664269 ], [ -120.4633029, 46.5664617 ], [ -120.4631821, 46.566347 ], [ -120.4632755, 46.5662228 ], [ -120.4634441, 46.5659985 ], [ -120.4636234, 46.565448 ], [ -120.4637, 46.5653179 ], [ -120.4642281, 46.5664978 ], [ -120.464129, 46.5670586 ], [ -120.4640281, 46.5676295 ], [ -120.463523, 46.5680257 ], [ -120.4629545, 46.5684715 ], [ -120.4622555, 46.5688214 ], [ -120.4620628, 46.5689803 ], [ -120.4623573, 46.5681404 ], [ -120.463094, 46.5664821 ], [ -120.4631189, 46.5664269 ] ] ], [ [ [ -120.4644646, 46.5647743 ], [ -120.4641077, 46.5642033 ], [ -120.4640244, 46.5634775 ], [ -120.4641315, 46.5627459 ], [ -120.4642326, 46.5622581 ], [ -120.4643222, 46.5621476 ], [ -120.4643109, 46.5628843 ], [ -120.4644953, 46.5628894 ], [ -120.4645057, 46.5628897 ], [ -120.4649861, 46.5629032 ], [ -120.4654494, 46.5629161 ], [ -120.4655742, 46.5629196 ], [ -120.4655771, 46.5630033 ], [ -120.4656827, 46.5660505 ], [ -120.4657011, 46.56658 ], [ -120.4669792, 46.5665982 ], [ -120.4723453, 46.5666744 ], [ -120.4725869, 46.5666778 ], [ -120.4725257, 46.5682002 ], [ -120.4725257, 46.5682019 ], [ -120.4724418, 46.5702878 ], [ -120.4715842, 46.5702708 ], [ -120.4714975, 46.5702709 ], [ -120.4713232, 46.5702712 ], [ -120.4713231, 46.5702712 ], [ -120.4713236, 46.5704177 ], [ -120.4713243, 46.5706789 ], [ -120.4709709, 46.5706818 ], [ -120.4709712, 46.5705763 ], [ -120.4709716, 46.5704004 ], [ -120.4693254, 46.5703977 ], [ -120.4669276, 46.5703937 ], [ -120.4666111, 46.5706825 ], [ -120.4664415, 46.5709306 ], [ -120.4663636, 46.5710446 ], [ -120.4661561, 46.5718174 ], [ -120.4661029, 46.5720153 ], [ -120.4657393, 46.5738903 ], [ -120.4657337, 46.5738902 ], [ -120.4617882, 46.573834 ], [ -120.4617277, 46.5736024 ], [ -120.4616198, 46.5731892 ], [ -120.4614746, 46.5726331 ], [ -120.4616857, 46.5721123 ], [ -120.4615638, 46.5718516 ], [ -120.4617077, 46.5716345 ], [ -120.4617075, 46.5715039 ], [ -120.46166, 46.5713553 ], [ -120.4620809, 46.5707881 ], [ -120.4620809, 46.5711747 ], [ -120.4620017, 46.5714745 ], [ -120.4619859, 46.5720232 ], [ -120.4619623, 46.5722296 ], [ -120.4619861, 46.5723245 ], [ -120.4621293, 46.5723413 ], [ -120.4622401, 46.5722358 ], [ -120.4623039, 46.5720437 ], [ -120.4623439, 46.5717746 ], [ -120.4624313, 46.5713806 ], [ -120.4623675, 46.570767 ], [ -120.4623677, 46.5705556 ], [ -120.4623197, 46.5702711 ], [ -120.4623185, 46.5702213 ], [ -120.4623183, 46.5702113 ], [ -120.4624545, 46.5701646 ], [ -120.4624801, 46.5699297 ], [ -120.4624996, 46.5697514 ], [ -120.462735, 46.569556 ], [ -120.4632875, 46.5690976 ], [ -120.4636899, 46.5687637 ], [ -120.464177, 46.5683595 ], [ -120.4646308, 46.56787 ], [ -120.4651869, 46.5672703 ], [ -120.4654397, 46.5668003 ], [ -120.4652641, 46.5663074 ], [ -120.4650844, 46.5658033 ], [ -120.464792, 46.5653463 ], [ -120.4644646, 46.5647743 ] ] ], [ [ [ -120.4037319, 46.5699218 ], [ -120.4037325, 46.5699562 ], [ -120.4037492, 46.570924 ], [ -120.4037619, 46.5716608 ], [ -120.4037624, 46.5716871 ], [ -120.4040166, 46.571688 ], [ -120.4065261, 46.571697 ], [ -120.4085972, 46.5717043 ], [ -120.4090976, 46.5717061 ], [ -120.4092388, 46.5717066 ], [ -120.4093136, 46.5717069 ], [ -120.40933, 46.5717069 ], [ -120.4093408, 46.5767906 ], [ -120.4093512, 46.5771809 ], [ -120.4092561, 46.5771809 ], [ -120.4091717, 46.5771809 ], [ -120.4086307, 46.5771807 ], [ -120.4079278, 46.5771804 ], [ -120.4066627, 46.5771799 ], [ -120.4065438, 46.5771798 ], [ -120.4052147, 46.5771861 ], [ -120.4041107, 46.5771925 ], [ -120.4037114, 46.5771922 ], [ -120.4030785, 46.5771848 ], [ -120.4023467, 46.5771842 ], [ -120.4018297, 46.5771906 ], [ -120.4012823, 46.5771901 ], [ -120.4005694, 46.5771895 ], [ -120.3986356, 46.5771886 ], [ -120.3986358, 46.5769935 ], [ -120.3986322, 46.5765208 ], [ -120.3986321, 46.5764724 ], [ -120.3986275, 46.5734487 ], [ -120.3972914, 46.5734446 ], [ -120.3959693, 46.573451 ], [ -120.3933319, 46.5734471 ], [ -120.3933313, 46.5734076 ], [ -120.3932055, 46.5734074 ], [ -120.3906934, 46.5734024 ], [ -120.3906384, 46.5708688 ], [ -120.3906174, 46.5699015 ], [ -120.3933508, 46.5699026 ], [ -120.3933962, 46.5699027 ], [ -120.394072, 46.5699029 ], [ -120.3946615, 46.5699031 ], [ -120.3947775, 46.5699031 ], [ -120.3952377, 46.5699033 ], [ -120.3956374, 46.5699034 ], [ -120.39625, 46.5699036 ], [ -120.3968519, 46.5699037 ], [ -120.397254, 46.5699039 ], [ -120.3994158, 46.5699045 ], [ -120.3999007, 46.5699046 ], [ -120.4036391, 46.5699056 ], [ -120.4036973, 46.5699056 ], [ -120.4037317, 46.5699056 ], [ -120.4037319, 46.5699218 ] ] ], [ [ [ -119.876794, 46.1981103 ], [ -119.8765806, 46.1981084 ], [ -119.8762622, 46.1981057 ], [ -119.8761835, 46.198105 ], [ -119.876104, 46.1981456 ], [ -119.8736081, 46.1981484 ], [ -119.8723642, 46.1981497 ], [ -119.8723675, 46.1984871 ], [ -119.871736, 46.1980248 ], [ -119.8717286, 46.1964625 ], [ -119.8769102, 46.196521 ], [ -119.8769287, 46.1997026 ], [ -119.876894, 46.1997025 ], [ -119.876801, 46.1997024 ], [ -119.876794, 46.1981103 ] ] ], [ [ [ -119.9865987, 46.1965744 ], [ -119.9839978, 46.196548 ], [ -119.9840639, 46.1929361 ], [ -119.9857249, 46.1929537 ], [ -119.9865828, 46.1931408 ], [ -119.9867935, 46.1931697 ], [ -119.9869708, 46.1931623 ], [ -119.9871257, 46.193117 ], [ -119.9872712, 46.1930618 ], [ -119.9873998, 46.1929714 ], [ -119.9883005, 46.1929809 ], [ -119.988453, 46.19309 ], [ -119.9886007, 46.1931663 ], [ -119.9887552, 46.1932257 ], [ -119.9889242, 46.193203 ], [ -119.9891546, 46.193111 ], [ -119.9893209, 46.1930479 ], [ -119.9894254, 46.1929928 ], [ -119.9907507, 46.1930068 ], [ -119.9908865, 46.1930694 ], [ -119.9913758, 46.1933037 ], [ -119.9915681, 46.1933566 ], [ -119.9918053, 46.1933783 ], [ -119.9920315, 46.1933793 ], [ -119.9920289, 46.1934948 ], [ -119.9921878, 46.1934915 ], [ -119.992322, 46.1934991 ], [ -119.9923775, 46.1935223 ], [ -119.992456, 46.1935287 ], [ -119.9927352, 46.1935951 ], [ -119.9930559, 46.1936133 ], [ -119.9932285, 46.1935784 ], [ -119.9933753, 46.193507 ], [ -119.9934693, 46.1934766 ], [ -119.9937313, 46.1934405 ], [ -119.9939153, 46.1934456 ], [ -119.9944672, 46.1935048 ], [ -119.9948357, 46.1935772 ], [ -119.9956663, 46.1936987 ], [ -119.9963602, 46.1937631 ], [ -119.9968967, 46.1938331 ], [ -119.9970013, 46.1938354 ], [ -119.997479, 46.1937925 ], [ -119.9984545, 46.1936699 ], [ -119.9989159, 46.1936309 ], [ -119.999183, 46.1935724 ], [ -119.9992953, 46.1935113 ], [ -119.999345, 46.1934531 ], [ -119.9995248, 46.1930642 ], [ -119.9995504, 46.1957141 ], [ -119.9959389, 46.195784 ], [ -119.9959846, 46.1974382 ], [ -119.9960711, 46.2003013 ], [ -119.9982792, 46.2002694 ], [ -119.9982441, 46.2037665 ], [ -119.9981426, 46.2037573 ], [ -119.9981203, 46.2037572 ], [ -119.9980739, 46.2037568 ], [ -119.9919378, 46.2037071 ], [ -119.9919361, 46.2038809 ], [ -119.9868286, 46.2038499 ], [ -119.9868308, 46.2039132 ], [ -119.9868316, 46.2039377 ], [ -119.9852789, 46.2039245 ], [ -119.9842158, 46.2039155 ], [ -119.9817157, 46.203897 ], [ -119.9817189, 46.2034352 ], [ -119.9817326, 46.2014788 ], [ -119.9828694, 46.2014904 ], [ -119.9828719, 46.2012272 ], [ -119.9836231, 46.2012373 ], [ -119.9852069, 46.2012586 ], [ -119.9868195, 46.2012802 ], [ -119.9868191, 46.2003534 ], [ -119.9891371, 46.2003974 ], [ -119.9891392, 46.2002358 ], [ -119.9891669, 46.1985952 ], [ -119.9920225, 46.1986279 ], [ -119.9920258, 46.196632 ], [ -119.9920321, 46.1957631 ], [ -119.9866152, 46.1957085 ], [ -119.9865987, 46.1965744 ] ] ], [ [ [ -120.0014901, 46.2057215 ], [ -120.0013337, 46.2056828 ], [ -120.0010929, 46.2056286 ], [ -120.0014988, 46.2048146 ], [ -120.0014903, 46.2047243 ], [ -120.0014922, 46.2045104 ], [ -120.0014296, 46.2042262 ], [ -120.0013423, 46.2040571 ], [ -120.0011364, 46.2037666 ], [ -120.0013785, 46.2037649 ], [ -120.0021936, 46.2037583 ], [ -120.0040404, 46.2037435 ], [ -120.0042083, 46.2037421 ], [ -120.0035348, 46.2050904 ], [ -120.0043537, 46.2052922 ], [ -120.0051754, 46.2054912 ], [ -120.0053198, 46.2055341 ], [ -120.0048214, 46.2065449 ], [ -120.0014901, 46.2057215 ] ] ], [ [ [ -119.9871041, 46.2096002 ], [ -119.9876802, 46.2097592 ], [ -119.9875129, 46.2097243 ], [ -119.9871051, 46.209639 ], [ -119.9870885, 46.2107337 ], [ -119.9870806, 46.2112603 ], [ -119.9871803, 46.2112623 ], [ -119.987182, 46.2113425 ], [ -119.9871838, 46.2114273 ], [ -119.9869067, 46.2114241 ], [ -119.9817055, 46.2113181 ], [ -119.9814878, 46.2113195 ], [ -119.9814846, 46.2112126 ], [ -119.9814945, 46.2106367 ], [ -119.9815002, 46.2094057 ], [ -119.9815084, 46.2084431 ], [ -119.9815172, 46.2083033 ], [ -119.9815187, 46.2081535 ], [ -119.9817835, 46.2082325 ], [ -119.9830533, 46.208561 ], [ -119.9857815, 46.2092669 ], [ -119.9871041, 46.2096002 ] ] ], [ [ [ -119.9982159, 46.2188896 ], [ -119.9982219, 46.2187244 ], [ -119.9996329, 46.2187326 ], [ -119.9996842, 46.2187329 ], [ -119.999736, 46.2187332 ], [ -119.9996913, 46.2221022 ], [ -119.9983502, 46.2221017 ], [ -119.9970464, 46.2220959 ], [ -119.9957427, 46.2220902 ], [ -119.9950118, 46.2220869 ], [ -119.9944389, 46.2220844 ], [ -119.9937084, 46.2220813 ], [ -119.9929775, 46.2220781 ], [ -119.9924046, 46.2220755 ], [ -119.9918318, 46.2220729 ], [ -119.9892825, 46.2220615 ], [ -119.989212, 46.2274309 ], [ -119.9883527, 46.2274278 ], [ -119.9866001, 46.2274216 ], [ -119.9866002, 46.2274606 ], [ -119.9866002, 46.2274927 ], [ -119.9866032, 46.2288913 ], [ -119.9866039, 46.2292338 ], [ -119.9892134, 46.2292433 ], [ -119.9900101, 46.2292463 ], [ -119.9911193, 46.2292504 ], [ -119.9911178, 46.2294137 ], [ -119.9890358, 46.2294059 ], [ -119.9890348, 46.2295052 ], [ -119.9877343, 46.2294995 ], [ -119.9865278, 46.2294848 ], [ -119.983964, 46.2294593 ], [ -119.9840013, 46.2292388 ], [ -119.984034, 46.2273125 ], [ -119.9840529, 46.2262006 ], [ -119.9840615, 46.2256946 ], [ -119.9837713, 46.2256953 ], [ -119.9837739, 46.2256417 ], [ -119.9837793, 46.2247633 ], [ -119.9837843, 46.2242351 ], [ -119.9837876, 46.2238839 ], [ -119.9837909, 46.2235327 ], [ -119.9837942, 46.2231815 ], [ -119.9837959, 46.2230064 ], [ -119.9838009, 46.2224791 ], [ -119.9837925, 46.2222148 ], [ -119.9838027, 46.2220209 ], [ -119.9838054, 46.2216659 ], [ -119.9838104, 46.2211405 ], [ -119.9838154, 46.2206123 ], [ -119.983822, 46.2199099 ], [ -119.9838253, 46.2195587 ], [ -119.9838307, 46.2189803 ], [ -119.9838312, 46.2185086 ], [ -119.9838323, 46.2183989 ], [ -119.9838377, 46.2175205 ], [ -119.983846, 46.2166411 ], [ -119.9838571, 46.2157609 ], [ -119.9838615, 46.214886 ], [ -119.9840262, 46.2148848 ], [ -119.9840024, 46.2174131 ], [ -119.9839931, 46.2183969 ], [ -119.9852569, 46.2184014 ], [ -119.986525, 46.2184058 ], [ -119.9877923, 46.2184102 ], [ -119.9890607, 46.2184147 ], [ -119.9891941, 46.2184151 ], [ -119.9892668, 46.2184154 ], [ -119.9892666, 46.2184695 ], [ -119.9892662, 46.2185677 ], [ -119.9918101, 46.2185734 ], [ -119.9918186, 46.2186443 ], [ -119.991821, 46.2186647 ], [ -119.991824, 46.2186899 ], [ -119.9968741, 46.2187096 ], [ -119.9969038, 46.2192309 ], [ -119.9969096, 46.2193331 ], [ -119.9969934, 46.2193312 ], [ -119.9970741, 46.2193294 ], [ -119.9979516, 46.2193482 ], [ -119.9981988, 46.2193534 ], [ -119.9982159, 46.2188896 ] ] ], [ [ [ -119.9008763, 46.2422367 ], [ -119.9010581, 46.2423254 ], [ -119.9010498, 46.2428487 ], [ -119.9010468, 46.2430348 ], [ -119.9010444, 46.2431884 ], [ -119.9010419, 46.2433419 ], [ -119.9010395, 46.2434955 ], [ -119.9010371, 46.2436491 ], [ -119.9010343, 46.2438255 ], [ -119.9010341, 46.2438359 ], [ -119.9010318, 46.2439774 ], [ -119.9010312, 46.244016 ], [ -119.8998097, 46.244009 ], [ -119.899716, 46.2440085 ], [ -119.8997072, 46.2448144 ], [ -119.8996767, 46.2475903 ], [ -119.8990554, 46.247586 ], [ -119.8971489, 46.2475933 ], [ -119.8971459, 46.247489 ], [ -119.8971415, 46.2473302 ], [ -119.8970548, 46.2472662 ], [ -119.8957026, 46.2462679 ], [ -119.8957025, 46.2462679 ], [ -119.8957009, 46.2462679 ], [ -119.8952294, 46.2462721 ], [ -119.8951378, 46.2461817 ], [ -119.8951231, 46.2461673 ], [ -119.8951013, 46.2461762 ], [ -119.8948553, 46.2462775 ], [ -119.8948653, 46.2464929 ], [ -119.8949146, 46.2475598 ], [ -119.894817, 46.2475592 ], [ -119.8945118, 46.2475573 ], [ -119.8943643, 46.2475564 ], [ -119.8943603, 46.2470885 ], [ -119.8943522, 46.2461192 ], [ -119.894331, 46.243982 ], [ -119.8943685, 46.2438523 ], [ -119.894365, 46.2421811 ], [ -119.8943642, 46.241833 ], [ -119.8943582, 46.2402584 ], [ -119.8945717, 46.240241 ], [ -119.8950084, 46.2402387 ], [ -119.8997032, 46.2402212 ], [ -119.8996957, 46.2421423 ], [ -119.8996795, 46.2423161 ], [ -119.899957, 46.2422213 ], [ -119.9003157, 46.2420988 ], [ -119.9004697, 46.2420822 ], [ -119.9006808, 46.2421528 ], [ -119.9008763, 46.2422367 ] ] ], [ [ [ -119.9222687, 46.2371388 ], [ -119.9227338, 46.2373995 ], [ -119.9227321, 46.2375619 ], [ -119.9225158, 46.2379225 ], [ -119.9225996, 46.2380337 ], [ -119.9230227, 46.2382499 ], [ -119.9232861, 46.238517 ], [ -119.9235612, 46.2386734 ], [ -119.9239407, 46.2389928 ], [ -119.9241911, 46.2393757 ], [ -119.9241995, 46.2396501 ], [ -119.9241267, 46.2398071 ], [ -119.9239893, 46.2399309 ], [ -119.9236843, 46.240045 ], [ -119.9256875, 46.2406729 ], [ -119.9257712, 46.2406988 ], [ -119.9262829, 46.2408639 ], [ -119.928092, 46.2414465 ], [ -119.9285933, 46.2416081 ], [ -119.9295111, 46.2419038 ], [ -119.9298445, 46.2420111 ], [ -119.9304757, 46.2422144 ], [ -119.9306784, 46.2422477 ], [ -119.9311435, 46.2423242 ], [ -119.9316871, 46.2423558 ], [ -119.9317836, 46.2423458 ], [ -119.9319522, 46.2423282 ], [ -119.9325796, 46.2422829 ], [ -119.9329121, 46.2422414 ], [ -119.9334731, 46.2421713 ], [ -119.9348478, 46.2420234 ], [ -119.9352051, 46.242028 ], [ -119.9355716, 46.2420847 ], [ -119.9359405, 46.2421642 ], [ -119.936536, 46.2422189 ], [ -119.9365293, 46.2401849 ], [ -119.9367493, 46.2402145 ], [ -119.9381879, 46.2402064 ], [ -119.9418814, 46.2402085 ], [ -119.9418858, 46.2413535 ], [ -119.9418892, 46.2422629 ], [ -119.9418926, 46.2423099 ], [ -119.9419035, 46.2424581 ], [ -119.9419339, 46.2438608 ], [ -119.9429818, 46.2438558 ], [ -119.9429264, 46.2453987 ], [ -119.9429248, 46.2455572 ], [ -119.9429162, 46.2462679 ], [ -119.9429144, 46.2464171 ], [ -119.9423538, 46.2464679 ], [ -119.9423523, 46.2466399 ], [ -119.9421594, 46.2466198 ], [ -119.9412481, 46.2466823 ], [ -119.9409313, 46.2466425 ], [ -119.9408351, 46.2466752 ], [ -119.9409744, 46.2467549 ], [ -119.9407654, 46.2469453 ], [ -119.9405968, 46.2472508 ], [ -119.9403652, 46.2473803 ], [ -119.9396804, 46.2477632 ], [ -119.9394288, 46.2478476 ], [ -119.9394184, 46.2491312 ], [ -119.9394086, 46.2500832 ], [ -119.9376475, 46.2500891 ], [ -119.9376414, 46.2506806 ], [ -119.9383094, 46.2506784 ], [ -119.938311, 46.2510815 ], [ -119.939395, 46.2510779 ], [ -119.9394104, 46.2512468 ], [ -119.9394123, 46.2520466 ], [ -119.9394142, 46.2528692 ], [ -119.9394058, 46.2536919 ], [ -119.939402, 46.2540655 ], [ -119.939394, 46.2548436 ], [ -119.9393869, 46.2555407 ], [ -119.9394646, 46.2557141 ], [ -119.9394632, 46.2569615 ], [ -119.9394573, 46.2570394 ], [ -119.9394512, 46.2575878 ], [ -119.9394502, 46.2576807 ], [ -119.9394431, 46.2583072 ], [ -119.939917, 46.2583 ], [ -119.9414217, 46.258255 ], [ -119.9418003, 46.2582436 ], [ -119.9424088, 46.2582608 ], [ -119.9425275, 46.2582641 ], [ -119.94446, 46.2583184 ], [ -119.9446708, 46.2583101 ], [ -119.9450591, 46.258298 ], [ -119.9455362, 46.258297 ], [ -119.9456572, 46.2582986 ], [ -119.9458565, 46.2583036 ], [ -119.9462546, 46.2583209 ], [ -119.9466489, 46.2583477 ], [ -119.946892, 46.2583627 ], [ -119.9471891, 46.2583843 ], [ -119.9472995, 46.258384 ], [ -119.9473004, 46.2585354 ], [ -119.9472997, 46.2586074 ], [ -119.9472977, 46.2588039 ], [ -119.9472927, 46.2588565 ], [ -119.9473088, 46.2597285 ], [ -119.9473099, 46.2620926 ], [ -119.9473105, 46.2647791 ], [ -119.9473037, 46.2650159 ], [ -119.9473006, 46.2651201 ], [ -119.9472853, 46.2657057 ], [ -119.9470927, 46.2657352 ], [ -119.9419497, 46.2657061 ], [ -119.9367867, 46.2657128 ], [ -119.9367673, 46.2693072 ], [ -119.9367575, 46.272136 ], [ -119.9367646, 46.2728327 ], [ -119.9365025, 46.2728317 ], [ -119.9364846, 46.2728316 ], [ -119.9348885, 46.2728252 ], [ -119.9348417, 46.272825 ], [ -119.9345661, 46.2728239 ], [ -119.9352029, 46.2723089 ], [ -119.9353799, 46.2721657 ], [ -119.9313595, 46.2720694 ], [ -119.9313538, 46.2720692 ], [ -119.9313543, 46.271896 ], [ -119.9313566, 46.2711015 ], [ -119.9313583, 46.2705355 ], [ -119.9313615, 46.2694507 ], [ -119.9313619, 46.269301 ], [ -119.9314783, 46.2693016 ], [ -119.9333676, 46.2693119 ], [ -119.9340003, 46.2693153 ], [ -119.9362273, 46.2693273 ], [ -119.9364883, 46.2693287 ], [ -119.9365023, 46.2693287 ], [ -119.9365093, 46.2675498 ], [ -119.9314721, 46.2675219 ], [ -119.9313689, 46.2675214 ], [ -119.931249, 46.2675215 ], [ -119.9270842, 46.2675254 ], [ -119.9269138, 46.2675255 ], [ -119.9266049, 46.267524 ], [ -119.9261299, 46.2675216 ], [ -119.9261297, 46.2675216 ], [ -119.9261233, 46.2674785 ], [ -119.9260295, 46.2674786 ], [ -119.9258731, 46.2674788 ], [ -119.9258731, 46.2674635 ], [ -119.9258732, 46.2674328 ], [ -119.9258739, 46.2672264 ], [ -119.9258747, 46.2669691 ], [ -119.925401, 46.2669689 ], [ -119.9250356, 46.2669336 ], [ -119.9250362, 46.2668033 ], [ -119.9250378, 46.2664734 ], [ -119.9250378, 46.26646 ], [ -119.9253354, 46.2664601 ], [ -119.9254825, 46.2664602 ], [ -119.9262172, 46.2664604 ], [ -119.9262649, 46.2664604 ], [ -119.926284, 46.2664604 ], [ -119.9262879, 46.2662189 ], [ -119.9262957, 46.2657381 ], [ -119.9292668, 46.2657447 ], [ -119.9312883, 46.2657491 ], [ -119.9313656, 46.2657493 ], [ -119.9313664, 46.2656775 ], [ -119.9342881, 46.2657004 ], [ -119.9365241, 46.2657179 ], [ -119.9365372, 46.2639163 ], [ -119.9365729, 46.2589801 ], [ -119.9365645, 46.2588495 ], [ -119.936561, 46.2587942 ], [ -119.9365576, 46.2587401 ], [ -119.9365418, 46.2584935 ], [ -119.9356607, 46.2584957 ], [ -119.9347903, 46.2584978 ], [ -119.9330771, 46.258502 ], [ -119.9330694, 46.258431 ], [ -119.9330741, 46.2579155 ], [ -119.9332835, 46.2573088 ], [ -119.9332847, 46.257307 ], [ -119.9334957, 46.2569887 ], [ -119.9347556, 46.2569719 ], [ -119.9355732, 46.256961 ], [ -119.9355794, 46.2563607 ], [ -119.9355855, 46.2557658 ], [ -119.9365698, 46.2557707 ], [ -119.9365733, 46.2557707 ], [ -119.9366526, 46.2557711 ], [ -119.9366519, 46.2557071 ], [ -119.9366493, 46.2554522 ], [ -119.9366358, 46.2541215 ], [ -119.9366348, 46.2540171 ], [ -119.9366314, 46.2536888 ], [ -119.9366259, 46.2531463 ], [ -119.9366069, 46.25127 ], [ -119.9365584, 46.2510786 ], [ -119.9365242, 46.2509433 ], [ -119.9365234, 46.25068 ], [ -119.9365201, 46.2495924 ], [ -119.9365198, 46.2494823 ], [ -119.9365188, 46.2491295 ], [ -119.9365172, 46.2485908 ], [ -119.9365148, 46.2477839 ], [ -119.9365143, 46.2476468 ], [ -119.9365142, 46.2476051 ], [ -119.9365139, 46.2474824 ], [ -119.9365137, 46.2474174 ], [ -119.9365136, 46.2473789 ], [ -119.9365135, 46.2473527 ], [ -119.9365143, 46.2471956 ], [ -119.9365147, 46.2471139 ], [ -119.9365166, 46.2467406 ], [ -119.9365168, 46.2467165 ], [ -119.9365172, 46.2466318 ], [ -119.9363461, 46.2466346 ], [ -119.9360352, 46.2466398 ], [ -119.9355706, 46.2466475 ], [ -119.935314, 46.2466239 ], [ -119.9353138, 46.2466239 ], [ -119.9352133, 46.2466147 ], [ -119.9350589, 46.2466005 ], [ -119.9348916, 46.2465852 ], [ -119.9341368, 46.2464594 ], [ -119.9341259, 46.2464576 ], [ -119.9333887, 46.2462761 ], [ -119.9331596, 46.2462059 ], [ -119.9331278, 46.2461962 ], [ -119.9330809, 46.2461818 ], [ -119.9330553, 46.2461725 ], [ -119.9330028, 46.2461534 ], [ -119.9329146, 46.2461213 ], [ -119.9328856, 46.2461107 ], [ -119.9326956, 46.2460412 ], [ -119.9323329, 46.2458738 ], [ -119.9321188, 46.2457505 ], [ -119.9320384, 46.2457042 ], [ -119.9320177, 46.2456916 ], [ -119.9319598, 46.2456562 ], [ -119.9319442, 46.2456708 ], [ -119.9319153, 46.2456976 ], [ -119.9319082, 46.2457042 ], [ -119.9318574, 46.2457463 ], [ -119.931748, 46.2458352 ], [ -119.9299654, 46.2472828 ], [ -119.9298333, 46.2473901 ], [ -119.9298271, 46.2473892 ], [ -119.9270804, 46.2469812 ], [ -119.927055, 46.2469774 ], [ -119.9270557, 46.2481344 ], [ -119.9269028, 46.2481239 ], [ -119.9267713, 46.248115 ], [ -119.9261305, 46.2480713 ], [ -119.9251546, 46.2480655 ], [ -119.9237468, 46.248057 ], [ -119.9237455, 46.248057 ], [ -119.9235351, 46.2480558 ], [ -119.923069, 46.248053 ], [ -119.9229898, 46.2480526 ], [ -119.9228235, 46.2480516 ], [ -119.9225749, 46.2480501 ], [ -119.9222889, 46.2480484 ], [ -119.9225813, 46.2477969 ], [ -119.9226605, 46.2478487 ], [ -119.9228859, 46.2476141 ], [ -119.9229551, 46.2475421 ], [ -119.9230783, 46.2474139 ], [ -119.9230821, 46.2470573 ], [ -119.9230833, 46.2469405 ], [ -119.9230857, 46.2467081 ], [ -119.9230877, 46.2465174 ], [ -119.9230894, 46.2463623 ], [ -119.9230908, 46.2462282 ], [ -119.9230928, 46.2460362 ], [ -119.9230932, 46.2459959 ], [ -119.9230958, 46.2457524 ], [ -119.9230969, 46.2456523 ], [ -119.9230987, 46.2454772 ], [ -119.9231022, 46.2451446 ], [ -119.9231029, 46.2450764 ], [ -119.923105, 46.2448818 ], [ -119.9231071, 46.2446844 ], [ -119.9231101, 46.2443967 ], [ -119.923068, 46.2443416 ], [ -119.9230698, 46.2441692 ], [ -119.9231582, 46.2440762 ], [ -119.9231652, 46.2440687 ], [ -119.9231653, 46.2440687 ], [ -119.9231747, 46.2440588 ], [ -119.9234075, 46.2438028 ], [ -119.920891, 46.2438219 ], [ -119.9208911, 46.2438856 ], [ -119.920102, 46.243889 ], [ -119.9200503, 46.2438892 ], [ -119.9193103, 46.2438923 ], [ -119.9191005, 46.2438832 ], [ -119.9190246, 46.2438498 ], [ -119.9189784, 46.2438135 ], [ -119.9189406, 46.2437785 ], [ -119.9189149, 46.2437333 ], [ -119.9188964, 46.2436924 ], [ -119.9189131, 46.2436251 ], [ -119.9189324, 46.2435722 ], [ -119.918952, 46.2435184 ], [ -119.919003, 46.2434038 ], [ -119.9190225, 46.2433598 ], [ -119.9190485, 46.2433149 ], [ -119.919069, 46.2432796 ], [ -119.9190845, 46.2432528 ], [ -119.9191174, 46.2432003 ], [ -119.9191732, 46.2431301 ], [ -119.919175, 46.2431279 ], [ -119.9192305, 46.2430627 ], [ -119.919323, 46.2429743 ], [ -119.9193538, 46.2429448 ], [ -119.9194154, 46.2428978 ], [ -119.9194875, 46.2428429 ], [ -119.9196856, 46.2428458 ], [ -119.9198852, 46.2428488 ], [ -119.9200549, 46.2426977 ], [ -119.9204335, 46.2424291 ], [ -119.9206821, 46.2423391 ], [ -119.9209767, 46.2422324 ], [ -119.9210535, 46.2421615 ], [ -119.9210556, 46.2421596 ], [ -119.9212695, 46.2420043 ], [ -119.921771, 46.2419852 ], [ -119.9218171, 46.2419834 ], [ -119.9219858, 46.2419851 ], [ -119.9219909, 46.241993 ], [ -119.9221148, 46.2419612 ], [ -119.9222051, 46.2419155 ], [ -119.922363, 46.2418357 ], [ -119.9224156, 46.2418092 ], [ -119.9224159, 46.241809 ], [ -119.9225139, 46.2417342 ], [ -119.9225349, 46.2417027 ], [ -119.9225975, 46.2416085 ], [ -119.9226169, 46.2415079 ], [ -119.9226208, 46.2414875 ], [ -119.9226223, 46.2413522 ], [ -119.9226399, 46.2413125 ], [ -119.9226581, 46.2412711 ], [ -119.9226788, 46.2412578 ], [ -119.9227456, 46.2412148 ], [ -119.9227635, 46.2412034 ], [ -119.9215523, 46.2411963 ], [ -119.9208681, 46.2411923 ], [ -119.9208734, 46.2406987 ], [ -119.9192994, 46.2406906 ], [ -119.9196237, 46.2403728 ], [ -119.9198481, 46.2398174 ], [ -119.9198583, 46.2397921 ], [ -119.9198846, 46.2397269 ], [ -119.9196764, 46.2397258 ], [ -119.9196154, 46.2397254 ], [ -119.9169437, 46.2397104 ], [ -119.917124, 46.2394664 ], [ -119.9171776, 46.2393939 ], [ -119.9171997, 46.2393641 ], [ -119.9172198, 46.2393368 ], [ -119.9172974, 46.2392319 ], [ -119.917405, 46.2390863 ], [ -119.9175322, 46.2389132 ], [ -119.9177798, 46.2384541 ], [ -119.9178147, 46.238389 ], [ -119.9178433, 46.238336 ], [ -119.9179418, 46.2381526 ], [ -119.9180397, 46.2379703 ], [ -119.9180696, 46.2379147 ], [ -119.917556, 46.2378848 ], [ -119.9175559, 46.2375779 ], [ -119.9175558, 46.2375166 ], [ -119.9160319, 46.2375066 ], [ -119.9160196, 46.2375065 ], [ -119.9156508, 46.2375041 ], [ -119.9155247, 46.2375033 ], [ -119.9155026, 46.2375031 ], [ -119.9154344, 46.2375027 ], [ -119.9154469, 46.2374454 ], [ -119.9137574, 46.2374618 ], [ -119.9129045, 46.2374701 ], [ -119.9129137, 46.2365487 ], [ -119.9129143, 46.2364955 ], [ -119.9153945, 46.2364936 ], [ -119.9154904, 46.2364978 ], [ -119.9154891, 46.2362569 ], [ -119.915471, 46.2329268 ], [ -119.9155675, 46.232923 ], [ -119.9156561, 46.2329234 ], [ -119.9176873, 46.2329237 ], [ -119.9207561, 46.232931 ], [ -119.9207587, 46.2352254 ], [ -119.9207481, 46.2366179 ], [ -119.9217514, 46.2366238 ], [ -119.9216997, 46.2367254 ], [ -119.9216941, 46.2367783 ], [ -119.9219314, 46.2367944 ], [ -119.9219922, 46.2369316 ], [ -119.9220255, 46.2369678 ], [ -119.9222687, 46.2371388 ] ] ], [ [ [ -119.8839206, 46.255418 ], [ -119.8838322, 46.2553822 ], [ -119.8838147, 46.2553752 ], [ -119.8837977, 46.2553683 ], [ -119.8835918, 46.2552851 ], [ -119.8833921, 46.2551526 ], [ -119.8833414, 46.2551189 ], [ -119.8832666, 46.2550447 ], [ -119.8831209, 46.2549 ], [ -119.8830902, 46.2548537 ], [ -119.883075, 46.2548307 ], [ -119.8830678, 46.2548198 ], [ -119.8830328, 46.2547669 ], [ -119.8830058, 46.2546092 ], [ -119.8834674, 46.2547545 ], [ -119.8835555, 46.2548485 ], [ -119.8835871, 46.2548821 ], [ -119.8836406, 46.2549392 ], [ -119.883801, 46.2550344 ], [ -119.8839304, 46.2551112 ], [ -119.8839649, 46.2551226 ], [ -119.884487, 46.2552956 ], [ -119.884819, 46.255378 ], [ -119.8863265, 46.2557524 ], [ -119.8867608, 46.2558602 ], [ -119.8867803, 46.2558651 ], [ -119.8876099, 46.2560999 ], [ -119.889269, 46.2564937 ], [ -119.8893793, 46.256512 ], [ -119.8893795, 46.256512 ], [ -119.8894334, 46.256521 ], [ -119.8895756, 46.2565447 ], [ -119.8896346, 46.256553 ], [ -119.8896576, 46.2565562 ], [ -119.8898672, 46.2565858 ], [ -119.8900458, 46.256611 ], [ -119.8900667, 46.2566132 ], [ -119.8903531, 46.2566434 ], [ -119.8904572, 46.2566544 ], [ -119.8905545, 46.2566646 ], [ -119.8906324, 46.2566728 ], [ -119.8909625, 46.2568938 ], [ -119.8910614, 46.2569611 ], [ -119.8910689, 46.2569669 ], [ -119.8911766, 46.2570497 ], [ -119.891237, 46.2571045 ], [ -119.8912474, 46.2571145 ], [ -119.8913256, 46.2571901 ], [ -119.8913315, 46.2571958 ], [ -119.8913807, 46.2571987 ], [ -119.8914477, 46.2572025 ], [ -119.891478, 46.2572345 ], [ -119.891484, 46.2572409 ], [ -119.8915251, 46.2572897 ], [ -119.8915609, 46.2573498 ], [ -119.8915826, 46.2573862 ], [ -119.8916012, 46.2574174 ], [ -119.8916395, 46.2574961 ], [ -119.891648, 46.2575137 ], [ -119.8916665, 46.2575516 ], [ -119.891683, 46.2575855 ], [ -119.8917068, 46.2576459 ], [ -119.8917181, 46.2576763 ], [ -119.8917293, 46.2577066 ], [ -119.8917441, 46.2577703 ], [ -119.8917573, 46.2578366 ], [ -119.8917711, 46.2579444 ], [ -119.8917762, 46.2579885 ], [ -119.8917765, 46.2579911 ], [ -119.8918165, 46.2584595 ], [ -119.891817, 46.2584941 ], [ -119.8918175, 46.2585295 ], [ -119.8918347, 46.2586962 ], [ -119.8921233, 46.258701 ], [ -119.8927586, 46.2587117 ], [ -119.8931329, 46.2587132 ], [ -119.8931336, 46.2588057 ], [ -119.8931359, 46.2591104 ], [ -119.8931363, 46.259159 ], [ -119.8931364, 46.2591739 ], [ -119.8931372, 46.2591739 ], [ -119.8933341, 46.2591757 ], [ -119.8935317, 46.2591774 ], [ -119.8937294, 46.2591792 ], [ -119.8938283, 46.2591801 ], [ -119.8944425, 46.2591855 ], [ -119.8944685, 46.2596087 ], [ -119.8944775, 46.2603617 ], [ -119.8944779, 46.2603925 ], [ -119.8927804, 46.2603822 ], [ -119.892308, 46.2606024 ], [ -119.8923011, 46.2607408 ], [ -119.8922965, 46.2608345 ], [ -119.8922651, 46.261468 ], [ -119.8922351, 46.2620729 ], [ -119.8921623, 46.2621265 ], [ -119.8921567, 46.2621306 ], [ -119.8920834, 46.2620884 ], [ -119.8919672, 46.2620215 ], [ -119.8919408, 46.2620064 ], [ -119.8917485, 46.2618957 ], [ -119.8916701, 46.2618506 ], [ -119.8916335, 46.2619052 ], [ -119.8915011, 46.2620742 ], [ -119.8913413, 46.2622353 ], [ -119.8913405, 46.2622361 ], [ -119.8912864, 46.26228 ], [ -119.8911565, 46.2623854 ], [ -119.8908836, 46.2625599 ], [ -119.8902123, 46.2628826 ], [ -119.8895844, 46.2631843 ], [ -119.8895008, 46.2633385 ], [ -119.8894988, 46.2633539 ], [ -119.8894988, 46.263354 ], [ -119.8894967, 46.2633692 ], [ -119.8894795, 46.2637028 ], [ -119.8894795, 46.2637034 ], [ -119.8894777, 46.2637381 ], [ -119.8894766, 46.2637584 ], [ -119.8894201, 46.2637598 ], [ -119.8894136, 46.2637599 ], [ -119.8894092, 46.26376 ], [ -119.889409, 46.26376 ], [ -119.8893955, 46.2637603 ], [ -119.8893224, 46.2637621 ], [ -119.8892469, 46.2637637 ], [ -119.8892474, 46.2621505 ], [ -119.8892474, 46.2621316 ], [ -119.8891698, 46.2621317 ], [ -119.8891641, 46.2621317 ], [ -119.8890947, 46.2621318 ], [ -119.8871667, 46.2621338 ], [ -119.886764, 46.2621342 ], [ -119.8867548, 46.2656964 ], [ -119.8867546, 46.26576 ], [ -119.8888716, 46.2657514 ], [ -119.8888914, 46.2657514 ], [ -119.8889505, 46.2657511 ], [ -119.8889505, 46.2657785 ], [ -119.8889505, 46.2658058 ], [ -119.8889504, 46.2659562 ], [ -119.8933731, 46.2659569 ], [ -119.8934023, 46.2659569 ], [ -119.8934511, 46.2659569 ], [ -119.8934603, 46.2659667 ], [ -119.8935028, 46.2660121 ], [ -119.8937193, 46.2662428 ], [ -119.894698, 46.2674388 ], [ -119.8947648, 46.2675205 ], [ -119.8969267, 46.26924 ], [ -119.8970001, 46.2692984 ], [ -119.897075, 46.2692982 ], [ -119.8974848, 46.2692972 ], [ -119.8998009, 46.2692917 ], [ -119.8998593, 46.2692915 ], [ -119.8998666, 46.2692915 ], [ -119.8998645, 46.2653085 ], [ -119.8998645, 46.2653029 ], [ -119.8998642, 46.2648854 ], [ -119.901633, 46.2652558 ], [ -119.9051748, 46.2659975 ], [ -119.9067738, 46.2663123 ], [ -119.9103431, 46.2670148 ], [ -119.9122717, 46.2676611 ], [ -119.9126678, 46.2677322 ], [ -119.9129514, 46.2677831 ], [ -119.9130692, 46.2678043 ], [ -119.9131021, 46.2678102 ], [ -119.9159936, 46.2684551 ], [ -119.9160375, 46.2684649 ], [ -119.9160704, 46.2684722 ], [ -119.9160708, 46.2685273 ], [ -119.9160753, 46.2690972 ], [ -119.9157943, 46.2690979 ], [ -119.9156538, 46.2690983 ], [ -119.9156241, 46.2690983 ], [ -119.9155768, 46.2690984 ], [ -119.9155289, 46.2690986 ], [ -119.9154838, 46.2690987 ], [ -119.9154838, 46.2691015 ], [ -119.9154877, 46.2709676 ], [ -119.9154528, 46.2709678 ], [ -119.9104953, 46.2710029 ], [ -119.9104948, 46.2710563 ], [ -119.9104871, 46.2719564 ], [ -119.9104796, 46.2728285 ], [ -119.9116964, 46.2728198 ], [ -119.9154904, 46.2727926 ], [ -119.9154903, 46.2728365 ], [ -119.9154902, 46.2728754 ], [ -119.9134867, 46.2728829 ], [ -119.9108064, 46.272893 ], [ -119.9106107, 46.2728937 ], [ -119.9103302, 46.2728947 ], [ -119.9079304, 46.2729037 ], [ -119.9054083, 46.272913 ], [ -119.9053287, 46.2729681 ], [ -119.9052172, 46.2729683 ], [ -119.9000036, 46.2730045 ], [ -119.8986733, 46.2730045 ], [ -119.8973874, 46.2730197 ], [ -119.8971965, 46.2730212 ], [ -119.8956872, 46.2730333 ], [ -119.8956226, 46.2730328 ], [ -119.8949888, 46.2730282 ], [ -119.8948359, 46.273128 ], [ -119.8946076, 46.2732573 ], [ -119.8946034, 46.2736518 ], [ -119.8946029, 46.2737643 ], [ -119.8946093, 46.2748765 ], [ -119.8946147, 46.2758244 ], [ -119.8946068, 46.2765414 ], [ -119.8947022, 46.2765409 ], [ -119.894674, 46.2772564 ], [ -119.8945417, 46.2772559 ], [ -119.8945486, 46.2777318 ], [ -119.8888738, 46.2775845 ], [ -119.8887229, 46.280176 ], [ -119.8844592, 46.2802105 ], [ -119.8841236, 46.2800588 ], [ -119.8840865, 46.2717347 ], [ -119.8840578, 46.2693369 ], [ -119.8839977, 46.2656787 ], [ -119.8787745, 46.2656456 ], [ -119.8787653, 46.2640073 ], [ -119.8787908, 46.2639504 ], [ -119.8788148, 46.2639506 ], [ -119.8787478, 46.261217 ], [ -119.8787478, 46.2612168 ], [ -119.8787448, 46.2610945 ], [ -119.87869, 46.2588616 ], [ -119.8791982, 46.2585071 ], [ -119.8797132, 46.2585069 ], [ -119.8799094, 46.2585068 ], [ -119.8813774, 46.2585307 ], [ -119.8823078, 46.2585459 ], [ -119.8824067, 46.2585475 ], [ -119.8828908, 46.2585554 ], [ -119.8839746, 46.258573 ], [ -119.8839599, 46.2582338 ], [ -119.8839366, 46.2576956 ], [ -119.8839305, 46.2568226 ], [ -119.8839207, 46.2554272 ], [ -119.8839206, 46.255418 ] ], [ [ -119.888311, 46.2705911 ], [ -119.8881844, 46.2706296 ], [ -119.8881845, 46.2706443 ], [ -119.8884863, 46.2709267 ], [ -119.8884867, 46.270927 ], [ -119.8898754, 46.2716995 ], [ -119.8909867, 46.2723177 ], [ -119.8916988, 46.2729446 ], [ -119.891844, 46.2730724 ], [ -119.8926266, 46.2737142 ], [ -119.8924562, 46.2738824 ], [ -119.891946, 46.274386 ], [ -119.8912628, 46.2746159 ], [ -119.8907171, 46.2747996 ], [ -119.8901648, 46.2749573 ], [ -119.8900726, 46.2749836 ], [ -119.8902266, 46.2750406 ], [ -119.8905477, 46.2749836 ], [ -119.891908, 46.2747622 ], [ -119.8919083, 46.2747621 ], [ -119.8931997, 46.2749997 ], [ -119.8940416, 46.2756924 ], [ -119.8942933, 46.2762396 ], [ -119.8942933, 46.2762397 ], [ -119.8944081, 46.2766972 ], [ -119.8944159, 46.2767447 ], [ -119.894423, 46.2767494 ], [ -119.89438, 46.2735386 ], [ -119.89438, 46.2735372 ], [ -119.8943767, 46.273292 ], [ -119.8939273, 46.2731469 ], [ -119.8938012, 46.2731062 ], [ -119.893953, 46.2730034 ], [ -119.8940828, 46.2729156 ], [ -119.8941961, 46.2728389 ], [ -119.8941699, 46.2728326 ], [ -119.8941155, 46.2728195 ], [ -119.8939452, 46.2727784 ], [ -119.8938949, 46.2727663 ], [ -119.8938848, 46.2727638 ], [ -119.893169, 46.2724725 ], [ -119.8921794, 46.2720697 ], [ -119.8908561, 46.2714747 ], [ -119.8899432, 46.2710643 ], [ -119.8889743, 46.2706633 ], [ -119.8889737, 46.2706631 ], [ -119.8889704, 46.2706617 ], [ -119.8889703, 46.2706617 ], [ -119.888311, 46.2705911 ] ] ], [ [ [ -119.9528973, 46.294843 ], [ -119.9519736, 46.2948324 ], [ -119.9509071, 46.2948202 ], [ -119.9496133, 46.2948053 ], [ -119.946933, 46.2947744 ], [ -119.9467876, 46.2947728 ], [ -119.9467162, 46.2947586 ], [ -119.9467167, 46.2946613 ], [ -119.946708, 46.2929753 ], [ -119.9467264, 46.2911583 ], [ -119.9466335, 46.2911578 ], [ -119.9466218, 46.2904088 ], [ -119.9466105, 46.2898491 ], [ -119.9466071, 46.2897779 ], [ -119.9465908, 46.2896743 ], [ -119.9465615, 46.2895735 ], [ -119.9465313, 46.2894997 ], [ -119.946494, 46.2894274 ], [ -119.9464499, 46.289357 ], [ -119.9463848, 46.2892415 ], [ -119.9462384, 46.2891005 ], [ -119.9458037, 46.2887606 ], [ -119.9455403, 46.2885545 ], [ -119.9450409, 46.2881642 ], [ -119.9445985, 46.2877103 ], [ -119.9444271, 46.2876392 ], [ -119.9441979, 46.2876217 ], [ -119.9416018, 46.2875706 ], [ -119.940466, 46.287554 ], [ -119.9395901, 46.2875412 ], [ -119.9378955, 46.2875164 ], [ -119.9366801, 46.2874938 ], [ -119.9363925, 46.2874745 ], [ -119.9364305, 46.2837908 ], [ -119.9363147, 46.2838107 ], [ -119.9338746, 46.2838037 ], [ -119.9269492, 46.283769 ], [ -119.9263014, 46.2837657 ], [ -119.9262272, 46.2801285 ], [ -119.9263165, 46.2801303 ], [ -119.927582, 46.2801554 ], [ -119.9364575, 46.2803308 ], [ -119.9365614, 46.2804109 ], [ -119.9366672, 46.2804925 ], [ -119.943818, 46.2859328 ], [ -119.9459089, 46.2875536 ], [ -119.9474472, 46.2887317 ], [ -119.9545427, 46.2939432 ], [ -119.9542512, 46.2941093 ], [ -119.9540157, 46.2941776 ], [ -119.9537859, 46.2943262 ], [ -119.9545363, 46.2948618 ], [ -119.9543436, 46.2948622 ], [ -119.9536807, 46.294852 ], [ -119.9532988, 46.2948476 ], [ -119.9528973, 46.294843 ] ] ], [ [ [ -120.0217054, 46.2917083 ], [ -120.0222866, 46.2916947 ], [ -120.0239642, 46.2941253 ], [ -120.0245134, 46.2941263 ], [ -120.0245011, 46.2947831 ], [ -120.0243336, 46.2947824 ], [ -120.0254364, 46.2962086 ], [ -120.0254326, 46.2966398 ], [ -120.0253827, 46.2984406 ], [ -120.0254732, 46.2984412 ], [ -120.0254452, 46.3013954 ], [ -120.02544, 46.3020041 ], [ -120.0234364, 46.3020215 ], [ -120.0232733, 46.3020208 ], [ -120.0217683, 46.3020145 ], [ -120.0217856, 46.3013007 ], [ -120.0217923, 46.3010273 ], [ -120.0217198, 46.301027 ], [ -120.0202471, 46.3010209 ], [ -120.0202455, 46.2984099 ], [ -120.0202449, 46.2974906 ], [ -120.0228558, 46.2975168 ], [ -120.0228558, 46.2975149 ], [ -120.0228653, 46.2966114 ], [ -120.0228652, 46.2966114 ], [ -120.0203137, 46.2965858 ], [ -120.0203017, 46.2950032 ], [ -120.0203012, 46.2949314 ], [ -120.0202999, 46.2947668 ], [ -120.0202983, 46.2945511 ], [ -120.0202957, 46.2942097 ], [ -120.0202949, 46.2941099 ], [ -120.0202843, 46.2927156 ], [ -120.0202805, 46.2922044 ], [ -120.0202729, 46.2912155 ], [ -120.0207906, 46.2912171 ], [ -120.021703, 46.29122 ], [ -120.0217054, 46.2917083 ] ] ], [ [ [ -119.9864741, 46.3086157 ], [ -119.9866798, 46.308474 ], [ -119.9866917, 46.3084673 ], [ -119.9867294, 46.308446 ], [ -119.9867348, 46.308443 ], [ -119.9867373, 46.3084415 ], [ -119.9868145, 46.3083979 ], [ -119.9869395, 46.308335 ], [ -119.9870358, 46.3082784 ], [ -119.9870622, 46.3082125 ], [ -119.9870533, 46.3081749 ], [ -119.9870383, 46.3081241 ], [ -119.9870056, 46.308082 ], [ -119.9869304, 46.3080109 ], [ -119.986818, 46.307891 ], [ -119.9867088, 46.3077557 ], [ -119.9866511, 46.3076593 ], [ -119.9866439, 46.3076472 ], [ -119.9866329, 46.3076194 ], [ -119.9866255, 46.3076008 ], [ -119.9866368, 46.3074928 ], [ -119.9867077, 46.3070393 ], [ -119.9866768, 46.3069862 ], [ -119.9865866, 46.3068599 ], [ -119.9864935, 46.3067203 ], [ -119.9864562, 46.3066078 ], [ -119.9864181, 46.3059352 ], [ -119.9860401, 46.3023034 ], [ -119.9785929, 46.3024481 ], [ -119.9742183, 46.3023827 ], [ -119.9704179, 46.302354 ], [ -119.9692142, 46.3023449 ], [ -119.9675848, 46.3023326 ], [ -119.9667826, 46.3023251 ], [ -119.9667534, 46.3022993 ], [ -119.966668, 46.3022238 ], [ -119.9675061, 46.3022292 ], [ -119.9676219, 46.3022305 ], [ -119.9678593, 46.3022332 ], [ -119.9685515, 46.3022411 ], [ -119.9710944, 46.30227 ], [ -119.9730141, 46.3022918 ], [ -119.973004, 46.3004403 ], [ -119.973002, 46.298651 ], [ -119.9781278, 46.2987449 ], [ -119.9783256, 46.2987465 ], [ -119.9783178, 46.2995217 ], [ -119.9834179, 46.2994919 ], [ -119.9864933, 46.2994732 ], [ -119.9886653, 46.2994308 ], [ -119.9886752, 46.2985366 ], [ -119.9946752, 46.2984371 ], [ -119.9957503, 46.2982982 ], [ -119.9989868, 46.2982888 ], [ -119.9989918, 46.2977212 ], [ -119.9989987, 46.2969312 ], [ -119.9990011, 46.2966565 ], [ -119.9990068, 46.2960068 ], [ -119.9990106, 46.2955759 ], [ -119.9990191, 46.2946075 ], [ -119.9990289, 46.2933613 ], [ -119.9990497, 46.290516 ], [ -119.999054, 46.28997 ], [ -119.9990737, 46.2874869 ], [ -119.9990655, 46.2872479 ], [ -119.999086, 46.2866992 ], [ -119.9990875, 46.2864649 ], [ -119.9991093, 46.2833614 ], [ -119.9991109, 46.2831785 ], [ -119.9991137, 46.282873 ], [ -119.9991143, 46.2828044 ], [ -119.9991162, 46.2825987 ], [ -119.9991187, 46.2823245 ], [ -119.9991212, 46.2820503 ], [ -119.9991237, 46.2817761 ], [ -119.9991262, 46.2815018 ], [ -119.9991287, 46.2812276 ], [ -119.9991313, 46.2809534 ], [ -119.9991338, 46.2806792 ], [ -119.9991377, 46.2802487 ], [ -119.9991405, 46.279947 ], [ -119.9991447, 46.2794808 ], [ -119.9991473, 46.2792066 ], [ -119.9991498, 46.2789324 ], [ -119.9991513, 46.2787643 ], [ -119.9991517, 46.2787185 ], [ -119.9991539, 46.2782865 ], [ -119.9992716, 46.2783409 ], [ -119.9993645, 46.2783666 ], [ -120.0008184, 46.2790876 ], [ -120.0015598, 46.2794243 ], [ -120.0028064, 46.2799996 ], [ -120.0032839, 46.2801762 ], [ -120.0039506, 46.2804715 ], [ -120.0050736, 46.2808823 ], [ -120.0061211, 46.2812264 ], [ -120.0073342, 46.2815788 ], [ -120.0096975, 46.2822319 ], [ -120.0097611, 46.2822509 ], [ -120.0099312, 46.2823013 ], [ -120.0107607, 46.2825355 ], [ -120.0119005, 46.2828523 ], [ -120.0148987, 46.283685 ], [ -120.0154027, 46.2838253 ], [ -120.019652, 46.2850035 ], [ -120.0201776, 46.2851463 ], [ -120.0201781, 46.2853093 ], [ -120.0254668, 46.2868028 ], [ -120.0254245, 46.2870141 ], [ -120.0253996, 46.287145 ], [ -120.025405, 46.2875581 ], [ -120.0226371, 46.2875415 ], [ -120.0214561, 46.2875344 ], [ -120.0202164, 46.2875269 ], [ -120.0201965, 46.2864785 ], [ -120.0201811, 46.2856656 ], [ -120.0201811, 46.2856654 ], [ -120.0201788, 46.2855475 ], [ -120.0188588, 46.2851742 ], [ -120.0097049, 46.2825853 ], [ -120.0082498, 46.2821829 ], [ -120.0068422, 46.2817912 ], [ -120.0060512, 46.2815521 ], [ -120.0053938, 46.2813564 ], [ -120.004521, 46.2810527 ], [ -120.0040791, 46.280894 ], [ -120.0038035, 46.2807951 ], [ -120.0034144, 46.2806341 ], [ -120.0031867, 46.2805398 ], [ -120.0027149, 46.2803235 ], [ -120.002479, 46.2802154 ], [ -120.0023773, 46.2801725 ], [ -120.0018633, 46.2799556 ], [ -120.0013743, 46.2797328 ], [ -120.0011653, 46.2800508 ], [ -120.0006941, 46.2855016 ], [ -120.0006216, 46.2858236 ], [ -120.0006023, 46.2859094 ], [ -120.0005607, 46.2860939 ], [ -120.0003711, 46.2862979 ], [ -120.0002074, 46.2864739 ], [ -119.9999535, 46.2866327 ], [ -119.999735, 46.2867694 ], [ -119.9996188, 46.286815 ], [ -119.9995822, 46.2868294 ], [ -119.9995865, 46.2868347 ], [ -119.9996263, 46.2868841 ], [ -119.9993195, 46.2955998 ], [ -120.0002921, 46.2955818 ], [ -120.000289, 46.2958466 ], [ -120.0002826, 46.29638 ], [ -120.0002816, 46.2964694 ], [ -120.0013657, 46.2964757 ], [ -120.0021913, 46.2964806 ], [ -120.004388, 46.2964935 ], [ -120.0043847, 46.2967095 ], [ -120.0043653, 46.2979916 ], [ -120.0043607, 46.2982954 ], [ -120.0043588, 46.2984203 ], [ -120.0068772, 46.2984098 ], [ -120.0068772, 46.2984097 ], [ -120.0068983, 46.2984097 ], [ -120.0069071, 46.2980257 ], [ -120.0069464, 46.2963036 ], [ -120.0069573, 46.2958234 ], [ -120.006972, 46.295178 ], [ -120.0069837, 46.2946668 ], [ -120.0084354, 46.2946963 ], [ -120.0087859, 46.2947078 ], [ -120.0146882, 46.2949027 ], [ -120.0149716, 46.2949015 ], [ -120.0149593, 46.2955485 ], [ -120.0149592, 46.2955578 ], [ -120.0149593, 46.2955603 ], [ -120.0149617, 46.2956125 ], [ -120.0149619, 46.2956536 ], [ -120.0149619, 46.2956672 ], [ -120.0149703, 46.2987583 ], [ -120.0149703, 46.2987737 ], [ -120.0149704, 46.2988048 ], [ -120.0148916, 46.2988049 ], [ -120.0122681, 46.298821 ], [ -120.012254, 46.2988211 ], [ -120.012244, 46.2988212 ], [ -120.0122198, 46.2988213 ], [ -120.012237, 46.2996775 ], [ -120.012237, 46.2996776 ], [ -120.0122394, 46.2997937 ], [ -120.0122458, 46.300114 ], [ -120.0122494, 46.3002947 ], [ -120.0109545, 46.3002981 ], [ -120.00949, 46.3002967 ], [ -120.0094898, 46.3002967 ], [ -120.00927, 46.3002964 ], [ -120.0092547, 46.3020875 ], [ -120.0090533, 46.3020878 ], [ -120.0050049, 46.3020942 ], [ -120.0050049, 46.3020949 ], [ -120.0050049, 46.3020952 ], [ -120.0049882, 46.3058364 ], [ -120.004977, 46.306634 ], [ -120.0011811, 46.3065737 ], [ -119.9992321, 46.3065794 ], [ -119.9991491, 46.3065796 ], [ -119.9991489, 46.3065796 ], [ -119.9991485, 46.3065796 ], [ -119.9991486, 46.306607 ], [ -119.9991487, 46.3066343 ], [ -119.9991617, 46.3102736 ], [ -119.9991781, 46.3148406 ], [ -119.9991782, 46.3148749 ], [ -119.9991783, 46.3148954 ], [ -119.9991002, 46.3148971 ], [ -119.9990346, 46.3148986 ], [ -119.9967302, 46.3149508 ], [ -119.9967226, 46.3146775 ], [ -119.9967206, 46.3146066 ], [ -119.9966998, 46.3138647 ], [ -119.9966782, 46.3130913 ], [ -119.9966052, 46.3130917 ], [ -119.996568, 46.313092 ], [ -119.9918987, 46.3131208 ], [ -119.9873007, 46.3131492 ], [ -119.9851221, 46.3131626 ], [ -119.9848306, 46.3131644 ], [ -119.9847353, 46.3131649 ], [ -119.9846649, 46.3131654 ], [ -119.9861654, 46.3112207 ], [ -119.9874926, 46.3095008 ], [ -119.9875907, 46.3093736 ], [ -119.9876224, 46.3093325 ], [ -119.9861, 46.3093418 ], [ -119.9858195, 46.3093435 ], [ -119.9858479, 46.3092997 ], [ -119.9860875, 46.3089345 ], [ -119.9861653, 46.3088447 ], [ -119.9861891, 46.3088252 ], [ -119.9862877, 46.3087443 ], [ -119.9864741, 46.3086157 ] ] ], [ [ [ -119.9624525, 46.2988022 ], [ -119.9625526, 46.2988806 ], [ -119.9631735, 46.2993535 ], [ -119.9631307, 46.2993542 ], [ -119.9621545, 46.2993687 ], [ -119.9608409, 46.2993674 ], [ -119.9594452, 46.2983092 ], [ -119.9591456, 46.298082 ], [ -119.959131, 46.2980913 ], [ -119.9591164, 46.2981005 ], [ -119.9583147, 46.2974953 ], [ -119.9582718, 46.2975211 ], [ -119.9580849, 46.2973794 ], [ -119.9579247, 46.2975181 ], [ -119.957551, 46.2972347 ], [ -119.9574063, 46.2972649 ], [ -119.9573903, 46.2973199 ], [ -119.95738, 46.2973778 ], [ -119.9573901, 46.2982859 ], [ -119.9573905, 46.298324 ], [ -119.9573708, 46.2983239 ], [ -119.957351, 46.2983238 ], [ -119.957367, 46.2993509 ], [ -119.9572277, 46.2993502 ], [ -119.9571091, 46.299352 ], [ -119.9570926, 46.2982841 ], [ -119.9570663, 46.296547 ], [ -119.9570565, 46.2958987 ], [ -119.9570551, 46.295808 ], [ -119.9570537, 46.2957167 ], [ -119.9570493, 46.2954264 ], [ -119.9571688, 46.2954805 ], [ -119.9571534, 46.2943532 ], [ -119.9581797, 46.2950701 ], [ -119.9583835, 46.2952024 ], [ -119.9586568, 46.2955142 ], [ -119.959082, 46.2959994 ], [ -119.9595999, 46.2964355 ], [ -119.9598158, 46.2966135 ], [ -119.9599777, 46.296748 ], [ -119.96183, 46.2982884 ], [ -119.9623647, 46.2987332 ], [ -119.9624525, 46.2988022 ] ] ], [ [ [ -120.0274361, 46.3142359 ], [ -120.0273325, 46.314066 ], [ -120.0272308, 46.3138992 ], [ -120.0271292, 46.3137325 ], [ -120.0270923, 46.3136721 ], [ -120.0270778, 46.3136345 ], [ -120.0268154, 46.3129569 ], [ -120.0269114, 46.3129564 ], [ -120.0280676, 46.3129661 ], [ -120.0303971, 46.3129857 ], [ -120.0306148, 46.3129875 ], [ -120.0306246, 46.3129876 ], [ -120.0306253, 46.31296 ], [ -120.0307979, 46.3129603 ], [ -120.0307733, 46.3091646 ], [ -120.0295973, 46.3091587 ], [ -120.0295228, 46.3091583 ], [ -120.0295165, 46.3091023 ], [ -120.0294307, 46.3065452 ], [ -120.0294289, 46.3064905 ], [ -120.0293613, 46.306491 ], [ -120.0293606, 46.306491 ], [ -120.0293573, 46.306491 ], [ -120.0293533, 46.306491 ], [ -120.0293503, 46.306491 ], [ -120.0257085, 46.3065145 ], [ -120.0256296, 46.306515 ], [ -120.0256296, 46.3065146 ], [ -120.0256289, 46.3064775 ], [ -120.0256288, 46.306473 ], [ -120.0256287, 46.3064676 ], [ -120.0256286, 46.3064605 ], [ -120.0256158, 46.3057431 ], [ -120.0255613, 46.3057359 ], [ -120.0253492, 46.3057076 ], [ -120.0252028, 46.3056839 ], [ -120.0249898, 46.3056495 ], [ -120.0247307, 46.305601 ], [ -120.0245256, 46.3055626 ], [ -120.0242115, 46.3054838 ], [ -120.0237978, 46.3053453 ], [ -120.023634, 46.3052828 ], [ -120.023496, 46.3052301 ], [ -120.0234499, 46.3052125 ], [ -120.0233041, 46.3051568 ], [ -120.023177, 46.3051032 ], [ -120.0231424, 46.3050886 ], [ -120.0230874, 46.3050654 ], [ -120.0228184, 46.3049519 ], [ -120.0228222, 46.3040728 ], [ -120.0228225, 46.3040145 ], [ -120.0228229, 46.3039263 ], [ -120.0229098, 46.3039266 ], [ -120.0236365, 46.3039297 ], [ -120.0253622, 46.3039371 ], [ -120.0255229, 46.3039378 ], [ -120.0255384, 46.30215 ], [ -120.0255392, 46.3020032 ], [ -120.0268481, 46.3019988 ], [ -120.0270064, 46.3020004 ], [ -120.0270059, 46.3020552 ], [ -120.0307316, 46.3020921 ], [ -120.0307338, 46.3020372 ], [ -120.0330409, 46.3020496 ], [ -120.0345966, 46.3020579 ], [ -120.0359817, 46.3020653 ], [ -120.0373031, 46.3020751 ], [ -120.039149, 46.3020852 ], [ -120.0392928, 46.3020859 ], [ -120.0399839, 46.3020873 ], [ -120.0402283, 46.302088 ], [ -120.0403071, 46.3020875 ], [ -120.0403862, 46.3020856 ], [ -120.0404514, 46.302083 ], [ -120.0405302, 46.3020786 ], [ -120.0405873, 46.3020746 ], [ -120.0406619, 46.3020682 ], [ -120.0407441, 46.3020599 ], [ -120.0408221, 46.3020506 ], [ -120.040892, 46.3020411 ], [ -120.0409998, 46.3020264 ], [ -120.0412356, 46.3021661 ], [ -120.0412352, 46.3022188 ], [ -120.0408411, 46.3023702 ], [ -120.0404264, 46.3025369 ], [ -120.0402667, 46.3026021 ], [ -120.0401548, 46.3026345 ], [ -120.0400652, 46.3026612 ], [ -120.0399421, 46.3026917 ], [ -120.039819, 46.3027202 ], [ -120.0396906, 46.3027427 ], [ -120.0395171, 46.3027703 ], [ -120.0391872, 46.3028164 ], [ -120.0390446, 46.3028429 ], [ -120.0389186, 46.3028869 ], [ -120.0387813, 46.3029463 ], [ -120.0386053, 46.3030433 ], [ -120.0384867, 46.3031154 ], [ -120.038408, 46.3031731 ], [ -120.0383264, 46.3032483 ], [ -120.0382784, 46.3033139 ], [ -120.0382167, 46.3034104 ], [ -120.0381875, 46.3034925 ], [ -120.0381699, 46.3035892 ], [ -120.0381687, 46.3037304 ], [ -120.0381762, 46.3038369 ], [ -120.0381921, 46.3039376 ], [ -120.0382249, 46.3040267 ], [ -120.0382826, 46.3041373 ], [ -120.038346, 46.3042343 ], [ -120.0384012, 46.304308 ], [ -120.038458, 46.3043648 ], [ -120.0385092, 46.3044159 ], [ -120.0385702, 46.3044606 ], [ -120.0386592, 46.3045113 ], [ -120.0387731, 46.3045698 ], [ -120.0388845, 46.3046109 ], [ -120.0389735, 46.3046442 ], [ -120.0390962, 46.3046659 ], [ -120.0392328, 46.3046897 ], [ -120.0393305, 46.3047027 ], [ -120.0394224, 46.3047224 ], [ -120.0395143, 46.3047557 ], [ -120.0395783, 46.3047902 ], [ -120.0396254, 46.3048277 ], [ -120.0396446, 46.3048665 ], [ -120.0396748, 46.3049247 ], [ -120.0396712, 46.3050214 ], [ -120.039634, 46.3051335 ], [ -120.0396052, 46.3052302 ], [ -120.0395846, 46.3053636 ], [ -120.0395867, 46.3054391 ], [ -120.039664, 46.3055458 ], [ -120.0397416, 46.3056139 ], [ -120.0398584, 46.3056743 ], [ -120.0399947, 46.3057271 ], [ -120.0401266, 46.3057435 ], [ -120.0402097, 46.3057377 ], [ -120.0403272, 46.3057072 ], [ -120.0404392, 46.305665 ], [ -120.040557, 46.3056113 ], [ -120.0406802, 46.3055615 ], [ -120.0407838, 46.3055368 ], [ -120.0409067, 46.3055315 ], [ -120.040982, 46.3055376 ], [ -120.0410488, 46.3055572 ], [ -120.0411003, 46.3055864 ], [ -120.0412093, 46.3057533 ], [ -120.0412074, 46.3060163 ], [ -120.0412052, 46.3063059 ], [ -120.0412042, 46.3064451 ], [ -120.0412, 46.3070124 ], [ -120.0411994, 46.3071005 ], [ -120.0411989, 46.3071751 ], [ -120.0411947, 46.3076044 ], [ -120.0411814, 46.3093208 ], [ -120.0411811, 46.3093638 ], [ -120.0411805, 46.309446 ], [ -120.0411801, 46.3095062 ], [ -120.0411793, 46.3098974 ], [ -120.041177, 46.3099871 ], [ -120.0411753, 46.310253 ], [ -120.041176, 46.3104223 ], [ -120.0411619, 46.3126377 ], [ -120.0411323, 46.3129449 ], [ -120.0409953, 46.3130033 ], [ -120.0409121, 46.3130822 ], [ -120.0408963, 46.3130972 ], [ -120.0408387, 46.3131958 ], [ -120.0408188, 46.3132737 ], [ -120.0408119, 46.3133007 ], [ -120.0408105, 46.3133539 ], [ -120.0408101, 46.3134917 ], [ -120.0408093, 46.3137687 ], [ -120.0385982, 46.3141994 ], [ -120.0385044, 46.3142176 ], [ -120.0384857, 46.3142213 ], [ -120.0380715, 46.314439 ], [ -120.0380714, 46.314439 ], [ -120.0377914, 46.3145862 ], [ -120.038066, 46.3150003 ], [ -120.0380589, 46.3150041 ], [ -120.0379706, 46.3150514 ], [ -120.0379248, 46.3150759 ], [ -120.0378616, 46.3151097 ], [ -120.0373783, 46.3153684 ], [ -120.0372332, 46.3151925 ], [ -120.0369987, 46.3149086 ], [ -120.0365495, 46.3142133 ], [ -120.0364434, 46.314245 ], [ -120.0362921, 46.314277 ], [ -120.0357297, 46.3143958 ], [ -120.0355736, 46.3144531 ], [ -120.0351997, 46.3145937 ], [ -120.0349924, 46.3147356 ], [ -120.0348118, 46.3148675 ], [ -120.0346424, 46.3149912 ], [ -120.0344088, 46.3151845 ], [ -120.0341204, 46.3154712 ], [ -120.0339298, 46.3155968 ], [ -120.0339105, 46.3156096 ], [ -120.0337065, 46.3156862 ], [ -120.0334584, 46.3157792 ], [ -120.0334586, 46.3157711 ], [ -120.0334312, 46.3154459 ], [ -120.0334014, 46.3153249 ], [ -120.0333667, 46.3152334 ], [ -120.0341407, 46.3149057 ], [ -120.0334323, 46.3141567 ], [ -120.0330494, 46.3137517 ], [ -120.0322845, 46.3140623 ], [ -120.0310926, 46.3130266 ], [ -120.0310511, 46.3130587 ], [ -120.0300496, 46.3140139 ], [ -120.029435, 46.3144398 ], [ -120.0287792, 46.3146274 ], [ -120.0278113, 46.3147296 ], [ -120.0278079, 46.31473 ], [ -120.0278061, 46.3144489 ], [ -120.0275588, 46.3144372 ], [ -120.0274361, 46.3142359 ] ] ], [ [ [ -119.968699, 46.3171502 ], [ -119.9686863, 46.3169805 ], [ -119.9686935, 46.316449 ], [ -119.9686898, 46.3163725 ], [ -119.9686525, 46.315732 ], [ -119.9686102, 46.3150951 ], [ -119.9684542, 46.3133616 ], [ -119.9682958, 46.3133476 ], [ -119.9681072, 46.3098069 ], [ -119.9679796, 46.3097248 ], [ -119.9673958, 46.3097174 ], [ -119.9674149, 46.3095573 ], [ -119.9673371, 46.3083693 ], [ -119.9672593, 46.3071813 ], [ -119.9663538, 46.3071749 ], [ -119.9662712, 46.3059196 ], [ -119.9653538, 46.3059112 ], [ -119.9651646, 46.303032 ], [ -119.9647251, 46.3026987 ], [ -119.9649108, 46.302581 ], [ -119.9649704, 46.3025433 ], [ -119.9651305, 46.3026647 ], [ -119.9652659, 46.3029503 ], [ -119.9674009, 46.3045691 ], [ -119.9677846, 46.3046975 ], [ -119.9678967, 46.3047824 ], [ -119.9694351, 46.3059488 ], [ -119.9704556, 46.3067225 ], [ -119.9706465, 46.3068672 ], [ -119.9708247, 46.3095809 ], [ -119.9708247, 46.3095811 ], [ -119.9683173, 46.3095636 ], [ -119.9682106, 46.3095629 ], [ -119.9683774, 46.3122745 ], [ -119.9684419, 46.3133238 ], [ -119.9701815, 46.3133195 ], [ -119.9736542, 46.3133109 ], [ -119.9736527, 46.3132082 ], [ -119.9736468, 46.3128177 ], [ -119.9736427, 46.3125511 ], [ -119.9736426, 46.312543 ], [ -119.9736423, 46.3125246 ], [ -119.9736422, 46.3125146 ], [ -119.9739965, 46.3125139 ], [ -119.9750012, 46.3125119 ], [ -119.9750247, 46.3125119 ], [ -119.9751255, 46.3140109 ], [ -119.9753836, 46.3137754 ], [ -119.975558, 46.3136162 ], [ -119.9756008, 46.3135771 ], [ -119.9764905, 46.3132398 ], [ -119.9767278, 46.3131498 ], [ -119.9772205, 46.3130192 ], [ -119.9772821, 46.3130028 ], [ -119.9774709, 46.3129688 ], [ -119.9774852, 46.3129737 ], [ -119.9774954, 46.3129771 ], [ -119.9775121, 46.3129829 ], [ -119.9776531, 46.313031 ], [ -119.9777527, 46.313065 ], [ -119.977808, 46.3130927 ], [ -119.9778202, 46.3130991 ], [ -119.9778417, 46.313128 ], [ -119.9778507, 46.3131678 ], [ -119.9778506, 46.3131682 ], [ -119.9778501, 46.3131695 ], [ -119.9778495, 46.3131712 ], [ -119.9778146, 46.3132748 ], [ -119.9778815, 46.3132747 ], [ -119.9779149, 46.3132746 ], [ -119.9781477, 46.3132742 ], [ -119.9782164, 46.313274 ], [ -119.9784229, 46.3132736 ], [ -119.9784411, 46.3132198 ], [ -119.9784704, 46.3131822 ], [ -119.9785452, 46.3130866 ], [ -119.9785791, 46.3130433 ], [ -119.9786336, 46.3129736 ], [ -119.9786407, 46.3129789 ], [ -119.9786917, 46.3130177 ], [ -119.9813262, 46.3150169 ], [ -119.9813299, 46.3150196 ], [ -119.9813327, 46.3150218 ], [ -119.9813336, 46.3150224 ], [ -119.9816776, 46.3152832 ], [ -119.9817132, 46.31532 ], [ -119.981928, 46.3155426 ], [ -119.9825536, 46.3161906 ], [ -119.9827658, 46.3165172 ], [ -119.9825688, 46.3167708 ], [ -119.9824864, 46.316893 ], [ -119.9824853, 46.3168945 ], [ -119.9824605, 46.3169314 ], [ -119.982458, 46.3169351 ], [ -119.9812003, 46.3169259 ], [ -119.9811421, 46.3169255 ], [ -119.9731702, 46.3168673 ], [ -119.97317, 46.3169175 ], [ -119.973153, 46.3206166 ], [ -119.9713374, 46.3206152 ], [ -119.9713372, 46.3206249 ], [ -119.9713356, 46.3207166 ], [ -119.9713267, 46.3212141 ], [ -119.9712748, 46.3241393 ], [ -119.9712371, 46.3241391 ], [ -119.9686319, 46.324127 ], [ -119.9686751, 46.3246169 ], [ -119.968644, 46.3246167 ], [ -119.9686053, 46.3246165 ], [ -119.9685988, 46.3246165 ], [ -119.9685961, 46.3246164 ], [ -119.9656531, 46.3245994 ], [ -119.9647735, 46.3250696 ], [ -119.9632422, 46.3258883 ], [ -119.9632418, 46.3258885 ], [ -119.9632416, 46.3258886 ], [ -119.9632415, 46.3258887 ], [ -119.9632219, 46.3262801 ], [ -119.9631372, 46.3279763 ], [ -119.9626046, 46.3279749 ], [ -119.9618104, 46.3279729 ], [ -119.9613226, 46.3286022 ], [ -119.9591344, 46.3315502 ], [ -119.9591144, 46.3315771 ], [ -119.9605619, 46.3315807 ], [ -119.9631951, 46.3315871 ], [ -119.9662383, 46.3315945 ], [ -119.9670459, 46.3315964 ], [ -119.968379, 46.3315996 ], [ -119.9736705, 46.3316121 ], [ -119.9736754, 46.3310971 ], [ -119.9740101, 46.3306902 ], [ -119.9746233, 46.3299446 ], [ -119.9747136, 46.3298348 ], [ -119.9757539, 46.3298396 ], [ -119.9765445, 46.3298433 ], [ -119.9780535, 46.3298502 ], [ -119.9786068, 46.3298527 ], [ -119.9787828, 46.3298535 ], [ -119.9788068, 46.329929 ], [ -119.9788175, 46.3299628 ], [ -119.9788272, 46.3299934 ], [ -119.9788418, 46.3300393 ], [ -119.9788522, 46.330096 ], [ -119.9788576, 46.330125 ], [ -119.9788658, 46.3301694 ], [ -119.9788849, 46.3302732 ], [ -119.9788854, 46.3302961 ], [ -119.9788856, 46.330305 ], [ -119.9788859, 46.330324 ], [ -119.9788874, 46.3303971 ], [ -119.9788879, 46.3304265 ], [ -119.9788886, 46.330457 ], [ -119.9788905, 46.3305553 ], [ -119.9788923, 46.3306478 ], [ -119.978881, 46.3309136 ], [ -119.9788678, 46.331223 ], [ -119.9788536, 46.3315544 ], [ -119.9787757, 46.3317889 ], [ -119.9763898, 46.3317921 ], [ -119.974622, 46.3317812 ], [ -119.9741715, 46.3317834 ], [ -119.9736928, 46.3317822 ], [ -119.9726483, 46.3317774 ], [ -119.9725205, 46.331762 ], [ -119.9687417, 46.3317442 ], [ -119.9683701, 46.3317439 ], [ -119.967779, 46.3317435 ], [ -119.9619297, 46.3317043 ], [ -119.9591167, 46.331699 ], [ -119.9590008, 46.3317055 ], [ -119.9580264, 46.3316949 ], [ -119.9577717, 46.3316803 ], [ -119.9576677, 46.3315574 ], [ -119.9577684, 46.3314883 ], [ -119.9580959, 46.3242791 ], [ -119.9585333, 46.324236 ], [ -119.9633517, 46.3242467 ], [ -119.9641442, 46.324249 ], [ -119.9685725, 46.3242668 ], [ -119.9686487, 46.3206984 ], [ -119.968699, 46.3171502 ] ] ], [ [ [ -119.9835592, 46.3155607 ], [ -119.9903359, 46.320686 ], [ -119.9903692, 46.3212807 ], [ -119.9895409, 46.320652 ], [ -119.9894635, 46.3205933 ], [ -119.9894685, 46.3206515 ], [ -119.9895197, 46.3212444 ], [ -119.9829614, 46.3162653 ], [ -119.983021, 46.3161951 ], [ -119.9830569, 46.3161526 ], [ -119.9831424, 46.3160519 ], [ -119.9835592, 46.3155607 ] ] ], [ [ [ -120.0379715, 46.3215958 ], [ -120.037736, 46.3205738 ], [ -120.0376955, 46.3203982 ], [ -120.0380237, 46.3203233 ], [ -120.0381269, 46.3202998 ], [ -120.0385492, 46.3201568 ], [ -120.038634, 46.320303 ], [ -120.0386831, 46.3203878 ], [ -120.0389196, 46.320796 ], [ -120.0389206, 46.3207977 ], [ -120.0389809, 46.3209017 ], [ -120.0390291, 46.3209849 ], [ -120.0389036, 46.32122 ], [ -120.0385429, 46.3218951 ], [ -120.0386186, 46.3224467 ], [ -120.0386482, 46.3226618 ], [ -120.0388959, 46.322628 ], [ -120.0391745, 46.32259 ], [ -120.0401924, 46.3220354 ], [ -120.0403068, 46.3219731 ], [ -120.0407627, 46.3221269 ], [ -120.0410872, 46.3222364 ], [ -120.0410872, 46.3222114 ], [ -120.0410872, 46.3220864 ], [ -120.0411035, 46.3214535 ], [ -120.0411166, 46.3209421 ], [ -120.0411508, 46.3196088 ], [ -120.0411555, 46.3194258 ], [ -120.0412368, 46.3194252 ], [ -120.0412645, 46.319425 ], [ -120.0420041, 46.3194201 ], [ -120.0420009, 46.319296 ], [ -120.0419969, 46.3191349 ], [ -120.0419958, 46.3190917 ], [ -120.0419925, 46.3189641 ], [ -120.0412664, 46.3189464 ], [ -120.0412636, 46.3179696 ], [ -120.0412598, 46.3166655 ], [ -120.0422235, 46.316659 ], [ -120.0438532, 46.3166479 ], [ -120.0438093, 46.3179767 ], [ -120.0438009, 46.318465 ], [ -120.0438056, 46.3188971 ], [ -120.0437998, 46.3194135 ], [ -120.0437981, 46.3195525 ], [ -120.043795, 46.3198681 ], [ -120.0437927, 46.320319 ], [ -120.0437868, 46.3206717 ], [ -120.0437409, 46.3221273 ], [ -120.0437348, 46.3228409 ], [ -120.0437689, 46.3229699 ], [ -120.043517, 46.3231424 ], [ -120.0432941, 46.3232814 ], [ -120.0430179, 46.3234466 ], [ -120.0428384, 46.323533 ], [ -120.042576, 46.3236443 ], [ -120.0423071, 46.3237304 ], [ -120.0420815, 46.3237914 ], [ -120.0416801, 46.3238804 ], [ -120.0413255, 46.3239271 ], [ -120.0412048, 46.3239505 ], [ -120.0412097, 46.3241324 ], [ -120.0412177, 46.3245459 ], [ -120.0412162, 46.3248339 ], [ -120.0412157, 46.3249519 ], [ -120.0412112, 46.3254332 ], [ -120.0412293, 46.3259896 ], [ -120.0412479, 46.327402 ], [ -120.048963, 46.3273234 ], [ -120.0516314, 46.3273066 ], [ -120.0517277, 46.3273279 ], [ -120.0539042, 46.3272977 ], [ -120.0542485, 46.3273071 ], [ -120.0568638, 46.3272839 ], [ -120.056977, 46.3272694 ], [ -120.0583159, 46.3272524 ], [ -120.0592734, 46.3272496 ], [ -120.0598576, 46.3272646 ], [ -120.0613464, 46.3273385 ], [ -120.0622655, 46.3274134 ], [ -120.0622649, 46.3274991 ], [ -120.0669416, 46.3278031 ], [ -120.0701513, 46.3280117 ], [ -120.0722302, 46.3281467 ], [ -120.0722171, 46.3282794 ], [ -120.0723729, 46.3282891 ], [ -120.0723733, 46.3286847 ], [ -120.0723719, 46.3287807 ], [ -120.0723693, 46.3289472 ], [ -120.072318, 46.3311356 ], [ -120.0723177, 46.3312001 ], [ -120.0723172, 46.3312741 ], [ -120.0722174, 46.3312737 ], [ -120.0722224, 46.3309918 ], [ -120.0722912, 46.328727 ], [ -120.0722923, 46.3285958 ], [ -120.0722941, 46.3283806 ], [ -120.0676592, 46.3280649 ], [ -120.0637973, 46.3278006 ], [ -120.0616747, 46.3276554 ], [ -120.0610411, 46.3276238 ], [ -120.060753, 46.3276095 ], [ -120.0596485, 46.3275841 ], [ -120.0586437, 46.3275844 ], [ -120.0410651, 46.3276966 ], [ -120.0386613, 46.3277084 ], [ -120.0339647, 46.3277253 ], [ -120.0339682, 46.3273173 ], [ -120.0339876, 46.3249187 ], [ -120.0339926, 46.3243033 ], [ -120.0339918, 46.3243011 ], [ -120.0339386, 46.3241664 ], [ -120.0339003, 46.3240693 ], [ -120.0333966, 46.3227925 ], [ -120.0334447, 46.3227837 ], [ -120.0334879, 46.3227757 ], [ -120.0334911, 46.3227751 ], [ -120.0349963, 46.3224987 ], [ -120.0352718, 46.3224854 ], [ -120.0356865, 46.3224654 ], [ -120.0372164, 46.3218956 ], [ -120.037976, 46.3216153 ], [ -120.0379715, 46.3215958 ] ] ], [ [ [ -120.0630606, 46.3311274 ], [ -120.063066, 46.3312594 ], [ -120.0628592, 46.3312538 ], [ -120.0624109, 46.3312502 ], [ -120.0621577, 46.3312248 ], [ -120.0617524, 46.331226 ], [ -120.0613778, 46.3312273 ], [ -120.0607899, 46.3312291 ], [ -120.0604168, 46.3312302 ], [ -120.0598774, 46.3312292 ], [ -120.0596191, 46.33123 ], [ -120.0582824, 46.3312369 ], [ -120.0581763, 46.3312372 ], [ -120.0581658, 46.3309401 ], [ -120.0581657, 46.3309387 ], [ -120.0581128, 46.3291356 ], [ -120.0629768, 46.3291263 ], [ -120.0629875, 46.3291263 ], [ -120.0629933, 46.3291263 ], [ -120.0630422, 46.3306167 ], [ -120.0630528, 46.3309379 ], [ -120.0630606, 46.3311274 ] ] ], [ [ [ -120.0463571, 46.3309965 ], [ -120.0463681, 46.3309965 ], [ -120.0463778, 46.3311508 ], [ -120.0463777, 46.3311649 ], [ -120.0463774, 46.331203 ], [ -120.0463766, 46.3312879 ], [ -120.0441637, 46.3312929 ], [ -120.0437066, 46.3312803 ], [ -120.0430869, 46.331268 ], [ -120.0427109, 46.3312689 ], [ -120.041931, 46.3312706 ], [ -120.041236, 46.3312722 ], [ -120.0412309, 46.3310003 ], [ -120.0411969, 46.3293857 ], [ -120.0413127, 46.3293857 ], [ -120.0416044, 46.3293856 ], [ -120.0426257, 46.3293853 ], [ -120.0427143, 46.3293853 ], [ -120.0433477, 46.3293851 ], [ -120.0436644, 46.329385 ], [ -120.0440207, 46.3293849 ], [ -120.0450539, 46.3293846 ], [ -120.045707, 46.3293844 ], [ -120.0462716, 46.3293842 ], [ -120.0463722, 46.3293842 ], [ -120.0463722, 46.3293845 ], [ -120.0463571, 46.3309965 ] ] ], [ [ [ -120.0832453, 46.3305041 ], [ -120.0832443, 46.3303121 ], [ -120.0832598, 46.3293986 ], [ -120.0832483, 46.3292761 ], [ -120.0836753, 46.3293081 ], [ -120.0845933, 46.3293681 ], [ -120.0849823, 46.3293941 ], [ -120.0856023, 46.3294411 ], [ -120.0886283, 46.3296421 ], [ -120.0892533, 46.3296841 ], [ -120.0899743, 46.3297351 ], [ -120.0903503, 46.3297611 ], [ -120.0907773, 46.3297911 ], [ -120.0914783, 46.3298441 ], [ -120.0918553, 46.3298731 ], [ -120.0921243, 46.3298931 ], [ -120.0929313, 46.3299541 ], [ -120.0932003, 46.3299751 ], [ -120.0932923, 46.3299811 ], [ -120.0935683, 46.3300021 ], [ -120.0936613, 46.3300101 ], [ -120.0955813, 46.3301451 ], [ -120.0959903, 46.3301801 ], [ -120.0973723, 46.3302981 ], [ -120.0986623, 46.3303861 ], [ -120.1008433, 46.3305501 ], [ -120.1029153, 46.3306861 ], [ -120.1029803, 46.3306901 ], [ -120.1053113, 46.3308521 ], [ -120.1055833, 46.3308711 ], [ -120.1064004, 46.3309281 ], [ -120.1066734, 46.3309471 ], [ -120.1066614, 46.3310551 ], [ -120.1066284, 46.3313931 ], [ -120.1065784, 46.3314616 ], [ -120.1065064, 46.3315081 ], [ -120.1064244, 46.3315361 ], [ -120.1063214, 46.3315466 ], [ -120.1054534, 46.3315401 ], [ -120.1051704, 46.3315381 ], [ -120.1051484, 46.3316501 ], [ -120.1050103, 46.3316861 ], [ -120.1042663, 46.3318831 ], [ -120.1040193, 46.3319501 ], [ -120.1040203, 46.3318651 ], [ -120.1040233, 46.3316141 ], [ -120.1040253, 46.3315301 ], [ -120.1024513, 46.3315211 ], [ -120.1019473, 46.3315131 ], [ -120.0990483, 46.3314721 ], [ -120.0957133, 46.3314171 ], [ -120.0936363, 46.3313831 ], [ -120.0936353, 46.3315661 ], [ -120.0936333, 46.3321171 ], [ -120.0936333, 46.3323011 ], [ -120.0936323, 46.3324851 ], [ -120.0936303, 46.3330391 ], [ -120.0936303, 46.3332241 ], [ -120.0936293, 46.3333961 ], [ -120.0936263, 46.3339111 ], [ -120.0936263, 46.3340841 ], [ -120.0936243, 46.3342621 ], [ -120.0936203, 46.3347971 ], [ -120.0936203, 46.3349761 ], [ -120.0932493, 46.3349661 ], [ -120.0921373, 46.3349381 ], [ -120.0918963, 46.3349321 ], [ -120.0918233, 46.3349111 ], [ -120.0917773, 46.3348851 ], [ -120.0917353, 46.3348421 ], [ -120.0917143, 46.3347951 ], [ -120.0917123, 46.3347521 ], [ -120.0917303, 46.3342391 ], [ -120.0917373, 46.3340731 ], [ -120.0917413, 46.3338911 ], [ -120.0917573, 46.3333481 ], [ -120.0917623, 46.3331671 ], [ -120.0917663, 46.3329871 ], [ -120.0917813, 46.3324481 ], [ -120.0917863, 46.3322691 ], [ -120.0914293, 46.3322691 ], [ -120.0903583, 46.3322701 ], [ -120.0900823, 46.3322711 ], [ -120.0900053, 46.3322491 ], [ -120.0899553, 46.3322181 ], [ -120.0899148, 46.3321606 ], [ -120.0899053, 46.3321021 ], [ -120.0899023, 46.3320571 ], [ -120.0899053, 46.3315361 ], [ -120.0899073, 46.3313481 ], [ -120.0885763, 46.3313321 ], [ -120.0853353, 46.3312951 ], [ -120.0845833, 46.3312861 ], [ -120.0832533, 46.3312721 ], [ -120.0832513, 46.3310801 ], [ -120.0832453, 46.3305041 ] ] ], [ [ [ -119.9889514, 46.3350428 ], [ -119.9889512, 46.3349548 ], [ -119.9865787, 46.3350453 ], [ -119.9840616, 46.3351381 ], [ -119.9840551, 46.3325254 ], [ -119.9840549, 46.3324138 ], [ -119.9840321, 46.3315892 ], [ -119.9840559, 46.3315883 ], [ -119.9840483, 46.3313876 ], [ -119.9869549, 46.3312769 ], [ -119.9870527, 46.3312732 ], [ -119.9876236, 46.3312514 ], [ -119.9875462, 46.3297132 ], [ -119.9875438, 46.3296668 ], [ -119.9893709, 46.3296079 ], [ -119.9894363, 46.3296058 ], [ -119.9922818, 46.329514 ], [ -119.9930475, 46.3294963 ], [ -119.993074, 46.331091 ], [ -119.9930763, 46.3312246 ], [ -119.9930763, 46.3312255 ], [ -119.9933899, 46.3312122 ], [ -119.9939906, 46.3311869 ], [ -119.9940199, 46.3329383 ], [ -119.9940235, 46.3331584 ], [ -119.9940813, 46.3366197 ], [ -119.9940987, 46.338374 ], [ -119.9941346, 46.3420128 ], [ -119.99649, 46.3419216 ], [ -119.9964931, 46.3416119 ], [ -119.9964947, 46.341456 ], [ -119.9965065, 46.3403037 ], [ -119.9965054, 46.3402531 ], [ -119.9965065, 46.340131 ], [ -119.9990171, 46.3400371 ], [ -119.9991157, 46.3400322 ], [ -119.9991279, 46.3391562 ], [ -119.999719, 46.3391536 ], [ -119.9997191, 46.3391505 ], [ -119.9997416, 46.3381952 ], [ -119.999802, 46.3356302 ], [ -119.9998029, 46.3355016 ], [ -119.9998087, 46.3347382 ], [ -119.9999856, 46.3347385 ], [ -120.0011448, 46.3347401 ], [ -120.0029189, 46.334722 ], [ -120.00292, 46.334722 ], [ -120.0029226, 46.334722 ], [ -120.0029226, 46.3347219 ], [ -120.0029234, 46.3346715 ], [ -120.0029343, 46.3339803 ], [ -120.0029577, 46.33398 ], [ -120.0030911, 46.3339786 ], [ -120.0043089, 46.333966 ], [ -120.0043087, 46.3339168 ], [ -120.0043041, 46.3326719 ], [ -120.004305, 46.3325997 ], [ -120.0043062, 46.3325997 ], [ -120.0054058, 46.3325995 ], [ -120.0054631, 46.3325994 ], [ -120.0054846, 46.3325994 ], [ -120.0054865, 46.3326542 ], [ -120.0055016, 46.3330883 ], [ -120.0066007, 46.3330873 ], [ -120.0066439, 46.3330873 ], [ -120.0066785, 46.3330873 ], [ -120.0066787, 46.3330987 ], [ -120.0066795, 46.3331419 ], [ -120.0067026, 46.3342973 ], [ -120.0067108, 46.3347068 ], [ -120.0095356, 46.3347289 ], [ -120.009606, 46.3347354 ], [ -120.0097345, 46.3347367 ], [ -120.0097347, 46.3347473 ], [ -120.0097417, 46.3351727 ], [ -120.009748, 46.3355601 ], [ -120.0106365, 46.3355551 ], [ -120.0106359, 46.3356284 ], [ -120.0106356, 46.3356743 ], [ -120.0106347, 46.3357942 ], [ -120.0106346, 46.3358124 ], [ -120.0106308, 46.3363268 ], [ -120.0109403, 46.3363266 ], [ -120.0109405, 46.3363266 ], [ -120.0110111, 46.3363265 ], [ -120.0112473, 46.3363263 ], [ -120.0114458, 46.3363262 ], [ -120.0116437, 46.336326 ], [ -120.0118416, 46.3363258 ], [ -120.0120396, 46.3363257 ], [ -120.012332, 46.3363254 ], [ -120.0126934, 46.3363251 ], [ -120.0127548, 46.3363251 ], [ -120.0127624, 46.3362811 ], [ -120.0128061, 46.3360298 ], [ -120.0128195, 46.3359525 ], [ -120.0128474, 46.3357918 ], [ -120.0128614, 46.3357114 ], [ -120.0128833, 46.3355849 ], [ -120.0128947, 46.3355196 ], [ -120.0129036, 46.3354682 ], [ -120.0129521, 46.3351892 ], [ -120.0129656, 46.3351112 ], [ -120.0129892, 46.3349752 ], [ -120.0130089, 46.334862 ], [ -120.0130203, 46.3347962 ], [ -120.0152036, 46.3348056 ], [ -120.0152157, 46.3363245 ], [ -120.0152286, 46.3379321 ], [ -120.0166444, 46.3379335 ], [ -120.0170002, 46.3379339 ], [ -120.0170125, 46.3374406 ], [ -120.0170241, 46.3369765 ], [ -120.0171151, 46.3369755 ], [ -120.0172053, 46.3369746 ], [ -120.0172936, 46.3369737 ], [ -120.0173801, 46.3369728 ], [ -120.0173811, 46.3367682 ], [ -120.0173817, 46.336666 ], [ -120.0173828, 46.336443 ], [ -120.017384, 46.3362188 ], [ -120.0182245, 46.3362215 ], [ -120.0199245, 46.3362269 ], [ -120.0199269, 46.3358762 ], [ -120.0199284, 46.3356444 ], [ -120.0200953, 46.3356433 ], [ -120.0201378, 46.335643 ], [ -120.0207503, 46.3356484 ], [ -120.0219241, 46.3356588 ], [ -120.0228305, 46.3356668 ], [ -120.0232872, 46.3356708 ], [ -120.0233258, 46.3348038 ], [ -120.0233286, 46.3347387 ], [ -120.0227123, 46.3347278 ], [ -120.0227221, 46.3312214 ], [ -120.0233486, 46.331225 ], [ -120.0249071, 46.3312431 ], [ -120.0252501, 46.3312471 ], [ -120.02572, 46.3312526 ], [ -120.0262292, 46.3312585 ], [ -120.0277298, 46.3312759 ], [ -120.0279881, 46.3312789 ], [ -120.0289167, 46.3312758 ], [ -120.0291507, 46.3312751 ], [ -120.0292375, 46.3312757 ], [ -120.0292637, 46.3312759 ], [ -120.0332193, 46.3313033 ], [ -120.0332191, 46.3313055 ], [ -120.0332171, 46.331322 ], [ -120.0332154, 46.3313358 ], [ -120.0332149, 46.3313407 ], [ -120.0407332, 46.3313502 ], [ -120.0411789, 46.3313507 ], [ -120.0411794, 46.3318208 ], [ -120.04118, 46.3323948 ], [ -120.0411807, 46.3329969 ], [ -120.0411812, 46.3334286 ], [ -120.0411816, 46.3338329 ], [ -120.0411823, 46.33444 ], [ -120.0411827, 46.3348425 ], [ -120.0411833, 46.3353757 ], [ -120.0412589, 46.3376173 ], [ -120.0412727, 46.3380357 ], [ -120.0412853, 46.3384137 ], [ -120.0408303, 46.3385085 ], [ -120.0382089, 46.3384994 ], [ -120.037988, 46.3384986 ], [ -120.037026, 46.3384971 ], [ -120.0358051, 46.3384934 ], [ -120.033093, 46.3384975 ], [ -120.0328434, 46.3385101 ], [ -120.0327042, 46.3385094 ], [ -120.0324991, 46.3384948 ], [ -120.0305886, 46.3384724 ], [ -120.0289899, 46.3384668 ], [ -120.0274587, 46.3384612 ], [ -120.02734, 46.3384609 ], [ -120.0260559, 46.3384581 ], [ -120.0253505, 46.3384714 ], [ -120.0253416, 46.3391697 ], [ -120.0253331, 46.3398102 ], [ -120.0253166, 46.3410853 ], [ -120.0253056, 46.3419487 ], [ -120.0252707, 46.3446527 ], [ -120.0252604, 46.3454537 ], [ -120.0252599, 46.3456491 ], [ -120.0251952, 46.3456486 ], [ -120.0251949, 46.3457058 ], [ -120.0246747, 46.3456999 ], [ -120.0236579, 46.3456822 ], [ -120.0227205, 46.3456815 ], [ -120.0213233, 46.3456866 ], [ -120.020345, 46.3456825 ], [ -120.0197701, 46.3456518 ], [ -120.0188903, 46.3456507 ], [ -120.0179015, 46.3456534 ], [ -120.0173826, 46.3456468 ], [ -120.0156922, 46.3456299 ], [ -120.0148283, 46.3456259 ], [ -120.0147632, 46.3456126 ], [ -120.0145891, 46.3455982 ], [ -120.0135755, 46.3455924 ], [ -120.0130409, 46.3455935 ], [ -120.0121717, 46.3455936 ], [ -120.0096686, 46.345583 ], [ -120.0094636, 46.3455825 ], [ -120.0094586, 46.3455074 ], [ -119.9990396, 46.3454607 ], [ -119.9990652, 46.3436304 ], [ -119.9982717, 46.3436682 ], [ -119.9979664, 46.3436803 ], [ -119.9954829, 46.3437785 ], [ -119.9941554, 46.343831 ], [ -119.9940123, 46.3438312 ], [ -119.9940212, 46.3429573 ], [ -119.9939267, 46.342961 ], [ -119.993927, 46.3420452 ], [ -119.9940074, 46.3420421 ], [ -119.9940176, 46.3402291 ], [ -119.9940017, 46.3392806 ], [ -119.9939875, 46.338435 ], [ -119.990206, 46.3385826 ], [ -119.9901357, 46.3385672 ], [ -119.9900437, 46.3385413 ], [ -119.9899614, 46.3385027 ], [ -119.9899408, 46.3384558 ], [ -119.9899377, 46.3360425 ], [ -119.989096, 46.3360666 ], [ -119.9889506, 46.3360685 ], [ -119.9889506, 46.3359856 ], [ -119.9889514, 46.3350428 ] ] ], [ [ [ -120.1780815, 46.3383298 ], [ -120.1781284, 46.3383373 ], [ -120.1782213, 46.3383379 ], [ -120.1782341, 46.338338 ], [ -120.1782478, 46.338338 ], [ -120.1782743, 46.3383382 ], [ -120.178396, 46.3383277 ], [ -120.1784465, 46.338315 ], [ -120.1785261, 46.3382949 ], [ -120.1786802, 46.3382846 ], [ -120.1787278, 46.3382849 ], [ -120.1788666, 46.3382858 ], [ -120.17902, 46.3383317 ], [ -120.179052, 46.3383456 ], [ -120.1791248, 46.3383772 ], [ -120.1792668, 46.3384826 ], [ -120.1792773, 46.3384904 ], [ -120.1794454, 46.3386543 ], [ -120.1794574, 46.3386621 ], [ -120.1795105, 46.3386964 ], [ -120.1795418, 46.3387166 ], [ -120.1795571, 46.3387207 ], [ -120.1796064, 46.3387339 ], [ -120.1797038, 46.3387289 ], [ -120.1798095, 46.3387015 ], [ -120.1799482, 46.3386294 ], [ -120.1800875, 46.338518 ], [ -120.1802727, 46.3384175 ], [ -120.180297, 46.3385446 ], [ -120.1804804, 46.3387063 ], [ -120.1804905, 46.3387153 ], [ -120.1806016, 46.3388675 ], [ -120.1808328, 46.3390035 ], [ -120.1807353, 46.3390049 ], [ -120.1805709, 46.3390073 ], [ -120.1805212, 46.3419259 ], [ -120.1805128, 46.3424165 ], [ -120.1795087, 46.3424233 ], [ -120.1763852, 46.3424445 ], [ -120.1764294, 46.3390714 ], [ -120.1764853, 46.3390706 ], [ -120.1764913, 46.3388623 ], [ -120.1765207, 46.33876 ], [ -120.1765773, 46.3386776 ], [ -120.1766977, 46.338532 ], [ -120.1769275, 46.338363 ], [ -120.1771239, 46.3382506 ], [ -120.1773009, 46.3381556 ], [ -120.1774042, 46.3380775 ], [ -120.1774807, 46.3380303 ], [ -120.1778347, 46.3378397 ], [ -120.1779161, 46.3378036 ], [ -120.1779227, 46.3381168 ], [ -120.177924, 46.3381778 ], [ -120.1779264, 46.3382911 ], [ -120.1779978, 46.3383074 ], [ -120.1780128, 46.3383121 ], [ -120.1780455, 46.3383224 ], [ -120.1780556, 46.3383256 ], [ -120.1780815, 46.3383298 ] ] ], [ [ [ -120.1829906, 46.3497686 ], [ -120.1817961, 46.3498187 ], [ -120.1804204, 46.3498763 ], [ -120.1804359, 46.3516815 ], [ -120.1804909, 46.3517525 ], [ -120.1804909, 46.3517527 ], [ -120.1804949, 46.3534857 ], [ -120.1805206, 46.3534856 ], [ -120.1817276, 46.353481 ], [ -120.1817282, 46.3534809 ], [ -120.1828415, 46.3534603 ], [ -120.1828577, 46.3534491 ], [ -120.1828731, 46.3534384 ], [ -120.1829635, 46.3533759 ], [ -120.183028, 46.3517155 ], [ -120.182954, 46.3517166 ], [ -120.182984, 46.3516536 ], [ -120.1829843, 46.3516531 ], [ -120.1829846, 46.3516531 ], [ -120.1830964, 46.3516534 ], [ -120.1831065, 46.3516548 ], [ -120.1832186, 46.3516706 ], [ -120.1832478, 46.3516748 ], [ -120.1833818, 46.3516937 ], [ -120.1834107, 46.3516977 ], [ -120.183426, 46.3516999 ], [ -120.1839986, 46.3517807 ], [ -120.1875516, 46.3517106 ], [ -120.1887266, 46.3516874 ], [ -120.1888254, 46.351726 ], [ -120.189412, 46.3519553 ], [ -120.1932419, 46.3534518 ], [ -120.1914356, 46.3534174 ], [ -120.1901321, 46.3534246 ], [ -120.1892177, 46.3534295 ], [ -120.1884885, 46.3534334 ], [ -120.1874764, 46.3535506 ], [ -120.1856714, 46.3535726 ], [ -120.1830123, 46.3536073 ], [ -120.1824035, 46.3536295 ], [ -120.1814505, 46.3536557 ], [ -120.1806103, 46.3536839 ], [ -120.1791076, 46.3537335 ], [ -120.1778944, 46.3537573 ], [ -120.1778995, 46.3535156 ], [ -120.1778976, 46.3517958 ], [ -120.1778995, 46.3505218 ], [ -120.1779012, 46.3499745 ], [ -120.1779137, 46.3483954 ], [ -120.1778996, 46.3481862 ], [ -120.1757783, 46.3482241 ], [ -120.1753616, 46.3483711 ], [ -120.175355, 46.3482152 ], [ -120.1727726, 46.3482676 ], [ -120.1711892, 46.3482984 ], [ -120.1727664, 46.3470457 ], [ -120.1727644, 46.3465339 ], [ -120.172787, 46.3463954 ], [ -120.1727949, 46.34384 ], [ -120.1727961, 46.3434365 ], [ -120.1727182, 46.3431183 ], [ -120.1725418, 46.3429644 ], [ -120.1720319, 46.3427346 ], [ -120.1717103, 46.3425782 ], [ -120.1715845, 46.3424439 ], [ -120.1721034, 46.3425364 ], [ -120.1731216, 46.3426515 ], [ -120.1737033, 46.3426835 ], [ -120.1737587, 46.3426782 ], [ -120.1744207, 46.3430736 ], [ -120.1751372, 46.3433991 ], [ -120.1759995, 46.343755 ], [ -120.1763661, 46.3439062 ], [ -120.1775317, 46.3443563 ], [ -120.1779677, 46.3445246 ], [ -120.1779979, 46.3454906 ], [ -120.1780217, 46.3462513 ], [ -120.1780234, 46.3463076 ], [ -120.1781023, 46.3463063 ], [ -120.1797258, 46.3462789 ], [ -120.1797427, 46.3465968 ], [ -120.1797592, 46.3469086 ], [ -120.1800362, 46.3469028 ], [ -120.1802526, 46.3468982 ], [ -120.1803162, 46.3479285 ], [ -120.1803435, 46.3479405 ], [ -120.1803831, 46.3479581 ], [ -120.1815804, 46.3479447 ], [ -120.1818073, 46.3481543 ], [ -120.1824437, 46.348552 ], [ -120.1829912, 46.3488941 ], [ -120.1829913, 46.348954 ], [ -120.1829928, 46.3496617 ], [ -120.1829929, 46.3497132 ], [ -120.1829929, 46.3497134 ], [ -120.1829915, 46.3497686 ], [ -120.1829906, 46.3497686 ] ] ], [ [ [ -120.2083106, 46.3473445 ], [ -120.2085408, 46.3474057 ], [ -120.2092336, 46.3475612 ], [ -120.2093907, 46.3476021 ], [ -120.2101288, 46.3478928 ], [ -120.2105193, 46.3480751 ], [ -120.2107481, 46.3481617 ], [ -120.2108965, 46.3482052 ], [ -120.2119006, 46.3484995 ], [ -120.2121009, 46.3485385 ], [ -120.2122347, 46.3485961 ], [ -120.21244, 46.3487272 ], [ -120.2128947, 46.3488623 ], [ -120.2131091, 46.3490056 ], [ -120.2136582, 46.3492641 ], [ -120.2139392, 46.3493507 ], [ -120.2142474, 46.3495224 ], [ -120.2142991, 46.3495658 ], [ -120.2146922, 46.3498743 ], [ -120.2149623, 46.3501591 ], [ -120.2150185, 46.3503105 ], [ -120.2150623, 46.3505565 ], [ -120.2150948, 46.350878 ], [ -120.2150861, 46.3511236 ], [ -120.2150477, 46.3511897 ], [ -120.2149546, 46.3511988 ], [ -120.2145389, 46.35098 ], [ -120.2141391, 46.3508935 ], [ -120.2137915, 46.3507693 ], [ -120.2130979, 46.3505866 ], [ -120.212818, 46.3505287 ], [ -120.2126052, 46.3505089 ], [ -120.2124197, 46.3505083 ], [ -120.2121784, 46.3503936 ], [ -120.2119408, 46.3504588 ], [ -120.2118625, 46.3505343 ], [ -120.2117927, 46.3507471 ], [ -120.2117635, 46.3508364 ], [ -120.2116387, 46.3509117 ], [ -120.2113868, 46.3510637 ], [ -120.2111875, 46.3511839 ], [ -120.21106, 46.3513211 ], [ -120.2109163, 46.3514757 ], [ -120.2107798, 46.3517112 ], [ -120.2106867, 46.3518715 ], [ -120.2107217, 46.3521832 ], [ -120.2107299, 46.3525137 ], [ -120.2108096, 46.3528034 ], [ -120.2108756, 46.3530431 ], [ -120.2108675, 46.3532603 ], [ -120.2108988, 46.3534681 ], [ -120.2111603, 46.3539608 ], [ -120.2112034, 46.3541407 ], [ -120.2113981, 46.3546904 ], [ -120.2114279, 46.3549461 ], [ -120.2113801, 46.3553814 ], [ -120.211264, 46.3557023 ], [ -120.2112296, 46.3557641 ], [ -120.2111937, 46.3558396 ], [ -120.2111301, 46.3558793 ], [ -120.210968, 46.3560186 ], [ -120.2109558, 46.3560286 ], [ -120.2107248, 46.3561804 ], [ -120.2106022, 46.3563501 ], [ -120.2104292, 46.3565599 ], [ -120.2102436, 46.3567868 ], [ -120.2101274, 46.3569621 ], [ -120.2100596, 46.3571244 ], [ -120.2100442, 46.3574307 ], [ -120.2100892, 46.3575859 ], [ -120.210088, 46.3575914 ], [ -120.2100958, 46.357965 ], [ -120.2102386, 46.3583825 ], [ -120.2102622, 46.3585046 ], [ -120.2104046, 46.3587557 ], [ -120.2104444, 46.3589636 ], [ -120.2105168, 46.3590825 ], [ -120.2105525, 46.3591139 ], [ -120.2105842, 46.3592569 ], [ -120.2105693, 46.359376 ], [ -120.2105687, 46.3595151 ], [ -120.2105859, 46.3597796 ], [ -120.2104061, 46.3601256 ], [ -120.210341, 46.3601523 ], [ -120.2102777, 46.3602993 ], [ -120.2102055, 46.3603985 ], [ -120.2101907, 46.3604779 ], [ -120.2101041, 46.3605671 ], [ -120.2099672, 46.3607685 ], [ -120.2098885, 46.3609146 ], [ -120.2097879, 46.3611154 ], [ -120.2096789, 46.3613277 ], [ -120.209599, 46.3615257 ], [ -120.2095606, 46.3617582 ], [ -120.2095781, 46.3620763 ], [ -120.2095595, 46.3621613 ], [ -120.2098515, 46.3625852 ], [ -120.2102775, 46.3631931 ], [ -120.2103334, 46.3632726 ], [ -120.2103489, 46.3633032 ], [ -120.2103925, 46.3635034 ], [ -120.2104185, 46.3635577 ], [ -120.2104586, 46.363642 ], [ -120.2106349, 46.3639196 ], [ -120.2107674, 46.364043 ], [ -120.210898, 46.3642653 ], [ -120.2102592, 46.3642697 ], [ -120.2100974, 46.3639743 ], [ -120.2094328, 46.3642605 ], [ -120.2092814, 46.3643451 ], [ -120.2087749, 46.3635914 ], [ -120.2071401, 46.3609516 ], [ -120.2074325, 46.360952 ], [ -120.207432, 46.3608617 ], [ -120.2074318, 46.3608246 ], [ -120.2074314, 46.3607497 ], [ -120.2086773, 46.3607521 ], [ -120.2086774, 46.3607521 ], [ -120.2088883, 46.3607525 ], [ -120.2088877, 46.3607316 ], [ -120.2085631, 46.3496593 ], [ -120.208543, 46.3490007 ], [ -120.2085305, 46.348589 ], [ -120.2085182, 46.3481824 ], [ -120.2085057, 46.3477717 ], [ -120.2084967, 46.3474765 ], [ -120.208495, 46.3474223 ], [ -120.208495, 46.3474217 ], [ -120.2084175, 46.3474131 ], [ -120.2082162, 46.347391 ], [ -120.2080264, 46.3473252 ], [ -120.20774, 46.347226 ], [ -120.2081039, 46.3473099 ], [ -120.2083079, 46.347344 ], [ -120.2083106, 46.3473445 ] ] ], [ [ [ -120.1987328, 46.3608121 ], [ -120.1987174, 46.3605685 ], [ -120.1987236, 46.3599844 ], [ -120.1986663, 46.3571004 ], [ -120.1986672, 46.3569929 ], [ -120.1986216, 46.356012 ], [ -120.1982571, 46.3557872 ], [ -120.1973171, 46.3552589 ], [ -120.1982665, 46.3557643 ], [ -120.1986171, 46.3559509 ], [ -120.1986187, 46.3559518 ], [ -120.198777, 46.3560365 ], [ -120.1989886, 46.3561859 ], [ -120.1996883, 46.3566802 ], [ -120.2003185, 46.3571253 ], [ -120.2003597, 46.3571544 ], [ -120.2006642, 46.3573695 ], [ -120.2014192, 46.3579027 ], [ -120.2044068, 46.3604999 ], [ -120.2044536, 46.3605429 ], [ -120.2045374, 46.36062 ], [ -120.2045819, 46.3606609 ], [ -120.2046533, 46.3607266 ], [ -120.2048056, 46.3608667 ], [ -120.2016011, 46.3608125 ], [ -120.2002336, 46.360814 ], [ -120.198851, 46.3608183 ], [ -120.1987328, 46.3608121 ] ] ], [ [ [ -120.2937569, 46.3748674 ], [ -120.2938174, 46.3748636 ], [ -120.2938172, 46.3748957 ], [ -120.2938171, 46.3749104 ], [ -120.2937925, 46.3784457 ], [ -120.2937924, 46.3784571 ], [ -120.2937921, 46.378502 ], [ -120.2938711, 46.378503 ], [ -120.296575, 46.3785342 ], [ -120.2992711, 46.3785654 ], [ -120.299243, 46.3843773 ], [ -120.2992794, 46.3859508 ], [ -120.3043568, 46.3859015 ], [ -120.3045735, 46.3859446 ], [ -120.3046092, 46.3859452 ], [ -120.3055194, 46.3859595 ], [ -120.3064493, 46.3859741 ], [ -120.3097628, 46.3860261 ], [ -120.310591, 46.3860391 ], [ -120.3106564, 46.3860401 ], [ -120.3110023, 46.3860455 ], [ -120.3110032, 46.3860456 ], [ -120.3110167, 46.3860912 ], [ -120.3148908, 46.3861047 ], [ -120.3148909, 46.3861047 ], [ -120.3148923, 46.3861047 ], [ -120.3148584, 46.3864488 ], [ -120.3148576, 46.3864566 ], [ -120.3146068, 46.3889959 ], [ -120.3146052, 46.3890117 ], [ -120.3145724, 46.3893443 ], [ -120.3145668, 46.3894005 ], [ -120.3145516, 46.3895545 ], [ -120.31455, 46.3895545 ], [ -120.3073046, 46.389471 ], [ -120.304288, 46.3894463 ], [ -120.3041924, 46.3894413 ], [ -120.3041924, 46.3894422 ], [ -120.3042094, 46.3913525 ], [ -120.3042107, 46.3914961 ], [ -120.3042118, 46.39162 ], [ -120.3042208, 46.3926348 ], [ -120.3042243, 46.3930302 ], [ -120.304226, 46.3932158 ], [ -120.305104, 46.3932197 ], [ -120.3069043, 46.3932278 ], [ -120.3088853, 46.3932366 ], [ -120.3093086, 46.3932385 ], [ -120.3141253, 46.3932598 ], [ -120.3143065, 46.3932607 ], [ -120.314318, 46.3940833 ], [ -120.3143215, 46.3943413 ], [ -120.3129787, 46.394333 ], [ -120.312985, 46.394587 ], [ -120.3130213, 46.396042 ], [ -120.3129972, 46.3960419 ], [ -120.3040727, 46.3960035 ], [ -120.3040963, 46.3939865 ], [ -120.304106, 46.393218 ], [ -120.2988349, 46.3931885 ], [ -120.2988345, 46.3931066 ], [ -120.2936345, 46.3930728 ], [ -120.2937916, 46.3859075 ], [ -120.2937667, 46.3859047 ], [ -120.2885951, 46.385894 ], [ -120.2886362, 46.3821815 ], [ -120.2918829, 46.3821694 ], [ -120.2936887, 46.3821613 ], [ -120.2938076, 46.3821607 ], [ -120.2938403, 46.3785747 ], [ -120.2937214, 46.3785765 ], [ -120.2937569, 46.3748674 ] ] ], [ [ [ -120.2443179, 46.3979112 ], [ -120.2440026, 46.3977057 ], [ -120.2435614, 46.397418 ], [ -120.243562, 46.3975968 ], [ -120.2435646, 46.3983543 ], [ -120.243568, 46.3993491 ], [ -120.2435729, 46.4007757 ], [ -120.2433157, 46.400938 ], [ -120.2429478, 46.401268 ], [ -120.2428568, 46.4014399 ], [ -120.2428523, 46.4014483 ], [ -120.2430279, 46.4019059 ], [ -120.2431699, 46.4021064 ], [ -120.2432053, 46.4021565 ], [ -120.2436892, 46.4019964 ], [ -120.2439449, 46.4019257 ], [ -120.244919, 46.4017661 ], [ -120.2452557, 46.401401 ], [ -120.2453415, 46.4013079 ], [ -120.2461923, 46.4008685 ], [ -120.2479147, 46.4008221 ], [ -120.2488318, 46.400941 ], [ -120.2490098, 46.400983 ], [ -120.2493318, 46.4010592 ], [ -120.2497948, 46.4010137 ], [ -120.2505013, 46.4009445 ], [ -120.2506832, 46.4009896 ], [ -120.250767, 46.4010104 ], [ -120.2508555, 46.4010474 ], [ -120.2511493, 46.4011702 ], [ -120.2513607, 46.401451 ], [ -120.251407, 46.4015124 ], [ -120.2513656, 46.4015256 ], [ -120.2512509, 46.4015621 ], [ -120.2510629, 46.401622 ], [ -120.2510769, 46.4017366 ], [ -120.2510753, 46.4018678 ], [ -120.2510344, 46.4019852 ], [ -120.2509301, 46.4021185 ], [ -120.2507972, 46.402209 ], [ -120.2507149, 46.402265 ], [ -120.2503808, 46.4024173 ], [ -120.2497574, 46.402694 ], [ -120.2490474, 46.4030092 ], [ -120.2483926, 46.4032357 ], [ -120.2477432, 46.4035459 ], [ -120.2474823, 46.4036705 ], [ -120.2474212, 46.4037519 ], [ -120.2472431, 46.4039895 ], [ -120.2468219, 46.4044107 ], [ -120.2464161, 46.4046219 ], [ -120.2461278, 46.4048872 ], [ -120.246095, 46.4050374 ], [ -120.2460677, 46.4051623 ], [ -120.2461472, 46.4054284 ], [ -120.2461738, 46.4055174 ], [ -120.2463265, 46.4056122 ], [ -120.2465419, 46.4057458 ], [ -120.2468619, 46.4058839 ], [ -120.2472619, 46.4060565 ], [ -120.247616, 46.4063806 ], [ -120.2476557, 46.406776 ], [ -120.2476155, 46.4068267 ], [ -120.2473831, 46.4071202 ], [ -120.246869, 46.4075312 ], [ -120.2467309, 46.4076415 ], [ -120.2466317, 46.4077889 ], [ -120.246439, 46.4080751 ], [ -120.246577, 46.4084741 ], [ -120.2468324, 46.4086244 ], [ -120.2471582, 46.4088161 ], [ -120.2476338, 46.4087709 ], [ -120.2478942, 46.4087461 ], [ -120.2479563, 46.4087402 ], [ -120.2484442, 46.4085049 ], [ -120.2484489, 46.4098269 ], [ -120.2484498, 46.4100597 ], [ -120.2476505, 46.4100653 ], [ -120.2476469, 46.408998 ], [ -120.2474931, 46.4090004 ], [ -120.2473644, 46.4089875 ], [ -120.2472432, 46.4089678 ], [ -120.2471354, 46.408948 ], [ -120.2469665, 46.4089013 ], [ -120.2468094, 46.4088466 ], [ -120.2466236, 46.4087393 ], [ -120.2464917, 46.4086472 ], [ -120.2463939, 46.4085436 ], [ -120.2463275, 46.4084401 ], [ -120.2462576, 46.4082495 ], [ -120.2462584, 46.4080699 ], [ -120.2463303, 46.4078416 ], [ -120.2464137, 46.4076731 ], [ -120.2465362, 46.4075055 ], [ -120.2465966, 46.4074419 ], [ -120.2470039, 46.4071069 ], [ -120.2473048, 46.4068571 ], [ -120.2473487, 46.406812 ], [ -120.2473807, 46.4067695 ], [ -120.2474023, 46.4067312 ], [ -120.2474209, 46.4066822 ], [ -120.2474313, 46.406632 ], [ -120.2474323, 46.40658 ], [ -120.2474235, 46.4065255 ], [ -120.2474071, 46.4064776 ], [ -120.2473853, 46.4064364 ], [ -120.2473464, 46.4063839 ], [ -120.2472149, 46.4062523 ], [ -120.2471586, 46.4062139 ], [ -120.2470863, 46.4061818 ], [ -120.2466904, 46.4060843 ], [ -120.2466121, 46.4060616 ], [ -120.2465385, 46.4060372 ], [ -120.2464772, 46.4060139 ], [ -120.246365, 46.4059631 ], [ -120.2463004, 46.4059286 ], [ -120.2462478, 46.4058967 ], [ -120.2461852, 46.4058544 ], [ -120.246142, 46.4058217 ], [ -120.2460833, 46.4057715 ], [ -120.2460427, 46.405732 ], [ -120.2460052, 46.4056912 ], [ -120.2459708, 46.405649 ], [ -120.2459301, 46.4055909 ], [ -120.2458875, 46.4055159 ], [ -120.2458603, 46.4054541 ], [ -120.2458439, 46.4054071 ], [ -120.2458304, 46.4053555 ], [ -120.2458217, 46.4053075 ], [ -120.2458166, 46.4052592 ], [ -120.2458157, 46.4051752 ], [ -120.2458221, 46.4051095 ], [ -120.2458331, 46.4050524 ], [ -120.2458492, 46.4049974 ], [ -120.2458857, 46.4049124 ], [ -120.2459309, 46.4048334 ], [ -120.2459902, 46.4047524 ], [ -120.2460333, 46.4047036 ], [ -120.2460845, 46.4046531 ], [ -120.2461354, 46.4046093 ], [ -120.2461865, 46.4045702 ], [ -120.2462409, 46.4045333 ], [ -120.2462995, 46.4044969 ], [ -120.2466924, 46.4042706 ], [ -120.2467567, 46.4042306 ], [ -120.246809, 46.4041931 ], [ -120.2468649, 46.4041468 ], [ -120.2469272, 46.4040851 ], [ -120.2469689, 46.4040346 ], [ -120.2470065, 46.4039817 ], [ -120.2470307, 46.4039406 ], [ -120.2470629, 46.4038777 ], [ -120.247195, 46.4035384 ], [ -120.2473081, 46.4034503 ], [ -120.2474589, 46.4033493 ], [ -120.2475982, 46.4032794 ], [ -120.2477375, 46.4032251 ], [ -120.2481928, 46.4030702 ], [ -120.2485473, 46.4029495 ], [ -120.2495969, 46.4024652 ], [ -120.2496988, 46.4024166 ], [ -120.2503984, 46.4020832 ], [ -120.2504453, 46.402058 ], [ -120.2504942, 46.402026 ], [ -120.2505596, 46.4019676 ], [ -120.250605, 46.4019099 ], [ -120.2506265, 46.4018716 ], [ -120.2506856, 46.4016933 ], [ -120.2507096, 46.4016454 ], [ -120.2507386, 46.4016065 ], [ -120.250774, 46.4015707 ], [ -120.2507445, 46.4015287 ], [ -120.2506882, 46.4014901 ], [ -120.250582, 46.4014376 ], [ -120.2504962, 46.4014079 ], [ -120.2504137, 46.4013884 ], [ -120.2503444, 46.4013771 ], [ -120.2502815, 46.4013711 ], [ -120.2502024, 46.4013689 ], [ -120.2501233, 46.4013722 ], [ -120.2500568, 46.4013796 ], [ -120.2499915, 46.4013911 ], [ -120.2496693, 46.4014534 ], [ -120.2495756, 46.4014694 ], [ -120.249478, 46.4014813 ], [ -120.2494127, 46.4014878 ], [ -120.2493336, 46.4014907 ], [ -120.2492385, 46.40149 ], [ -120.2491555, 46.4014857 ], [ -120.2490652, 46.4014769 ], [ -120.2489645, 46.401462 ], [ -120.2488882, 46.4014471 ], [ -120.2488246, 46.4014319 ], [ -120.2487398, 46.4014088 ], [ -120.2486437, 46.4013765 ], [ -120.2484216, 46.4012891 ], [ -120.24837, 46.4012704 ], [ -120.2482938, 46.4012473 ], [ -120.2481965, 46.4012243 ], [ -120.2481158, 46.4012098 ], [ -120.2480496, 46.4012013 ], [ -120.2479788, 46.4011954 ], [ -120.2479154, 46.4011929 ], [ -120.247852, 46.4011929 ], [ -120.2464136, 46.4012283 ], [ -120.2463312, 46.401234 ], [ -120.2462048, 46.4012643 ], [ -120.2460135, 46.4012937 ], [ -120.245874, 46.4013469 ], [ -120.245706, 46.4014628 ], [ -120.2455331, 46.4016776 ], [ -120.2454175, 46.4018093 ], [ -120.245333, 46.4018764 ], [ -120.2451675, 46.4019831 ], [ -120.2451157, 46.4020065 ], [ -120.2450276, 46.4020522 ], [ -120.2449682, 46.4020818 ], [ -120.2448591, 46.4021192 ], [ -120.2447905, 46.4021448 ], [ -120.2441406, 46.4023169 ], [ -120.242817, 46.4026782 ], [ -120.2426746, 46.4027113 ], [ -120.2425937, 46.4027381 ], [ -120.2425128, 46.4027667 ], [ -120.2424512, 46.4027932 ], [ -120.2423519, 46.4028404 ], [ -120.2422212, 46.4029191 ], [ -120.2420752, 46.4030156 ], [ -120.2420074, 46.403074 ], [ -120.2419487, 46.403128 ], [ -120.2418736, 46.4031986 ], [ -120.2418014, 46.4032694 ], [ -120.2416259, 46.4033898 ], [ -120.2415509, 46.4034416 ], [ -120.2414659, 46.4034877 ], [ -120.2414117, 46.4035214 ], [ -120.2413109, 46.4035705 ], [ -120.2412191, 46.4036095 ], [ -120.2411232, 46.4036573 ], [ -120.2410601, 46.4036821 ], [ -120.2409521, 46.403719 ], [ -120.2409519, 46.4037615 ], [ -120.2404876, 46.403839 ], [ -120.2404865, 46.4037436 ], [ -120.2404886, 46.4033196 ], [ -120.240619, 46.4032922 ], [ -120.24062, 46.4029875 ], [ -120.2406366, 46.4026974 ], [ -120.2406369, 46.4020333 ], [ -120.2406373, 46.4012667 ], [ -120.2406376, 46.4005359 ], [ -120.2406377, 46.400226 ], [ -120.2406416, 46.399653 ], [ -120.2406367, 46.3989865 ], [ -120.2406562, 46.3986396 ], [ -120.2406759, 46.3984159 ], [ -120.2406083, 46.3984163 ], [ -120.2406241, 46.3969007 ], [ -120.2406225, 46.3966056 ], [ -120.240619, 46.3962102 ], [ -120.2406153, 46.3958444 ], [ -120.2406176, 46.3953612 ], [ -120.2406201, 46.3948158 ], [ -120.2406228, 46.3946727 ], [ -120.240965, 46.3939828 ], [ -120.2428942, 46.3940365 ], [ -120.2453791, 46.3946494 ], [ -120.2458968, 46.3947477 ], [ -120.2462105, 46.3948027 ], [ -120.2464804, 46.3948321 ], [ -120.2464326, 46.3949945 ], [ -120.2463932, 46.3951287 ], [ -120.2463898, 46.3951404 ], [ -120.2466207, 46.395193 ], [ -120.2466211, 46.3951931 ], [ -120.2472096, 46.3953336 ], [ -120.2471596, 46.3953876 ], [ -120.2471384, 46.3954104 ], [ -120.2471171, 46.3954335 ], [ -120.2470955, 46.3954568 ], [ -120.2470022, 46.3955575 ], [ -120.2469675, 46.395595 ], [ -120.2468093, 46.3957657 ], [ -120.2463639, 46.3965752 ], [ -120.2463168, 46.3971629 ], [ -120.2463046, 46.3973158 ], [ -120.246147, 46.3973924 ], [ -120.2459876, 46.3974698 ], [ -120.2452887, 46.3974785 ], [ -120.2448179, 46.3974844 ], [ -120.2447316, 46.3974855 ], [ -120.2443179, 46.3979112 ] ] ], [ [ [ -120.2592331, 46.4093085 ], [ -120.2592351, 46.4093085 ], [ -120.2592397, 46.4093088 ], [ -120.2594218, 46.4093199 ], [ -120.2599129, 46.4093497 ], [ -120.2618979, 46.4093501 ], [ -120.2618905, 46.4101152 ], [ -120.2618805, 46.4111521 ], [ -120.2623205, 46.4111548 ], [ -120.2622771, 46.4111775 ], [ -120.26221, 46.4112125 ], [ -120.26221, 46.4112126 ], [ -120.2622098, 46.4113443 ], [ -120.2622094, 46.4116079 ], [ -120.2623492, 46.4116083 ], [ -120.2625987, 46.4116091 ], [ -120.263682, 46.4116123 ], [ -120.2640132, 46.4116133 ], [ -120.2646742, 46.4116153 ], [ -120.2646745, 46.4114037 ], [ -120.2640192, 46.4114045 ], [ -120.2640196, 46.4113258 ], [ -120.2640205, 46.4111652 ], [ -120.265332, 46.4111732 ], [ -120.2699379, 46.4112012 ], [ -120.2699472, 46.4112012 ], [ -120.2699586, 46.4118168 ], [ -120.2707953, 46.41182 ], [ -120.2716384, 46.4118233 ], [ -120.2716359, 46.4119647 ], [ -120.27162, 46.4128993 ], [ -120.2713912, 46.4128951 ], [ -120.2712448, 46.4128924 ], [ -120.2712439, 46.4130961 ], [ -120.2712431, 46.4132992 ], [ -120.2716581, 46.4133001 ], [ -120.2721405, 46.4133011 ], [ -120.2721396, 46.4133807 ], [ -120.2721364, 46.4136736 ], [ -120.2720694, 46.4181294 ], [ -120.2721841, 46.4181294 ], [ -120.2724134, 46.4181294 ], [ -120.2755871, 46.4181289 ], [ -120.2759827, 46.4181288 ], [ -120.2760628, 46.4181288 ], [ -120.2760233, 46.4178476 ], [ -120.2762119, 46.4172577 ], [ -120.2764299, 46.417002 ], [ -120.2766405, 46.416755 ], [ -120.2767435, 46.4158968 ], [ -120.2767918, 46.4154789 ], [ -120.2768551, 46.4149306 ], [ -120.2768903, 46.4146331 ], [ -120.2769411, 46.4142039 ], [ -120.2769507, 46.4130408 ], [ -120.2769671, 46.411077 ], [ -120.2769673, 46.4110429 ], [ -120.2774064, 46.4110252 ], [ -120.2773929, 46.4090759 ], [ -120.2773926, 46.4090266 ], [ -120.2773925, 46.4090141 ], [ -120.2774876, 46.4090558 ], [ -120.2778863, 46.4092305 ], [ -120.2778914, 46.4092327 ], [ -120.277965, 46.4092649 ], [ -120.2779654, 46.4092318 ], [ -120.2779658, 46.4091982 ], [ -120.2779716, 46.4086909 ], [ -120.2779735, 46.408528 ], [ -120.2779742, 46.4084595 ], [ -120.2780833, 46.4085094 ], [ -120.2794396, 46.4091297 ], [ -120.2826453, 46.4105957 ], [ -120.2826558, 46.4106004 ], [ -120.2827278, 46.4106334 ], [ -120.282739, 46.4106052 ], [ -120.2827503, 46.4105771 ], [ -120.2829197, 46.4101532 ], [ -120.2825748, 46.4094815 ], [ -120.2828122, 46.4092022 ], [ -120.2828174, 46.4091962 ], [ -120.2828222, 46.4091904 ], [ -120.2828322, 46.4091786 ], [ -120.2827882, 46.4090928 ], [ -120.2825388, 46.4086069 ], [ -120.2824134, 46.4083626 ], [ -120.2823848, 46.4083068 ], [ -120.2823876, 46.4083004 ], [ -120.2824115, 46.4082469 ], [ -120.2824157, 46.4082376 ], [ -120.282433, 46.4081987 ], [ -120.2824395, 46.4081842 ], [ -120.2824639, 46.4082047 ], [ -120.2825037, 46.4082381 ], [ -120.2836398, 46.4091897 ], [ -120.2866216, 46.4116874 ], [ -120.2866671, 46.4117255 ], [ -120.2867173, 46.4117419 ], [ -120.2867662, 46.4117579 ], [ -120.2875252, 46.4118694 ], [ -120.2915928, 46.4124665 ], [ -120.2916004, 46.4125422 ], [ -120.2916016, 46.4125538 ], [ -120.2918469, 46.4128487 ], [ -120.2921665, 46.4132329 ], [ -120.2924042, 46.4138038 ], [ -120.2926683, 46.4141534 ], [ -120.2928568, 46.414346 ], [ -120.2929699, 46.4144615 ], [ -120.29339, 46.4147907 ], [ -120.2934333, 46.4148246 ], [ -120.2934324, 46.4148573 ], [ -120.2934315, 46.4148901 ], [ -120.2934561, 46.4148902 ], [ -120.2935048, 46.4148905 ], [ -120.2960363, 46.415013 ], [ -120.2965579, 46.4151123 ], [ -120.2973988, 46.4152723 ], [ -120.2974635, 46.4174393 ], [ -120.2995052, 46.4183211 ], [ -120.2981865, 46.4183023 ], [ -120.2979785, 46.4182994 ], [ -120.2978789, 46.4182979 ], [ -120.2996236, 46.4190954 ], [ -120.3003527, 46.4194286 ], [ -120.3003532, 46.4194289 ], [ -120.3007501, 46.4196103 ], [ -120.3020376, 46.4201988 ], [ -120.302038, 46.4201989 ], [ -120.3074512, 46.4226667 ], [ -120.307465, 46.4226523 ], [ -120.3076882, 46.4227384 ], [ -120.3082198, 46.422996 ], [ -120.3083838, 46.4230755 ], [ -120.3086463, 46.4232027 ], [ -120.3089438, 46.4233469 ], [ -120.3089446, 46.4231831 ], [ -120.309529, 46.4234494 ], [ -120.3096872, 46.4235215 ], [ -120.3107362, 46.4240167 ], [ -120.3108482, 46.424073 ], [ -120.3109671, 46.4241328 ], [ -120.3115049, 46.424403 ], [ -120.3117636, 46.424533 ], [ -120.3121393, 46.4247338 ], [ -120.3127687, 46.4250701 ], [ -120.3130769, 46.4248152 ], [ -120.3137935, 46.4252197 ], [ -120.3138634, 46.4252549 ], [ -120.313939, 46.4252929 ], [ -120.313932, 46.4257233 ], [ -120.3139274, 46.426718 ], [ -120.3110325, 46.4250629 ], [ -120.308263, 46.4234677 ], [ -120.3078895, 46.4232526 ], [ -120.3071414, 46.4228971 ], [ -120.30165, 46.4203521 ], [ -120.3007987, 46.4199573 ], [ -120.2995576, 46.4193477 ], [ -120.2993609, 46.4192629 ], [ -120.2987469, 46.4189832 ], [ -120.2985853, 46.4189208 ], [ -120.2983655, 46.4189467 ], [ -120.2980113, 46.4188296 ], [ -120.2974909, 46.4186879 ], [ -120.2970427, 46.4185911 ], [ -120.2965172, 46.4185098 ], [ -120.2959062, 46.418462 ], [ -120.2943763, 46.4184413 ], [ -120.2932848, 46.4184195 ], [ -120.2932769, 46.4183639 ], [ -120.2925695, 46.4183664 ], [ -120.2907316, 46.4183735 ], [ -120.2906396, 46.4183739 ], [ -120.2880671, 46.4183826 ], [ -120.2869692, 46.4183894 ], [ -120.2863745, 46.4183918 ], [ -120.2854675, 46.4183954 ], [ -120.2828675, 46.4184057 ], [ -120.2818061, 46.4184061 ], [ -120.2802716, 46.4184067 ], [ -120.2802081, 46.4184067 ], [ -120.2792407, 46.418407 ], [ -120.2786023, 46.4184072 ], [ -120.2776756, 46.4184076 ], [ -120.2763777, 46.418408 ], [ -120.2730804, 46.4184089 ], [ -120.2724838, 46.4184091 ], [ -120.272018, 46.4184018 ], [ -120.2690404, 46.4183512 ], [ -120.2682476, 46.4183379 ], [ -120.2671773, 46.4183198 ], [ -120.265967, 46.4182994 ], [ -120.2651478, 46.4182856 ], [ -120.2623073, 46.4182377 ], [ -120.2621871, 46.4183179 ], [ -120.26195, 46.4183177 ], [ -120.2591903, 46.4183263 ], [ -120.2591943, 46.4182612 ], [ -120.2591934, 46.4181367 ], [ -120.258948, 46.4181262 ], [ -120.257996, 46.4179344 ], [ -120.2570301, 46.4176129 ], [ -120.25347, 46.4158376 ], [ -120.25369, 46.4156278 ], [ -120.2538548, 46.4154981 ], [ -120.2546488, 46.4148769 ], [ -120.2546504, 46.4145255 ], [ -120.2546484, 46.414161 ], [ -120.2540263, 46.4135925 ], [ -120.2539903, 46.4134263 ], [ -120.254, 46.413338 ], [ -120.2540313, 46.4132167 ], [ -120.2540995, 46.4130973 ], [ -120.2541753, 46.4116788 ], [ -120.2541993, 46.4115263 ], [ -120.2542601, 46.4113083 ], [ -120.2541377, 46.4111662 ], [ -120.2514204, 46.4111523 ], [ -120.2507689, 46.4111578 ], [ -120.2495798, 46.4111684 ], [ -120.2490293, 46.4111733 ], [ -120.2490253, 46.4110176 ], [ -120.2490232, 46.4108504 ], [ -120.2516023, 46.4108561 ], [ -120.2521172, 46.4108563 ], [ -120.2546853, 46.4108577 ], [ -120.2547397, 46.4108578 ], [ -120.254779, 46.4108579 ], [ -120.2549037, 46.4108582 ], [ -120.2550762, 46.4108585 ], [ -120.2551157, 46.4108115 ], [ -120.255182, 46.4107327 ], [ -120.2552097, 46.4106998 ], [ -120.2552164, 46.4106917 ], [ -120.2552495, 46.4106675 ], [ -120.2556245, 46.4103933 ], [ -120.2557046, 46.4103747 ], [ -120.2560147, 46.4103027 ], [ -120.2560941, 46.4103045 ], [ -120.2562539, 46.410308 ], [ -120.2568056, 46.4103147 ], [ -120.2570117, 46.4103089 ], [ -120.2572193, 46.4103031 ], [ -120.2576483, 46.4101724 ], [ -120.2579426, 46.4099956 ], [ -120.258012, 46.4099384 ], [ -120.2581507, 46.4098239 ], [ -120.2583576, 46.4096597 ], [ -120.258461, 46.4095775 ], [ -120.2586375, 46.4094222 ], [ -120.2588348, 46.4093345 ], [ -120.2589479, 46.4093183 ], [ -120.2590609, 46.4093021 ], [ -120.2592331, 46.4093085 ] ] ], [ [ [ -120.30894, 46.4330451 ], [ -120.309751, 46.4330561 ], [ -120.310063, 46.4330611 ], [ -120.311444, 46.4330461 ], [ -120.311509, 46.4330411 ], [ -120.311574, 46.4330311 ], [ -120.311707, 46.4329951 ], [ -120.311768, 46.4329701 ], [ -120.311822, 46.4329421 ], [ -120.311875, 46.4329081 ], [ -120.311922, 46.4328711 ], [ -120.311963, 46.4328311 ], [ -120.311998, 46.4327881 ], [ -120.312024, 46.4327451 ], [ -120.312046, 46.4326936 ], [ -120.312204, 46.4321971 ], [ -120.312284, 46.4319861 ], [ -120.312326, 46.4319311 ], [ -120.312061, 46.4318131 ], [ -120.311772, 46.4316631 ], [ -120.310337, 46.4309211 ], [ -120.310128, 46.4308291 ], [ -120.3095465, 46.4305756 ], [ -120.309355, 46.4302521 ], [ -120.30941, 46.4299751 ], [ -120.309621, 46.4289371 ], [ -120.30995, 46.4281271 ], [ -120.310013, 46.4280261 ], [ -120.310118, 46.4278601 ], [ -120.309994, 46.4275481 ], [ -120.309842, 46.4275441 ], [ -120.310069, 46.4274271 ], [ -120.310213, 46.4273491 ], [ -120.310297, 46.4273051 ], [ -120.310464, 46.4272461 ], [ -120.310764, 46.4271791 ], [ -120.311032, 46.4272001 ], [ -120.311269, 46.4274391 ], [ -120.311336, 46.4274651 ], [ -120.311504, 46.4275301 ], [ -120.311742, 46.4275561 ], [ -120.311848, 46.4274821 ], [ -120.312029, 46.4274481 ], [ -120.31188, 46.4272291 ], [ -120.311197, 46.4259901 ], [ -120.31097, 46.4255771 ], [ -120.310918, 46.4253921 ], [ -120.310958, 46.4251651 ], [ -120.311018, 46.4252091 ], [ -120.31136, 46.4254391 ], [ -120.311521, 46.4255401 ], [ -120.311713, 46.4256611 ], [ -120.313278, 46.4265631 ], [ -120.313865, 46.4269021 ], [ -120.313906, 46.4268551 ], [ -120.314033, 46.4267151 ], [ -120.31408, 46.4266611 ], [ -120.314136, 46.4265471 ], [ -120.314169, 46.4264341 ], [ -120.31418, 46.4263361 ], [ -120.31418, 46.4262521 ], [ -120.314181, 46.4261561 ], [ -120.314182, 46.4260231 ], [ -120.314182, 46.4259751 ], [ -120.314182, 46.4258641 ], [ -120.314183, 46.4257851 ], [ -120.314183, 46.4256561 ], [ -120.314185, 46.4252701 ], [ -120.314186, 46.4251421 ], [ -120.314185, 46.4250481 ], [ -120.314185, 46.4247661 ], [ -120.314185, 46.4246731 ], [ -120.314184, 46.4244941 ], [ -120.314184, 46.4239601 ], [ -120.314184, 46.4237821 ], [ -120.314183, 46.4235931 ], [ -120.31418, 46.4230261 ], [ -120.314179, 46.4228381 ], [ -120.314178, 46.4227011 ], [ -120.314175, 46.4222901 ], [ -120.314175, 46.4221531 ], [ -120.314174, 46.4219651 ], [ -120.314172, 46.4214011 ], [ -120.314172, 46.4212131 ], [ -120.314171, 46.4210381 ], [ -120.314169, 46.4205141 ], [ -120.314169, 46.4203401 ], [ -120.314168, 46.4199761 ], [ -120.314166, 46.4188861 ], [ -120.314166, 46.4185231 ], [ -120.314166, 46.4183391 ], [ -120.314168, 46.4177901 ], [ -120.314169, 46.4176071 ], [ -120.314169, 46.4173721 ], [ -120.3141715, 46.4166636 ], [ -120.3141686, 46.4165969 ], [ -120.3158145, 46.4168029 ], [ -120.3176034, 46.4169952 ], [ -120.3179217, 46.4170285 ], [ -120.3181983, 46.4170583 ], [ -120.318898, 46.417141 ], [ -120.3194378, 46.4172008 ], [ -120.3210324, 46.4173771 ], [ -120.321532, 46.4174369 ], [ -120.3227039, 46.4175919 ], [ -120.3229354, 46.4176212 ], [ -120.3235782, 46.4177334 ], [ -120.3243293, 46.4178843 ], [ -120.3253086, 46.4181182 ], [ -120.3259328, 46.4182835 ], [ -120.3261758, 46.4183548 ], [ -120.3264866, 46.4184505 ], [ -120.326504, 46.4184565 ], [ -120.3270947, 46.4186448 ], [ -120.3273078, 46.4187183 ], [ -120.327302, 46.4188581 ], [ -120.327285, 46.4192911 ], [ -120.32728, 46.4194361 ], [ -120.327281, 46.4199741 ], [ -120.327284, 46.4215881 ], [ -120.327286, 46.4221271 ], [ -120.326764, 46.4221281 ], [ -120.325197, 46.4221321 ], [ -120.324676, 46.4221341 ], [ -120.32468, 46.4235781 ], [ -120.324684, 46.4249531 ], [ -120.324713, 46.4277691 ], [ -120.324711, 46.4279101 ], [ -120.324698, 46.4293551 ], [ -120.3247, 46.4298181 ], [ -120.324708, 46.4312071 ], [ -120.324711, 46.4316701 ], [ -120.324711, 46.4317891 ], [ -120.3247141, 46.4321501 ], [ -120.3247151, 46.4322701 ], [ -120.3247151, 46.4323141 ], [ -120.3247151, 46.4324491 ], [ -120.3247161, 46.4325101 ], [ -120.3246986, 46.4325916 ], [ -120.3246521, 46.4326751 ], [ -120.3246211, 46.4327101 ], [ -120.3245211, 46.4327901 ], [ -120.3244491, 46.4328491 ], [ -120.3245171, 46.4334051 ], [ -120.3247241, 46.4350761 ], [ -120.3247931, 46.4356331 ], [ -120.3247891, 46.4357711 ], [ -120.3247791, 46.4361981 ], [ -120.3247771, 46.4363281 ], [ -120.3247761, 46.4363861 ], [ -120.3247741, 46.4365591 ], [ -120.3247741, 46.4366181 ], [ -120.3237061, 46.4366171 ], [ -120.3205031, 46.4366161 ], [ -120.3194361, 46.4366161 ], [ -120.3184811, 46.4366331 ], [ -120.3168581, 46.4366621 ], [ -120.3164291, 46.4367991 ], [ -120.3161311, 46.4370501 ], [ -120.3158841, 46.4373651 ], [ -120.3157021, 46.4375991 ], [ -120.3151401, 46.4379411 ], [ -120.3138511, 46.4379411 ], [ -120.3133221, 46.4381471 ], [ -120.3126281, 46.4381931 ], [ -120.3124301, 46.4381011 ], [ -120.3121991, 46.4373471 ], [ -120.3119011, 46.4370501 ], [ -120.3113071, 46.4368451 ], [ -120.3107651, 46.4368841 ], [ -120.3103811, 46.4369131 ], [ -120.3101171, 46.4370501 ], [ -120.3096541, 46.4374391 ], [ -120.3095581, 46.4373701 ], [ -120.3095471, 46.4372281 ], [ -120.3095121, 46.4367731 ], [ -120.3093201, 46.4366581 ], [ -120.3092221, 46.4366451 ], [ -120.3089586, 46.4365951 ], [ -120.3089301, 46.4364791 ], [ -120.308928, 46.4362371 ], [ -120.308921, 46.4351031 ], [ -120.308919, 46.4347261 ], [ -120.308922, 46.4343891 ], [ -120.308935, 46.4333811 ], [ -120.30894, 46.4330451 ] ] ] ] } }
]
}
