{"type": "FeatureCollection", "features": [{"type": "Feature", "geometry": {"type": "MultiPolygon", "coordinates": [[[[-123.00402665, 46.153731928], [-123.004266839, 46.153770961], [-123.00426684, 46.153770961], [-123.004266842, 46.153770961], [-123.004266843, 46.153770961], [-123.005081048, 46.153621614], [-123.005081049, 46.153621614], [-123.00508105, 46.153621614], [-123.005081051, 46.153621613], [-123.005081052, 46.153621613], [-123.006248767, 46.152809052], [-123.007570297, 46.152841744], [-123.007570298, 46.152841744], [-123.0075703, 46.152841744], [-123.007570301, 46.152841743], [-123.007997833, 46.152711558], [-123.010244276, 46.15271423], [-123.011064673, 46.153131038], [-123.011064674, 46.153131039], [-123.011064675, 46.153131039], [-123.011064676, 46.153131039], [-123.011064677, 46.153131039], [-123.011064678, 46.15313104], [-123.011064679, 46.153131039], [-123.01106468, 46.153131039], [-123.011701803, 46.152979121], [-123.011841334, 46.152945672], [-123.011841335, 46.152945672], [-123.011841336, 46.152945671], [-123.011841337, 46.152945671], [-123.011841337, 46.15294567], [-123.012536089, 46.152458713], [-123.015115242, 46.151336015], [-123.015130693, 46.151331005], [-123.015231378, 46.151292834], [-123.015264912, 46.15132095], [-123.015495609, 46.151579523], [-123.015609609, 46.151706523], [-123.015633609, 46.151733523], [-123.015985609, 46.151889523], [-123.016019932, 46.151904984], [-123.016216539, 46.152040343], [-123.016480614, 46.152246506], [-123.01670012, 46.152417873], [-123.016815247, 46.152517652], [-123.016832403, 46.152545685], [-123.01682261, 46.152838523], [-123.01681699, 46.152976507], [-123.016816464, 46.152989199], [-123.016816463, 46.1529892], [-123.016816463, 46.152989201], [-123.016811892, 46.153099374], [-123.016811892, 46.153099375], [-123.016811892, 46.153099376], [-123.016811892, 46.153099377], [-123.016811594, 46.153106563], [-123.01678961, 46.153619523], [-123.01729161, 46.154115523], [-123.01766161, 46.154481523], [-123.01795961, 46.154775523], [-123.01807761, 46.154895523], [-123.01822061, 46.155338523], [-123.01852061, 46.155539523], [-123.019463611, 46.155886523], [-123.020212611, 46.156207523], [-123.020710611, 46.156556523], [-123.021292611, 46.157218523], [-123.021592611, 46.157693523], [-123.021728905, 46.157929355], [-123.022011612, 46.158418523], [-123.022302612, 46.158835523], [-123.022678612, 46.159170523], [-123.022946612, 46.159330523], [-123.023229612, 46.159501523], [-123.024332612, 46.160050522], [-123.026220613, 46.161185522], [-123.026721613, 46.161387522], [-123.027094613, 46.161537522], [-123.027919613, 46.161668522], [-123.028283613, 46.161763522], [-123.029251614, 46.162156522], [-123.029906086, 46.162561568], [-123.029924697, 46.162581048], [-123.029932363, 46.162730222], [-123.029932988, 46.163881793], [-123.029926113, 46.164021752], [-123.029604585, 46.163608225], [-123.029604585, 46.163608225], [-123.029604584, 46.163608224], [-123.029604583, 46.163608224], [-123.029604583, 46.163608223], [-123.029604582, 46.163608223], [-123.029604581, 46.163608222], [-123.02960458, 46.163608222], [-123.029426287, 46.163560917], [-123.029426287, 46.163560916], [-123.029414784, 46.163558223], [-123.029395985, 46.163530537], [-123.029497377, 46.163479142], [-123.029497378, 46.163479142], [-123.029497379, 46.163479141], [-123.02949738, 46.163479141], [-123.02949738, 46.16347914], [-123.029497381, 46.163479139], [-123.029497381, 46.163479138], [-123.029497382, 46.163479138], [-123.029497382, 46.163479137], [-123.029497382, 46.163479136], [-123.029497383, 46.163479135], [-123.029497383, 46.163479134], [-123.029497383, 46.163479133], [-123.029497383, 46.163479132], [-123.029497382, 46.163479131], [-123.029497382, 46.16347913], [-123.029487547, 46.163451264], [-123.029487546, 46.163451263], [-123.029487546, 46.163451262], [-123.029487545, 46.163451262], [-123.029487545, 46.163451261], [-123.029487544, 46.16345126], [-123.029487543, 46.16345126], [-123.029487542, 46.163451259], [-123.029487542, 46.163451259], [-123.029487541, 46.163451258], [-123.02948754, 46.163451258], [-123.029487539, 46.163451258], [-123.029487538, 46.163451258], [-123.029487537, 46.163451258], [-123.029487536, 46.163451258], [-123.029487535, 46.163451258], [-123.029487534, 46.163451258], [-123.029487533, 46.163451258], [-123.029350714, 46.163515657], [-123.029350714, 46.163515657], [-123.029350713, 46.163515658], [-123.029350712, 46.163515659], [-123.029350711, 46.163515659], [-123.029326876, 46.163540812], [-123.02881234, 46.163160373], [-123.028812339, 46.163160373], [-123.028812339, 46.163160372], [-123.02850153, 46.162997575], [-123.028501529, 46.162997574], [-123.027571145, 46.16266322], [-123.027571145, 46.16266322], [-123.027571144, 46.16266322], [-123.027062558, 46.162573175], [-123.027062557, 46.162573175], [-123.026564215, 46.162517637], [-123.026564214, 46.162517637], [-123.025975448, 46.162536526], [-123.025623946, 46.162396132], [-123.025623945, 46.162396132], [-123.025623944, 46.162396132], [-123.025623943, 46.162396132], [-123.025623942, 46.162396132], [-123.025623941, 46.162396132], [-123.02562394, 46.162396132], [-123.025623939, 46.162396132], [-123.025623938, 46.162396132], [-123.025623937, 46.162396133], [-123.025623936, 46.162396133], [-123.025623936, 46.162396134], [-123.024689818, 46.163168567], [-123.024065211, 46.162966265], [-123.02406521, 46.162966265], [-123.023405512, 46.162832631], [-123.023405512, 46.162832631], [-123.023013837, 46.162776743], [-123.023013836, 46.162776743], [-123.022417474, 46.16274547], [-123.022417473, 46.16274547], [-123.021498942, 46.162804706], [-123.021498941, 46.162804706], [-123.020622634, 46.162887636], [-123.018274209, 46.16311611], [-123.017841978, 46.163156573], [-123.017434546, 46.163194715], [-123.01575934, 46.163351539], [-123.01575934, 46.163351539], [-123.014909682, 46.163465485], [-123.014387934, 46.163483344], [-123.014387933, 46.163483344], [-123.014387932, 46.163483344], [-123.014387931, 46.163483344], [-123.01438793, 46.163483345], [-123.01438793, 46.163483345], [-123.014387929, 46.163483345], [-123.014387928, 46.163483346], [-123.014387927, 46.163483347], [-123.014387927, 46.163483347], [-123.014387926, 46.163483348], [-123.014387926, 46.163483349], [-123.014387925, 46.16348335], [-123.014387925, 46.163483351], [-123.014387925, 46.163483352], [-123.014387925, 46.163483353], [-123.014387925, 46.163483354], [-123.014387925, 46.163483355], [-123.014387925, 46.163483356], [-123.014387925, 46.163483357], [-123.014387925, 46.163483358], [-123.014387926, 46.163483358], [-123.014387926, 46.163483359], [-123.014387927, 46.16348336], [-123.01486372, 46.164048723], [-123.014859923, 46.164050181], [-123.013914761, 46.16357827], [-123.013914761, 46.16357827], [-123.01391476, 46.163578269], [-123.013914759, 46.163578269], [-123.013914758, 46.163578269], [-123.013914757, 46.163578269], [-123.013914756, 46.163578269], [-123.013914755, 46.163578269], [-123.013914754, 46.16357827], [-123.013322284, 46.163797333], [-123.013143406, 46.163580461], [-123.013143405, 46.163580461], [-123.013143404, 46.16358046], [-123.013143404, 46.163580459], [-123.013143403, 46.163580459], [-123.011804772, 46.162876355], [-123.011723871, 46.162833795], [-123.01172387, 46.162833794], [-123.01172387, 46.162833794], [-123.011723869, 46.162833794], [-123.011723868, 46.162833793], [-123.011723867, 46.162833793], [-123.011723866, 46.162833793], [-123.011723865, 46.162833794], [-123.011723864, 46.162833794], [-123.011723863, 46.162833794], [-123.011723862, 46.162833794], [-123.011723861, 46.162833795], [-123.011525678, 46.162960107], [-123.011525678, 46.162960107], [-123.011525677, 46.162960108], [-123.011525676, 46.162960109], [-123.011253055, 46.163285006], [-123.011253054, 46.163285007], [-123.011253053, 46.163285007], [-123.011253053, 46.163285008], [-123.011253053, 46.163285009], [-123.011253052, 46.16328501], [-123.011253052, 46.163285011], [-123.011253052, 46.163285012], [-123.011244152, 46.163532169], [-123.011244152, 46.16353217], [-123.011244152, 46.163532171], [-123.011244152, 46.163532172], [-123.011244153, 46.163532173], [-123.011317078, 46.163703867], [-123.011359161, 46.163853023], [-123.011398277, 46.164084556], [-123.011381895, 46.164320606], [-123.011299484, 46.164632397], [-123.011205257, 46.164834077], [-123.011205257, 46.164834078], [-123.011205256, 46.164834079], [-123.011205256, 46.16483408], [-123.011205256, 46.164834081], [-123.011186304, 46.165141531], [-123.011061622, 46.165529516], [-123.011061621, 46.165529518], [-123.011012044, 46.165808927], [-123.010896656, 46.166158628], [-123.010896655, 46.166158629], [-123.010896655, 46.16615863], [-123.010896655, 46.166158631], [-123.010896655, 46.166158632], [-123.010896655, 46.166158633], [-123.010896655, 46.166158634], [-123.010896656, 46.166158635], [-123.010896656, 46.166158636], [-123.010896657, 46.166158637], [-123.011212017, 46.166625963], [-123.011212017, 46.166625964], [-123.011416524, 46.166876979], [-123.0114923, 46.167089108], [-123.011489734, 46.167093955], [-123.011387627, 46.167197248], [-123.010322188, 46.168174698], [-123.010322187, 46.168174698], [-123.010322187, 46.168174699], [-123.010322186, 46.1681747], [-123.010322186, 46.168174701], [-123.010322185, 46.168174702], [-123.010322185, 46.168174703], [-123.010322185, 46.168174704], [-123.010322185, 46.168174705], [-123.010322185, 46.168174706], [-123.010322185, 46.168174707], [-123.010322185, 46.168174707], [-123.010322185, 46.168174708], [-123.010322186, 46.168174709], [-123.010322186, 46.16817471], [-123.010322187, 46.168174711], [-123.010322187, 46.168174712], [-123.010322188, 46.168174712], [-123.010322189, 46.168174713], [-123.010322189, 46.168174714], [-123.01032219, 46.168174714], [-123.010402374, 46.168214241], [-123.010062093, 46.168547453], [-123.010062093, 46.168547454], [-123.010062092, 46.168547454], [-123.010062092, 46.168547455], [-123.010062091, 46.168547456], [-123.010062091, 46.168547457], [-123.010062091, 46.168547458], [-123.01006209, 46.168547459], [-123.01006209, 46.16854746], [-123.01006209, 46.168547461], [-123.010062091, 46.168547462], [-123.010062091, 46.168547463], [-123.010062091, 46.168547464], [-123.010062092, 46.168547465], [-123.010062092, 46.168547466], [-123.010062093, 46.168547467], [-123.010062093, 46.168547467], [-123.010062094, 46.168547468], [-123.010062095, 46.168547468], [-123.010062096, 46.168547469], [-123.01019323, 46.168612113], [-123.009886431, 46.168911756], [-123.00988643, 46.168911757], [-123.00988643, 46.168911757], [-123.009886429, 46.168911758], [-123.009886429, 46.168911759], [-123.009886428, 46.16891176], [-123.009886428, 46.168911761], [-123.009886428, 46.168911762], [-123.009485225, 46.171613691], [-123.009485225, 46.171613693], [-123.00945687, 46.171756439], [-123.009456431, 46.171757892], [-123.008216357, 46.171712131], [-123.008056627, 46.171445035], [-123.007974167, 46.171177491], [-123.007967511, 46.171018244], [-123.007965299, 46.17085082], [-123.007990287, 46.170644991], [-123.008019307, 46.170460365], [-123.008040462, 46.170325771], [-123.008065232, 46.170223854], [-123.008065232, 46.170223853], [-123.008065232, 46.170223852], [-123.008065232, 46.170223851], [-123.008065232, 46.17022385], [-123.008065232, 46.170223849], [-123.008065231, 46.170223848], [-123.008065231, 46.170223847], [-123.008065231, 46.170223846], [-123.00806523, 46.170223846], [-123.00806523, 46.170223845], [-123.007969366, 46.170110065], [-123.007969365, 46.170110064], [-123.007969365, 46.170110063], [-123.007969364, 46.170110063], [-123.00786592, 46.170035756], [-123.007865919, 46.170035756], [-123.007865918, 46.170035755], [-123.007772622, 46.169996028], [-123.007772621, 46.169996028], [-123.00777262, 46.169996027], [-123.007644221, 46.169969616], [-123.00764422, 46.169969616], [-123.007644219, 46.169969615], [-123.007478311, 46.169973717], [-123.00747831, 46.169973717], [-123.007478309, 46.169973717], [-123.007478308, 46.169973717], [-123.007358054, 46.170012168], [-123.006695307, 46.170199997], [-123.006532914, 46.17021478], [-123.006392849, 46.170198654], [-123.006242137, 46.170146348], [-123.006144492, 46.170093171], [-123.006075832, 46.170026321], [-123.006034841, 46.169918385], [-123.007515316, 46.168468822], [-123.007515317, 46.168468821], [-123.007515318, 46.16846882], [-123.007515318, 46.168468819], [-123.007515319, 46.168468819], [-123.007515319, 46.168468818], [-123.007515319, 46.168468817], [-123.007515319, 46.168468816], [-123.007515319, 46.168468815], [-123.007515319, 46.168468814], [-123.007515319, 46.168468813], [-123.007515319, 46.168468812], [-123.007515319, 46.168468811], [-123.007515318, 46.16846881], [-123.007515318, 46.168468809], [-123.007515317, 46.168468808], [-123.007515316, 46.168468807], [-123.007515315, 46.168468807], [-123.007515315, 46.168468806], [-123.007515314, 46.168468806], [-123.006977806, 46.168203813], [-123.006977805, 46.168203813], [-123.006977804, 46.168203813], [-123.006977803, 46.168203812], [-123.006977802, 46.168203812], [-123.006977801, 46.168203812], [-123.0069778, 46.168203812], [-123.006977799, 46.168203812], [-123.006977798, 46.168203813], [-123.006977798, 46.168203813], [-123.006977797, 46.168203813], [-123.006977796, 46.168203814], [-123.006977795, 46.168203815], [-123.006977794, 46.168203815], [-123.006863536, 46.168315606], [-123.005357111, 46.167572909], [-123.00605648, 46.166901015], [-123.006056481, 46.166901015], [-123.006056481, 46.166901014], [-123.006056482, 46.166901013], [-123.006056482, 46.166901012], [-123.006056482, 46.166901011], [-123.006056483, 46.16690101], [-123.006056483, 46.166901009], [-123.006056483, 46.166901008], [-123.006056483, 46.166901007], [-123.006056483, 46.166901006], [-123.006056483, 46.166901005], [-123.006056482, 46.166901005], [-123.006056482, 46.166901004], [-123.006056482, 46.166901003], [-123.006056481, 46.166901002], [-123.00605648, 46.166901001], [-123.00605648, 46.166901001], [-123.006056479, 46.166901], [-123.006056478, 46.166900999], [-123.006056477, 46.166900999], [-123.004612112, 46.166206648], [-123.004027543, 46.165915112], [-123.004027542, 46.165915111], [-123.004027541, 46.165915111], [-123.00402754, 46.165915111], [-123.004027539, 46.165915111], [-123.004027539, 46.165915111], [-123.004027539, 46.165915109], [-123.00287144, 46.165338539], [-123.002524369, 46.165167402], [-123.002524368, 46.165167401], [-123.002524367, 46.165167401], [-123.002524366, 46.165167401], [-123.002524365, 46.165167401], [-123.002524364, 46.165167401], [-123.002524363, 46.165167401], [-123.002524362, 46.165167401], [-123.002524361, 46.165167401], [-123.00252436, 46.165167402], [-123.00252436, 46.165167402], [-123.002524359, 46.165167402], [-123.002524358, 46.165167403], [-123.002524357, 46.165167404], [-123.001837443, 46.165837475], [-122.997864907, 46.163865136], [-122.998538694, 46.163205411], [-122.998538695, 46.16320541], [-122.998538695, 46.163205409], [-122.998538696, 46.163205409], [-122.998538696, 46.163205408], [-122.998538696, 46.163205407], [-122.998538697, 46.163205406], [-122.998538697, 46.163205405], [-122.998538697, 46.163205404], [-122.998538697, 46.163205403], [-122.998538697, 46.163205402], [-122.998538696, 46.163205401], [-122.998538696, 46.1632054], [-122.998538696, 46.163205399], [-122.998538695, 46.163205398], [-122.998538694, 46.163205397], [-122.998538694, 46.163205397], [-122.998538693, 46.163205396], [-122.998538692, 46.163205395], [-122.998538691, 46.163205395], [-122.998027748, 46.162953451], [-122.998027747, 46.16295345], [-122.998027746, 46.16295345], [-122.998027746, 46.16295345], [-122.998027745, 46.16295345], [-122.998027744, 46.162953449], [-122.998027743, 46.16295345], [-122.998027742, 46.16295345], [-122.998027741, 46.16295345], [-122.99802774, 46.16295345], [-122.998027739, 46.162953451], [-122.998027738, 46.162953451], [-122.998027737, 46.162953452], [-122.998027737, 46.162953452], [-122.99725629, 46.163709672], [-122.996658048, 46.163542736], [-122.996658047, 46.163542736], [-122.996658046, 46.163542736], [-122.996658045, 46.163542736], [-122.99624998, 46.163559074], [-122.99624998, 46.163559074], [-122.996249979, 46.163559074], [-122.995817821, 46.163645944], [-122.99581782, 46.163645944], [-122.995281863, 46.163785625], [-122.99582342, 46.163326389], [-122.995823421, 46.163326389], [-122.995823421, 46.163326388], [-122.995974012, 46.163154086], [-122.995974013, 46.163154085], [-122.995974013, 46.163154084], [-122.995974014, 46.163154083], [-122.996107217, 46.162842758], [-122.996107217, 46.162842757], [-122.996107218, 46.162842756], [-122.996107218, 46.162842755], [-122.996107218, 46.162842754], [-122.996107218, 46.162842753], [-122.996094054, 46.162632481], [-122.996094054, 46.16263248], [-122.996094053, 46.162632479], [-122.996094053, 46.162632479], [-122.996029099, 46.162432209], [-122.996029099, 46.162432209], [-122.996029098, 46.162432208], [-122.996029098, 46.162432207], [-122.996029097, 46.162432206], [-122.996029097, 46.162432205], [-122.996029096, 46.162432205], [-122.996029095, 46.162432204], [-122.996029094, 46.162432204], [-122.995730303, 46.162277821], [-122.995730302, 46.162277821], [-122.995297537, 46.162095631], [-122.995297536, 46.16209563], [-122.995297535, 46.16209563], [-122.995297534, 46.16209563], [-122.994989973, 46.162067352], [-122.994194241, 46.161884103], [-122.99419424, 46.161884103], [-122.993634503, 46.161805737], [-122.993634502, 46.161805737], [-122.993303076, 46.161804771], [-122.993303076, 46.161804771], [-122.992947837, 46.161825699], [-122.993901212, 46.160991221], [-122.993901212, 46.16099122], [-122.993901213, 46.16099122], [-122.993901213, 46.160991219], [-122.993901214, 46.160991218], [-122.993901214, 46.160991217], [-122.993901215, 46.160991216], [-122.993901215, 46.160991215], [-122.993901215, 46.160991214], [-122.993901215, 46.160991213], [-122.993901215, 46.160991212], [-122.993901215, 46.160991211], [-122.993901214, 46.16099121], [-122.993901214, 46.160991209], [-122.993901214, 46.160991209], [-122.993901213, 46.160991208], [-122.993901213, 46.160991207], [-122.993901212, 46.160991206], [-122.993901211, 46.160991206], [-122.99390121, 46.160991205], [-122.993901209, 46.160991205], [-122.991857997, 46.159986119], [-122.992184684, 46.159647291], [-122.992184684, 46.15964729], [-122.992184685, 46.159647289], [-122.992184686, 46.159647288], [-122.992184686, 46.159647287], [-122.992184686, 46.159647286], [-122.992184686, 46.159647285], [-122.992184687, 46.159647284], [-122.992184687, 46.159647283], [-122.992184687, 46.159647282], [-122.992184686, 46.159647281], [-122.992184686, 46.15964728], [-122.992184686, 46.15964728], [-122.992184685, 46.159647279], [-122.992184685, 46.159647278], [-122.992184684, 46.159647277], [-122.992184684, 46.159647276], [-122.992184683, 46.159647276], [-122.992184682, 46.159647275], [-122.992184681, 46.159647275], [-122.991741005, 46.159421876], [-122.991741004, 46.159421876], [-122.991495051, 46.159301936], [-122.988716726, 46.157930154], [-122.988716723, 46.157930154], [-122.988716713, 46.157930154], [-122.988716713, 46.157930154], [-122.988716713, 46.157930153], [-122.988716713, 46.157930152], [-122.988716713, 46.157930151], [-122.988716712, 46.15793015], [-122.988716712, 46.157930149], [-122.988716711, 46.157930148], [-122.988716711, 46.157930147], [-122.98871671, 46.157930146], [-122.988716709, 46.157930146], [-122.988716708, 46.157930145], [-122.988716707, 46.157930145], [-122.987883903, 46.157518952], [-122.987883902, 46.157518952], [-122.987693282, 46.157435987], [-122.987673986, 46.157421273], [-122.987674521, 46.157417497], [-122.987773829, 46.15733267], [-122.987773829, 46.15733267], [-122.987845583, 46.157264324], [-122.990208432, 46.155012751], [-122.992343445, 46.156289683], [-122.992343446, 46.156289683], [-122.992343447, 46.156289684], [-122.99701067, 46.157930801], [-122.99701069, 46.157930801], [-122.99701069, 46.157930802], [-122.99701069, 46.157930803], [-122.99701069, 46.157930804], [-122.99701069, 46.157930805], [-122.997010691, 46.157930806], [-122.997010691, 46.157930806], [-122.997010692, 46.157930807], [-122.997010692, 46.157930808], [-122.997010693, 46.157930809], [-122.997010694, 46.157930809], [-122.997010695, 46.15793081], [-122.997010696, 46.15793081], [-122.997010697, 46.157930811], [-123.003982656, 46.160382334], [-123.00209238, 46.162371889], [-123.002092379, 46.162371889], [-123.002092379, 46.16237189], [-123.002092378, 46.162371891], [-123.002092378, 46.162371892], [-123.002092377, 46.162371893], [-123.002092377, 46.162371894], [-123.002092377, 46.162371895], [-123.002092377, 46.162371896], [-123.002092377, 46.162371897], [-123.002092377, 46.162371898], [-123.002092378, 46.162371899], [-123.002092378, 46.1623719], [-123.002092378, 46.162371901], [-123.002092379, 46.162371901], [-123.00209238, 46.162371902], [-123.00209238, 46.162371903], [-123.002092381, 46.162371903], [-123.002092382, 46.162371904], [-123.002092383, 46.162371905], [-123.003977725, 46.163301781], [-123.003538258, 46.163728247], [-123.003348193, 46.163642102], [-123.003348192, 46.163642102], [-123.003348191, 46.163642102], [-123.00334819, 46.163642101], [-123.003348189, 46.163642101], [-123.003348188, 46.163642101], [-123.003348187, 46.163642101], [-123.003348186, 46.163642102], [-123.003348185, 46.163642102], [-123.003348184, 46.163642102], [-123.003348184, 46.163642103], [-123.003348183, 46.163642103], [-123.003348182, 46.163642104], [-123.003348181, 46.163642104], [-123.002932032, 46.164085396], [-123.002932031, 46.164085397], [-123.00293203, 46.164085397], [-123.00293203, 46.164085398], [-123.00293203, 46.164085399], [-123.002932029, 46.1640854], [-123.002932029, 46.164085401], [-123.002932029, 46.164085402], [-123.002932029, 46.164085403], [-123.002932029, 46.164085404], [-123.002932029, 46.164085405], [-123.00293203, 46.164085406], [-123.00293203, 46.164085407], [-123.00293203, 46.164085408], [-123.002932031, 46.164085409], [-123.002932032, 46.16408541], [-123.002932032, 46.16408541], [-123.002932033, 46.164085411], [-123.002932034, 46.164085411], [-123.002932035, 46.164085412], [-123.004027437, 46.164581869], [-123.004027438, 46.164581869], [-123.004027439, 46.164581869], [-123.00402744, 46.16458187], [-123.004027441, 46.16458187], [-123.004027441, 46.16458187], [-123.004027441, 46.16458187], [-123.004027441, 46.164581871], [-123.00543025, 46.16521765], [-123.00543025, 46.16521765], [-123.005430251, 46.16521765], [-123.005430252, 46.165217651], [-123.005430253, 46.165217651], [-123.005430254, 46.165217651], [-123.005430255, 46.165217651], [-123.005430256, 46.16521765], [-123.005430257, 46.16521765], [-123.005430258, 46.16521765], [-123.005430259, 46.165217649], [-123.00543026, 46.165217649], [-123.00543026, 46.165217648], [-123.005430261, 46.165217647], [-123.006906582, 46.163595833], [-123.007896291, 46.162741044], [-123.007896291, 46.162741044], [-123.008769121, 46.161892741], [-123.010360067, 46.162410979], [-123.010360068, 46.162410979], [-123.010360069, 46.162410979], [-123.01036007, 46.162410979], [-123.010360071, 46.162410979], [-123.010360072, 46.162410979], [-123.010360073, 46.162410979], [-123.010360074, 46.162410979], [-123.010360075, 46.162410978], [-123.010360076, 46.162410978], [-123.010360077, 46.162410977], [-123.010360077, 46.162410976], [-123.010360078, 46.162410976], [-123.010360079, 46.162410975], [-123.010360079, 46.162410974], [-123.01036008, 46.162410973], [-123.01036008, 46.162410972], [-123.01036008, 46.162410971], [-123.01036008, 46.162410971], [-123.010360081, 46.16241097], [-123.010360081, 46.162410969], [-123.010345756, 46.162203787], [-123.011820515, 46.162676006], [-123.011820516, 46.162676006], [-123.011820517, 46.162676006], [-123.011820518, 46.162676006], [-123.011820519, 46.162676006], [-123.01182052, 46.162676006], [-123.011820521, 46.162676006], [-123.011820522, 46.162676005], [-123.011820523, 46.162676005], [-123.011820524, 46.162676004], [-123.011820525, 46.162676004], [-123.011820525, 46.162676003], [-123.011820526, 46.162676002], [-123.011820527, 46.162676002], [-123.011820527, 46.162676001], [-123.011820528, 46.162676], [-123.012385693, 46.161260881], [-123.012385693, 46.16126088], [-123.012385694, 46.16126088], [-123.012385694, 46.161260879], [-123.012385694, 46.161260878], [-123.012385694, 46.161260877], [-123.012385694, 46.161260876], [-123.012385693, 46.161260875], [-123.012385693, 46.161260874], [-123.012385693, 46.161260873], [-123.012385692, 46.161260872], [-123.012385691, 46.161260871], [-123.012385691, 46.161260871], [-123.01238569, 46.16126087], [-123.012385689, 46.161260869], [-123.012385688, 46.161260869], [-123.012385688, 46.161260868], [-123.012385687, 46.161260868], [-123.012385686, 46.161260868], [-123.0100073, 46.160816688], [-123.010157858, 46.160313994], [-123.010157858, 46.160313994], [-123.010157859, 46.160313993], [-123.010157859, 46.160313992], [-123.010157859, 46.160313991], [-123.010157858, 46.16031399], [-123.010157858, 46.160313989], [-123.010157858, 46.160313988], [-123.010157857, 46.160313987], [-123.010157857, 46.160313986], [-123.010157856, 46.160313985], [-123.010157856, 46.160313985], [-123.010157855, 46.160313984], [-123.010157854, 46.160313983], [-123.010157854, 46.160313983], [-123.010157853, 46.160313982], [-123.008591064, 46.159615821], [-123.008591063, 46.15961582], [-123.008591062, 46.15961582], [-123.008591061, 46.15961582], [-123.00859106, 46.15961582], [-123.00859106, 46.15961582], [-123.008591059, 46.15961582], [-123.008591058, 46.15961582], [-123.008591057, 46.15961582], [-123.008591056, 46.159615821], [-123.008591055, 46.159615821], [-123.008591054, 46.159615822], [-123.008591053, 46.159615822], [-123.008591053, 46.159615823], [-123.008591052, 46.159615824], [-123.007645032, 46.160851395], [-123.005415314, 46.1601111], [-123.005572411, 46.159927421], [-123.005572412, 46.15992742], [-123.005572413, 46.159927419], [-123.005572413, 46.159927418], [-123.005572413, 46.159927417], [-123.005572414, 46.159927416], [-123.005572414, 46.159927415], [-123.005572414, 46.159927414], [-123.005572414, 46.159927413], [-123.005572414, 46.159927412], [-123.005572413, 46.159927411], [-123.005572413, 46.15992741], [-123.005572413, 46.15992741], [-123.005572412, 46.159927409], [-123.005572412, 46.159927408], [-123.005572411, 46.159927407], [-123.00557241, 46.159927406], [-123.005572409, 46.159927406], [-123.005572409, 46.159927405], [-123.005572408, 46.159927405], [-123.005572407, 46.159927405], [-123.004027071, 46.159469557], [-123.00402707, 46.159469557], [-123.004027069, 46.159469557], [-123.004027068, 46.159469556], [-123.004027068, 46.159469556], [-123.004027068, 46.159469556], [-123.002809575, 46.15910884], [-123.003736662, 46.157979786], [-123.003736662, 46.157979785], [-123.003736663, 46.157979784], [-123.003736663, 46.157979783], [-123.003736663, 46.157979782], [-123.003736664, 46.157979781], [-123.003736664, 46.15797978], [-123.003736664, 46.157979779], [-123.003736664, 46.157979779], [-123.003736664, 46.157979778], [-123.003736663, 46.157979777], [-123.003736663, 46.157979776], [-123.003736663, 46.157979775], [-123.003736662, 46.157979774], [-123.003736662, 46.157979773], [-123.003736661, 46.157979772], [-123.00373666, 46.157979772], [-123.00373666, 46.157979771], [-123.003736659, 46.157979771], [-123.003736658, 46.15797977], [-123.003736657, 46.15797977], [-123.00359253, 46.157931315], [-123.003592516, 46.157931315], [-123.003592508, 46.157931315], [-123.003592508, 46.157931314], [-123.003592508, 46.157931313], [-123.003592508, 46.157931312], [-123.003592508, 46.157931311], [-123.003592507, 46.157931311], [-123.003592507, 46.15793131], [-123.003592506, 46.157931309], [-123.003592506, 46.157931308], [-123.003592505, 46.157931307], [-123.003592504, 46.157931307], [-123.003592503, 46.157931306], [-123.003592502, 46.157931306], [-123.003592502, 46.157931306], [-123.001359673, 46.15718064], [-123.001851899, 46.156471315], [-123.001851899, 46.156471315], [-123.0018519, 46.156471314], [-123.0018519, 46.156471313], [-123.0018519, 46.156471312], [-123.0018519, 46.156471311], [-123.0018519, 46.15647131], [-123.0018519, 46.156471309], [-123.0018519, 46.156471308], [-123.0018519, 46.156471307], [-123.0018519, 46.156471306], [-123.001851899, 46.156471305], [-123.001851899, 46.156471304], [-123.001851898, 46.156471304], [-123.001851898, 46.156471303], [-123.001851897, 46.156471302], [-123.001851896, 46.156471302], [-123.001851895, 46.156471301], [-123.001851894, 46.156471301], [-123.001851894, 46.1564713], [-122.99707064, 46.154863674], [-122.994923588, 46.153831312], [-122.994923587, 46.153831311], [-122.994923586, 46.153831311], [-122.994923585, 46.153831311], [-122.994923584, 46.153831311], [-122.994923583, 46.153831311], [-122.994923582, 46.153831311], [-122.994923581, 46.153831311], [-122.99492358, 46.153831311], [-122.994923579, 46.153831312], [-122.994923579, 46.153831312], [-122.994923578, 46.153831313], [-122.994923577, 46.153831313], [-122.994923576, 46.153831314], [-122.994727095, 46.154028829], [-122.992353411, 46.154825165], [-122.986346159, 46.152566011], [-122.986341528, 46.152560306], [-122.986365806, 46.152512826], [-122.986405707, 46.152450963], [-122.986410515, 46.152449081], [-122.986440278, 46.152435536], [-122.98768932, 46.152160196], [-122.987689321, 46.152160196], [-122.987689322, 46.152160196], [-122.987689323, 46.152160195], [-122.987689323, 46.152160195], [-122.987689324, 46.152160194], [-122.987689325, 46.152160193], [-122.987689326, 46.152160192], [-122.987689326, 46.152160192], [-122.987689327, 46.152160191], [-122.987689327, 46.15216019], [-122.987689327, 46.152160189], [-122.987689328, 46.152160188], [-122.987703398, 46.152050325], [-122.987703398, 46.152050324], [-122.987703398, 46.152050323], [-122.987703398, 46.152050322], [-122.987703398, 46.152050321], [-122.987703397, 46.15205032], [-122.987703397, 46.152050319], [-122.987590302, 46.151828938], [-122.987607777, 46.151827409], [-122.987668207, 46.151843727], [-122.988298474, 46.152053419], [-122.988298474, 46.15205342], [-122.988298475, 46.15205342], [-122.989042885, 46.152155643], [-122.989700533, 46.152503735], [-122.989700534, 46.152503735], [-122.989700535, 46.152503735], [-122.989700536, 46.152503736], [-122.989700537, 46.152503736], [-122.989700538, 46.152503736], [-122.990377785, 46.152519027], [-122.990377786, 46.152519027], [-122.990377787, 46.152519027], [-122.990377788, 46.152519027], [-122.990377789, 46.152519027], [-122.99037779, 46.152519026], [-122.990377791, 46.152519026], [-122.990377792, 46.152519025], [-122.990377792, 46.152519024], [-122.991066546, 46.151821938], [-122.991066546, 46.151821937], [-122.991066547, 46.151821936], [-122.991066547, 46.151821935], [-122.991692093, 46.150647263], [-122.991692093, 46.150647262], [-122.991692094, 46.150647261], [-122.991692094, 46.15064726], [-122.991692094, 46.150647259], [-122.991692094, 46.150647258], [-122.991692094, 46.150647257], [-122.991692094, 46.150647256], [-122.991692094, 46.150647255], [-122.991692093, 46.150647254], [-122.991692093, 46.150647253], [-122.991692093, 46.150647252], [-122.991692092, 46.150647252], [-122.991352602, 46.150235092], [-122.991495544, 46.150204984], [-122.99195171, 46.150132518], [-122.992059606, 46.150115378], [-122.992080081, 46.150112125], [-122.992100534, 46.150108731], [-122.992220805, 46.150088772], [-122.992376878, 46.150071258], [-122.992422505, 46.150075794], [-122.992480959, 46.150078808], [-122.992813393, 46.150129657], [-122.994231302, 46.150708968], [-122.994231302, 46.150708969], [-122.994231303, 46.150708969], [-122.994231304, 46.150708969], [-122.994231305, 46.150708969], [-122.994231306, 46.150708969], [-122.994231307, 46.150708969], [-122.994231308, 46.150708969], [-122.994231309, 46.150708969], [-122.99423131, 46.150708968], [-122.995456287, 46.150121447], [-122.996359846, 46.149754907], [-122.997284769, 46.149726865], [-122.99728477, 46.149726865], [-122.997284771, 46.149726865], [-122.997284772, 46.149726865], [-122.997284773, 46.149726864], [-122.997284774, 46.149726864], [-122.997284774, 46.149726863], [-122.997284775, 46.149726863], [-122.997284776, 46.149726862], [-122.997284776, 46.149726861], [-122.997284777, 46.149726861], [-122.997284777, 46.14972686], [-122.997284778, 46.149726859], [-122.997284778, 46.149726858], [-122.997284778, 46.149726857], [-122.997284779, 46.149726856], [-122.997284779, 46.149726855], [-122.997284779, 46.149726854], [-122.997284778, 46.149726853], [-122.99704034, 46.148556871], [-122.997041966, 46.14855561], [-122.997180877, 46.148517005], [-122.99763757, 46.148413681], [-122.997892171, 46.148356079], [-122.997892176, 46.148356078], [-122.997613719, 46.148419078], [-122.997673606, 46.148444525], [-122.997851606, 46.148483525], [-122.997890606, 46.148482525], [-122.998007606, 46.148478525], [-122.998047606, 46.148478525], [-122.998703606, 46.148460524], [-122.999177606, 46.148386524], [-122.999461606, 46.148343524], [-122.999695606, 46.148258524], [-123.000501606, 46.147875524], [-123.000748728, 46.14775891], [-123.000752337, 46.147757207], [-123.000766361, 46.147750589], [-123.000800477, 46.14773449], [-123.000951571, 46.147673034], [-123.001108463, 46.147628411], [-123.001207074, 46.147606101], [-123.001285245, 46.147588295], [-123.001447459, 46.147553061], [-123.00236795, 46.151930135], [-123.00236795, 46.151930136], [-123.00236795, 46.151930137], [-123.002367951, 46.151930138], [-123.002367951, 46.151930138], [-123.002367952, 46.151930139], [-123.002367953, 46.15193014], [-123.002367953, 46.151930141], [-123.002367954, 46.151930141], [-123.002367955, 46.151930142], [-123.002367956, 46.151930142], [-123.002367957, 46.151930142], [-123.002367958, 46.151930143], [-123.002367959, 46.151930143], [-123.00236796, 46.151930143], [-123.002936709, 46.151921433], [-123.003312246, 46.153615825], [-123.003312246, 46.153615826], [-123.003312247, 46.153615827], [-123.003312247, 46.153615828], [-123.003312248, 46.153615828], [-123.003312248, 46.153615829], [-123.003312249, 46.15361583], [-123.00331225, 46.153615831], [-123.003312251, 46.153615831], [-123.003312252, 46.153615832], [-123.003312252, 46.153615832], [-123.003312253, 46.153615832], [-123.003312254, 46.153615832], [-123.004026648, 46.153731927], [-123.004026649, 46.153731928], [-123.00402665, 46.153731928], [-123.00402665, 46.153731928]]], [[[-123.025001023, 46.175928749], [-123.025189988, 46.175098074], [-123.027882378, 46.171860606], [-123.027882378, 46.171860605], [-123.027882379, 46.171860604], [-123.027968117, 46.171712236], [-123.027968117, 46.171712235], [-123.028031034, 46.17155842], [-123.028031034, 46.171558418], [-123.028070517, 46.171400918], [-123.028070517, 46.171400917], [-123.028070517, 46.171400916], [-123.028086028, 46.17124138], [-123.028086028, 46.171241379], [-123.028086028, 46.171241378], [-123.028077468, 46.171081611], [-123.028077468, 46.171081611], [-123.028077468, 46.17108161], [-123.028044932, 46.17092331], [-123.028044932, 46.170923309], [-123.027988751, 46.170768249], [-123.02798875, 46.170768248], [-123.027967946, 46.170723781], [-123.027616816, 46.169793553], [-123.027567404, 46.169370962], [-123.027934314, 46.168518528], [-123.029847996, 46.166720618], [-123.029847997, 46.166720617], [-123.029927358, 46.166633767], [-123.029934558, 46.166776051], [-123.029934595, 46.166845453], [-123.029934621, 46.166893503], [-123.029934652, 46.166949961], [-123.029934707, 46.167051305], [-123.029927536, 46.167197637], [-123.029917962, 46.167213465], [-123.028727615, 46.168176522], [-123.028603615, 46.168279522], [-123.028490615, 46.168391522], [-123.028392615, 46.168510523], [-123.028295615, 46.168659523], [-123.028231615, 46.168788523], [-123.028176615, 46.168948523], [-123.028149615, 46.169083523], [-123.028139615, 46.169247523], [-123.028154615, 46.169411523], [-123.028185615, 46.169546523], [-123.028233615, 46.169678523], [-123.028312615, 46.169833523], [-123.028336615, 46.169868523], [-123.028749615, 46.170472523], [-123.028832615, 46.170606523], [-123.028902615, 46.170761523], [-123.028942615, 46.170893523], [-123.028964615, 46.171032523], [-123.029045705, 46.171233065], [-123.029049293, 46.171262234], [-123.029019789, 46.171414194], [-123.028982015, 46.171541296], [-123.02892179, 46.171660501], [-123.028906088, 46.171688406], [-123.028813602, 46.171832712], [-123.028726443, 46.171939452], [-123.028480357, 46.17217638], [-123.028292793, 46.172335726], [-123.028283616, 46.172343523], [-123.02827447, 46.172351356], [-123.028271272, 46.172354095], [-123.028268847, 46.172356172], [-123.028267771, 46.172357094], [-123.027844616, 46.172719523], [-123.027586616, 46.172940523], [-123.027424616, 46.173110523], [-123.027236616, 46.173379523], [-123.027055616, 46.173729523], [-123.026745616, 46.174338523], [-123.026336616, 46.175130523], [-123.026137616, 46.175547523], [-123.026093616, 46.175713523], [-123.026068858, 46.175928609], [-123.026045616, 46.176130523], [-123.026012616, 46.176465523], [-123.025940616, 46.176677523], [-123.025866616, 46.176982523], [-123.025842616, 46.177218523], [-123.025849616, 46.177397523], [-123.025953616, 46.177798523], [-123.026159617, 46.178615523], [-123.026300617, 46.179087523], [-123.026401617, 46.179228523], [-123.026413617, 46.179244523], [-123.026517617, 46.179367523], [-123.026535617, 46.179388523], [-123.026711617, 46.179569523], [-123.026755617, 46.179614523], [-123.026794617, 46.179654523], [-123.026862001, 46.179722709], [-123.026867927, 46.179735232], [-123.026737267, 46.179771554], [-123.026406254, 46.179846565], [-123.025978277, 46.179911484], [-123.025598857, 46.17994123], [-123.025302769, 46.179964443], [-123.025127666, 46.179978171], [-123.024863169, 46.179987192], [-123.024807877, 46.179986637], [-123.024796617, 46.179986524], [-123.024785356, 46.179986453], [-123.020497319, 46.179959454], [-123.020349616, 46.179958524], [-123.020202047, 46.179964863], [-123.019990863, 46.179973934], [-123.019714908, 46.179985788], [-123.019376197, 46.180000338], [-123.019245093, 46.179997632], [-123.019086951, 46.180000197], [-123.018794616, 46.179975524], [-123.018594441, 46.180015882], [-123.018499635, 46.180020918], [-123.018495616, 46.180020524], [-123.018041616, 46.179978524], [-123.017161722, 46.18018849], [-123.017091942, 46.180205141], [-123.016964024, 46.180229824], [-123.016950008, 46.18023005], [-123.016891504, 46.180233512], [-123.016637615, 46.180226524], [-123.016427615, 46.180258524], [-123.016367129, 46.180267485], [-123.016212556, 46.180283323], [-123.016210183, 46.18028177], [-123.016157349, 46.179486288], [-123.016206225, 46.179480165], [-123.025343926, 46.179281889], [-123.025343927, 46.179281889], [-123.025343928, 46.179281889], [-123.025343929, 46.179281889], [-123.02534393, 46.179281888], [-123.025343931, 46.179281888], [-123.025343931, 46.179281887], [-123.025343932, 46.179281887], [-123.025343933, 46.179281886], [-123.025343934, 46.179281885], [-123.025343934, 46.179281885], [-123.025343935, 46.179281884], [-123.025343935, 46.179281883], [-123.025343935, 46.179281882], [-123.025343936, 46.179281881], [-123.025343936, 46.17928188], [-123.025343936, 46.179281879], [-123.025343936, 46.179281878], [-123.025009188, 46.176623388], [-123.025002521, 46.176570301], [-123.025002521, 46.1765703], [-123.025002521, 46.176570299], [-123.025002521, 46.176570298], [-123.02500252, 46.176570298], [-123.02500252, 46.176570297], [-123.025002519, 46.176570296], [-123.025002519, 46.176570295], [-123.025002518, 46.176570295], [-123.025002517, 46.176570294], [-123.025002516, 46.176570294], [-123.025002515, 46.176570293], [-123.024919144, 46.17653503], [-123.023768957, 46.176048211], [-123.023683031, 46.176011837], [-123.023608991, 46.175972734], [-123.023526143, 46.175928943], [-123.023526136, 46.175928943], [-123.023526131, 46.175928943], [-123.023526131, 46.175928942], [-123.023526131, 46.175928941], [-123.023526131, 46.17592894], [-123.023526131, 46.175928939], [-123.02352613, 46.175928938], [-123.02352613, 46.175928938], [-123.023526129, 46.175928937], [-123.023526128, 46.175928936], [-123.023526128, 46.175928935], [-123.023526127, 46.175928935], [-123.023526126, 46.175928934], [-123.021194333, 46.174696412], [-123.021122722, 46.17465854], [-123.021122777, 46.174658284], [-123.021213501, 46.174548548], [-123.021213502, 46.174548546], [-123.021331258, 46.174419226], [-123.021331258, 46.174419225], [-123.021438172, 46.174313224], [-123.021441094, 46.174311316], [-123.021513945, 46.174349809], [-123.023949269, 46.175637052], [-123.024020225, 46.175674561], [-123.024020226, 46.175674561], [-123.024109247, 46.175712911], [-123.024610391, 46.175928801], [-123.024610407, 46.175928801], [-123.024610407, 46.175928801], [-123.024610407, 46.175928802], [-123.024610407, 46.175928803], [-123.024610407, 46.175928804], [-123.024610408, 46.175928805], [-123.024610408, 46.175928806], [-123.024610409, 46.175928807], [-123.024610409, 46.175928807], [-123.02461041, 46.175928808], [-123.024610411, 46.175928809], [-123.024610412, 46.175928809], [-123.024610413, 46.17592881], [-123.024891201, 46.176049771], [-123.024966126, 46.176082047], [-123.024966127, 46.176082047], [-123.024966128, 46.176082047], [-123.024966129, 46.176082048], [-123.02496613, 46.176082048], [-123.024966131, 46.176082048], [-123.024966132, 46.176082047], [-123.024966133, 46.176082047], [-123.024966134, 46.176082047], [-123.024966134, 46.176082046], [-123.024966135, 46.176082046], [-123.024966136, 46.176082045], [-123.024966137, 46.176082045], [-123.024966137, 46.176082044], [-123.024966138, 46.176082043], [-123.024966139, 46.176082043], [-123.024966139, 46.176082042], [-123.024966139, 46.176082041], [-123.02496614, 46.17608204], [-123.024982917, 46.176008344], [-123.025001023, 46.175928751], [-123.025001023, 46.17592875], [-123.025001023, 46.175928749], [-123.025001023, 46.175928749], [-123.025001023, 46.175928749]]], [[[-123.004028247, 46.175619988], [-123.004028246, 46.175619988], [-123.004028245, 46.175619989], [-123.004028244, 46.175619989], [-123.004028243, 46.175619989], [-123.004028243, 46.175619989], [-123.004028242, 46.17561999], [-123.003912848, 46.17569109], [-123.003506504, 46.175931461], [-123.003506503, 46.175931461], [-123.003506502, 46.175931462], [-123.003506502, 46.175931462], [-123.003506501, 46.175931463], [-123.0035065, 46.175931464], [-123.0035065, 46.175931465], [-123.0035065, 46.175931466], [-123.003506499, 46.175931467], [-123.003506499, 46.175931467], [-123.003506499, 46.175931468], [-123.003506499, 46.175931469], [-123.003506489, 46.175931469], [-123.003205365, 46.176109598], [-123.002747687, 46.176332754], [-123.002747686, 46.176332754], [-123.002747685, 46.176332755], [-123.002747684, 46.176332755], [-123.002632965, 46.176441218], [-123.002632964, 46.176441218], [-123.002632964, 46.176441219], [-123.002632963, 46.17644122], [-123.002632963, 46.176441221], [-123.002632962, 46.176441222], [-123.002632962, 46.176441222], [-123.002632962, 46.176441223], [-123.002632962, 46.176441224], [-123.002632962, 46.176441225], [-123.002636868, 46.176564288], [-123.002636868, 46.176564289], [-123.002636868, 46.17656429], [-123.002636868, 46.176564291], [-123.002636868, 46.176564292], [-123.002683817, 46.176678488], [-123.002683817, 46.176678489], [-123.002683818, 46.17667849], [-123.002683818, 46.17667849], [-123.002683819, 46.176678491], [-123.00268382, 46.176678492], [-123.00268382, 46.176678492], [-123.002683821, 46.176678493], [-123.002776016, 46.176729067], [-123.002776017, 46.176729067], [-123.002776018, 46.176729068], [-123.002776019, 46.176729068], [-123.00277602, 46.176729068], [-123.002776021, 46.176729068], [-123.002776022, 46.176729068], [-123.003058514, 46.176694646], [-123.003749388, 46.176621138], [-123.003749389, 46.176621138], [-123.004028317, 46.176575058], [-123.004028317, 46.176575058], [-123.004028317, 46.176575058], [-123.004028318, 46.176575058], [-123.005355813, 46.176355752], [-123.006031975, 46.176315289], [-123.006031976, 46.176315289], [-123.006569309, 46.17624412], [-123.007228047, 46.176275056], [-123.007525236, 46.176331374], [-123.007604732, 46.176354095], [-123.007604732, 46.176354095], [-123.007604733, 46.176354095], [-123.007683751, 46.176361802], [-123.007968217, 46.176389557], [-123.007968218, 46.176389557], [-123.007968219, 46.176389557], [-123.008357, 46.176353493], [-123.008773231, 46.176314272], [-123.008214229, 46.177313293], [-123.008214228, 46.177313294], [-123.008214228, 46.177313295], [-123.008214228, 46.177313296], [-123.008214227, 46.177313297], [-123.008214227, 46.177313298], [-123.008209405, 46.178637322], [-123.008209142, 46.178710761], [-123.008209142, 46.178710762], [-123.008209142, 46.178710763], [-123.008209143, 46.178710764], [-123.008209143, 46.178710765], [-123.008209143, 46.178710766], [-123.008209144, 46.178710767], [-123.008209145, 46.178710768], [-123.008209145, 46.178710768], [-123.008209146, 46.178710769], [-123.008209147, 46.17871077], [-123.008209148, 46.17871077], [-123.008209149, 46.178710771], [-123.008209149, 46.178710771], [-123.00820915, 46.178710771], [-123.008209151, 46.178710771], [-123.008288786, 46.17871669], [-123.008983426, 46.178777081], [-123.009404753, 46.178893159], [-123.010523717, 46.179268754], [-123.010523021, 46.179383968], [-123.010522614, 46.179384113], [-123.010522614, 46.179369525], [-123.010450614, 46.179347525], [-123.010426614, 46.179330525], [-123.010340614, 46.179294525], [-123.010306614, 46.179280525], [-123.009611614, 46.179054525], [-123.009216614, 46.178966525], [-123.008854614, 46.178904525], [-123.008609614, 46.178871525], [-123.008352614, 46.178837525], [-123.008007614, 46.178822525], [-123.007732614, 46.178878525], [-123.007385614, 46.179053525], [-123.007130614, 46.179214525], [-123.006860614, 46.179386525], [-123.006327614, 46.179504525], [-123.005867614, 46.179506525], [-123.005717614, 46.179506525], [-123.005066613, 46.179374526], [-123.004943613, 46.179355526], [-123.004838613, 46.179693526], [-123.00402875, 46.18250136], [-123.003851935, 46.183114345], [-123.003833034, 46.183156158], [-123.003721557, 46.183243964], [-122.999045143, 46.186577299], [-122.999040614, 46.186580527], [-122.999036091, 46.186583763], [-122.998710888, 46.186816478], [-122.998602134, 46.186887352], [-122.998478762, 46.186927722], [-122.991860735, 46.188778493], [-122.991860613, 46.188778527], [-122.99001164, 46.18929552], [-122.99001164, 46.18929552], [-122.990011613, 46.189295528], [-122.989800986, 46.189354423], [-122.989800613, 46.189354528], [-122.98063681, 46.191918194], [-122.980636795, 46.191918198], [-122.980635612, 46.191918529], [-122.980046262, 46.192083666], [-122.980039612, 46.192085529], [-122.980032967, 46.192087407], [-122.979807341, 46.192151189], [-122.979705411, 46.192178078], [-122.978995329, 46.192352113], [-122.978269701, 46.192529958], [-122.978110728, 46.192568921], [-122.978110517, 46.192568967], [-122.978110412, 46.192568993], [-122.972563329, 46.193928324], [-122.972563139, 46.193928364], [-122.972563023, 46.193928392], [-122.971268252, 46.194245635], [-122.971064611, 46.19429553], [-122.970864938, 46.194359522], [-122.955529593, 46.19927429], [-122.95518561, 46.199384532], [-122.954857337, 46.199535245], [-122.954772834, 46.199574042], [-122.95448861, 46.199704532], [-122.95421161, 46.199868532], [-122.953321003, 46.20039612], [-122.953261828, 46.20043027], [-122.952814565, 46.200681645], [-122.952366828, 46.200933286], [-122.952313751, 46.200963057], [-122.952190814, 46.201024209], [-122.952184125, 46.200887034], [-122.95218496, 46.1999237], [-122.952190166, 46.193921688], [-122.946188152, 46.193918497], [-122.932240533, 46.193911083], [-122.926270475, 46.19390791], [-122.92626325, 46.199309572], [-122.926256191, 46.199360333], [-122.926255064, 46.199362874], [-122.926164256, 46.199456117], [-122.926075206, 46.199539836], [-122.92601466, 46.199596759], [-122.925980684, 46.199628701], [-122.925976605, 46.199632535], [-122.925972534, 46.199636377], [-122.925128447, 46.200432909], [-122.925124605, 46.200436535], [-122.92512077, 46.200440167], [-122.924948684, 46.200603132], [-122.924839493, 46.200696802], [-122.924833991, 46.200695826], [-122.924771942, 46.200681212], [-122.924614605, 46.200628535], [-122.924317495, 46.200575957], [-122.924210352, 46.200555496], [-122.923887295, 46.200488286], [-122.923388605, 46.200384535], [-122.923140605, 46.200367535], [-122.922995252, 46.200368296], [-122.922749422, 46.200346579], [-122.92271283, 46.200339196], [-122.922669287, 46.20032792], [-122.922607605, 46.200305535], [-122.922369605, 46.200209535], [-122.922185605, 46.200140535], [-122.921979605, 46.200093535], [-122.921790605, 46.200070535], [-122.921249605, 46.200051535], [-122.920511605, 46.200032536], [-122.920316605, 46.200057536], [-122.920201605, 46.200102536], [-122.920135986, 46.200141736], [-122.92001569, 46.200146739], [-122.91997969, 46.2001393], [-122.919972605, 46.200135536], [-122.919715604, 46.199910536], [-122.919144604, 46.199458536], [-122.919077604, 46.199427536], [-122.919012604, 46.199414536], [-122.918941604, 46.199418536], [-122.918897604, 46.199428536], [-122.918865604, 46.199442536], [-122.918332604, 46.199754536], [-122.918197604, 46.199821536], [-122.918022604, 46.199888536], [-122.917879604, 46.199927536], [-122.91770704, 46.199964231], [-122.917701051, 46.199964604], [-122.917614999, 46.199974469], [-122.917414733, 46.199989956], [-122.917407088, 46.199990281], [-122.917384314, 46.19999125], [-122.917372358, 46.199991759], [-122.917330604, 46.199993536], [-122.917146604, 46.199985536], [-122.916960604, 46.199965536], [-122.916485604, 46.199905536], [-122.916372604, 46.199905536], [-122.916221604, 46.199916536], [-122.916046604, 46.199957536], [-122.915710604, 46.200087536], [-122.915557604, 46.200131536], [-122.915426604, 46.200154536], [-122.915310604, 46.200167536], [-122.915228604, 46.200172536], [-122.914297604, 46.200151536], [-122.914305604, 46.200560536], [-122.914261505, 46.201019169], [-122.914257515, 46.201021401], [-122.914145221, 46.201056993], [-122.91401475, 46.201087442], [-122.913908143, 46.201102735], [-122.913757092, 46.201109784], [-122.913659484, 46.201070395], [-122.913605708, 46.201043422], [-122.913604998, 46.201043041], [-122.913603646, 46.201042315], [-122.913602311, 46.201041599], [-122.913574971, 46.201026852], [-122.913441552, 46.200946119], [-122.913386604, 46.200758536], [-122.913370604, 46.200700536], [-122.913337604, 46.200634536], [-122.913316604, 46.200605536], [-122.913285604, 46.200583536], [-122.913238604, 46.200571536], [-122.913071604, 46.200557536], [-122.912880604, 46.200532536], [-122.912816603, 46.200524536], [-122.912704147, 46.200505928], [-122.912683488, 46.2004944], [-122.912680921, 46.200484614], [-122.912747603, 46.200144536], [-122.912749603, 46.200072536], [-122.912734603, 46.199856536], [-122.912734603, 46.199810536], [-122.912737603, 46.199712536], [-122.912788603, 46.199389536], [-122.912771603, 46.199137536], [-122.912751603, 46.199030536], [-122.912685603, 46.198782536], [-122.912661603, 46.198712536], [-122.912628603, 46.198643536], [-122.912516603, 46.198481536], [-122.912401603, 46.198361536], [-122.912172603, 46.198166536], [-122.912091603, 46.198073536], [-122.912008603, 46.197997536], [-122.911966603, 46.197958536], [-122.911853603, 46.197838536], [-122.911631603, 46.197639536], [-122.911489603, 46.197533536], [-122.911454603, 46.197507536], [-122.911335603, 46.197438536], [-122.911169603, 46.197351536], [-122.910969602, 46.197257536], [-122.910912602, 46.197230536], [-122.910747602, 46.197143536], [-122.910195602, 46.196817536], [-122.909914602, 46.196658536], [-122.909888949, 46.196642969], [-122.909886767, 46.196641526], [-122.909877539, 46.196636045], [-122.909797602, 46.196587536], [-122.909690726, 46.196528491], [-122.909549348, 46.196450384], [-122.909410259, 46.196368219], [-122.909051602, 46.196142537], [-122.908934602, 46.196074537], [-122.908798602, 46.196005537], [-122.908647602, 46.195934537], [-122.908562836, 46.195895551], [-122.908541751, 46.195885854], [-122.908322739, 46.195772063], [-122.908301839, 46.195761256], [-122.90799172, 46.19560167], [-122.907755801, 46.195461808], [-122.907726602, 46.195442537], [-122.907329601, 46.195158537], [-122.906924601, 46.194934537], [-122.906893601, 46.194920537], [-122.906792601, 46.194877537], [-122.906654601, 46.194828537], [-122.906223601, 46.194707537], [-122.906125601, 46.194683537], [-122.905769601, 46.194637537], [-122.905314601, 46.194569537], [-122.905007601, 46.194540537], [-122.904911715, 46.194534438], [-122.904505785, 46.194508619], [-122.904410713, 46.194500523], [-122.904245044, 46.194477509], [-122.904174885, 46.19446549], [-122.904156341, 46.194462313], [-122.903880467, 46.194415052], [-122.903796066, 46.194399301], [-122.903795263, 46.194399186], [-122.903737601, 46.194387537], [-122.903591601, 46.194349537], [-122.903542601, 46.194341537], [-122.90328546, 46.194326558], [-122.903154368, 46.194313522], [-122.903039738, 46.194299032], [-122.902718652, 46.194240538], [-122.902684265, 46.194232317], [-122.9025346, 46.194196537], [-122.902383299, 46.194168476], [-122.902213093, 46.194136909], [-122.9021356, 46.194122537], [-122.902057757, 46.194110206], [-122.901792337, 46.194068159], [-122.901472617, 46.193999451], [-122.901427318, 46.193987097], [-122.901399751, 46.193979578], [-122.90136673, 46.193970573], [-122.901138366, 46.1938979], [-122.901129073, 46.193894319], [-122.901112663, 46.193888917], [-122.901109767, 46.193887963], [-122.9011086, 46.193887537], [-122.9008856, 46.193796537], [-122.9004526, 46.193677537], [-122.900351245, 46.193645897], [-122.9002636, 46.193618537], [-122.9000316, 46.193538537], [-122.9000156, 46.193532537], [-122.8995346, 46.193346537], [-122.8991916, 46.193184537], [-122.8988686, 46.193004537], [-122.8984046, 46.192718537], [-122.898074599, 46.192488537], [-122.897957599, 46.192418537], [-122.897864599, 46.192468538], [-122.897850599, 46.192476538], [-122.897778599, 46.192528538], [-122.897600599, 46.192642538], [-122.897512599, 46.192699538], [-122.897400599, 46.192740538], [-122.897067599, 46.192864538], [-122.897030599, 46.192878538], [-122.896957599, 46.192907538], [-122.896763599, 46.192986538], [-122.896674599, 46.193049538], [-122.896607599, 46.193130538], [-122.896587599, 46.193207538], [-122.896529599, 46.193436538], [-122.896474599, 46.193580538], [-122.896429599, 46.193634538], [-122.896351599, 46.193796538], [-122.896280106, 46.193884634], [-122.896140599, 46.194056538], [-122.895973599, 46.194281538], [-122.895763599, 46.194398538], [-122.895752599, 46.194406538], [-122.89567961, 46.194465317], [-122.895504808, 46.194564516], [-122.895503842, 46.19456499], [-122.895382408, 46.194617803], [-122.895261731, 46.194657766], [-122.895048291, 46.194709672], [-122.895009178, 46.194717588], [-122.894994599, 46.194720538], [-122.894980036, 46.194723561], [-122.894729599, 46.194775538], [-122.894373599, 46.194811538], [-122.894188599, 46.194808538], [-122.894017599, 46.194804538], [-122.893873599, 46.194802538], [-122.893740599, 46.194828538], [-122.893697599, 46.194849538], [-122.893574599, 46.194909538], [-122.893118599, 46.195254538], [-122.893062599, 46.195296538], [-122.892796569, 46.195479213], [-122.892760451, 46.195497942], [-122.892671067, 46.195535331], [-122.892402076, 46.195614814], [-122.892373608, 46.195619544], [-122.892252602, 46.195626192], [-122.892110431, 46.195618754], [-122.892029599, 46.195592538], [-122.891318599, 46.195501538], [-122.891007599, 46.195528538], [-122.890586599, 46.195644538], [-122.890508201, 46.195654523], [-122.890374647, 46.195665471], [-122.890312225, 46.195659349], [-122.89007438, 46.195610504], [-122.890054135, 46.195604206], [-122.889945346, 46.195560773], [-122.889686599, 46.195445539], [-122.889265599, 46.195193539], [-122.889091599, 46.195037539], [-122.889065599, 46.195013539], [-122.889032599, 46.194941539], [-122.888888598, 46.194716539], [-122.888821598, 46.194662539], [-122.888592598, 46.194507539], [-122.888399598, 46.194472539], [-122.888188598, 46.194472539], [-122.888067598, 46.194508539], [-122.887767598, 46.194670539], [-122.887289598, 46.194849539], [-122.887077598, 46.194947539], [-122.886978598, 46.194993539], [-122.886277598, 46.195235539], [-122.885997598, 46.195294539], [-122.885415549, 46.195534709], [-122.885240839, 46.195602709], [-122.885203648, 46.195616047], [-122.885124463, 46.195644446], [-122.884993358, 46.195691466], [-122.884875013, 46.19573115], [-122.884572543, 46.195825622], [-122.884534576, 46.195837205], [-122.884508515, 46.195844968], [-122.88450096, 46.195847218], [-122.884390293, 46.195880183], [-122.88434078, 46.19589447], [-122.882713375, 46.196348944], [-122.882682598, 46.196357539], [-122.882651914, 46.196366462], [-122.88256208, 46.196392584], [-122.882541598, 46.196398539], [-122.882521159, 46.196404641], [-122.882220385, 46.196494424], [-122.882206598, 46.196498539], [-122.882192831, 46.196502721], [-122.882119125, 46.196525108], [-122.881992598, 46.196563539], [-122.881627598, 46.196686539], [-122.881432598, 46.196764539], [-122.881235598, 46.196856539], [-122.881223598, 46.196862539], [-122.881018598, 46.19697754], [-122.880920598, 46.19703554], [-122.880860598, 46.19707054], [-122.880784384, 46.197116097], [-122.880705002, 46.19716355], [-122.880681598, 46.19717754], [-122.88066844, 46.197185568], [-122.8806009, 46.197226413], [-122.880599566, 46.197227205], [-122.880595489, 46.197229624], [-122.880582624, 46.197237257], [-122.880434306, 46.197316915], [-122.880215539, 46.197408476], [-122.880069598, 46.19744354], [-122.879975598, 46.19745854], [-122.879908598, 46.19747054], [-122.879803598, 46.19748654], [-122.879644598, 46.19750854], [-122.879582598, 46.19751854], [-122.879444598, 46.19755154], [-122.879368598, 46.19757954], [-122.879275598, 46.19762654], [-122.879203598, 46.19768254], [-122.879188598, 46.19769554], [-122.879122598, 46.19777554], [-122.879102598, 46.19780654], [-122.878984598, 46.19798654], [-122.878895598, 46.19808854], [-122.878793161, 46.198179699], [-122.878599972, 46.198298082], [-122.878455482, 46.198369495], [-122.878288764, 46.198436834], [-122.878186302, 46.19847418], [-122.878171598, 46.19847954], [-122.878156922, 46.198484976], [-122.877193888, 46.19884169], [-122.877164597, 46.19885254], [-122.877135421, 46.198863694], [-122.87671034, 46.1990262], [-122.876624376, 46.199057569], [-122.876321899, 46.199162747], [-122.876178139, 46.199208715], [-122.876095054, 46.199232996], [-122.875967386, 46.199267271], [-122.875947319, 46.199272187], [-122.87592402, 46.199277895], [-122.875855572, 46.199294663], [-122.875708819, 46.199326742], [-122.875389652, 46.199388178], [-122.875323408, 46.19940016], [-122.874789597, 46.19949054], [-122.874779767, 46.19949261], [-122.874731305, 46.199498854], [-122.874681675, 46.199507758], [-122.874628462, 46.199515669], [-122.874611428, 46.199518201], [-122.874541686, 46.199528568], [-122.874425099, 46.199535332], [-122.874418565, 46.19939645], [-122.874422088, 46.197850033], [-122.874430408, 46.197696306], [-122.874484244, 46.197555354], [-122.874506597, 46.19750554], [-122.874530178, 46.197450027], [-122.874545179, 46.197414712], [-122.874699748, 46.197058799], [-122.874731387, 46.196986462], [-122.874771349, 46.196898977], [-122.874980104, 46.196460773], [-122.875680916, 46.194996962], [-122.875887697, 46.194565648], [-122.875887697, 46.194565648], [-122.875887699, 46.194565644], [-122.875914596, 46.19450954], [-122.875940329, 46.19445288], [-122.876207468, 46.193864676], [-122.876207468, 46.193864676], [-122.876207469, 46.193864676], [-122.876207475, 46.193864661], [-122.876218883, 46.193839543], [-122.876243289, 46.193787779], [-122.876245828, 46.193781664], [-122.876728596, 46.19279454], [-122.876740596, 46.19260354], [-122.876804028, 46.191612056], [-122.876850401, 46.190887206], [-122.876853023, 46.190849889], [-122.87686118, 46.190743265], [-122.876866444, 46.190674464], [-122.876889498, 46.190373144], [-122.877064595, 46.188084539], [-122.876998595, 46.187128539], [-122.875941595, 46.186516539], [-122.87571636, 46.186331828], [-122.87568921, 46.186291857], [-122.875622639, 46.186204], [-122.875572122, 46.186130367], [-122.875533414, 46.186073948], [-122.875483841, 46.186001692], [-122.875384132, 46.185846317], [-122.875381829, 46.185842473], [-122.87538146, 46.185841856], [-122.875380244, 46.185839827], [-122.875306443, 46.185700396], [-122.875273274, 46.185582849], [-122.875256043, 46.185485703], [-122.875244578, 46.185346992], [-122.875241249, 46.185254396], [-122.875237217, 46.185142238], [-122.875230876, 46.184965826], [-122.875229874, 46.184783223], [-122.875315985, 46.181333918], [-122.875316593, 46.181309539], [-122.875317004, 46.181285156], [-122.875359802, 46.17874252], [-122.875362855, 46.178648606], [-122.875363023, 46.178645109], [-122.875364962, 46.178604885], [-122.875399483, 46.177888571], [-122.875400593, 46.177865539], [-122.875401526, 46.1778425], [-122.875481647, 46.175863776], [-122.875481647, 46.175863767], [-122.875542592, 46.174358539], [-122.875542363, 46.174055844], [-122.875542165, 46.173793392], [-122.875541613, 46.173063301], [-122.875559739, 46.171011068], [-122.875567716, 46.170817877], [-122.875594075, 46.170460241], [-122.875597591, 46.170412539], [-122.875600346, 46.170364786], [-122.875604508, 46.170292644], [-122.875609544, 46.170220494], [-122.875626198, 46.170017203], [-122.875639949, 46.169903235], [-122.875662392, 46.169790655], [-122.875839015, 46.169053337], [-122.875847591, 46.169017538], [-122.875960591, 46.168555538], [-122.875968591, 46.168413538], [-122.875981591, 46.168206538], [-122.875992867, 46.168022455], [-122.875998566, 46.167929427], [-122.87601631, 46.167639766], [-122.876073529, 46.166705697], [-122.87609259, 46.166394538], [-122.876079302, 46.16608308], [-122.876038487, 46.165126438], [-122.876035771, 46.164990577], [-122.87603659, 46.164683538], [-122.87603152, 46.164071743], [-122.876038047, 46.163847578], [-122.87610659, 46.162818538], [-122.876334589, 46.160587538], [-122.874545925, 46.159002222], [-122.874518954, 46.158970477], [-122.874510584, 46.15896156], [-122.874513083, 46.157862545], [-122.873271465, 46.157861175], [-122.873142431, 46.157758197], [-122.869111118, 46.154184555], [-122.866515128, 46.151873911], [-122.864592555, 46.150160267], [-122.864592552, 46.150160264], [-122.863964585, 46.149600539], [-122.863768585, 46.149518539], [-122.863670431, 46.149477377], [-122.863466255, 46.149343309], [-122.863327974, 46.149239849], [-122.863083999, 46.149036281], [-122.863025294, 46.148981769], [-122.862751301, 46.148691003], [-122.862632468, 46.148546727], [-122.862481584, 46.148363539], [-122.862316703, 46.14819284], [-122.862062134, 46.147929289], [-122.861962603, 46.147826246], [-122.861582408, 46.147432637], [-122.861494393, 46.147332999], [-122.861425424, 46.147219344], [-122.861319019, 46.147024982], [-122.861266267, 46.146914979], [-122.86123765, 46.146861729], [-122.861081584, 46.145996539], [-122.860937583, 46.144694539], [-122.860284583, 46.144644539], [-122.860146583, 46.144634539], [-122.860011583, 46.144621539], [-122.859585583, 46.144566539], [-122.859435583, 46.144537539], [-122.859245583, 46.144483539], [-122.859119583, 46.144437539], [-122.859088583, 46.144423539], [-122.858897985, 46.144338248], [-122.858694607, 46.144197053], [-122.858584083, 46.144096965], [-122.85854795, 46.144055897], [-122.858416536, 46.143864134], [-122.858364583, 46.143730539], [-122.858301583, 46.143465539], [-122.858274582, 46.143300539], [-122.858260582, 46.143090539], [-122.858262582, 46.142938539], [-122.858276582, 46.142815539], [-122.858308582, 46.142690539], [-122.858365582, 46.142536539], [-122.858524582, 46.142180539], [-122.858602582, 46.142003539], [-122.858739582, 46.141698539], [-122.858784582, 46.141558539], [-122.858792582, 46.141472539], [-122.858780582, 46.141396539], [-122.858746582, 46.141310539], [-122.858694582, 46.141236539], [-122.858607582, 46.141154539], [-122.858575582, 46.141123539], [-122.858498582, 46.141073539], [-122.858375582, 46.141013539], [-122.858286582, 46.140982539], [-122.858246582, 46.140968539], [-122.858152582, 46.140946539], [-122.858007582, 46.140697539], [-122.857359582, 46.140417539], [-122.857277582, 46.140281539], [-122.857268582, 46.139909539], [-122.85713449, 46.139841927], [-122.856913582, 46.139730539], [-122.856860582, 46.139777539], [-122.856844582, 46.139792539], [-122.85677294, 46.139841474], [-122.856661582, 46.139917539], [-122.856487581, 46.139994539], [-122.856365581, 46.140060539], [-122.856295581, 46.140112539], [-122.856230581, 46.140168539], [-122.856153581, 46.140215539], [-122.856013581, 46.140319539], [-122.855987581, 46.140350539], [-122.855804582, 46.140521539], [-122.855736582, 46.140575539], [-122.855533581, 46.140680539], [-122.855490581, 46.140703539], [-122.855404581, 46.140742539], [-122.855282581, 46.140806539], [-122.855104581, 46.140877539], [-122.854952581, 46.140896539], [-122.854748581, 46.140907539], [-122.854392581, 46.140910539], [-122.854291581, 46.140918539], [-122.853997581, 46.140977539], [-122.853795581, 46.141007539], [-122.853523274, 46.141040791], [-122.853517163, 46.141040348], [-122.853499137, 46.141038117], [-122.8533178, 46.140977616], [-122.853157803, 46.140901316], [-122.852982441, 46.140786897], [-122.852901128, 46.140711448], [-122.852849544, 46.14064253], [-122.852709434, 46.140462569], [-122.852684386, 46.140431628], [-122.852681236, 46.140427293], [-122.852655381, 46.140391702], [-122.852628109, 46.140354162], [-122.852613422, 46.140333536], [-122.852518581, 46.140169539], [-122.852475581, 46.140104539], [-122.852345581, 46.139950539], [-122.852228371, 46.13983569], [-122.852218503, 46.13982602], [-122.852145919, 46.139740499], [-122.852104581, 46.139675539], [-122.852023581, 46.139584539], [-122.851956581, 46.139533539], [-122.851923581, 46.139506539], [-122.851807581, 46.139387539], [-122.851764559, 46.139351906], [-122.851714471, 46.139302229], [-122.851713114, 46.139300995], [-122.851678233, 46.13926282], [-122.85164445, 46.139228483], [-122.851579581, 46.139150539], [-122.85141158, 46.138970539], [-122.851239673, 46.138826325], [-122.851085569, 46.138680852], [-122.850980921, 46.138554137], [-122.850927752, 46.138474086], [-122.85092558, 46.138470539], [-122.85088658, 46.138367539], [-122.85082858, 46.138269539], [-122.85075758, 46.138174539], [-122.850664607, 46.138096593], [-122.850656244, 46.138084383], [-122.850579573, 46.137958274], [-122.850513883, 46.137812603], [-122.850473017, 46.137684344], [-122.850454248, 46.137592082], [-122.85044929, 46.137544199], [-122.850448472, 46.137492669], [-122.850472456, 46.137224357], [-122.850475468, 46.13720843], [-122.850486851, 46.137136875], [-122.85050758, 46.137045539], [-122.850513811, 46.136967417], [-122.850525792, 46.136892106], [-122.850527545, 46.136884512], [-122.850529524, 46.136878641], [-122.85059858, 46.136848539], [-122.85063658, 46.136825539], [-122.85066958, 46.136797539], [-122.85070758, 46.136732539], [-122.85073658, 46.136703539], [-122.85074758, 46.136667539], [-122.85081458, 46.136572539], [-122.85091558, 46.136471539], [-122.85096258, 46.136426539], [-122.85101758, 46.136365539], [-122.85126858, 46.136188539], [-122.85133558, 46.136136539], [-122.85147458, 46.136027539], [-122.85158658, 46.135954539], [-122.85164758, 46.135896539], [-122.85170158, 46.135836539], [-122.85173258, 46.135768539], [-122.85175258, 46.135697539], [-122.85175058, 46.135553539], [-122.85170558, 46.135379539], [-122.85168758, 46.135345539], [-122.85165758, 46.135316539], [-122.85129158, 46.135063539], [-122.85125258, 46.134950539], [-122.85116258, 46.134743539], [-122.850998579, 46.134604539], [-122.850895916, 46.1345297], [-122.850895506, 46.134521329], [-122.850995579, 46.134388539], [-122.851100579, 46.134250539], [-122.851150579, 46.134073539], [-122.850990579, 46.133726539], [-122.850777157, 46.133380321], [-122.850773701, 46.133363219], [-122.850832766, 46.133278251], [-122.850885284, 46.133214116], [-122.850916705, 46.133175745], [-122.851015893, 46.133064851], [-122.851585579, 46.132726539], [-122.853346579, 46.131686539], [-122.853933579, 46.131339539], [-122.854173579, 46.131259539], [-122.853790579, 46.129716539], [-122.852426457, 46.126422024], [-122.852298243, 46.126112373], [-122.852282578, 46.126074538], [-122.851936475, 46.12526991], [-122.851687691, 46.12469153], [-122.851474233, 46.124195279], [-122.851426522, 46.12406889], [-122.851421846, 46.124043186], [-122.851452577, 46.123380538], [-122.850914621, 46.122205898], [-122.850865096, 46.122097759], [-122.850775721, 46.121902607], [-122.850744118, 46.121833601], [-122.85074408, 46.121833513], [-122.850744067, 46.121833484], [-122.850457709, 46.121208191], [-122.850411305, 46.121094825], [-122.850374325, 46.120978036], [-122.850287892, 46.120660451], [-122.850153711, 46.120167427], [-122.849889908, 46.119198131], [-122.84976817, 46.11873857], [-122.849639576, 46.118252538], [-122.84943138, 46.117793922], [-122.849154815, 46.117184704], [-122.849128961, 46.117126097], [-122.849109883, 46.117081569], [-122.849076093, 46.117002703], [-122.848784684, 46.116322567], [-122.848732201, 46.116180491], [-122.848724903, 46.116029208], [-122.848725914, 46.115659631], [-122.848726713, 46.115367556], [-122.848754354, 46.105263092], [-122.848762103, 46.105116028], [-122.848770104, 46.105105538], [-122.848990573, 46.104993538], [-122.849329573, 46.104677538], [-122.849561573, 46.104418538], [-122.849655573, 46.104139538], [-122.84972305, 46.103831812], [-122.849746573, 46.103724537], [-122.8497883, 46.103477883], [-122.849796705, 46.103461848], [-122.849879448, 46.103355887], [-122.849948538, 46.10327518], [-122.849989752, 46.103227035], [-122.850033236, 46.10317624], [-122.850134955, 46.103068763], [-122.850270443, 46.103009254], [-122.850359181, 46.102975448], [-122.850394955, 46.10296182], [-122.850448996, 46.102941233], [-122.850487573, 46.102926537], [-122.850525944, 46.102911312], [-122.850912109, 46.102758084], [-122.851062508, 46.102703007], [-122.851266788, 46.102634327], [-122.851413378, 46.102585042], [-122.851613762, 46.102517672], [-122.851752422, 46.102474758], [-122.851786693, 46.102465054], [-122.851796237, 46.102462352], [-122.851949721, 46.10241889], [-122.85207563, 46.102389052], [-122.852117928, 46.102382823], [-122.852317573, 46.102379537], [-122.852488573, 46.102377537], [-122.852808573, 46.102415537], [-122.853046573, 46.102439537], [-122.853173573, 46.102452537], [-122.853565573, 46.102440537], [-122.853993573, 46.102373537], [-122.854332573, 46.102225537], [-122.854599573, 46.102033537], [-122.854698573, 46.101835537], [-122.854859573, 46.101599537], [-122.854879573, 46.101564537], [-122.854966573, 46.101420537], [-122.855189573, 46.101191537], [-122.855348573, 46.101005537], [-122.855395573, 46.100950537], [-122.855497304, 46.100858225], [-122.85553143, 46.100827259], [-122.855584267, 46.100780436], [-122.855609573, 46.100758537], [-122.855948573, 46.100498537], [-122.856140573, 46.100356537], [-122.856250573, 46.100272537], [-122.856363573, 46.100189537], [-122.856433573, 46.100128537], [-122.856477573, 46.100090537], [-122.857063573, 46.099480536], [-122.857112981, 46.099429152], [-122.857104753, 46.101268504], [-122.857104753, 46.101268505], [-122.857104753, 46.101268506], [-122.857104753, 46.101268507], [-122.857104754, 46.101268508], [-122.857104754, 46.101268509], [-122.857104755, 46.101268509], [-122.857104755, 46.10126851], [-122.857104756, 46.101268511], [-122.857104757, 46.101268512], [-122.857104757, 46.101268512], [-122.857104758, 46.101268513], [-122.857104759, 46.101268513], [-122.85710476, 46.101268513], [-122.857104761, 46.101268514], [-122.857104762, 46.101268514], [-122.857104763, 46.101268514], [-122.862296257, 46.101278778], [-122.862284989, 46.103846958], [-122.862280412, 46.104890128], [-122.862280412, 46.104890129], [-122.862280412, 46.10489013], [-122.862280413, 46.104890131], [-122.862280413, 46.104890132], [-122.862280413, 46.104890133], [-122.862280414, 46.104890134], [-122.862280415, 46.104890135], [-122.862280415, 46.104890136], [-122.862280416, 46.104890136], [-122.862280417, 46.104890137], [-122.862280418, 46.104890137], [-122.862280418, 46.104890138], [-122.862280419, 46.104890138], [-122.86228042, 46.104890138], [-122.862280421, 46.104890138], [-122.862280422, 46.104890139], [-122.867463222, 46.104900179], [-122.867465087, 46.104902717], [-122.867471311, 46.105047902], [-122.867464116, 46.106174723], [-122.867425732, 46.112186875], [-122.867425732, 46.112186876], [-122.867425732, 46.112186877], [-122.867425733, 46.112186878], [-122.867425733, 46.112186879], [-122.867425733, 46.112186879], [-122.867425734, 46.11218688], [-122.867425734, 46.112186881], [-122.867425735, 46.112186882], [-122.867425736, 46.112186882], [-122.867425737, 46.112186883], [-122.867425737, 46.112186884], [-122.867425738, 46.112186884], [-122.867425739, 46.112186884], [-122.86742574, 46.112186885], [-122.867425741, 46.112186885], [-122.867425742, 46.112186885], [-122.874616706, 46.112218089], [-122.87461671, 46.112218089], [-122.874598317, 46.120328767], [-122.874598302, 46.120328767], [-122.874598302, 46.120328767], [-122.874407752, 46.120328752], [-122.867899499, 46.12032827], [-122.867899498, 46.12032827], [-122.867899497, 46.12032827], [-122.867899497, 46.12032827], [-122.867899496, 46.120328271], [-122.867899495, 46.120328271], [-122.867899494, 46.120328272], [-122.867899493, 46.120328272], [-122.867899492, 46.120328273], [-122.867899492, 46.120328273], [-122.867899491, 46.120328274], [-122.867899491, 46.120328275], [-122.86789949, 46.120328276], [-122.86789949, 46.120328277], [-122.86789949, 46.120328278], [-122.867899489, 46.120328279], [-122.867899489, 46.12032828], [-122.867899489, 46.120328281], [-122.868013274, 46.121854231], [-122.868013274, 46.121854232], [-122.868231613, 46.124782359], [-122.868231614, 46.124782359], [-122.868238541, 46.124836986], [-122.868243896, 46.124891637], [-122.868416443, 46.126655538], [-122.868416479, 46.126660376], [-122.868422891, 46.126776205], [-122.868419212, 46.126902468], [-122.868149977, 46.130670182], [-122.867632754, 46.137908253], [-122.867632754, 46.137908254], [-122.867632754, 46.137908255], [-122.867632754, 46.137908255], [-122.867632755, 46.137908256], [-122.867632755, 46.137908257], [-122.867632755, 46.137908258], [-122.867632756, 46.137908259], [-122.867632756, 46.13790826], [-122.867632757, 46.13790826], [-122.867632758, 46.137908261], [-122.867632759, 46.137908262], [-122.867632759, 46.137908262], [-122.86763276, 46.137908263], [-122.867632761, 46.137908263], [-122.867632762, 46.137908263], [-122.867632763, 46.137908263], [-122.867632764, 46.137908263], [-122.874558328, 46.137947172], [-122.874558328, 46.137947172], [-122.876180544, 46.137956285], [-122.876180545, 46.137956285], [-122.876259191, 46.13795376], [-122.876337933, 46.137954409], [-122.877422594, 46.137963404], [-122.877422595, 46.137963404], [-122.877422596, 46.137963404], [-122.877422597, 46.137963404], [-122.877422598, 46.137963404], [-122.877422599, 46.137963403], [-122.8774226, 46.137963403], [-122.877422601, 46.137963402], [-122.877422602, 46.137963401], [-122.877422602, 46.137963401], [-122.877422603, 46.1379634], [-122.877422603, 46.137963399], [-122.877422604, 46.137963398], [-122.877422604, 46.137963397], [-122.877422604, 46.137963396], [-122.877422605, 46.137963395], [-122.877422605, 46.137963394], [-122.877349251, 46.136165078], [-122.877363434, 46.13615641], [-122.87813647, 46.136162788], [-122.878136471, 46.136162788], [-122.878136472, 46.136162788], [-122.878136473, 46.136162788], [-122.878136474, 46.136162787], [-122.878136475, 46.136162787], [-122.878136476, 46.136162786], [-122.878136477, 46.136162786], [-122.878136477, 46.136162785], [-122.878136478, 46.136162784], [-122.878136479, 46.136162783], [-122.878136479, 46.136162783], [-122.87813648, 46.136162782], [-122.87813648, 46.136162781], [-122.87813648, 46.13616278], [-122.87813648, 46.136162779], [-122.87813648, 46.136162778], [-122.878114539, 46.135625145], [-122.878117353, 46.135623002], [-122.878266029, 46.1356167], [-122.879600419, 46.135627715], [-122.881541955, 46.135643742], [-122.88168358, 46.135651652], [-122.881697371, 46.135655115], [-122.881901636, 46.135818227], [-122.881901637, 46.135818227], [-122.881901638, 46.135818228], [-122.881901639, 46.135818228], [-122.88190164, 46.135818229], [-122.881901641, 46.135818229], [-122.884121977, 46.1362027], [-122.884121978, 46.1362027], [-122.884121979, 46.1362027], [-122.88412198, 46.1362027], [-122.884121981, 46.1362027], [-122.884121982, 46.1362027], [-122.884121983, 46.136202699], [-122.884121984, 46.136202699], [-122.884121985, 46.136202698], [-122.884801439, 46.135680612], [-122.884815252, 46.135677396], [-122.884956522, 46.13567186], [-122.885047456, 46.135672606], [-122.885443883, 46.135675861], [-122.887865663, 46.135695744], [-122.887944323, 46.135696387], [-122.887944324, 46.135696387], [-122.887944325, 46.135696387], [-122.887944325, 46.135696387], [-122.887944326, 46.135696386], [-122.887944327, 46.135696386], [-122.887944328, 46.135696385], [-122.887944329, 46.135696385], [-122.88794433, 46.135696384], [-122.88794433, 46.135696383], [-122.887944331, 46.135696383], [-122.887944331, 46.135696382], [-122.887944332, 46.135696381], [-122.887944332, 46.13569638], [-122.887944332, 46.135696379], [-122.887944333, 46.135696378], [-122.887944333, 46.135696377], [-122.887943474, 46.135636027], [-122.887937375, 46.135204194], [-122.887936707, 46.135157009], [-122.887938728, 46.135156293], [-122.887955182, 46.135152252], [-122.887964845, 46.135149392], [-122.888029969, 46.13514992], [-122.891796045, 46.135180724], [-122.891796046, 46.135180724], [-122.891796047, 46.135180724], [-122.891796048, 46.135180724], [-122.891796049, 46.135180724], [-122.89179605, 46.135180723], [-122.891796051, 46.135180723], [-122.891796051, 46.135180722], [-122.891796052, 46.135180722], [-122.891796053, 46.135180721], [-122.891796053, 46.13518072], [-122.891796054, 46.13518072], [-122.891796054, 46.135180719], [-122.891796055, 46.135180718], [-122.891796055, 46.135180717], [-122.891796055, 46.135180716], [-122.891796055, 46.135180715], [-122.891796055, 46.135180714], [-122.891742108, 46.133867078], [-122.891899649, 46.133868354], [-122.89189965, 46.133868354], [-122.891899651, 46.133868354], [-122.891899652, 46.133868354], [-122.891899653, 46.133868353], [-122.891899654, 46.133868353], [-122.891899655, 46.133868352], [-122.891899656, 46.133868352], [-122.891899656, 46.133868351], [-122.891899657, 46.133868351], [-122.891899658, 46.13386835], [-122.891899658, 46.133868349], [-122.891899659, 46.133868348], [-122.891899659, 46.133868347], [-122.891899659, 46.133868346], [-122.891899659, 46.133868345], [-122.891899659, 46.133868344], [-122.891899659, 46.133868344], [-122.8918282, 46.132128626], [-122.891828851, 46.132127516], [-122.891833239, 46.132120795], [-122.891836371, 46.132116871], [-122.893738815, 46.132132383], [-122.894055017, 46.132627444], [-122.894055018, 46.132627445], [-122.894055019, 46.132627445], [-122.894055019, 46.132627446], [-122.89405502, 46.132627447], [-122.894055021, 46.132627447], [-122.894055022, 46.132627448], [-122.894055023, 46.132627448], [-122.894055024, 46.132627448], [-122.894055025, 46.132627448], [-122.894055026, 46.132627449], [-122.895391976, 46.132638302], [-122.895414392, 46.132692861], [-122.895597843, 46.133139001], [-122.895505354, 46.13322021], [-122.895505354, 46.13322021], [-122.895505353, 46.133220211], [-122.895505352, 46.133220212], [-122.895505352, 46.133220213], [-122.895505352, 46.133220214], [-122.895505351, 46.133220215], [-122.895505351, 46.133220216], [-122.895505351, 46.133220217], [-122.895505351, 46.133220218], [-122.895505351, 46.133220219], [-122.895505351, 46.13322022], [-122.895505352, 46.13322022], [-122.895801642, 46.134028079], [-122.895801888, 46.134036283], [-122.89580353, 46.134090984], [-122.895796516, 46.134145811], [-122.895796516, 46.134145812], [-122.895798898, 46.134524124], [-122.895799272, 46.134578533], [-122.895731205, 46.134577687], [-122.895557094, 46.134575506], [-122.895461219, 46.134574298], [-122.895461218, 46.134574298], [-122.895461217, 46.134574298], [-122.895461216, 46.134574298], [-122.895461215, 46.134574298], [-122.895461214, 46.134574299], [-122.895461213, 46.134574299], [-122.895461212, 46.1345743], [-122.895461211, 46.1345743], [-122.895461211, 46.134574301], [-122.89546121, 46.134574302], [-122.89546121, 46.134574303], [-122.895461209, 46.134574304], [-122.895461209, 46.134574305], [-122.895461209, 46.134574306], [-122.895461209, 46.134574307], [-122.895461208, 46.134574307], [-122.895461208, 46.134574308], [-122.895465539, 46.134629437], [-122.89547409, 46.134738626], [-122.89547409, 46.134738627], [-122.89547409, 46.134738628], [-122.89547409, 46.134738629], [-122.895474091, 46.13473863], [-122.895474091, 46.134738631], [-122.895474092, 46.134738632], [-122.895474092, 46.134738633], [-122.895474093, 46.134738633], [-122.895474094, 46.134738634], [-122.895474095, 46.134738634], [-122.895474096, 46.134738635], [-122.895474097, 46.134738635], [-122.895474097, 46.134738635], [-122.895474098, 46.134738636], [-122.895474099, 46.134738636], [-122.895810511, 46.134742841], [-122.895872321, 46.134743614], [-122.895895062, 46.134798468], [-122.895919801, 46.134858198], [-122.895940674, 46.134908639], [-122.895863478, 46.13490768], [-122.895623491, 46.134904648], [-122.895543405, 46.134903649], [-122.895543404, 46.134903649], [-122.895543403, 46.134903649], [-122.895543402, 46.134903649], [-122.895543401, 46.134903649], [-122.8955434, 46.13490365], [-122.895543399, 46.13490365], [-122.895543399, 46.134903651], [-122.895543398, 46.134903651], [-122.895543397, 46.134903652], [-122.895543397, 46.134903653], [-122.895543396, 46.134903654], [-122.895543396, 46.134903655], [-122.895543395, 46.134903655], [-122.895543395, 46.134903656], [-122.895543395, 46.134903657], [-122.895543395, 46.134903658], [-122.895543395, 46.134903659], [-122.895548145, 46.134958343], [-122.895574242, 46.135260022], [-122.895576467, 46.135314497], [-122.895576467, 46.135314498], [-122.895576467, 46.135314499], [-122.895576468, 46.1353145], [-122.895576468, 46.135314501], [-122.895576469, 46.135314502], [-122.895576469, 46.135314502], [-122.89557647, 46.135314503], [-122.895576471, 46.135314504], [-122.895576471, 46.135314505], [-122.895576472, 46.135314505], [-122.895576473, 46.135314506], [-122.895576474, 46.135314506], [-122.895576475, 46.135314506], [-122.895576476, 46.135314506], [-122.895576477, 46.135314506], [-122.895663337, 46.1353156], [-122.896289112, 46.135323432], [-122.896364033, 46.135324369], [-122.896365677, 46.135379171], [-122.896370623, 46.135543905], [-122.89637225, 46.13559806], [-122.89637225, 46.135598061], [-122.89637225, 46.135598062], [-122.896372251, 46.135598063], [-122.896372251, 46.135598064], [-122.896372251, 46.135598065], [-122.896372252, 46.135598066], [-122.896372252, 46.135598067], [-122.896372253, 46.135598067], [-122.896372254, 46.135598068], [-122.896372255, 46.135598068], [-122.896372255, 46.135598069], [-122.896372256, 46.135598069], [-122.896372257, 46.13559807], [-122.896372258, 46.13559807], [-122.896372259, 46.13559807], [-122.89637226, 46.13559807], [-122.896470696, 46.135599323], [-122.89689535, 46.135604652], [-122.896967791, 46.135605571], [-122.896972664, 46.135660381], [-122.897011942, 46.136104537], [-122.897003214, 46.136372216], [-122.89700143, 46.136426793], [-122.896928479, 46.136425882], [-122.896592255, 46.13642165], [-122.896513232, 46.136420662], [-122.896440821, 46.136367209], [-122.896303761, 46.136266012], [-122.896230502, 46.13621194], [-122.896230502, 46.136211939], [-122.896230501, 46.136211939], [-122.8962305, 46.136211938], [-122.896230499, 46.136211938], [-122.896230498, 46.136211938], [-122.896230497, 46.136211938], [-122.896166551, 46.136211141], [-122.895614988, 46.136204229], [-122.895520883, 46.136203049], [-122.895520882, 46.13620305], [-122.895520881, 46.13620305], [-122.89552088, 46.13620305], [-122.895520879, 46.13620305], [-122.895520878, 46.136203051], [-122.895520877, 46.136203051], [-122.895520876, 46.136203052], [-122.895520875, 46.136203052], [-122.895520875, 46.136203053], [-122.895520874, 46.136203054], [-122.895520874, 46.136203055], [-122.895520873, 46.136203056], [-122.895520873, 46.136203056], [-122.895520873, 46.136203057], [-122.895520872, 46.136203058], [-122.895520872, 46.136203059], [-122.895520872, 46.13620306], [-122.895520873, 46.136203061], [-122.895520873, 46.136203062], [-122.895520873, 46.136203063], [-122.895520874, 46.136203064], [-122.895520874, 46.136203065], [-122.895520875, 46.136203066], [-122.895520875, 46.136203066], [-122.895574226, 46.136257428], [-122.896048782, 46.13674094], [-122.896107565, 46.13680085], [-122.896041652, 46.136836359], [-122.895679254, 46.13703154], [-122.894880017, 46.137286657], [-122.894880016, 46.137286657], [-122.894880015, 46.137286657], [-122.894880015, 46.137286658], [-122.894173237, 46.137737439], [-122.891828175, 46.137652841], [-122.891705157, 46.137648383], [-122.891705156, 46.137648383], [-122.891705155, 46.137648383], [-122.891705154, 46.137648383], [-122.891705153, 46.137648383], [-122.891705153, 46.137648384], [-122.891705152, 46.137648384], [-122.891705151, 46.137648385], [-122.89170515, 46.137648385], [-122.891705149, 46.137648386], [-122.891705149, 46.137648387], [-122.891705148, 46.137648388], [-122.891705148, 46.137648389], [-122.891705147, 46.13764839], [-122.891705147, 46.13764839], [-122.891705147, 46.137648391], [-122.891705147, 46.137648392], [-122.891705147, 46.137648393], [-122.891705147, 46.137648394], [-122.891705147, 46.137648395], [-122.891705147, 46.137648396], [-122.891705148, 46.137648397], [-122.891705148, 46.137648398], [-122.891705149, 46.137648399], [-122.891705149, 46.1376484], [-122.89170515, 46.1376484], [-122.891705151, 46.137648401], [-122.891779642, 46.137704292], [-122.89179905, 46.137718841], [-122.892049679, 46.137933594], [-122.892378331, 46.138241891], [-122.892612937, 46.138484017], [-122.892760044, 46.138714331], [-122.892760045, 46.138714331], [-122.892797047, 46.138768274], [-122.892797047, 46.138768275], [-122.892797048, 46.138768276], [-122.892797049, 46.138768276], [-122.892797049, 46.138768277], [-122.89279705, 46.138768277], [-122.892797051, 46.138768278], [-122.892797052, 46.138768278], [-122.892797053, 46.138768278], [-122.892876356, 46.138782344], [-122.895062719, 46.139169993], [-122.895136362, 46.139183045], [-122.895136363, 46.139183045], [-122.895136365, 46.139183045], [-122.895136366, 46.139183045], [-122.895136367, 46.139183044], [-122.895136367, 46.139183044], [-122.895136368, 46.139183044], [-122.895136369, 46.139183043], [-122.89513637, 46.139183043], [-122.89520987, 46.139128319], [-122.895369379, 46.139009497], [-122.895686266, 46.138851645], [-122.895686267, 46.138851645], [-122.89608248, 46.138639227], [-122.896082481, 46.138639227], [-122.896082481, 46.138639226], [-122.896357977, 46.138420406], [-122.896425546, 46.138366739], [-122.896425397, 46.13841942], [-122.896424713, 46.138614279], [-122.896424553, 46.1386655], [-122.896417872, 46.138683196], [-122.89632769, 46.138758919], [-122.896182057, 46.138860348], [-122.895881384, 46.139028733], [-122.895771077, 46.139082239], [-122.895771076, 46.13908224], [-122.895636639, 46.139156165], [-122.895626241, 46.139161883], [-122.89562624, 46.139161883], [-122.895518478, 46.139218326], [-122.895364996, 46.139294789], [-122.895256081, 46.139349049], [-122.895256081, 46.139349049], [-122.895149456, 46.139407681], [-122.895090259, 46.139440233], [-122.895057935, 46.139458007], [-122.895025833, 46.139476177], [-122.894892128, 46.139551855], [-122.894707695, 46.139646783], [-122.89439825, 46.139766385], [-122.894254563, 46.139805057], [-122.89419245, 46.139819197], [-122.894059891, 46.139843153], [-122.893925714, 46.139855089], [-122.893850276, 46.139858388], [-122.89371464, 46.139858125], [-122.8936473, 46.139832236], [-122.893618777, 46.13982291], [-122.89335981, 46.139709534], [-122.893172178, 46.13951144], [-122.892906515, 46.139214355], [-122.892906514, 46.139214354], [-122.892906513, 46.139214354], [-122.892569565, 46.138949932], [-122.892382862, 46.138642182], [-122.892382862, 46.138642181], [-122.892382861, 46.138642181], [-122.892101485, 46.138334074], [-122.892101485, 46.138334074], [-122.891858975, 46.138097396], [-122.891858974, 46.138097395], [-122.891858973, 46.138097394], [-122.891858972, 46.138097394], [-122.891403217, 46.137887361], [-122.891183475, 46.137754931], [-122.891183474, 46.137754931], [-122.89091635, 46.137633311], [-122.890916349, 46.137633311], [-122.890916348, 46.137633311], [-122.890916347, 46.137633311], [-122.890916346, 46.13763331], [-122.890640376, 46.13761585], [-122.890640375, 46.13761585], [-122.89042741, 46.137615073], [-122.890427409, 46.137615073], [-122.890427408, 46.137615073], [-122.890427407, 46.137615073], [-122.890427406, 46.137615073], [-122.890427405, 46.137615074], [-122.890150133, 46.137756635], [-122.889785816, 46.137925285], [-122.889785815, 46.137925286], [-122.889540039, 46.138072438], [-122.889540039, 46.138072438], [-122.889460737, 46.138121496], [-122.888834195, 46.138513983], [-122.888834194, 46.138513984], [-122.888834193, 46.138513984], [-122.888619531, 46.138710593], [-122.888159564, 46.138994037], [-122.88806405, 46.139041988], [-122.887986258, 46.139081063], [-122.887986257, 46.139081064], [-122.887986257, 46.139081065], [-122.887986256, 46.139081065], [-122.887986255, 46.139081066], [-122.887986255, 46.139081067], [-122.887986254, 46.139081068], [-122.887986254, 46.139081068], [-122.887986253, 46.139081069], [-122.887986253, 46.13908107], [-122.887986253, 46.139081071], [-122.887986253, 46.139081072], [-122.887986475, 46.139126682], [-122.887989757, 46.139875593], [-122.887990971, 46.140152703], [-122.88794835, 46.140172524], [-122.887948349, 46.140172524], [-122.887813222, 46.140245099], [-122.887813222, 46.140245099], [-122.887689713, 46.140327082], [-122.887689712, 46.140327083], [-122.887579249, 46.140417578], [-122.887579248, 46.140417579], [-122.887482946, 46.140515641], [-122.887482946, 46.140515642], [-122.88740195, 46.140620132], [-122.88740195, 46.140620133], [-122.887337094, 46.140729944], [-122.887337093, 46.140729946], [-122.88728913, 46.140843891], [-122.88728913, 46.140843893], [-122.887258532, 46.140960678], [-122.887258531, 46.140960679], [-122.887258531, 46.14096068], [-122.887245694, 46.141079043], [-122.887245694, 46.141079044], [-122.887245694, 46.141079045], [-122.88725027, 46.14118761], [-122.887246895, 46.141190791], [-122.887220126, 46.141197671], [-122.885531573, 46.14119675], [-122.88541427, 46.141196691], [-122.885414269, 46.141196691], [-122.885414268, 46.141196691], [-122.885414267, 46.141196691], [-122.885414266, 46.141196691], [-122.885414266, 46.141196692], [-122.885414265, 46.141196692], [-122.885414264, 46.141196693], [-122.885414263, 46.141196693], [-122.885391507, 46.141217653], [-122.88515675, 46.141434027], [-122.884799022, 46.141750733], [-122.884560781, 46.141936291], [-122.884338567, 46.142089001], [-122.883958322, 46.142274006], [-122.883641636, 46.142404436], [-122.883325439, 46.142480024], [-122.882930871, 46.142494984], [-122.882553, 46.142405863], [-122.882104493, 46.142272583], [-122.881703481, 46.142117549], [-122.88170348, 46.142117549], [-122.880995376, 46.141901045], [-122.880606038, 46.141720146], [-122.880606037, 46.141720145], [-122.880606036, 46.141720145], [-122.880520507, 46.141699076], [-122.880486877, 46.141653622], [-122.88018243, 46.141242095], [-122.88018243, 46.141242094], [-122.880182429, 46.141242093], [-122.880182429, 46.141242093], [-122.880182428, 46.141242092], [-122.880182427, 46.141242092], [-122.880182426, 46.141242091], [-122.880182425, 46.141242091], [-122.880182424, 46.141242091], [-122.880182423, 46.141242091], [-122.880182422, 46.141242091], [-122.877509018, 46.141245221], [-122.877430334, 46.141245311], [-122.877430333, 46.141245311], [-122.877430332, 46.141245311], [-122.877430331, 46.141245311], [-122.87743033, 46.141245311], [-122.877430329, 46.141245312], [-122.877430329, 46.141245312], [-122.877430328, 46.141245313], [-122.877430327, 46.141245314], [-122.877430326, 46.141245314], [-122.877430326, 46.141245315], [-122.877430325, 46.141245316], [-122.877430325, 46.141245317], [-122.877430325, 46.141245318], [-122.877430324, 46.141245319], [-122.877430324, 46.14124532], [-122.877430324, 46.141245321], [-122.877432162, 46.141295231], [-122.877450878, 46.141801657], [-122.877452897, 46.141856315], [-122.877382269, 46.141856973], [-122.876315863, 46.141867168], [-122.876237159, 46.141867915], [-122.876158389, 46.141866501], [-122.876158389, 46.141866501], [-122.87525226, 46.141871022], [-122.875252259, 46.141871022], [-122.875252258, 46.141871022], [-122.875252258, 46.141871023], [-122.875252257, 46.141871023], [-122.875252256, 46.141871023], [-122.875252255, 46.141871024], [-122.875252254, 46.141871024], [-122.875252253, 46.141871025], [-122.875252253, 46.141871026], [-122.875252252, 46.141871027], [-122.875252252, 46.141871027], [-122.875252251, 46.141871028], [-122.875252251, 46.141871029], [-122.875252251, 46.14187103], [-122.87525225, 46.141871031], [-122.87525225, 46.141871032], [-122.87522339, 46.143171232], [-122.87522218, 46.143225974], [-122.87522218, 46.143225975], [-122.87522218, 46.143225976], [-122.875222181, 46.143225977], [-122.875222181, 46.143225978], [-122.875222181, 46.143225978], [-122.875222182, 46.143225979], [-122.875222182, 46.14322598], [-122.875222183, 46.143225981], [-122.875222184, 46.143225982], [-122.875222185, 46.143225982], [-122.875222185, 46.143225983], [-122.875222186, 46.143225983], [-122.875222187, 46.143225983], [-122.875222188, 46.143225984], [-122.875222189, 46.143225984], [-122.87522219, 46.143225984], [-122.875301286, 46.143226409], [-122.876194924, 46.143231397], [-122.876273643, 46.143231089], [-122.876352388, 46.143231627], [-122.876483502, 46.143234041], [-122.876669414, 46.143251073], [-122.876851748, 46.143281536], [-122.877028526, 46.143325048], [-122.877197769, 46.143381199], [-122.877357605, 46.143449333], [-122.877434683, 46.143490446], [-122.877514755, 46.143533155], [-122.87751643, 46.143578902], [-122.877559615, 46.144749379], [-122.877561632, 46.144804009], [-122.877497459, 46.144804712], [-122.876320853, 46.144817365], [-122.876308379, 46.14481749], [-122.876163397, 46.144817463], [-122.875180325, 46.144817368], [-122.875180324, 46.144817368], [-122.875180323, 46.144817369], [-122.875180322, 46.144817369], [-122.875180321, 46.144817369], [-122.875180321, 46.14481737], [-122.87518032, 46.14481737], [-122.875180319, 46.144817371], [-122.875180318, 46.144817371], [-122.875180318, 46.144817372], [-122.875180317, 46.144817373], [-122.875180316, 46.144817374], [-122.875180316, 46.144817375], [-122.874539069, 46.146425542], [-122.874539069, 46.146425549], [-122.874539069, 46.146425559], [-122.874539068, 46.146425559], [-122.874539067, 46.146425559], [-122.874539066, 46.146425559], [-122.874539065, 46.146425559], [-122.874539064, 46.14642556], [-122.874539063, 46.14642556], [-122.874539062, 46.146425561], [-122.874539061, 46.146425562], [-122.874539061, 46.146425562], [-122.87453906, 46.146425563], [-122.87453906, 46.146425564], [-122.874539059, 46.146425565], [-122.874102784, 46.147519688], [-122.874102783, 46.147519689], [-122.874102783, 46.14751969], [-122.874102783, 46.147519691], [-122.874102783, 46.147519692], [-122.874102783, 46.147519693], [-122.874102783, 46.147519694], [-122.874102783, 46.147519695], [-122.874102784, 46.147519696], [-122.874102784, 46.147519697], [-122.874102785, 46.147519698], [-122.874102785, 46.147519698], [-122.874102786, 46.147519699], [-122.874535575, 46.147959938], [-122.874535576, 46.147959939], [-122.874535577, 46.147959939], [-122.874535578, 46.14795994], [-122.874535578, 46.14795994], [-122.874535579, 46.147959941], [-122.87453558, 46.147959941], [-122.874535581, 46.147959941], [-122.874535582, 46.147959941], [-122.874535582, 46.147959945], [-122.875076314, 46.148509984], [-122.875051776, 46.148512824], [-122.874534309, 46.148520245], [-122.874534309, 46.148520245], [-122.874532897, 46.148520266], [-122.874532896, 46.148520266], [-122.874532895, 46.148520266], [-122.874532894, 46.148520266], [-122.874532893, 46.148520266], [-122.874532892, 46.148520267], [-122.874532891, 46.148520267], [-122.87453289, 46.148520268], [-122.87453289, 46.148520268], [-122.874532889, 46.148520269], [-122.874532889, 46.14852027], [-122.874532888, 46.148520271], [-122.874532888, 46.148520272], [-122.874532887, 46.148520273], [-122.874532887, 46.148520273], [-122.874532887, 46.148520274], [-122.874532887, 46.148520275], [-122.874529927, 46.148734825], [-122.873423949, 46.148733441], [-122.87342649, 46.148549708], [-122.87342649, 46.148549707], [-122.873426489, 46.148549706], [-122.873426489, 46.148549705], [-122.873426489, 46.148549704], [-122.873426488, 46.148549704], [-122.873426488, 46.148549703], [-122.873426487, 46.148549702], [-122.873426487, 46.148549701], [-122.873426486, 46.1485497], [-122.873426485, 46.1485497], [-122.873426484, 46.148549699], [-122.873426483, 46.148549699], [-122.873426482, 46.148549699], [-122.873426481, 46.148549698], [-122.87342648, 46.148549698], [-122.873426479, 46.148549698], [-122.87311945, 46.148552292], [-122.873119449, 46.148552292], [-122.873119448, 46.148552292], [-122.873119447, 46.148552292], [-122.873119446, 46.148552293], [-122.873119445, 46.148552293], [-122.873119444, 46.148552293], [-122.873119444, 46.148552294], [-122.873119443, 46.148552295], [-122.873119442, 46.148552295], [-122.873119442, 46.148552296], [-122.873119441, 46.148552297], [-122.873119441, 46.148552298], [-122.87311944, 46.148552299], [-122.87311944, 46.1485523], [-122.87311944, 46.148552301], [-122.87311944, 46.148552302], [-122.873090498, 46.150632989], [-122.872413514, 46.150631386], [-122.872413513, 46.150631386], [-122.872413512, 46.150631387], [-122.872413511, 46.150631387], [-122.87241351, 46.150631387], [-122.872413509, 46.150631388], [-122.872413508, 46.150631388], [-122.872413508, 46.150631389], [-122.872413507, 46.150631389], [-122.872413506, 46.15063139], [-122.872413506, 46.150631391], [-122.872413505, 46.150631392], [-122.872413505, 46.150631392], [-122.872413504, 46.150631393], [-122.872413504, 46.150631394], [-122.872413504, 46.150631395], [-122.872413504, 46.150631396], [-122.872393163, 46.152094876], [-122.872393163, 46.152094877], [-122.872393163, 46.152094878], [-122.872393163, 46.152094879], [-122.872393164, 46.15209488], [-122.872393164, 46.15209488], [-122.872393164, 46.152094881], [-122.872393165, 46.152094882], [-122.872393166, 46.152094883], [-122.872393166, 46.152094883], [-122.872393167, 46.152094884], [-122.872393168, 46.152094885], [-122.872393169, 46.152094885], [-122.87239317, 46.152094885], [-122.872393171, 46.152094886], [-122.872393172, 46.152094886], [-122.872393173, 46.152094886], [-122.874526176, 46.152099942], [-122.877625577, 46.152107289], [-122.877628237, 46.152172964], [-122.877628237, 46.152172965], [-122.877628237, 46.152172966], [-122.877628238, 46.152172967], [-122.877628238, 46.152172968], [-122.877628239, 46.152172969], [-122.877628239, 46.15217297], [-122.87762824, 46.152172971], [-122.87762824, 46.152172971], [-122.877628241, 46.152172972], [-122.877628242, 46.152172972], [-122.877628243, 46.152172973], [-122.877628243, 46.152172973], [-122.877628244, 46.152172974], [-122.877628245, 46.152172974], [-122.877628246, 46.152172974], [-122.877628247, 46.152172974], [-122.878851239, 46.152175843], [-122.87885124, 46.152175843], [-122.878851241, 46.152175842], [-122.878851242, 46.152175842], [-122.878851243, 46.152175842], [-122.878851244, 46.152175841], [-122.878851245, 46.152175841], [-122.878851245, 46.15217584], [-122.878851246, 46.15217584], [-122.878851247, 46.152175839], [-122.878851247, 46.152175838], [-122.878851248, 46.152175837], [-122.878851248, 46.152175837], [-122.878851249, 46.152175836], [-122.878851249, 46.152175835], [-122.878851249, 46.152175834], [-122.878851249, 46.152175833], [-122.878852531, 46.152107766], [-122.878852531, 46.152107765], [-122.878852531, 46.152107764], [-122.878852531, 46.152107763], [-122.87885253, 46.152107762], [-122.87885253, 46.152107761], [-122.878852529, 46.15210776], [-122.878852529, 46.152107759], [-122.878651166, 46.151862021], [-122.878660633, 46.151174627], [-122.880987617, 46.150302344], [-122.881111682, 46.15039416], [-122.881111683, 46.150394161], [-122.881111684, 46.150394161], [-122.881111685, 46.150394161], [-122.881111686, 46.150394162], [-122.881111686, 46.150394162], [-122.881111687, 46.150394162], [-122.881111688, 46.150394162], [-122.881111689, 46.150394162], [-122.88111169, 46.150394162], [-122.881111691, 46.150394161], [-122.881111692, 46.150394161], [-122.881111693, 46.150394161], [-122.881111694, 46.15039416], [-122.881111695, 46.15039416], [-122.881111695, 46.150394159], [-122.881415918, 46.150085656], [-122.881476252, 46.150024488], [-122.881556036, 46.15008364], [-122.882419104, 46.150723792], [-122.882470752, 46.15076209], [-122.882469466, 46.150832505], [-122.882444649, 46.152171065], [-122.882444649, 46.152171066], [-122.882444649, 46.152171067], [-122.882444649, 46.152171068], [-122.88244465, 46.152171069], [-122.88244465, 46.15217107], [-122.88244465, 46.152171071], [-122.882444651, 46.152171071], [-122.882444652, 46.152171072], [-122.882444652, 46.152171073], [-122.882444653, 46.152171073], [-122.882444654, 46.152171074], [-122.882444655, 46.152171074], [-122.882444656, 46.152171075], [-122.882444657, 46.152171075], [-122.882444658, 46.152171075], [-122.882444659, 46.152171075], [-122.885192048, 46.152175573], [-122.885200025, 46.152180986], [-122.885172126, 46.153689101], [-122.885171086, 46.153745289], [-122.885171086, 46.15374529], [-122.885171086, 46.153745291], [-122.885171086, 46.153745292], [-122.885171087, 46.153745292], [-122.885171087, 46.153745293], [-122.885171087, 46.153745294], [-122.885171088, 46.153745295], [-122.885171089, 46.153745296], [-122.885171089, 46.153745296], [-122.88517109, 46.153745297], [-122.885171091, 46.153745298], [-122.885171092, 46.153745298], [-122.885171093, 46.153745298], [-122.885171094, 46.153745299], [-122.885171095, 46.153745299], [-122.885171096, 46.153745299], [-122.885249942, 46.153746159], [-122.88557977, 46.153749721], [-122.885555158, 46.155404082], [-122.885237974, 46.155403566], [-122.885140484, 46.155403412], [-122.885140483, 46.155403412], [-122.885140482, 46.155403412], [-122.885140481, 46.155403413], [-122.88514048, 46.155403413], [-122.885140479, 46.155403413], [-122.885140479, 46.155403414], [-122.885140478, 46.155403414], [-122.885140477, 46.155403415], [-122.885140476, 46.155403416], [-122.885140476, 46.155403417], [-122.885140475, 46.155403417], [-122.885140475, 46.155403418], [-122.885140475, 46.155403419], [-122.885140474, 46.15540342], [-122.885140474, 46.155403421], [-122.885140474, 46.155403422], [-122.885139479, 46.155458461], [-122.885135418, 46.155677137], [-122.885134407, 46.155731672], [-122.885067364, 46.155731572], [-122.882470254, 46.15572732], [-122.882378828, 46.155727187], [-122.880717747, 46.155725454], [-122.880717746, 46.155725454], [-122.880717745, 46.155725454], [-122.880717744, 46.155725455], [-122.880717743, 46.155725455], [-122.880717742, 46.155725455], [-122.880717741, 46.155725456], [-122.88071774, 46.155725456], [-122.88071774, 46.155725457], [-122.880717739, 46.155725458], [-122.880717738, 46.155725459], [-122.880717738, 46.155725459], [-122.880717738, 46.15572546], [-122.880717737, 46.155725461], [-122.880717737, 46.155725462], [-122.880717737, 46.155725463], [-122.880717737, 46.155725464], [-122.880666977, 46.157868603], [-122.880666977, 46.157868603], [-122.880664285, 46.15798225], [-122.880664285, 46.157982251], [-122.880664285, 46.157982252], [-122.880664286, 46.157982253], [-122.880664286, 46.157982254], [-122.880664286, 46.157982255], [-122.880664287, 46.157982256], [-122.880664287, 46.157982257], [-122.880664288, 46.157982258], [-122.880664289, 46.157982258], [-122.88066429, 46.157982259], [-122.880664291, 46.15798226], [-122.880664291, 46.15798226], [-122.880664292, 46.15798226], [-122.880664293, 46.157982261], [-122.880664294, 46.157982261], [-122.880664295, 46.157982261], [-122.882337554, 46.157984038], [-122.882311892, 46.159337981], [-122.882311892, 46.159337982], [-122.882311892, 46.159337983], [-122.882311893, 46.159337984], [-122.882311893, 46.159337985], [-122.882311893, 46.159337986], [-122.882311894, 46.159337986], [-122.882311894, 46.159337987], [-122.882311895, 46.159337988], [-122.882311896, 46.159337989], [-122.882311897, 46.159337989], [-122.882311897, 46.15933799], [-122.882311898, 46.15933799], [-122.882311899, 46.159337991], [-122.8823119, 46.159337991], [-122.882311901, 46.159337991], [-122.882311902, 46.159337991], [-122.887601198, 46.159346584], [-122.887679045, 46.159346719], [-122.887679046, 46.159346719], [-122.887679047, 46.159346719], [-122.887679048, 46.159346719], [-122.887679049, 46.159346718], [-122.88767905, 46.159346718], [-122.887679051, 46.159346717], [-122.887679052, 46.159346717], [-122.887679052, 46.159346716], [-122.887679053, 46.159346715], [-122.887679054, 46.159346715], [-122.887679054, 46.159346714], [-122.887679055, 46.159346713], [-122.887679055, 46.159346712], [-122.887679055, 46.159346711], [-122.887679055, 46.15934671], [-122.887679055, 46.159346709], [-122.887679713, 46.159268638], [-122.887691025, 46.157875518], [-122.887707126, 46.155892522], [-122.887731679, 46.155782724], [-122.88773168, 46.155782723], [-122.88773168, 46.155782722], [-122.887731794, 46.155777357], [-122.887758694, 46.154318606], [-122.887759765, 46.154260953], [-122.887846873, 46.154293619], [-122.887923084, 46.154322205], [-122.887923085, 46.154322206], [-122.887923085, 46.154322206], [-122.887923086, 46.154322206], [-122.887923087, 46.154322206], [-122.887923088, 46.154322206], [-122.887923089, 46.154322206], [-122.88792309, 46.154322206], [-122.887923091, 46.154322205], [-122.887923092, 46.154322205], [-122.887923093, 46.154322204], [-122.888153894, 46.154160531], [-122.888717982, 46.154057221], [-122.888717983, 46.154057221], [-122.888717984, 46.15405722], [-122.888717985, 46.15405722], [-122.888717986, 46.154057219], [-122.888717987, 46.154057219], [-122.888717987, 46.154057218], [-122.888717988, 46.154057217], [-122.888717989, 46.154057217], [-122.888717989, 46.154057216], [-122.88871799, 46.154057215], [-122.88871799, 46.154057214], [-122.888788742, 46.153840145], [-122.88880688, 46.153784565], [-122.888909665, 46.153785679], [-122.890382416, 46.15380155], [-122.890382417, 46.153801549], [-122.890382418, 46.153801549], [-122.890382419, 46.153801549], [-122.89038242, 46.153801549], [-122.890382421, 46.153801548], [-122.890382422, 46.153801548], [-122.890382423, 46.153801547], [-122.890382423, 46.153801547], [-122.890382424, 46.153801546], [-122.890382425, 46.153801545], [-122.890382425, 46.153801544], [-122.890382426, 46.153801544], [-122.890382426, 46.153801543], [-122.890382426, 46.153801542], [-122.890382426, 46.153801541], [-122.890382426, 46.15380154], [-122.890401335, 46.153045787], [-122.890402536, 46.152997942], [-122.890404169, 46.152997454], [-122.890432783, 46.152994893], [-122.890487865, 46.153003885], [-122.892108239, 46.153268369], [-122.892099117, 46.153765377], [-122.892098118, 46.153820033], [-122.892098118, 46.153820034], [-122.892098118, 46.153820035], [-122.892098118, 46.153820036], [-122.892098118, 46.153820037], [-122.892098119, 46.153820038], [-122.892098119, 46.153820038], [-122.89209812, 46.153820039], [-122.89209812, 46.15382004], [-122.892098121, 46.153820041], [-122.892098122, 46.153820041], [-122.892098123, 46.153820042], [-122.892098124, 46.153820042], [-122.892098125, 46.153820043], [-122.892098125, 46.153820043], [-122.892098126, 46.153820043], [-122.892098127, 46.153820043], [-122.89217977, 46.153820941], [-122.89327885, 46.153832746], [-122.893278851, 46.153832746], [-122.893278852, 46.153832746], [-122.893278853, 46.153832746], [-122.893278854, 46.153832746], [-122.893278855, 46.153832745], [-122.893278856, 46.153832745], [-122.893278857, 46.153832744], [-122.893278858, 46.153832744], [-122.893278858, 46.153832743], [-122.893278859, 46.153832742], [-122.893278859, 46.153832741], [-122.89327886, 46.15383274], [-122.89327886, 46.15383274], [-122.89327886, 46.153832739], [-122.89327886, 46.153832738], [-122.893278861, 46.153832737], [-122.893308767, 46.152202812], [-122.893309823, 46.152145204], [-122.893312032, 46.15214392], [-122.893456496, 46.152138407], [-122.895696276, 46.152162458], [-122.896463455, 46.152170696], [-122.896463456, 46.152170696], [-122.896463457, 46.152170696], [-122.896463457, 46.152170695], [-122.896463458, 46.152170695], [-122.896463459, 46.152170695], [-122.89646346, 46.152170694], [-122.896463461, 46.152170693], [-122.896463462, 46.152170693], [-122.896463462, 46.152170692], [-122.896463463, 46.152170691], [-122.896463463, 46.15217069], [-122.896491088, 46.152118243], [-122.896645235, 46.152112811], [-122.896934788, 46.152117099], [-122.897571678, 46.15212653], [-122.897716286, 46.152135826], [-122.897718789, 46.152137746], [-122.897717976, 46.152182689], [-122.897711441, 46.152539004], [-122.897711441, 46.152539005], [-122.897711441, 46.152539006], [-122.897711441, 46.152539007], [-122.897711442, 46.152539008], [-122.897711442, 46.152539009], [-122.897711443, 46.15253901], [-122.897711443, 46.152539011], [-122.897711444, 46.152539011], [-122.897711445, 46.152539012], [-122.897711445, 46.152539013], [-122.897711446, 46.152539013], [-122.897711447, 46.152539014], [-122.897711448, 46.152539014], [-122.897711449, 46.152539014], [-122.89771145, 46.152539014], [-122.897711451, 46.152539014], [-122.8982713, 46.152547301], [-122.898276292, 46.152551148], [-122.89828, 46.152695565], [-122.898276435, 46.152845989], [-122.898270505, 46.153096206], [-122.898225268, 46.155005102], [-122.89787017, 46.155007248], [-122.897870169, 46.155007248], [-122.897870168, 46.155007248], [-122.897870168, 46.155007248], [-122.897870167, 46.155007248], [-122.897870166, 46.155007249], [-122.897870165, 46.155007249], [-122.897870164, 46.15500725], [-122.897870163, 46.155007251], [-122.897870163, 46.155007251], [-122.897870162, 46.155007252], [-122.897870162, 46.155007253], [-122.897870161, 46.155007254], [-122.897870161, 46.155007255], [-122.897870161, 46.155007256], [-122.897870161, 46.155007257], [-122.89787016, 46.155007258], [-122.897847247, 46.157885516], [-122.897778848, 46.166477366], [-122.897778848, 46.166477367], [-122.897778848, 46.166477368], [-122.897778849, 46.166477369], [-122.897778849, 46.16647737], [-122.897778849, 46.166477371], [-122.89777885, 46.166477371], [-122.89777885, 46.166477372], [-122.897778851, 46.166477373], [-122.897778852, 46.166477374], [-122.897778853, 46.166477374], [-122.897778853, 46.166477375], [-122.897778854, 46.166477375], [-122.897778855, 46.166477376], [-122.897778856, 46.166477376], [-122.897778857, 46.166477376], [-122.897778858, 46.166477376], [-122.898488566, 46.166495119], [-122.898566122, 46.16649703], [-122.898566123, 46.16649703], [-122.898566124, 46.16649703], [-122.898566125, 46.16649703], [-122.898566126, 46.166497029], [-122.898566127, 46.166497029], [-122.898566127, 46.166497029], [-122.898566128, 46.166497028], [-122.898566129, 46.166497027], [-122.89856613, 46.166497027], [-122.89856613, 46.166497026], [-122.898566131, 46.166497025], [-122.898566131, 46.166497024], [-122.898566132, 46.166497023], [-122.898566132, 46.166497022], [-122.898566132, 46.166497021], [-122.898566132, 46.16649702], [-122.898566838, 46.16640921], [-122.898583012, 46.164375549], [-122.898583569, 46.164307668], [-122.898661861, 46.164309623], [-122.900404131, 46.164359965], [-122.900404131, 46.164359965], [-122.900863439, 46.164373236], [-122.90086028, 46.164915674], [-122.90086028, 46.164915675], [-122.900860281, 46.164915676], [-122.900860281, 46.164915677], [-122.900860281, 46.164915678], [-122.900860281, 46.164915678], [-122.900860282, 46.164915679], [-122.900860283, 46.16491568], [-122.900860283, 46.164915681], [-122.900860284, 46.164915681], [-122.900860285, 46.164915682], [-122.900860285, 46.164915683], [-122.900860286, 46.164915683], [-122.900860287, 46.164915683], [-122.900860288, 46.164915684], [-122.900860289, 46.164915684], [-122.90086029, 46.164915684], [-122.902462411, 46.164953207], [-122.902462412, 46.164953207], [-122.902462413, 46.164953206], [-122.902462414, 46.164953206], [-122.902462415, 46.164953206], [-122.902462416, 46.164953206], [-122.902462416, 46.164953205], [-122.902462417, 46.164953204], [-122.902462418, 46.164953204], [-122.902462419, 46.164953203], [-122.902462419, 46.164953202], [-122.90246242, 46.164953201], [-122.90246242, 46.164953201], [-122.902462421, 46.1649532], [-122.902462421, 46.164953199], [-122.902462421, 46.164953198], [-122.902462421, 46.164953197], [-122.9024636, 46.164747984], [-122.902867499, 46.164757428], [-122.902867499, 46.164757428], [-122.9028675, 46.164757428], [-122.902867501, 46.164757428], [-122.902867502, 46.164757427], [-122.902867503, 46.164757427], [-122.902867504, 46.164757427], [-122.902867505, 46.164757426], [-122.902867506, 46.164757425], [-122.902867506, 46.164757425], [-122.902867507, 46.164757424], [-122.902867507, 46.164757423], [-122.902867508, 46.164757422], [-122.902867508, 46.164757421], [-122.902867509, 46.16475742], [-122.902867509, 46.164757419], [-122.902867509, 46.164757418], [-122.902867509, 46.164757417], [-122.902867509, 46.164757416], [-122.902802465, 46.164402328], [-122.9032785, 46.164424895], [-122.9032785, 46.164424895], [-122.90332516, 46.164426076], [-122.903325161, 46.164426076], [-122.903325162, 46.164426076], [-122.903325163, 46.164426075], [-122.903325164, 46.164426075], [-122.903325165, 46.164426075], [-122.903325166, 46.164426074], [-122.903325166, 46.164426074], [-122.903325167, 46.164426073], [-122.903325168, 46.164426072], [-122.903325168, 46.164426071], [-122.903325169, 46.164426071], [-122.903325169, 46.16442607], [-122.90332517, 46.164426069], [-122.90332517, 46.164426068], [-122.90332517, 46.164426067], [-122.90332517, 46.164426066], [-122.90332517, 46.164426065], [-122.90332517, 46.164426064], [-122.903315293, 46.164372745], [-122.902360657, 46.159225523], [-122.902356142, 46.159201086], [-122.902430249, 46.159202935], [-122.904149377, 46.159237165], [-122.904880715, 46.159251727], [-122.9058909, 46.159271841], [-122.906042773, 46.159282619], [-122.906046581, 46.159283283], [-122.906233552, 46.159832102], [-122.905591163, 46.160083965], [-122.905591162, 46.160083965], [-122.905591161, 46.160083966], [-122.90559116, 46.160083966], [-122.90559116, 46.160083967], [-122.905591159, 46.160083968], [-122.905591158, 46.160083968], [-122.905591158, 46.160083969], [-122.905591157, 46.16008397], [-122.905591157, 46.160083971], [-122.905591157, 46.160083972], [-122.905591156, 46.160083973], [-122.905591156, 46.160083974], [-122.905591156, 46.160083975], [-122.905591156, 46.160083976], [-122.905591157, 46.160083976], [-122.905591157, 46.160083977], [-122.906165986, 46.161771327], [-122.905932122, 46.162203945], [-122.905932122, 46.162203946], [-122.905932121, 46.162203947], [-122.905932121, 46.162203948], [-122.905932121, 46.162203949], [-122.905932121, 46.16220395], [-122.905932121, 46.162203951], [-122.905932121, 46.162203952], [-122.905932121, 46.162203953], [-122.905932122, 46.162203954], [-122.905932122, 46.162203955], [-122.905932123, 46.162203955], [-122.905932123, 46.162203956], [-122.905932124, 46.162203957], [-122.906504624, 46.162754432], [-122.906504625, 46.162754433], [-122.906504626, 46.162754434], [-122.906504626, 46.162754434], [-122.906504627, 46.162754434], [-122.906504628, 46.162754435], [-122.906504629, 46.162754435], [-122.90650463, 46.162754435], [-122.906504631, 46.162754435], [-122.907554875, 46.162760596], [-122.907554876, 46.162760596], [-122.907554877, 46.162760596], [-122.907554878, 46.162760596], [-122.907554879, 46.162760595], [-122.90755488, 46.162760595], [-122.907554881, 46.162760594], [-122.907554881, 46.162760594], [-122.907554882, 46.162760593], [-122.907554883, 46.162760592], [-122.907554883, 46.162760592], [-122.907554884, 46.162760591], [-122.907554884, 46.16276059], [-122.907554885, 46.162760589], [-122.907554885, 46.162760588], [-122.907554885, 46.162760587], [-122.907554885, 46.162760586], [-122.907554885, 46.162760585], [-122.907554885, 46.162760584], [-122.907554884, 46.162760583], [-122.907032624, 46.161179029], [-122.90877153, 46.161222359], [-122.908771531, 46.161222359], [-122.908771532, 46.161222359], [-122.908771533, 46.161222359], [-122.908771534, 46.161222359], [-122.908771535, 46.161222358], [-122.908771535, 46.161222358], [-122.908771536, 46.161222357], [-122.908771537, 46.161222356], [-122.908771538, 46.161222356], [-122.908771538, 46.161222355], [-122.908771539, 46.161222354], [-122.908771539, 46.161222353], [-122.90877154, 46.161222352], [-122.90877154, 46.161222351], [-122.90877154, 46.16122235], [-122.90877154, 46.161222349], [-122.908811094, 46.159362015], [-122.912751239, 46.159460092], [-122.91275124, 46.159460092], [-122.912751241, 46.159460091], [-122.912751242, 46.159460091], [-122.912751243, 46.159460091], [-122.912751243, 46.15946009], [-122.912751244, 46.15946009], [-122.912751245, 46.159460089], [-122.912751246, 46.159460089], [-122.912751247, 46.159460088], [-122.912751247, 46.159460087], [-122.912751248, 46.159460086], [-122.912751248, 46.159460085], [-122.912751248, 46.159460084], [-122.912751249, 46.159460083], [-122.912751249, 46.159460082], [-122.912760784, 46.159357649], [-122.913465679, 46.159375188], [-122.91346568, 46.159375188], [-122.913465681, 46.159375188], [-122.913465682, 46.159375188], [-122.913465683, 46.159375188], [-122.913465684, 46.159375187], [-122.913465685, 46.159375187], [-122.913465686, 46.159375186], [-122.913465686, 46.159375186], [-122.913465687, 46.159375185], [-122.913465688, 46.159375184], [-122.913512386, 46.15930763], [-122.913512386, 46.159307629], [-122.913512387, 46.159307628], [-122.913512387, 46.159307627], [-122.913585204, 46.159088546], [-122.913585205, 46.159088546], [-122.913585205, 46.159088545], [-122.913585205, 46.159088544], [-122.913585205, 46.159088543], [-122.913585205, 46.159088542], [-122.913585205, 46.159088541], [-122.913585204, 46.15908854], [-122.913585204, 46.159088539], [-122.913585204, 46.159088538], [-122.913445176, 46.1588413], [-122.913368506, 46.158566869], [-122.913387795, 46.158139259], [-122.913387795, 46.158139257], [-122.9133654, 46.157897858], [-122.9133654, 46.157897857], [-122.913329786, 46.157513969], [-122.913329786, 46.157513969], [-122.913271182, 46.156959965], [-122.91325978, 46.156422563], [-122.913350761, 46.155912965], [-122.913350762, 46.155912965], [-122.913350762, 46.155912964], [-122.913350762, 46.155912963], [-122.913350761, 46.155912962], [-122.913350761, 46.155912961], [-122.913350761, 46.15591296], [-122.913250298, 46.15565488], [-122.913247285, 46.155610027], [-122.913430357, 46.154793238], [-122.914036451, 46.152089096], [-122.914367417, 46.150612464], [-122.914396393, 46.150507047], [-122.914396447, 46.150508394], [-122.914362809, 46.150822557], [-122.914362809, 46.150822558], [-122.914351666, 46.151217305], [-122.914351666, 46.151217306], [-122.914351666, 46.151217307], [-122.914426164, 46.151760415], [-122.914426165, 46.151760416], [-122.914426165, 46.151760417], [-122.914557308, 46.152122764], [-122.914606858, 46.152302178], [-122.914658893, 46.152490589], [-122.914677766, 46.152558924], [-122.914695249, 46.152622229], [-122.914695249, 46.152622229], [-122.914714114, 46.152685136], [-122.914821862, 46.153044434], [-122.914851804, 46.153161169], [-122.914872259, 46.153279933], [-122.914905983, 46.153537288], [-122.914923414, 46.153670313], [-122.914923414, 46.153670314], [-122.914946774, 46.153802427], [-122.914980821, 46.153994981], [-122.91499943, 46.154114152], [-122.915043405, 46.154438403], [-122.91509447, 46.154948523], [-122.91509447, 46.154948524], [-122.915155061, 46.155261254], [-122.915189421, 46.155886481], [-122.915189421, 46.155886481], [-122.915249087, 46.156308889], [-122.915261293, 46.156747588], [-122.915261293, 46.156747589], [-122.915261293, 46.15674759], [-122.91530666, 46.156994491], [-122.915366067, 46.15744979], [-122.915356677, 46.157899367], [-122.915356677, 46.157899367], [-122.915353127, 46.158069357], [-122.915353127, 46.158069358], [-122.915353127, 46.158069359], [-122.91545093, 46.158776613], [-122.91545093, 46.158776614], [-122.915542126, 46.15919857], [-122.915542126, 46.15919857], [-122.915542126, 46.159198571], [-122.915542127, 46.159198572], [-122.915542127, 46.159198573], [-122.915542128, 46.159198574], [-122.915542128, 46.159198575], [-122.915542129, 46.159198575], [-122.91554213, 46.159198576], [-122.915542131, 46.159198576], [-122.915542131, 46.159198577], [-122.915542132, 46.159198577], [-122.915542133, 46.159198577], [-122.915542134, 46.159198577], [-122.915542135, 46.159198577], [-122.926316775, 46.159250956], [-122.926316778, 46.159250956], [-122.926316778, 46.159250956], [-122.927495748, 46.159256687], [-122.927641574, 46.159264581], [-122.927643342, 46.15926543], [-122.927636685, 46.160016478], [-122.927636685, 46.160016479], [-122.927636685, 46.16001648], [-122.927636685, 46.160016481], [-122.927636685, 46.160016482], [-122.927636686, 46.160016483], [-122.927636686, 46.160016484], [-122.927636687, 46.160016485], [-122.927636687, 46.160016485], [-122.927636688, 46.160016486], [-122.927636689, 46.160016487], [-122.92763669, 46.160016487], [-122.927636691, 46.160016488], [-122.927636692, 46.160016488], [-122.927636693, 46.160016488], [-122.927636694, 46.160016488], [-122.927636695, 46.160016488], [-122.936584351, 46.160021816], [-122.93673072, 46.16002912], [-122.936732117, 46.160029623], [-122.93672909, 46.160517961], [-122.93672909, 46.160517962], [-122.93672909, 46.160517963], [-122.93672909, 46.160517964], [-122.93672909, 46.160517965], [-122.936729091, 46.160517966], [-122.936729091, 46.160517967], [-122.936729092, 46.160517967], [-122.936729092, 46.160517968], [-122.936729093, 46.160517969], [-122.936729094, 46.160517969], [-122.936729095, 46.16051797], [-122.936729095, 46.16051797], [-122.936729096, 46.160517971], [-122.936729097, 46.160517971], [-122.936729098, 46.160517971], [-122.936729099, 46.160517971], [-122.9367291, 46.160517971], [-122.937757884, 46.160472381], [-122.939107579, 46.160420605], [-122.939462074, 46.160407006], [-122.93960609, 46.160408571], [-122.939696004, 46.160521081], [-122.939810604, 46.160679912], [-122.940022577, 46.1609737], [-122.940102369, 46.161093941], [-122.940102369, 46.161093941], [-122.9406961, 46.161948845], [-122.94070495, 46.161976777], [-122.940760101, 46.162150855], [-122.94077283, 46.162191029], [-122.940890044, 46.162560987], [-122.940994977, 46.162892182], [-122.941038479, 46.16302948], [-122.941087516, 46.16319078], [-122.941087516, 46.163190781], [-122.941087516, 46.163190782], [-122.941087517, 46.163190783], [-122.941087518, 46.163190784], [-122.941087518, 46.163190784], [-122.941087519, 46.163190785], [-122.94108752, 46.163190786], [-122.941087521, 46.163190786], [-122.941087522, 46.163190787], [-122.941087522, 46.163190787], [-122.941087523, 46.163190787], [-122.941087524, 46.163190787], [-122.941087525, 46.163190787], [-122.947043108, 46.163155178], [-122.947187038, 46.163161406], [-122.947273256, 46.163276829], [-122.947294733, 46.163308743], [-122.947350518, 46.16339164], [-122.947421905, 46.163509078], [-122.94745847, 46.163641558], [-122.947600847, 46.164268968], [-122.947646304, 46.16446928], [-122.94767037, 46.164603354], [-122.947671583, 46.164617336], [-122.947409756, 46.165398713], [-122.947409756, 46.165398714], [-122.947409756, 46.165398715], [-122.947409756, 46.165398716], [-122.947409756, 46.165398717], [-122.947459953, 46.165837604], [-122.947392556, 46.165908584], [-122.947180709, 46.166131687], [-122.947039883, 46.166279996], [-122.94684153, 46.166404574], [-122.94668334, 46.166503926], [-122.946683339, 46.166503927], [-122.946683338, 46.166503927], [-122.946683338, 46.166503928], [-122.946683337, 46.166503929], [-122.946683336, 46.16650393], [-122.946683336, 46.166503931], [-122.946683336, 46.166503932], [-122.946683335, 46.166503933], [-122.946683335, 46.166503934], [-122.946683335, 46.166503934], [-122.946683335, 46.166503935], [-122.946683335, 46.166503936], [-122.946683335, 46.166503937], [-122.946683336, 46.166503938], [-122.946683336, 46.166503939], [-122.946683337, 46.16650394], [-122.946683337, 46.166503941], [-122.946683338, 46.166503942], [-122.946683339, 46.166503942], [-122.946889903, 46.166679452], [-122.946889904, 46.166679452], [-122.946889904, 46.166679453], [-122.946889905, 46.166679453], [-122.946889906, 46.166679454], [-122.946889907, 46.166679454], [-122.946889908, 46.166679454], [-122.946889909, 46.166679454], [-122.947689194, 46.166682184], [-122.94810313, 46.166683822], [-122.948155703, 46.166820602], [-122.948180569, 46.166895902], [-122.948237679, 46.167068838], [-122.948276091, 46.167206904], [-122.947870408, 46.167362668], [-122.947841422, 46.16734247], [-122.947841421, 46.167342469], [-122.94784142, 46.167342469], [-122.94784142, 46.167342469], [-122.947841419, 46.167342468], [-122.947841418, 46.167342468], [-122.947841417, 46.167342468], [-122.947841416, 46.167342468], [-122.947841415, 46.167342468], [-122.947841414, 46.167342468], [-122.947841413, 46.167342469], [-122.945708397, 46.168171435], [-122.945708396, 46.168171435], [-122.945708395, 46.168171436], [-122.945708394, 46.168171437], [-122.945708393, 46.168171437], [-122.945708393, 46.168171438], [-122.945708392, 46.168171439], [-122.945708392, 46.16817144], [-122.945708391, 46.16817144], [-122.945708391, 46.168171441], [-122.945708391, 46.168171442], [-122.94570839, 46.168171443], [-122.94570839, 46.168171444], [-122.94570839, 46.168171445], [-122.945708391, 46.168171446], [-122.945708391, 46.168171447], [-122.945708391, 46.168171448], [-122.945708392, 46.168171449], [-122.945708392, 46.16817145], [-122.945708393, 46.168171451], [-122.945816486, 46.168303198], [-122.945928526, 46.168456613], [-122.945998738, 46.168611121], [-122.946087273, 46.168885745], [-122.946129481, 46.169091804], [-122.946129481, 46.169091805], [-122.946129481, 46.169091806], [-122.946129482, 46.169091807], [-122.946129482, 46.169091808], [-122.946129483, 46.169091809], [-122.946129483, 46.16909181], [-122.946129484, 46.16909181], [-122.946129485, 46.169091811], [-122.946129486, 46.169091811], [-122.946129487, 46.169091812], [-122.946129488, 46.169091812], [-122.946129488, 46.169091812], [-122.946129489, 46.169091812], [-122.94612949, 46.169091812], [-122.946202194, 46.16909091], [-122.946342731, 46.169529138], [-122.946344684, 46.170080692], [-122.946344684, 46.170080693], [-122.946344684, 46.170080694], [-122.946344685, 46.170080695], [-122.946344685, 46.170080696], [-122.946344685, 46.170080696], [-122.946527745, 46.170454982], [-122.946601321, 46.170892667], [-122.94661277, 46.171002157], [-122.946613198, 46.171183326], [-122.946605355, 46.171346353], [-122.946605355, 46.171346354], [-122.946604606, 46.17149871], [-122.946604606, 46.171498711], [-122.946604606, 46.171498712], [-122.946604606, 46.171498713], [-122.946604607, 46.171498714], [-122.946604607, 46.171498715], [-122.946604608, 46.171498716], [-122.946604608, 46.171498717], [-122.946604609, 46.171498717], [-122.94660461, 46.171498718], [-122.94660461, 46.171498719], [-122.946604611, 46.171498719], [-122.946604612, 46.17149872], [-122.946604613, 46.17149872], [-122.946604614, 46.17149872], [-122.946604615, 46.17149872], [-122.946604616, 46.17149872], [-122.948908075, 46.171509256], [-122.948994103, 46.171509807], [-122.951882658, 46.171528255], [-122.951892525, 46.171533], [-122.951898602, 46.171675664], [-122.951878233, 46.174798121], [-122.951878233, 46.174798122], [-122.951878233, 46.174798123], [-122.951878233, 46.174798124], [-122.951878233, 46.174798125], [-122.951878234, 46.174798126], [-122.951878234, 46.174798127], [-122.951878235, 46.174798127], [-122.951878235, 46.174798128], [-122.951878236, 46.174798129], [-122.951878237, 46.174798129], [-122.951878238, 46.17479813], [-122.951878239, 46.17479813], [-122.95187824, 46.174798131], [-122.951878241, 46.174798131], [-122.951878242, 46.174798131], [-122.951878243, 46.174798131], [-122.951878244, 46.174798131], [-122.951878245, 46.174798131], [-122.951878246, 46.174798131], [-122.951878246, 46.17479813], [-122.952115138, 46.174696153], [-122.952206797, 46.174728665], [-122.952206798, 46.174728665], [-122.952206799, 46.174728666], [-122.9522068, 46.174728666], [-122.9522068, 46.174728666], [-122.9522068, 46.174728666], [-122.952743715, 46.174919112], [-122.953662854, 46.175922034], [-122.952205767, 46.17592159], [-122.953662856, 46.175922034], [-122.953662857, 46.175922034], [-122.953662857, 46.175922035], [-122.953662857, 46.175922036], [-122.953662857, 46.175922037], [-122.953662858, 46.175922038], [-122.953662858, 46.175922038], [-122.953662859, 46.175922039], [-122.953662859, 46.17592204], [-122.95366286, 46.175922041], [-122.953955757, 46.176241637], [-122.953952665, 46.176720622], [-122.953952145, 46.17680178], [-122.953952145, 46.176801781], [-122.953952145, 46.176801782], [-122.953952145, 46.176801783], [-122.953952146, 46.176801784], [-122.953952146, 46.176801785], [-122.953952147, 46.176801786], [-122.953952147, 46.176801787], [-122.953952148, 46.176801787], [-122.953952149, 46.176801788], [-122.953952149, 46.176801789], [-122.95395215, 46.176801789], [-122.953952151, 46.17680179], [-122.953952152, 46.17680179], [-122.953952153, 46.17680179], [-122.953952154, 46.17680179], [-122.953952155, 46.17680179], [-122.954031902, 46.176801501], [-122.955133482, 46.176797569], [-122.955211184, 46.176797272], [-122.955212192, 46.17679781], [-122.955211864, 46.176851409], [-122.955207976, 46.177454407], [-122.955207644, 46.177508502], [-122.955207644, 46.177508503], [-122.955207644, 46.177508504], [-122.955207644, 46.177508505], [-122.955207644, 46.177508506], [-122.955207645, 46.177508507], [-122.955207645, 46.177508508], [-122.955207646, 46.177508509], [-122.955207646, 46.177508509], [-122.955207647, 46.17750851], [-122.955207648, 46.177508511], [-122.955207649, 46.177508511], [-122.95520765, 46.177508511], [-122.955207651, 46.177508512], [-122.955207652, 46.177508512], [-122.955207653, 46.177508512], [-122.955207654, 46.177508512], [-122.955286377, 46.177508239], [-122.958046987, 46.177498325], [-122.958414342, 46.177497005], [-122.960530556, 46.177489406], [-122.960609782, 46.17748912], [-122.960608079, 46.177552174], [-122.960452603, 46.183299417], [-122.960450996, 46.183357963], [-122.960450996, 46.183357964], [-122.960450996, 46.183357965], [-122.960450996, 46.183357966], [-122.960450996, 46.183357967], [-122.960450997, 46.183357968], [-122.960450997, 46.183357969], [-122.960450998, 46.18335797], [-122.960450998, 46.18335797], [-122.960450999, 46.183357971], [-122.960451, 46.183357972], [-122.960451001, 46.183357972], [-122.960451001, 46.183357973], [-122.960451002, 46.183357973], [-122.960451003, 46.183357973], [-122.960451004, 46.183357973], [-122.960451005, 46.183357974], [-122.960451006, 46.183357974], [-122.960451007, 46.183357973], [-122.960451008, 46.183357973], [-122.960451009, 46.183357973], [-122.960529096, 46.183328075], [-122.960536763, 46.183325059], [-122.960536764, 46.183325059], [-122.960634451, 46.183276892], [-122.960692147, 46.183255043], [-122.960901694, 46.183182544], [-122.961159822, 46.183115582], [-122.961426619, 46.183067751], [-122.961699146, 46.183039533], [-122.961974459, 46.183031244], [-122.962249488, 46.183042988], [-122.962521237, 46.183074643], [-122.962707487, 46.183110589], [-122.962758091, 46.183120336], [-122.962758091, 46.183120336], [-122.962865837, 46.183135983], [-122.962948062, 46.183147937], [-122.962948062, 46.183147938], [-122.963293188, 46.183178052], [-122.963293189, 46.183178052], [-122.963640956, 46.183182927], [-122.963640957, 46.183182927], [-122.963987545, 46.183162539], [-122.963987545, 46.183162539], [-122.964329178, 46.183117108], [-122.964329179, 46.183117108], [-122.964583862, 46.183063569], [-122.964698365, 46.183039469], [-122.964740519, 46.18303465], [-122.968491649, 46.182605087], [-122.968535081, 46.18260208], [-122.968585353, 46.182598615], [-122.968585353, 46.182598615], [-122.968585354, 46.182598615], [-122.968585355, 46.182598614], [-122.968585356, 46.182598614], [-122.968585357, 46.182598613], [-122.968585358, 46.182598613], [-122.968585359, 46.182598612], [-122.968585359, 46.182598612], [-122.96858536, 46.182598611], [-122.968585361, 46.18259861], [-122.968585361, 46.182598609], [-122.968585361, 46.182598608], [-122.968585362, 46.182598607], [-122.968585362, 46.182598606], [-122.968585362, 46.182598605], [-122.968586875, 46.182542331], [-122.968623475, 46.181182559], [-122.968624956, 46.181127799], [-122.968706476, 46.181127639], [-122.968780011, 46.181127517], [-122.968861266, 46.181127388], [-122.968861267, 46.181127388], [-122.968861268, 46.181127388], [-122.968861269, 46.181127388], [-122.96886127, 46.181127387], [-122.968861271, 46.181127387], [-122.968861272, 46.181127386], [-122.968861273, 46.181127386], [-122.968861273, 46.181127385], [-122.968861274, 46.181127385], [-122.968861275, 46.181127384], [-122.968861275, 46.181127383], [-122.968861275, 46.181127382], [-122.968861276, 46.181127381], [-122.968861276, 46.18112738], [-122.968861276, 46.181127379], [-122.968861276, 46.181127378], [-122.968861615, 46.181115554], [-122.968911351, 46.179267993], [-122.968912848, 46.179212521], [-122.969045411, 46.17921233], [-122.973866621, 46.17920412], [-122.973866622, 46.17920412], [-122.973866623, 46.17920412], [-122.973866624, 46.17920412], [-122.973866625, 46.179204119], [-122.973866626, 46.179204119], [-122.973866627, 46.179204118], [-122.973866628, 46.179204118], [-122.973866629, 46.179204117], [-122.973866629, 46.179204116], [-122.97386663, 46.179204116], [-122.97386663, 46.179204115], [-122.973866631, 46.179204114], [-122.973866631, 46.179204113], [-122.973866631, 46.179204112], [-122.973866631, 46.179204111], [-122.973866631, 46.17920411], [-122.973866631, 46.179204109], [-122.973866631, 46.179204108], [-122.973866631, 46.179204107], [-122.973866631, 46.179204106], [-122.97386663, 46.179204105], [-122.97386663, 46.179204104], [-122.973866629, 46.179204104], [-122.973866628, 46.179204103], [-122.973866628, 46.179204102], [-122.973162082, 46.178642793], [-122.973162081, 46.178642793], [-122.972764468, 46.178397076], [-122.97273896, 46.178377379], [-122.972716392, 46.178355969], [-122.972697166, 46.178333086], [-122.972681522, 46.17830889], [-122.972677465, 46.178301291], [-122.97266014, 46.178257339], [-122.972626155, 46.178136592], [-122.972610548, 46.178014035], [-122.972613439, 46.177891036], [-122.972634829, 46.177768906], [-122.972674485, 46.177648991], [-122.972731975, 46.177532609], [-122.972806669, 46.177421058], [-122.972897739, 46.177315524], [-122.97300416, 46.1772172], [-122.973124819, 46.177127115], [-122.973192927, 46.177085896], [-122.973261076, 46.177044648], [-122.973347853, 46.177002134], [-122.973483739, 46.176935486], [-122.973559731, 46.176898223], [-122.973559732, 46.176898223], [-122.973559732, 46.176898222], [-122.973559733, 46.176898221], [-122.973559734, 46.176898221], [-122.973559734, 46.17689822], [-122.973559735, 46.176898219], [-122.973559735, 46.176898218], [-122.973559736, 46.176898217], [-122.973559736, 46.176898216], [-122.973559736, 46.176898216], [-122.973559736, 46.176898215], [-122.973559736, 46.176898214], [-122.973559736, 46.176898213], [-122.973559736, 46.176898212], [-122.973559736, 46.176898211], [-122.973559735, 46.17689821], [-122.973559735, 46.176898209], [-122.973559734, 46.176898208], [-122.973559734, 46.176898207], [-122.973559733, 46.176898207], [-122.973559732, 46.176898206], [-122.973487098, 46.176843843], [-122.97254969, 46.176142509], [-122.972469963, 46.176082863], [-122.972440179, 46.176034721], [-122.972385799, 46.175946839], [-122.972377253, 46.175927737], [-122.972377252, 46.175927737], [-122.972377252, 46.175927737], [-122.972377252, 46.175927737], [-122.972377251, 46.175927736], [-122.972377251, 46.175927735], [-122.972377251, 46.175927734], [-122.972377251, 46.175927733], [-122.972319703, 46.175799106], [-122.972276206, 46.175647393], [-122.972255797, 46.175493361], [-122.972256516, 46.175412993], [-122.972256688, 46.175392033], [-122.972256688, 46.175392032], [-122.972256688, 46.175392031], [-122.972256687, 46.17539203], [-122.972256687, 46.175392029], [-122.972256687, 46.175392028], [-122.972256686, 46.175392027], [-122.972256686, 46.175392026], [-122.972256685, 46.175392026], [-122.972256684, 46.175392025], [-122.972256683, 46.175392024], [-122.972256682, 46.175392024], [-122.972177938, 46.175350008], [-122.971634042, 46.175062558], [-122.971859552, 46.174838176], [-122.971859552, 46.174838176], [-122.971859553, 46.174838175], [-122.971859554, 46.174838174], [-122.971859554, 46.174838173], [-122.971859554, 46.174838172], [-122.971859555, 46.174838171], [-122.971859555, 46.17483817], [-122.971859555, 46.174838169], [-122.971859555, 46.174838168], [-122.971859555, 46.174838167], [-122.971859554, 46.174838166], [-122.971859554, 46.174838165], [-122.971859554, 46.174838165], [-122.971859553, 46.174838164], [-122.971859552, 46.174838163], [-122.971859552, 46.174838162], [-122.971859551, 46.174838162], [-122.97185955, 46.174838161], [-122.971859549, 46.17483816], [-122.971805854, 46.174809619], [-122.972568783, 46.174044098], [-122.9728925, 46.174216207], [-122.972892501, 46.174216207], [-122.972892502, 46.174216208], [-122.972892503, 46.174216208], [-122.972892504, 46.174216208], [-122.972892505, 46.174216208], [-122.972892506, 46.174216208], [-122.972892507, 46.174216208], [-122.972892508, 46.174216208], [-122.972892509, 46.174216207], [-122.97289251, 46.174216207], [-122.97289251, 46.174216206], [-122.972892511, 46.174216206], [-122.972960589, 46.174155318], [-122.97305633, 46.174200767], [-122.973056331, 46.174200767], [-122.973056331, 46.174200767], [-122.973056332, 46.174200767], [-122.973056333, 46.174200768], [-122.973056334, 46.174200768], [-122.973056335, 46.174200767], [-122.973056336, 46.174200767], [-122.973056337, 46.174200767], [-122.973056338, 46.174200767], [-122.973056339, 46.174200766], [-122.97305634, 46.174200765], [-122.973056341, 46.174200765], [-122.973363241, 46.17391536], [-122.973363242, 46.173915359], [-122.973363243, 46.173915358], [-122.973363243, 46.173915358], [-122.973363244, 46.173915357], [-122.973363244, 46.173915356], [-122.973363244, 46.173915355], [-122.973363244, 46.173915354], [-122.973363244, 46.173915353], [-122.973363244, 46.173915352], [-122.973363244, 46.173915351], [-122.973363244, 46.17391535], [-122.973363244, 46.173915349], [-122.973363243, 46.173915348], [-122.973363243, 46.173915347], [-122.973363242, 46.173915346], [-122.973363242, 46.173915345], [-122.973363241, 46.173915345], [-122.97336324, 46.173915344], [-122.973363239, 46.173915344], [-122.972927349, 46.173683616], [-122.973841335, 46.172770789], [-122.973841335, 46.172770789], [-122.973841336, 46.172770788], [-122.973841336, 46.172770787], [-122.973841337, 46.172770786], [-122.973841337, 46.172770785], [-122.973841337, 46.172770784], [-122.973841338, 46.172770783], [-122.973841338, 46.172770782], [-122.973841338, 46.172770781], [-122.973841337, 46.17277078], [-122.973841337, 46.172770779], [-122.973841337, 46.172770778], [-122.973841337, 46.172770778], [-122.973841336, 46.172770777], [-122.973841336, 46.172770776], [-122.973841335, 46.172770775], [-122.973841334, 46.172770775], [-122.973841333, 46.172770774], [-122.973672759, 46.172651625], [-122.973721625, 46.172612618], [-122.973721625, 46.172612617], [-122.973721626, 46.172612617], [-122.973721627, 46.172612616], [-122.973721627, 46.172612615], [-122.973721628, 46.172612614], [-122.973721628, 46.172612613], [-122.973721628, 46.172612612], [-122.973721628, 46.172612611], [-122.973721628, 46.17261261], [-122.973721628, 46.172612609], [-122.973721628, 46.172612608], [-122.973721628, 46.172612607], [-122.973721628, 46.172612607], [-122.973721627, 46.172612606], [-122.973721627, 46.172612605], [-122.973721626, 46.172612604], [-122.973721626, 46.172612603], [-122.973721625, 46.172612603], [-122.973721624, 46.172612602], [-122.973721623, 46.172612601], [-122.973638487, 46.172568575], [-122.972874399, 46.172011274], [-122.972874398, 46.172011274], [-122.972874397, 46.172011273], [-122.972874396, 46.172011273], [-122.972874395, 46.172011273], [-122.972874394, 46.172011273], [-122.972874393, 46.172011272], [-122.972874392, 46.172011272], [-122.972874391, 46.172011273], [-122.97287439, 46.172011273], [-122.97287439, 46.172011273], [-122.972874389, 46.172011273], [-122.972874388, 46.172011274], [-122.972874387, 46.172011274], [-122.972874386, 46.172011275], [-122.972874385, 46.172011276], [-122.971807195, 46.173162316], [-122.971224477, 46.172872413], [-122.971224476, 46.172872412], [-122.971224475, 46.172872412], [-122.971224474, 46.172872412], [-122.971224473, 46.172872412], [-122.971224472, 46.172872412], [-122.971224471, 46.172872412], [-122.97122447, 46.172872412], [-122.97122447, 46.172872412], [-122.971224469, 46.172872413], [-122.971224468, 46.172872413], [-122.971224467, 46.172872414], [-122.971224466, 46.172872414], [-122.971224465, 46.172872415], [-122.97002113, 46.174203074], [-122.967361498, 46.17277878], [-122.966034194, 46.171844264], [-122.966034193, 46.171844263], [-122.964612042, 46.171072422], [-122.964233664, 46.170124234], [-122.964222405, 46.170075631], [-122.964203326, 46.16992534], [-122.964196796, 46.169839118], [-122.964178516, 46.169597748], [-122.964174626, 46.169454968], [-122.964177682, 46.169450018], [-122.96632569, 46.168803378], [-122.966325691, 46.168803378], [-122.966325692, 46.168803377], [-122.966325693, 46.168803377], [-122.966325694, 46.168803376], [-122.966325694, 46.168803375], [-122.966325695, 46.168803375], [-122.966325696, 46.168803374], [-122.966325696, 46.168803373], [-122.966325696, 46.168803372], [-122.966325697, 46.168803371], [-122.966325697, 46.16880337], [-122.966325697, 46.168803369], [-122.966325697, 46.168803368], [-122.966325697, 46.168803367], [-122.966325697, 46.168803366], [-122.966260339, 46.168513515], [-122.966700155, 46.168398384], [-122.966700156, 46.168398384], [-122.966700157, 46.168398383], [-122.967550144, 46.16798305], [-122.967550144, 46.16798305], [-122.967550145, 46.167983049], [-122.967550146, 46.167983049], [-122.967550147, 46.167983048], [-122.967550147, 46.167983047], [-122.967550148, 46.167983047], [-122.967550148, 46.167983046], [-122.967550149, 46.167983045], [-122.967550149, 46.167983044], [-122.967550149, 46.167983043], [-122.967550149, 46.167983042], [-122.967550149, 46.167983041], [-122.967550149, 46.16798304], [-122.967550149, 46.167983039], [-122.967550149, 46.167983038], [-122.967550148, 46.167983037], [-122.967550148, 46.167983036], [-122.967550147, 46.167983036], [-122.967550147, 46.167983035], [-122.966898116, 46.167244838], [-122.966898115, 46.167244837], [-122.966898114, 46.167244837], [-122.965155587, 46.166031502], [-122.965155705, 46.166029747], [-122.965254422, 46.165924447], [-122.96573482, 46.165459891], [-122.965840763, 46.165366698], [-122.965955017, 46.165283903], [-122.966107314, 46.165184143], [-122.966190981, 46.165129338], [-122.966313782, 46.165057033], [-122.966324288, 46.165053304], [-122.967207695, 46.165218034], [-122.967207696, 46.165218034], [-122.967207697, 46.165218034], [-122.967207698, 46.165218034], [-122.967207699, 46.165218034], [-122.967207699, 46.165218033], [-122.9672077, 46.165218033], [-122.967207701, 46.165218033], [-122.967207702, 46.165218032], [-122.967207703, 46.165218031], [-122.967207704, 46.165218031], [-122.968471937, 46.163907039], [-122.96850659, 46.163880052], [-122.968518824, 46.163882399], [-122.968533586, 46.163892455], [-122.968533587, 46.163892456], [-122.968533588, 46.163892456], [-122.968533588, 46.163892456], [-122.968533589, 46.163892457], [-122.968977333, 46.16398693], [-122.968977334, 46.16398693], [-122.968977335, 46.16398693], [-122.969361559, 46.163991438], [-122.969541671, 46.164004472], [-122.969718894, 46.164039154], [-122.969725549, 46.16404088], [-122.969861015, 46.164082997], [-122.969964311, 46.164151768], [-122.970058217, 46.164227963], [-122.970148112, 46.164334108], [-122.970181428, 46.164377383], [-122.970223103, 46.164431517], [-122.97031574, 46.164566555], [-122.970330379, 46.164593894], [-122.97033068, 46.164594565], [-122.970385904, 46.164844411], [-122.970385904, 46.164844412], [-122.970385904, 46.164844413], [-122.970385904, 46.164844414], [-122.970385905, 46.164844415], [-122.970627449, 46.165202376], [-122.970718161, 46.165400281], [-122.970753794, 46.165490757], [-122.970848808, 46.165732008], [-122.970910293, 46.165905888], [-122.970946569, 46.166033631], [-122.970979308, 46.166162494], [-122.971056747, 46.166467297], [-122.971056747, 46.166467298], [-122.971165626, 46.166762335], [-122.971168986, 46.166771439], [-122.97117161, 46.16677855], [-122.971356887, 46.167324429], [-122.971356887, 46.16732443], [-122.971356888, 46.167324431], [-122.971504045, 46.167560007], [-122.97156626, 46.167658198], [-122.97165564, 46.167822932], [-122.971655641, 46.167822932], [-122.97186909, 46.168171138], [-122.97186909, 46.168171138], [-122.97199538, 46.168371459], [-122.97199538, 46.16837146], [-122.972173115, 46.168599898], [-122.972388136, 46.168877187], [-122.972388136, 46.168877188], [-122.972388137, 46.168877188], [-122.972388138, 46.168877189], [-122.972892557, 46.169257312], [-122.973107342, 46.169424873], [-122.97343275, 46.169678735], [-122.973505115, 46.169737014], [-122.973708646, 46.169906191], [-122.973714446, 46.169911011], [-122.973720257, 46.169915817], [-122.974578637, 46.17062567], [-122.974749595, 46.170767046], [-122.974749596, 46.170767047], [-122.974930526, 46.170895412], [-122.97513851, 46.171042971], [-122.97513851, 46.171042971], [-122.975294021, 46.171165332], [-122.975501139, 46.171385294], [-122.97550114, 46.171385295], [-122.975501141, 46.171385295], [-122.975876471, 46.171646147], [-122.975876471, 46.171646147], [-122.976404754, 46.171998396], [-122.976404755, 46.171998397], [-122.976404756, 46.171998397], [-122.976404757, 46.171998398], [-122.976404758, 46.171998398], [-122.976735105, 46.172073077], [-122.976760387, 46.17208567], [-122.976388921, 46.17254955], [-122.97638892, 46.172549551], [-122.97638892, 46.172549552], [-122.976388919, 46.172549553], [-122.976388919, 46.172549553], [-122.976388919, 46.172549554], [-122.976388918, 46.172549555], [-122.976388918, 46.172549556], [-122.976388919, 46.172549557], [-122.976388919, 46.172549558], [-122.976388919, 46.172549559], [-122.976388919, 46.17254956], [-122.97638892, 46.172549561], [-122.97638892, 46.172549562], [-122.976388921, 46.172549563], [-122.976388922, 46.172549564], [-122.976388922, 46.172549564], [-122.976388923, 46.172549565], [-122.976388924, 46.172549565], [-122.976388925, 46.172549566], [-122.976388926, 46.172549566], [-122.976388927, 46.172549566], [-122.976388928, 46.172549566], [-122.977262745, 46.172586558], [-122.977953653, 46.172735325], [-122.978118249, 46.172806298], [-122.978118249, 46.172806298], [-122.97811825, 46.172806298], [-122.978118253, 46.1728063], [-122.978118253, 46.1728063], [-122.978401801, 46.172928563], [-122.978401803, 46.172928564], [-122.978610073, 46.173018369], [-122.97909375, 46.173227436], [-122.979642583, 46.173479005], [-122.979999949, 46.173652734], [-122.97999995, 46.173652734], [-122.979999951, 46.173652735], [-122.979999952, 46.173652735], [-122.979999952, 46.173652735], [-122.979999953, 46.173652735], [-122.979999954, 46.173652735], [-122.979999955, 46.173652735], [-122.979999956, 46.173652735], [-122.979999957, 46.173652734], [-122.979999958, 46.173652734], [-122.979999959, 46.173652733], [-122.97999996, 46.173652733], [-122.97999996, 46.173652732], [-122.980243748, 46.173400237], [-122.980277682, 46.173404677], [-122.980613628, 46.173537158], [-122.980613629, 46.173537158], [-122.981164121, 46.173708552], [-122.98161328, 46.174060553], [-122.982067106, 46.174547179], [-122.982067107, 46.17454718], [-122.982067108, 46.17454718], [-122.982067108, 46.174547181], [-122.982539265, 46.17481716], [-122.982539266, 46.174817161], [-122.982797838, 46.174920302], [-122.982797839, 46.174920303], [-122.98279784, 46.174920303], [-122.983413435, 46.175059673], [-122.984069809, 46.175272213], [-122.984235279, 46.175421744], [-122.984294788, 46.175475535], [-122.984294788, 46.175475535], [-122.984294789, 46.175475536], [-122.98429479, 46.175475536], [-122.984294791, 46.175475537], [-122.984294792, 46.175475537], [-122.984294793, 46.175475537], [-122.984294794, 46.175475537], [-122.984294795, 46.175475537], [-122.984294796, 46.175475537], [-122.984294797, 46.175475537], [-122.984294798, 46.175475537], [-122.984294799, 46.175475536], [-122.9842948, 46.175475536], [-122.984294801, 46.175475535], [-122.984294801, 46.175475535], [-122.984351698, 46.175419977], [-122.98673024, 46.173098374], [-122.986730241, 46.173098374], [-122.986730241, 46.173098373], [-122.986730242, 46.173098372], [-122.986730242, 46.173098371], [-122.986730242, 46.17309837], [-122.986730243, 46.173098369], [-122.986730243, 46.173098368], [-122.986730243, 46.173098367], [-122.986730243, 46.173098366], [-122.986730243, 46.173098365], [-122.986730243, 46.173098365], [-122.986730242, 46.173098364], [-122.986730242, 46.173098363], [-122.986730241, 46.173098362], [-122.986730241, 46.173098361], [-122.98673024, 46.17309836], [-122.98673024, 46.17309836], [-122.986730239, 46.173098359], [-122.986730238, 46.173098359], [-122.986730237, 46.173098358], [-122.985233382, 46.17237338], [-122.985913658, 46.171649194], [-122.985926301, 46.171635735], [-122.985978234, 46.17158045], [-122.986083102, 46.171478992], [-122.986423463, 46.171633308], [-122.986112831, 46.171963998], [-122.986112831, 46.171963999], [-122.98611283, 46.171963999], [-122.98611283, 46.171964], [-122.986112829, 46.171964001], [-122.986112829, 46.171964002], [-122.986112829, 46.171964003], [-122.986112829, 46.171964004], [-122.986112829, 46.171964005], [-122.986112829, 46.171964006], [-122.986112829, 46.171964007], [-122.986112829, 46.171964008], [-122.98611283, 46.171964009], [-122.98611283, 46.17196401], [-122.986112831, 46.171964011], [-122.986112831, 46.171964011], [-122.986112832, 46.171964012], [-122.986112833, 46.171964013], [-122.986112834, 46.171964013], [-122.986112834, 46.171964014], [-122.986856602, 46.172301222], [-122.986856603, 46.172301222], [-122.986856604, 46.172301223], [-122.986856605, 46.172301223], [-122.986856606, 46.172301223], [-122.986856607, 46.172301223], [-122.986856608, 46.172301223], [-122.986856609, 46.172301223], [-122.98685661, 46.172301222], [-122.98685661, 46.172301222], [-122.986856611, 46.172301222], [-122.986856612, 46.172301221], [-122.986856613, 46.17230122], [-122.986856613, 46.17230122], [-122.987167249, 46.171970523], [-122.989349007, 46.172959631], [-122.989349008, 46.172959632], [-122.989349009, 46.172959632], [-122.989349009, 46.172959632], [-122.98934901, 46.172959632], [-122.989349011, 46.172959632], [-122.989349012, 46.172959632], [-122.989349013, 46.172959632], [-122.989349014, 46.172959632], [-122.989349015, 46.172959631], [-122.989349016, 46.172959631], [-122.989349017, 46.17295963], [-122.989349017, 46.17295963], [-122.989349018, 46.172959629], [-122.98945687, 46.172844805], [-122.990878357, 46.173489199], [-122.990878358, 46.1734892], [-122.990878359, 46.1734892], [-122.99087836, 46.1734892], [-122.990878361, 46.1734892], [-122.990878362, 46.1734892], [-122.990878363, 46.1734892], [-122.99110463, 46.173449021], [-122.991173339, 46.173498524], [-122.991173339, 46.173498524], [-122.99117334, 46.173498525], [-122.991173341, 46.173498525], [-122.991173342, 46.173498525], [-122.991173343, 46.173498526], [-122.991243931, 46.173508668], [-122.991243932, 46.173508668], [-122.991243933, 46.173508668], [-122.991378261, 46.173501823], [-122.991613409, 46.173490674], [-122.991850516, 46.173503075], [-122.991996922, 46.173564418], [-122.99214546, 46.173672666], [-122.992201432, 46.173788814], [-122.992201432, 46.173788815], [-122.992241883, 46.1738648], [-122.992254596, 46.173897646], [-122.992256722, 46.173944367], [-122.992256722, 46.173944367], [-122.992256722, 46.173944368], [-122.992267609, 46.173998693], [-122.99226761, 46.173998694], [-122.99226761, 46.173998695], [-122.992267611, 46.173998696], [-122.992267611, 46.173998696], [-122.992267612, 46.173998697], [-122.992300119, 46.174035008], [-122.992338495, 46.174077034], [-122.992345017, 46.174158731], [-122.992320943, 46.174373083], [-122.992320943, 46.174373084], [-122.992320943, 46.174373085], [-122.992320943, 46.174373086], [-122.992320944, 46.174373087], [-122.992320944, 46.174373088], [-122.992320944, 46.174373089], [-122.992320945, 46.17437309], [-122.992320945, 46.174373091], [-122.992320946, 46.174373091], [-122.992320947, 46.174373092], [-122.992320947, 46.174373093], [-122.992320948, 46.174373093], [-122.992320949, 46.174373094], [-122.992669311, 46.17454253], [-122.992669312, 46.174542531], [-122.992669313, 46.174542531], [-122.992669314, 46.174542531], [-122.992669315, 46.174542531], [-122.992669316, 46.174542531], [-122.992669317, 46.174542531], [-122.992669318, 46.174542531], [-122.992669319, 46.174542531], [-122.99266932, 46.17454253], [-122.99266932, 46.17454253], [-122.992669321, 46.174542529], [-122.992669322, 46.174542529], [-122.992669323, 46.174542528], [-122.993025233, 46.174163585], [-122.994116195, 46.174658087], [-122.994116196, 46.174658087], [-122.994116197, 46.174658087], [-122.994116198, 46.174658088], [-122.994116199, 46.174658088], [-122.9941162, 46.174658088], [-122.994116201, 46.174658088], [-122.994116202, 46.174658087], [-122.994116203, 46.174658087], [-122.994116204, 46.174658087], [-122.994116205, 46.174658086], [-122.994116205, 46.174658086], [-122.994116206, 46.174658085], [-122.994116207, 46.174658085], [-122.99477409, 46.173957597], [-122.994774091, 46.173957596], [-122.994774091, 46.173957595], [-122.994774092, 46.173957594], [-122.994774092, 46.173957594], [-122.994774092, 46.173957593], [-122.994774093, 46.173957592], [-122.994774093, 46.173957591], [-122.994774093, 46.17395759], [-122.994774093, 46.173957589], [-122.994774092, 46.173957588], [-122.994774092, 46.173957587], [-122.994774092, 46.173957586], [-122.994774091, 46.173957585], [-122.994774091, 46.173957584], [-122.99477409, 46.173957583], [-122.994774089, 46.173957583], [-122.994774089, 46.173957582], [-122.994774088, 46.173957581], [-122.994774087, 46.173957581], [-122.994351432, 46.173766008], [-122.994459272, 46.173651184], [-122.994459273, 46.173651183], [-122.994459273, 46.173651182], [-122.994459274, 46.173651181], [-122.994459274, 46.17365118], [-122.994459275, 46.173651179], [-122.994459275, 46.173651179], [-122.994459275, 46.173651178], [-122.994459275, 46.173651177], [-122.994459275, 46.173651176], [-122.994459275, 46.173651175], [-122.994459275, 46.173651174], [-122.994459274, 46.173651173], [-122.994459274, 46.173651172], [-122.994459273, 46.173651171], [-122.994459273, 46.17365117], [-122.994459272, 46.17365117], [-122.994459271, 46.173651169], [-122.994459271, 46.173651168], [-122.99445927, 46.173651168], [-122.991880907, 46.172228442], [-122.992420148, 46.171654292], [-122.992420149, 46.171654291], [-122.992420149, 46.17165429], [-122.99242015, 46.171654289], [-122.99242015, 46.171654288], [-122.992420151, 46.171654287], [-122.992420151, 46.171654286], [-122.992420151, 46.171654285], [-122.992420151, 46.171654284], [-122.992420151, 46.171654283], [-122.992420151, 46.171654282], [-122.99242015, 46.171654281], [-122.99242015, 46.17165428], [-122.99242015, 46.17165428], [-122.992420149, 46.171654279], [-122.992420148, 46.171654278], [-122.992420148, 46.171654277], [-122.992420147, 46.171654277], [-122.992420146, 46.171654276], [-122.992420145, 46.171654276], [-122.991329264, 46.171159761], [-122.99151907, 46.170957667], [-122.991519071, 46.170957667], [-122.991519071, 46.170957666], [-122.991519072, 46.170957665], [-122.991519072, 46.170957664], [-122.991519072, 46.170957663], [-122.991519073, 46.170957662], [-122.991519073, 46.170957661], [-122.991519073, 46.17095766], [-122.991519073, 46.170957659], [-122.991519073, 46.170957658], [-122.991519072, 46.170957657], [-122.991519072, 46.170957656], [-122.991519071, 46.170957655], [-122.991519071, 46.170957654], [-122.99151907, 46.170957654], [-122.991519069, 46.170957653], [-122.991519069, 46.170957652], [-122.991519068, 46.170957652], [-122.991519067, 46.170957651], [-122.991003392, 46.170723881], [-122.991288105, 46.170420737], [-122.991288105, 46.170420737], [-122.991288106, 46.170420736], [-122.991288106, 46.170420735], [-122.991288107, 46.170420734], [-122.991288107, 46.170420733], [-122.991288107, 46.170420732], [-122.991288107, 46.170420731], [-122.991288107, 46.17042073], [-122.991288107, 46.170420729], [-122.991288107, 46.170420728], [-122.991288107, 46.170420727], [-122.991288106, 46.170420726], [-122.991288106, 46.170420725], [-122.991288105, 46.170420724], [-122.991288105, 46.170420724], [-122.991288104, 46.170420723], [-122.991288103, 46.170420722], [-122.991288102, 46.170420722], [-122.991288101, 46.170420721], [-122.990742669, 46.170173457], [-122.988561348, 46.16918401], [-122.989575126, 46.168104628], [-122.989575127, 46.168104627], [-122.989575127, 46.168104626], [-122.989575128, 46.168104625], [-122.989575128, 46.168104624], [-122.989575129, 46.168104623], [-122.989575129, 46.168104622], [-122.989575129, 46.168104621], [-122.989575129, 46.16810462], [-122.989575129, 46.168104619], [-122.989575129, 46.168104618], [-122.989575128, 46.168104617], [-122.989575128, 46.168104616], [-122.989575128, 46.168104616], [-122.989575127, 46.168104615], [-122.989575126, 46.168104614], [-122.989575126, 46.168104613], [-122.989575125, 46.168104613], [-122.989575124, 46.168104612], [-122.989575123, 46.168104612], [-122.988484338, 46.167610068], [-122.988700026, 46.167380421], [-122.988700027, 46.16738042], [-122.988700028, 46.16738042], [-122.988700028, 46.167380419], [-122.988700028, 46.167380418], [-122.988700029, 46.167380417], [-122.988700029, 46.167380416], [-122.988700029, 46.167380415], [-122.988700029, 46.167380414], [-122.988700029, 46.167380413], [-122.988700029, 46.167380412], [-122.988700028, 46.167380411], [-122.988700028, 46.16738041], [-122.988700028, 46.167380409], [-122.988700027, 46.167380408], [-122.988700027, 46.167380408], [-122.988700026, 46.167380407], [-122.988700025, 46.167380406], [-122.988700024, 46.167380406], [-122.988700023, 46.167380405], [-122.988267574, 46.167173102], [-122.988267594, 46.167172836], [-122.988363819, 46.167069388], [-122.988656009, 46.166784157], [-122.98865601, 46.166784156], [-122.989266349, 46.166188351], [-122.989311043, 46.166144691], [-122.989397056, 46.166186364], [-122.994818686, 46.168813511], [-122.994881835, 46.168844095], [-122.994881836, 46.168844095], [-122.994881837, 46.168844096], [-122.994881838, 46.168844096], [-122.994881839, 46.168844096], [-122.99488184, 46.168844096], [-122.994881841, 46.168844096], [-122.994881842, 46.168844095], [-122.994881843, 46.168844095], [-122.994881844, 46.168844095], [-122.994881845, 46.168844094], [-122.994881846, 46.168844094], [-122.994881847, 46.168844093], [-122.994954891, 46.168772798], [-122.995533305, 46.168208082], [-122.995748837, 46.168362825], [-122.995928881, 46.168529524], [-122.995928882, 46.168529524], [-122.995928883, 46.168529525], [-122.995928884, 46.168529525], [-122.995928885, 46.168529526], [-122.995928886, 46.168529526], [-122.995928887, 46.168529526], [-122.995928888, 46.168529526], [-122.995928889, 46.168529526], [-122.99592889, 46.168529526], [-122.995928891, 46.168529526], [-122.995928892, 46.168529526], [-122.995928893, 46.168529525], [-122.995928894, 46.168529525], [-122.995928894, 46.168529524], [-122.995928895, 46.168529523], [-122.997782618, 46.166719597], [-122.999770452, 46.167727452], [-122.999174551, 46.168309306], [-122.999117634, 46.168364898], [-122.999056939, 46.168420549], [-122.999056938, 46.168420549], [-122.999056937, 46.16842055], [-122.999056937, 46.168420551], [-122.999056936, 46.168420552], [-122.999056936, 46.168420553], [-122.999056936, 46.168420554], [-122.999056936, 46.168420555], [-122.999056936, 46.168420556], [-122.999056936, 46.168420557], [-122.999056936, 46.168420558], [-122.999065464, 46.168472244], [-122.998850763, 46.168707381], [-122.998532697, 46.169057403], [-122.998532696, 46.169057404], [-122.998532696, 46.169057404], [-122.998532695, 46.169057405], [-122.998532695, 46.169057406], [-122.998532694, 46.169057407], [-122.998532694, 46.169057408], [-122.998532694, 46.169057409], [-122.998531233, 46.169271231], [-122.998531233, 46.169271232], [-122.998531233, 46.169271233], [-122.998531233, 46.169271234], [-122.998531234, 46.169271235], [-122.998531234, 46.169271236], [-122.998531235, 46.169271237], [-122.998671941, 46.169469035], [-122.998480839, 46.169720689], [-122.998480838, 46.16972069], [-122.998480838, 46.169720691], [-122.998304789, 46.170071112], [-122.998042432, 46.170349988], [-122.998042432, 46.170349989], [-122.998042431, 46.17034999], [-122.998042431, 46.170349991], [-122.99804243, 46.170349992], [-122.99804243, 46.170349992], [-122.99804243, 46.170349993], [-122.99804243, 46.170349994], [-122.99804243, 46.170349995], [-122.99804243, 46.170349996], [-122.99804243, 46.170349997], [-122.998088239, 46.170580415], [-122.998088239, 46.170580416], [-122.99808824, 46.170580417], [-122.99808824, 46.170580418], [-122.998088241, 46.170580419], [-122.998088241, 46.17058042], [-122.998088242, 46.170580421], [-122.998088243, 46.170580421], [-122.998088244, 46.170580422], [-122.998088245, 46.170580422], [-122.998088245, 46.170580423], [-122.998088246, 46.170580423], [-122.998088247, 46.170580423], [-122.998088248, 46.170580423], [-122.998088249, 46.170580423], [-122.99808825, 46.170580423], [-122.998546407, 46.170521409], [-122.998546407, 46.170521409], [-122.998820456, 46.170473717], [-122.998898817, 46.170460072], [-122.998899328, 46.170517263], [-122.998902826, 46.17091747], [-122.998300387, 46.171462155], [-122.998300386, 46.171462156], [-122.998300385, 46.171462157], [-122.998300385, 46.171462158], [-122.998283123, 46.171492874], [-122.998283122, 46.171492874], [-122.998241775, 46.171585138], [-122.998241775, 46.17158514], [-122.99821449, 46.171679897], [-122.998214489, 46.171679898], [-122.998214489, 46.171679899], [-122.998201664, 46.171776104], [-122.998201664, 46.171776105], [-122.998201664, 46.171776105], [-122.998203343, 46.171872719], [-122.998203344, 46.171872719], [-122.998203344, 46.17187272], [-122.998219575, 46.171968701], [-122.998219575, 46.171968702], [-122.998250128, 46.172062958], [-122.998250129, 46.172062959], [-122.998294733, 46.172154484], [-122.998294734, 46.172154485], [-122.998294734, 46.172154486], [-122.998294735, 46.172154487], [-122.998294736, 46.172154487], [-122.998307897, 46.172165942], [-122.998307898, 46.172165942], [-122.998351312, 46.172198714], [-122.998351313, 46.172198714], [-122.998399426, 46.172228159], [-122.998399427, 46.172228159], [-122.998451679, 46.172253955], [-122.99845168, 46.172253955], [-122.998507507, 46.172275812], [-122.998507508, 46.172275812], [-122.998566356, 46.172293491], [-122.998566357, 46.172293491], [-122.998627547, 46.172306811], [-122.998627548, 46.172306811], [-122.998690366, 46.172315592], [-122.998690367, 46.172315592], [-122.998754223, 46.172319787], [-122.998754224, 46.172319787], [-122.998818324, 46.1723193], [-122.998818325, 46.1723193], [-122.998882004, 46.172314195], [-122.998882005, 46.172314195], [-122.998944553, 46.172304456], [-122.998944554, 46.172304456], [-122.999005306, 46.172290257], [-122.999005307, 46.172290256], [-122.999063597, 46.172271691], [-122.999063597, 46.172271691], [-122.999118764, 46.172249013], [-122.999118765, 46.172249012], [-122.999170226, 46.172222452], [-122.999170226, 46.172222451], [-122.999217398, 46.172192318], [-122.999217399, 46.172192317], [-122.999259779, 46.172158891], [-123.000063753, 46.171720179], [-123.000088057, 46.171707905], [-123.000114071, 46.171697438], [-123.000141487, 46.17168892], [-123.000170031, 46.171682437], [-123.000199429, 46.171678076], [-123.00022929, 46.171675868], [-123.000259338, 46.171675846], [-123.000289218, 46.171678015], [-123.000318616, 46.171682326], [-123.000347214, 46.171688756], [-123.000374655, 46.171697201], [-123.000400702, 46.171707638], [-123.000425034, 46.171719878], [-123.000441908, 46.171730399], [-123.000500326, 46.171784307], [-123.000515045, 46.171838719], [-123.00054218, 46.171958007], [-123.000553341, 46.172107635], [-123.000541976, 46.172257226], [-123.000508148, 46.17240519], [-123.000473748, 46.172511493], [-123.000473747, 46.172511494], [-123.000455517, 46.172619739], [-123.000455517, 46.17261974], [-123.000455517, 46.17261974], [-123.000453694, 46.172728747], [-123.000453694, 46.172728748], [-123.000453694, 46.172728748], [-123.00046824, 46.172837258], [-123.00046824, 46.172837259], [-123.00046824, 46.17283726], [-123.000499077, 46.172944124], [-123.000499078, 46.172944126], [-123.000545777, 46.173048176], [-123.000545778, 46.173048177], [-123.000607906, 46.173148243], [-123.000607907, 46.173148244], [-123.000684764, 46.173243269], [-123.000684765, 46.17324327], [-123.00077549, 46.1733322], [-123.00077549, 46.1733322], [-123.000879104, 46.173414038], [-123.000879105, 46.173414039], [-123.000994441, 46.173487927], [-123.000994442, 46.173487927], [-123.00112029, 46.173553009], [-123.001120291, 46.173553009], [-123.001175401, 46.173575723], [-123.001255208, 46.173608592], [-123.001295007, 46.173662703], [-123.001295008, 46.173662704], [-123.001295008, 46.173662705], [-123.001295009, 46.173662705], [-123.00129501, 46.173662706], [-123.001328496, 46.173684082], [-123.001505434, 46.173799026], [-123.001707118, 46.17394916], [-123.001847464, 46.174152213], [-123.001803401, 46.17437724], [-123.001660577, 46.174592836], [-123.001248896, 46.174900101], [-123.001156472, 46.174950161], [-123.001156471, 46.174950162], [-123.00115647, 46.174950163], [-123.00115647, 46.174950163], [-123.001156469, 46.174950164], [-123.001156468, 46.174950165], [-123.001156468, 46.174950166], [-123.001127597, 46.175006014], [-123.001127597, 46.175006014], [-123.001127597, 46.175006015], [-123.001127596, 46.175006016], [-123.001127596, 46.175006017], [-123.001127596, 46.175006018], [-123.001119337, 46.175325663], [-123.001119337, 46.175325663], [-123.001119337, 46.175325664], [-123.001142176, 46.175465921], [-123.001142177, 46.175465922], [-123.001142177, 46.175465923], [-123.001142177, 46.175465924], [-123.001142178, 46.175465925], [-123.00119362, 46.17554183], [-123.00119362, 46.175541831], [-123.001193621, 46.175541832], [-123.001193622, 46.175541832], [-123.001193622, 46.175541833], [-123.001193623, 46.175541833], [-123.001193624, 46.175541834], [-123.001193625, 46.175541834], [-123.001193626, 46.175541834], [-123.001269624, 46.175553723], [-123.001269625, 46.175553723], [-123.001269626, 46.175553723], [-123.001269627, 46.175553723], [-123.001269628, 46.175553723], [-123.001539006, 46.175478464], [-123.001539007, 46.175478463], [-123.001787659, 46.175370689], [-123.00178766, 46.175370688], [-123.001787661, 46.175370687], [-123.002068446, 46.175158449], [-123.002068447, 46.175158449], [-123.002068448, 46.175158448], [-123.002400006, 46.17480863], [-123.00279819, 46.174572705], [-123.003564101, 46.17413415], [-123.004028119, 46.17386727], [-123.004028119, 46.173867269], [-123.004028119, 46.173867269], [-123.00402812, 46.173867269], [-123.004028121, 46.173867269], [-123.004028122, 46.173867268], [-123.004028123, 46.173867268], [-123.004028124, 46.173867268], [-123.004194565, 46.173771539], [-123.004609525, 46.173568184], [-123.004994553, 46.173414536], [-123.005442015, 46.173366636], [-123.005699539, 46.173414674], [-123.005836332, 46.1735056], [-123.005932173, 46.17367103], [-123.005932174, 46.17367103], [-123.006044109, 46.173847157], [-123.006048107, 46.173972952], [-123.006039922, 46.174211113], [-123.005880238, 46.174391403], [-123.005160598, 46.174922288], [-123.004028247, 46.175619987], [-123.004028247, 46.175619988]]], [[[-122.917883471, 46.121900786], [-122.917883471, 46.121900786], [-122.917883471, 46.121900787], [-122.917883472, 46.121900788], [-122.917883472, 46.121900789], [-122.917883472, 46.12190079], [-122.917883473, 46.121900791], [-122.917883473, 46.121900792], [-122.917883474, 46.121900793], [-122.917883474, 46.121900794], [-122.917936059, 46.12195146], [-122.918224304, 46.122254632], [-122.918401575, 46.122612081], [-122.918692356, 46.123225302], [-122.918709671, 46.123261837], [-122.918638895, 46.123261892], [-122.908453308, 46.123268757], [-122.906601145, 46.121892241], [-122.906601138, 46.121892241], [-122.906601138, 46.121892241], [-122.906601138, 46.12189224], [-122.906601138, 46.121892239], [-122.906601138, 46.121892238], [-122.906601137, 46.121892237], [-122.906601137, 46.121892236], [-122.906601136, 46.121892235], [-122.906601136, 46.121892235], [-122.906601135, 46.121892234], [-122.906601134, 46.121892233], [-122.904343382, 46.120214287], [-122.904484052, 46.120207151], [-122.905577834, 46.120206445], [-122.905919598, 46.120206225], [-122.916128059, 46.120199639], [-122.91619546, 46.120199581], [-122.916265727, 46.120264138], [-122.916728511, 46.120689071], [-122.917125418, 46.121140908], [-122.917125418, 46.121140908], [-122.917398013, 46.121433041], [-122.917398014, 46.121433041], [-122.917883467, 46.121900786], [-122.917883469, 46.121900786], [-122.917883471, 46.121900786]]], [[[-122.91924949, 46.121901821], [-122.91924949, 46.12190182], [-122.91924949, 46.121901819], [-122.919249489, 46.121901818], [-122.919249489, 46.121901817], [-122.919249489, 46.121901816], [-122.919249488, 46.121901816], [-122.919249488, 46.121901815], [-122.918906887, 46.121472556], [-122.918906886, 46.121472555], [-122.917930009, 46.12050344], [-122.917930009, 46.12050344], [-122.916812795, 46.119610639], [-122.916812795, 46.119610639], [-122.915567582, 46.118803903], [-122.915567582, 46.118803903], [-122.91477017, 46.118367779], [-122.914770169, 46.118367779], [-122.913228296, 46.117756504], [-122.913228295, 46.117756504], [-122.911603062, 46.117260593], [-122.911603061, 46.117260593], [-122.911151681, 46.117147147], [-122.911248659, 46.117042159], [-122.912070361, 46.116234064], [-122.912182124, 46.11613467], [-122.912187884, 46.116131324], [-122.91219378, 46.11613294], [-122.91219378, 46.11613294], [-122.912200598, 46.116134592], [-122.912200598, 46.116134592], [-122.913033862, 46.116325545], [-122.913779571, 46.116592808], [-122.914506791, 46.117106751], [-122.914506791, 46.117106751], [-122.915054536, 46.117455224], [-122.915633751, 46.117814808], [-122.915633752, 46.117814808], [-122.916115686, 46.118065063], [-122.916622529, 46.118328252], [-122.91674994, 46.118402634], [-122.916860242, 46.118500613], [-122.917138877, 46.118773937], [-122.917580651, 46.119207289], [-122.917580652, 46.11920729], [-122.917580653, 46.11920729], [-122.918101575, 46.119541349], [-122.918287384, 46.119660505], [-122.918287384, 46.119660505], [-122.918420142, 46.119756293], [-122.918541626, 46.119866028], [-122.918800399, 46.120126898], [-122.919049322, 46.120377838], [-122.919049323, 46.120377839], [-122.919325987, 46.120597816], [-122.919539346, 46.120767459], [-122.919539346, 46.120767459], [-122.919680583, 46.120887052], [-122.920629117, 46.121741846], [-122.92071628, 46.121827078], [-122.920782203, 46.121902982], [-122.920794427, 46.121917057], [-122.920796208, 46.121919108], [-122.921266673, 46.122507593], [-122.921344348, 46.12261409], [-122.92139137, 46.122737242], [-122.921469639, 46.122973033], [-122.921550313, 46.123264483], [-122.921551686, 46.123270632], [-122.921637436, 46.123654841], [-122.921637436, 46.123654842], [-122.921790363, 46.124077962], [-122.921790363, 46.124077962], [-122.921848259, 46.124220575], [-122.921850592, 46.124226322], [-122.921904228, 46.124382776], [-122.921940245, 46.124544199], [-122.921972193, 46.124737075], [-122.921977985, 46.124923554], [-122.921977985, 46.124923555], [-122.921989078, 46.125039824], [-122.921989805, 46.125193049], [-122.921989805, 46.12519305], [-122.921989805, 46.125193051], [-122.922009144, 46.125282875], [-122.922009144, 46.125282875], [-122.922021755, 46.125335173], [-122.922021755, 46.125335174], [-122.922021756, 46.125335175], [-122.92204587, 46.125391791], [-122.922077654, 46.125466354], [-122.922239965, 46.125878196], [-122.922239965, 46.125878197], [-122.922332154, 46.126080732], [-122.922387549, 46.126220793], [-122.922413707, 46.126369122], [-122.922415279, 46.126381736], [-122.922418977, 46.126411395], [-122.922430312, 46.126575427], [-122.922428092, 46.12662941], [-122.922332803, 46.127084897], [-122.922332803, 46.127084898], [-122.922332803, 46.1270849], [-122.922343494, 46.127715552], [-122.922343494, 46.127715553], [-122.922343494, 46.127715554], [-122.922441618, 46.128264252], [-122.922441618, 46.128264253], [-122.922441619, 46.128264254], [-122.922441619, 46.128264255], [-122.92244162, 46.128264256], [-122.922663819, 46.128598524], [-122.922668392, 46.1286164], [-122.922649377, 46.128757724], [-122.922570243, 46.129188266], [-122.922536534, 46.129331511], [-122.92247539, 46.129465365], [-122.922359219, 46.129689693], [-122.922359218, 46.129689694], [-122.922359218, 46.129689695], [-122.922218735, 46.130126534], [-122.922190413, 46.1302146], [-122.922190413, 46.130214601], [-122.922132792, 46.130365322], [-122.922108616, 46.130412544], [-122.921781955, 46.130855703], [-122.921781954, 46.130855704], [-122.921781954, 46.130855705], [-122.921781953, 46.130855705], [-122.921781953, 46.130855706], [-122.921668136, 46.131277541], [-122.921585221, 46.131510686], [-122.921555298, 46.131594825], [-122.921480981, 46.131803793], [-122.921438106, 46.131911052], [-122.92138709, 46.132014686], [-122.92093743, 46.132845611], [-122.920921976, 46.132873807], [-122.920617213, 46.133422835], [-122.920513574, 46.13360954], [-122.920513574, 46.133609541], [-122.92042347, 46.133803141], [-122.920288109, 46.134093984], [-122.920192518, 46.134299373], [-122.920192518, 46.134299374], [-122.920112687, 46.134511386], [-122.919979152, 46.134866029], [-122.919900009, 46.135048172], [-122.919327196, 46.135963353], [-122.919327196, 46.135963354], [-122.919327195, 46.135963355], [-122.919327195, 46.135963356], [-122.919327195, 46.135963357], [-122.919327195, 46.135963358], [-122.919327195, 46.135963359], [-122.919360703, 46.136518194], [-122.919355435, 46.136536676], [-122.919290104, 46.136665037], [-122.919259479, 46.136718638], [-122.919183069, 46.136852376], [-122.918977194, 46.13716549], [-122.918683258, 46.13755684], [-122.918683258, 46.137556841], [-122.918683257, 46.137556842], [-122.918438164, 46.138050191], [-122.918375891, 46.13817554], [-122.918375891, 46.13817554], [-122.918023753, 46.138877264], [-122.917925277, 46.139057751], [-122.917428689, 46.139897994], [-122.917426974, 46.139900717], [-122.916505434, 46.139900019], [-122.917303745, 46.137145719], [-122.917319672, 46.13709076], [-122.917319672, 46.137090759], [-122.91733068, 46.137035873], [-122.917886386, 46.135859329], [-122.918380786, 46.135031186], [-122.918380786, 46.135031186], [-122.91878391, 46.134308359], [-122.918783911, 46.134308359], [-122.919288787, 46.133307668], [-122.919704689, 46.132617483], [-122.91970469, 46.132617483], [-122.91970469, 46.132617482], [-122.920049658, 46.13166565], [-122.920310537, 46.130925746], [-122.920310538, 46.130925745], [-122.920463259, 46.130253103], [-122.920707561, 46.129486077], [-122.920707561, 46.129486076], [-122.920707561, 46.129486075], [-122.920810432, 46.128597991], [-122.920810432, 46.128597991], [-122.920886262, 46.127726719], [-122.920886262, 46.127726718], [-122.920886262, 46.127726717], [-122.920806132, 46.127032865], [-122.920811155, 46.126162632], [-122.920811155, 46.126162631], [-122.920711326, 46.125209109], [-122.920699688, 46.124924699], [-122.920695891, 46.124832156], [-122.920695891, 46.124832156], [-122.92069589, 46.124832155], [-122.920691837, 46.124815358], [-122.920398636, 46.123596512], [-122.920398636, 46.123596511], [-122.920398636, 46.12359651], [-122.920398635, 46.123596509], [-122.919732791, 46.122507365], [-122.91973279, 46.122507364], [-122.919249493, 46.121901821], [-122.91924949, 46.121901821]]], [[[-122.900460834, 46.132911904], [-122.900360103, 46.132845558], [-122.900407075, 46.132679734], [-122.900407075, 46.132679733], [-122.900407075, 46.132679733], [-122.900407075, 46.132679732], [-122.900407075, 46.132679731], [-122.900402357, 46.132611857], [-122.900383118, 46.132336233], [-122.900360371, 46.132010355], [-122.900462457, 46.132010587], [-122.900881208, 46.132011537], [-122.900964959, 46.132113391], [-122.901012384, 46.132171066], [-122.901066676, 46.13223707], [-122.901066677, 46.132237071], [-122.901066678, 46.132237072], [-122.901066678, 46.132237072], [-122.901066679, 46.132237073], [-122.90106668, 46.132237073], [-122.901066681, 46.132237074], [-122.901066682, 46.132237074], [-122.901066683, 46.132237074], [-122.901066684, 46.132237074], [-122.901066685, 46.132237074], [-122.901066686, 46.132237074], [-122.901066687, 46.132237074], [-122.901066688, 46.132237073], [-122.901066689, 46.132237073], [-122.90106669, 46.132237072], [-122.901161526, 46.132171171], [-122.901176947, 46.132160467], [-122.901468045, 46.13202489], [-122.901838729, 46.131918254], [-122.902078044, 46.131892881], [-122.90236195, 46.131910638], [-122.902560544, 46.131970682], [-122.902700456, 46.132042523], [-122.902730445, 46.132092087], [-122.902787435, 46.132186279], [-122.902787436, 46.13218628], [-122.902824243, 46.132232259], [-122.902832683, 46.132251282], [-122.902759509, 46.132304333], [-122.902759508, 46.132304333], [-122.902759508, 46.132304334], [-122.902679282, 46.132384855], [-122.902679281, 46.132384856], [-122.902588325, 46.132501104], [-122.902588324, 46.132501105], [-122.902588324, 46.132501106], [-122.902521712, 46.132641627], [-122.902521712, 46.132641628], [-122.902521712, 46.132641629], [-122.90248239, 46.132773543], [-122.90248239, 46.132773544], [-122.90248239, 46.132773545], [-122.90248239, 46.132773546], [-122.90248239, 46.132773548], [-122.902497406, 46.132880045], [-122.902497406, 46.132880046], [-122.902497406, 46.132880047], [-122.902497407, 46.132880047], [-122.902565212, 46.133040502], [-122.902565213, 46.133040503], [-122.902565213, 46.133040504], [-122.902574281, 46.133053812], [-122.902672279, 46.13319765], [-122.90267228, 46.133197651], [-122.902782208, 46.133319184], [-122.902782208, 46.133319185], [-122.902782209, 46.133319186], [-122.903027463, 46.133490737], [-122.903217017, 46.133656751], [-122.90323993, 46.133676809], [-122.903273187, 46.133705921], [-122.903271859, 46.133707593], [-122.903270094, 46.133709561], [-122.903222186, 46.133703207], [-122.903199482, 46.133700195], [-122.903060778, 46.133681775], [-122.903060777, 46.133681775], [-122.903060776, 46.133681775], [-122.903060775, 46.133681775], [-122.903060775, 46.133681775], [-122.903060774, 46.133681775], [-122.903060773, 46.133681776], [-122.903060772, 46.133681776], [-122.903060771, 46.133681777], [-122.90306077, 46.133681777], [-122.90306077, 46.133681778], [-122.903060769, 46.133681779], [-122.903060769, 46.13368178], [-122.903060768, 46.13368178], [-122.902690984, 46.134406328], [-122.902688935, 46.134410343], [-122.902663223, 46.134446561], [-122.902618812, 46.134445842], [-122.90149607, 46.134262756], [-122.901502015, 46.134253563], [-122.901698212, 46.133950209], [-122.901698213, 46.133950208], [-122.901698213, 46.133950207], [-122.901698214, 46.133950206], [-122.901698214, 46.133950205], [-122.901698214, 46.133950204], [-122.901710782, 46.133661674], [-122.901710782, 46.133661673], [-122.901710782, 46.133661672], [-122.901710781, 46.133661671], [-122.901710781, 46.13366167], [-122.901710781, 46.133661669], [-122.90171078, 46.133661668], [-122.90171078, 46.133661667], [-122.901710779, 46.133661667], [-122.901460675, 46.133379871], [-122.901460675, 46.13337987], [-122.901460674, 46.13337987], [-122.901460673, 46.133379869], [-122.901460672, 46.133379869], [-122.901460671, 46.133379868], [-122.901155676, 46.133273229], [-122.900635477, 46.133026931], [-122.900460839, 46.132911908], [-122.900460838, 46.132911907], [-122.900460837, 46.132911907], [-122.900460837, 46.132911906], [-122.900460836, 46.132911906], [-122.900460835, 46.132911906], [-122.900460834, 46.132911906], [-122.900460834, 46.132911904]]], [[[-123.004120715, 46.147056165], [-123.004126829, 46.147055691], [-123.004132535, 46.147055749], [-123.004138057, 46.147056692], [-123.004120715, 46.147056165]]], [[[-123.00273739, 46.147112603], [-123.002866253, 46.147092199], [-123.002996433, 46.147083098], [-123.003098279, 46.14708043], [-123.003115721, 46.147079973], [-123.003157054, 46.147078891], [-123.003306498, 46.147081312], [-123.002455821, 46.147280037], [-123.002333229, 46.147201932], [-123.002468704, 46.147167254], [-123.00273739, 46.147112603]]], [[[-123.007171412, 46.14766415], [-123.007242726, 46.147697896], [-123.007327242, 46.14774605], [-123.006863265, 46.147577561], [-123.006947798, 46.147591978], [-123.007070335, 46.14762547], [-123.007171412, 46.14766415]]], [[[-123.029634991, 46.153598456], [-123.029773513, 46.153601045], [-123.029775496, 46.153601181], [-123.026501611, 46.153539889], [-123.026501697, 46.153539886], [-123.029634991, 46.153598456]]], [[[-122.913188083, 46.115584494], [-122.913223276, 46.115595332], [-122.913229984, 46.115597397], [-122.913442399, 46.11567164], [-122.913575153, 46.115723707], [-122.913695359, 46.115777868], [-122.913501493, 46.115776485], [-122.913075164, 46.11555574], [-122.913188083, 46.115584494]]], [[[-122.911824841, 46.125908286], [-122.910941713, 46.125259864], [-122.910941712, 46.125259863], [-122.910941712, 46.125259863], [-122.910941711, 46.125259862], [-122.91094171, 46.125259862], [-122.910941709, 46.125259862], [-122.910941708, 46.125259862], [-122.910737485, 46.125258216], [-122.910207984, 46.124851738], [-122.917896003, 46.124913455], [-122.918084692, 46.12544598], [-122.918084693, 46.125445981], [-122.918355699, 46.125960652], [-122.911824841, 46.125908286]]], [[[-122.903064011, 46.123985648], [-122.903064011, 46.123985648], [-122.903064012, 46.123985647], [-122.903064013, 46.123985647], [-122.903064014, 46.123985646], [-122.903064014, 46.123985645], [-122.903064015, 46.123985644], [-122.903064015, 46.123985643], [-122.903064015, 46.123985642], [-122.903064016, 46.123985641], [-122.903064016, 46.123985641], [-122.903064016, 46.12398564], [-122.903065081, 46.123604472], [-122.904074651, 46.123605683], [-122.904071932, 46.124830648], [-122.904071932, 46.124830649], [-122.904071932, 46.12483065], [-122.904071932, 46.12483065], [-122.904071933, 46.124830651], [-122.904071933, 46.124830652], [-122.904071933, 46.124830653], [-122.904071934, 46.124830654], [-122.904071935, 46.124830655], [-122.904071935, 46.124830655], [-122.904071936, 46.124830656], [-122.904071937, 46.124830656], [-122.904071938, 46.124830657], [-122.904071939, 46.124830657], [-122.90407194, 46.124830657], [-122.904071941, 46.124830658], [-122.904071942, 46.124830658], [-122.907542534, 46.124835651], [-122.907542535, 46.124835651], [-122.907542536, 46.124835651], [-122.907542537, 46.12483565], [-122.907542538, 46.12483565], [-122.907542539, 46.12483565], [-122.90754254, 46.124835649], [-122.907542541, 46.124835648], [-122.907542541, 46.124835648], [-122.907542542, 46.124835647], [-122.907542543, 46.124835646], [-122.907542543, 46.124835645], [-122.907542543, 46.124835644], [-122.907542544, 46.124835644], [-122.907542544, 46.124835643], [-122.907542544, 46.124835642], [-122.907542544, 46.124835641], [-122.907542544, 46.12483564], [-122.907542544, 46.124835639], [-122.907542544, 46.124835638], [-122.907542543, 46.124835637], [-122.907542543, 46.124835636], [-122.907542542, 46.124835635], [-122.907542542, 46.124835634], [-122.907542541, 46.124835633], [-122.90754254, 46.124835633], [-122.907542539, 46.124835632], [-122.907408377, 46.124753927], [-122.906524195, 46.12409077], [-122.906801231, 46.123912192], [-122.906871244, 46.123867061], [-122.906871245, 46.123867061], [-122.906871246, 46.12386706], [-122.906871247, 46.123867059], [-122.906871247, 46.123867059], [-122.906871248, 46.123867058], [-122.906871248, 46.123867057], [-122.906871248, 46.123867056], [-122.906871249, 46.123867055], [-122.906871249, 46.123867054], [-122.906871249, 46.123867053], [-122.906871249, 46.123867052], [-122.906871249, 46.123867051], [-122.906871248, 46.12386705], [-122.906871248, 46.123867049], [-122.906871248, 46.123867048], [-122.906871247, 46.123867047], [-122.906775398, 46.123730606], [-122.906775397, 46.123730605], [-122.906775397, 46.123730604], [-122.906775396, 46.123730604], [-122.90669496, 46.123670272], [-122.906515398, 46.12353559], [-122.906862372, 46.123311837], [-122.908787527, 46.124755743], [-122.908787528, 46.124755744], [-122.908787529, 46.124755744], [-122.908787529, 46.124755745], [-122.90878753, 46.124755745], [-122.908787531, 46.124755745], [-122.909243049, 46.124837481], [-122.909477081, 46.124935979], [-122.909791218, 46.125091543], [-122.910084662, 46.125265552], [-122.910735926, 46.125744534], [-122.911034833, 46.125979742], [-122.911483605, 46.126343142], [-122.912025705, 46.126815507], [-122.912571131, 46.127334249], [-122.91294848, 46.127721635], [-122.913101688, 46.127886367], [-122.913321625, 46.128131425], [-122.913695872, 46.128573406], [-122.913867404, 46.128790263], [-122.91418609, 46.129243142], [-122.914453404, 46.129695954], [-122.914521651, 46.129833187], [-122.914650306, 46.130098445], [-122.914765224, 46.130363687], [-122.914904114, 46.130738621], [-122.915148928, 46.131523211], [-122.915324734, 46.132225239], [-122.915402459, 46.132636886], [-122.91545689, 46.133026017], [-122.911765679, 46.132376764], [-122.911306088, 46.132295926], [-122.911161319, 46.13226294], [-122.911160828, 46.132262656], [-122.911192644, 46.132160035], [-122.911638101, 46.130733426], [-122.911638101, 46.130733425], [-122.911638102, 46.130733424], [-122.911638102, 46.130733423], [-122.911638102, 46.130733422], [-122.911638102, 46.130733421], [-122.911638101, 46.13073342], [-122.911638101, 46.130733419], [-122.911638101, 46.130733419], [-122.9116381, 46.130733418], [-122.911638099, 46.130733417], [-122.911638099, 46.130733416], [-122.911638098, 46.130733416], [-122.911638097, 46.130733415], [-122.911638096, 46.130733414], [-122.911638095, 46.130733414], [-122.911638094, 46.130733414], [-122.911638093, 46.130733413], [-122.911638092, 46.130733413], [-122.911638091, 46.130733413], [-122.91144887, 46.130737552], [-122.911425787, 46.129832746], [-122.911425787, 46.129832745], [-122.911425787, 46.129832744], [-122.911425787, 46.129832743], [-122.911425787, 46.129832742], [-122.911425786, 46.129832741], [-122.911425786, 46.12983274], [-122.911425785, 46.12983274], [-122.911425784, 46.129832739], [-122.911425784, 46.129832738], [-122.911425783, 46.129832738], [-122.911425782, 46.129832737], [-122.911425781, 46.129832737], [-122.91142578, 46.129832736], [-122.911425779, 46.129832736], [-122.911425778, 46.129832736], [-122.911425777, 46.129832736], [-122.910502736, 46.129828077], [-122.910502735, 46.129828077], [-122.910502734, 46.129828077], [-122.910502733, 46.129828077], [-122.910502732, 46.129828077], [-122.910502731, 46.129828078], [-122.910502731, 46.129828078], [-122.91050273, 46.129828079], [-122.910502729, 46.12982808], [-122.910502728, 46.12982808], [-122.910502728, 46.129828081], [-122.910502727, 46.129828082], [-122.910502727, 46.129828083], [-122.910502727, 46.129828084], [-122.910502726, 46.129828085], [-122.910502726, 46.129828086], [-122.910502726, 46.129828087], [-122.910500325, 46.130733034], [-122.909979692, 46.130732362], [-122.909980903, 46.130279894], [-122.909980903, 46.130279893], [-122.909980903, 46.130279892], [-122.909980903, 46.130279891], [-122.909980902, 46.13027989], [-122.909980902, 46.130279889], [-122.909980902, 46.130279888], [-122.909980901, 46.130279888], [-122.9099809, 46.130279887], [-122.9099809, 46.130279886], [-122.909980899, 46.130279886], [-122.909980898, 46.130279885], [-122.909980897, 46.130279885], [-122.909980896, 46.130279884], [-122.909980895, 46.130279884], [-122.909980894, 46.130279884], [-122.909980893, 46.130279884], [-122.909460261, 46.13027921], [-122.909461468, 46.129826743], [-122.909461468, 46.129826742], [-122.909461468, 46.129826741], [-122.909461468, 46.12982674], [-122.909461467, 46.129826739], [-122.909461467, 46.129826738], [-122.909461466, 46.129826737], [-122.909461466, 46.129826736], [-122.909461465, 46.129826736], [-122.909461464, 46.129826735], [-122.909461464, 46.129826734], [-122.909461463, 46.129826734], [-122.909461462, 46.129826734], [-122.909461461, 46.129826733], [-122.90946146, 46.129826733], [-122.909461459, 46.129826733], [-122.909461458, 46.129826733], [-122.90894082, 46.129826058], [-122.908940819, 46.129826058], [-122.908940818, 46.129826058], [-122.908940817, 46.129826058], [-122.908940816, 46.129826058], [-122.908940815, 46.129826059], [-122.908940814, 46.129826059], [-122.908940813, 46.12982606], [-122.908940813, 46.129826061], [-122.908940812, 46.129826061], [-122.908940811, 46.129826062], [-122.908940811, 46.129826063], [-122.90894081, 46.129826064], [-122.90894081, 46.129826065], [-122.90894081, 46.129826066], [-122.90894081, 46.129826067], [-122.90894081, 46.129826068], [-122.908938378, 46.130731013], [-122.906855811, 46.130728287], [-122.906857532, 46.130097571], [-122.906857532, 46.13009757], [-122.906857532, 46.130097569], [-122.906857532, 46.130097569], [-122.906857532, 46.130097568], [-122.906857531, 46.130097567], [-122.906857531, 46.130097566], [-122.90685753, 46.130097565], [-122.906857529, 46.130097564], [-122.906857529, 46.130097564], [-122.906857528, 46.130097563], [-122.906857527, 46.130097563], [-122.906857526, 46.130097562], [-122.906857525, 46.130097562], [-122.906857524, 46.130097562], [-122.906857523, 46.130097561], [-122.906857522, 46.130097561], [-122.906707655, 46.130097365], [-122.906708396, 46.129823145], [-122.906708396, 46.129823144], [-122.906708395, 46.129823143], [-122.906708395, 46.129823142], [-122.906708395, 46.129823141], [-122.906708394, 46.12982314], [-122.906708394, 46.12982314], [-122.906708393, 46.129823139], [-122.906708393, 46.129823138], [-122.906708392, 46.129823137], [-122.906708391, 46.129823137], [-122.90670839, 46.129823136], [-122.906708389, 46.129823136], [-122.906708388, 46.129823136], [-122.906708388, 46.129823135], [-122.906708387, 46.129823135], [-122.906708386, 46.129823135], [-122.90595122, 46.129822135], [-122.905951219, 46.129822135], [-122.905951219, 46.129822135], [-122.905951218, 46.129822135], [-122.905951217, 46.129822136], [-122.905951216, 46.129822136], [-122.905951215, 46.129822137], [-122.905951214, 46.129822137], [-122.905951213, 46.129822138], [-122.905951213, 46.129822139], [-122.905951212, 46.129822139], [-122.905951212, 46.12982214], [-122.905951211, 46.129822141], [-122.905951211, 46.129822142], [-122.905951211, 46.129822143], [-122.905951211, 46.129822144], [-122.90595121, 46.129822145], [-122.905951211, 46.129822146], [-122.905951211, 46.129822147], [-122.90603399, 46.13018554], [-122.906037233, 46.130443243], [-122.905987954, 46.130727141], [-122.904605258, 46.130727764], [-122.904600262, 46.129727382], [-122.904600262, 46.129727381], [-122.904600262, 46.12972738], [-122.904600262, 46.129727379], [-122.904600262, 46.129727378], [-122.904600261, 46.129727377], [-122.904600261, 46.129727376], [-122.90460026, 46.129727375], [-122.904600259, 46.129727375], [-122.904600259, 46.129727374], [-122.904600258, 46.129727373], [-122.904600257, 46.129727373], [-122.904600256, 46.129727372], [-122.904600255, 46.129727372], [-122.904600254, 46.129727372], [-122.904600253, 46.129727372], [-122.904600252, 46.129727372], [-122.903265999, 46.12972558], [-122.903247979, 46.129245664], [-122.903247979, 46.129245663], [-122.903247979, 46.129245662], [-122.903247978, 46.129245661], [-122.903247978, 46.12924566], [-122.903247978, 46.129245659], [-122.903247977, 46.129245659], [-122.903247977, 46.129245658], [-122.903247976, 46.129245657], [-122.903247975, 46.129245656], [-122.903247974, 46.129245656], [-122.903247974, 46.129245655], [-122.903247973, 46.129245655], [-122.903247972, 46.129245655], [-122.903247971, 46.129245654], [-122.90324797, 46.129245654], [-122.903247969, 46.129245654], [-122.903050753, 46.129245387], [-122.903050752, 46.129245387], [-122.903050751, 46.129245387], [-122.90305075, 46.129245387], [-122.903050749, 46.129245387], [-122.903050748, 46.129245388], [-122.903050747, 46.129245388], [-122.903050746, 46.129245389], [-122.903050746, 46.12924539], [-122.903050745, 46.12924539], [-122.903050745, 46.129245391], [-122.903050744, 46.129245392], [-122.903050744, 46.129245393], [-122.903050743, 46.129245394], [-122.903050743, 46.129245395], [-122.903050743, 46.129245396], [-122.903050743, 46.129245397], [-122.903049276, 46.129722866], [-122.901565629, 46.129719293], [-122.901929765, 46.129243883], [-122.90223733, 46.12887188], [-122.902476405, 46.128680722], [-122.902476406, 46.128680721], [-122.902476406, 46.12868072], [-122.902687707, 46.128428604], [-122.902852949, 46.128232377], [-122.902852949, 46.128232377], [-122.90285295, 46.128232376], [-122.903008802, 46.127963643], [-122.903150877, 46.127722984], [-122.903424973, 46.127531949], [-122.903727007, 46.12744802], [-122.903727008, 46.12744802], [-122.903727009, 46.127448019], [-122.90372701, 46.127448019], [-122.903727011, 46.127448018], [-122.903727011, 46.127448018], [-122.903727012, 46.127448017], [-122.903727013, 46.127448016], [-122.903727013, 46.127448015], [-122.903727014, 46.127448015], [-122.903727014, 46.127448014], [-122.903727014, 46.127448013], [-122.903727014, 46.127448012], [-122.903727014, 46.127448011], [-122.903745422, 46.125735165], [-122.903745422, 46.125735164], [-122.903745421, 46.125735163], [-122.903745421, 46.125735162], [-122.903745421, 46.125735161], [-122.90374542, 46.125735161], [-122.90374542, 46.12573516], [-122.903745419, 46.125735159], [-122.903745419, 46.125735158], [-122.903745418, 46.125735158], [-122.903745417, 46.125735157], [-122.903745416, 46.125735156], [-122.903745415, 46.125735156], [-122.903745415, 46.125735156], [-122.903745414, 46.125735155], [-122.903745413, 46.125735155], [-122.903745412, 46.125735155], [-122.903420785, 46.125734719], [-122.903225207, 46.125734457], [-122.903226965, 46.125101207], [-122.903227718, 46.124829761], [-122.903227718, 46.12482976], [-122.903227718, 46.124829759], [-122.903227718, 46.124829758], [-122.903227718, 46.124829757], [-122.903227717, 46.124829756], [-122.903227717, 46.124829755], [-122.903227716, 46.124829754], [-122.903227716, 46.124829754], [-122.903227715, 46.124829753], [-122.903227714, 46.124829752], [-122.903227713, 46.124829752], [-122.903227712, 46.124829752], [-122.903227711, 46.124829751], [-122.90322771, 46.124829751], [-122.903227709, 46.124829751], [-122.903227709, 46.124829751], [-122.902864461, 46.124828522], [-122.902864673, 46.124747879], [-122.902864673, 46.124747878], [-122.902864672, 46.124747877], [-122.902864672, 46.124747876], [-122.902864672, 46.124747875], [-122.902864671, 46.124747875], [-122.902864671, 46.124747874], [-122.90286467, 46.124747873], [-122.90286467, 46.124747872], [-122.902864669, 46.124747872], [-122.902864668, 46.124747871], [-122.902864667, 46.12474787], [-122.902864666, 46.12474787], [-122.902864666, 46.12474787], [-122.902864665, 46.124747869], [-122.902864664, 46.124747869], [-122.902864663, 46.124747869], [-122.902552864, 46.124747445], [-122.90239141, 46.124747224], [-122.902393502, 46.124006315], [-122.902399735, 46.12398903], [-122.902399828, 46.123988946], [-122.902403874, 46.123984898], [-122.903064006, 46.123985649], [-122.903064007, 46.123985649], [-122.903064008, 46.123985649], [-122.903064009, 46.123985649], [-122.90306401, 46.123985649], [-122.903064011, 46.123985648]]], [[[-122.916469678, 46.141075013], [-122.916469677, 46.141075014], [-122.916469677, 46.141075014], [-122.916469676, 46.141075015], [-122.916469676, 46.141075016], [-122.916124647, 46.141792129], [-122.916124647, 46.141792129], [-122.915952602, 46.142179062], [-122.915702245, 46.142742124], [-122.915663936, 46.142818129], [-122.915683642, 46.142735328], [-122.915875015, 46.142075059], [-122.916489104, 46.139956357], [-122.916505433, 46.139900021], [-122.916505433, 46.13990002], [-122.916505433, 46.139900019], [-122.916505433, 46.139900019], [-122.917426974, 46.139900717], [-122.917411712, 46.13992496], [-122.917411295, 46.139925621], [-122.917338951, 46.140040536], [-122.917250428, 46.140172764], [-122.916971063, 46.140590054], [-122.916879023, 46.140715421], [-122.916469678, 46.141075013]]], [[[-122.86798602, 46.085991075], [-122.870057301, 46.091094772], [-122.870094405, 46.091186197], [-122.868348939, 46.086885504], [-122.867985304, 46.085989534], [-122.86798602, 46.085991075]]], [[[-122.859186572, 46.095491536], [-122.860964246, 46.094322654], [-122.860964251, 46.094322651], [-122.860964252, 46.09432265], [-122.862033572, 46.093619536], [-122.862318572, 46.093172536], [-122.862720063, 46.092545796], [-122.863091903, 46.09196534], [-122.863174892, 46.091848687], [-122.86331279, 46.091810226], [-122.865142572, 46.091394535], [-122.865986572, 46.091203535], [-122.867162573, 46.091474535], [-122.869016573, 46.091440535], [-122.869033573, 46.091440535], [-122.869639573, 46.091290535], [-122.869808573, 46.091308535], [-122.869895573, 46.091319535], [-122.869982573, 46.091315535], [-122.870056573, 46.091295535], [-122.870120573, 46.091272535], [-122.870128354, 46.091269847], [-122.870191525, 46.091425502], [-122.870191525, 46.091425503], [-122.870364011, 46.091737986], [-122.871004452, 46.092898236], [-122.871066162, 46.093024164], [-122.871063075, 46.093026571], [-122.870604034, 46.093039839], [-122.870604033, 46.093039839], [-122.870604032, 46.093039839], [-122.870604031, 46.093039839], [-122.87060403, 46.09303984], [-122.870604029, 46.09303984], [-122.870604028, 46.093039841], [-122.870310271, 46.093269099], [-122.869878424, 46.09328601], [-122.869878423, 46.09328601], [-122.869878422, 46.093286011], [-122.869878421, 46.093286011], [-122.86987842, 46.093286011], [-122.869878419, 46.093286012], [-122.869878419, 46.093286012], [-122.869878418, 46.093286013], [-122.869878417, 46.093286014], [-122.869878416, 46.093286014], [-122.869878416, 46.093286015], [-122.869878415, 46.093286016], [-122.869878415, 46.093286017], [-122.869878415, 46.093286018], [-122.869878415, 46.093286019], [-122.869878415, 46.09328602], [-122.869878415, 46.093286021], [-122.869933406, 46.093990817], [-122.869865165, 46.094018582], [-122.869790382, 46.094043515], [-122.869790381, 46.094043515], [-122.869709143, 46.094082908], [-122.869709142, 46.094082908], [-122.869709141, 46.094082909], [-122.86970914, 46.094082909], [-122.869655666, 46.094131427], [-122.869655665, 46.094131428], [-122.869655665, 46.094131429], [-122.869655664, 46.09413143], [-122.869436905, 46.094524272], [-122.869436905, 46.094524272], [-122.869124654, 46.095163126], [-122.869067768, 46.095275695], [-122.868923966, 46.095502479], [-122.868923966, 46.09550248], [-122.868923965, 46.095502481], [-122.868741623, 46.096014611], [-122.86863349, 46.096318318], [-122.868633489, 46.096318318], [-122.868572874, 46.096463626], [-122.868470395, 46.096559164], [-122.867507243, 46.096557446], [-122.867507242, 46.096557446], [-122.867507241, 46.096557446], [-122.86750724, 46.096557446], [-122.867507239, 46.096557446], [-122.867507238, 46.096557447], [-122.867507237, 46.096557447], [-122.867507236, 46.096557448], [-122.867507236, 46.096557448], [-122.867507235, 46.096557449], [-122.867507234, 46.09655745], [-122.867507234, 46.096557451], [-122.867507233, 46.096557452], [-122.867507233, 46.096557453], [-122.867507233, 46.096557454], [-122.867507233, 46.096557455], [-122.867507233, 46.096557455], [-122.867503435, 46.097650809], [-122.867494415, 46.09766291], [-122.85762458, 46.097655586], [-122.857624579, 46.097655586], [-122.857615572, 46.097226536], [-122.85760352, 46.096583115], [-122.857609697, 46.096536765], [-122.857728968, 46.096449469], [-122.859157805, 46.095510442], [-122.859184909, 46.095492629], [-122.859185982, 46.095491924], [-122.859186572, 46.095491536]]], [[[-122.876305477, 46.112228807], [-122.877346178, 46.112238884], [-122.877483474, 46.112246784], [-122.877494122, 46.112383794], [-122.877725783, 46.120179165], [-122.877725783, 46.120179165], [-122.877722884, 46.120322001], [-122.8775802, 46.120329201], [-122.876342917, 46.120329708], [-122.876309681, 46.120329537], [-122.876282691, 46.120329249], [-122.876279893, 46.12032922], [-122.876247573, 46.120328875], [-122.876216295, 46.120328878], [-122.876215773, 46.120328878], [-122.874598317, 46.120328767], [-122.87461671, 46.112218089], [-122.876098267, 46.112224518], [-122.876212905, 46.112227207], [-122.876234402, 46.112228123], [-122.876234402, 46.112228123], [-122.876305314, 46.112228806], [-122.876305477, 46.112228807]]], [[[-122.896105245, 46.128467362], [-122.896151501, 46.128593656], [-122.896151501, 46.128593657], [-122.896151502, 46.128593657], [-122.896151502, 46.128593658], [-122.896151503, 46.128593659], [-122.896151504, 46.12859366], [-122.896151504, 46.12859366], [-122.896151505, 46.128593661], [-122.896151506, 46.128593661], [-122.896151507, 46.128593662], [-122.896151508, 46.128593662], [-122.896151509, 46.128593662], [-122.89615151, 46.128593662], [-122.896151511, 46.128593662], [-122.896151512, 46.128593662], [-122.896151512, 46.128593662], [-122.896151513, 46.128593662], [-122.896151514, 46.128593661], [-122.896151515, 46.128593661], [-122.896151516, 46.128593661], [-122.896365702, 46.128446384], [-122.896427194, 46.128638526], [-122.896427194, 46.128638527], [-122.896427195, 46.128638527], [-122.896427195, 46.128638528], [-122.896427196, 46.128638529], [-122.896427196, 46.12863853], [-122.896643623, 46.128866614], [-122.897161189, 46.129959431], [-122.897248314, 46.130222701], [-122.897486364, 46.131023436], [-122.897486365, 46.131023437], [-122.897486365, 46.131023438], [-122.897486365, 46.131023439], [-122.898106134, 46.131940772], [-122.898106134, 46.131940773], [-122.898293338, 46.132158468], [-122.898049171, 46.133342861], [-122.897279572, 46.133496938], [-122.897283217, 46.133330631], [-122.897283217, 46.13333063], [-122.897283217, 46.133330629], [-122.897283216, 46.133330628], [-122.897283216, 46.133330627], [-122.897283216, 46.133330626], [-122.897283215, 46.133330625], [-122.897283215, 46.133330624], [-122.897283214, 46.133330624], [-122.897283213, 46.133330623], [-122.897283212, 46.133330622], [-122.897283212, 46.133330622], [-122.897283211, 46.133330621], [-122.89728321, 46.133330621], [-122.897283209, 46.133330621], [-122.897283208, 46.133330621], [-122.897283207, 46.133330621], [-122.896691641, 46.133324352], [-122.896694647, 46.133187263], [-122.896697014, 46.133078806], [-122.896700632, 46.132913065], [-122.896704449, 46.13273895], [-122.896704449, 46.132738949], [-122.896704449, 46.132738948], [-122.896704449, 46.132738947], [-122.896704448, 46.132738946], [-122.896704448, 46.132738945], [-122.896704448, 46.132738944], [-122.896704447, 46.132738943], [-122.896704446, 46.132738943], [-122.896704446, 46.132738942], [-122.896704445, 46.132738941], [-122.896704444, 46.132738941], [-122.896704443, 46.13273894], [-122.896704442, 46.13273894], [-122.896704442, 46.13273894], [-122.896704441, 46.13273894], [-122.89670444, 46.13273894], [-122.89656535, 46.13273153], [-122.896160058, 46.132709939], [-122.89568311, 46.131959439], [-122.895791335, 46.131926195], [-122.895791336, 46.131926195], [-122.895791337, 46.131926195], [-122.895791338, 46.131926194], [-122.895791338, 46.131926194], [-122.895791339, 46.131926193], [-122.89579134, 46.131926192], [-122.89579134, 46.131926191], [-122.895791341, 46.131926191], [-122.895791341, 46.13192619], [-122.895791342, 46.131926189], [-122.895791342, 46.131926188], [-122.895791342, 46.131926187], [-122.895791342, 46.131926186], [-122.895791342, 46.131926185], [-122.895791342, 46.131926184], [-122.895791342, 46.131926183], [-122.895791341, 46.131926182], [-122.895791341, 46.131926181], [-122.89579134, 46.13192618], [-122.895005512, 46.130689548], [-122.895005511, 46.130689548], [-122.895005511, 46.130689547], [-122.89500551, 46.130689546], [-122.895005509, 46.130689545], [-122.895005508, 46.130689545], [-122.895005507, 46.130689545], [-122.895005506, 46.130689544], [-122.895005505, 46.130689544], [-122.895005504, 46.130689544], [-122.895005503, 46.130689544], [-122.895005502, 46.130689544], [-122.895005501, 46.130689544], [-122.8950055, 46.130689544], [-122.894933358, 46.130711696], [-122.894649746, 46.130265361], [-122.894649746, 46.13026536], [-122.894649745, 46.130265359], [-122.894649745, 46.130265359], [-122.894649744, 46.130265358], [-122.894649743, 46.130265357], [-122.894649742, 46.130265357], [-122.894649741, 46.130265357], [-122.89464974, 46.130265356], [-122.894649739, 46.130265356], [-122.894649738, 46.130265356], [-122.894649737, 46.130265356], [-122.894534986, 46.130272283], [-122.893651245, 46.128888707], [-122.893481886, 46.128623557], [-122.893482767, 46.128618039], [-122.893610463, 46.12855824], [-122.895152357, 46.127925608], [-122.895291982, 46.127876293], [-122.895339052, 46.127883902], [-122.895375569, 46.127895607], [-122.895510316, 46.127938775], [-122.895989458, 46.12817084], [-122.896105245, 46.128467362]]]]}, "properties": {}}]}