{
"type": "FeatureCollection",
"name": "trailheads_not_in_b2",
"crs": { "type": "name", "properties": { "name": "urn:ogc:def:crs:OGC:1.3:CRS84" } },
"features": [
{ "type": "Feature", "properties": { "OBJECTID": 4, "trailhead_name": "Bowl and Pitcher", "trailhead_status": null, "county": "Spokane", "municipality": null, "us_congressional_dist": null, "state_legislative_dist": null, "management_area": null, "restrooms": "No", "potable_water": "No", "parking_available": "Yes", "parking_spaces": null, "parking_permit": null, "pay_station": null, "trailer_parking": null, "trailer_turnaround": null, "equestrian_features": null, "transit": null, "bike_rack": null, "hours_open": null, "dates_open": null, "day_use": null, "campground": null, "camp_sites": null, "campground_mgr": null, "trailhead_elevation": null, "comments": null, "information_url": null, "management_agency": "Spokane Regional Trails Council", "maintainer_comments": null, "latitude": null, "longitude": null, "GlobalID": "c1655834-a814-4655-ad50-430ff5e3b405", "In_B1_Area": false, "In_B2_Area": false }, "geometry": { "type": "Point", "coordinates": [ -117.500596776668004, 47.6977721878227, 0.0 ] } },
{ "type": "Feature", "properties": { "OBJECTID": 5, "trailhead_name": "Military Cemetery", "trailhead_status": null, "county": "Spokane", "municipality": null, "us_congressional_dist": null, "state_legislative_dist": null, "management_area": null, "restrooms": "Yes", "potable_water": "No", "parking_available": "Yes", "parking_spaces": null, "parking_permit": null, "pay_station": null, "trailer_parking": null, "trailer_turnaround": null, "equestrian_features": null, "transit": null, "bike_rack": null, "hours_open": null, "dates_open": null, "day_use": null, "campground": null, "camp_sites": null, "campground_mgr": null, "trailhead_elevation": null, "comments": null, "information_url": null, "management_agency": "Spokane Regional Trails Council", "maintainer_comments": null, "latitude": null, "longitude": null, "GlobalID": "4c505d0f-5480-4f0a-9f9f-5d413c9eccb3", "In_B1_Area": false, "In_B2_Area": false }, "geometry": { "type": "Point", "coordinates": [ -117.479213612923004, 47.680990578340101, 0.0 ] } },
{ "type": "Feature", "properties": { "OBJECTID": 8, "trailhead_name": "Boulder Beach", "trailhead_status": null, "county": "Spokane", "municipality": null, "us_congressional_dist": null, "state_legislative_dist": null, "management_area": null, "restrooms": "No", "potable_water": "No", "parking_available": "Yes", "parking_spaces": null, "parking_permit": null, "pay_station": null, "trailer_parking": null, "trailer_turnaround": null, "equestrian_features": null, "transit": null, "bike_rack": null, "hours_open": null, "dates_open": null, "day_use": null, "campground": null, "camp_sites": null, "campground_mgr": null, "trailhead_elevation": null, "comments": null, "information_url": null, "management_agency": "Spokane Regional Trails Council", "maintainer_comments": null, "latitude": null, "longitude": null, "GlobalID": "1ab00bfc-0a4a-4671-b2a3-abf556094b13", "In_B1_Area": false, "In_B2_Area": false }, "geometry": { "type": "Point", "coordinates": [ -117.307717963361, 47.694886293145402, 0.0 ] } },
{ "type": "Feature", "properties": { "OBJECTID": 10, "trailhead_name": "Islands", "trailhead_status": null, "county": "Spokane", "municipality": null, "us_congressional_dist": null, "state_legislative_dist": null, "management_area": null, "restrooms": "Yes", "potable_water": "No", "parking_available": "Yes", "parking_spaces": null, "parking_permit": null, "pay_station": null, "trailer_parking": null, "trailer_turnaround": null, "equestrian_features": null, "transit": null, "bike_rack": null, "hours_open": null, "dates_open": null, "day_use": null, "campground": null, "camp_sites": null, "campground_mgr": null, "trailhead_elevation": null, "comments": null, "information_url": null, "management_agency": "Spokane Regional Trails Council", "maintainer_comments": null, "latitude": null, "longitude": null, "GlobalID": "54662c15-132a-49d0-a2ab-697d75642f46", "In_B1_Area": false, "In_B2_Area": false }, "geometry": { "type": "Point", "coordinates": [ -117.249542227583007, 47.694466988604901, 0.0 ] } },
{ "type": "Feature", "properties": { "OBJECTID": 16, "trailhead_name": "Wilbur", "trailhead_status": null, "county": "Spokane", "municipality": null, "us_congressional_dist": null, "state_legislative_dist": null, "management_area": null, "restrooms": "Yes", "potable_water": "No", "parking_available": "Yes", "parking_spaces": null, "parking_permit": null, "pay_station": null, "trailer_parking": null, "trailer_turnaround": null, "equestrian_features": null, "transit": null, "bike_rack": null, "hours_open": null, "dates_open": null, "day_use": null, "campground": null, "camp_sites": null, "campground_mgr": null, "trailhead_elevation": null, "comments": null, "information_url": null, "management_agency": "Spokane Regional Trails Council", "maintainer_comments": null, "latitude": null, "longitude": null, "GlobalID": "2bf9f9d0-4d3d-4462-a484-162c94f0e5b2", "In_B1_Area": false, "In_B2_Area": false }, "geometry": { "type": "Point", "coordinates": [ -117.513903817455997, 47.732237015956997, 0.0 ] } },
{ "type": "Feature", "properties": { "OBJECTID": 17, "trailhead_name": "McLellan", "trailhead_status": null, "county": "Spokane", "municipality": null, "us_congressional_dist": null, "state_legislative_dist": null, "management_area": null, "restrooms": "Yes", "potable_water": "No", "parking_available": "Yes", "parking_spaces": null, "parking_permit": null, "pay_station": null, "trailer_parking": null, "trailer_turnaround": null, "equestrian_features": null, "transit": null, "bike_rack": null, "hours_open": null, "dates_open": null, "day_use": null, "campground": null, "camp_sites": null, "campground_mgr": null, "trailhead_elevation": null, "comments": null, "information_url": null, "management_agency": "Spokane Regional Trails Council", "maintainer_comments": null, "latitude": null, "longitude": null, "GlobalID": "d12ff08c-d9fd-4ab6-a668-4046a58e7765", "In_B1_Area": false, "In_B2_Area": false }, "geometry": { "type": "Point", "coordinates": [ -117.529856430972004, 47.748627089068997, 0.0 ] } },
{ "type": "Feature", "properties": { "OBJECTID": 18, "trailhead_name": "Carlson Road", "trailhead_status": null, "county": "Spokane", "municipality": null, "us_congressional_dist": null, "state_legislative_dist": null, "management_area": null, "restrooms": "Yes", "potable_water": "No", "parking_available": "Yes", "parking_spaces": null, "parking_permit": null, "pay_station": null, "trailer_parking": null, "trailer_turnaround": null, "equestrian_features": null, "transit": null, "bike_rack": null, "hours_open": null, "dates_open": null, "day_use": null, "campground": null, "camp_sites": null, "campground_mgr": null, "trailhead_elevation": null, "comments": null, "information_url": null, "management_agency": "Spokane Regional Trails Council", "maintainer_comments": null, "latitude": null, "longitude": null, "GlobalID": "1f213804-b12a-4d7f-909c-e1d0a8d8d6cf", "In_B1_Area": false, "In_B2_Area": false }, "geometry": { "type": "Point", "coordinates": [ -117.552666723255001, 47.772203555589797, 0.0 ] } },
{ "type": "Feature", "properties": { "OBJECTID": 19, "trailhead_name": "Sontag Park", "trailhead_status": null, "county": "Spokane", "municipality": null, "us_congressional_dist": null, "state_legislative_dist": null, "management_area": null, "restrooms": "Yes", "potable_water": "Yes", "parking_available": "Yes", "parking_spaces": null, "parking_permit": null, "pay_station": null, "trailer_parking": null, "trailer_turnaround": null, "equestrian_features": null, "transit": null, "bike_rack": null, "hours_open": null, "dates_open": null, "day_use": null, "campground": null, "camp_sites": null, "campground_mgr": null, "trailhead_elevation": null, "comments": null, "information_url": null, "management_agency": "Spokane Regional Trails Council", "maintainer_comments": null, "latitude": null, "longitude": null, "GlobalID": "487a76b2-a356-437a-84ae-9b30b6318d35", "In_B1_Area": false, "In_B2_Area": false }, "geometry": { "type": "Point", "coordinates": [ -117.549634463350998, 47.778393420054698, 0.0 ] } },
{ "type": "Feature", "properties": { "OBJECTID": 20, "trailhead_name": "Mile 31", "trailhead_status": null, "county": "Spokane", "municipality": null, "us_congressional_dist": null, "state_legislative_dist": null, "management_area": null, "restrooms": "Yes", "potable_water": "No", "parking_available": "Yes", "parking_spaces": null, "parking_permit": null, "pay_station": null, "trailer_parking": null, "trailer_turnaround": null, "equestrian_features": null, "transit": null, "bike_rack": null, "hours_open": null, "dates_open": null, "day_use": null, "campground": null, "camp_sites": null, "campground_mgr": null, "trailhead_elevation": null, "comments": null, "information_url": null, "management_agency": "Spokane Regional Trails Council", "maintainer_comments": null, "latitude": null, "longitude": null, "GlobalID": "9ab0ae92-0a9b-4774-bea1-99aa985f6cbb", "In_B1_Area": false, "In_B2_Area": false }, "geometry": { "type": "Point", "coordinates": [ -117.501532196775003, 47.707699863594698, 0.0 ] } },
{ "type": "Feature", "properties": { "OBJECTID": 24, "trailhead_name": "Fish Lake", "trailhead_status": null, "county": "Spokane", "municipality": null, "us_congressional_dist": null, "state_legislative_dist": null, "management_area": null, "restrooms": "Yes", "potable_water": "Yes", "parking_available": "Yes", "parking_spaces": null, "parking_permit": null, "pay_station": null, "trailer_parking": null, "trailer_turnaround": null, "equestrian_features": null, "transit": null, "bike_rack": null, "hours_open": null, "dates_open": null, "day_use": null, "campground": null, "camp_sites": null, "campground_mgr": null, "trailhead_elevation": null, "comments": null, "information_url": null, "management_agency": "Spokane Regional Trails Council", "maintainer_comments": null, "latitude": null, "longitude": null, "GlobalID": "6ec788ad-1a16-4098-b960-5cd6aa85c850", "In_B1_Area": false, "In_B2_Area": false }, "geometry": { "type": "Point", "coordinates": [ -117.516593339300002, 47.522124121986401, 0.0 ] } },
{ "type": "Feature", "properties": { "OBJECTID": 34, "trailhead_name": "Freya & Fairview", "trailhead_status": null, "county": "Spokane", "municipality": null, "us_congressional_dist": null, "state_legislative_dist": null, "management_area": null, "restrooms": "No", "potable_water": "No", "parking_available": "No", "parking_spaces": null, "parking_permit": null, "pay_station": null, "trailer_parking": null, "trailer_turnaround": null, "equestrian_features": null, "transit": null, "bike_rack": null, "hours_open": null, "dates_open": null, "day_use": null, "campground": null, "camp_sites": null, "campground_mgr": null, "trailhead_elevation": null, "comments": null, "information_url": null, "management_agency": "Spokane Regional Trails Council", "maintainer_comments": null, "latitude": null, "longitude": null, "GlobalID": "21a83f46-4526-4fed-85b2-b4f55a9f1311", "In_B1_Area": false, "In_B2_Area": false }, "geometry": { "type": "Point", "coordinates": [ -117.361262349518, 47.735224937306697, 0.0 ] } },
{ "type": "Feature", "properties": { "OBJECTID": 37, "trailhead_name": "Nine Mile Falls Recreation Area", "trailhead_status": null, "county": "Spokane", "municipality": null, "us_congressional_dist": null, "state_legislative_dist": null, "management_area": null, "restrooms": "No", "potable_water": "No", "parking_available": "Yes", "parking_spaces": null, "parking_permit": null, "pay_station": null, "trailer_parking": null, "trailer_turnaround": null, "equestrian_features": null, "transit": null, "bike_rack": null, "hours_open": null, "dates_open": null, "day_use": null, "campground": null, "camp_sites": null, "campground_mgr": null, "trailhead_elevation": null, "comments": null, "information_url": null, "management_agency": "Spokane Regional Trails Council", "maintainer_comments": null, "latitude": null, "longitude": null, "GlobalID": "4efa385c-b77a-4731-ab19-85590e53b2f2", "In_B1_Area": false, "In_B2_Area": false }, "geometry": { "type": "Point", "coordinates": [ -117.567573994354007, 47.793046412015599, 0.0 ] } },
{ "type": "Feature", "properties": { "OBJECTID": 56, "trailhead_name": "Day Drive Trailhead", "trailhead_status": "seasonal", "county": "Chelan", "municipality": null, "us_congressional_dist": "Washington 8th", "state_legislative_dist": "State District 12", "management_area": null, "restrooms": null, "potable_water": null, "parking_available": "yes", "parking_spaces": null, "parking_permit": null, "pay_station": "No", "trailer_parking": null, "trailer_turnaround": null, "equestrian_features": null, "transit": null, "bike_rack": "no", "hours_open": "Daylight", "dates_open": "Apri 1 -December 1", "day_use": "Yes", "campground": "No", "camp_sites": null, "campground_mgr": null, "trailhead_elevation": null, "comments": "Formal TH", "information_url": "https://www.cdlandtrust.org/trails-access/trails/wenatchee-foothills-trails/sage-hills-trails", "management_agency": "Chelan-Douglas Land Trust", "maintainer_comments": null, "latitude": null, "longitude": null, "GlobalID": "06775bc5-d45c-4f83-a957-c9166e7983df", "In_B1_Area": false, "In_B2_Area": false }, "geometry": { "type": "Point", "coordinates": [ -120.367609540730001, 47.433174171853501, 0.0 ] } },
{ "type": "Feature", "properties": { "OBJECTID": 57, "trailhead_name": "Balsamroot Trailhead", "trailhead_status": "seasonal", "county": "Chelan", "municipality": "City of Wenatchee", "us_congressional_dist": "Washington 8th", "state_legislative_dist": "State District 12", "management_area": null, "restrooms": null, "potable_water": null, "parking_available": "yes", "parking_spaces": null, "parking_permit": null, "pay_station": "No", "trailer_parking": null, "trailer_turnaround": null, "equestrian_features": null, "transit": null, "bike_rack": "no", "hours_open": "Daylight", "dates_open": "Apri 1 -December 1", "day_use": "Yes", "campground": "No", "camp_sites": null, "campground_mgr": null, "trailhead_elevation": null, "comments": "Informal PA", "information_url": "https://www.cdlandtrust.org/trails-access/trails/wenatchee-foothills-trails/sage-hills-trails", "management_agency": "Chelan-Douglas Land Trust", "maintainer_comments": null, "latitude": null, "longitude": null, "GlobalID": "fa649960-2ac1-4a82-bedd-e79b3a989556", "In_B1_Area": false, "In_B2_Area": false }, "geometry": { "type": "Point", "coordinates": [ -120.351959677951996, 47.460503019853498, 0.0 ] } },
{ "type": "Feature", "properties": { "OBJECTID": 59, "trailhead_name": "Cashmere Canyons Preserve Trailhead", "trailhead_status": "seasonal", "county": "Chelan", "municipality": null, "us_congressional_dist": "Washington 8th", "state_legislative_dist": "State District 12", "management_area": null, "restrooms": "pit", "potable_water": null, "parking_available": "yes", "parking_spaces": null, "parking_permit": null, "pay_station": "No", "trailer_parking": null, "trailer_turnaround": null, "equestrian_features": null, "transit": null, "bike_rack": "yes", "hours_open": "Daylight", "dates_open": "April 1- January 1", "day_use": "Yes", "campground": "No", "camp_sites": null, "campground_mgr": null, "trailhead_elevation": null, "comments": "Formal TH", "information_url": "https://cashmerecanyons.com/", "management_agency": "Chelan-Douglas Land Trust", "maintainer_comments": null, "latitude": null, "longitude": null, "GlobalID": "3c0ccc7a-28de-4b4c-b3a3-22bf109a4723", "In_B1_Area": false, "In_B2_Area": false }, "geometry": { "type": "Point", "coordinates": [ -120.441685493579001, 47.5538534083773, 0.0 ] } },
{ "type": "Feature", "properties": { "OBJECTID": 60, "trailhead_name": "Jacobson Trailhead", "trailhead_status": "open", "county": "Chelan", "municipality": "", "us_congressional_dist": "Washington 8th", "state_legislative_dist": "State District 12", "management_area": null, "restrooms": null, "potable_water": null, "parking_available": "yes", "parking_spaces": null, "parking_permit": null, "pay_station": "No", "trailer_parking": null, "trailer_turnaround": null, "equestrian_features": null, "transit": null, "bike_rack": "no", "hours_open": "Daylight", "dates_open": "Year-round", "day_use": "Yes", "campground": "No", "camp_sites": null, "campground_mgr": null, "trailhead_elevation": null, "comments": "Informal PA", "information_url": "https://www.cdlandtrust.org/trails-access/trails/wenatchee-foothills-trails/jacobson-trails", "management_agency": "Chelan-Douglas Land Trust", "maintainer_comments": null, "latitude": null, "longitude": null, "GlobalID": "01f823a7-dc52-4dc4-a4e2-6e5245c72d00", "In_B1_Area": false, "In_B2_Area": false }, "geometry": { "type": "Point", "coordinates": [ -120.350725822768993, 47.411482598725101, 0.0 ] } },
{ "type": "Feature", "properties": { "OBJECTID": 62, "trailhead_name": "Horselake Trailhead", "trailhead_status": "seasonal", "county": "Chelan", "municipality": null, "us_congressional_dist": "Washington 8th", "state_legislative_dist": "State District 12", "management_area": null, "restrooms": "pit", "potable_water": null, "parking_available": "yes", "parking_spaces": null, "parking_permit": null, "pay_station": "No", "trailer_parking": null, "trailer_turnaround": "yes", "equestrian_features": null, "transit": null, "bike_rack": "no", "hours_open": "Daylight", "dates_open": "Apri 1-December 1", "day_use": "Yes", "campground": "No", "camp_sites": null, "campground_mgr": null, "trailhead_elevation": null, "comments": "Formal TH", "information_url": "https://www.cdlandtrust.org/trails-access/trails/wenatchee-foothills-trails/horse-lake-trails", "management_agency": "Chelan-Douglas Land Trust", "maintainer_comments": null, "latitude": null, "longitude": null, "GlobalID": "2e63e3c8-2c94-4012-99da-7152a296be1f", "In_B1_Area": false, "In_B2_Area": false }, "geometry": { "type": "Point", "coordinates": [ -120.382839191586001, 47.461914992311002, 0.0 ] } },
{ "type": "Feature", "properties": { "OBJECTID": 63, "trailhead_name": "Mountain Home Preserve Trailhead", "trailhead_status": "open", "county": "Chelan", "municipality": null, "us_congressional_dist": "Washington 8th", "state_legislative_dist": "State District 12", "management_area": null, "restrooms": "portalet", "potable_water": null, "parking_available": "yes", "parking_spaces": null, "parking_permit": null, "pay_station": "No", "trailer_parking": null, "trailer_turnaround": null, "equestrian_features": null, "transit": null, "bike_rack": "no", "hours_open": "Daylight", "dates_open": "Year-round", "day_use": "Yes", "campground": "No", "camp_sites": null, "campground_mgr": null, "trailhead_elevation": null, "comments": "Informal PA", "information_url": "https://www.cdlandtrust.org/trails-access/trails/mountain-home-trails", "management_agency": "Chelan-Douglas Land Trust", "maintainer_comments": null, "latitude": null, "longitude": null, "GlobalID": "a498d9ea-c909-4c44-8ab4-052fc680e1c7", "In_B1_Area": false, "In_B2_Area": false }, "geometry": { "type": "Point", "coordinates": [ -120.655151717834997, 47.552433320210902, 0.0 ] } },
{ "type": "Feature", "properties": { "OBJECTID": 89, "trailhead_name": "Woodard Bay Trailhead", "trailhead_status": null, "county": "Thurston", "municipality": null, "us_congressional_dist": null, "state_legislative_dist": null, "management_area": null, "restrooms": "flush", "potable_water": null, "parking_available": "yes", "parking_spaces": null, "parking_permit": null, "pay_station": null, "trailer_parking": null, "trailer_turnaround": null, "equestrian_features": "yes", "transit": null, "bike_rack": null, "hours_open": null, "dates_open": null, "day_use": null, "campground": null, "camp_sites": null, "campground_mgr": null, "trailhead_elevation": null, "comments": "No pets allowed at WSDR Woodard Bay NRCA", "information_url": null, "management_agency": "Thurston County", "maintainer_comments": null, "latitude": null, "longitude": null, "GlobalID": "cb606cf3-db86-46e0-a1ad-c14e2df30d5e", "In_B1_Area": false, "In_B2_Area": false }, "geometry": { "type": "Point", "coordinates": [ -122.847335668894004, 47.122599351976099, 0.0 ] } },
{ "type": "Feature", "properties": { "OBJECTID": 98, "trailhead_name": "Monarch Sculpture Park Trailhead", "trailhead_status": null, "county": "Thurston", "municipality": null, "us_congressional_dist": null, "state_legislative_dist": null, "management_area": null, "restrooms": null, "potable_water": null, "parking_available": "yes", "parking_spaces": null, "parking_permit": null, "pay_station": null, "trailer_parking": null, "trailer_turnaround": null, "equestrian_features": null, "transit": null, "bike_rack": null, "hours_open": null, "dates_open": null, "day_use": null, "campground": null, "camp_sites": null, "campground_mgr": null, "trailhead_elevation": null, "comments": null, "information_url": null, "management_agency": "Thurston County", "maintainer_comments": null, "latitude": null, "longitude": null, "GlobalID": "4190af31-66db-44d6-89db-e8053e746fed", "In_B1_Area": false, "In_B2_Area": false }, "geometry": { "type": "Point", "coordinates": [ -122.764388783762996, 46.902939955663001, 0.0 ] } },
{ "type": "Feature", "properties": { "OBJECTID": 101, "trailhead_name": "Ginkgo Petrified Forest Interpretive Trails", "trailhead_status": null, "county": "Kittitas", "municipality": null, "us_congressional_dist": "08", "state_legislative_dist": "8", "management_area": null, "restrooms": null, "potable_water": null, "parking_available": null, "parking_spaces": null, "parking_permit": "Yes", "pay_station": null, "trailer_parking": null, "trailer_turnaround": null, "equestrian_features": null, "transit": null, "bike_rack": null, "hours_open": null, "dates_open": null, "day_use": null, "campground": null, "camp_sites": null, "campground_mgr": null, "trailhead_elevation": null, "comments": null, "information_url": null, "management_agency": "State Parks", "maintainer_comments": null, "latitude": "46.9476941737855", "longitude": "-120.035785641117", "GlobalID": "b69887b7-5fd1-4c1c-8dd0-46cba7258681", "In_B1_Area": false, "In_B2_Area": false }, "geometry": { "type": "Point", "coordinates": [ -120.035785641117002, 46.9476941728445, 0.0 ] } },
{ "type": "Feature", "properties": { "OBJECTID": 102, "trailhead_name": "Columbia Hills State Park - Dalles Mountain Ranch", "trailhead_status": null, "county": "Klickitat", "municipality": null, "us_congressional_dist": "03", "state_legislative_dist": "4", "management_area": null, "restrooms": null, "potable_water": null, "parking_available": null, "parking_spaces": null, "parking_permit": "Yes", "pay_station": null, "trailer_parking": null, "trailer_turnaround": null, "equestrian_features": null, "transit": null, "bike_rack": null, "hours_open": null, "dates_open": null, "day_use": null, "campground": null, "camp_sites": null, "campground_mgr": null, "trailhead_elevation": null, "comments": null, "information_url": null, "management_agency": "State Parks", "maintainer_comments": null, "latitude": "45.6782943636465", "longitude": "-121.092185738686", "GlobalID": "b3f3e598-b1f1-4973-a9f0-644d1811a35c", "In_B1_Area": false, "In_B2_Area": false }, "geometry": { "type": "Point", "coordinates": [ -121.092185738685998, 45.678294362703497, 0.0 ] } },
{ "type": "Feature", "properties": { "OBJECTID": 103, "trailhead_name": "Columbia Plateau - Amber Lake", "trailhead_status": null, "county": "Spokane", "municipality": null, "us_congressional_dist": "05", "state_legislative_dist": "5", "management_area": null, "restrooms": null, "potable_water": null, "parking_available": null, "parking_spaces": null, "parking_permit": "Yes", "pay_station": null, "trailer_parking": null, "trailer_turnaround": null, "equestrian_features": null, "transit": null, "bike_rack": null, "hours_open": null, "dates_open": null, "day_use": null, "campground": null, "camp_sites": null, "campground_mgr": null, "trailhead_elevation": null, "comments": null, "information_url": null, "management_agency": "State Parks", "maintainer_comments": null, "latitude": "47.3511939021802", "longitude": "-117.710585964236", "GlobalID": "090da5f5-36d0-4b51-a2de-fbc3d8abe215", "In_B1_Area": false, "In_B2_Area": false }, "geometry": { "type": "Point", "coordinates": [ -117.710585964236003, 47.3511939012403, 0.0 ] } },
{ "type": "Feature", "properties": { "OBJECTID": 104, "trailhead_name": "Mount Spokane - Trail 130", "trailhead_status": null, "county": "Spokane", "municipality": null, "us_congressional_dist": "05", "state_legislative_dist": "5", "management_area": null, "restrooms": null, "potable_water": null, "parking_available": null, "parking_spaces": null, "parking_permit": "Yes", "pay_station": null, "trailer_parking": null, "trailer_turnaround": null, "equestrian_features": null, "transit": null, "bike_rack": null, "hours_open": null, "dates_open": null, "day_use": null, "campground": null, "camp_sites": null, "campground_mgr": null, "trailhead_elevation": null, "comments": null, "information_url": null, "management_agency": "State Parks", "maintainer_comments": null, "latitude": "47.9047938004674", "longitude": "-117.102685949608", "GlobalID": "2917ef43-ecb9-4e59-ba60-31db9bf1e745", "In_B1_Area": false, "In_B2_Area": false }, "geometry": { "type": "Point", "coordinates": [ -117.102685949608002, 47.904793799529202, 0.0 ] } },
{ "type": "Feature", "properties": { "OBJECTID": 105, "trailhead_name": "Hamilton Mountain", "trailhead_status": null, "county": "Skamania", "municipality": null, "us_congressional_dist": "03", "state_legislative_dist": "3", "management_area": null, "restrooms": null, "potable_water": null, "parking_available": null, "parking_spaces": null, "parking_permit": "Yes", "pay_station": null, "trailer_parking": null, "trailer_turnaround": null, "equestrian_features": null, "transit": null, "bike_rack": null, "hours_open": null, "dates_open": null, "day_use": null, "campground": null, "camp_sites": null, "campground_mgr": null, "trailhead_elevation": null, "comments": null, "information_url": null, "management_agency": "State Parks", "maintainer_comments": null, "latitude": "45.6324944612758", "longitude": "-122.019985597642", "GlobalID": "fa564953-8e3e-41bf-b391-0dcd261645f3", "In_B1_Area": false, "In_B2_Area": false }, "geometry": { "type": "Point", "coordinates": [ -122.019985597642005, 45.632494460332801, 0.0 ] } },
{ "type": "Feature", "properties": { "OBJECTID": 106, "trailhead_name": "Beacon Rock", "trailhead_status": null, "county": "Skamania", "municipality": null, "us_congressional_dist": "03", "state_legislative_dist": "3", "management_area": null, "restrooms": null, "potable_water": null, "parking_available": null, "parking_spaces": null, "parking_permit": "Yes", "pay_station": null, "trailer_parking": null, "trailer_turnaround": null, "equestrian_features": null, "transit": null, "bike_rack": null, "hours_open": null, "dates_open": null, "day_use": null, "campground": null, "camp_sites": null, "campground_mgr": null, "trailhead_elevation": null, "comments": null, "information_url": null, "management_agency": "State Parks", "maintainer_comments": null, "latitude": "45.6290944612034", "longitude": "-122.021885598485", "GlobalID": "0104a1b6-6972-41ec-bc2f-81961756330b", "In_B1_Area": false, "In_B2_Area": false }, "geometry": { "type": "Point", "coordinates": [ -122.021885598484999, 45.629094460260397, 0.0 ] } },
{ "type": "Feature", "properties": { "OBJECTID": 108, "trailhead_name": "Mount Spokane State Park - Mount Kit Carson Trail", "trailhead_status": null, "county": "Spokane", "municipality": null, "us_congressional_dist": "05", "state_legislative_dist": "5", "management_area": null, "restrooms": null, "potable_water": null, "parking_available": null, "parking_spaces": null, "parking_permit": "Yes", "pay_station": null, "trailer_parking": null, "trailer_turnaround": null, "equestrian_features": null, "transit": null, "bike_rack": null, "hours_open": null, "dates_open": null, "day_use": null, "campground": null, "camp_sites": null, "campground_mgr": null, "trailhead_elevation": null, "comments": null, "information_url": null, "management_agency": "State Parks", "maintainer_comments": null, "latitude": "47.8881938033148", "longitude": "-117.124885949979", "GlobalID": "bf410142-6635-4a85-bf5b-06a5a9207c59", "In_B1_Area": false, "In_B2_Area": false }, "geometry": { "type": "Point", "coordinates": [ -117.124885949979003, 47.888193802376499, 0.0 ] } },
{ "type": "Feature", "properties": { "OBJECTID": 109, "trailhead_name": "Hardy Ridge", "trailhead_status": null, "county": "Skamania", "municipality": null, "us_congressional_dist": "03", "state_legislative_dist": "3", "management_area": null, "restrooms": null, "potable_water": null, "parking_available": null, "parking_spaces": null, "parking_permit": "Yes", "pay_station": null, "trailer_parking": null, "trailer_turnaround": null, "equestrian_features": null, "transit": null, "bike_rack": null, "hours_open": null, "dates_open": null, "day_use": null, "campground": null, "camp_sites": null, "campground_mgr": null, "trailhead_elevation": null, "comments": null, "information_url": null, "management_agency": "State Parks", "maintainer_comments": null, "latitude": "45.6379944620595", "longitude": "-122.031785595133", "GlobalID": "e91f3526-6234-40e4-be8e-6a4839f1623f", "In_B1_Area": false, "In_B2_Area": false }, "geometry": { "type": "Point", "coordinates": [ -122.031785595133002, 45.637994461116598, 0.0 ] } },
{ "type": "Feature", "properties": { "OBJECTID": 110, "trailhead_name": "Mount Spokane - Trail 100", "trailhead_status": null, "county": "Spokane", "municipality": null, "us_congressional_dist": "05", "state_legislative_dist": "5", "management_area": null, "restrooms": null, "potable_water": null, "parking_available": null, "parking_spaces": null, "parking_permit": "Yes", "pay_station": null, "trailer_parking": null, "trailer_turnaround": null, "equestrian_features": null, "transit": null, "bike_rack": null, "hours_open": null, "dates_open": null, "day_use": null, "campground": null, "camp_sites": null, "campground_mgr": null, "trailhead_elevation": null, "comments": null, "information_url": null, "management_agency": "State Parks", "maintainer_comments": null, "latitude": "47.904393802535", "longitude": "-117.12448594535", "GlobalID": "11997a96-bb67-4733-b983-970690e94b90", "In_B1_Area": false, "In_B2_Area": false }, "geometry": { "type": "Point", "coordinates": [ -117.124485945350003, 47.904393801596797, 0.0 ] } },
{ "type": "Feature", "properties": { "OBJECTID": 111, "trailhead_name": "Mount Spokane - Burping Brook-Smith Gap Loop", "trailhead_status": null, "county": "Spokane", "municipality": null, "us_congressional_dist": "05", "state_legislative_dist": "5", "management_area": null, "restrooms": null, "potable_water": null, "parking_available": null, "parking_spaces": null, "parking_permit": "Yes", "pay_station": null, "trailer_parking": null, "trailer_turnaround": null, "equestrian_features": null, "transit": null, "bike_rack": null, "hours_open": null, "dates_open": null, "day_use": null, "campground": null, "camp_sites": null, "campground_mgr": null, "trailhead_elevation": null, "comments": null, "information_url": null, "management_agency": "State Parks", "maintainer_comments": null, "latitude": "47.8856938041959", "longitude": "-117.131485948495", "GlobalID": "5818204a-883d-42c3-9402-c95dcb8538da", "In_B1_Area": false, "In_B2_Area": false }, "geometry": { "type": "Point", "coordinates": [ -117.131485948494998, 47.885693803257602, 0.0 ] } },
{ "type": "Feature", "properties": { "OBJECTID": 113, "trailhead_name": "Palouse Falls", "trailhead_status": null, "county": "Franklin", "municipality": null, "us_congressional_dist": "04", "state_legislative_dist": "5", "management_area": null, "restrooms": null, "potable_water": null, "parking_available": null, "parking_spaces": null, "parking_permit": "Yes", "pay_station": null, "trailer_parking": null, "trailer_turnaround": null, "equestrian_features": null, "transit": null, "bike_rack": null, "hours_open": null, "dates_open": null, "day_use": null, "campground": null, "camp_sites": null, "campground_mgr": null, "trailhead_elevation": null, "comments": null, "information_url": null, "management_agency": "State Parks", "maintainer_comments": null, "latitude": "46.6635940043909", "longitude": "-118.228086023154", "GlobalID": "473323dc-aa89-4be2-ba18-e2ee085ff75a", "In_B1_Area": false, "In_B2_Area": false }, "geometry": { "type": "Point", "coordinates": [ -118.228086023154006, 46.663594003449298, 0.0 ] } },
{ "type": "Feature", "properties": { "OBJECTID": 114, "trailhead_name": "Mount Spokane State Park - Quartz Mountain", "trailhead_status": null, "county": "Spokane", "municipality": null, "us_congressional_dist": "05", "state_legislative_dist": "5", "management_area": null, "restrooms": null, "potable_water": null, "parking_available": null, "parking_spaces": null, "parking_permit": "Yes", "pay_station": null, "trailer_parking": null, "trailer_turnaround": null, "equestrian_features": null, "transit": null, "bike_rack": null, "hours_open": null, "dates_open": null, "day_use": null, "campground": null, "camp_sites": null, "campground_mgr": null, "trailhead_elevation": null, "comments": null, "information_url": null, "management_agency": "State Parks", "maintainer_comments": null, "latitude": "47.885093799252", "longitude": "-117.083285957685", "GlobalID": "92f70d33-3383-468a-981d-7898636f74b8", "In_B1_Area": false, "In_B2_Area": false }, "geometry": { "type": "Point", "coordinates": [ -117.083285957685007, 47.885093798313697, 0.0 ] } },
{ "type": "Feature", "properties": { "OBJECTID": 115, "trailhead_name": "Birch Bay State Park", "trailhead_status": null, "county": "Whatcom", "municipality": null, "us_congressional_dist": null, "state_legislative_dist": "2", "management_area": null, "restrooms": null, "potable_water": null, "parking_available": null, "parking_spaces": null, "parking_permit": "Yes", "pay_station": null, "trailer_parking": null, "trailer_turnaround": null, "equestrian_features": null, "transit": null, "bike_rack": null, "hours_open": null, "dates_open": null, "day_use": null, "campground": null, "camp_sites": null, "campground_mgr": null, "trailhead_elevation": null, "comments": null, "information_url": null, "management_agency": "State Parks", "maintainer_comments": null, "latitude": "48.9068943670835", "longitude": "-122.765984710436", "GlobalID": "3310f804-8dbf-4aa3-b142-34719ddf147f", "In_B1_Area": false, "In_B2_Area": false }, "geometry": { "type": "Point", "coordinates": [ -122.765984710436001, 48.906894366149203, 0.0 ] } },
{ "type": "Feature", "properties": { "OBJECTID": 118, "trailhead_name": "Spencer Spit", "trailhead_status": null, "county": "San Juan", "municipality": null, "us_congressional_dist": "02", "state_legislative_dist": "2", "management_area": null, "restrooms": null, "potable_water": null, "parking_available": null, "parking_spaces": null, "parking_permit": "Yes", "pay_station": null, "trailer_parking": null, "trailer_turnaround": null, "equestrian_features": null, "transit": null, "bike_rack": null, "hours_open": null, "dates_open": null, "day_use": null, "campground": null, "camp_sites": null, "campground_mgr": null, "trailhead_elevation": null, "comments": null, "information_url": null, "management_agency": "State Parks", "maintainer_comments": null, "latitude": "48.5362943953379", "longitude": "-122.859284791198", "GlobalID": "7f967f45-819e-4a66-8bf9-7b095ba8242f", "In_B1_Area": false, "In_B2_Area": false }, "geometry": { "type": "Point", "coordinates": [ -122.859284791197993, 48.536294394401999, 0.0 ] } },
{ "type": "Feature", "properties": { "OBJECTID": 119, "trailhead_name": "Cascade Lake", "trailhead_status": null, "county": "San Juan", "municipality": null, "us_congressional_dist": "02", "state_legislative_dist": "2", "management_area": null, "restrooms": null, "potable_water": null, "parking_available": null, "parking_spaces": null, "parking_permit": "Yes", "pay_station": null, "trailer_parking": null, "trailer_turnaround": null, "equestrian_features": null, "transit": null, "bike_rack": null, "hours_open": null, "dates_open": null, "day_use": null, "campground": null, "camp_sites": null, "campground_mgr": null, "trailhead_elevation": null, "comments": null, "information_url": null, "management_agency": "State Parks", "maintainer_comments": null, "latitude": "48.6561943895622", "longitude": "-122.85548476104", "GlobalID": "50977e32-854e-49e4-b72f-bf1a9a83e945", "In_B1_Area": false, "In_B2_Area": false }, "geometry": { "type": "Point", "coordinates": [ -122.855484761040003, 48.656194388626801, 0.0 ] } },
{ "type": "Feature", "properties": { "OBJECTID": 120, "trailhead_name": "Cape Disappointment State Park", "trailhead_status": null, "county": "Pacific", "municipality": null, "us_congressional_dist": "03", "state_legislative_dist": "3", "management_area": null, "restrooms": null, "potable_water": null, "parking_available": null, "parking_spaces": null, "parking_permit": "Yes", "pay_station": null, "trailer_parking": null, "trailer_turnaround": null, "equestrian_features": null, "transit": null, "bike_rack": null, "hours_open": null, "dates_open": null, "day_use": null, "campground": null, "camp_sites": null, "campground_mgr": null, "trailhead_elevation": null, "comments": null, "information_url": null, "management_agency": "State Parks", "maintainer_comments": null, "latitude": "46.2855946387991", "longitude": "-124.06328514249", "GlobalID": "853d118f-90c4-491a-94c7-ce9df5266357", "In_B1_Area": false, "In_B2_Area": false }, "geometry": { "type": "Point", "coordinates": [ -124.063285142490002, 46.285594637856903, 0.0 ] } },
{ "type": "Feature", "properties": { "OBJECTID": 121, "trailhead_name": "Twin Falls", "trailhead_status": null, "county": "King", "municipality": null, "us_congressional_dist": "08", "state_legislative_dist": "8", "management_area": null, "restrooms": null, "potable_water": null, "parking_available": null, "parking_spaces": null, "parking_permit": "Yes", "pay_station": null, "trailer_parking": null, "trailer_turnaround": null, "equestrian_features": null, "transit": null, "bike_rack": null, "hours_open": null, "dates_open": null, "day_use": null, "campground": null, "camp_sites": null, "campground_mgr": null, "trailhead_elevation": null, "comments": null, "information_url": null, "management_agency": "State Parks", "maintainer_comments": null, "latitude": "47.4533943229073", "longitude": "-121.705685244207", "GlobalID": "839232ba-33d9-4063-b814-1190c2a521c9", "In_B1_Area": false, "In_B2_Area": false }, "geometry": { "type": "Point", "coordinates": [ -121.705685244207004, 47.4533943219676, 0.0 ] } },
{ "type": "Feature", "properties": { "OBJECTID": 122, "trailhead_name": "Twanoh State Park", "trailhead_status": null, "county": "Mason", "municipality": null, "us_congressional_dist": null, "state_legislative_dist": "6", "management_area": null, "restrooms": null, "potable_water": null, "parking_available": null, "parking_spaces": null, "parking_permit": "Yes", "pay_station": null, "trailer_parking": null, "trailer_turnaround": null, "equestrian_features": null, "transit": null, "bike_rack": null, "hours_open": null, "dates_open": null, "day_use": null, "campground": null, "camp_sites": null, "campground_mgr": null, "trailhead_elevation": null, "comments": null, "information_url": null, "management_agency": "State Parks", "maintainer_comments": null, "latitude": "47.3773944652348", "longitude": "-122.973785058868", "GlobalID": "8e3f2172-0f0b-45e9-8377-085939dc6661", "In_B1_Area": false, "In_B2_Area": false }, "geometry": { "type": "Point", "coordinates": [ -122.973785058868003, 47.377394464295001, 0.0 ] } },
{ "type": "Feature", "properties": { "OBJECTID": 123, "trailhead_name": "Goose Rock", "trailhead_status": null, "county": "Island", "municipality": null, "us_congressional_dist": "02", "state_legislative_dist": "2", "management_area": null, "restrooms": null, "potable_water": null, "parking_available": null, "parking_spaces": null, "parking_permit": "Yes", "pay_station": null, "trailer_parking": null, "trailer_turnaround": null, "equestrian_features": null, "transit": null, "bike_rack": null, "hours_open": null, "dates_open": null, "day_use": null, "campground": null, "camp_sites": null, "campground_mgr": null, "trailhead_elevation": null, "comments": null, "information_url": null, "management_agency": "State Parks", "maintainer_comments": null, "latitude": "48.4033943776546", "longitude": "-122.647484859747", "GlobalID": "2b78d7e9-4259-4426-a8bd-9e29f7825791", "In_B1_Area": false, "In_B2_Area": false }, "geometry": { "type": "Point", "coordinates": [ -122.647484859746996, 48.403394376718303, 0.0 ] } },
{ "type": "Feature", "properties": { "OBJECTID": 124, "trailhead_name": "Deception Pass State Park - North Beach", "trailhead_status": null, "county": "Island", "municipality": null, "us_congressional_dist": "02", "state_legislative_dist": "2", "management_area": null, "restrooms": null, "potable_water": null, "parking_available": null, "parking_spaces": null, "parking_permit": "Yes", "pay_station": null, "trailer_parking": null, "trailer_turnaround": null, "equestrian_features": null, "transit": null, "bike_rack": null, "hours_open": null, "dates_open": null, "day_use": null, "campground": null, "camp_sites": null, "campground_mgr": null, "trailhead_elevation": null, "comments": null, "information_url": null, "management_agency": "State Parks", "maintainer_comments": null, "latitude": "48.4007943793788", "longitude": "-122.661984857173", "GlobalID": "907bc259-2e1e-40b8-a661-e59cfd229b68", "In_B1_Area": false, "In_B2_Area": false }, "geometry": { "type": "Point", "coordinates": [ -122.661984857172996, 48.400794378442399, 0.0 ] } },
{ "type": "Feature", "properties": { "OBJECTID": 125, "trailhead_name": "Deception Pass Headlands-Rosario-Lighthouse Point", "trailhead_status": null, "county": "Skagit", "municipality": null, "us_congressional_dist": "02", "state_legislative_dist": "2", "management_area": null, "restrooms": null, "potable_water": null, "parking_available": null, "parking_spaces": null, "parking_permit": "Yes", "pay_station": null, "trailer_parking": null, "trailer_turnaround": null, "equestrian_features": null, "transit": null, "bike_rack": null, "hours_open": null, "dates_open": null, "day_use": null, "campground": null, "camp_sites": null, "campground_mgr": null, "trailhead_elevation": null, "comments": null, "information_url": null, "management_agency": "State Parks", "maintainer_comments": null, "latitude": "48.4168943782374", "longitude": "-122.651184854888", "GlobalID": "b3aa6b7c-18ca-4742-9756-9c1e3d597547", "In_B1_Area": false, "In_B2_Area": false }, "geometry": { "type": "Point", "coordinates": [ -122.651184854888001, 48.416894377301098, 0.0 ] } },
{ "type": "Feature", "properties": { "OBJECTID": 126, "trailhead_name": "Double Diamond Trail", "trailhead_status": null, "county": "Whatcom", "municipality": null, "us_congressional_dist": "02", "state_legislative_dist": "2", "management_area": null, "restrooms": null, "potable_water": null, "parking_available": null, "parking_spaces": null, "parking_permit": "Yes", "pay_station": null, "trailer_parking": null, "trailer_turnaround": null, "equestrian_features": null, "transit": null, "bike_rack": null, "hours_open": null, "dates_open": null, "day_use": null, "campground": null, "camp_sites": null, "campground_mgr": null, "trailhead_elevation": null, "comments": null, "information_url": null, "management_agency": "State Parks", "maintainer_comments": null, "latitude": "48.6487943479856", "longitude": "-122.488784822339", "GlobalID": "0baac925-432f-49a1-9f79-8499b7d75102", "In_B1_Area": false, "In_B2_Area": false }, "geometry": { "type": "Point", "coordinates": [ -122.488784822338999, 48.648794347050199, 0.0 ] } },
{ "type": "Feature", "properties": { "OBJECTID": 127, "trailhead_name": "Dugualla State Park", "trailhead_status": null, "county": "Island", "municipality": null, "us_congressional_dist": "02", "state_legislative_dist": "2", "management_area": null, "restrooms": null, "potable_water": null, "parking_available": null, "parking_spaces": null, "parking_permit": "Yes", "pay_station": null, "trailer_parking": null, "trailer_turnaround": null, "equestrian_features": null, "transit": null, "bike_rack": null, "hours_open": null, "dates_open": null, "day_use": null, "campground": null, "camp_sites": null, "campground_mgr": null, "trailhead_elevation": null, "comments": null, "information_url": null, "management_agency": "State Parks", "maintainer_comments": null, "latitude": "48.3411943723972", "longitude": "-122.5696848875", "GlobalID": "42473bbd-5d9c-4073-8b94-00de4fba485c", "In_B1_Area": false, "In_B2_Area": false }, "geometry": { "type": "Point", "coordinates": [ -122.569684887500003, 48.341194371460602, 0.0 ] } },
{ "type": "Feature", "properties": { "OBJECTID": 128, "trailhead_name": "Flaming Geyser State Park", "trailhead_status": null, "county": "King", "municipality": null, "us_congressional_dist": "08", "state_legislative_dist": "8", "management_area": null, "restrooms": null, "potable_water": null, "parking_available": null, "parking_spaces": null, "parking_permit": "Yes", "pay_station": null, "trailer_parking": null, "trailer_turnaround": null, "equestrian_features": null, "transit": null, "bike_rack": null, "hours_open": null, "dates_open": null, "day_use": null, "campground": null, "camp_sites": null, "campground_mgr": null, "trailhead_elevation": null, "comments": null, "information_url": null, "management_agency": "State Parks", "maintainer_comments": null, "latitude": "47.2770943678695", "longitude": "-122.031285232482", "GlobalID": "d743fb28-8201-4253-99b6-71f9b33849d2", "In_B1_Area": false, "In_B2_Area": false }, "geometry": { "type": "Point", "coordinates": [ -122.031285232482006, 47.277094366929397, 0.0 ] } },
{ "type": "Feature", "properties": { "OBJECTID": 129, "trailhead_name": "Fort Ebey State Park", "trailhead_status": null, "county": "Island", "municipality": null, "us_congressional_dist": "02", "state_legislative_dist": "2", "management_area": null, "restrooms": null, "potable_water": null, "parking_available": null, "parking_spaces": null, "parking_permit": "Yes", "pay_station": null, "trailer_parking": null, "trailer_turnaround": null, "equestrian_features": null, "transit": null, "bike_rack": null, "hours_open": null, "dates_open": null, "day_use": null, "campground": null, "camp_sites": null, "campground_mgr": null, "trailhead_elevation": null, "comments": null, "information_url": null, "management_agency": "State Parks", "maintainer_comments": null, "latitude": "48.2225943996825", "longitude": "-122.763984886283", "GlobalID": "166b3b75-3025-4671-ba6a-f7e5fbd4fce5", "In_B1_Area": false, "In_B2_Area": false }, "geometry": { "type": "Point", "coordinates": [ -122.763984886282998, 48.2225943987454, 0.0 ] } },
{ "type": "Feature", "properties": { "OBJECTID": 130, "trailhead_name": "Rockport State Park", "trailhead_status": null, "county": "Skagit", "municipality": null, "us_congressional_dist": "01", "state_legislative_dist": "2", "management_area": null, "restrooms": null, "potable_water": null, "parking_available": null, "parking_spaces": null, "parking_permit": "Yes", "pay_station": null, "trailer_parking": null, "trailer_turnaround": null, "equestrian_features": null, "transit": null, "bike_rack": null, "hours_open": null, "dates_open": null, "day_use": null, "campground": null, "camp_sites": null, "campground_mgr": null, "trailhead_elevation": null, "comments": null, "information_url": null, "management_agency": "State Parks", "maintainer_comments": null, "latitude": "48.4879942579948", "longitude": "-121.614185005658", "GlobalID": "c5316190-4368-403d-8aa0-5d5804cd827a", "In_B1_Area": false, "In_B2_Area": false }, "geometry": { "type": "Point", "coordinates": [ -121.614185005658001, 48.487994257058801, 0.0 ] } },
{ "type": "Feature", "properties": { "OBJECTID": 131, "trailhead_name": "Mount Washington", "trailhead_status": null, "county": "King", "municipality": null, "us_congressional_dist": "08", "state_legislative_dist": "8", "management_area": null, "restrooms": null, "potable_water": null, "parking_available": null, "parking_spaces": null, "parking_permit": "Yes", "pay_station": null, "trailer_parking": null, "trailer_turnaround": null, "equestrian_features": null, "transit": null, "bike_rack": null, "hours_open": null, "dates_open": null, "day_use": null, "campground": null, "camp_sites": null, "campground_mgr": null, "trailhead_elevation": null, "comments": null, "information_url": null, "management_agency": "State Parks", "maintainer_comments": null, "latitude": "47.4419943201835", "longitude": "-121.672185252516", "GlobalID": "06e0bb67-6f68-4a73-bb80-bb81cdab6a36", "In_B1_Area": false, "In_B2_Area": false }, "geometry": { "type": "Point", "coordinates": [ -121.672185252516002, 47.441994319243904, 0.0 ] } },
{ "type": "Feature", "properties": { "OBJECTID": 134, "trailhead_name": "Lime Kiln State Park", "trailhead_status": null, "county": "San Juan", "municipality": null, "us_congressional_dist": "02", "state_legislative_dist": "2", "management_area": null, "restrooms": null, "potable_water": null, "parking_available": null, "parking_spaces": null, "parking_permit": "Yes", "pay_station": null, "trailer_parking": null, "trailer_turnaround": null, "equestrian_features": null, "transit": null, "bike_rack": null, "hours_open": null, "dates_open": null, "day_use": null, "campground": null, "camp_sites": null, "campground_mgr": null, "trailhead_elevation": null, "comments": null, "information_url": null, "management_agency": "State Parks", "maintainer_comments": null, "latitude": "48.5157944290293", "longitude": "-123.150184751054", "GlobalID": "0c4a5eb1-86b0-4d61-8152-1019c3f51d4e", "In_B1_Area": false, "In_B2_Area": false }, "geometry": { "type": "Point", "coordinates": [ -123.150184751053999, 48.515794428093301, 0.0 ] } },
{ "type": "Feature", "properties": { "OBJECTID": 135, "trailhead_name": "Leadbetter Point State Park - Dune Forest Loop", "trailhead_status": null, "county": "Pacific", "municipality": null, "us_congressional_dist": "03", "state_legislative_dist": "3", "management_area": null, "restrooms": null, "potable_water": null, "parking_available": null, "parking_spaces": null, "parking_permit": "Yes", "pay_station": null, "trailer_parking": null, "trailer_turnaround": null, "equestrian_features": null, "transit": null, "bike_rack": null, "hours_open": null, "dates_open": null, "day_use": null, "campground": null, "camp_sites": null, "campground_mgr": null, "trailhead_elevation": null, "comments": null, "information_url": null, "management_agency": "State Parks", "maintainer_comments": null, "latitude": "46.6069946201411", "longitude": "-124.043785073979", "GlobalID": "3def6cb1-a6dd-42b5-9f35-072b90f4c7c5", "In_B1_Area": false, "In_B2_Area": false }, "geometry": { "type": "Point", "coordinates": [ -124.043785073978995, 46.606994619199398, 0.0 ] } },
{ "type": "Feature", "properties": { "OBJECTID": 136, "trailhead_name": "Mount Constitution and Mountain Lake", "trailhead_status": null, "county": "San Juan", "municipality": null, "us_congressional_dist": "02", "state_legislative_dist": "2", "management_area": null, "restrooms": null, "potable_water": null, "parking_available": null, "parking_spaces": null, "parking_permit": "Yes", "pay_station": null, "trailer_parking": null, "trailer_turnaround": null, "equestrian_features": null, "transit": null, "bike_rack": null, "hours_open": null, "dates_open": null, "day_use": null, "campground": null, "camp_sites": null, "campground_mgr": null, "trailhead_elevation": null, "comments": null, "information_url": null, "management_agency": "State Parks", "maintainer_comments": null, "latitude": "48.6568943851558", "longitude": "-122.81798476662", "GlobalID": "b1570fd0-3ace-420a-bf25-68a0cdbfc213", "In_B1_Area": false, "In_B2_Area": false }, "geometry": { "type": "Point", "coordinates": [ -122.81798476662, 48.6568943842205, 0.0 ] } },
{ "type": "Feature", "properties": { "OBJECTID": 138, "trailhead_name": "Rainbow Falls State Park", "trailhead_status": "", "county": "Lewis", "municipality": null, "us_congressional_dist": "03", "state_legislative_dist": "3", "management_area": null, "restrooms": null, "potable_water": null, "parking_available": null, "parking_spaces": null, "parking_permit": "Yes", "pay_station": null, "trailer_parking": null, "trailer_turnaround": null, "equestrian_features": null, "transit": null, "bike_rack": null, "hours_open": null, "dates_open": null, "day_use": null, "campground": null, "camp_sites": null, "campground_mgr": null, "trailhead_elevation": null, "comments": null, "information_url": null, "management_agency": "State Parks", "maintainer_comments": null, "latitude": "46.6301945320563", "longitude": "-123.231785192502", "GlobalID": "0711c654-01ef-4560-bc2d-a0ec55bac188", "In_B1_Area": false, "In_B2_Area": false }, "geometry": { "type": "Point", "coordinates": [ -123.231785192502002, 46.630194531114597, 0.0 ] } },
{ "type": "Feature", "properties": { "OBJECTID": 141, "trailhead_name": "Parking Lot", "trailhead_status": "Open", "county": "Clallam", "municipality": null, "us_congressional_dist": null, "state_legislative_dist": null, "management_area": null, "restrooms": null, "potable_water": null, "parking_available": null, "parking_spaces": null, "parking_permit": null, "pay_station": null, "trailer_parking": null, "trailer_turnaround": null, "equestrian_features": null, "transit": null, "bike_rack": null, "hours_open": null, "dates_open": null, "day_use": null, "campground": null, "camp_sites": null, "campground_mgr": null, "trailhead_elevation": null, "comments": null, "information_url": null, "management_agency": "Washington DNR", "maintainer_comments": "Foothills System For NatGEO.kml/Foothills System For NatGEO", "latitude": null, "longitude": null, "GlobalID": "e0646e6f-3364-4f37-8f81-f79b9ac6564d", "In_B1_Area": false, "In_B2_Area": false }, "geometry": { "type": "Point", "coordinates": [ -123.480083528950004, 48.048984662291602, 0.0 ] } },
{ "type": "Feature", "properties": { "OBJECTID": 142, "trailhead_name": "9 Grand", "trailhead_status": "Open", "county": "Clallam", "municipality": null, "us_congressional_dist": null, "state_legislative_dist": null, "management_area": null, "restrooms": null, "potable_water": null, "parking_available": null, "parking_spaces": null, "parking_permit": null, "pay_station": null, "trailer_parking": null, "trailer_turnaround": null, "equestrian_features": null, "transit": null, "bike_rack": null, "hours_open": null, "dates_open": null, "day_use": null, "campground": null, "camp_sites": null, "campground_mgr": null, "trailhead_elevation": null, "comments": null, "information_url": null, "management_agency": "Washington DNR", "maintainer_comments": "Sadie System For NatGEO.kml/Sadie System For NatGEO/4x4", "latitude": null, "longitude": null, "GlobalID": "619ba41f-9bcb-480e-bcb6-41105556ff19", "In_B1_Area": false, "In_B2_Area": false }, "geometry": { "type": "Point", "coordinates": [ -123.898366295532995, 48.1467760402561, 0.0 ] } },
{ "type": "Feature", "properties": { "OBJECTID": 143, "trailhead_name": "Sadie Creek 4x4 Trailhead", "trailhead_status": "Open", "county": "Clallam", "municipality": null, "us_congressional_dist": null, "state_legislative_dist": null, "management_area": null, "restrooms": null, "potable_water": null, "parking_available": null, "parking_spaces": null, "parking_permit": null, "pay_station": null, "trailer_parking": null, "trailer_turnaround": null, "equestrian_features": null, "transit": null, "bike_rack": null, "hours_open": null, "dates_open": null, "day_use": null, "campground": null, "camp_sites": null, "campground_mgr": null, "trailhead_elevation": null, "comments": null, "information_url": null, "management_agency": "Washington DNR", "maintainer_comments": "Sadie System For NatGEO.kml/Sadie System For NatGEO/4x4", "latitude": null, "longitude": null, "GlobalID": "2bd32370-8379-4192-9e8a-7a3c16ae9fba", "In_B1_Area": false, "In_B2_Area": false }, "geometry": { "type": "Point", "coordinates": [ -123.912108311295995, 48.140844883546102, 0.0 ] } },
{ "type": "Feature", "properties": { "OBJECTID": 144, "trailhead_name": "Dennis's Ditch", "trailhead_status": "Open", "county": "Clallam", "municipality": null, "us_congressional_dist": null, "state_legislative_dist": null, "management_area": null, "restrooms": null, "potable_water": null, "parking_available": null, "parking_spaces": null, "parking_permit": null, "pay_station": null, "trailer_parking": null, "trailer_turnaround": null, "equestrian_features": null, "transit": null, "bike_rack": null, "hours_open": null, "dates_open": null, "day_use": null, "campground": null, "camp_sites": null, "campground_mgr": null, "trailhead_elevation": null, "comments": null, "information_url": null, "management_agency": "Washington DNR", "maintainer_comments": "Sadie System For NatGEO.kml/Sadie System For NatGEO/4x4", "latitude": null, "longitude": null, "GlobalID": "a85601bf-4fdf-4685-9c30-db7ec474463c", "In_B1_Area": false, "In_B2_Area": false }, "geometry": { "type": "Point", "coordinates": [ -123.896982602650993, 48.1453002347533, 0.0 ] } },
{ "type": "Feature", "properties": { "OBJECTID": 145, "trailhead_name": "Rainier Lane", "trailhead_status": "Open", "county": "Clallam", "municipality": null, "us_congressional_dist": null, "state_legislative_dist": null, "management_area": null, "restrooms": null, "potable_water": null, "parking_available": null, "parking_spaces": null, "parking_permit": null, "pay_station": null, "trailer_parking": null, "trailer_turnaround": null, "equestrian_features": null, "transit": null, "bike_rack": null, "hours_open": null, "dates_open": null, "day_use": null, "campground": null, "camp_sites": null, "campground_mgr": null, "trailhead_elevation": null, "comments": null, "information_url": null, "management_agency": "Washington DNR", "maintainer_comments": "Sadie System For NatGEO.kml/Sadie System For NatGEO/4x4", "latitude": null, "longitude": null, "GlobalID": "ec69ee53-cf3e-47de-ab6e-f33fae8ca9dd", "In_B1_Area": false, "In_B2_Area": false }, "geometry": { "type": "Point", "coordinates": [ -123.908373157127002, 48.144507129345399, 0.0 ] } },
{ "type": "Feature", "properties": { "OBJECTID": 146, "trailhead_name": "Radiator Hill", "trailhead_status": "Open", "county": "Clallam", "municipality": null, "us_congressional_dist": null, "state_legislative_dist": null, "management_area": null, "restrooms": null, "potable_water": null, "parking_available": null, "parking_spaces": null, "parking_permit": null, "pay_station": null, "trailer_parking": null, "trailer_turnaround": null, "equestrian_features": null, "transit": null, "bike_rack": null, "hours_open": null, "dates_open": null, "day_use": null, "campground": null, "camp_sites": null, "campground_mgr": null, "trailhead_elevation": null, "comments": null, "information_url": null, "management_agency": "Washington DNR", "maintainer_comments": "Sadie System For NatGEO.kml/Sadie System For NatGEO/4x4", "latitude": null, "longitude": null, "GlobalID": "b79bd903-3883-4eda-ade6-527412785182", "In_B1_Area": false, "In_B2_Area": false }, "geometry": { "type": "Point", "coordinates": [ -123.910087478354995, 48.142967751386202, 0.0 ] } },
{ "type": "Feature", "properties": { "OBJECTID": 147, "trailhead_name": "Sadie Creek ORV Trailhead", "trailhead_status": "Open", "county": "Clallam", "municipality": null, "us_congressional_dist": null, "state_legislative_dist": null, "management_area": null, "restrooms": null, "potable_water": null, "parking_available": null, "parking_spaces": null, "parking_permit": null, "pay_station": null, "trailer_parking": null, "trailer_turnaround": null, "equestrian_features": null, "transit": null, "bike_rack": null, "hours_open": null, "dates_open": null, "day_use": null, "campground": null, "camp_sites": null, "campground_mgr": null, "trailhead_elevation": null, "comments": null, "information_url": null, "management_agency": "Washington DNR", "maintainer_comments": "Sadie System For NatGEO.kml/Sadie System For NatGEO/ORV", "latitude": null, "longitude": null, "GlobalID": "65b0de3f-6c6a-4b60-bb95-9c7f8b4eac95", "In_B1_Area": false, "In_B2_Area": false }, "geometry": { "type": "Point", "coordinates": [ -123.907308733880996, 48.133791443177699, 0.0 ] } },
{ "type": "Feature", "properties": { "OBJECTID": 148, "trailhead_name": "Jones Creek Trailhead", "trailhead_status": "open", "county": "Clark", "municipality": null, "us_congressional_dist": "3", "state_legislative_dist": "17", "management_area": null, "restrooms": "pit", "potable_water": "no", "parking_available": "yes", "parking_spaces": null, "parking_permit": "WA", "pay_station": "no", "trailer_parking": "yes", "trailer_turnaround": "yes", "equestrian_features": "no", "transit": "no", "bike_rack": "no", "hours_open": "Dawn-Dusk", "dates_open": "Call or check DNR website", "day_use": "no", "campground": "no", "camp_sites": null, "campground_mgr": null, "trailhead_elevation": null, "comments": null, "information_url": "https://www.dnr.wa.gov/recreation", "management_agency": "Washington DNR", "maintainer_comments": null, "latitude": "45° 40.002' N", "longitude": "122° 18.654' W", "GlobalID": "5c399018-ef8e-4274-a366-c94db6246e60", "In_B1_Area": false, "In_B2_Area": false }, "geometry": { "type": "Point", "coordinates": [ -122.310906099269999, 45.666706549840697, 0.0 ] } },
{ "type": "Feature", "properties": { "OBJECTID": 149, "trailhead_name": "Dougan Falls Day Use Area", "trailhead_status": "open", "county": "Skamania", "municipality": null, "us_congressional_dist": "3", "state_legislative_dist": "17", "management_area": null, "restrooms": "pit", "potable_water": "no", "parking_available": "yes", "parking_spaces": null, "parking_permit": "WA", "pay_station": "no", "trailer_parking": "no", "trailer_turnaround": "no", "equestrian_features": "no", "transit": "no", "bike_rack": "no", "hours_open": "Dawn-Dusk", "dates_open": "Call or check DNR website", "day_use": "yes", "campground": "no", "camp_sites": null, "campground_mgr": null, "trailhead_elevation": null, "comments": "ADA Accessible", "information_url": "https://www.dnr.wa.gov/recreation", "management_agency": "Washington DNR", "maintainer_comments": null, "latitude": "45° 40.391' N", "longitude": "122° 09.241' W", "GlobalID": "b053c37f-494c-4cfa-8bb2-0feabcd289fe", "In_B1_Area": false, "In_B2_Area": false }, "geometry": { "type": "Point", "coordinates": [ -122.154012106392003, 45.673178793780103, 0.0 ] } },
{ "type": "Feature", "properties": { "OBJECTID": 150, "trailhead_name": "Dougan Creek Campground", "trailhead_status": "open", "county": "Skamania", "municipality": null, "us_congressional_dist": "3", "state_legislative_dist": "17", "management_area": null, "restrooms": "pit", "potable_water": "no", "parking_available": "yes", "parking_spaces": null, "parking_permit": "WA", "pay_station": "no", "trailer_parking": "yes", "trailer_turnaround": "yes", "equestrian_features": "no", "transit": "no", "bike_rack": "no", "hours_open": "Dawn-Dusk", "dates_open": "Call or check DNR website", "day_use": "no", "campground": "yes", "camp_sites": 10.0, "campground_mgr": null, "trailhead_elevation": null, "comments": "ADA Accessible", "information_url": "https://www.dnr.wa.gov/recreation", "management_agency": "Washington DNR", "maintainer_comments": null, "latitude": "45° 40.459' N", "longitude": "122° 09.347' W", "GlobalID": "c83753ac-8783-4d0b-930b-7e08f9d1dcda", "In_B1_Area": false, "In_B2_Area": false }, "geometry": { "type": "Point", "coordinates": [ -122.155789840099004, 45.6743205899202, 0.0 ] } },
{ "type": "Feature", "properties": { "OBJECTID": 151, "trailhead_name": "Three Corner Rock Trailhead", "trailhead_status": "open", "county": "Skamania", "municipality": null, "us_congressional_dist": "3", "state_legislative_dist": "17", "management_area": null, "restrooms": null, "potable_water": "unk", "parking_available": "unk", "parking_spaces": null, "parking_permit": "WA", "pay_station": "no", "trailer_parking": "no", "trailer_turnaround": "no", "equestrian_features": "unk", "transit": "no", "bike_rack": "no", "hours_open": "Dawn-Dusk", "dates_open": "Call or check DNR website", "day_use": "no", "campground": "no", "camp_sites": null, "campground_mgr": null, "trailhead_elevation": null, "comments": null, "information_url": "https://www.dnr.wa.gov/recreation", "management_agency": "Washington DNR", "maintainer_comments": null, "latitude": "45° 42.158' N", "longitude": "122° 07.309' W", "GlobalID": "2942dd05-5c3e-4aca-9a8b-07fc5f0f23bf", "In_B1_Area": false, "In_B2_Area": false }, "geometry": { "type": "Point", "coordinates": [ -122.121812245190995, 45.702636780324497, 0.0 ] } },
{ "type": "Feature", "properties": { "OBJECTID": 152, "trailhead_name": "Grouse Vista Trailhead", "trailhead_status": "open", "county": "Clark", "municipality": null, "us_congressional_dist": "3", "state_legislative_dist": "17", "management_area": null, "restrooms": null, "potable_water": "unk", "parking_available": "yes", "parking_spaces": null, "parking_permit": "WA", "pay_station": "no", "trailer_parking": "no", "trailer_turnaround": "no", "equestrian_features": "yes", "transit": "no", "bike_rack": "no", "hours_open": "Dawn-Dusk", "dates_open": "Call or check DNR website", "day_use": "no", "campground": "no", "camp_sites": null, "campground_mgr": null, "trailhead_elevation": null, "comments": null, "information_url": "https://www.dnr.wa.gov/recreation", "management_agency": "Washington DNR", "maintainer_comments": null, "latitude": "45° 43.306' N", "longitude": "122° 16.183' W", "GlobalID": "5a1d2d49-29b7-4043-8875-343eb859fd71", "In_B1_Area": false, "In_B2_Area": false }, "geometry": { "type": "Point", "coordinates": [ -122.269713017873997, 45.721759650962397, 0.0 ] } },
{ "type": "Feature", "properties": { "OBJECTID": 153, "trailhead_name": "Cold Creek Day Use Area", "trailhead_status": "open", "county": "Clark", "municipality": null, "us_congressional_dist": "3", "state_legislative_dist": "17", "management_area": null, "restrooms": "pit", "potable_water": "no", "parking_available": "yes", "parking_spaces": null, "parking_permit": "WA", "pay_station": "no", "trailer_parking": "no", "trailer_turnaround": "yes", "equestrian_features": "yes", "transit": "no", "bike_rack": "no", "hours_open": "Dawn-Dusk", "dates_open": "Call or check DNR website", "day_use": "yes", "campground": "no", "camp_sites": null, "campground_mgr": null, "trailhead_elevation": null, "comments": "ADA Accessible", "information_url": "https://www.dnr.wa.gov/recreation", "management_agency": "Washington DNR", "maintainer_comments": null, "latitude": "45° 45.679' N", "longitude": "122° 20.486' W", "GlobalID": "eb626346-96b5-4239-a70c-cc926f0cbc2c", "In_B1_Area": false, "In_B2_Area": false }, "geometry": { "type": "Point", "coordinates": [ -122.341437178934001, 45.761320809916299, 0.0 ] } },
{ "type": "Feature", "properties": { "OBJECTID": 154, "trailhead_name": "Cold Creek Campground", "trailhead_status": "open", "county": "Clark", "municipality": null, "us_congressional_dist": "3", "state_legislative_dist": "17", "management_area": null, "restrooms": "pit", "potable_water": "no", "parking_available": "yes", "parking_spaces": null, "parking_permit": "WA", "pay_station": "no", "trailer_parking": "yes", "trailer_turnaround": "yes", "equestrian_features": "yes", "transit": "no", "bike_rack": "no", "hours_open": "Dawn-Dusk", "dates_open": "Call or check DNR website", "day_use": "no", "campground": "yes", "camp_sites": 9.0, "campground_mgr": null, "trailhead_elevation": null, "comments": "ADA Accessible", "information_url": "https://www.dnr.wa.gov/recreation", "management_agency": "Washington DNR", "maintainer_comments": null, "latitude": "45° 45.826' N", "longitude": "122° 20.455' W", "GlobalID": "def3fede-e0de-46b7-9cce-c99686afd7d3", "In_B1_Area": false, "In_B2_Area": false }, "geometry": { "type": "Point", "coordinates": [ -122.340923040101003, 45.7637652996113, 0.0 ] } },
{ "type": "Feature", "properties": { "OBJECTID": 155, "trailhead_name": "Rock Creek Campground", "trailhead_status": "open", "county": "Clark", "municipality": null, "us_congressional_dist": "3", "state_legislative_dist": "17", "management_area": null, "restrooms": "pit", "potable_water": "no", "parking_available": "yes", "parking_spaces": null, "parking_permit": "WA", "pay_station": "no", "trailer_parking": "yes", "trailer_turnaround": "yes", "equestrian_features": "yes", "transit": "no", "bike_rack": "no", "hours_open": "Dawn-Dusk", "dates_open": "Call or check DNR website", "day_use": "no", "campground": "yes", "camp_sites": 19.0, "campground_mgr": null, "trailhead_elevation": null, "comments": "ADA Accessible", "information_url": "https://www.dnr.wa.gov/recreation", "management_agency": "Washington DNR", "maintainer_comments": null, "latitude": "45° 45.876' N", "longitude": "122° 19.434' W", "GlobalID": "a002a8b4-4a75-4adb-a019-3840c1e23404", "In_B1_Area": false, "In_B2_Area": false }, "geometry": { "type": "Point", "coordinates": [ -122.323896919968007, 45.764595390388102, 0.0 ] } },
{ "type": "Feature", "properties": { "OBJECTID": 156, "trailhead_name": "Tarbell Trailhead", "trailhead_status": "open", "county": "Clark", "municipality": null, "us_congressional_dist": "3", "state_legislative_dist": "17", "management_area": null, "restrooms": null, "potable_water": "unk", "parking_available": "unk", "parking_spaces": null, "parking_permit": "WA", "pay_station": "no", "trailer_parking": "no", "trailer_turnaround": "no", "equestrian_features": "unk", "transit": "no", "bike_rack": "no", "hours_open": "Dawn-Dusk", "dates_open": "Call or check DNR website", "day_use": "no", "campground": "no", "camp_sites": null, "campground_mgr": null, "trailhead_elevation": null, "comments": null, "information_url": "https://www.dnr.wa.gov/recreation", "management_agency": "Washington DNR", "maintainer_comments": null, "latitude": "45° 47.578' N", "longitude": "122° 18.114' W", "GlobalID": "28293b63-7cee-480c-87bb-0e35b3d5503a", "In_B1_Area": false, "In_B2_Area": false }, "geometry": { "type": "Point", "coordinates": [ -122.301907120164998, 45.792966759872101, 0.0 ] } },
{ "type": "Feature", "properties": { "OBJECTID": 157, "trailhead_name": "North Siouxon Creek Trail", "trailhead_status": "open", "county": "Clark", "municipality": null, "us_congressional_dist": "3", "state_legislative_dist": "17", "management_area": null, "restrooms": null, "potable_water": "unk", "parking_available": "unk", "parking_spaces": null, "parking_permit": "WA", "pay_station": "no", "trailer_parking": "no", "trailer_turnaround": "no", "equestrian_features": "unk", "transit": "no", "bike_rack": "no", "hours_open": "Dawn-Dusk", "dates_open": "Call or check DNR website", "day_use": "no", "campground": "no", "camp_sites": null, "campground_mgr": null, "trailhead_elevation": null, "comments": null, "information_url": "https://www.dnr.wa.gov/recreation", "management_agency": "Washington DNR", "maintainer_comments": null, "latitude": "45° 58.743' N", "longitude": "122° 15.301' W", "GlobalID": "6f3c4484-8d21-4573-8f99-7153d5eca0f3", "In_B1_Area": false, "In_B2_Area": false }, "geometry": { "type": "Point", "coordinates": [ -122.255013395497997, 45.979041917228201, 0.0 ] } },
{ "type": "Feature", "properties": { "OBJECTID": 158, "trailhead_name": "Merrill Lake Boat Launch", "trailhead_status": "open", "county": "Cowlitz", "municipality": null, "us_congressional_dist": "3", "state_legislative_dist": "20", "management_area": null, "restrooms": null, "potable_water": "unk", "parking_available": "unk", "parking_spaces": null, "parking_permit": "WA", "pay_station": "no", "trailer_parking": "yes", "trailer_turnaround": "yes", "equestrian_features": "unk", "transit": "no", "bike_rack": "no", "hours_open": "Dawn-Dusk", "dates_open": "Call or check DNR website", "day_use": "no", "campground": "no", "camp_sites": null, "campground_mgr": null, "trailhead_elevation": null, "comments": null, "information_url": "https://www.dnr.wa.gov/recreation", "management_agency": "Washington DNR", "maintainer_comments": null, "latitude": "46° 05.617' N", "longitude": "122° 19.222' W", "GlobalID": "0244cd53-8705-46eb-bb1c-7410fedc5337", "In_B1_Area": false, "In_B2_Area": false }, "geometry": { "type": "Point", "coordinates": [ -122.320372458028999, 46.093614185757197, 0.0 ] } },
{ "type": "Feature", "properties": { "OBJECTID": 159, "trailhead_name": "Merrill Lake Campground", "trailhead_status": "open", "county": "Cowlitz", "municipality": null, "us_congressional_dist": "3", "state_legislative_dist": "20", "management_area": null, "restrooms": "pit", "potable_water": "unk", "parking_available": "yes", "parking_spaces": null, "parking_permit": "WA", "pay_station": "no", "trailer_parking": "no", "trailer_turnaround": "no", "equestrian_features": "no", "transit": "no", "bike_rack": "no", "hours_open": "Dawn-Dusk", "dates_open": "Call or check DNR website", "day_use": "no", "campground": "yes", "camp_sites": null, "campground_mgr": null, "trailhead_elevation": null, "comments": null, "information_url": "https://www.dnr.wa.gov/recreation", "management_agency": "Washington DNR", "maintainer_comments": null, "latitude": "46° 05.703' N", "longitude": "122° 19.191' W", "GlobalID": "19fa3391-9d93-4afc-a201-92bc4e8e59a9", "In_B1_Area": false, "In_B2_Area": false }, "geometry": { "type": "Point", "coordinates": [ -122.319852210139004, 46.095046172878398, 0.0 ] } },
{ "type": "Feature", "properties": { "OBJECTID": 160, "trailhead_name": "Bradley Trail", "trailhead_status": "open", "county": "Wahkiakum", "municipality": null, "us_congressional_dist": "3", "state_legislative_dist": "19", "management_area": null, "restrooms": null, "potable_water": "unk", "parking_available": "unk", "parking_spaces": null, "parking_permit": "WA", "pay_station": "no", "trailer_parking": "yes", "trailer_turnaround": "yes", "equestrian_features": "unk", "transit": "no", "bike_rack": "no", "hours_open": "Dawn-Dusk", "dates_open": "Call or check DNR website", "day_use": "no", "campground": "no", "camp_sites": null, "campground_mgr": null, "trailhead_elevation": null, "comments": null, "information_url": "https://www.dnr.wa.gov/recreation", "management_agency": "Washington DNR", "maintainer_comments": null, "latitude": "46° 13.948' N", "longitude": "123° 16.705' W", "GlobalID": "481bb462-562e-4d7a-a78e-cea3dc0ec28d", "In_B1_Area": false, "In_B2_Area": false }, "geometry": { "type": "Point", "coordinates": [ -123.278409412282002, 46.232466675993301, 0.0 ] } },
{ "type": "Feature", "properties": { "OBJECTID": 161, "trailhead_name": "Tunerville Campground", "trailhead_status": "open", "county": "Pacific", "municipality": null, "us_congressional_dist": "3", "state_legislative_dist": "19", "management_area": null, "restrooms": null, "potable_water": "unk", "parking_available": "yes", "parking_spaces": null, "parking_permit": "WA", "pay_station": "no", "trailer_parking": "no", "trailer_turnaround": "no", "equestrian_features": "unk", "transit": "no", "bike_rack": "no", "hours_open": "Dawn-Dusk", "dates_open": "Call or check DNR website", "day_use": "no", "campground": "yes", "camp_sites": null, "campground_mgr": null, "trailhead_elevation": null, "comments": null, "information_url": "https://www.dnr.wa.gov/recreation", "management_agency": "Washington DNR", "maintainer_comments": null, "latitude": "46° 25.296' N", "longitude": "123° 36.949' W", "GlobalID": "0bd3bb35-b9b9-4438-bf2e-ef4da49d65b7", "In_B1_Area": false, "In_B2_Area": false }, "geometry": { "type": "Point", "coordinates": [ -123.615816700972005, 46.421606941676202, 0.0 ] } },
{ "type": "Feature", "properties": { "OBJECTID": 162, "trailhead_name": "Snag Lake Campground", "trailhead_status": "open", "county": "Pacific", "municipality": null, "us_congressional_dist": "3", "state_legislative_dist": "19", "management_area": null, "restrooms": "pit", "potable_water": "no", "parking_available": "yes", "parking_spaces": null, "parking_permit": "WA", "pay_station": "no", "trailer_parking": "no", "trailer_turnaround": "no", "equestrian_features": "yes", "transit": "no", "bike_rack": "no", "hours_open": "Dawn-Dusk", "dates_open": "Call or check DNR website", "day_use": "no", "campground": "yes", "camp_sites": 8.0, "campground_mgr": null, "trailhead_elevation": null, "comments": "ADA Accessible", "information_url": "https://www.dnr.wa.gov/recreation", "management_agency": "Washington DNR", "maintainer_comments": null, "latitude": "46° 25.179' N", "longitude": "123° 48.893' W", "GlobalID": "60b68230-80b8-48ef-83b5-b75dd37b8718", "In_B1_Area": false, "In_B2_Area": false }, "geometry": { "type": "Point", "coordinates": [ -123.814883298612003, 46.419649900708002, 0.0 ] } },
{ "type": "Feature", "properties": { "OBJECTID": 163, "trailhead_name": "Western Lake Campground", "trailhead_status": "open", "county": "Pacific", "municipality": null, "us_congressional_dist": "3", "state_legislative_dist": "19", "management_area": null, "restrooms": "pit", "potable_water": "no", "parking_available": "yes", "parking_spaces": null, "parking_permit": "WA", "pay_station": "no", "trailer_parking": "no", "trailer_turnaround": "no", "equestrian_features": "yes", "transit": "no", "bike_rack": "no", "hours_open": "Dawn-Dusk", "dates_open": "Call or check DNR website", "day_use": "no", "campground": "yes", "camp_sites": 5.0, "campground_mgr": null, "trailhead_elevation": null, "comments": "ADA Accessible", "information_url": "https://www.dnr.wa.gov/recreation", "management_agency": "Washington DNR", "maintainer_comments": null, "latitude": "46° 25.392' N", "longitude": "123° 49.281' W", "GlobalID": "6e8cc6bd-9384-4656-974b-1df720a34642", "In_B1_Area": false, "In_B2_Area": false }, "geometry": { "type": "Point", "coordinates": [ -123.821357153616006, 46.423204592311897, 0.0 ] } },
{ "type": "Feature", "properties": { "OBJECTID": 164, "trailhead_name": "Winston Creek Campground", "trailhead_status": "open", "county": "Lewis", "municipality": null, "us_congressional_dist": "3", "state_legislative_dist": "20", "management_area": null, "restrooms": "pit", "potable_water": "no", "parking_available": "yes", "parking_spaces": null, "parking_permit": "WA", "pay_station": "no", "trailer_parking": "no", "trailer_turnaround": "no", "equestrian_features": "no", "transit": "no", "bike_rack": "no", "hours_open": "Dawn-Dusk", "dates_open": "Call or check DNR website", "day_use": "no", "campground": "yes", "camp_sites": 11.0, "campground_mgr": null, "trailhead_elevation": null, "comments": null, "information_url": "https://www.dnr.wa.gov/recreation", "management_agency": "Washington DNR", "maintainer_comments": null, "latitude": "46° 28.798' N", "longitude": "122° 30.335' W", "GlobalID": "6a76f795-9a49-4a1a-a6f6-16d6bb5d0cde", "In_B1_Area": false, "In_B2_Area": false }, "geometry": { "type": "Point", "coordinates": [ -122.505583301054997, 46.479966600254002, 0.0 ] } },
{ "type": "Feature", "properties": { "OBJECTID": 165, "trailhead_name": "Bone River Boat Launch", "trailhead_status": "open", "county": "Pacific", "municipality": null, "us_congressional_dist": "3", "state_legislative_dist": "19", "management_area": null, "restrooms": null, "potable_water": "unk", "parking_available": "unk", "parking_spaces": null, "parking_permit": "WA", "pay_station": "no", "trailer_parking": "unk", "trailer_turnaround": null, "equestrian_features": "unk", "transit": "no", "bike_rack": "no", "hours_open": "Dawn-Dusk", "dates_open": "Call or check DNR website", "day_use": "no", "campground": "no", "camp_sites": null, "campground_mgr": null, "trailhead_elevation": null, "comments": null, "information_url": "https://www.dnr.wa.gov/recreation", "management_agency": "Washington DNR", "maintainer_comments": null, "latitude": "46° 39.029' N", "longitude": "123° 55.051' W", "GlobalID": "64c42a68-a22e-4c2b-a2c5-6ee317f5676a", "In_B1_Area": false, "In_B2_Area": false }, "geometry": { "type": "Point", "coordinates": [ -123.917516698060993, 46.650484493887703, 0.0 ] } },
{ "type": "Feature", "properties": { "OBJECTID": 166, "trailhead_name": "Butte Creek Day Use Area", "trailhead_status": "open", "county": "Pacific", "municipality": null, "us_congressional_dist": "3", "state_legislative_dist": "19", "management_area": null, "restrooms": "pit", "potable_water": "no", "parking_available": "yes", "parking_spaces": null, "parking_permit": "WA", "pay_station": "no", "trailer_parking": "unk", "trailer_turnaround": null, "equestrian_features": "yes", "transit": "no", "bike_rack": "no", "hours_open": "Dawn-Dusk", "dates_open": "Call or check DNR website", "day_use": "yes", "campground": "no", "camp_sites": null, "campground_mgr": null, "trailhead_elevation": null, "comments": "ADA Accessible", "information_url": "https://www.dnr.wa.gov/recreation", "management_agency": "Washington DNR", "maintainer_comments": null, "latitude": "46° 42.863' N", "longitude": "123° 44.577' W", "GlobalID": "1c59a6a2-56a7-426c-9fa1-98e05982589b", "In_B1_Area": false, "In_B2_Area": false }, "geometry": { "type": "Point", "coordinates": [ -123.742949271659995, 46.714385732859597, 0.0 ] } },
{ "type": "Feature", "properties": { "OBJECTID": 167, "trailhead_name": "Yacolt Burn Trailhead", "trailhead_status": "open", "county": "Clark", "municipality": null, "us_congressional_dist": "3", "state_legislative_dist": "17", "management_area": null, "restrooms": null, "potable_water": "unk", "parking_available": "yes", "parking_spaces": null, "parking_permit": "WA", "pay_station": "no", "trailer_parking": "no", "trailer_turnaround": "no", "equestrian_features": "no", "transit": "no", "bike_rack": "no", "hours_open": "Dawn-Dusk", "dates_open": "Call or check DNR website", "day_use": "no", "campground": "no", "camp_sites": null, "campground_mgr": null, "trailhead_elevation": null, "comments": null, "information_url": "https://www.dnr.wa.gov/recreation", "management_agency": "Washington DNR", "maintainer_comments": null, "latitude": "45° 45.113' N", "longitude": "122° 19.618' W", "GlobalID": "40f22d61-85a3-4ead-8825-17e1896f309d", "In_B1_Area": false, "In_B2_Area": false }, "geometry": { "type": "Point", "coordinates": [ -122.326959888505996, 45.751890662826199, 0.0 ] } },
{ "type": "Feature", "properties": { "OBJECTID": 168, "trailhead_name": "Larch Mtn Trailhead", "trailhead_status": "open", "county": "Clark", "municipality": null, "us_congressional_dist": "3", "state_legislative_dist": "17", "management_area": null, "restrooms": null, "potable_water": "unk", "parking_available": "yes", "parking_spaces": null, "parking_permit": "WA", "pay_station": "no", "trailer_parking": "unk", "trailer_turnaround": null, "equestrian_features": "no", "transit": "no", "bike_rack": "no", "hours_open": "Dawn-Dusk", "dates_open": "Call or check DNR website", "day_use": "no", "campground": "no", "camp_sites": null, "campground_mgr": null, "trailhead_elevation": null, "comments": null, "information_url": "https://www.dnr.wa.gov/recreation", "management_agency": "Washington DNR", "maintainer_comments": null, "latitude": "45° 43.317' N", "longitude": "122° 18.820' W", "GlobalID": "27dc02ff-05b8-42d2-a357-95d3468dc7eb", "In_B1_Area": false, "In_B2_Area": false }, "geometry": { "type": "Point", "coordinates": [ -122.313658492366002, 45.721942708943402, 0.0 ] } },
{ "type": "Feature", "properties": { "OBJECTID": 169, "trailhead_name": "Blue Slough Canoe Launch", "trailhead_status": "open", "county": "Grays Harbor", "municipality": null, "us_congressional_dist": "6", "state_legislative_dist": "19", "management_area": null, "restrooms": null, "potable_water": "unk", "parking_available": "unk", "parking_spaces": null, "parking_permit": "WA", "pay_station": "no", "trailer_parking": "unk", "trailer_turnaround": null, "equestrian_features": "unk", "transit": "no", "bike_rack": "no", "hours_open": "Dawn-Dusk", "dates_open": "Call or check DNR website", "day_use": "no", "campground": "no", "camp_sites": null, "campground_mgr": null, "trailhead_elevation": null, "comments": null, "information_url": "https://www.dnr.wa.gov/recreation", "management_agency": "Washington DNR", "maintainer_comments": null, "latitude": "46° 56.432' N", "longitude": "123° 43.154' W", "GlobalID": "4135407c-08bc-4dbd-b376-8e1bd15665a0", "In_B1_Area": false, "In_B2_Area": false }, "geometry": { "type": "Point", "coordinates": [ -123.719239760264998, 46.940532629159698, 0.0 ] } },
{ "type": "Feature", "properties": { "OBJECTID": 170, "trailhead_name": "Preachers Slough Canoe Launch", "trailhead_status": "open", "county": "Grays Harbor", "municipality": null, "us_congressional_dist": "6", "state_legislative_dist": "19", "management_area": null, "restrooms": null, "potable_water": "unk", "parking_available": "unk", "parking_spaces": null, "parking_permit": "WA", "pay_station": "no", "trailer_parking": "no", "trailer_turnaround": "no", "equestrian_features": "unk", "transit": "no", "bike_rack": "no", "hours_open": "Dawn-Dusk", "dates_open": "Call or check DNR website", "day_use": "no", "campground": "no", "camp_sites": null, "campground_mgr": null, "trailhead_elevation": null, "comments": null, "information_url": "https://www.dnr.wa.gov/recreation", "management_agency": "Washington DNR", "maintainer_comments": null, "latitude": "46° 56.834' N", "longitude": "123° 39.294' W", "GlobalID": "6ff1abe3-df87-4e71-95d0-494dc5194826", "In_B1_Area": false, "In_B2_Area": false }, "geometry": { "type": "Point", "coordinates": [ -123.654908214543994, 46.947237424138599, 0.0 ] } },
{ "type": "Feature", "properties": { "OBJECTID": 171, "trailhead_name": "Pend Oreille County Park", "trailhead_status": "open", "county": "Pend Oreille", "municipality": null, "us_congressional_dist": null, "state_legislative_dist": null, "management_area": null, "restrooms": "pit", "potable_water": "yes", "parking_available": "yes", "parking_spaces": 25.0, "parking_permit": null, "pay_station": "yes", "trailer_parking": "no", "trailer_turnaround": "yes", "equestrian_features": "yes", "transit": "no", "bike_rack": "no", "hours_open": null, "dates_open": "May through November 30th (Weather dependent)", "day_use": "yes", "campground": "yes", "camp_sites": 26.0, "campground_mgr": "Pend Oreiille  County (on-site host)", "trailhead_elevation": null, "comments": null, "information_url": "https://pendoreilleco.org/your-government/parks-and-recreation/pend-oreille-county-park/", "management_agency": "Pend Oreille County", "maintainer_comments": null, "latitude": "48.07616019", "longitude": "-117.33683281", "GlobalID": "54c8edc9-f246-42f8-947e-8077e51a12c5", "In_B1_Area": false, "In_B2_Area": false }, "geometry": { "type": "Point", "coordinates": [ -117.336832809740997, 48.076160189700197, 0.0 ] } },
{ "type": "Feature", "properties": { "OBJECTID": 172, "trailhead_name": "Swet Creek Rest Area", "trailhead_status": "open", "county": "Pend Oreille", "municipality": null, "us_congressional_dist": null, "state_legislative_dist": null, "management_area": null, "restrooms": "pit", "potable_water": "no", "parking_available": "yes", "parking_spaces": 20.0, "parking_permit": null, "pay_station": null, "trailer_parking": "no", "trailer_turnaround": "yes", "equestrian_features": "no", "transit": "no", "bike_rack": "no", "hours_open": null, "dates_open": null, "day_use": "yes", "campground": "no", "camp_sites": null, "campground_mgr": null, "trailhead_elevation": null, "comments": null, "information_url": " https://pendoreilleco.org/wp-content/uploads/2019/06/POC-Recreation-Properties.pdf", "management_agency": "Pend Oreille County", "maintainer_comments": null, "latitude": "48.8241216", "longitude": "-117.39730149", "GlobalID": "d5b4658c-4c46-4c03-91a9-7f4f74e7b632", "In_B1_Area": false, "In_B2_Area": false }, "geometry": { "type": "Point", "coordinates": [ -117.397301491074998, 48.824121600116499, 0.0 ] } },
{ "type": "Feature", "properties": { "OBJECTID": 173, "trailhead_name": "Dewitt Rd.", "trailhead_status": "open", "county": "Pend Oreille", "municipality": null, "us_congressional_dist": null, "state_legislative_dist": null, "management_area": null, "restrooms": null, "potable_water": "no", "parking_available": "no", "parking_spaces": null, "parking_permit": null, "pay_station": null, "trailer_parking": "no", "trailer_turnaround": "no", "equestrian_features": "no", "transit": "no", "bike_rack": "no", "hours_open": null, "dates_open": null, "day_use": null, "campground": "no", "camp_sites": null, "campground_mgr": "POC", "trailhead_elevation": null, "comments": null, "information_url": null, "management_agency": "POC", "maintainer_comments": null, "latitude": "48.71409032", "longitude": "-117.40925187", "GlobalID": "87d28a08-0ffb-4cc1-8da1-5078c02c948c", "In_B1_Area": false, "In_B2_Area": false }, "geometry": { "type": "Point", "coordinates": [ -117.409251870771996, 48.714090314845997, 0.0 ] } },
{ "type": "Feature", "properties": { "OBJECTID": 174, "trailhead_name": "River Bend Estates 1st", "trailhead_status": "open", "county": "Pend Oreille", "municipality": null, "us_congressional_dist": null, "state_legislative_dist": null, "management_area": null, "restrooms": null, "potable_water": "no", "parking_available": "no", "parking_spaces": null, "parking_permit": null, "pay_station": null, "trailer_parking": null, "trailer_turnaround": null, "equestrian_features": null, "transit": null, "bike_rack": null, "hours_open": null, "dates_open": null, "day_use": "no", "campground": "no", "camp_sites": null, "campground_mgr": "POC", "trailhead_elevation": null, "comments": null, "information_url": null, "management_agency": "POC", "maintainer_comments": null, "latitude": "48.45874347", "longitude": "-117.30024598", "GlobalID": "31ac1690-d039-4aa8-909e-d0d116c4620c", "In_B1_Area": false, "In_B2_Area": false }, "geometry": { "type": "Point", "coordinates": [ -117.300245983007997, 48.458743472792598, 0.0 ] } },
{ "type": "Feature", "properties": { "OBJECTID": 175, "trailhead_name": "Alaska Ln. N. Brown's Cold Spring Landing", "trailhead_status": "open", "county": "Pend Oreille", "municipality": null, "us_congressional_dist": null, "state_legislative_dist": null, "management_area": null, "restrooms": null, "potable_water": "no", "parking_available": "yes", "parking_spaces": null, "parking_permit": null, "pay_station": null, "trailer_parking": null, "trailer_turnaround": null, "equestrian_features": null, "transit": null, "bike_rack": null, "hours_open": null, "dates_open": null, "day_use": "no", "campground": "no", "camp_sites": null, "campground_mgr": "POC", "trailhead_elevation": null, "comments": null, "information_url": null, "management_agency": "POC", "maintainer_comments": null, "latitude": "48.57264049", "longitude": "-117.35178128", "GlobalID": "91019ab2-c5bf-4411-b768-d49c1ce9036d", "In_B1_Area": false, "In_B2_Area": false }, "geometry": { "type": "Point", "coordinates": [ -117.351781284078001, 48.5726404866545, 0.0 ] } },
{ "type": "Feature", "properties": { "OBJECTID": 176, "trailhead_name": "Davis Rd. - 1", "trailhead_status": "open", "county": "Pend Oreille", "municipality": null, "us_congressional_dist": null, "state_legislative_dist": null, "management_area": null, "restrooms": null, "potable_water": "no", "parking_available": "yes", "parking_spaces": null, "parking_permit": null, "pay_station": null, "trailer_parking": null, "trailer_turnaround": null, "equestrian_features": null, "transit": null, "bike_rack": null, "hours_open": null, "dates_open": null, "day_use": "no", "campground": "no", "camp_sites": null, "campground_mgr": "POC", "trailhead_elevation": null, "comments": null, "information_url": null, "management_agency": "POC", "maintainer_comments": null, "latitude": "48.28052265", "longitude": "-117.25660758", "GlobalID": "ff3b073e-247a-42d1-a23f-9d09e95701e2", "In_B1_Area": false, "In_B2_Area": false }, "geometry": { "type": "Point", "coordinates": [ -117.256607582575995, 48.280522650329601, 0.0 ] } },
{ "type": "Feature", "properties": { "OBJECTID": 177, "trailhead_name": "Sandy Shores", "trailhead_status": "open", "county": "Pend Oreille", "municipality": null, "us_congressional_dist": null, "state_legislative_dist": null, "management_area": null, "restrooms": null, "potable_water": "no", "parking_available": "yes", "parking_spaces": null, "parking_permit": null, "pay_station": null, "trailer_parking": null, "trailer_turnaround": null, "equestrian_features": null, "transit": null, "bike_rack": null, "hours_open": null, "dates_open": null, "day_use": "no", "campground": "no", "camp_sites": null, "campground_mgr": "POC", "trailhead_elevation": null, "comments": null, "information_url": null, "management_agency": "POC", "maintainer_comments": null, "latitude": "48.23429144", "longitude": "-117.12021034", "GlobalID": "b4260416-f05a-49d9-9902-ba71f7298ac2", "In_B1_Area": false, "In_B2_Area": false }, "geometry": { "type": "Point", "coordinates": [ -117.120210340187, 48.234291434989203, 0.0 ] } },
{ "type": "Feature", "properties": { "OBJECTID": 178, "trailhead_name": "Char Springs", "trailhead_status": "open", "county": "Pend Oreille", "municipality": null, "us_congressional_dist": null, "state_legislative_dist": null, "management_area": null, "restrooms": null, "potable_water": "no", "parking_available": "no", "parking_spaces": null, "parking_permit": null, "pay_station": null, "trailer_parking": null, "trailer_turnaround": null, "equestrian_features": null, "transit": null, "bike_rack": null, "hours_open": null, "dates_open": null, "day_use": "yes", "campground": "yes", "camp_sites": null, "campground_mgr": "POC", "trailhead_elevation": null, "comments": null, "information_url": null, "management_agency": "POC", "maintainer_comments": null, "latitude": "48.2417829", "longitude": "-117.14395572", "GlobalID": "13019b29-d4b3-4ef5-a035-4b9c1dd3f2f5", "In_B1_Area": false, "In_B2_Area": false }, "geometry": { "type": "Point", "coordinates": [ -117.143955715812993, 48.241782903224603, 0.0 ] } },
{ "type": "Feature", "properties": { "OBJECTID": 179, "trailhead_name": "Pondoray Shores Rd.", "trailhead_status": "open", "county": "Pend Oreille", "municipality": null, "us_congressional_dist": null, "state_legislative_dist": null, "management_area": null, "restrooms": null, "potable_water": "no", "parking_available": "no", "parking_spaces": null, "parking_permit": null, "pay_station": null, "trailer_parking": null, "trailer_turnaround": null, "equestrian_features": null, "transit": null, "bike_rack": null, "hours_open": null, "dates_open": null, "day_use": "no", "campground": "no", "camp_sites": null, "campground_mgr": "POC", "trailhead_elevation": null, "comments": null, "information_url": null, "management_agency": "POC", "maintainer_comments": null, "latitude": "48.24990599", "longitude": "-117.23100137", "GlobalID": "3c17c9df-c324-401c-9621-a9fde416c2f8", "In_B1_Area": false, "In_B2_Area": false }, "geometry": { "type": "Point", "coordinates": [ -117.231001365221999, 48.249905986101197, 0.0 ] } },
{ "type": "Feature", "properties": { "OBJECTID": 180, "trailhead_name": "Lazy River Farmetts", "trailhead_status": "open", "county": "Pend Oreille", "municipality": null, "us_congressional_dist": null, "state_legislative_dist": null, "management_area": null, "restrooms": null, "potable_water": "no", "parking_available": "yes", "parking_spaces": null, "parking_permit": null, "pay_station": null, "trailer_parking": null, "trailer_turnaround": null, "equestrian_features": null, "transit": null, "bike_rack": null, "hours_open": null, "dates_open": null, "day_use": "no", "campground": "no", "camp_sites": null, "campground_mgr": "POC", "trailhead_elevation": null, "comments": null, "information_url": null, "management_agency": "POC", "maintainer_comments": null, "latitude": "48.59908563", "longitude": "-117.34980493", "GlobalID": "c9f9d550-5dec-4bb3-acd0-b3af2194414b", "In_B1_Area": false, "In_B2_Area": false }, "geometry": { "type": "Point", "coordinates": [ -117.349804927261999, 48.599085631746902, 0.0 ] } },
{ "type": "Feature", "properties": { "OBJECTID": 181, "trailhead_name": "Greggs Addition", "trailhead_status": "open", "county": "Pend Oreille", "municipality": null, "us_congressional_dist": null, "state_legislative_dist": null, "management_area": null, "restrooms": "pit", "potable_water": "no", "parking_available": "yes", "parking_spaces": null, "parking_permit": null, "pay_station": null, "trailer_parking": null, "trailer_turnaround": null, "equestrian_features": null, "transit": null, "bike_rack": null, "hours_open": null, "dates_open": null, "day_use": "yes", "campground": "yes", "camp_sites": null, "campground_mgr": "POC", "trailhead_elevation": null, "comments": null, "information_url": null, "management_agency": "POC", "maintainer_comments": null, "latitude": "48.23641533", "longitude": "-117.19371861", "GlobalID": "92d4509c-f85a-487d-baa2-d72391810c2a", "In_B1_Area": false, "In_B2_Area": false }, "geometry": { "type": "Point", "coordinates": [ -117.193718608259999, 48.236415325583401, 0.0 ] } },
{ "type": "Feature", "properties": { "OBJECTID": 182, "trailhead_name": "Edgewater Estates Replat ", "trailhead_status": "open", "county": "Pend Oreille", "municipality": null, "us_congressional_dist": null, "state_legislative_dist": null, "management_area": null, "restrooms": null, "potable_water": "no", "parking_available": "yes", "parking_spaces": null, "parking_permit": null, "pay_station": null, "trailer_parking": null, "trailer_turnaround": null, "equestrian_features": null, "transit": null, "bike_rack": null, "hours_open": null, "dates_open": null, "day_use": "yes", "campground": "yes", "camp_sites": null, "campground_mgr": "POC", "trailhead_elevation": null, "comments": null, "information_url": null, "management_agency": "POC", "maintainer_comments": null, "latitude": "48.6790557", "longitude": "-117.38344003", "GlobalID": "dbc49015-2695-4116-8d99-772e9d994db4", "In_B1_Area": false, "In_B2_Area": false }, "geometry": { "type": "Point", "coordinates": [ -117.383440031595995, 48.679055701966199, 0.0 ] } },
{ "type": "Feature", "properties": { "OBJECTID": 184, "trailhead_name": "Boundary Dam Boat Launch", "trailhead_status": "open", "county": "Pend Oreille", "municipality": null, "us_congressional_dist": null, "state_legislative_dist": null, "management_area": null, "restrooms": "flush", "potable_water": "yes", "parking_available": "yes", "parking_spaces": 14.0, "parking_permit": null, "pay_station": null, "trailer_parking": "yes", "trailer_turnaround": "yes", "equestrian_features": "no", "transit": "no", "bike_rack": "no", "hours_open": null, "dates_open": "Open year-round", "day_use": "yes", "campground": "yes", "camp_sites": 34.0, "campground_mgr": "Seattle City Light", "trailhead_elevation": null, "comments": null, "information_url": "https://www.seattle.gov/city-light/in-the-community/tours-recreation-and-education/boundary-tours-and-recreation#forebay", "management_agency": "Seattle City Light", "maintainer_comments": null, "latitude": "48.98422021", "longitude": "-117.3511626", "GlobalID": "070c8993-5829-40e5-a053-47362dd587e0", "In_B1_Area": false, "In_B2_Area": false }, "geometry": { "type": "Point", "coordinates": [ -117.351162596923999, 48.984220208960899, 0.0 ] } },
{ "type": "Feature", "properties": { "OBJECTID": 186, "trailhead_name": "Old Ruby Ferry East", "trailhead_status": "open", "county": "Pend Oreille", "municipality": null, "us_congressional_dist": null, "state_legislative_dist": null, "management_area": null, "restrooms": null, "potable_water": "no", "parking_available": "no", "parking_spaces": null, "parking_permit": null, "pay_station": null, "trailer_parking": null, "trailer_turnaround": null, "equestrian_features": null, "transit": null, "bike_rack": null, "hours_open": null, "dates_open": null, "day_use": "no", "campground": "no", "camp_sites": null, "campground_mgr": "POC", "trailhead_elevation": null, "comments": null, "information_url": null, "management_agency": "POC", "maintainer_comments": null, "latitude": "48.5226618", "longitude": "-117.29135967", "GlobalID": "09804c95-3e9e-4046-9923-8ce6a16acbcf", "In_B1_Area": false, "In_B2_Area": false }, "geometry": { "type": "Point", "coordinates": [ -117.291359667687004, 48.522661797390001, 0.0 ] } },
{ "type": "Feature", "properties": { "OBJECTID": 187, "trailhead_name": "Ruby Ferry", "trailhead_status": "open", "county": "Pend Oreille", "municipality": null, "us_congressional_dist": null, "state_legislative_dist": null, "management_area": null, "restrooms": "pit", "potable_water": "no", "parking_available": "yes", "parking_spaces": null, "parking_permit": "WA", "pay_station": null, "trailer_parking": null, "trailer_turnaround": null, "equestrian_features": null, "transit": null, "bike_rack": null, "hours_open": null, "dates_open": null, "day_use": "no", "campground": "no", "camp_sites": null, "campground_mgr": "WDFW", "trailhead_elevation": null, "comments": null, "information_url": null, "management_agency": "WDFW", "maintainer_comments": null, "latitude": "48.52106236", "longitude": "-117.29441459", "GlobalID": "0a801f5a-3294-4178-9c06-ddb0b908317c", "In_B1_Area": false, "In_B2_Area": false }, "geometry": { "type": "Point", "coordinates": [ -117.294414593786001, 48.521062358437497, 0.0 ] } },
{ "type": "Feature", "properties": { "OBJECTID": 189, "trailhead_name": "Panhandle Campground", "trailhead_status": "open", "county": "Pend Oreille", "municipality": null, "us_congressional_dist": null, "state_legislative_dist": null, "management_area": null, "restrooms": "pit", "potable_water": "yes", "parking_available": "yes", "parking_spaces": null, "parking_permit": null, "pay_station": null, "trailer_parking": null, "trailer_turnaround": null, "equestrian_features": null, "transit": null, "bike_rack": null, "hours_open": null, "dates_open": null, "day_use": "yes", "campground": "yes", "camp_sites": null, "campground_mgr": "USFS", "trailhead_elevation": null, "comments": null, "information_url": null, "management_agency": "USFS", "maintainer_comments": null, "latitude": "48.50851272", "longitude": "-117.26950912", "GlobalID": "2acad27a-09dd-445f-a0bc-7e1c314ec91e", "In_B1_Area": false, "In_B2_Area": false }, "geometry": { "type": "Point", "coordinates": [ -117.269509123462001, 48.508512719618402, 0.0 ] } },
{ "type": "Feature", "properties": { "OBJECTID": 190, "trailhead_name": "Ledbetter Cove", "trailhead_status": "open", "county": "Pend Oreille", "municipality": null, "us_congressional_dist": null, "state_legislative_dist": null, "management_area": null, "restrooms": null, "potable_water": "no", "parking_available": "no", "parking_spaces": null, "parking_permit": null, "pay_station": null, "trailer_parking": null, "trailer_turnaround": null, "equestrian_features": null, "transit": null, "bike_rack": null, "hours_open": null, "dates_open": null, "day_use": "no", "campground": "unk", "camp_sites": null, "campground_mgr": "BLM", "trailhead_elevation": null, "comments": null, "information_url": null, "management_agency": "BLM", "maintainer_comments": null, "latitude": "48.92409036", "longitude": "-117.33936365", "GlobalID": "0d8c787e-c5a3-4ef0-a60f-19ce0526b391", "In_B1_Area": false, "In_B2_Area": false }, "geometry": { "type": "Point", "coordinates": [ -117.339363645846007, 48.9240903626009, 0.0 ] } },
{ "type": "Feature", "properties": { "OBJECTID": 191, "trailhead_name": "Lime Creek", "trailhead_status": "open", "county": "Pend Oreille", "municipality": null, "us_congressional_dist": null, "state_legislative_dist": null, "management_area": null, "restrooms": null, "potable_water": "no", "parking_available": "no", "parking_spaces": null, "parking_permit": null, "pay_station": null, "trailer_parking": null, "trailer_turnaround": null, "equestrian_features": null, "transit": null, "bike_rack": null, "hours_open": null, "dates_open": null, "day_use": "no", "campground": "unk", "camp_sites": null, "campground_mgr": "USFS", "trailhead_elevation": null, "comments": null, "information_url": null, "management_agency": "USFS", "maintainer_comments": null, "latitude": "48.95645735", "longitude": "-117.32896821", "GlobalID": "3aac2879-e5ef-4ddb-979b-63c66a6538a7", "In_B1_Area": false, "In_B2_Area": false }, "geometry": { "type": "Point", "coordinates": [ -117.328968211329993, 48.956457352640903, 0.0 ] } },
{ "type": "Feature", "properties": { "OBJECTID": 192, "trailhead_name": "BLM Recreation Site ", "trailhead_status": null, "county": "Pend Oreille", "municipality": null, "us_congressional_dist": null, "state_legislative_dist": null, "management_area": null, "restrooms": null, "potable_water": "no", "parking_available": "no", "parking_spaces": null, "parking_permit": null, "pay_station": null, "trailer_parking": null, "trailer_turnaround": null, "equestrian_features": null, "transit": null, "bike_rack": null, "hours_open": null, "dates_open": null, "day_use": "no", "campground": "unk", "camp_sites": null, "campground_mgr": "BLM", "trailhead_elevation": null, "comments": null, "information_url": null, "management_agency": "BLM", "maintainer_comments": null, "latitude": "48.95337429", "longitude": "-117.3369561", "GlobalID": "90047b10-3b42-43f4-873b-c359833448b1", "In_B1_Area": false, "In_B2_Area": false }, "geometry": { "type": "Point", "coordinates": [ -117.336956098775005, 48.953374286822303, 0.0 ] } },
{ "type": "Feature", "properties": { "OBJECTID": 193, "trailhead_name": "Ashenfelter Bay - WDFW", "trailhead_status": "open", "county": "Pend Oreille", "municipality": null, "us_congressional_dist": null, "state_legislative_dist": null, "management_area": null, "restrooms": null, "potable_water": "no", "parking_available": "yes", "parking_spaces": null, "parking_permit": "WA", "pay_station": null, "trailer_parking": null, "trailer_turnaround": null, "equestrian_features": null, "transit": null, "bike_rack": null, "hours_open": null, "dates_open": null, "day_use": "no", "campground": "no", "camp_sites": null, "campground_mgr": "WDFW", "trailhead_elevation": null, "comments": null, "information_url": null, "management_agency": "WDFW", "maintainer_comments": null, "latitude": "48.1971969", "longitude": "-117.04698614", "GlobalID": "a93f89b5-f0c1-4434-90f9-b625577032b6", "In_B1_Area": false, "In_B2_Area": false }, "geometry": { "type": "Point", "coordinates": [ -117.046986135891004, 48.197196899083202, 0.0 ] } },
{ "type": "Feature", "properties": { "OBJECTID": 194, "trailhead_name": "Old Town Boat Launch", "trailhead_status": "open", "county": "Pend Oreille", "municipality": null, "us_congressional_dist": null, "state_legislative_dist": null, "management_area": null, "restrooms": "flush", "potable_water": "no", "parking_available": "yes", "parking_spaces": null, "parking_permit": null, "pay_station": null, "trailer_parking": null, "trailer_turnaround": null, "equestrian_features": null, "transit": null, "bike_rack": null, "hours_open": null, "dates_open": null, "day_use": "yes", "campground": "no", "camp_sites": null, "campground_mgr": " ", "trailhead_elevation": null, "comments": null, "information_url": null, "management_agency": " ", "maintainer_comments": null, "latitude": "48.18549684", "longitude": "-117.0313358", "GlobalID": "3fde1e6a-de04-4eb3-b06f-313368624e2d", "In_B1_Area": false, "In_B2_Area": false }, "geometry": { "type": "Point", "coordinates": [ -117.031335795093995, 48.185496836025798, 0.0 ] } },
{ "type": "Feature", "properties": { "OBJECTID": 195, "trailhead_name": "Edgewater Campground", "trailhead_status": "open", "county": "Pend Oreille", "municipality": null, "us_congressional_dist": null, "state_legislative_dist": null, "management_area": null, "restrooms": "pit", "potable_water": "yes", "parking_available": "yes", "parking_spaces": null, "parking_permit": null, "pay_station": null, "trailer_parking": null, "trailer_turnaround": null, "equestrian_features": null, "transit": null, "bike_rack": null, "hours_open": null, "dates_open": null, "day_use": "yes", "campground": "yes", "camp_sites": null, "campground_mgr": "USFS", "trailhead_elevation": null, "comments": null, "information_url": null, "management_agency": "USFS", "maintainer_comments": null, "latitude": "48.75278784", "longitude": "-117.40630354", "GlobalID": "bef0c71a-e8a2-4956-83cc-96511e580999", "In_B1_Area": false, "In_B2_Area": false }, "geometry": { "type": "Point", "coordinates": [ -117.406303540877005, 48.752787837135301, 0.0 ] } },
{ "type": "Feature", "properties": { "OBJECTID": 196, "trailhead_name": "Pioneer Park", "trailhead_status": "open", "county": "Pend Oreille", "municipality": null, "us_congressional_dist": null, "state_legislative_dist": null, "management_area": null, "restrooms": "pit", "potable_water": "yes", "parking_available": "yes", "parking_spaces": null, "parking_permit": null, "pay_station": null, "trailer_parking": null, "trailer_turnaround": null, "equestrian_features": null, "transit": null, "bike_rack": null, "hours_open": null, "dates_open": null, "day_use": "yes", "campground": "yes", "camp_sites": null, "campground_mgr": "USFS", "trailhead_elevation": null, "comments": null, "information_url": null, "management_agency": "USFS", "maintainer_comments": null, "latitude": "48.21199666", "longitude": "-117.0545706", "GlobalID": "5646068e-4d87-418b-9639-551e2c46d85a", "In_B1_Area": false, "In_B2_Area": false }, "geometry": { "type": "Point", "coordinates": [ -117.054570602479998, 48.211996657400398, 0.0 ] } },
{ "type": "Feature", "properties": { "OBJECTID": 197, "trailhead_name": "LeClerc Wildlife Area", "trailhead_status": "open", "county": "Pend Oreille", "municipality": null, "us_congressional_dist": null, "state_legislative_dist": null, "management_area": null, "restrooms": null, "potable_water": null, "parking_available": null, "parking_spaces": null, "parking_permit": "WA", "pay_station": null, "trailer_parking": null, "trailer_turnaround": null, "equestrian_features": null, "transit": null, "bike_rack": null, "hours_open": null, "dates_open": null, "day_use": null, "campground": null, "camp_sites": null, "campground_mgr": "WDFW", "trailhead_elevation": null, "comments": null, "information_url": null, "management_agency": "WDFW", "maintainer_comments": null, "latitude": "48.52968994", "longitude": "-117.29964293", "GlobalID": "158c3096-6159-4867-92ce-c3c13b1d5fd4", "In_B1_Area": false, "In_B2_Area": false }, "geometry": { "type": "Point", "coordinates": [ -117.299642928764996, 48.5296899411439, 0.0 ] } },
{ "type": "Feature", "properties": { "OBJECTID": 198, "trailhead_name": "Skookum Creek - Bear Park Campground", "trailhead_status": "open", "county": "Pend Oreille", "municipality": null, "us_congressional_dist": null, "state_legislative_dist": null, "management_area": null, "restrooms": "pit", "potable_water": "no", "parking_available": "yes", "parking_spaces": null, "parking_permit": null, "pay_station": null, "trailer_parking": null, "trailer_turnaround": null, "equestrian_features": null, "transit": null, "bike_rack": null, "hours_open": null, "dates_open": null, "day_use": "no", "campground": "yes", "camp_sites": null, "campground_mgr": "DNR", "trailhead_elevation": null, "comments": null, "information_url": null, "management_agency": "DNR", "maintainer_comments": null, "latitude": "48.29154227", "longitude": "-117.22578496", "GlobalID": "0be2e327-e755-4c14-8073-d943a7acaace", "In_B1_Area": false, "In_B2_Area": false }, "geometry": { "type": "Point", "coordinates": [ -117.225784964572995, 48.291542273462703, 0.0 ] } },
{ "type": "Feature", "properties": { "OBJECTID": 199, "trailhead_name": "Tacoma Creek Wildlife area", "trailhead_status": "open", "county": "Pend Oreille", "municipality": null, "us_congressional_dist": null, "state_legislative_dist": null, "management_area": null, "restrooms": null, "potable_water": "no", "parking_available": "no", "parking_spaces": null, "parking_permit": null, "pay_station": null, "trailer_parking": null, "trailer_turnaround": null, "equestrian_features": null, "transit": null, "bike_rack": null, "hours_open": null, "dates_open": null, "day_use": "no", "campground": "no", "camp_sites": null, "campground_mgr": "Kalispel Tribe", "trailhead_elevation": null, "comments": null, "information_url": null, "management_agency": "Kalispel Tribe", "maintainer_comments": null, "latitude": "48.38906259", "longitude": "-117.29658526", "GlobalID": "79059b20-d1a5-469e-9933-b2c377052ead", "In_B1_Area": false, "In_B2_Area": false }, "geometry": { "type": "Point", "coordinates": [ -117.296585263948998, 48.389062587934298, 0.0 ] } },
{ "type": "Feature", "properties": { "OBJECTID": 200, "trailhead_name": "Wolf Creek", "trailhead_status": "open", "county": "Pend Oreille", "municipality": null, "us_congressional_dist": null, "state_legislative_dist": null, "management_area": null, "restrooms": null, "potable_water": "no", "parking_available": "no", "parking_spaces": null, "parking_permit": null, "pay_station": null, "trailer_parking": null, "trailer_turnaround": null, "equestrian_features": null, "transit": null, "bike_rack": null, "hours_open": null, "dates_open": null, "day_use": "no", "campground": "unk", "camp_sites": null, "campground_mgr": " ", "trailhead_elevation": null, "comments": null, "information_url": null, "management_agency": " ", "maintainer_comments": null, "latitude": "48.82881488", "longitude": "-117.38677565", "GlobalID": "af4af6c1-4ac0-4f87-b4db-9b97d1cb315e", "In_B1_Area": false, "In_B2_Area": false }, "geometry": { "type": "Point", "coordinates": [ -117.386775647321997, 48.828814877402102, 0.0 ] } },
{ "type": "Feature", "properties": { "OBJECTID": 201, "trailhead_name": "Monument Bar", "trailhead_status": "open", "county": "Pend Oreille", "municipality": null, "us_congressional_dist": null, "state_legislative_dist": null, "management_area": null, "restrooms": null, "potable_water": "no", "parking_available": "no", "parking_spaces": null, "parking_permit": null, "pay_station": null, "trailer_parking": null, "trailer_turnaround": null, "equestrian_features": null, "transit": null, "bike_rack": null, "hours_open": null, "dates_open": null, "day_use": "no", "campground": "unk", "camp_sites": null, "campground_mgr": "BLM", "trailhead_elevation": null, "comments": null, "information_url": null, "management_agency": "BLM", "maintainer_comments": null, "latitude": "48.93940107", "longitude": "-117.32968615", "GlobalID": "2e804bd1-2ec6-4db3-97d6-f9da0bef6218", "In_B1_Area": false, "In_B2_Area": false }, "geometry": { "type": "Point", "coordinates": [ -117.329686147264994, 48.939401064978, 0.0 ] } },
{ "type": "Feature", "properties": { "OBJECTID": 202, "trailhead_name": "Campbell Park and Boat Launch", "trailhead_status": "open", "county": "Pend Oreille", "municipality": null, "us_congressional_dist": null, "state_legislative_dist": null, "management_area": null, "restrooms": "pit", "potable_water": "yes", "parking_available": "yes", "parking_spaces": null, "parking_permit": null, "pay_station": null, "trailer_parking": null, "trailer_turnaround": null, "equestrian_features": null, "transit": null, "bike_rack": null, "hours_open": null, "dates_open": null, "day_use": "yes", "campground": "yes", "camp_sites": null, "campground_mgr": "PUD", "trailhead_elevation": null, "comments": null, "information_url": "https://popud.org/top-links/community-and-resources/pend-oreille-river-information/recreationtourism/", "management_agency": "PUD", "maintainer_comments": null, "latitude": "48.78071265", "longitude": "-117.41812444", "GlobalID": "685f3ec4-5037-42fe-987e-9761a4afd3bd", "In_B1_Area": false, "In_B2_Area": false }, "geometry": { "type": "Point", "coordinates": [ -117.418124442752998, 48.780712645592899, 0.0 ] } }
]
}
