{
    "type": "FeatureCollection",
    "features": [
        {
            "type": "Feature",
            "geometry": {
                "type": "MultiPolygon",
                "coordinates": [
                    [
                        [
                            [
                                -122.977925764,
                                46.651986996
                            ],
                            [
                                -122.977925763,
                                46.651986997
                            ],
                            [
                                -122.977925762,
                                46.651986997
                            ],
                            [
                                -122.977764056,
                                46.652092786
                            ],
                            [
                                -122.977607375,
                                46.652100211
                            ],
                            [
                                -122.970216368,
                                46.65209279
                            ],
                            [
                                -122.970076848,
                                46.652085876
                            ],
                            [
                                -122.970054181,
                                46.651948037
                            ],
                            [
                                -122.970032331,
                                46.651757998
                            ],
                            [
                                -122.970030563,
                                46.651742623
                            ],
                            [
                                -122.969657053,
                                46.648494035
                            ],
                            [
                                -122.969657053,
                                46.648494034
                            ],
                            [
                                -122.969657053,
                                46.648494033
                            ],
                            [
                                -122.969657052,
                                46.648494032
                            ],
                            [
                                -122.969657052,
                                46.648494031
                            ],
                            [
                                -122.969657051,
                                46.64849403
                            ],
                            [
                                -122.969657051,
                                46.648494029
                            ],
                            [
                                -122.96965705,
                                46.648494029
                            ],
                            [
                                -122.969657049,
                                46.648494028
                            ],
                            [
                                -122.969657048,
                                46.648494027
                            ],
                            [
                                -122.969657047,
                                46.648494027
                            ],
                            [
                                -122.969657046,
                                46.648494026
                            ],
                            [
                                -122.969657045,
                                46.648494026
                            ],
                            [
                                -122.969657044,
                                46.648494026
                            ],
                            [
                                -122.968562171,
                                46.648439957
                            ],
                            [
                                -122.968556865,
                                46.64843336
                            ],
                            [
                                -122.968544556,
                                46.648389766
                            ],
                            [
                                -122.968089306,
                                46.644785849
                            ],
                            [
                                -122.967947855,
                                46.643911077
                            ],
                            [
                                -122.967947855,
                                46.643911076
                            ],
                            [
                                -122.967947855,
                                46.643911075
                            ],
                            [
                                -122.967774816,
                                46.642840954
                            ],
                            [
                                -122.967803072,
                                46.641198194
                            ],
                            [
                                -122.968296356,
                                46.641187094
                            ],
                            [
                                -122.968296357,
                                46.641187094
                            ],
                            [
                                -122.968296358,
                                46.641187093
                            ],
                            [
                                -122.968296359,
                                46.641187093
                            ],
                            [
                                -122.96829636,
                                46.641187093
                            ],
                            [
                                -122.968296361,
                                46.641187092
                            ],
                            [
                                -122.968296362,
                                46.641187091
                            ],
                            [
                                -122.968296363,
                                46.64118709
                            ],
                            [
                                -122.968296364,
                                46.641187089
                            ],
                            [
                                -122.968296364,
                                46.641187088
                            ],
                            [
                                -122.968296365,
                                46.641187088
                            ],
                            [
                                -122.968296365,
                                46.641187087
                            ],
                            [
                                -122.968296365,
                                46.641187086
                            ],
                            [
                                -122.968296365,
                                46.641187085
                            ],
                            [
                                -122.968296365,
                                46.641187084
                            ],
                            [
                                -122.968311702,
                                46.639475118
                            ],
                            [
                                -122.968317709,
                                46.639482555
                            ],
                            [
                                -122.968508709,
                                46.639719555
                            ],
                            [
                                -122.968539709,
                                46.639757555
                            ],
                            [
                                -122.968596709,
                                46.639918555
                            ],
                            [
                                -122.968686709,
                                46.639987555
                            ],
                            [
                                -122.968855709,
                                46.640066555
                            ],
                            [
                                -122.969095709,
                                46.640048555
                            ],
                            [
                                -122.969157709,
                                46.640050555
                            ],
                            [
                                -122.969224709,
                                46.640052555
                            ],
                            [
                                -122.969647709,
                                46.640067555
                            ],
                            [
                                -122.969877709,
                                46.640101555
                            ],
                            [
                                -122.969988167,
                                46.640174524
                            ],
                            [
                                -122.970037255,
                                46.64021391
                            ],
                            [
                                -122.970038588,
                                46.640214878
                            ],
                            [
                                -122.970061791,
                                46.640243807
                            ],
                            [
                                -122.970091046,
                                46.640276629
                            ],
                            [
                                -122.970151709,
                                46.640359555
                            ],
                            [
                                -122.970294709,
                                46.640525555
                            ],
                            [
                                -122.97039671,
                                46.640663555
                            ],
                            [
                                -122.97040771,
                                46.640795555
                            ],
                            [
                                -122.97038871,
                                46.641077555
                            ],
                            [
                                -122.97033571,
                                46.641487555
                            ],
                            [
                                -122.97036371,
                                46.642100555
                            ],
                            [
                                -122.97044071,
                                46.642315555
                            ],
                            [
                                -122.97047371,
                                46.642477555
                            ],
                            [
                                -122.97050671,
                                46.642585555
                            ],
                            [
                                -122.97051871,
                                46.642675555
                            ],
                            [
                                -122.97069771,
                                46.643224555
                            ],
                            [
                                -122.97080871,
                                46.643476555
                            ],
                            [
                                -122.97091571,
                                46.643683555
                            ],
                            [
                                -122.97101171,
                                46.643836555
                            ],
                            [
                                -122.971076305,
                                46.643912131
                            ],
                            [
                                -122.97111171,
                                46.643953555
                            ],
                            [
                                -122.97126971,
                                46.644106555
                            ],
                            [
                                -122.971504711,
                                46.644268555
                            ],
                            [
                                -122.971750711,
                                46.644349555
                            ],
                            [
                                -122.971851711,
                                46.644367555
                            ],
                            [
                                -122.972220711,
                                46.644340555
                            ],
                            [
                                -122.972350711,
                                46.644302555
                            ],
                            [
                                -122.972468711,
                                46.644268555
                            ],
                            [
                                -122.972578711,
                                46.644205555
                            ],
                            [
                                -122.972658711,
                                46.644106555
                            ],
                            [
                                -122.972714711,
                                46.643989555
                            ],
                            [
                                -122.972712708,
                                46.643912533
                            ],
                            [
                                -122.972703711,
                                46.643566555
                            ],
                            [
                                -122.97262471,
                                46.643278555
                            ],
                            [
                                -122.97262471,
                                46.642999555
                            ],
                            [
                                -122.97268071,
                                46.642855555
                            ],
                            [
                                -122.97280471,
                                46.642693555
                            ],
                            [
                                -122.97301771,
                                46.642567555
                            ],
                            [
                                -122.97325171,
                                46.642496555
                            ],
                            [
                                -122.97363371,
                                46.642450555
                            ],
                            [
                                -122.974126711,
                                46.642451555
                            ],
                            [
                                -122.974712276,
                                46.642524637
                            ],
                            [
                                -122.97483875,
                                46.642543167
                            ],
                            [
                                -122.975318303,
                                46.642623897
                            ],
                            [
                                -122.975619673,
                                46.642690748
                            ],
                            [
                                -122.975669183,
                                46.642704439
                            ],
                            [
                                -122.975680561,
                                46.642707586
                            ],
                            [
                                -122.975686513,
                                46.642709232
                            ],
                            [
                                -122.975955527,
                                46.64279807
                            ],
                            [
                                -122.976104031,
                                46.642865459
                            ],
                            [
                                -122.976179309,
                                46.64291076
                            ],
                            [
                                -122.976259333,
                                46.64297294
                            ],
                            [
                                -122.976301645,
                                46.643015008
                            ],
                            [
                                -122.976338527,
                                46.64306191
                            ],
                            [
                                -122.976361323,
                                46.643099562
                            ],
                            [
                                -122.976404254,
                                46.64319505
                            ],
                            [
                                -122.976411711,
                                46.643225554
                            ],
                            [
                                -122.976399711,
                                46.643567554
                            ],
                            [
                                -122.976313267,
                                46.643913335
                            ],
                            [
                                -122.976120711,
                                46.644683555
                            ],
                            [
                                -122.976086711,
                                46.644926555
                            ],
                            [
                                -122.976109711,
                                46.645070555
                            ],
                            [
                                -122.976164711,
                                46.645178555
                            ],
                            [
                                -122.976231711,
                                46.645250555
                            ],
                            [
                                -122.976378712,
                                46.645340555
                            ],
                            [
                                -122.976714712,
                                46.645448555
                            ],
                            [
                                -122.977375712,
                                46.645574554
                            ],
                            [
                                -122.977924712,
                                46.645673554
                            ],
                            [
                                -122.977928336,
                                46.645674701
                            ],
                            [
                                -122.978237712,
                                46.645772554
                            ],
                            [
                                -122.978417334,
                                46.645873143
                            ],
                            [
                                -122.97845741,
                                46.645904628
                            ],
                            [
                                -122.978529656,
                                46.645974618
                            ],
                            [
                                -122.978528712,
                                46.646042554
                            ],
                            [
                                -122.978450712,
                                46.646177554
                            ],
                            [
                                -122.978417712,
                                46.646222554
                            ],
                            [
                                -122.978249712,
                                46.646321554
                            ],
                            [
                                -122.978013712,
                                46.646420554
                            ],
                            [
                                -122.977928026,
                                46.646437755
                            ],
                            [
                                -122.977744712,
                                46.646474554
                            ],
                            [
                                -122.976690712,
                                46.646582555
                            ],
                            [
                                -122.976467712,
                                46.646645555
                            ],
                            [
                                -122.976265712,
                                46.646771555
                            ],
                            [
                                -122.976085712,
                                46.646943555
                            ],
                            [
                                -122.976064712,
                                46.646963555
                            ],
                            [
                                -122.976044712,
                                46.647017555
                            ],
                            [
                                -122.976086712,
                                46.647266555
                            ],
                            [
                                -122.976176712,
                                46.647455555
                            ],
                            [
                                -122.976266712,
                                46.647581555
                            ],
                            [
                                -122.976456712,
                                46.647716555
                            ],
                            [
                                -122.976567712,
                                46.647770555
                            ],
                            [
                                -122.977374712,
                                46.648040555
                            ],
                            [
                                -122.977643712,
                                46.648040555
                            ],
                            [
                                -122.977927413,
                                46.647943348
                            ],
                            [
                                -122.978037712,
                                46.647905555
                            ],
                            [
                                -122.978193712,
                                46.647905554
                            ],
                            [
                                -122.978484712,
                                46.647977554
                            ],
                            [
                                -122.978708713,
                                46.648040554
                            ],
                            [
                                -122.979022713,
                                46.648031554
                            ],
                            [
                                -122.979392713,
                                46.647950554
                            ],
                            [
                                -122.979750713,
                                46.647824554
                            ],
                            [
                                -122.980265713,
                                46.647627554
                            ],
                            [
                                -122.980590713,
                                46.647554554
                            ],
                            [
                                -122.980837713,
                                46.647555554
                            ],
                            [
                                -122.980912158,
                                46.647577167
                            ],
                            [
                                -122.980957243,
                                46.647598215
                            ],
                            [
                                -122.981000606,
                                46.647638227
                            ],
                            [
                                -122.981043246,
                                46.647686671
                            ],
                            [
                                -122.981069016,
                                46.647723
                            ],
                            [
                                -122.981098379,
                                46.647775616
                            ],
                            [
                                -122.981162677,
                                46.647928587
                            ],
                            [
                                -122.981173713,
                                46.647959554
                            ],
                            [
                                -122.981195713,
                                46.648068554
                            ],
                            [
                                -122.981291078,
                                46.648307793
                            ],
                            [
                                -122.981331345,
                                46.64840881
                            ],
                            [
                                -122.981379539,
                                46.648542631
                            ],
                            [
                                -122.9814029,
                                46.648627872
                            ],
                            [
                                -122.981407516,
                                46.64865348
                            ],
                            [
                                -122.981398713,
                                46.648851554
                            ],
                            [
                                -122.981330713,
                                46.649013554
                            ],
                            [
                                -122.981185713,
                                46.649229554
                            ],
                            [
                                -122.980860713,
                                46.649507554
                            ],
                            [
                                -122.980793713,
                                46.649606554
                            ],
                            [
                                -122.980792713,
                                46.649714554
                            ],
                            [
                                -122.980927713,
                                46.649849554
                            ],
                            [
                                -122.980956713,
                                46.649870554
                            ],
                            [
                                -122.981240713,
                                46.650074554
                            ],
                            [
                                -122.981249713,
                                46.650182554
                            ],
                            [
                                -122.981405713,
                                46.650317554
                            ],
                            [
                                -122.981590714,
                                46.650507554
                            ],
                            [
                                -122.981652714,
                                46.650626554
                            ],
                            [
                                -122.981624714,
                                46.650812554
                            ],
                            [
                                -122.981595714,
                                46.650936554
                            ],
                            [
                                -122.981643714,
                                46.651074554
                            ],
                            [
                                -122.981700714,
                                46.651274554
                            ],
                            [
                                -122.981476714,
                                46.651551554
                            ],
                            [
                                -122.981333714,
                                46.651798554
                            ],
                            [
                                -122.981238714,
                                46.651932554
                            ],
                            [
                                -122.980957714,
                                46.652063554
                            ],
                            [
                                -122.981227714,
                                46.652061554
                            ],
                            [
                                -122.981241087,
                                46.652098543
                            ],
                            [
                                -122.981202282,
                                46.652099008
                            ],
                            [
                                -122.981113582,
                                46.65210007
                            ],
                            [
                                -122.979100737,
                                46.652100149
                            ],
                            [
                                -122.978801593,
                                46.65210016
                            ],
                            [
                                -122.978658738,
                                46.652093271
                            ],
                            [
                                -122.978771242,
                                46.651673225
                            ],
                            [
                                -122.978771242,
                                46.651673224
                            ],
                            [
                                -122.978771242,
                                46.651673223
                            ],
                            [
                                -122.978771242,
                                46.651673222
                            ],
                            [
                                -122.978771242,
                                46.651673221
                            ],
                            [
                                -122.978771242,
                                46.65167322
                            ],
                            [
                                -122.978771242,
                                46.651673219
                            ],
                            [
                                -122.978771242,
                                46.651673218
                            ],
                            [
                                -122.978771241,
                                46.651673218
                            ],
                            [
                                -122.978771241,
                                46.651673217
                            ],
                            [
                                -122.97877124,
                                46.651673216
                            ],
                            [
                                -122.978771239,
                                46.651673215
                            ],
                            [
                                -122.978771238,
                                46.651673214
                            ],
                            [
                                -122.978771237,
                                46.651673214
                            ],
                            [
                                -122.978771236,
                                46.651673213
                            ],
                            [
                                -122.978771235,
                                46.651673213
                            ],
                            [
                                -122.978771234,
                                46.651673213
                            ],
                            [
                                -122.978771233,
                                46.651673212
                            ],
                            [
                                -122.978771232,
                                46.651673212
                            ],
                            [
                                -122.978771231,
                                46.651673212
                            ],
                            [
                                -122.978771231,
                                46.651673213
                            ],
                            [
                                -122.97877123,
                                46.651673213
                            ],
                            [
                                -122.978771229,
                                46.651673213
                            ],
                            [
                                -122.978771228,
                                46.651673214
                            ],
                            [
                                -122.978413741,
                                46.651858351
                            ],
                            [
                                -122.978407443,
                                46.651671899
                            ],
                            [
                                -122.978407443,
                                46.651671898
                            ],
                            [
                                -122.978407443,
                                46.651671897
                            ],
                            [
                                -122.978407443,
                                46.651671896
                            ],
                            [
                                -122.978407442,
                                46.651671895
                            ],
                            [
                                -122.978407442,
                                46.651671894
                            ],
                            [
                                -122.978407441,
                                46.651671893
                            ],
                            [
                                -122.97840744,
                                46.651671892
                            ],
                            [
                                -122.978407439,
                                46.651671891
                            ],
                            [
                                -122.978407438,
                                46.65167189
                            ],
                            [
                                -122.978407437,
                                46.65167189
                            ],
                            [
                                -122.978407436,
                                46.651671889
                            ],
                            [
                                -122.978407435,
                                46.651671889
                            ],
                            [
                                -122.978407434,
                                46.651671889
                            ],
                            [
                                -122.978407433,
                                46.651671889
                            ],
                            [
                                -122.978407432,
                                46.651671889
                            ],
                            [
                                -122.978407431,
                                46.651671889
                            ],
                            [
                                -122.97840743,
                                46.651671889
                            ],
                            [
                                -122.978407429,
                                46.65167189
                            ],
                            [
                                -122.978407428,
                                46.65167189
                            ],
                            [
                                -122.978407428,
                                46.651671891
                            ],
                            [
                                -122.977925768,
                                46.651986994
                            ],
                            [
                                -122.977925768,
                                46.651986996
                            ],
                            [
                                -122.977925767,
                                46.651986996
                            ],
                            [
                                -122.977925766,
                                46.651986996
                            ],
                            [
                                -122.977925765,
                                46.651986996
                            ],
                            [
                                -122.977925764,
                                46.651986996
                            ]
                        ]
                    ],
                    [
                        [
                            [
                                -122.941673337,
                                46.648307629
                            ],
                            [
                                -122.941674094,
                                46.648311234
                            ],
                            [
                                -122.941676128,
                                46.648454909
                            ],
                            [
                                -122.941675947,
                                46.648460227
                            ],
                            [
                                -122.941664177,
                                46.648600049
                            ],
                            [
                                -122.941530632,
                                46.648556983
                            ],
                            [
                                -122.941439707,
                                46.648522558
                            ],
                            [
                                -122.941300987,
                                46.648477613
                            ],
                            [
                                -122.941261402,
                                46.648464788
                            ],
                            [
                                -122.941189707,
                                46.648441558
                            ],
                            [
                                -122.941168707,
                                46.648435558
                            ],
                            [
                                -122.941153023,
                                46.648430803
                            ],
                            [
                                -122.940974505,
                                46.648376675
                            ],
                            [
                                -122.940839586,
                                46.648328387
                            ],
                            [
                                -122.940893271,
                                46.648285168
                            ],
                            [
                                -122.941118754,
                                46.648103645
                            ],
                            [
                                -122.941673337,
                                46.648307629
                            ]
                        ]
                    ],
                    [
                        [
                            [
                                -122.986024886,
                                46.653915002
                            ],
                            [
                                -122.986112162,
                                46.654036142
                            ],
                            [
                                -122.986250715,
                                46.654250554
                            ],
                            [
                                -122.986550715,
                                46.654593554
                            ],
                            [
                                -122.986591456,
                                46.654638624
                            ],
                            [
                                -122.986656987,
                                46.65471112
                            ],
                            [
                                -122.986751174,
                                46.654826428
                            ],
                            [
                                -122.986784033,
                                46.654907618
                            ],
                            [
                                -122.986807494,
                                46.654987559
                            ],
                            [
                                -122.986806422,
                                46.655110068
                            ],
                            [
                                -122.986794179,
                                46.655225862
                            ],
                            [
                                -122.986777911,
                                46.655246143
                            ],
                            [
                                -122.986577715,
                                46.655400554
                            ],
                            [
                                -122.986257715,
                                46.655607554
                            ],
                            [
                                -122.986122715,
                                46.655957554
                            ],
                            [
                                -122.985943716,
                                46.656335554
                            ],
                            [
                                -122.985580716,
                                46.656753554
                            ],
                            [
                                -122.985465716,
                                46.657476554
                            ],
                            [
                                -122.985404945,
                                46.657809058
                            ],
                            [
                                -122.985389421,
                                46.657853768
                            ],
                            [
                                -122.985252484,
                                46.657914644
                            ],
                            [
                                -122.985230748,
                                46.657923004
                            ],
                            [
                                -122.985103156,
                                46.657965046
                            ],
                            [
                                -122.985102534,
                                46.657954271
                            ],
                            [
                                -122.985252165,
                                46.657433381
                            ],
                            [
                                -122.985449568,
                                46.656806977
                            ],
                            [
                                -122.985671039,
                                46.656257436
                            ],
                            [
                                -122.98567104,
                                46.656257435
                            ],
                            [
                                -122.98567104,
                                46.656257434
                            ],
                            [
                                -122.985765269,
                                46.655735466
                            ],
                            [
                                -122.985931036,
                                46.655180475
                            ],
                            [
                                -122.985931037,
                                46.655180474
                            ],
                            [
                                -122.985993787,
                                46.654823322
                            ],
                            [
                                -122.985993787,
                                46.654823321
                            ],
                            [
                                -122.985993787,
                                46.65482332
                            ],
                            [
                                -122.985993787,
                                46.654823319
                            ],
                            [
                                -122.985993787,
                                46.654823318
                            ],
                            [
                                -122.985849224,
                                46.654290429
                            ],
                            [
                                -122.985849224,
                                46.654290428
                            ],
                            [
                                -122.985849223,
                                46.654290427
                            ],
                            [
                                -122.985849223,
                                46.654290426
                            ],
                            [
                                -122.985849222,
                                46.654290425
                            ],
                            [
                                -122.985849222,
                                46.654290424
                            ],
                            [
                                -122.985849221,
                                46.654290424
                            ],
                            [
                                -122.98584922,
                                46.654290423
                            ],
                            [
                                -122.985498436,
                                46.654043334
                            ],
                            [
                                -122.985498435,
                                46.654043333
                            ],
                            [
                                -122.985204511,
                                46.653893182
                            ],
                            [
                                -122.984789194,
                                46.653681013
                            ],
                            [
                                -122.984789193,
                                46.653681012
                            ],
                            [
                                -122.984302521,
                                46.653484866
                            ],
                            [
                                -122.983944812,
                                46.653340694
                            ],
                            [
                                -122.983812885,
                                46.653263221
                            ],
                            [
                                -122.983458642,
                                46.65305519
                            ],
                            [
                                -122.983458641,
                                46.65305519
                            ],
                            [
                                -122.982758485,
                                46.652751805
                            ],
                            [
                                -122.983126714,
                                46.652808554
                            ],
                            [
                                -122.983524714,
                                46.652863554
                            ],
                            [
                                -122.983669714,
                                46.652904554
                            ],
                            [
                                -122.983793714,
                                46.652996554
                            ],
                            [
                                -122.984071715,
                                46.653162554
                            ],
                            [
                                -122.984363715,
                                46.653305554
                            ],
                            [
                                -122.984887715,
                                46.653551554
                            ],
                            [
                                -122.985321715,
                                46.653698554
                            ],
                            [
                                -122.985668857,
                                46.65380152
                            ],
                            [
                                -122.985884078,
                                46.653865357
                            ],
                            [
                                -122.986024886,
                                46.653915002
                            ]
                        ]
                    ],
                    [
                        [
                            [
                                -122.968754471,
                                46.692290424
                            ],
                            [
                                -122.968754471,
                                46.692290423
                            ],
                            [
                                -122.968754471,
                                46.692290422
                            ],
                            [
                                -122.968754471,
                                46.692290421
                            ],
                            [
                                -122.96875447,
                                46.69229042
                            ],
                            [
                                -122.96875447,
                                46.692290419
                            ],
                            [
                                -122.968754469,
                                46.692290418
                            ],
                            [
                                -122.968754468,
                                46.692290417
                            ],
                            [
                                -122.968754467,
                                46.692290416
                            ],
                            [
                                -122.968754466,
                                46.692290416
                            ],
                            [
                                -122.968754465,
                                46.692290415
                            ],
                            [
                                -122.968754464,
                                46.692290415
                            ],
                            [
                                -122.968754463,
                                46.692290415
                            ],
                            [
                                -122.968754462,
                                46.692290415
                            ],
                            [
                                -122.96589353,
                                46.692245893
                            ],
                            [
                                -122.965893005,
                                46.692244402
                            ],
                            [
                                -122.965886282,
                                46.692099735
                            ],
                            [
                                -122.965886327,
                                46.692079646
                            ],
                            [
                                -122.965893758,
                                46.691936024
                            ],
                            [
                                -122.965900605,
                                46.691932878
                            ],
                            [
                                -122.96592272,
                                46.691935558
                            ],
                            [
                                -122.96611372,
                                46.691917558
                            ],
                            [
                                -122.96623672,
                                46.691872558
                            ],
                            [
                                -122.96639372,
                                46.691764558
                            ],
                            [
                                -122.96648372,
                                46.691737558
                            ],
                            [
                                -122.96678572,
                                46.691710558
                            ],
                            [
                                -122.96689872,
                                46.691656558
                            ],
                            [
                                -122.96697672,
                                46.691593558
                            ],
                            [
                                -122.96704572,
                                46.691467558
                            ],
                            [
                                -122.96720172,
                                46.691278558
                            ],
                            [
                                -122.967247997,
                                46.691244326
                            ],
                            [
                                -122.967350421,
                                46.691174921
                            ],
                            [
                                -122.967386069,
                                46.691154847
                            ],
                            [
                                -122.96771872,
                                46.691018558
                            ],
                            [
                                -122.968017468,
                                46.690792139
                            ],
                            [
                                -122.968088931,
                                46.690748047
                            ],
                            [
                                -122.968103356,
                                46.690738311
                            ],
                            [
                                -122.968231902,
                                46.690670731
                            ],
                            [
                                -122.968336246,
                                46.690628588
                            ],
                            [
                                -122.968470421,
                                46.690613511
                            ],
                            [
                                -122.968477525,
                                46.690613038
                            ],
                            [
                                -122.968604621,
                                46.690609976
                            ],
                            [
                                -122.968731518,
                                46.690617713
                            ],
                            [
                                -122.968796801,
                                46.690624485
                            ],
                            [
                                -122.968950056,
                                46.690648476
                            ],
                            [
                                -122.969010774,
                                46.69066457
                            ],
                            [
                                -122.969060376,
                                46.690683294
                            ],
                            [
                                -122.969064282,
                                46.690685747
                            ],
                            [
                                -122.969074721,
                                46.690856558
                            ],
                            [
                                -122.969118721,
                                46.690973558
                            ],
                            [
                                -122.969197721,
                                46.691045558
                            ],
                            [
                                -122.969326721,
                                46.691092558
                            ],
                            [
                                -122.969421721,
                                46.691126558
                            ],
                            [
                                -122.969888236,
                                46.691166158
                            ],
                            [
                                -122.969897358,
                                46.691171353
                            ],
                            [
                                -122.969883227,
                                46.691310292
                            ],
                            [
                                -122.9698082,
                                46.691808529
                            ],
                            [
                                -122.969801721,
                                46.691851558
                            ],
                            [
                                -122.969795866,
                                46.691894676
                            ],
                            [
                                -122.969748362,
                                46.692244532
                            ],
                            [
                                -122.969741364,
                                46.692296073
                            ],
                            [
                                -122.969740214,
                                46.69230454
                            ],
                            [
                                -122.969716721,
                                46.692477558
                            ],
                            [
                                -122.969703329,
                                46.692651649
                            ],
                            [
                                -122.969699286,
                                46.692704212
                            ],
                            [
                                -122.969687721,
                                46.692854558
                            ],
                            [
                                -122.969683723,
                                46.693005295
                            ],
                            [
                                -122.969681941,
                                46.693072463
                            ],
                            [
                                -122.969677721,
                                46.693231558
                            ],
                            [
                                -122.969681941,
                                46.693390653
                            ],
                            [
                                -122.969682495,
                                46.693411519
                            ],
                            [
                                -122.969683122,
                                46.693435184
                            ],
                            [
                                -122.969683933,
                                46.693465735
                            ],
                            [
                                -122.969687721,
                                46.693608558
                            ],
                            [
                                -122.969698303,
                                46.693751039
                            ],
                            [
                                -122.969702844,
                                46.69381218
                            ],
                            [
                                -122.969703682,
                                46.693823462
                            ],
                            [
                                -122.969703978,
                                46.693827441
                            ],
                            [
                                -122.969715721,
                                46.693985558
                            ],
                            [
                                -122.969735799,
                                46.694142833
                            ],
                            [
                                -122.969745771,
                                46.694220944
                            ],
                            [
                                -122.969763721,
                                46.694361558
                            ],
                            [
                                -122.969788293,
                                46.694501168
                            ],
                            [
                                -122.969802474,
                                46.69458174
                            ],
                            [
                                -122.969829722,
                                46.694736558
                            ],
                            [
                                -122.969865039,
                                46.694889737
                            ],
                            [
                                -122.969880018,
                                46.694954703
                            ],
                            [
                                -122.969915722,
                                46.695109558
                            ],
                            [
                                -122.969959573,
                                46.695262305
                            ],
                            [
                                -122.970004474,
                                46.695418712
                            ],
                            [
                                -122.970035722,
                                46.695527558
                            ],
                            [
                                -122.970071054,
                                46.695635147
                            ],
                            [
                                -122.970137172,
                                46.695836477
                            ],
                            [
                                -122.970146722,
                                46.695865558
                            ],
                            [
                                -122.970156568,
                                46.69589454
                            ],
                            [
                                -122.970840535,
                                46.697907721
                            ],
                            [
                                -122.970840553,
                                46.697907774
                            ],
                            [
                                -122.971237435,
                                46.699075883
                            ],
                            [
                                -122.971238408,
                                46.699078744
                            ],
                            [
                                -122.971240438,
                                46.699084721
                            ],
                            [
                                -122.971240723,
                                46.699085558
                            ],
                            [
                                -122.973649597,
                                46.706168526
                            ],
                            [
                                -122.973649662,
                                46.706168715
                            ],
                            [
                                -122.97368832,
                                46.706304426
                            ],
                            [
                                -122.973547306,
                                46.70630963
                            ],
                            [
                                -122.973367351,
                                46.706307213
                            ],
                            [
                                -122.973173135,
                                46.706304604
                            ],
                            [
                                -122.973173108,
                                46.706304604
                            ],
                            [
                                -122.972552106,
                                46.706296258
                            ],
                            [
                                -122.972405218,
                                46.706287041
                            ],
                            [
                                -122.972404537,
                                46.70628693
                            ],
                            [
                                -122.972405988,
                                46.70620606
                            ],
                            [
                                -122.972405988,
                                46.706206059
                            ],
                            [
                                -122.972405988,
                                46.706206058
                            ],
                            [
                                -122.972405988,
                                46.706206057
                            ],
                            [
                                -122.972405987,
                                46.706206056
                            ],
                            [
                                -122.972405987,
                                46.706206055
                            ],
                            [
                                -122.972405986,
                                46.706206054
                            ],
                            [
                                -122.972405986,
                                46.706206053
                            ],
                            [
                                -122.972405985,
                                46.706206052
                            ],
                            [
                                -122.972405984,
                                46.706206052
                            ],
                            [
                                -122.972405984,
                                46.706206051
                            ],
                            [
                                -122.972405983,
                                46.706206051
                            ],
                            [
                                -122.972405982,
                                46.70620605
                            ],
                            [
                                -122.972405981,
                                46.70620605
                            ],
                            [
                                -122.97240598,
                                46.70620605
                            ],
                            [
                                -122.972405979,
                                46.706206049
                            ],
                            [
                                -122.972405978,
                                46.706206049
                            ],
                            [
                                -122.971250682,
                                46.706188673
                            ],
                            [
                                -122.971107825,
                                46.706179546
                            ],
                            [
                                -122.971104492,
                                46.706175799
                            ],
                            [
                                -122.971123616,
                                46.701629132
                            ],
                            [
                                -122.971123616,
                                46.701629131
                            ],
                            [
                                -122.971123616,
                                46.70162913
                            ],
                            [
                                -122.971123615,
                                46.701629129
                            ],
                            [
                                -122.971123615,
                                46.701629128
                            ],
                            [
                                -122.971123615,
                                46.701629127
                            ],
                            [
                                -122.971123614,
                                46.701629127
                            ],
                            [
                                -122.971123614,
                                46.701629126
                            ],
                            [
                                -122.971123613,
                                46.701629125
                            ],
                            [
                                -122.971123612,
                                46.701629124
                            ],
                            [
                                -122.971123611,
                                46.701629123
                            ],
                            [
                                -122.97112361,
                                46.701629123
                            ],
                            [
                                -122.971123609,
                                46.701629123
                            ],
                            [
                                -122.971123608,
                                46.701629122
                            ],
                            [
                                -122.971123607,
                                46.701629122
                            ],
                            [
                                -122.971123606,
                                46.701629122
                            ],
                            [
                                -122.970884476,
                                46.701623372
                            ],
                            [
                                -122.970884475,
                                46.701623372
                            ],
                            [
                                -122.970884474,
                                46.701623372
                            ],
                            [
                                -122.970884473,
                                46.701623373
                            ],
                            [
                                -122.970884472,
                                46.701623373
                            ],
                            [
                                -122.970884471,
                                46.701623373
                            ],
                            [
                                -122.97088447,
                                46.701623374
                            ],
                            [
                                -122.970884469,
                                46.701623374
                            ],
                            [
                                -122.970884468,
                                46.701623375
                            ],
                            [
                                -122.970884468,
                                46.701623376
                            ],
                            [
                                -122.970884467,
                                46.701623377
                            ],
                            [
                                -122.970884466,
                                46.701623378
                            ],
                            [
                                -122.970884466,
                                46.701623379
                            ],
                            [
                                -122.970884466,
                                46.70162338
                            ],
                            [
                                -122.970884465,
                                46.701623381
                            ],
                            [
                                -122.970884465,
                                46.701623382
                            ],
                            [
                                -122.970881605,
                                46.702643449
                            ],
                            [
                                -122.967264464,
                                46.70259095
                            ],
                            [
                                -122.967264463,
                                46.70259095
                            ],
                            [
                                -122.967264462,
                                46.70259095
                            ],
                            [
                                -122.967264461,
                                46.702590951
                            ],
                            [
                                -122.96726446,
                                46.702590951
                            ],
                            [
                                -122.967264459,
                                46.702590952
                            ],
                            [
                                -122.967264458,
                                46.702590952
                            ],
                            [
                                -122.967264457,
                                46.702590953
                            ],
                            [
                                -122.967264456,
                                46.702590954
                            ],
                            [
                                -122.967264456,
                                46.702590955
                            ],
                            [
                                -122.967264455,
                                46.702590956
                            ],
                            [
                                -122.967264455,
                                46.702590957
                            ],
                            [
                                -122.967264455,
                                46.702590958
                            ],
                            [
                                -122.967264454,
                                46.702590958
                            ],
                            [
                                -122.967019779,
                                46.704090703
                            ],
                            [
                                -122.966633826,
                                46.704085401
                            ],
                            [
                                -122.964706596,
                                46.704058926
                            ],
                            [
                                -122.964706039,
                                46.704058918
                            ],
                            [
                                -122.964467606,
                                46.704055598
                            ],
                            [
                                -122.964467603,
                                46.704055598
                            ],
                            [
                                -122.964466932,
                                46.704055589
                            ],
                            [
                                -122.963869289,
                                46.704047402
                            ],
                            [
                                -122.96386916,
                                46.7040474
                            ],
                            [
                                -122.963689582,
                                46.704044932
                            ],
                            [
                                -122.963635762,
                                46.704043709
                            ],
                            [
                                -122.963589137,
                                46.704042232
                            ],
                            [
                                -122.963481487,
                                46.704036882
                            ],
                            [
                                -122.963426156,
                                46.704033135
                            ],
                            [
                                -122.96336773,
                                46.704028206
                            ],
                            [
                                -122.963218372,
                                46.704003935
                            ],
                            [
                                -122.963216384,
                                46.70400157
                            ],
                            [
                                -122.963382119,
                                46.701150497
                            ],
                            [
                                -122.96475805,
                                46.70116712
                            ],
                            [
                                -122.964758051,
                                46.70116712
                            ],
                            [
                                -122.964758052,
                                46.70116712
                            ],
                            [
                                -122.964758052,
                                46.701167119
                            ],
                            [
                                -122.964758053,
                                46.701167119
                            ],
                            [
                                -122.964758054,
                                46.701167119
                            ],
                            [
                                -122.964758055,
                                46.701167118
                            ],
                            [
                                -122.964758056,
                                46.701167118
                            ],
                            [
                                -122.964758057,
                                46.701167117
                            ],
                            [
                                -122.964758057,
                                46.701167116
                            ],
                            [
                                -122.964758058,
                                46.701167116
                            ],
                            [
                                -122.964758058,
                                46.701167115
                            ],
                            [
                                -122.964758059,
                                46.701167114
                            ],
                            [
                                -122.964758059,
                                46.701167113
                            ],
                            [
                                -122.964758059,
                                46.701167112
                            ],
                            [
                                -122.96475806,
                                46.701167111
                            ],
                            [
                                -122.96475806,
                                46.70116711
                            ],
                            [
                                -122.9647615,
                                46.701057453
                            ],
                            [
                                -122.9647615,
                                46.701057452
                            ],
                            [
                                -122.9647615,
                                46.701057451
                            ],
                            [
                                -122.9647615,
                                46.70105745
                            ],
                            [
                                -122.9647615,
                                46.701057449
                            ],
                            [
                                -122.964761499,
                                46.701057448
                            ],
                            [
                                -122.964761499,
                                46.701057447
                            ],
                            [
                                -122.964761498,
                                46.701057446
                            ],
                            [
                                -122.964761497,
                                46.701057445
                            ],
                            [
                                -122.964761496,
                                46.701057444
                            ],
                            [
                                -122.964761495,
                                46.701057443
                            ],
                            [
                                -122.964761494,
                                46.701057443
                            ],
                            [
                                -122.964761493,
                                46.701057443
                            ],
                            [
                                -122.964761492,
                                46.701057442
                            ],
                            [
                                -122.964761491,
                                46.701057442
                            ],
                            [
                                -122.96476149,
                                46.701057442
                            ],
                            [
                                -122.963385396,
                                46.701040816
                            ],
                            [
                                -122.96353608,
                                46.700604875
                            ],
                            [
                                -122.963610165,
                                46.700390539
                            ],
                            [
                                -122.964048934,
                                46.699121144
                            ],
                            [
                                -122.964101992,
                                46.698988682
                            ],
                            [
                                -122.96410669,
                                46.698984659
                            ],
                            [
                                -122.966758467,
                                46.699023689
                            ],
                            [
                                -122.967644552,
                                46.699036747
                            ],
                            [
                                -122.967644553,
                                46.699036747
                            ],
                            [
                                -122.967644554,
                                46.699036746
                            ],
                            [
                                -122.967644555,
                                46.699036746
                            ],
                            [
                                -122.967644556,
                                46.699036746
                            ],
                            [
                                -122.967644557,
                                46.699036745
                            ],
                            [
                                -122.967644558,
                                46.699036745
                            ],
                            [
                                -122.967644559,
                                46.699036744
                            ],
                            [
                                -122.96764456,
                                46.699036743
                            ],
                            [
                                -122.967644561,
                                46.699036742
                            ],
                            [
                                -122.967644562,
                                46.699036741
                            ],
                            [
                                -122.967644562,
                                46.69903674
                            ],
                            [
                                -122.967644562,
                                46.699036739
                            ],
                            [
                                -122.967644562,
                                46.699036738
                            ],
                            [
                                -122.967825865,
                                46.697906756
                            ],
                            [
                                -122.967825865,
                                46.697906755
                            ],
                            [
                                -122.967825865,
                                46.697906754
                            ],
                            [
                                -122.967825866,
                                46.697906754
                            ],
                            [
                                -122.968295009,
                                46.694982788
                            ],
                            [
                                -122.968754471,
                                46.692290426
                            ],
                            [
                                -122.968754471,
                                46.692290425
                            ],
                            [
                                -122.968754471,
                                46.692290424
                            ]
                        ]
                    ],
                    [
                        [
                            [
                                -122.95018217,
                                46.699427849
                            ],
                            [
                                -122.950183035,
                                46.699566161
                            ],
                            [
                                -122.949874104,
                                46.699574249
                            ],
                            [
                                -122.95010572,
                                46.69945356
                            ],
                            [
                                -122.950130282,
                                46.699440813
                            ],
                            [
                                -122.950162056,
                                46.699428361
                            ],
                            [
                                -122.950178964,
                                46.699422518
                            ],
                            [
                                -122.95018217,
                                46.699427849
                            ]
                        ]
                    ],
                    [
                        [
                            [
                                -122.942308467,
                                46.723250692
                            ],
                            [
                                -122.942308466,
                                46.723250691
                            ],
                            [
                                -122.942308465,
                                46.72325069
                            ],
                            [
                                -122.942308465,
                                46.723250689
                            ],
                            [
                                -122.942308464,
                                46.723250688
                            ],
                            [
                                -122.942308463,
                                46.723250688
                            ],
                            [
                                -122.942308462,
                                46.723250687
                            ],
                            [
                                -122.942308461,
                                46.723250687
                            ],
                            [
                                -122.94230846,
                                46.723250686
                            ],
                            [
                                -122.942308459,
                                46.723250686
                            ],
                            [
                                -122.942308458,
                                46.723250686
                            ],
                            [
                                -122.94181835,
                                46.723245509
                            ],
                            [
                                -122.939806362,
                                46.723224234
                            ],
                            [
                                -122.939805885,
                                46.723161675
                            ],
                            [
                                -122.939803763,
                                46.722883551
                            ],
                            [
                                -122.939803763,
                                46.72288355
                            ],
                            [
                                -122.939803763,
                                46.722883549
                            ],
                            [
                                -122.939803762,
                                46.722883548
                            ],
                            [
                                -122.939803762,
                                46.722883547
                            ],
                            [
                                -122.939803761,
                                46.722883546
                            ],
                            [
                                -122.939803761,
                                46.722883545
                            ],
                            [
                                -122.93980376,
                                46.722883544
                            ],
                            [
                                -122.939803759,
                                46.722883544
                            ],
                            [
                                -122.939803758,
                                46.722883543
                            ],
                            [
                                -122.939803757,
                                46.722883543
                            ],
                            [
                                -122.939803757,
                                46.722883542
                            ],
                            [
                                -122.939803756,
                                46.722883542
                            ],
                            [
                                -122.939803755,
                                46.722883542
                            ],
                            [
                                -122.939803754,
                                46.722883542
                            ],
                            [
                                -122.939803753,
                                46.722883541
                            ],
                            [
                                -122.937091557,
                                46.722877572
                            ],
                            [
                                -122.936952672,
                                46.722877265
                            ],
                            [
                                -122.936917314,
                                46.722284797
                            ],
                            [
                                -122.936911057,
                                46.722179976
                            ],
                            [
                                -122.936911057,
                                46.722179975
                            ],
                            [
                                -122.936911057,
                                46.722179974
                            ],
                            [
                                -122.936911057,
                                46.722179973
                            ],
                            [
                                -122.936911056,
                                46.722179972
                            ],
                            [
                                -122.936911056,
                                46.722179971
                            ],
                            [
                                -122.936911055,
                                46.72217997
                            ],
                            [
                                -122.936911055,
                                46.722179969
                            ],
                            [
                                -122.936911054,
                                46.722179969
                            ],
                            [
                                -122.936911053,
                                46.722179968
                            ],
                            [
                                -122.936911052,
                                46.722179967
                            ],
                            [
                                -122.936911051,
                                46.722179967
                            ],
                            [
                                -122.93691105,
                                46.722179967
                            ],
                            [
                                -122.936911049,
                                46.722179966
                            ],
                            [
                                -122.936911048,
                                46.722179966
                            ],
                            [
                                -122.936911047,
                                46.722179966
                            ],
                            [
                                -122.934460292,
                                46.722152823
                            ],
                            [
                                -122.934452917,
                                46.722152742
                            ],
                            [
                                -122.934384241,
                                46.72038481
                            ],
                            [
                                -122.939616124,
                                46.720355624
                            ],
                            [
                                -122.939616125,
                                46.720355623
                            ],
                            [
                                -122.939616126,
                                46.720355623
                            ],
                            [
                                -122.939616127,
                                46.720355623
                            ],
                            [
                                -122.939616128,
                                46.720355623
                            ],
                            [
                                -122.939616129,
                                46.720355622
                            ],
                            [
                                -122.93961613,
                                46.720355622
                            ],
                            [
                                -122.93961613,
                                46.720355621
                            ],
                            [
                                -122.939616131,
                                46.720355621
                            ],
                            [
                                -122.939616132,
                                46.72035562
                            ],
                            [
                                -122.939616132,
                                46.720355619
                            ],
                            [
                                -122.939616133,
                                46.720355618
                            ],
                            [
                                -122.939616134,
                                46.720355617
                            ],
                            [
                                -122.939616134,
                                46.720355616
                            ],
                            [
                                -122.939616134,
                                46.720355615
                            ],
                            [
                                -122.939616134,
                                46.720355614
                            ],
                            [
                                -122.939638204,
                                46.719516022
                            ],
                            [
                                -122.940620223,
                                46.719537972
                            ],
                            [
                                -122.941625824,
                                46.719560441
                            ],
                            [
                                -122.942339401,
                                46.719576379
                            ],
                            [
                                -122.942340606,
                                46.72027413
                            ],
                            [
                                -122.942340606,
                                46.720274131
                            ],
                            [
                                -122.942340606,
                                46.720274132
                            ],
                            [
                                -122.942340607,
                                46.720274132
                            ],
                            [
                                -122.942340607,
                                46.720274133
                            ],
                            [
                                -122.942340607,
                                46.720274134
                            ],
                            [
                                -122.942340608,
                                46.720274135
                            ],
                            [
                                -122.942340609,
                                46.720274136
                            ],
                            [
                                -122.942340609,
                                46.720274137
                            ],
                            [
                                -122.94234061,
                                46.720274137
                            ],
                            [
                                -122.942340611,
                                46.720274138
                            ],
                            [
                                -122.942340612,
                                46.720274139
                            ],
                            [
                                -122.942340613,
                                46.720274139
                            ],
                            [
                                -122.942340614,
                                46.720274139
                            ],
                            [
                                -122.942340615,
                                46.72027414
                            ],
                            [
                                -122.942340616,
                                46.72027414
                            ],
                            [
                                -122.944959809,
                                46.720328751
                            ],
                            [
                                -122.944963613,
                                46.720332185
                            ],
                            [
                                -122.944974146,
                                46.720471638
                            ],
                            [
                                -122.945030871,
                                46.722509656
                            ],
                            [
                                -122.945030871,
                                46.722509662
                            ],
                            [
                                -122.945068007,
                                46.723843842
                            ],
                            [
                                -122.945064712,
                                46.723993016
                            ],
                            [
                                -122.945064645,
                                46.723993565
                            ],
                            [
                                -122.945041179,
                                46.723993598
                            ],
                            [
                                -122.942359665,
                                46.723997322
                            ],
                            [
                                -122.942308468,
                                46.723250695
                            ],
                            [
                                -122.942308467,
                                46.723250694
                            ],
                            [
                                -122.942308467,
                                46.723250693
                            ],
                            [
                                -122.942308467,
                                46.723250692
                            ]
                        ]
                    ],
                    [
                        [
                            [
                                -123.018876375,
                                46.73347109
                            ],
                            [
                                -123.018876374,
                                46.733471089
                            ],
                            [
                                -123.018876374,
                                46.733471088
                            ],
                            [
                                -123.018876373,
                                46.733471087
                            ],
                            [
                                -123.018359025,
                                46.732788619
                            ],
                            [
                                -123.018359024,
                                46.732788618
                            ],
                            [
                                -123.017659211,
                                46.732097388
                            ],
                            [
                                -123.017482597,
                                46.731918423
                            ],
                            [
                                -123.016835359,
                                46.731267886
                            ],
                            [
                                -123.016421821,
                                46.730555494
                            ],
                            [
                                -123.01642182,
                                46.730555493
                            ],
                            [
                                -123.016413078,
                                46.73054549
                            ],
                            [
                                -123.016115813,
                                46.730028316
                            ],
                            [
                                -123.016610582,
                                46.728138466
                            ],
                            [
                                -123.016610582,
                                46.728138465
                            ],
                            [
                                -123.016610582,
                                46.728138464
                            ],
                            [
                                -123.016610582,
                                46.728138463
                            ],
                            [
                                -123.016610582,
                                46.728138462
                            ],
                            [
                                -123.016610582,
                                46.728138461
                            ],
                            [
                                -123.016263763,
                                46.726557666
                            ],
                            [
                                -123.016263763,
                                46.726557665
                            ],
                            [
                                -123.016263762,
                                46.726557664
                            ],
                            [
                                -123.016263762,
                                46.726557663
                            ],
                            [
                                -123.015483338,
                                46.725240532
                            ],
                            [
                                -123.015483337,
                                46.725240531
                            ],
                            [
                                -123.015483337,
                                46.72524053
                            ],
                            [
                                -123.015483336,
                                46.72524053
                            ],
                            [
                                -123.015483335,
                                46.725240529
                            ],
                            [
                                -123.015483334,
                                46.725240529
                            ],
                            [
                                -123.015483334,
                                46.725240528
                            ],
                            [
                                -123.015483333,
                                46.725240528
                            ],
                            [
                                -123.015483332,
                                46.725240527
                            ],
                            [
                                -123.015483331,
                                46.725240527
                            ],
                            [
                                -123.01548333,
                                46.725240527
                            ],
                            [
                                -123.012522904,
                                46.72496419
                            ],
                            [
                                -123.012522903,
                                46.72496419
                            ],
                            [
                                -123.012522902,
                                46.72496419
                            ],
                            [
                                -123.012522901,
                                46.72496419
                            ],
                            [
                                -123.012207918,
                                46.725039915
                            ],
                            [
                                -123.011704863,
                                46.725065716
                            ],
                            [
                                -123.011111044,
                                46.725031914
                            ],
                            [
                                -123.010804043,
                                46.724911342
                            ],
                            [
                                -123.010413611,
                                46.724696001
                            ],
                            [
                                -123.010413611,
                                46.724696
                            ],
                            [
                                -123.009506067,
                                46.724263361
                            ],
                            [
                                -123.009120535,
                                46.723809077
                            ],
                            [
                                -123.009120534,
                                46.723809076
                            ],
                            [
                                -123.009120533,
                                46.723809076
                            ],
                            [
                                -123.009120532,
                                46.723809075
                            ],
                            [
                                -123.009120531,
                                46.723809075
                            ],
                            [
                                -123.009120531,
                                46.723809074
                            ],
                            [
                                -123.00912053,
                                46.723809074
                            ],
                            [
                                -123.009000943,
                                46.723774488
                            ],
                            [
                                -123.009000942,
                                46.723774488
                            ],
                            [
                                -123.009000941,
                                46.723774488
                            ],
                            [
                                -123.00900094,
                                46.723774488
                            ],
                            [
                                -123.009000939,
                                46.723774488
                            ],
                            [
                                -123.009000938,
                                46.723774488
                            ],
                            [
                                -123.009000937,
                                46.723774488
                            ],
                            [
                                -123.009000936,
                                46.723774489
                            ],
                            [
                                -123.009000935,
                                46.723774489
                            ],
                            [
                                -123.009000935,
                                46.72377449
                            ],
                            [
                                -123.009000934,
                                46.72377449
                            ],
                            [
                                -123.009000933,
                                46.723774491
                            ],
                            [
                                -123.009000932,
                                46.723774492
                            ],
                            [
                                -123.009000932,
                                46.723774493
                            ],
                            [
                                -123.009000931,
                                46.723774493
                            ],
                            [
                                -123.009000931,
                                46.723774494
                            ],
                            [
                                -123.009000931,
                                46.723774495
                            ],
                            [
                                -123.00900093,
                                46.723774496
                            ],
                            [
                                -123.00900093,
                                46.723774497
                            ],
                            [
                                -123.00900093,
                                46.723774498
                            ],
                            [
                                -123.009027793,
                                46.727070739
                            ],
                            [
                                -123.00788211,
                                46.726402815
                            ],
                            [
                                -123.007332999,
                                46.725656729
                            ],
                            [
                                -123.007332998,
                                46.725656728
                            ],
                            [
                                -123.007332997,
                                46.725656727
                            ],
                            [
                                -123.007332996,
                                46.725656727
                            ],
                            [
                                -123.007332995,
                                46.725656726
                            ],
                            [
                                -123.007332994,
                                46.725656725
                            ],
                            [
                                -123.007332993,
                                46.725656725
                            ],
                            [
                                -123.007332992,
                                46.725656725
                            ],
                            [
                                -123.007332991,
                                46.725656725
                            ],
                            [
                                -123.00733299,
                                46.725656725
                            ],
                            [
                                -123.007332989,
                                46.725656725
                            ],
                            [
                                -123.007332988,
                                46.725656726
                            ],
                            [
                                -123.007332987,
                                46.725656726
                            ],
                            [
                                -123.007332986,
                                46.725656726
                            ],
                            [
                                -123.007332985,
                                46.725656727
                            ],
                            [
                                -123.007332984,
                                46.725656728
                            ],
                            [
                                -123.007332983,
                                46.725656729
                            ],
                            [
                                -123.007332983,
                                46.72565673
                            ],
                            [
                                -123.007332982,
                                46.72565673
                            ],
                            [
                                -123.007332982,
                                46.725656731
                            ],
                            [
                                -123.007332981,
                                46.725656732
                            ],
                            [
                                -123.007332981,
                                46.725656733
                            ],
                            [
                                -123.007332981,
                                46.725656734
                            ],
                            [
                                -123.007332981,
                                46.725656735
                            ],
                            [
                                -123.007330472,
                                46.72723131
                            ],
                            [
                                -123.006572832,
                                46.727227361
                            ],
                            [
                                -123.006572831,
                                46.727227361
                            ],
                            [
                                -123.00657283,
                                46.727227362
                            ],
                            [
                                -123.006572829,
                                46.727227362
                            ],
                            [
                                -123.006572828,
                                46.727227362
                            ],
                            [
                                -123.006572827,
                                46.727227363
                            ],
                            [
                                -123.006572826,
                                46.727227363
                            ],
                            [
                                -123.006572826,
                                46.727227364
                            ],
                            [
                                -123.006572825,
                                46.727227364
                            ],
                            [
                                -123.006572824,
                                46.727227365
                            ],
                            [
                                -123.006572824,
                                46.727227366
                            ],
                            [
                                -123.006572823,
                                46.727227367
                            ],
                            [
                                -123.006572823,
                                46.727227368
                            ],
                            [
                                -123.006572822,
                                46.727227369
                            ],
                            [
                                -123.006572822,
                                46.72722737
                            ],
                            [
                                -123.006572822,
                                46.727227371
                            ],
                            [
                                -123.006569626,
                                46.729215708
                            ],
                            [
                                -123.006530721,
                                46.732131216
                            ],
                            [
                                -123.004975424,
                                46.732125646
                            ],
                            [
                                -123.004975423,
                                46.732125646
                            ],
                            [
                                -123.004975422,
                                46.732125646
                            ],
                            [
                                -123.004975421,
                                46.732125646
                            ],
                            [
                                -123.00497542,
                                46.732125647
                            ],
                            [
                                -123.004975419,
                                46.732125647
                            ],
                            [
                                -123.004975418,
                                46.732125648
                            ],
                            [
                                -123.004975417,
                                46.732125649
                            ],
                            [
                                -123.004975416,
                                46.73212565
                            ],
                            [
                                -123.004975416,
                                46.732125651
                            ],
                            [
                                -123.004975415,
                                46.732125651
                            ],
                            [
                                -123.004975415,
                                46.732125652
                            ],
                            [
                                -123.004975414,
                                46.732125653
                            ],
                            [
                                -123.004975414,
                                46.732125654
                            ],
                            [
                                -123.004975414,
                                46.732125655
                            ],
                            [
                                -123.004975414,
                                46.732125656
                            ],
                            [
                                -123.004976728,
                                46.732166767
                            ],
                            [
                                -123.004069493,
                                46.732163507
                            ],
                            [
                                -123.003588695,
                                46.732161779
                            ],
                            [
                                -123.003587382,
                                46.732120667
                            ],
                            [
                                -123.003587382,
                                46.732120666
                            ],
                            [
                                -123.003587381,
                                46.732120665
                            ],
                            [
                                -123.003587381,
                                46.732120664
                            ],
                            [
                                -123.003587381,
                                46.732120663
                            ],
                            [
                                -123.00358738,
                                46.732120662
                            ],
                            [
                                -123.00358738,
                                46.732120661
                            ],
                            [
                                -123.003587379,
                                46.732120661
                            ],
                            [
                                -123.003587379,
                                46.73212066
                            ],
                            [
                                -123.003587378,
                                46.732120659
                            ],
                            [
                                -123.003587377,
                                46.732120659
                            ],
                            [
                                -123.003587376,
                                46.732120658
                            ],
                            [
                                -123.003587375,
                                46.732120658
                            ],
                            [
                                -123.003587374,
                                46.732120657
                            ],
                            [
                                -123.003587373,
                                46.732120657
                            ],
                            [
                                -123.003587372,
                                46.732120657
                            ],
                            [
                                -123.001717584,
                                46.73211391
                            ],
                            [
                                -123.001716713,
                                46.732016365
                            ],
                            [
                                -123.001716713,
                                46.732016364
                            ],
                            [
                                -123.001716713,
                                46.732016363
                            ],
                            [
                                -123.001716713,
                                46.732016362
                            ],
                            [
                                -123.001716713,
                                46.732016361
                            ],
                            [
                                -123.001716712,
                                46.73201636
                            ],
                            [
                                -123.001716712,
                                46.732016359
                            ],
                            [
                                -123.001716711,
                                46.732016359
                            ],
                            [
                                -123.001716711,
                                46.732016358
                            ],
                            [
                                -123.00171671,
                                46.732016357
                            ],
                            [
                                -123.001716709,
                                46.732016357
                            ],
                            [
                                -123.001716708,
                                46.732016356
                            ],
                            [
                                -123.001716707,
                                46.732016356
                            ],
                            [
                                -123.001716706,
                                46.732016355
                            ],
                            [
                                -123.001716705,
                                46.732016355
                            ],
                            [
                                -123.001716704,
                                46.732016355
                            ],
                            [
                                -122.999562597,
                                46.731973421
                            ],
                            [
                                -122.996894768,
                                46.731959432
                            ],
                            [
                                -122.996900813,
                                46.730060443
                            ],
                            [
                                -122.996900813,
                                46.730060442
                            ],
                            [
                                -122.996900813,
                                46.730060441
                            ],
                            [
                                -122.996900813,
                                46.73006044
                            ],
                            [
                                -122.996900813,
                                46.730060439
                            ],
                            [
                                -122.996900812,
                                46.730060438
                            ],
                            [
                                -122.996900812,
                                46.730060437
                            ],
                            [
                                -122.996900811,
                                46.730060437
                            ],
                            [
                                -122.996900811,
                                46.730060436
                            ],
                            [
                                -122.99690081,
                                46.730060435
                            ],
                            [
                                -122.996900809,
                                46.730060435
                            ],
                            [
                                -122.996900808,
                                46.730060434
                            ],
                            [
                                -122.996900807,
                                46.730060434
                            ],
                            [
                                -122.996900807,
                                46.730060433
                            ],
                            [
                                -122.996900806,
                                46.730060433
                            ],
                            [
                                -122.996900805,
                                46.730060433
                            ],
                            [
                                -122.996900804,
                                46.730060433
                            ],
                            [
                                -122.99457361,
                                46.730006955
                            ],
                            [
                                -122.99458905,
                                46.728622436
                            ],
                            [
                                -122.995948335,
                                46.728616007
                            ],
                            [
                                -122.995948336,
                                46.728616007
                            ],
                            [
                                -122.995948337,
                                46.728616007
                            ],
                            [
                                -122.995948338,
                                46.728616007
                            ],
                            [
                                -122.995948339,
                                46.728616006
                            ],
                            [
                                -122.99594834,
                                46.728616006
                            ],
                            [
                                -122.995948341,
                                46.728616005
                            ],
                            [
                                -122.995948342,
                                46.728616004
                            ],
                            [
                                -122.995948343,
                                46.728616003
                            ],
                            [
                                -122.995948344,
                                46.728616002
                            ],
                            [
                                -122.995948344,
                                46.728616001
                            ],
                            [
                                -122.995948345,
                                46.728616
                            ],
                            [
                                -122.995948345,
                                46.728615999
                            ],
                            [
                                -122.995948345,
                                46.728615998
                            ],
                            [
                                -122.995948345,
                                46.728615997
                            ],
                            [
                                -122.995943981,
                                46.727224702
                            ],
                            [
                                -122.995943981,
                                46.727224701
                            ],
                            [
                                -122.995943981,
                                46.7272247
                            ],
                            [
                                -122.99594398,
                                46.727224699
                            ],
                            [
                                -122.99594398,
                                46.727224698
                            ],
                            [
                                -122.99594398,
                                46.727224697
                            ],
                            [
                                -122.995943979,
                                46.727224696
                            ],
                            [
                                -122.995943979,
                                46.727224695
                            ],
                            [
                                -122.995943978,
                                46.727224695
                            ],
                            [
                                -122.995943977,
                                46.727224694
                            ],
                            [
                                -122.995943977,
                                46.727224693
                            ],
                            [
                                -122.995943976,
                                46.727224693
                            ],
                            [
                                -122.995943975,
                                46.727224692
                            ],
                            [
                                -122.995943974,
                                46.727224692
                            ],
                            [
                                -122.995943973,
                                46.727224692
                            ],
                            [
                                -122.995943972,
                                46.727224692
                            ],
                            [
                                -122.995943971,
                                46.727224692
                            ],
                            [
                                -122.993734273,
                                46.727194536
                            ],
                            [
                                -122.993733072,
                                46.727006645
                            ],
                            [
                                -122.993733072,
                                46.727006644
                            ],
                            [
                                -122.993733072,
                                46.727006643
                            ],
                            [
                                -122.993733072,
                                46.727006642
                            ],
                            [
                                -122.993733072,
                                46.727006641
                            ],
                            [
                                -122.993733071,
                                46.727006641
                            ],
                            [
                                -122.993733071,
                                46.72700664
                            ],
                            [
                                -122.99373307,
                                46.727006639
                            ],
                            [
                                -122.993733069,
                                46.727006638
                            ],
                            [
                                -122.993733068,
                                46.727006637
                            ],
                            [
                                -122.993733067,
                                46.727006636
                            ],
                            [
                                -122.993733066,
                                46.727006636
                            ],
                            [
                                -122.993733065,
                                46.727006636
                            ],
                            [
                                -122.993733064,
                                46.727006635
                            ],
                            [
                                -122.993733063,
                                46.727006635
                            ],
                            [
                                -122.993733062,
                                46.727006635
                            ],
                            [
                                -122.993244667,
                                46.72700966
                            ],
                            [
                                -122.993242142,
                                46.726178092
                            ],
                            [
                                -122.993242142,
                                46.726178091
                            ],
                            [
                                -122.993242142,
                                46.72617809
                            ],
                            [
                                -122.993242142,
                                46.726178089
                            ],
                            [
                                -122.993242141,
                                46.726178088
                            ],
                            [
                                -122.993242141,
                                46.726178087
                            ],
                            [
                                -122.993242141,
                                46.726178086
                            ],
                            [
                                -122.99324214,
                                46.726178086
                            ],
                            [
                                -122.993242139,
                                46.726178085
                            ],
                            [
                                -122.993242139,
                                46.726178084
                            ],
                            [
                                -122.993242138,
                                46.726178084
                            ],
                            [
                                -122.993242137,
                                46.726178083
                            ],
                            [
                                -122.993242136,
                                46.726178083
                            ],
                            [
                                -122.993242135,
                                46.726178082
                            ],
                            [
                                -122.993242134,
                                46.726178082
                            ],
                            [
                                -122.993242133,
                                46.726178082
                            ],
                            [
                                -122.993242132,
                                46.726178082
                            ],
                            [
                                -122.9906062,
                                46.726156504
                            ],
                            [
                                -122.990597228,
                                46.72614569
                            ],
                            [
                                -122.990582447,
                                46.725215127
                            ],
                            [
                                -122.990993987,
                                46.725205144
                            ],
                            [
                                -122.990993988,
                                46.725205144
                            ],
                            [
                                -122.990993989,
                                46.725205144
                            ],
                            [
                                -122.99099399,
                                46.725205143
                            ],
                            [
                                -122.990993991,
                                46.725205143
                            ],
                            [
                                -122.990993991,
                                46.725205142
                            ],
                            [
                                -122.990993992,
                                46.725205142
                            ],
                            [
                                -122.990993993,
                                46.725205141
                            ],
                            [
                                -122.990993994,
                                46.725205141
                            ],
                            [
                                -122.990993994,
                                46.72520514
                            ],
                            [
                                -122.990993995,
                                46.725205139
                            ],
                            [
                                -122.990993995,
                                46.725205138
                            ],
                            [
                                -122.990993996,
                                46.725205138
                            ],
                            [
                                -122.990993996,
                                46.725205137
                            ],
                            [
                                -122.990993996,
                                46.725205136
                            ],
                            [
                                -122.990993997,
                                46.725205135
                            ],
                            [
                                -122.990993997,
                                46.725205134
                            ],
                            [
                                -122.990989009,
                                46.723166641
                            ],
                            [
                                -122.990989009,
                                46.72316664
                            ],
                            [
                                -122.990989009,
                                46.723166639
                            ],
                            [
                                -122.990989009,
                                46.723166638
                            ],
                            [
                                -122.990989008,
                                46.723166637
                            ],
                            [
                                -122.990989008,
                                46.723166636
                            ],
                            [
                                -122.990989007,
                                46.723166635
                            ],
                            [
                                -122.990989006,
                                46.723166634
                            ],
                            [
                                -122.990989005,
                                46.723166633
                            ],
                            [
                                -122.990989004,
                                46.723166633
                            ],
                            [
                                -122.990989003,
                                46.723166632
                            ],
                            [
                                -122.990989002,
                                46.723166632
                            ],
                            [
                                -122.990989001,
                                46.723166632
                            ],
                            [
                                -122.990989,
                                46.723166631
                            ],
                            [
                                -122.990988999,
                                46.723166631
                            ],
                            [
                                -122.988632828,
                                46.723169435
                            ],
                            [
                                -122.988632827,
                                46.723169435
                            ],
                            [
                                -122.988632826,
                                46.723169435
                            ],
                            [
                                -122.988632825,
                                46.723169435
                            ],
                            [
                                -122.988632824,
                                46.723169435
                            ],
                            [
                                -122.988632823,
                                46.723169436
                            ],
                            [
                                -122.988632822,
                                46.723169436
                            ],
                            [
                                -122.988632821,
                                46.723169437
                            ],
                            [
                                -122.988632821,
                                46.723169438
                            ],
                            [
                                -122.98863282,
                                46.723169438
                            ],
                            [
                                -122.98863282,
                                46.723169439
                            ],
                            [
                                -122.988632819,
                                46.72316944
                            ],
                            [
                                -122.988632819,
                                46.723169441
                            ],
                            [
                                -122.988632818,
                                46.723169442
                            ],
                            [
                                -122.988632818,
                                46.723169443
                            ],
                            [
                                -122.988632818,
                                46.723169444
                            ],
                            [
                                -122.988632818,
                                46.723169445
                            ],
                            [
                                -122.988633058,
                                46.723226668
                            ],
                            [
                                -122.987975154,
                                46.723227414
                            ],
                            [
                                -122.987975153,
                                46.723227414
                            ],
                            [
                                -122.987975152,
                                46.723227414
                            ],
                            [
                                -122.987975151,
                                46.723227414
                            ],
                            [
                                -122.98797515,
                                46.723227414
                            ],
                            [
                                -122.987975149,
                                46.723227415
                            ],
                            [
                                -122.987975148,
                                46.723227415
                            ],
                            [
                                -122.987975148,
                                46.723227416
                            ],
                            [
                                -122.987975147,
                                46.723227416
                            ],
                            [
                                -122.987975146,
                                46.723227417
                            ],
                            [
                                -122.987975146,
                                46.723227418
                            ],
                            [
                                -122.987975145,
                                46.723227419
                            ],
                            [
                                -122.987975145,
                                46.72322742
                            ],
                            [
                                -122.987975144,
                                46.723227421
                            ],
                            [
                                -122.987975144,
                                46.723227422
                            ],
                            [
                                -122.987975144,
                                46.723227423
                            ],
                            [
                                -122.987975144,
                                46.723227424
                            ],
                            [
                                -122.987978243,
                                46.723965582
                            ],
                            [
                                -122.987342289,
                                46.723961292
                            ],
                            [
                                -122.987326579,
                                46.723955608
                            ],
                            [
                                -122.987320877,
                                46.723939904
                            ],
                            [
                                -122.98727969,
                                46.718714567
                            ],
                            [
                                -122.98727969,
                                46.718714565
                            ],
                            [
                                -122.98727973,
                                46.718714557
                            ],
                            [
                                -122.987277813,
                                46.718447154
                            ],
                            [
                                -122.987286328,
                                46.718440493
                            ],
                            [
                                -122.987301603,
                                46.718436277
                            ],
                            [
                                -122.987358802,
                                46.718417357
                            ],
                            [
                                -122.98766973,
                                46.718347557
                            ],
                            [
                                -122.988019417,
                                46.718190541
                            ],
                            [
                                -122.988186745,
                                46.718125722
                            ],
                            [
                                -122.988338178,
                                46.718085406
                            ],
                            [
                                -122.988988905,
                                46.717949255
                            ],
                            [
                                -122.98911173,
                                46.717923557
                            ],
                            [
                                -122.989233373,
                                46.717892746
                            ],
                            [
                                -122.990672094,
                                46.71752833
                            ],
                            [
                                -122.990741565,
                                46.717511611
                            ],
                            [
                                -122.991538988,
                                46.717329726
                            ],
                            [
                                -122.99153973,
                                46.717329557
                            ],
                            [
                                -122.992095072,
                                46.71720274
                            ],
                            [
                                -122.992095076,
                                46.717202739
                            ],
                            [
                                -122.992095082,
                                46.717202738
                            ],
                            [
                                -122.992210402,
                                46.717181119
                            ],
                            [
                                -122.99232706,
                                46.717168598
                            ],
                            [
                                -122.993076414,
                                46.717117766
                            ],
                            [
                                -122.993549223,
                                46.717085694
                            ],
                            [
                                -122.993973945,
                                46.717056883
                            ],
                            [
                                -122.994101642,
                                46.717050951
                            ],
                            [
                                -122.995438389,
                                46.717017378
                            ],
                            [
                                -122.995550521,
                                46.717018762
                            ],
                            [
                                -122.995643668,
                                46.71702691
                            ],
                            [
                                -122.996595731,
                                46.717145556
                            ],
                            [
                                -122.996825282,
                                46.717156615
                            ],
                            [
                                -122.997318359,
                                46.71718037
                            ],
                            [
                                -122.997363731,
                                46.717182556
                            ],
                            [
                                -122.998203731,
                                46.717214556
                            ],
                            [
                                -122.998740731,
                                46.717214556
                            ],
                            [
                                -122.999153731,
                                46.717214556
                            ],
                            [
                                -122.999841731,
                                46.717111556
                            ],
                            [
                                -123.000224731,
                                46.716891556
                            ],
                            [
                                -123.000583731,
                                46.716396556
                            ],
                            [
                                -123.000809731,
                                46.716324556
                            ],
                            [
                                -123.001075731,
                                46.716102556
                            ],
                            [
                                -123.001107881,
                                46.716080344
                            ],
                            [
                                -123.001241474,
                                46.715998163
                            ],
                            [
                                -123.001398288,
                                46.715994968
                            ],
                            [
                                -123.00176476,
                                46.716006971
                            ],
                            [
                                -123.001884379,
                                46.716015696
                            ],
                            [
                                -123.002002915,
                                46.716033969
                            ],
                            [
                                -123.00234402,
                                46.71610064
                            ],
                            [
                                -123.002354427,
                                46.716102674
                            ],
                            [
                                -123.00259131,
                                46.716148973
                            ],
                            [
                                -123.002810226,
                                46.716200351
                            ],
                            [
                                -123.003255653,
                                46.716322677
                            ],
                            [
                                -123.003484882,
                                46.716395636
                            ],
                            [
                                -123.003624591,
                                46.716446358
                            ],
                            [
                                -123.003628408,
                                46.716447744
                            ],
                            [
                                -123.003833619,
                                46.716522247
                            ],
                            [
                                -123.004068323,
                                46.716608317
                            ],
                            [
                                -123.004068688,
                                46.716608451
                            ],
                            [
                                -123.004497365,
                                46.716765717
                            ],
                            [
                                -123.004518732,
                                46.716773555
                            ],
                            [
                                -123.004540157,
                                46.716781232
                            ],
                            [
                                -123.005479617,
                                46.71711782
                            ],
                            [
                                -123.005587732,
                                46.717156555
                            ],
                            [
                                -123.005697251,
                                46.717191125
                            ],
                            [
                                -123.006317205,
                                46.717386815
                            ],
                            [
                                -123.006737733,
                                46.717519555
                            ],
                            [
                                -123.006877612,
                                46.717532109
                            ],
                            [
                                -123.006921832,
                                46.717543573
                            ],
                            [
                                -123.00700266,
                                46.717560093
                            ],
                            [
                                -123.007085671,
                                46.717580316
                            ],
                            [
                                -123.007262299,
                                46.717623348
                            ],
                            [
                                -123.00751111,
                                46.717683964
                            ],
                            [
                                -123.00768688,
                                46.717732492
                            ],
                            [
                                -123.007708742,
                                46.717739249
                            ],
                            [
                                -123.007709733,
                                46.717739555
                            ],
                            [
                                -123.008176143,
                                46.717883542
                            ],
                            [
                                -123.008176145,
                                46.717883542
                            ],
                            [
                                -123.008176149,
                                46.717883543
                            ],
                            [
                                -123.008298444,
                                46.717924195
                            ],
                            [
                                -123.00846605,
                                46.717983935
                            ],
                            [
                                -123.008808297,
                                46.718130473
                            ],
                            [
                                -123.008887323,
                                46.718170287
                            ],
                            [
                                -123.008905327,
                                46.718179358
                            ],
                            [
                                -123.008923455,
                                46.718188491
                            ],
                            [
                                -123.009140977,
                                46.718309657
                            ],
                            [
                                -123.009141944,
                                46.71831025
                            ],
                            [
                                -123.009166267,
                                46.718325154
                            ],
                            [
                                -123.009638838,
                                46.71861473
                            ],
                            [
                                -123.009835444,
                                46.718746138
                            ],
                            [
                                -123.010004108,
                                46.71886876
                            ],
                            [
                                -123.010187712,
                                46.719013512
                            ],
                            [
                                -123.010280802,
                                46.719092979
                            ],
                            [
                                -123.010402021,
                                46.719196459
                            ],
                            [
                                -123.01041947,
                                46.719211354
                            ],
                            [
                                -123.010514212,
                                46.71929576
                            ],
                            [
                                -123.010524231,
                                46.719305073
                            ],
                            [
                                -123.01056813,
                                46.719345882
                            ],
                            [
                                -123.010696905,
                                46.719465588
                            ],
                            [
                                -123.010893734,
                                46.719648555
                            ],
                            [
                                -123.011206734,
                                46.719891555
                            ],
                            [
                                -123.011321886,
                                46.719972839
                            ],
                            [
                                -123.011327369,
                                46.719976709
                            ],
                            [
                                -123.01134852,
                                46.719991639
                            ],
                            [
                                -123.011458252,
                                46.720069097
                            ],
                            [
                                -123.011560149,
                                46.720147804
                            ],
                            [
                                -123.011654905,
                                46.720234979
                            ],
                            [
                                -123.011886174,
                                46.720466893
                            ],
                            [
                                -123.011922734,
                                46.720503555
                            ],
                            [
                                -123.011928464,
                                46.720508575
                            ],
                            [
                                -123.011959945,
                                46.720539603
                            ],
                            [
                                -123.01202996,
                                46.72060743
                            ],
                            [
                                -123.01211438,
                                46.720730564
                            ],
                            [
                                -123.012129734,
                                46.720755555
                            ],
                            [
                                -123.012167734,
                                46.720837555
                            ],
                            [
                                -123.012179734,
                                46.720863555
                            ],
                            [
                                -123.012443741,
                                46.721176345
                            ],
                            [
                                -123.012480315,
                                46.72122231
                            ],
                            [
                                -123.012857131,
                                46.721709113
                            ],
                            [
                                -123.013219735,
                                46.722177555
                            ],
                            [
                                -123.013420735,
                                46.722375555
                            ],
                            [
                                -123.013827328,
                                46.722700664
                            ],
                            [
                                -123.01399669,
                                46.722846765
                            ],
                            [
                                -123.014007051,
                                46.7228564
                            ],
                            [
                                -123.014015756,
                                46.722864495
                            ],
                            [
                                -123.014019397,
                                46.722867881
                            ],
                            [
                                -123.014115905,
                                46.722967022
                            ],
                            [
                                -123.013814735,
                                46.722907555
                            ],
                            [
                                -123.014368735,
                                46.723336555
                            ],
                            [
                                -123.014579441,
                                46.723583502
                            ],
                            [
                                -123.014740563,
                                46.723772337
                            ],
                            [
                                -123.014976088,
                                46.724088292
                            ],
                            [
                                -123.015004088,
                                46.72413152
                            ],
                            [
                                -123.015096735,
                                46.724274555
                            ],
                            [
                                -123.015197353,
                                46.724412101
                            ],
                            [
                                -123.015252754,
                                46.724487835
                            ],
                            [
                                -123.015274327,
                                46.724517326
                            ],
                            [
                                -123.015347683,
                                46.724617605
                            ],
                            [
                                -123.015472736,
                                46.724788555
                            ],
                            [
                                -123.015609531,
                                46.724950261
                            ],
                            [
                                -123.016031801,
                                46.725449425
                            ],
                            [
                                -123.016120736,
                                46.725554555
                            ],
                            [
                                -123.0162144,
                                46.725655494
                            ],
                            [
                                -123.016328031,
                                46.725777951
                            ],
                            [
                                -123.016423552,
                                46.725891772
                            ],
                            [
                                -123.016491244,
                                46.726016011
                            ],
                            [
                                -123.016553613,
                                46.726166737
                            ],
                            [
                                -123.016568921,
                                46.726220192
                            ],
                            [
                                -123.016600736,
                                46.726511555
                            ],
                            [
                                -123.016966736,
                                46.727394555
                            ],
                            [
                                -123.017121135,
                                46.727685279
                            ],
                            [
                                -123.017218105,
                                46.727867867
                            ],
                            [
                                -123.017245449,
                                46.727919354
                            ],
                            [
                                -123.017265496,
                                46.727957102
                            ],
                            [
                                -123.017265737,
                                46.727957555
                            ],
                            [
                                -123.017585093,
                                46.728559134
                            ],
                            [
                                -123.01764574,
                                46.72868797
                            ],
                            [
                                -123.017645417,
                                46.728695873
                            ],
                            [
                                -123.016784737,
                                46.729791555
                            ],
                            [
                                -123.016663737,
                                46.729969555
                            ],
                            [
                                -123.016603737,
                                46.730168555
                            ],
                            [
                                -123.016710737,
                                46.730406555
                            ],
                            [
                                -123.017242737,
                                46.730993555
                            ],
                            [
                                -123.017709737,
                                46.731750555
                            ],
                            [
                                -123.018436738,
                                46.732061555
                            ],
                            [
                                -123.018525688,
                                46.732206084
                            ],
                            [
                                -123.018556457,
                                46.732256079
                            ],
                            [
                                -123.018917247,
                                46.732842303
                            ],
                            [
                                -123.019113713,
                                46.733161528
                            ],
                            [
                                -123.01926014,
                                46.733429039
                            ],
                            [
                                -123.019490808,
                                46.733906637
                            ],
                            [
                                -123.019490829,
                                46.73390668
                            ],
                            [
                                -123.02019978,
                                46.7353745
                            ],
                            [
                                -123.020201739,
                                46.735378555
                            ],
                            [
                                -123.020203703,
                                46.735382607
                            ],
                            [
                                -123.020211775,
                                46.735399255
                            ],
                            [
                                -123.020233695,
                                46.735444464
                            ],
                            [
                                -123.020264728,
                                46.73550847
                            ],
                            [
                                -123.020306151,
                                46.735594074
                            ],
                            [
                                -123.020306176,
                                46.735594126
                            ],
                            [
                                -123.020310739,
                                46.735603555
                            ],
                            [
                                -123.020315385,
                                46.735613072
                            ],
                            [
                                -123.020367886,
                                46.735720603
                            ],
                            [
                                -123.020499525,
                                46.736032512
                            ],
                            [
                                -123.020646027,
                                46.736442599
                            ],
                            [
                                -123.020685528,
                                46.736571283
                            ],
                            [
                                -123.02067686,
                                46.736705613
                            ],
                            [
                                -123.020509563,
                                46.738224156
                            ],
                            [
                                -123.020496739,
                                46.738340555
                            ],
                            [
                                -123.020488467,
                                46.738457366
                            ],
                            [
                                -123.020403176,
                                46.739661785
                            ],
                            [
                                -123.020388373,
                                46.739814945
                            ],
                            [
                                -123.020365338,
                                46.740002817
                            ],
                            [
                                -123.02032074,
                                46.740366555
                            ],
                            [
                                -123.02032074,
                                46.740603168
                            ],
                            [
                                -123.020313245,
                                46.740776257
                            ],
                            [
                                -123.020282556,
                                46.740906294
                            ],
                            [
                                -123.020228586,
                                46.74109532
                            ],
                            [
                                -123.02011574,
                                46.741490555
                            ],
                            [
                                -123.020077062,
                                46.741762421
                            ],
                            [
                                -123.019986258,
                                46.742182165
                            ],
                            [
                                -123.019972858,
                                46.742227941
                            ],
                            [
                                -123.019961001,
                                46.742268446
                            ],
                            [
                                -123.019951023,
                                46.742302531
                            ],
                            [
                                -123.019940179,
                                46.742333808
                            ],
                            [
                                -123.019907761,
                                46.74244491
                            ],
                            [
                                -123.01943074,
                                46.742771555
                            ],
                            [
                                -123.01883774,
                                46.742928555
                            ],
                            [
                                -123.01756474,
                                46.743312556
                            ],
                            [
                                -123.01621174,
                                46.743720556
                            ],
                            [
                                -123.01424774,
                                46.744123556
                            ],
                            [
                                -123.01283774,
                                46.744414556
                            ],
                            [
                                -123.011008739,
                                46.744467556
                            ],
                            [
                                -123.009141739,
                                46.744645557
                            ],
                            [
                                -123.006936739,
                                46.745212557
                            ],
                            [
                                -123.006138739,
                                46.745641557
                            ],
                            [
                                -123.006061739,
                                46.746018557
                            ],
                            [
                                -123.005991739,
                                46.746372557
                            ],
                            [
                                -123.006262739,
                                46.746760557
                            ],
                            [
                                -123.006647739,
                                46.747270557
                            ],
                            [
                                -123.007224739,
                                46.747226557
                            ],
                            [
                                -123.007671739,
                                46.747478557
                            ],
                            [
                                -123.00850774,
                                46.747721557
                            ],
                            [
                                -123.00861574,
                                46.747577557
                            ],
                            [
                                -123.00873674,
                                46.747631557
                            ],
                            [
                                -123.00920474,
                                46.747847557
                            ],
                            [
                                -123.00982674,
                                46.748121557
                            ],
                            [
                                -123.01012274,
                                46.748201557
                            ],
                            [
                                -123.01049574,
                                46.748232557
                            ],
                            [
                                -123.01067374,
                                46.748222557
                            ],
                            [
                                -123.01104674,
                                46.748239556
                            ],
                            [
                                -123.01125074,
                                46.748278556
                            ],
                            [
                                -123.01142074,
                                46.748279556
                            ],
                            [
                                -123.01163274,
                                46.748266556
                            ],
                            [
                                -123.01179774,
                                46.748233556
                            ],
                            [
                                -123.01194574,
                                46.748195556
                            ],
                            [
                                -123.01199874,
                                46.748160556
                            ],
                            [
                                -123.01198074,
                                46.748072556
                            ],
                            [
                                -123.01198874,
                                46.748024556
                            ],
                            [
                                -123.01206674,
                                46.747986556
                            ],
                            [
                                -123.01219474,
                                46.747960556
                            ],
                            [
                                -123.01249274,
                                46.747926556
                            ],
                            [
                                -123.01283574,
                                46.747863556
                            ],
                            [
                                -123.01313174,
                                46.747778556
                            ],
                            [
                                -123.01370174,
                                46.747656556
                            ],
                            [
                                -123.01413974,
                                46.747587556
                            ],
                            [
                                -123.014371741,
                                46.747559556
                            ],
                            [
                                -123.014736741,
                                46.747565556
                            ],
                            [
                                -123.015064741,
                                46.747583556
                            ],
                            [
                                -123.016120741,
                                46.747782556
                            ],
                            [
                                -123.016540741,
                                46.747895556
                            ],
                            [
                                -123.017175741,
                                46.748132556
                            ],
                            [
                                -123.017387741,
                                46.748247556
                            ],
                            [
                                -123.017614741,
                                46.748399556
                            ],
                            [
                                -123.017942741,
                                46.748630556
                            ],
                            [
                                -123.018297741,
                                46.748815556
                            ],
                            [
                                -123.018578741,
                                46.748975556
                            ],
                            [
                                -123.018804742,
                                46.749118556
                            ],
                            [
                                -123.019215742,
                                46.749423556
                            ],
                            [
                                -123.019610742,
                                46.749567556
                            ],
                            [
                                -123.018974742,
                                46.749861556
                            ],
                            [
                                -123.019274742,
                                46.749966556
                            ],
                            [
                                -123.019719742,
                                46.750048556
                            ],
                            [
                                -123.020083742,
                                46.750205556
                            ],
                            [
                                -123.020503742,
                                46.750341556
                            ],
                            [
                                -123.020862742,
                                46.750429556
                            ],
                            [
                                -123.021883742,
                                46.750555555
                            ],
                            [
                                -123.022676743,
                                46.750583555
                            ],
                            [
                                -123.023793743,
                                46.750715555
                            ],
                            [
                                -123.024208743,
                                46.750720555
                            ],
                            [
                                -123.024568743,
                                46.750715555
                            ],
                            [
                                -123.024911743,
                                46.750647555
                            ],
                            [
                                -123.025188743,
                                46.750567555
                            ],
                            [
                                -123.025451743,
                                46.750502555
                            ],
                            [
                                -123.025562743,
                                46.750453555
                            ],
                            [
                                -123.025679743,
                                46.750425555
                            ],
                            [
                                -123.026074743,
                                46.750329555
                            ],
                            [
                                -123.026724074,
                                46.750194154
                            ],
                            [
                                -123.026737522,
                                46.750192268
                            ],
                            [
                                -123.026780156,
                                46.750184104
                            ],
                            [
                                -123.027069743,
                                46.750133555
                            ],
                            [
                                -123.027206862,
                                46.75009518
                            ],
                            [
                                -123.027520478,
                                46.750024982
                            ],
                            [
                                -123.027569715,
                                46.750016687
                            ],
                            [
                                -123.027617576,
                                46.750008624
                            ],
                            [
                                -123.027680426,
                                46.749998036
                            ],
                            [
                                -123.02782624,
                                46.749980781
                            ],
                            [
                                -123.027934811,
                                46.749978657
                            ],
                            [
                                -123.028027174,
                                46.749985569
                            ],
                            [
                                -123.028066832,
                                46.75000404
                            ],
                            [
                                -123.028084743,
                                46.750015555
                            ],
                            [
                                -123.028116743,
                                46.750036555
                            ],
                            [
                                -123.028313743,
                                46.750134555
                            ],
                            [
                                -123.028510872,
                                46.750196258
                            ],
                            [
                                -123.028555585,
                                46.750218211
                            ],
                            [
                                -123.028675695,
                                46.750311524
                            ],
                            [
                                -123.028795435,
                                46.750414761
                            ],
                            [
                                -123.028895212,
                                46.750509188
                            ],
                            [
                                -123.028920271,
                                46.750577934
                            ],
                            [
                                -123.028947691,
                                46.750686318
                            ],
                            [
                                -123.028970291,
                                46.750850271
                            ],
                            [
                                -123.028991564,
                                46.751110499
                            ],
                            [
                                -123.028999744,
                                46.751210555
                            ],
                            [
                                -123.029011266,
                                46.751310281
                            ],
                            [
                                -123.029040876,
                                46.751566562
                            ],
                            [
                                -123.029060253,
                                46.751859497
                            ],
                            [
                                -123.029060995,
                                46.75190299
                            ],
                            [
                                -123.029064744,
                                46.752122555
                            ],
                            [
                                -123.02909707,
                                46.752408015
                            ],
                            [
                                -123.029115192,
                                46.752568051
                            ],
                            [
                                -123.029124135,
                                46.75269622
                            ],
                            [
                                -123.029100002,
                                46.752822414
                            ],
                            [
                                -123.029047744,
                                46.753043555
                            ],
                            [
                                -123.029011681,
                                46.753433854
                            ],
                            [
                                -123.028930008,
                                46.754317761
                            ],
                            [
                                -123.028923744,
                                46.754385555
                            ],
                            [
                                -123.028852744,
                                46.754846555
                            ],
                            [
                                -123.028907104,
                                46.755046459
                            ],
                            [
                                -123.028907807,
                                46.755074396
                            ],
                            [
                                -123.028904058,
                                46.755127124
                            ],
                            [
                                -123.028833094,
                                46.755493285
                            ],
                            [
                                -123.028832732,
                                46.755494622
                            ],
                            [
                                -123.028832453,
                                46.755495657
                            ],
                            [
                                -123.028832117,
                                46.7554969
                            ],
                            [
                                -123.028775473,
                                46.755673546
                            ],
                            [
                                -123.028711745,
                                46.755805555
                            ],
                            [
                                -123.028659745,
                                46.755928555
                            ],
                            [
                                -123.028598745,
                                46.755986555
                            ],
                            [
                                -123.028302745,
                                46.756108555
                            ],
                            [
                                -123.028174745,
                                46.756171555
                            ],
                            [
                                -123.028012745,
                                46.756378555
                            ],
                            [
                                -123.027925745,
                                46.756786555
                            ],
                            [
                                -123.027934745,
                                46.757105555
                            ],
                            [
                                -123.028061745,
                                46.757440555
                            ],
                            [
                                -123.028210745,
                                46.757724555
                            ],
                            [
                                -123.028302745,
                                46.757979555
                            ],
                            [
                                -123.028408745,
                                46.758363555
                            ],
                            [
                                -123.028499745,
                                46.758812555
                            ],
                            [
                                -123.028519745,
                                46.759012555
                            ],
                            [
                                -123.028642698,
                                46.759376415
                            ],
                            [
                                -123.028661703,
                                46.759454062
                            ],
                            [
                                -123.028670053,
                                46.759482088
                            ],
                            [
                                -123.028775746,
                                46.759890555
                            ],
                            [
                                -123.029068746,
                                46.760719555
                            ],
                            [
                                -123.029187746,
                                46.760949555
                            ],
                            [
                                -123.029389746,
                                46.761292555
                            ],
                            [
                                -123.029608746,
                                46.761550555
                            ],
                            [
                                -123.029933746,
                                46.761886555
                            ],
                            [
                                -123.029970746,
                                46.761916555
                            ],
                            [
                                -123.030203746,
                                46.762109555
                            ],
                            [
                                -123.030244535,
                                46.762132795
                            ],
                            [
                                -123.030255941,
                                46.762145851
                            ],
                            [
                                -123.030262761,
                                46.762286663
                            ],
                            [
                                -123.030263942,
                                46.764395701
                            ],
                            [
                                -123.030257154,
                                46.764535805
                            ],
                            [
                                -123.030117085,
                                46.764543273
                            ],
                            [
                                -123.029819054,
                                46.764544554
                            ],
                            [
                                -123.029818747,
                                46.764544555
                            ],
                            [
                                -123.026958174,
                                46.764556554
                            ],
                            [
                                -123.026957746,
                                46.764556556
                            ],
                            [
                                -123.025724101,
                                46.764561554
                            ],
                            [
                                -123.025723746,
                                46.764561556
                            ],
                            [
                                -123.024525269,
                                46.764566554
                            ],
                            [
                                -123.024524746,
                                46.764566556
                            ],
                            [
                                -123.019230765,
                                46.764589556
                            ],
                            [
                                -123.019230745,
                                46.764589557
                            ],
                            [
                                -123.014497499,
                                46.764610153
                            ],
                            [
                                -123.014497185,
                                46.764610155
                            ],
                            [
                                -123.014405982,
                                46.764610552
                            ],
                            [
                                -123.014152944,
                                46.764611548
                            ],
                            [
                                -123.014152943,
                                46.764611548
                            ],
                            [
                                -123.01415294,
                                46.764611548
                            ],
                            [
                                -123.014150744,
                                46.764611557
                            ],
                            [
                                -123.013962517,
                                46.764612437
                            ],
                            [
                                -123.013910973,
                                46.764612235
                            ],
                            [
                                -123.008740748,
                                46.764547558
                            ],
                            [
                                -123.008740743,
                                46.764547558
                            ],
                            [
                                -123.005311146,
                                46.764504651
                            ],
                            [
                                -123.00511349,
                                46.76450169
                            ],
                            [
                                -123.005113202,
                                46.764501686
                            ],
                            [
                                -123.005104743,
                                46.764501558
                            ],
                            [
                                -123.005095707,
                                46.764501449
                            ],
                            [
                                -123.004442811,
                                46.764493573
                            ],
                            [
                                -123.004354324,
                                46.76448757
                            ],
                            [
                                -123.004257438,
                                46.764484956
                            ],
                            [
                                -123.004214743,
                                46.764469558
                            ],
                            [
                                -123.004071925,
                                46.76447153
                            ],
                            [
                                -123.003865389,
                                46.76447438
                            ],
                            [
                                -123.003650747,
                                46.764477342
                            ],
                            [
                                -123.003480992,
                                46.764479685
                            ],
                            [
                                -123.003441223,
                                46.764480234
                            ],
                            [
                                -123.002884519,
                                46.764483559
                            ],
                            [
                                -122.999526882,
                                46.764501553
                            ],
                            [
                                -122.999526866,
                                46.764501553
                            ],
                            [
                                -122.999526864,
                                46.764501553
                            ],
                            [
                                -122.999525742,
                                46.764501559
                            ],
                            [
                                -122.998305305,
                                46.764508556
                            ],
                            [
                                -122.998305304,
                                46.764508556
                            ],
                            [
                                -122.998304742,
                                46.764508559
                            ],
                            [
                                -122.994758202,
                                46.764529556
                            ],
                            [
                                -122.994757741,
                                46.764529559
                            ],
                            [
                                -122.993028793,
                                46.76453953
                            ],
                            [
                                -122.992817187,
                                46.764540394
                            ],
                            [
                                -122.992736201,
                                46.764539627
                            ],
                            [
                                -122.992719215,
                                46.764539237
                            ],
                            [
                                -122.992689741,
                                46.764538559
                            ],
                            [
                                -122.992660261,
                                46.764538171
                            ],
                            [
                                -122.992658637,
                                46.76453815
                            ],
                            [
                                -122.992655667,
                                46.764538111
                            ],
                            [
                                -122.992539862,
                                46.764536587
                            ],
                            [
                                -122.992537419,
                                46.764536553
                            ],
                            [
                                -122.992483741,
                                46.764535559
                            ],
                            [
                                -122.992465741,
                                46.764535559
                            ],
                            [
                                -122.992456334,
                                46.764535458
                            ],
                            [
                                -122.99243159,
                                46.764535192
                            ],
                            [
                                -122.992401789,
                                46.764534872
                            ],
                            [
                                -122.992377656,
                                46.764534612
                            ],
                            [
                                -122.992298468,
                                46.764533631
                            ],
                            [
                                -122.992298142,
                                46.764533627
                            ],
                            [
                                -122.992292741,
                                46.764533559
                            ],
                            [
                                -122.992286689,
                                46.764533496
                            ],
                            [
                                -122.99183336,
                                46.764528744
                            ],
                            [
                                -122.991815741,
                                46.764528559
                            ],
                            [
                                -122.99179812,
                                46.764528478
                            ],
                            [
                                -122.991775558,
                                46.764528374
                            ],
                            [
                                -122.991744006,
                                46.764528229
                            ],
                            [
                                -122.991618014,
                                46.764527648
                            ],
                            [
                                -122.988441236,
                                46.764492598
                            ],
                            [
                                -122.988196659,
                                46.764489596
                            ],
                            [
                                -122.988196605,
                                46.764489595
                            ],
                            [
                                -122.98819374,
                                46.76448956
                            ],
                            [
                                -122.981912938,
                                46.764418563
                            ],
                            [
                                -122.981912936,
                                46.764418563
                            ],
                            [
                                -122.981912931,
                                46.764418563
                            ],
                            [
                                -122.981912739,
                                46.76441856
                            ],
                            [
                                -122.977880394,
                                46.764373237
                            ],
                            [
                                -122.977880311,
                                46.764373236
                            ],
                            [
                                -122.977880035,
                                46.764373227
                            ],
                            [
                                -122.977879905,
                                46.764373225
                            ],
                            [
                                -122.971455335,
                                46.764300726
                            ],
                            [
                                -122.971440737,
                                46.764300562
                            ],
                            [
                                -122.967703121,
                                46.764276563
                            ],
                            [
                                -122.96520652,
                                46.764260533
                            ],
                            [
                                -122.958825823,
                                46.764219564
                            ],
                            [
                                -122.958825735,
                                46.764219563
                            ],
                            [
                                -122.951692588,
                                46.764173971
                            ],
                            [
                                -122.951688378,
                                46.764173944
                            ],
                            [
                                -122.951688156,
                                46.764173937
                            ],
                            [
                                -122.951688071,
                                46.764173937
                            ],
                            [
                                -122.950393109,
                                46.764165618
                            ],
                            [
                                -122.950393108,
                                46.764165618
                            ],
                            [
                                -122.950393098,
                                46.764165618
                            ],
                            [
                                -122.950384734,
                                46.764165564
                            ],
                            [
                                -122.950376345,
                                46.764165533
                            ],
                            [
                                -122.948232171,
                                46.764157746
                            ],
                            [
                                -122.946709596,
                                46.764152215
                            ],
                            [
                                -122.94516895,
                                46.76414662
                            ],
                            [
                                -122.945076846,
                                46.764145818
                            ],
                            [
                                -122.945050733,
                                46.764145564
                            ],
                            [
                                -122.945021608,
                                46.764145564
                            ],
                            [
                                -122.9449123,
                                46.764145564
                            ],
                            [
                                -122.939817799,
                                46.764127622
                            ],
                            [
                                -122.937913329,
                                46.764110686
                            ],
                            [
                                -122.937625666,
                                46.764106798
                            ],
                            [
                                -122.937608732,
                                46.764106565
                            ],
                            [
                                -122.93760699,
                                46.764106552
                            ],
                            [
                                -122.937607048,
                                46.764106485
                            ],
                            [
                                -122.937607048,
                                46.764106484
                            ],
                            [
                                -122.937607049,
                                46.764106483
                            ],
                            [
                                -122.937607049,
                                46.764106482
                            ],
                            [
                                -122.937607049,
                                46.764106481
                            ],
                            [
                                -122.937607049,
                                46.76410648
                            ],
                            [
                                -122.937607049,
                                46.764106479
                            ],
                            [
                                -122.937607049,
                                46.764106478
                            ],
                            [
                                -122.937607049,
                                46.764106477
                            ],
                            [
                                -122.937607048,
                                46.764106476
                            ],
                            [
                                -122.937607047,
                                46.764106476
                            ],
                            [
                                -122.937607047,
                                46.764106475
                            ],
                            [
                                -122.937607046,
                                46.764106474
                            ],
                            [
                                -122.937607045,
                                46.764106474
                            ],
                            [
                                -122.937607044,
                                46.764106473
                            ],
                            [
                                -122.937607043,
                                46.764106473
                            ],
                            [
                                -122.937607042,
                                46.764106472
                            ],
                            [
                                -122.93760704,
                                46.764106472
                            ],
                            [
                                -122.937607039,
                                46.764106472
                            ],
                            [
                                -122.937607038,
                                46.764106471
                            ],
                            [
                                -122.937607036,
                                46.764106471
                            ],
                            [
                                -122.937603917,
                                46.764106452
                            ],
                            [
                                -122.937600049,
                                46.764106448
                            ],
                            [
                                -122.937595679,
                                46.76410637
                            ],
                            [
                                -122.937474749,
                                46.764105509
                            ],
                            [
                                -122.937474748,
                                46.764105509
                            ],
                            [
                                -122.937474746,
                                46.76410551
                            ],
                            [
                                -122.937474745,
                                46.76410551
                            ],
                            [
                                -122.937474744,
                                46.76410551
                            ],
                            [
                                -122.937474743,
                                46.76410551
                            ],
                            [
                                -122.937474741,
                                46.764105511
                            ],
                            [
                                -122.93747474,
                                46.764105511
                            ],
                            [
                                -122.937474739,
                                46.764105512
                            ],
                            [
                                -122.937474739,
                                46.764105513
                            ],
                            [
                                -122.937474738,
                                46.764105513
                            ],
                            [
                                -122.937474737,
                                46.764105514
                            ],
                            [
                                -122.937474737,
                                46.764105515
                            ],
                            [
                                -122.937183271,
                                46.764103608
                            ],
                            [
                                -122.93453069,
                                46.764079574
                            ],
                            [
                                -122.934530671,
                                46.764079574
                            ],
                            [
                                -122.934529732,
                                46.764079566
                            ],
                            [
                                -122.931671408,
                                46.76405458
                            ],
                            [
                                -122.931671384,
                                46.76405458
                            ],
                            [
                                -122.929738182,
                                46.764036617
                            ],
                            [
                                -122.929497059,
                                46.764033938
                            ],
                            [
                                -122.929496933,
                                46.764033936
                            ],
                            [
                                -122.929463731,
                                46.764033566
                            ],
                            [
                                -122.929430275,
                                46.764033566
                            ],
                            [
                                -122.929335468,
                                46.764033566
                            ],
                            [
                                -122.929291995,
                                46.764033251
                            ],
                            [
                                -122.929275434,
                                46.764033011
                            ],
                            [
                                -122.929271065,
                                46.764032948
                            ],
                            [
                                -122.929196304,
                                46.764031864
                            ],
                            [
                                -122.929175731,
                                46.764031566
                            ],
                            [
                                -122.929155156,
                                46.764031409
                            ],
                            [
                                -122.92914554,
                                46.764031336
                            ],
                            [
                                -122.929137617,
                                46.764031275
                            ],
                            [
                                -122.929068157,
                                46.764030745
                            ],
                            [
                                -122.92902131,
                                46.764030021
                            ],
                            [
                                -122.928985996,
                                46.7640292
                            ],
                            [
                                -122.928978308,
                                46.764029021
                            ],
                            [
                                -122.928969683,
                                46.764028821
                            ],
                            [
                                -122.928915731,
                                46.764027566
                            ],
                            [
                                -122.928861764,
                                46.764027282
                            ],
                            [
                                -122.928742776,
                                46.764026656
                            ],
                            [
                                -122.925642699,
                                46.763992724
                            ],
                            [
                                -122.925503234,
                                46.76398438
                            ],
                            [
                                -122.925496608,
                                46.763844732
                            ],
                            [
                                -122.92550482,
                                46.757886113
                            ],
                            [
                                -122.925513094,
                                46.75188244
                            ],
                            [
                                -122.919509417,
                                46.751877845
                            ],
                            [
                                -122.905053656,
                                46.751866783
                            ],
                            [
                                -122.899327169,
                                46.751862401
                            ],
                            [
                                -122.899319341,
                                46.756066179
                            ],
                            [
                                -122.899314768,
                                46.756078738
                            ],
                            [
                                -122.899108724,
                                46.755663569
                            ],
                            [
                                -122.898929724,
                                46.755347569
                            ],
                            [
                                -122.898237805,
                                46.754258776
                            ],
                            [
                                -122.898182738,
                                46.754167533
                            ],
                            [
                                -122.89801855,
                                46.753910485
                            ],
                            [
                                -122.898004609,
                                46.753889836
                            ],
                            [
                                -122.897990723,
                                46.753862569
                            ],
                            [
                                -122.897968921,
                                46.753836975
                            ],
                            [
                                -122.897885691,
                                46.753713696
                            ],
                            [
                                -122.897751054,
                                46.753497314
                            ],
                            [
                                -122.897720723,
                                46.753448569
                            ],
                            [
                                -122.89760672,
                                46.753272933
                            ],
                            [
                                -122.897430473,
                                46.753001404
                            ],
                            [
                                -122.897377566,
                                46.752919895
                            ],
                            [
                                -122.896702462,
                                46.751860262
                            ],
                            [
                                -122.896702376,
                                46.75186012
                            ],
                            [
                                -122.896702339,
                                46.751860061
                            ],
                            [
                                -122.895504509,
                                46.749979131
                            ],
                            [
                                -122.895504505,
                                46.749979124
                            ],
                            [
                                -122.895413722,
                                46.749836569
                            ],
                            [
                                -122.895369637,
                                46.749781462
                            ],
                            [
                                -122.895362419,
                                46.749770883
                            ],
                            [
                                -122.895326862,
                                46.749714485
                            ],
                            [
                                -122.895305722,
                                46.749675569
                            ],
                            [
                                -122.895250461,
                                46.749596233
                            ],
                            [
                                -122.895163532,
                                46.749464455
                            ],
                            [
                                -122.894998901,
                                46.749200207
                            ],
                            [
                                -122.894890722,
                                46.749026569
                            ],
                            [
                                -122.894826361,
                                46.74893787
                            ],
                            [
                                -122.894721855,
                                46.748784026
                            ],
                            [
                                -122.894714155,
                                46.748771898
                            ],
                            [
                                -122.894670172,
                                46.748702623
                            ],
                            [
                                -122.894318144,
                                46.748148163
                            ],
                            [
                                -122.894218722,
                                46.747991569
                            ],
                            [
                                -122.894118722,
                                46.747856569
                            ],
                            [
                                -122.894096721,
                                46.747802569
                            ],
                            [
                                -122.893778721,
                                46.747332569
                            ],
                            [
                                -122.893669721,
                                46.747216569
                            ],
                            [
                                -122.893502721,
                                46.747063569
                            ],
                            [
                                -122.893098721,
                                46.746748569
                            ],
                            [
                                -122.892852825,
                                46.746564147
                            ],
                            [
                                -122.892841924,
                                46.746555971
                            ],
                            [
                                -122.892825147,
                                46.746543389
                            ],
                            [
                                -122.892814584,
                                46.746535466
                            ],
                            [
                                -122.892712587,
                                46.746455467
                            ],
                            [
                                -122.892200995,
                                46.746036046
                            ],
                            [
                                -122.8921158,
                                46.745963502
                            ],
                            [
                                -122.892006659,
                                46.745866998
                            ],
                            [
                                -122.892000987,
                                46.745861983
                            ],
                            [
                                -122.891977589,
                                46.745841295
                            ],
                            [
                                -122.891776948,
                                46.745646476
                            ],
                            [
                                -122.891675721,
                                46.745538569
                            ],
                            [
                                -122.891462003,
                                46.7453502
                            ],
                            [
                                -122.890332342,
                                46.744354526
                            ],
                            [
                                -122.89026772,
                                46.744297569
                            ],
                            [
                                -122.89020149,
                                46.744242491
                            ],
                            [
                                -122.890043472,
                                46.74411108
                            ],
                            [
                                -122.88999761,
                                46.74407294
                            ],
                            [
                                -122.889939129,
                                46.744024305
                            ],
                            [
                                -122.88978072,
                                46.743892569
                            ],
                            [
                                -122.889613648,
                                46.743772009
                            ],
                            [
                                -122.889408709,
                                46.743624125
                            ],
                            [
                                -122.88933172,
                                46.743568569
                            ],
                            [
                                -122.889253011,
                                46.743515477
                            ],
                            [
                                -122.888711178,
                                46.743149989
                            ],
                            [
                                -122.888440003,
                                46.742943714
                            ],
                            [
                                -122.88835981,
                                46.74287518
                            ],
                            [
                                -122.88812225,
                                46.74264809
                            ],
                            [
                                -122.887891504,
                                46.742369074
                            ],
                            [
                                -122.887891302,
                                46.742368797
                            ],
                            [
                                -122.887890132,
                                46.742367191
                            ],
                            [
                                -122.887883194,
                                46.742357671
                            ],
                            [
                                -122.88776266,
                                46.742179136
                            ],
                            [
                                -122.887458472,
                                46.741691693
                            ],
                            [
                                -122.887409719,
                                46.741613569
                            ],
                            [
                                -122.887358591,
                                46.741536979
                            ],
                            [
                                -122.885669896,
                                46.739007259
                            ],
                            [
                                -122.885594344,
                                46.738888102
                            ],
                            [
                                -122.885476718,
                                46.738692569
                            ],
                            [
                                -122.885339448,
                                46.738500392
                            ],
                            [
                                -122.885339437,
                                46.738500376
                            ],
                            [
                                -122.885339365,
                                46.738500274
                            ],
                            [
                                -122.885294833,
                                46.738437931
                            ],
                            [
                                -122.885239886,
                                46.738358322
                            ],
                            [
                                -122.88509032,
                                46.738133972
                            ],
                            [
                                -122.884930718,
                                46.737894569
                            ],
                            [
                                -122.88474894,
                                46.737671537
                            ],
                            [
                                -122.884494536,
                                46.737359396
                            ],
                            [
                                -122.884411594,
                                46.73725763
                            ],
                            [
                                -122.884401995,
                                46.737245853
                            ],
                            [
                                -122.884225718,
                                46.737029569
                            ],
                            [
                                -122.884030129,
                                46.736830579
                            ],
                            [
                                -122.883896615,
                                46.736694743
                            ],
                            [
                                -122.883765717,
                                46.736561569
                            ],
                            [
                                -122.883507717,
                                46.736327569
                            ],
                            [
                                -122.883272717,
                                46.736137569
                            ],
                            [
                                -122.883095778,
                                46.736011688
                            ],
                            [
                                -122.882919033,
                                46.735885943
                            ],
                            [
                                -122.882891199,
                                46.735866141
                            ],
                            [
                                -122.882883827,
                                46.735860896
                            ],
                            [
                                -122.882857708,
                                46.735842102
                            ],
                            [
                                -122.882201028,
                                46.735364222
                            ],
                            [
                                -122.882152136,
                                46.735328642
                            ],
                            [
                                -122.882131255,
                                46.735313446
                            ],
                            [
                                -122.881997105,
                                46.735209901
                            ],
                            [
                                -122.881651863,
                                46.734927507
                            ],
                            [
                                -122.881546997,
                                46.734841645
                            ],
                            [
                                -122.881457908,
                                46.734765749
                            ],
                            [
                                -122.881320317,
                                46.73464382
                            ],
                            [
                                -122.88119592,
                                46.734533585
                            ],
                            [
                                -122.881147614,
                                46.734490778
                            ],
                            [
                                -122.880967098,
                                46.734316809
                            ],
                            [
                                -122.880617649,
                                46.73395065
                            ],
                            [
                                -122.880529868,
                                46.733854584
                            ],
                            [
                                -122.88052455,
                                46.733848504
                            ],
                            [
                                -122.880523309,
                                46.733847086
                            ],
                            [
                                -122.880522356,
                                46.733845996
                            ],
                            [
                                -122.880522338,
                                46.733845975
                            ],
                            [
                                -122.880522335,
                                46.733845971
                            ],
                            [
                                -122.880285321,
                                46.733575007
                            ],
                            [
                                -122.880128287,
                                46.733379558
                            ],
                            [
                                -122.87986354,
                                46.733020259
                            ],
                            [
                                -122.879762238,
                                46.732873872
                            ],
                            [
                                -122.879609712,
                                46.732638851
                            ],
                            [
                                -122.879503763,
                                46.732462654
                            ],
                            [
                                -122.879445651,
                                46.732358052
                            ],
                            [
                                -122.879383569,
                                46.732246306
                            ],
                            [
                                -122.879277964,
                                46.732056217
                            ],
                            [
                                -122.879212402,
                                46.731931381
                            ],
                            [
                                -122.879055309,
                                46.731614378
                            ],
                            [
                                -122.878989792,
                                46.73147306
                            ],
                            [
                                -122.878890635,
                                46.731243758
                            ],
                            [
                                -122.878860715,
                                46.73117457
                            ],
                            [
                                -122.878852122,
                                46.731157997
                            ],
                            [
                                -122.878822161,
                                46.731091279
                            ],
                            [
                                -122.878755981,
                                46.730949236
                            ],
                            [
                                -122.878698329,
                                46.730810429
                            ],
                            [
                                -122.878647715,
                                46.73068857
                            ],
                            [
                                -122.878591793,
                                46.730569053
                            ],
                            [
                                -122.87847775,
                                46.730325319
                            ],
                            [
                                -122.878268715,
                                46.72987857
                            ],
                            [
                                -122.878033715,
                                46.72944657
                            ],
                            [
                                -122.877909715,
                                46.72928457
                            ],
                            [
                                -122.877693232,
                                46.729076378
                            ],
                            [
                                -122.877225999,
                                46.728502256
                            ],
                            [
                                -122.876975724,
                                46.728149793
                            ],
                            [
                                -122.876785802,
                                46.727865463
                            ],
                            [
                                -122.876713362,
                                46.727744517
                            ],
                            [
                                -122.876715893,
                                46.72774266
                            ],
                            [
                                -122.878995715,
                                46.727759569
                            ],
                            [
                                -122.879092715,
                                46.727756569
                            ],
                            [
                                -122.879187715,
                                46.727746569
                            ],
                            [
                                -122.879281715,
                                46.727729569
                            ],
                            [
                                -122.879370715,
                                46.727704569
                            ],
                            [
                                -122.879456715,
                                46.727673569
                            ],
                            [
                                -122.879536715,
                                46.727636569
                            ],
                            [
                                -122.879608715,
                                46.727594569
                            ],
                            [
                                -122.879675715,
                                46.727546569
                            ],
                            [
                                -122.880429715,
                                46.726933569
                            ],
                            [
                                -122.883330715,
                                46.725296569
                            ],
                            [
                                -122.885270715,
                                46.724201569
                            ],
                            [
                                -122.885864715,
                                46.723866568
                            ],
                            [
                                -122.886013715,
                                46.723787568
                            ],
                            [
                                -122.886180715,
                                46.723711568
                            ],
                            [
                                -122.886353715,
                                46.723643568
                            ],
                            [
                                -122.886533715,
                                46.723584568
                            ],
                            [
                                -122.886718715,
                                46.723533568
                            ],
                            [
                                -122.886908715,
                                46.723492568
                            ],
                            [
                                -122.887102715,
                                46.723460568
                            ],
                            [
                                -122.887249715,
                                46.723442568
                            ],
                            [
                                -122.891175715,
                                46.723034568
                            ],
                            [
                                -122.888642715,
                                46.722268568
                            ],
                            [
                                -122.888439715,
                                46.722221568
                            ],
                            [
                                -122.886469714,
                                46.721880568
                            ],
                            [
                                -122.886326714,
                                46.721849568
                            ],
                            [
                                -122.886095714,
                                46.721786568
                            ],
                            [
                                -122.885915714,
                                46.721726568
                            ],
                            [
                                -122.885701714,
                                46.721639568
                            ],
                            [
                                -122.885459714,
                                46.721518568
                            ],
                            [
                                -122.885345714,
                                46.721451568
                            ],
                            [
                                -122.885168714,
                                46.721331568
                            ],
                            [
                                -122.885019714,
                                46.721212568
                            ],
                            [
                                -122.884867714,
                                46.721080568
                            ],
                            [
                                -122.884663714,
                                46.720906568
                            ],
                            [
                                -122.884552714,
                                46.720827568
                            ],
                            [
                                -122.884429714,
                                46.720757568
                            ],
                            [
                                -122.884296714,
                                46.720697568
                            ],
                            [
                                -122.884155714,
                                46.720646568
                            ],
                            [
                                -122.884007714,
                                46.720606569
                            ],
                            [
                                -122.883853714,
                                46.720576569
                            ],
                            [
                                -122.883696714,
                                46.720558569
                            ],
                            [
                                -122.882479714,
                                46.720508569
                            ],
                            [
                                -122.879150622,
                                46.720327055
                            ],
                            [
                                -122.879236052,
                                46.720210144
                            ],
                            [
                                -122.879378504,
                                46.720034342
                            ],
                            [
                                -122.879507841,
                                46.719885057
                            ],
                            [
                                -122.879557094,
                                46.719831853
                            ],
                            [
                                -122.879646707,
                                46.719735052
                            ],
                            [
                                -122.8807197,
                                46.718575994
                            ],
                            [
                                -122.880774713,
                                46.718516569
                            ],
                            [
                                -122.880828101,
                                46.718455681
                            ],
                            [
                                -122.880970345,
                                46.718293457
                            ],
                            [
                                -122.881073713,
                                46.718175569
                            ],
                            [
                                -122.881170783,
                                46.718052443
                            ],
                            [
                                -122.881174805,
                                46.718047341
                            ],
                            [
                                -122.881180001,
                                46.71804075
                            ],
                            [
                                -122.881195653,
                                46.718020897
                            ],
                            [
                                -122.881263713,
                                46.717934569
                            ],
                            [
                                -122.881328564,
                                46.717845805
                            ],
                            [
                                -122.881363372,
                                46.717798164
                            ],
                            [
                                -122.881442713,
                                46.717689569
                            ],
                            [
                                -122.881517108,
                                46.717577528
                            ],
                            [
                                -122.881539454,
                                46.717543874
                            ],
                            [
                                -122.881542552,
                                46.717539208
                            ],
                            [
                                -122.88154447,
                                46.71753632
                            ],
                            [
                                -122.881608713,
                                46.717439569
                            ],
                            [
                                -122.881686713,
                                46.717313569
                            ],
                            [
                                -122.881744156,
                                46.717213922
                            ],
                            [
                                -122.881798846,
                                46.717119051
                            ],
                            [
                                -122.881833713,
                                46.717058569
                            ],
                            [
                                -122.881867162,
                                46.716997292
                            ],
                            [
                                -122.882493604,
                                46.715849695
                            ],
                            [
                                -122.882493649,
                                46.715849613
                            ],
                            [
                                -122.883863712,
                                46.713339568
                            ],
                            [
                                -122.883920712,
                                46.713224568
                            ],
                            [
                                -122.883982712,
                                46.713046568
                            ],
                            [
                                -122.884003712,
                                46.712956568
                            ],
                            [
                                -122.884017712,
                                46.712865568
                            ],
                            [
                                -122.884025712,
                                46.712743568
                            ],
                            [
                                -122.884023712,
                                46.712652568
                            ],
                            [
                                -122.884010712,
                                46.712534568
                            ],
                            [
                                -122.883935712,
                                46.712067568
                            ],
                            [
                                -122.883768454,
                                46.711025888
                            ],
                            [
                                -122.883744392,
                                46.71083368
                            ],
                            [
                                -122.883740844,
                                46.710568187
                            ],
                            [
                                -122.883742462,
                                46.710551011
                            ],
                            [
                                -122.883759942,
                                46.710452726
                            ],
                            [
                                -122.883779369,
                                46.710378988
                            ],
                            [
                                -122.883820366,
                                46.710263352
                            ],
                            [
                                -122.883855963,
                                46.710184542
                            ],
                            [
                                -122.883909097,
                                46.710088192
                            ],
                            [
                                -122.883964894,
                                46.710003446
                            ],
                            [
                                -122.884040174,
                                46.70990584
                            ],
                            [
                                -122.884108674,
                                46.709829057
                            ],
                            [
                                -122.884201082,
                                46.709739104
                            ],
                            [
                                -122.88427405,
                                46.70967666
                            ],
                            [
                                -122.884357474,
                                46.709613375
                            ],
                            [
                                -122.884527606,
                                46.709502071
                            ],
                            [
                                -122.886424711,
                                46.708364568
                            ],
                            [
                                -122.886517711,
                                46.708305568
                            ],
                            [
                                -122.886699711,
                                46.708172568
                            ],
                            [
                                -122.886834711,
                                46.708051568
                            ],
                            [
                                -122.886950711,
                                46.707927567
                            ],
                            [
                                -122.887017711,
                                46.707843567
                            ],
                            [
                                -122.887092711,
                                46.707733567
                            ],
                            [
                                -122.887156711,
                                46.707619567
                            ],
                            [
                                -122.887208711,
                                46.707503567
                            ],
                            [
                                -122.887248711,
                                46.707384567
                            ],
                            [
                                -122.887271711,
                                46.707294567
                            ],
                            [
                                -122.887290711,
                                46.707173567
                            ],
                            [
                                -122.887296711,
                                46.707051567
                            ],
                            [
                                -122.887298711,
                                46.706270567
                            ],
                            [
                                -122.887300711,
                                46.705824567
                            ],
                            [
                                -122.887301711,
                                46.705625567
                            ],
                            [
                                -122.887305226,
                                46.704458323
                            ],
                            [
                                -122.887307019,
                                46.703863123
                            ],
                            [
                                -122.88731071,
                                46.702637567
                            ],
                            [
                                -122.887325754,
                                46.697856318
                            ],
                            [
                                -122.887325754,
                                46.697856117
                            ],
                            [
                                -122.887325754,
                                46.697856017
                            ],
                            [
                                -122.887326127,
                                46.697737724
                            ],
                            [
                                -122.887326276,
                                46.697690163
                            ],
                            [
                                -122.887326505,
                                46.697617567
                            ],
                            [
                                -122.88732747,
                                46.697578662
                            ],
                            [
                                -122.887344177,
                                46.697406749
                            ],
                            [
                                -122.887392514,
                                46.697181828
                            ],
                            [
                                -122.887414062,
                                46.697117158
                            ],
                            [
                                -122.887478298,
                                46.696972206
                            ],
                            [
                                -122.887526643,
                                46.6968853
                            ],
                            [
                                -122.887613965,
                                46.696755688
                            ],
                            [
                                -122.887710551,
                                46.696635222
                            ],
                            [
                                -122.887777328,
                                46.696561322
                            ],
                            [
                                -122.888114163,
                                46.696203738
                            ],
                            [
                                -122.888984709,
                                46.695279567
                            ],
                            [
                                -122.889100709,
                                46.695146567
                            ],
                            [
                                -122.889179709,
                                46.695042567
                            ],
                            [
                                -122.889250709,
                                46.694935567
                            ],
                            [
                                -122.889312709,
                                46.694826567
                            ],
                            [
                                -122.889383709,
                                46.694677567
                            ],
                            [
                                -122.889425709,
                                46.694563566
                            ],
                            [
                                -122.889459709,
                                46.694448566
                            ],
                            [
                                -122.889485709,
                                46.694332566
                            ],
                            [
                                -122.889708107,
                                46.693084439
                            ],
                            [
                                -122.889796861,
                                46.692586341
                            ],
                            [
                                -122.889827447,
                                46.692444337
                            ],
                            [
                                -122.889834891,
                                46.692418917
                            ],
                            [
                                -122.889898812,
                                46.692289979
                            ],
                            [
                                -122.88995822,
                                46.692201172
                            ],
                            [
                                -122.89000828,
                                46.692143215
                            ],
                            [
                                -122.890090932,
                                46.692067286
                            ],
                            [
                                -122.890179144,
                                46.69200222
                            ],
                            [
                                -122.89023171,
                                46.691970266
                            ],
                            [
                                -122.890335894,
                                46.691918388
                            ],
                            [
                                -122.890430432,
                                46.69188098
                            ],
                            [
                                -122.890563076,
                                46.691841052
                            ],
                            [
                                -122.890678476,
                                46.691816861
                            ],
                            [
                                -122.890824628,
                                46.691798809
                            ],
                            [
                                -122.890982186,
                                46.691792218
                            ],
                            [
                                -122.892535569,
                                46.691787572
                            ],
                            [
                                -122.892537709,
                                46.691787566
                            ],
                            [
                                -122.892802358,
                                46.691786586
                            ],
                            [
                                -122.892802359,
                                46.691786586
                            ],
                            [
                                -122.896977922,
                                46.691778567
                            ],
                            [
                                -122.896978709,
                                46.691778566
                            ],
                            [
                                -122.898770772,
                                46.691774655
                            ],
                            [
                                -122.898852634,
                                46.691775593
                            ],
                            [
                                -122.899245618,
                                46.691785463
                            ],
                            [
                                -122.899438846,
                                46.691790579
                            ],
                            [
                                -122.899438935,
                                46.691790581
                            ],
                            [
                                -122.900366441,
                                46.691815162
                            ],
                            [
                                -122.90079671,
                                46.691826565
                            ],
                            [
                                -122.90103471,
                                46.691817565
                            ],
                            [
                                -122.90127371,
                                46.691792565
                            ],
                            [
                                -122.90150571,
                                46.691752565
                            ],
                            [
                                -122.90192814,
                                46.69165099
                            ],
                            [
                                -122.902454982,
                                46.691524309
                            ],
                            [
                                -122.902494501,
                                46.691515088
                            ],
                            [
                                -122.902672431,
                                46.691474842
                            ],
                            [
                                -122.902781408,
                                46.691452309
                            ],
                            [
                                -122.902957006,
                                46.691419384
                            ],
                            [
                                -122.903072793,
                                46.691400012
                            ],
                            [
                                -122.903123256,
                                46.69139258
                            ],
                            [
                                -122.903192557,
                                46.691382375
                            ],
                            [
                                -122.903270549,
                                46.69137089
                            ],
                            [
                                -122.90334299,
                                46.691361122
                            ],
                            [
                                -122.903365585,
                                46.691358356
                            ],
                            [
                                -122.903372658,
                                46.69135749
                            ],
                            [
                                -122.903456282,
                                46.69134725
                            ],
                            [
                                -122.903549293,
                                46.69133733
                            ],
                            [
                                -122.903612532,
                                46.691331581
                            ],
                            [
                                -122.903620031,
                                46.691330899
                            ],
                            [
                                -122.903660714,
                                46.691327201
                            ],
                            [
                                -122.90374079,
                                46.691321001
                            ],
                            [
                                -122.903895529,
                                46.691311102
                            ],
                            [
                                -122.903919103,
                                46.691309594
                            ],
                            [
                                -122.903942118,
                                46.691308121
                            ],
                            [
                                -122.904053397,
                                46.691303075
                            ],
                            [
                                -122.904140046,
                                46.691300756
                            ],
                            [
                                -122.904174662,
                                46.69129983
                            ],
                            [
                                -122.9042566,
                                46.691297638
                            ],
                            [
                                -122.904336835,
                                46.691296565
                            ],
                            [
                                -122.904458029,
                                46.691296565
                            ],
                            [
                                -122.90453338,
                                46.691297511
                            ],
                            [
                                -122.904562884,
                                46.691298252
                            ],
                            [
                                -122.904598971,
                                46.691299159
                            ],
                            [
                                -122.904646927,
                                46.691300364
                            ],
                            [
                                -122.904742431,
                                46.691304287
                            ],
                            [
                                -122.90483104,
                                46.691309342
                            ],
                            [
                                -122.90490239,
                                46.691313412
                            ],
                            [
                                -122.904936807,
                                46.691315376
                            ],
                            [
                                -122.905048456,
                                46.691323838
                            ],
                            [
                                -122.905247601,
                                46.691342676
                            ],
                            [
                                -122.905329698,
                                46.691351583
                            ],
                            [
                                -122.905438459,
                                46.691364901
                            ],
                            [
                                -122.905530764,
                                46.691377662
                            ],
                            [
                                -122.905718682,
                                46.691406622
                            ],
                            [
                                -122.905834345,
                                46.691426771
                            ],
                            [
                                -122.906010123,
                                46.69146095
                            ],
                            [
                                -122.906118867,
                                46.691484195
                            ],
                            [
                                -122.906162215,
                                46.691494304
                            ],
                            [
                                -122.906222496,
                                46.691508363
                            ],
                            [
                                -122.906284974,
                                46.691522933
                            ],
                            [
                                -122.906409761,
                                46.691554876
                            ],
                            [
                                -122.907037998,
                                46.691730143
                            ],
                            [
                                -122.907383883,
                                46.691826639
                            ],
                            [
                                -122.907648591,
                                46.691900488
                            ],
                            [
                                -122.907720568,
                                46.691921541
                            ],
                            [
                                -122.907879205,
                                46.691970103
                            ],
                            [
                                -122.907979642,
                                46.692002794
                            ],
                            [
                                -122.908029323,
                                46.692019938
                            ],
                            [
                                -122.908113643,
                                46.692050452
                            ],
                            [
                                -122.908129537,
                                46.692056474
                            ],
                            [
                                -122.908135601,
                                46.692058771
                            ],
                            [
                                -122.90818022,
                                46.692075676
                            ],
                            [
                                -122.908284422,
                                46.692117402
                            ],
                            [
                                -122.908401606,
                                46.692166891
                            ],
                            [
                                -122.908563612,
                                46.692241052
                            ],
                            [
                                -122.908599132,
                                46.692258606
                            ],
                            [
                                -122.908648624,
                                46.692283065
                            ],
                            [
                                -122.908674355,
                                46.692295782
                            ],
                            [
                                -122.908809263,
                                46.692366776
                            ],
                            [
                                -122.908883823,
                                46.692408465
                            ],
                            [
                                -122.908972714,
                                46.692460187
                            ],
                            [
                                -122.908973867,
                                46.692460886
                            ],
                            [
                                -122.908977733,
                                46.692463225
                            ],
                            [
                                -122.908986733,
                                46.69246867
                            ],
                            [
                                -122.909106869,
                                46.692545313
                            ],
                            [
                                -122.909411893,
                                46.692750265
                            ],
                            [
                                -122.909745712,
                                46.692974564
                            ],
                            [
                                -122.909921712,
                                46.693077564
                            ],
                            [
                                -122.910105712,
                                46.693171564
                            ],
                            [
                                -122.910298712,
                                46.693256564
                            ],
                            [
                                -122.910662361,
                                46.693392127
                            ],
                            [
                                -122.911419499,
                                46.693674378
                            ],
                            [
                                -122.91153832,
                                46.693724606
                            ],
                            [
                                -122.911652373,
                                46.693784881
                            ],
                            [
                                -122.912988309,
                                46.694566342
                            ],
                            [
                                -122.913082713,
                                46.694621564
                            ],
                            [
                                -122.913279713,
                                46.694730564
                            ],
                            [
                                -122.913496713,
                                46.694835564
                            ],
                            [
                                -122.913607713,
                                46.694886564
                            ],
                            [
                                -122.913743713,
                                46.694942564
                            ],
                            [
                                -122.913953713,
                                46.695021564
                            ],
                            [
                                -122.914020877,
                                46.695045269
                            ],
                            [
                                -122.915710477,
                                46.695641598
                            ],
                            [
                                -122.916420055,
                                46.695892037
                            ],
                            [
                                -122.917708722,
                                46.696346861
                            ],
                            [
                                -122.918680534,
                                46.696697207
                            ],
                            [
                                -122.918727116,
                                46.696714447
                            ],
                            [
                                -122.918873712,
                                46.6967701
                            ],
                            [
                                -122.918965119,
                                46.696806527
                            ],
                            [
                                -122.919043038,
                                46.69683907
                            ],
                            [
                                -122.919135706,
                                46.69687962
                            ],
                            [
                                -122.919150749,
                                46.696886507
                            ],
                            [
                                -122.919197875,
                                46.696908083
                            ],
                            [
                                -122.919288548,
                                46.696949596
                            ],
                            [
                                -122.919388002,
                                46.69699736
                            ],
                            [
                                -122.919451179,
                                46.697029145
                            ],
                            [
                                -122.919547333,
                                46.697079723
                            ],
                            [
                                -122.919638513,
                                46.697129814
                            ],
                            [
                                -122.919675375,
                                46.697150064
                            ],
                            [
                                -122.91968651,
                                46.697156181
                            ],
                            [
                                -122.919777998,
                                46.697208554
                            ],
                            [
                                -122.919826925,
                                46.697237716
                            ],
                            [
                                -122.919938957,
                                46.69730788
                            ],
                            [
                                -122.919939586,
                                46.697308294
                            ],
                            [
                                -122.919942565,
                                46.697310252
                            ],
                            [
                                -122.920031424,
                                46.697368669
                            ],
                            [
                                -122.920165459,
                                46.69746211
                            ],
                            [
                                -122.92031047,
                                46.697569189
                            ],
                            [
                                -122.920520564,
                                46.697724325
                            ],
                            [
                                -122.920736829,
                                46.697884018
                            ],
                            [
                                -122.920736855,
                                46.697884037
                            ],
                            [
                                -122.921128333,
                                46.698173104
                            ],
                            [
                                -122.921242715,
                                46.698257563
                            ],
                            [
                                -122.921360968,
                                46.698336509
                            ],
                            [
                                -122.921596269,
                                46.698493596
                            ],
                            [
                                -122.922313715,
                                46.698972563
                            ],
                            [
                                -122.922427715,
                                46.699042563
                            ],
                            [
                                -122.922541715,
                                46.699104563
                            ],
                            [
                                -122.922662715,
                                46.699159563
                            ],
                            [
                                -122.922787715,
                                46.699209563
                            ],
                            [
                                -122.922918715,
                                46.699252563
                            ],
                            [
                                -122.923052715,
                                46.699290563
                            ],
                            [
                                -122.923190715,
                                46.699320563
                            ],
                            [
                                -122.923366715,
                                46.699349563
                            ],
                            [
                                -122.924143416,
                                46.699451967
                            ],
                            [
                                -122.924707746,
                                46.69952637
                            ],
                            [
                                -122.924801466,
                                46.699540236
                            ],
                            [
                                -122.924824682,
                                46.699544046
                            ],
                            [
                                -122.924859153,
                                46.699549703
                            ],
                            [
                                -122.924941779,
                                46.699563264
                            ],
                            [
                                -122.925090934,
                                46.699591638
                            ],
                            [
                                -122.925153138,
                                46.699605111
                            ],
                            [
                                -122.925313213,
                                46.699644415
                            ],
                            [
                                -122.925371556,
                                46.699660453
                            ],
                            [
                                -122.925400449,
                                46.699669187
                            ],
                            [
                                -122.925433036,
                                46.699677353
                            ],
                            [
                                -122.925444716,
                                46.699680563
                            ],
                            [
                                -122.925584849,
                                46.699726821
                            ],
                            [
                                -122.925650716,
                                46.699748563
                            ],
                            [
                                -122.925896716,
                                46.699846563
                            ],
                            [
                                -122.926083716,
                                46.699935563
                            ],
                            [
                                -122.926261716,
                                46.700032563
                            ],
                            [
                                -122.926429716,
                                46.700138563
                            ],
                            [
                                -122.928797717,
                                46.701745563
                            ],
                            [
                                -122.928943717,
                                46.701839563
                            ],
                            [
                                -122.929044717,
                                46.701898563
                            ],
                            [
                                -122.929237717,
                                46.702000563
                            ],
                            [
                                -122.929231717,
                                46.701196563
                            ],
                            [
                                -122.929228717,
                                46.701141563
                            ],
                            [
                                -122.929210798,
                                46.699557776
                            ],
                            [
                                -122.929212008,
                                46.699557425
                            ],
                            [
                                -122.929217044,
                                46.699556972
                            ],
                            [
                                -122.929240087,
                                46.699557075
                            ],
                            [
                                -122.929282878,
                                46.699561476
                            ],
                            [
                                -122.929603959,
                                46.699632234
                            ],
                            [
                                -122.929614331,
                                46.699635254
                            ],
                            [
                                -122.929622125,
                                46.699637522
                            ],
                            [
                                -122.929661559,
                                46.699649002
                            ],
                            [
                                -122.929902423,
                                46.699730343
                            ],
                            [
                                -122.930098887,
                                46.699806111
                            ],
                            [
                                -122.930299716,
                                46.699883562
                            ],
                            [
                                -122.93050558,
                                46.699946424
                            ],
                            [
                                -122.930656027,
                                46.699992364
                            ],
                            [
                                -122.930859717,
                                46.700054562
                            ],
                            [
                                -122.931067303,
                                46.700102162
                            ],
                            [
                                -122.931114334,
                                46.700112946
                            ],
                            [
                                -122.931330717,
                                46.700162562
                            ],
                            [
                                -122.931475717,
                                46.700184562
                            ],
                            [
                                -122.931539456,
                                46.700194407
                            ],
                            [
                                -122.931812634,
                                46.700236601
                            ],
                            [
                                -122.931980717,
                                46.700262562
                            ],
                            [
                                -122.932150001,
                                46.700278961
                            ],
                            [
                                -122.932794055,
                                46.700341349
                            ],
                            [
                                -122.933002717,
                                46.700361562
                            ],
                            [
                                -122.93321228,
                                46.700367162
                            ],
                            [
                                -122.933467635,
                                46.700373986
                            ],
                            [
                                -122.933713717,
                                46.700380562
                            ],
                            [
                                -122.933959511,
                                46.700366957
                            ],
                            [
                                -122.934509295,
                                46.700336526
                            ],
                            [
                                -122.93454415,
                                46.7003348
                            ],
                            [
                                -122.934740635,
                                46.700326216
                            ],
                            [
                                -122.934991641,
                                46.70031525
                            ],
                            [
                                -122.935077376,
                                46.700311504
                            ],
                            [
                                -122.935212123,
                                46.700308648
                            ],
                            [
                                -122.935387762,
                                46.700308872
                            ],
                            [
                                -122.935490102,
                                46.700309002
                            ],
                            [
                                -122.935742436,
                                46.700309323
                            ],
                            [
                                -122.936115513,
                                46.700333113
                            ],
                            [
                                -122.93614017,
                                46.700336239
                            ],
                            [
                                -122.936141804,
                                46.700336446
                            ],
                            [
                                -122.936168101,
                                46.700339779
                            ],
                            [
                                -122.936538856,
                                46.700410739
                            ],
                            [
                                -122.936767749,
                                46.700469704
                            ],
                            [
                                -122.936928399,
                                46.700515898
                            ],
                            [
                                -122.937403191,
                                46.700666869
                            ],
                            [
                                -122.937593954,
                                46.700734697
                            ],
                            [
                                -122.938142577,
                                46.700950892
                            ],
                            [
                                -122.938207718,
                                46.700976562
                            ],
                            [
                                -122.93827344,
                                46.701000704
                            ],
                            [
                                -122.938348746,
                                46.701028368
                            ],
                            [
                                -122.938451028,
                                46.701070287
                            ],
                            [
                                -122.938549939,
                                46.701119638
                            ],
                            [
                                -122.938762958,
                                46.701235932
                            ],
                            [
                                -122.938833718,
                                46.701274562
                            ],
                            [
                                -122.939439718,
                                46.701688562
                            ],
                            [
                                -122.939828718,
                                46.701933562
                            ],
                            [
                                -122.940100719,
                                46.702084562
                            ],
                            [
                                -122.940380719,
                                46.702210561
                            ],
                            [
                                -122.940772719,
                                46.702328561
                            ],
                            [
                                -122.941132719,
                                46.702382561
                            ],
                            [
                                -122.941345719,
                                46.702382561
                            ],
                            [
                                -122.941490719,
                                46.702373561
                            ],
                            [
                                -122.941771719,
                                46.702301561
                            ],
                            [
                                -122.942534719,
                                46.702004561
                            ],
                            [
                                -122.943466494,
                                46.701683659
                            ],
                            [
                                -122.943476725,
                                46.701680929
                            ],
                            [
                                -122.943556801,
                                46.701655149
                            ],
                            [
                                -122.944849599,
                                46.701267597
                            ],
                            [
                                -122.944849719,
                                46.701267561
                            ],
                            [
                                -122.945338233,
                                46.701121093
                            ],
                            [
                                -122.945416719,
                                46.701097561
                            ],
                            [
                                -122.945494533,
                                46.701071894
                            ],
                            [
                                -122.945701829,
                                46.701003519
                            ],
                            [
                                -122.945989719,
                                46.700908561
                            ],
                            [
                                -122.946663719,
                                46.700612561
                            ],
                            [
                                -122.947134719,
                                46.700621561
                            ],
                            [
                                -122.947223719,
                                46.700603561
                            ],
                            [
                                -122.947290719,
                                46.700540561
                            ],
                            [
                                -122.947346719,
                                46.700441561
                            ],
                            [
                                -122.947369719,
                                46.700306561
                            ],
                            [
                                -122.947391719,
                                46.700252561
                            ],
                            [
                                -122.947414012,
                                46.700112987
                            ],
                            [
                                -122.947508474,
                                46.700045067
                            ],
                            [
                                -122.94757727,
                                46.700016295
                            ],
                            [
                                -122.947607384,
                                46.700007265
                            ],
                            [
                                -122.947743576,
                                46.699980309
                            ],
                            [
                                -122.948079471,
                                46.699949826
                            ],
                            [
                                -122.948176719,
                                46.699946561
                            ],
                            [
                                -122.948570719,
                                46.699974561
                            ],
                            [
                                -122.948655719,
                                46.69997456
                            ],
                            [
                                -122.949018719,
                                46.69989356
                            ],
                            [
                                -122.949489719,
                                46.69974056
                            ],
                            [
                                -122.949844719,
                                46.69958956
                            ],
                            [
                                -122.949867192,
                                46.69957785
                            ],
                            [
                                -122.949864283,
                                46.701890926
                            ],
                            [
                                -122.949864283,
                                46.701890927
                            ],
                            [
                                -122.949864283,
                                46.701890928
                            ],
                            [
                                -122.949864284,
                                46.701890929
                            ],
                            [
                                -122.949864284,
                                46.70189093
                            ],
                            [
                                -122.949864285,
                                46.701890931
                            ],
                            [
                                -122.949864286,
                                46.701890932
                            ],
                            [
                                -122.949864286,
                                46.701890933
                            ],
                            [
                                -122.949864287,
                                46.701890933
                            ],
                            [
                                -122.949864288,
                                46.701890934
                            ],
                            [
                                -122.949864289,
                                46.701890934
                            ],
                            [
                                -122.949864289,
                                46.701890935
                            ],
                            [
                                -122.94986429,
                                46.701890935
                            ],
                            [
                                -122.949864291,
                                46.701890935
                            ],
                            [
                                -122.949864292,
                                46.701890936
                            ],
                            [
                                -122.949864293,
                                46.701890936
                            ],
                            [
                                -122.951743646,
                                46.701901647
                            ],
                            [
                                -122.952819006,
                                46.701907776
                            ],
                            [
                                -122.952824302,
                                46.701910634
                            ],
                            [
                                -122.952828658,
                                46.701913269
                            ],
                            [
                                -122.952833584,
                                46.701919951
                            ],
                            [
                                -122.952829438,
                                46.705930472
                            ],
                            [
                                -122.952823273,
                                46.705947494
                            ],
                            [
                                -122.952817169,
                                46.705951938
                            ],
                            [
                                -122.95174005,
                                46.705936678
                            ],
                            [
                                -122.950218966,
                                46.705915129
                            ],
                            [
                                -122.950218965,
                                46.705915129
                            ],
                            [
                                -122.950218964,
                                46.705915129
                            ],
                            [
                                -122.950218963,
                                46.70591513
                            ],
                            [
                                -122.950218962,
                                46.70591513
                            ],
                            [
                                -122.950218961,
                                46.70591513
                            ],
                            [
                                -122.95021896,
                                46.705915131
                            ],
                            [
                                -122.950218959,
                                46.705915131
                            ],
                            [
                                -122.950218958,
                                46.705915132
                            ],
                            [
                                -122.950218958,
                                46.705915133
                            ],
                            [
                                -122.950218957,
                                46.705915134
                            ],
                            [
                                -122.950218956,
                                46.705915135
                            ],
                            [
                                -122.950218956,
                                46.705915136
                            ],
                            [
                                -122.950218956,
                                46.705915137
                            ],
                            [
                                -122.950218956,
                                46.705915138
                            ],
                            [
                                -122.950218956,
                                46.705915139
                            ],
                            [
                                -122.950222705,
                                46.706079767
                            ],
                            [
                                -122.950110292,
                                46.706078181
                            ],
                            [
                                -122.950110291,
                                46.706078181
                            ],
                            [
                                -122.95011029,
                                46.706078181
                            ],
                            [
                                -122.950110289,
                                46.706078181
                            ],
                            [
                                -122.950110288,
                                46.706078181
                            ],
                            [
                                -122.950110287,
                                46.706078182
                            ],
                            [
                                -122.950110286,
                                46.706078183
                            ],
                            [
                                -122.950110285,
                                46.706078184
                            ],
                            [
                                -122.950110284,
                                46.706078184
                            ],
                            [
                                -122.950110284,
                                46.706078185
                            ],
                            [
                                -122.950110283,
                                46.706078186
                            ],
                            [
                                -122.950110283,
                                46.706078187
                            ],
                            [
                                -122.950110283,
                                46.706078188
                            ],
                            [
                                -122.950110282,
                                46.706078189
                            ],
                            [
                                -122.950110282,
                                46.70607819
                            ],
                            [
                                -122.950110282,
                                46.706078191
                            ],
                            [
                                -122.95011318,
                                46.709559856
                            ],
                            [
                                -122.950108027,
                                46.70957433
                            ],
                            [
                                -122.949966249,
                                46.709581915
                            ],
                            [
                                -122.949307958,
                                46.709584862
                            ],
                            [
                                -122.948611342,
                                46.709587981
                            ],
                            [
                                -122.942559262,
                                46.709615076
                            ],
                            [
                                -122.942559261,
                                46.709615076
                            ],
                            [
                                -122.94255926,
                                46.709615076
                            ],
                            [
                                -122.942559259,
                                46.709615077
                            ],
                            [
                                -122.942559258,
                                46.709615077
                            ],
                            [
                                -122.942559257,
                                46.709615078
                            ],
                            [
                                -122.942559256,
                                46.709615078
                            ],
                            [
                                -122.942559255,
                                46.709615079
                            ],
                            [
                                -122.942559255,
                                46.70961508
                            ],
                            [
                                -122.942559254,
                                46.709615081
                            ],
                            [
                                -122.942559253,
                                46.709615082
                            ],
                            [
                                -122.942559253,
                                46.709615083
                            ],
                            [
                                -122.942559253,
                                46.709615084
                            ],
                            [
                                -122.942559252,
                                46.709615085
                            ],
                            [
                                -122.942559252,
                                46.709615086
                            ],
                            [
                                -122.94258599,
                                46.713204688
                            ],
                            [
                                -122.94128137,
                                46.713211228
                            ],
                            [
                                -122.941256958,
                                46.712441289
                            ],
                            [
                                -122.941256958,
                                46.712441288
                            ],
                            [
                                -122.941256958,
                                46.712441287
                            ],
                            [
                                -122.941256958,
                                46.712441286
                            ],
                            [
                                -122.941256958,
                                46.712441285
                            ],
                            [
                                -122.941256957,
                                46.712441285
                            ],
                            [
                                -122.941256957,
                                46.712441284
                            ],
                            [
                                -122.941256956,
                                46.712441283
                            ],
                            [
                                -122.941256955,
                                46.712441282
                            ],
                            [
                                -122.941256954,
                                46.712441281
                            ],
                            [
                                -122.941256953,
                                46.712441281
                            ],
                            [
                                -122.941256952,
                                46.71244128
                            ],
                            [
                                -122.941256951,
                                46.71244128
                            ],
                            [
                                -122.94125695,
                                46.71244128
                            ],
                            [
                                -122.941256949,
                                46.712441279
                            ],
                            [
                                -122.941256948,
                                46.712441279
                            ],
                            [
                                -122.940834897,
                                46.712442389
                            ],
                            [
                                -122.94078098,
                                46.712396387
                            ],
                            [
                                -122.940780979,
                                46.712396386
                            ],
                            [
                                -122.940780978,
                                46.712396386
                            ],
                            [
                                -122.940780977,
                                46.712396385
                            ],
                            [
                                -122.940780976,
                                46.712396385
                            ],
                            [
                                -122.940780975,
                                46.712396385
                            ],
                            [
                                -122.940780974,
                                46.712396384
                            ],
                            [
                                -122.940780973,
                                46.712396384
                            ],
                            [
                                -122.939623186,
                                46.712406051
                            ],
                            [
                                -122.939615378,
                                46.711625583
                            ],
                            [
                                -122.939615378,
                                46.711625582
                            ],
                            [
                                -122.939615378,
                                46.711625581
                            ],
                            [
                                -122.939615377,
                                46.71162558
                            ],
                            [
                                -122.939615377,
                                46.711625579
                            ],
                            [
                                -122.939615377,
                                46.711625578
                            ],
                            [
                                -122.939615376,
                                46.711625578
                            ],
                            [
                                -122.939615375,
                                46.711625577
                            ],
                            [
                                -122.939615375,
                                46.711625576
                            ],
                            [
                                -122.939615374,
                                46.711625575
                            ],
                            [
                                -122.939615373,
                                46.711625575
                            ],
                            [
                                -122.939615372,
                                46.711625574
                            ],
                            [
                                -122.939615371,
                                46.711625574
                            ],
                            [
                                -122.93961537,
                                46.711625573
                            ],
                            [
                                -122.939615369,
                                46.711625573
                            ],
                            [
                                -122.939615368,
                                46.711625573
                            ],
                            [
                                -122.937018456,
                                46.711638326
                            ],
                            [
                                -122.937018455,
                                46.711638326
                            ],
                            [
                                -122.937018454,
                                46.711638326
                            ],
                            [
                                -122.937018453,
                                46.711638326
                            ],
                            [
                                -122.937018452,
                                46.711638327
                            ],
                            [
                                -122.937018451,
                                46.711638327
                            ],
                            [
                                -122.93701845,
                                46.711638328
                            ],
                            [
                                -122.937018449,
                                46.711638329
                            ],
                            [
                                -122.937018448,
                                46.71163833
                            ],
                            [
                                -122.937018448,
                                46.711638331
                            ],
                            [
                                -122.937018447,
                                46.711638332
                            ],
                            [
                                -122.937018447,
                                46.711638333
                            ],
                            [
                                -122.937018447,
                                46.711638334
                            ],
                            [
                                -122.937018446,
                                46.711638335
                            ],
                            [
                                -122.937018446,
                                46.711638336
                            ],
                            [
                                -122.937023859,
                                46.712375153
                            ],
                            [
                                -122.935842844,
                                46.712370763
                            ],
                            [
                                -122.935839322,
                                46.711737292
                            ],
                            [
                                -122.935839322,
                                46.711737291
                            ],
                            [
                                -122.935839322,
                                46.71173729
                            ],
                            [
                                -122.935839322,
                                46.711737289
                            ],
                            [
                                -122.935839321,
                                46.711737288
                            ],
                            [
                                -122.935839321,
                                46.711737287
                            ],
                            [
                                -122.93583932,
                                46.711737286
                            ],
                            [
                                -122.935839319,
                                46.711737285
                            ],
                            [
                                -122.935839318,
                                46.711737284
                            ],
                            [
                                -122.935839317,
                                46.711737283
                            ],
                            [
                                -122.935839316,
                                46.711737283
                            ],
                            [
                                -122.935839315,
                                46.711737282
                            ],
                            [
                                -122.935839314,
                                46.711737282
                            ],
                            [
                                -122.935839313,
                                46.711737282
                            ],
                            [
                                -122.935839312,
                                46.711737282
                            ],
                            [
                                -122.934975344,
                                46.711737805
                            ],
                            [
                                -122.934437009,
                                46.711558414
                            ],
                            [
                                -122.934109162,
                                46.711189662
                            ],
                            [
                                -122.934109162,
                                46.711189661
                            ],
                            [
                                -122.934109161,
                                46.71118966
                            ],
                            [
                                -122.93410916,
                                46.71118966
                            ],
                            [
                                -122.934109159,
                                46.711189659
                            ],
                            [
                                -122.934109158,
                                46.711189659
                            ],
                            [
                                -122.934109157,
                                46.711189659
                            ],
                            [
                                -122.934109156,
                                46.711189658
                            ],
                            [
                                -122.934109155,
                                46.711189658
                            ],
                            [
                                -122.934109154,
                                46.711189658
                            ],
                            [
                                -122.934109153,
                                46.711189658
                            ],
                            [
                                -122.934109152,
                                46.711189659
                            ],
                            [
                                -122.933492056,
                                46.711354067
                            ],
                            [
                                -122.93307396,
                                46.711369588
                            ],
                            [
                                -122.933073959,
                                46.711369588
                            ],
                            [
                                -122.933073958,
                                46.711369588
                            ],
                            [
                                -122.933073957,
                                46.711369588
                            ],
                            [
                                -122.933073956,
                                46.711369589
                            ],
                            [
                                -122.933073955,
                                46.711369589
                            ],
                            [
                                -122.933073954,
                                46.71136959
                            ],
                            [
                                -122.933073953,
                                46.711369591
                            ],
                            [
                                -122.933073952,
                                46.711369592
                            ],
                            [
                                -122.933073951,
                                46.711369593
                            ],
                            [
                                -122.933073951,
                                46.711369594
                            ],
                            [
                                -122.933073951,
                                46.711369595
                            ],
                            [
                                -122.93307395,
                                46.711369596
                            ],
                            [
                                -122.93307395,
                                46.711369597
                            ],
                            [
                                -122.93307395,
                                46.711369598
                            ],
                            [
                                -122.933088724,
                                46.712702827
                            ],
                            [
                                -122.933088724,
                                46.712702828
                            ],
                            [
                                -122.933088724,
                                46.712702829
                            ],
                            [
                                -122.933088724,
                                46.71270283
                            ],
                            [
                                -122.933088725,
                                46.712702831
                            ],
                            [
                                -122.933088725,
                                46.712702832
                            ],
                            [
                                -122.933088726,
                                46.712702833
                            ],
                            [
                                -122.933088726,
                                46.712702834
                            ],
                            [
                                -122.933088727,
                                46.712702834
                            ],
                            [
                                -122.933088728,
                                46.712702835
                            ],
                            [
                                -122.933088729,
                                46.712702836
                            ],
                            [
                                -122.93308873,
                                46.712702837
                            ],
                            [
                                -122.933088731,
                                46.712702837
                            ],
                            [
                                -122.933088732,
                                46.712702837
                            ],
                            [
                                -122.933088733,
                                46.712702837
                            ],
                            [
                                -122.933088734,
                                46.712702837
                            ],
                            [
                                -122.934440269,
                                46.71269769
                            ],
                            [
                                -122.934371022,
                                46.715890455
                            ],
                            [
                                -122.934371022,
                                46.715890456
                            ],
                            [
                                -122.93435114,
                                46.716807147
                            ],
                            [
                                -122.931651163,
                                46.716813084
                            ],
                            [
                                -122.931651162,
                                46.716813084
                            ],
                            [
                                -122.931651161,
                                46.716813084
                            ],
                            [
                                -122.93165116,
                                46.716813084
                            ],
                            [
                                -122.931651159,
                                46.716813085
                            ],
                            [
                                -122.931651158,
                                46.716813085
                            ],
                            [
                                -122.931651157,
                                46.716813086
                            ],
                            [
                                -122.931303428,
                                46.717052998
                            ],
                            [
                                -122.930909614,
                                46.716808567
                            ],
                            [
                                -122.930909613,
                                46.716808567
                            ],
                            [
                                -122.930909612,
                                46.716808566
                            ],
                            [
                                -122.930909611,
                                46.716808566
                            ],
                            [
                                -122.93090961,
                                46.716808566
                            ],
                            [
                                -122.930909609,
                                46.716808566
                            ],
                            [
                                -122.930909608,
                                46.716808566
                            ],
                            [
                                -122.929158077,
                                46.716862831
                            ],
                            [
                                -122.925561291,
                                46.716866275
                            ],
                            [
                                -122.923966298,
                                46.716867801
                            ],
                            [
                                -122.923966297,
                                46.716867802
                            ],
                            [
                                -122.923966296,
                                46.716867802
                            ],
                            [
                                -122.923966295,
                                46.716867802
                            ],
                            [
                                -122.923966294,
                                46.716867802
                            ],
                            [
                                -122.923966294,
                                46.716867803
                            ],
                            [
                                -122.923966293,
                                46.716867803
                            ],
                            [
                                -122.923966292,
                                46.716867804
                            ],
                            [
                                -122.923966291,
                                46.716867804
                            ],
                            [
                                -122.923966291,
                                46.716867805
                            ],
                            [
                                -122.92396629,
                                46.716867806
                            ],
                            [
                                -122.923966289,
                                46.716867807
                            ],
                            [
                                -122.923966289,
                                46.716867808
                            ],
                            [
                                -122.923966289,
                                46.716867809
                            ],
                            [
                                -122.923966289,
                                46.71686781
                            ],
                            [
                                -122.923966288,
                                46.71686781
                            ],
                            [
                                -122.923966288,
                                46.716867811
                            ],
                            [
                                -122.923963024,
                                46.718616025
                            ],
                            [
                                -122.923912105,
                                46.718616083
                            ],
                            [
                                -122.923912104,
                                46.718616083
                            ],
                            [
                                -122.923912103,
                                46.718616084
                            ],
                            [
                                -122.923912102,
                                46.718616084
                            ],
                            [
                                -122.923912101,
                                46.718616084
                            ],
                            [
                                -122.9239121,
                                46.718616085
                            ],
                            [
                                -122.923912099,
                                46.718616085
                            ],
                            [
                                -122.923912099,
                                46.718616086
                            ],
                            [
                                -122.923912098,
                                46.718616086
                            ],
                            [
                                -122.923912097,
                                46.718616087
                            ],
                            [
                                -122.923912097,
                                46.718616088
                            ],
                            [
                                -122.923912096,
                                46.718616089
                            ],
                            [
                                -122.923912096,
                                46.71861609
                            ],
                            [
                                -122.923912095,
                                46.71861609
                            ],
                            [
                                -122.923912095,
                                46.718616091
                            ],
                            [
                                -122.923912095,
                                46.718616092
                            ],
                            [
                                -122.923912095,
                                46.718616093
                            ],
                            [
                                -122.923908725,
                                46.720418926
                            ],
                            [
                                -122.923908725,
                                46.720418927
                            ],
                            [
                                -122.923908725,
                                46.720418928
                            ],
                            [
                                -122.923908725,
                                46.720418929
                            ],
                            [
                                -122.923908725,
                                46.72041893
                            ],
                            [
                                -122.923908726,
                                46.720418931
                            ],
                            [
                                -122.923908726,
                                46.720418932
                            ],
                            [
                                -122.923908727,
                                46.720418933
                            ],
                            [
                                -122.923908727,
                                46.720418934
                            ],
                            [
                                -122.923908728,
                                46.720418934
                            ],
                            [
                                -122.923908729,
                                46.720418935
                            ],
                            [
                                -122.92390873,
                                46.720418935
                            ],
                            [
                                -122.923908731,
                                46.720418936
                            ],
                            [
                                -122.923908732,
                                46.720418936
                            ],
                            [
                                -122.923908733,
                                46.720418936
                            ],
                            [
                                -122.923908734,
                                46.720418936
                            ],
                            [
                                -122.923908735,
                                46.720418936
                            ],
                            [
                                -122.925556405,
                                46.720417372
                            ],
                            [
                                -122.926545452,
                                46.720416432
                            ],
                            [
                                -122.926624899,
                                46.720416366
                            ],
                            [
                                -122.926628037,
                                46.720470436
                            ],
                            [
                                -122.926728407,
                                46.722216833
                            ],
                            [
                                -122.926728407,
                                46.722216834
                            ],
                            [
                                -122.926728408,
                                46.722216835
                            ],
                            [
                                -122.926728408,
                                46.722216836
                            ],
                            [
                                -122.926728408,
                                46.722216837
                            ],
                            [
                                -122.926728409,
                                46.722216837
                            ],
                            [
                                -122.926728409,
                                46.722216838
                            ],
                            [
                                -122.92672841,
                                46.722216839
                            ],
                            [
                                -122.926728411,
                                46.72221684
                            ],
                            [
                                -122.926728412,
                                46.72221684
                            ],
                            [
                                -122.926728412,
                                46.722216841
                            ],
                            [
                                -122.926728413,
                                46.722216841
                            ],
                            [
                                -122.926728414,
                                46.722216842
                            ],
                            [
                                -122.926728415,
                                46.722216842
                            ],
                            [
                                -122.926728416,
                                46.722216842
                            ],
                            [
                                -122.926728417,
                                46.722216842
                            ],
                            [
                                -122.929203974,
                                46.722207727
                            ],
                            [
                                -122.929270475,
                                46.724097684
                            ],
                            [
                                -122.929270475,
                                46.724097685
                            ],
                            [
                                -122.929270475,
                                46.724097686
                            ],
                            [
                                -122.929270475,
                                46.724097687
                            ],
                            [
                                -122.929270476,
                                46.724097688
                            ],
                            [
                                -122.929270477,
                                46.724097689
                            ],
                            [
                                -122.929270477,
                                46.72409769
                            ],
                            [
                                -122.929270478,
                                46.724097691
                            ],
                            [
                                -122.929270479,
                                46.724097691
                            ],
                            [
                                -122.929270479,
                                46.724097692
                            ],
                            [
                                -122.92927048,
                                46.724097692
                            ],
                            [
                                -122.929270481,
                                46.724097693
                            ],
                            [
                                -122.929270482,
                                46.724097693
                            ],
                            [
                                -122.929270483,
                                46.724097693
                            ],
                            [
                                -122.929270484,
                                46.724097693
                            ],
                            [
                                -122.929270485,
                                46.724097694
                            ],
                            [
                                -122.93184436,
                                46.724086904
                            ],
                            [
                                -122.931807239,
                                46.725916427
                            ],
                            [
                                -122.93180724,
                                46.725916428
                            ],
                            [
                                -122.93180724,
                                46.725916429
                            ],
                            [
                                -122.93180724,
                                46.72591643
                            ],
                            [
                                -122.93180724,
                                46.725916431
                            ],
                            [
                                -122.931807241,
                                46.725916432
                            ],
                            [
                                -122.931807242,
                                46.725916433
                            ],
                            [
                                -122.931807242,
                                46.725916434
                            ],
                            [
                                -122.931807243,
                                46.725916434
                            ],
                            [
                                -122.931807244,
                                46.725916435
                            ],
                            [
                                -122.931807245,
                                46.725916435
                            ],
                            [
                                -122.931807245,
                                46.725916436
                            ],
                            [
                                -122.931807246,
                                46.725916436
                            ],
                            [
                                -122.931807247,
                                46.725916437
                            ],
                            [
                                -122.931807248,
                                46.725916437
                            ],
                            [
                                -122.931807249,
                                46.725916437
                            ],
                            [
                                -122.937085972,
                                46.725958415
                            ],
                            [
                                -122.937085973,
                                46.725958415
                            ],
                            [
                                -122.937085974,
                                46.725958415
                            ],
                            [
                                -122.937085975,
                                46.725958414
                            ],
                            [
                                -122.937085976,
                                46.725958414
                            ],
                            [
                                -122.937085977,
                                46.725958414
                            ],
                            [
                                -122.937085978,
                                46.725958413
                            ],
                            [
                                -122.937085979,
                                46.725958412
                            ],
                            [
                                -122.93708598,
                                46.725958411
                            ],
                            [
                                -122.93708598,
                                46.72595841
                            ],
                            [
                                -122.937085981,
                                46.72595841
                            ],
                            [
                                -122.937085981,
                                46.725958409
                            ],
                            [
                                -122.937085982,
                                46.725958408
                            ],
                            [
                                -122.937085982,
                                46.725958407
                            ],
                            [
                                -122.937085982,
                                46.725958406
                            ],
                            [
                                -122.937085982,
                                46.725958405
                            ],
                            [
                                -122.937089135,
                                46.725492265
                            ],
                            [
                                -122.939714384,
                                46.72550063
                            ],
                            [
                                -122.939718893,
                                46.727619262
                            ],
                            [
                                -122.937943968,
                                46.727621035
                            ],
                            [
                                -122.937677481,
                                46.727540999
                            ],
                            [
                                -122.93767748,
                                46.727540999
                            ],
                            [
                                -122.937677479,
                                46.727540999
                            ],
                            [
                                -122.936730835,
                                46.727544746
                            ],
                            [
                                -122.936730834,
                                46.727544746
                            ],
                            [
                                -122.936730833,
                                46.727544746
                            ],
                            [
                                -122.936730832,
                                46.727544746
                            ],
                            [
                                -122.936730831,
                                46.727544746
                            ],
                            [
                                -122.93673083,
                                46.727544747
                            ],
                            [
                                -122.936730829,
                                46.727544747
                            ],
                            [
                                -122.936730828,
                                46.727544748
                            ],
                            [
                                -122.936730827,
                                46.727544749
                            ],
                            [
                                -122.936730826,
                                46.72754475
                            ],
                            [
                                -122.936730826,
                                46.727544751
                            ],
                            [
                                -122.936730825,
                                46.727544752
                            ],
                            [
                                -122.936730825,
                                46.727544753
                            ],
                            [
                                -122.936730825,
                                46.727544754
                            ],
                            [
                                -122.936730825,
                                46.727544755
                            ],
                            [
                                -122.936730825,
                                46.727544756
                            ],
                            [
                                -122.936767376,
                                46.728721505
                            ],
                            [
                                -122.93645532,
                                46.728706815
                            ],
                            [
                                -122.936455001,
                                46.728653995
                            ],
                            [
                                -122.936455001,
                                46.728653994
                            ],
                            [
                                -122.936455001,
                                46.728653993
                            ],
                            [
                                -122.936455,
                                46.728653992
                            ],
                            [
                                -122.936455,
                                46.728653991
                            ],
                            [
                                -122.936455,
                                46.72865399
                            ],
                            [
                                -122.936454999,
                                46.728653989
                            ],
                            [
                                -122.936454998,
                                46.728653988
                            ],
                            [
                                -122.936454997,
                                46.728653987
                            ],
                            [
                                -122.936454996,
                                46.728653987
                            ],
                            [
                                -122.936454996,
                                46.728653986
                            ],
                            [
                                -122.936454995,
                                46.728653986
                            ],
                            [
                                -122.936454994,
                                46.728653985
                            ],
                            [
                                -122.936454993,
                                46.728653985
                            ],
                            [
                                -122.936454992,
                                46.728653985
                            ],
                            [
                                -122.936454991,
                                46.728653985
                            ],
                            [
                                -122.934450289,
                                46.728655287
                            ],
                            [
                                -122.934451384,
                                46.727785047
                            ],
                            [
                                -122.934451384,
                                46.727785046
                            ],
                            [
                                -122.934451384,
                                46.727785045
                            ],
                            [
                                -122.934451384,
                                46.727785044
                            ],
                            [
                                -122.934451383,
                                46.727785044
                            ],
                            [
                                -122.934451383,
                                46.727785043
                            ],
                            [
                                -122.934451382,
                                46.727785042
                            ],
                            [
                                -122.934451382,
                                46.727785041
                            ],
                            [
                                -122.934451381,
                                46.72778504
                            ],
                            [
                                -122.93445138,
                                46.72778504
                            ],
                            [
                                -122.934451379,
                                46.727785039
                            ],
                            [
                                -122.934451379,
                                46.727785038
                            ],
                            [
                                -122.934451378,
                                46.727785038
                            ],
                            [
                                -122.934451377,
                                46.727785038
                            ],
                            [
                                -122.934451376,
                                46.727785038
                            ],
                            [
                                -122.934451375,
                                46.727785037
                            ],
                            [
                                -122.934451374,
                                46.727785037
                            ],
                            [
                                -122.933171858,
                                46.727823333
                            ],
                            [
                                -122.933171857,
                                46.727823333
                            ],
                            [
                                -122.933171856,
                                46.727823334
                            ],
                            [
                                -122.933171855,
                                46.727823334
                            ],
                            [
                                -122.933171854,
                                46.727823334
                            ],
                            [
                                -122.933171853,
                                46.727823335
                            ],
                            [
                                -122.933171852,
                                46.727823335
                            ],
                            [
                                -122.933171852,
                                46.727823336
                            ],
                            [
                                -122.933171851,
                                46.727823336
                            ],
                            [
                                -122.93317185,
                                46.727823337
                            ],
                            [
                                -122.93317185,
                                46.727823338
                            ],
                            [
                                -122.933171849,
                                46.727823339
                            ],
                            [
                                -122.933171849,
                                46.72782334
                            ],
                            [
                                -122.933171848,
                                46.72782334
                            ],
                            [
                                -122.933171848,
                                46.727823341
                            ],
                            [
                                -122.933171848,
                                46.727823342
                            ],
                            [
                                -122.933171848,
                                46.727823343
                            ],
                            [
                                -122.933156256,
                                46.729616491
                            ],
                            [
                                -122.93305039,
                                46.729914855
                            ],
                            [
                                -122.9321377,
                                46.730875693
                            ],
                            [
                                -122.932137699,
                                46.730875694
                            ],
                            [
                                -122.931872064,
                                46.731192883
                            ],
                            [
                                -122.931872064,
                                46.731192884
                            ],
                            [
                                -122.931799677,
                                46.731302228
                            ],
                            [
                                -122.931799676,
                                46.731302228
                            ],
                            [
                                -122.931734901,
                                46.731413805
                            ],
                            [
                                -122.931734901,
                                46.731413806
                            ],
                            [
                                -122.931628748,
                                46.731642657
                            ],
                            [
                                -122.931543454,
                                46.731780346
                            ],
                            [
                                -122.931543453,
                                46.731780346
                            ],
                            [
                                -122.931543453,
                                46.731780347
                            ],
                            [
                                -122.931543453,
                                46.731780348
                            ],
                            [
                                -122.931491422,
                                46.731966044
                            ],
                            [
                                -122.931369023,
                                46.732217409
                            ],
                            [
                                -122.931289629,
                                46.732339382
                            ],
                            [
                                -122.93112846,
                                46.732544949
                            ],
                            [
                                -122.930956719,
                                46.73271447
                            ],
                            [
                                -122.930748548,
                                46.732881791
                            ],
                            [
                                -122.930555166,
                                46.733042731
                            ],
                            [
                                -122.930555165,
                                46.733042731
                            ],
                            [
                                -122.930555165,
                                46.733042732
                            ],
                            [
                                -122.930555164,
                                46.733042733
                            ],
                            [
                                -122.930555164,
                                46.733042734
                            ],
                            [
                                -122.930555163,
                                46.733042735
                            ],
                            [
                                -122.930555163,
                                46.733042736
                            ],
                            [
                                -122.930555163,
                                46.733042737
                            ],
                            [
                                -122.930555163,
                                46.733042738
                            ],
                            [
                                -122.930555163,
                                46.733042739
                            ],
                            [
                                -122.930555163,
                                46.73304274
                            ],
                            [
                                -122.930555163,
                                46.733042741
                            ],
                            [
                                -122.930804251,
                                46.733886939
                            ],
                            [
                                -122.930804251,
                                46.73388694
                            ],
                            [
                                -122.930804252,
                                46.733886941
                            ],
                            [
                                -122.930804252,
                                46.733886942
                            ],
                            [
                                -122.931188942,
                                46.735190717
                            ],
                            [
                                -122.931188942,
                                46.735190718
                            ],
                            [
                                -122.931188943,
                                46.735190719
                            ],
                            [
                                -122.931188943,
                                46.73519072
                            ],
                            [
                                -122.931188944,
                                46.735190721
                            ],
                            [
                                -122.931188945,
                                46.735190721
                            ],
                            [
                                -122.931188945,
                                46.735190722
                            ],
                            [
                                -122.931188946,
                                46.735190723
                            ],
                            [
                                -122.931188947,
                                46.735190723
                            ],
                            [
                                -122.931188948,
                                46.735190724
                            ],
                            [
                                -122.931188949,
                                46.735190724
                            ],
                            [
                                -122.93118895,
                                46.735190724
                            ],
                            [
                                -122.931188951,
                                46.735190724
                            ],
                            [
                                -122.931188952,
                                46.735190724
                            ],
                            [
                                -122.935788344,
                                46.735230036
                            ],
                            [
                                -122.935788345,
                                46.735230036
                            ],
                            [
                                -122.935788346,
                                46.735230035
                            ],
                            [
                                -122.935788347,
                                46.735230035
                            ],
                            [
                                -122.935788348,
                                46.735230035
                            ],
                            [
                                -122.935788348,
                                46.735230034
                            ],
                            [
                                -122.935788349,
                                46.735230034
                            ],
                            [
                                -122.93578835,
                                46.735230033
                            ],
                            [
                                -122.935788351,
                                46.735230033
                            ],
                            [
                                -122.935788352,
                                46.735230032
                            ],
                            [
                                -122.935788352,
                                46.735230031
                            ],
                            [
                                -122.935788353,
                                46.73523003
                            ],
                            [
                                -122.935788353,
                                46.735230029
                            ],
                            [
                                -122.935788353,
                                46.735230028
                            ],
                            [
                                -122.935788354,
                                46.735230028
                            ],
                            [
                                -122.935788354,
                                46.735230027
                            ],
                            [
                                -122.935788354,
                                46.735230026
                            ],
                            [
                                -122.935788106,
                                46.73520874
                            ],
                            [
                                -122.935774849,
                                46.734071761
                            ],
                            [
                                -122.935774849,
                                46.73407176
                            ],
                            [
                                -122.935774849,
                                46.734071759
                            ],
                            [
                                -122.935774848,
                                46.734071758
                            ],
                            [
                                -122.935774848,
                                46.734071757
                            ],
                            [
                                -122.935774848,
                                46.734071756
                            ],
                            [
                                -122.935774847,
                                46.734071755
                            ],
                            [
                                -122.935774847,
                                46.734071754
                            ],
                            [
                                -122.935774846,
                                46.734071754
                            ],
                            [
                                -122.935774845,
                                46.734071753
                            ],
                            [
                                -122.935774844,
                                46.734071752
                            ],
                            [
                                -122.935774843,
                                46.734071752
                            ],
                            [
                                -122.935774842,
                                46.734071751
                            ],
                            [
                                -122.935774841,
                                46.734071751
                            ],
                            [
                                -122.93577484,
                                46.734071751
                            ],
                            [
                                -122.935774839,
                                46.734071751
                            ],
                            [
                                -122.935739119,
                                46.734071591
                            ],
                            [
                                -122.935726814,
                                46.73392374
                            ],
                            [
                                -122.935886322,
                                46.733924361
                            ],
                            [
                                -122.935886323,
                                46.733924361
                            ],
                            [
                                -122.935886324,
                                46.733924361
                            ],
                            [
                                -122.936050626,
                                46.733889763
                            ],
                            [
                                -122.936050627,
                                46.733889762
                            ],
                            [
                                -122.936050628,
                                46.733889762
                            ],
                            [
                                -122.936050629,
                                46.733889761
                            ],
                            [
                                -122.93605063,
                                46.73388976
                            ],
                            [
                                -122.936050631,
                                46.73388976
                            ],
                            [
                                -122.936050631,
                                46.733889759
                            ],
                            [
                                -122.936050632,
                                46.733889758
                            ],
                            [
                                -122.936050633,
                                46.733889757
                            ],
                            [
                                -122.936050633,
                                46.733889756
                            ],
                            [
                                -122.936050634,
                                46.733889755
                            ],
                            [
                                -122.936050634,
                                46.733889754
                            ],
                            [
                                -122.936050634,
                                46.733889753
                            ],
                            [
                                -122.936050672,
                                46.733889753
                            ],
                            [
                                -122.937563848,
                                46.733571115
                            ],
                            [
                                -122.937563849,
                                46.733571115
                            ],
                            [
                                -122.93756385,
                                46.733571115
                            ],
                            [
                                -122.93756385,
                                46.733571114
                            ],
                            [
                                -122.937563851,
                                46.733571114
                            ],
                            [
                                -122.937563852,
                                46.733571113
                            ],
                            [
                                -122.937563853,
                                46.733571113
                            ],
                            [
                                -122.937563853,
                                46.733571112
                            ],
                            [
                                -122.937563854,
                                46.733571111
                            ],
                            [
                                -122.937563855,
                                46.73357111
                            ],
                            [
                                -122.937563855,
                                46.733571109
                            ],
                            [
                                -122.937641497,
                                46.733371321
                            ],
                            [
                                -122.937641497,
                                46.73337132
                            ],
                            [
                                -122.937645727,
                                46.733352285
                            ],
                            [
                                -122.937645727,
                                46.733352284
                            ],
                            [
                                -122.937648379,
                                46.733333116
                            ],
                            [
                                -122.937648379,
                                46.733333115
                            ],
                            [
                                -122.937649445,
                                46.733313884
                            ],
                            [
                                -122.937684169,
                                46.733314793
                            ],
                            [
                                -122.937855393,
                                46.733319274
                            ],
                            [
                                -122.937855394,
                                46.733319274
                            ],
                            [
                                -122.937855395,
                                46.733319274
                            ],
                            [
                                -122.937855396,
                                46.733319274
                            ],
                            [
                                -122.937855397,
                                46.733319273
                            ],
                            [
                                -122.937855398,
                                46.733319273
                            ],
                            [
                                -122.937855399,
                                46.733319272
                            ],
                            [
                                -122.9378554,
                                46.733319272
                            ],
                            [
                                -122.9378554,
                                46.733319271
                            ],
                            [
                                -122.937855401,
                                46.73331927
                            ],
                            [
                                -122.937855402,
                                46.733319269
                            ],
                            [
                                -122.937855402,
                                46.733319268
                            ],
                            [
                                -122.937855402,
                                46.733319267
                            ],
                            [
                                -122.937855403,
                                46.733319267
                            ],
                            [
                                -122.937855403,
                                46.733319266
                            ],
                            [
                                -122.937855403,
                                46.733319265
                            ],
                            [
                                -122.937859151,
                                46.733021543
                            ],
                            [
                                -122.937860088,
                                46.732997003
                            ],
                            [
                                -122.937864061,
                                46.732972607
                            ],
                            [
                                -122.937871043,
                                46.732948533
                            ],
                            [
                                -122.937880982,
                                46.732924955
                            ],
                            [
                                -122.937893807,
                                46.732902045
                            ],
                            [
                                -122.937909424,
                                46.732879969
                            ],
                            [
                                -122.937927718,
                                46.732858889
                            ],
                            [
                                -122.937948558,
                                46.732838955
                            ],
                            [
                                -122.937971793,
                                46.732820315
                            ],
                            [
                                -122.938038914,
                                46.732766699
                            ],
                            [
                                -122.938038915,
                                46.732766699
                            ],
                            [
                                -122.938099513,
                                46.732709528
                            ],
                            [
                                -122.938099514,
                                46.732709528
                            ],
                            [
                                -122.938153189,
                                46.732649178
                            ],
                            [
                                -122.938410312,
                                46.732649637
                            ],
                            [
                                -122.938411103,
                                46.733027433
                            ],
                            [
                                -122.938411103,
                                46.733027434
                            ],
                            [
                                -122.938411104,
                                46.733027435
                            ],
                            [
                                -122.938411104,
                                46.733027436
                            ],
                            [
                                -122.938411104,
                                46.733027437
                            ],
                            [
                                -122.938411105,
                                46.733027438
                            ],
                            [
                                -122.938411105,
                                46.733027439
                            ],
                            [
                                -122.938411106,
                                46.73302744
                            ],
                            [
                                -122.938411107,
                                46.733027441
                            ],
                            [
                                -122.938411108,
                                46.733027442
                            ],
                            [
                                -122.938411109,
                                46.733027442
                            ],
                            [
                                -122.93841111,
                                46.733027443
                            ],
                            [
                                -122.938411111,
                                46.733027443
                            ],
                            [
                                -122.938411112,
                                46.733027443
                            ],
                            [
                                -122.938411113,
                                46.733027443
                            ],
                            [
                                -122.939725959,
                                46.733024524
                            ],
                            [
                                -122.939731486,
                                46.733535144
                            ],
                            [
                                -122.939731486,
                                46.733535145
                            ],
                            [
                                -122.939731486,
                                46.733535146
                            ],
                            [
                                -122.939731487,
                                46.733535147
                            ],
                            [
                                -122.939731487,
                                46.733535148
                            ],
                            [
                                -122.939731487,
                                46.733535149
                            ],
                            [
                                -122.939731488,
                                46.73353515
                            ],
                            [
                                -122.939731488,
                                46.733535151
                            ],
                            [
                                -122.939731489,
                                46.733535151
                            ],
                            [
                                -122.93973149,
                                46.733535152
                            ],
                            [
                                -122.939731491,
                                46.733535153
                            ],
                            [
                                -122.939731492,
                                46.733535154
                            ],
                            [
                                -122.939731493,
                                46.733535154
                            ],
                            [
                                -122.939731494,
                                46.733535154
                            ],
                            [
                                -122.939731495,
                                46.733535154
                            ],
                            [
                                -122.939731496,
                                46.733535154
                            ],
                            [
                                -122.945363747,
                                46.73356281
                            ],
                            [
                                -122.945233802,
                                46.733894674
                            ],
                            [
                                -122.945233801,
                                46.733894675
                            ],
                            [
                                -122.945233801,
                                46.733894676
                            ],
                            [
                                -122.945233801,
                                46.733894677
                            ],
                            [
                                -122.945233801,
                                46.733894678
                            ],
                            [
                                -122.9452338,
                                46.733894678
                            ],
                            [
                                -122.944709796,
                                46.735232918
                            ],
                            [
                                -122.944121238,
                                46.736497009
                            ],
                            [
                                -122.943907349,
                                46.736452101
                            ],
                            [
                                -122.943907348,
                                46.736452101
                            ],
                            [
                                -122.943907347,
                                46.736452101
                            ],
                            [
                                -122.943907346,
                                46.736452101
                            ],
                            [
                                -122.943907345,
                                46.736452101
                            ],
                            [
                                -122.943907344,
                                46.736452101
                            ],
                            [
                                -122.943907343,
                                46.736452101
                            ],
                            [
                                -122.943907342,
                                46.736452102
                            ],
                            [
                                -122.943907341,
                                46.736452102
                            ],
                            [
                                -122.94390734,
                                46.736452103
                            ],
                            [
                                -122.943907339,
                                46.736452104
                            ],
                            [
                                -122.943907338,
                                46.736452105
                            ],
                            [
                                -122.943907338,
                                46.736452106
                            ],
                            [
                                -122.943544287,
                                46.737230686
                            ],
                            [
                                -122.942653533,
                                46.738849738
                            ],
                            [
                                -122.942653532,
                                46.738849739
                            ],
                            [
                                -122.942653532,
                                46.73884974
                            ],
                            [
                                -122.942653532,
                                46.738849741
                            ],
                            [
                                -122.942653531,
                                46.738849742
                            ],
                            [
                                -122.942653531,
                                46.738849743
                            ],
                            [
                                -122.942653531,
                                46.738849744
                            ],
                            [
                                -122.942653532,
                                46.738849745
                            ],
                            [
                                -122.942653532,
                                46.738849746
                            ],
                            [
                                -122.942653532,
                                46.738849747
                            ],
                            [
                                -122.942653532,
                                46.738849748
                            ],
                            [
                                -122.942653533,
                                46.738849748
                            ],
                            [
                                -122.942653534,
                                46.738849749
                            ],
                            [
                                -122.942653534,
                                46.73884975
                            ],
                            [
                                -122.942653535,
                                46.738849751
                            ],
                            [
                                -122.942653536,
                                46.738849751
                            ],
                            [
                                -122.942653536,
                                46.738849752
                            ],
                            [
                                -122.942653537,
                                46.738849752
                            ],
                            [
                                -122.942653538,
                                46.738849753
                            ],
                            [
                                -122.942653539,
                                46.738849753
                            ],
                            [
                                -122.94265354,
                                46.738849753
                            ],
                            [
                                -122.942653541,
                                46.738849753
                            ],
                            [
                                -122.943164972,
                                46.738864586
                            ],
                            [
                                -122.94449234,
                                46.738877201
                            ],
                            [
                                -122.944492341,
                                46.738877201
                            ],
                            [
                                -122.944492342,
                                46.738877201
                            ],
                            [
                                -122.944492343,
                                46.738877201
                            ],
                            [
                                -122.944492344,
                                46.7388772
                            ],
                            [
                                -122.944492345,
                                46.7388772
                            ],
                            [
                                -122.944492346,
                                46.738877199
                            ],
                            [
                                -122.944492347,
                                46.738877199
                            ],
                            [
                                -122.944492347,
                                46.738877198
                            ],
                            [
                                -122.944492348,
                                46.738877198
                            ],
                            [
                                -122.944492349,
                                46.738877197
                            ],
                            [
                                -122.944818342,
                                46.738432162
                            ],
                            [
                                -122.946245543,
                                46.738668303
                            ],
                            [
                                -122.946245544,
                                46.738668303
                            ],
                            [
                                -122.946245545,
                                46.738668303
                            ],
                            [
                                -122.946245546,
                                46.738668303
                            ],
                            [
                                -122.946245547,
                                46.738668303
                            ],
                            [
                                -122.946245548,
                                46.738668303
                            ],
                            [
                                -122.946245548,
                                46.738668302
                            ],
                            [
                                -122.946245549,
                                46.738668302
                            ],
                            [
                                -122.94624555,
                                46.738668301
                            ],
                            [
                                -122.946245551,
                                46.738668301
                            ],
                            [
                                -122.946245552,
                                46.7386683
                            ],
                            [
                                -122.946245553,
                                46.738668299
                            ],
                            [
                                -122.946301201,
                                46.738585933
                            ],
                            [
                                -122.947066673,
                                46.738750686
                            ],
                            [
                                -122.94701102,
                                46.738827581
                            ],
                            [
                                -122.947011019,
                                46.738827581
                            ],
                            [
                                -122.947011019,
                                46.738827582
                            ],
                            [
                                -122.947011018,
                                46.738827583
                            ],
                            [
                                -122.947011018,
                                46.738827584
                            ],
                            [
                                -122.947011018,
                                46.738827585
                            ],
                            [
                                -122.947011018,
                                46.738827586
                            ],
                            [
                                -122.947011018,
                                46.738827587
                            ],
                            [
                                -122.947011018,
                                46.738827588
                            ],
                            [
                                -122.947011018,
                                46.738827589
                            ],
                            [
                                -122.947011018,
                                46.73882759
                            ],
                            [
                                -122.947011019,
                                46.738827591
                            ],
                            [
                                -122.947011019,
                                46.738827592
                            ],
                            [
                                -122.94701102,
                                46.738827592
                            ],
                            [
                                -122.94701102,
                                46.738827593
                            ],
                            [
                                -122.947011021,
                                46.738827594
                            ],
                            [
                                -122.947011022,
                                46.738827594
                            ],
                            [
                                -122.947011022,
                                46.738827595
                            ],
                            [
                                -122.947011023,
                                46.738827595
                            ],
                            [
                                -122.947011024,
                                46.738827596
                            ],
                            [
                                -122.947011025,
                                46.738827596
                            ],
                            [
                                -122.947011026,
                                46.738827596
                            ],
                            [
                                -122.948580662,
                                46.73909615
                            ],
                            [
                                -122.948580663,
                                46.73909615
                            ],
                            [
                                -122.948580664,
                                46.73909615
                            ],
                            [
                                -122.948580665,
                                46.73909615
                            ],
                            [
                                -122.948580666,
                                46.73909615
                            ],
                            [
                                -122.948580667,
                                46.73909615
                            ],
                            [
                                -122.948580668,
                                46.739096149
                            ],
                            [
                                -122.948580669,
                                46.739096149
                            ],
                            [
                                -122.948580669,
                                46.739096148
                            ],
                            [
                                -122.94858067,
                                46.739096148
                            ],
                            [
                                -122.948580671,
                                46.739096147
                            ],
                            [
                                -122.948580671,
                                46.739096146
                            ],
                            [
                                -122.948580672,
                                46.739096146
                            ],
                            [
                                -122.948580673,
                                46.739096145
                            ],
                            [
                                -122.948580673,
                                46.739096144
                            ],
                            [
                                -122.948645274,
                                46.738942853
                            ],
                            [
                                -122.948955564,
                                46.738646141
                            ],
                            [
                                -122.948955564,
                                46.73864614
                            ],
                            [
                                -122.949265807,
                                46.73827801
                            ],
                            [
                                -122.949265807,
                                46.738278009
                            ],
                            [
                                -122.949464579,
                                46.738014275
                            ],
                            [
                                -122.949464579,
                                46.738014274
                            ],
                            [
                                -122.94946458,
                                46.738014273
                            ],
                            [
                                -122.94946458,
                                46.738014272
                            ],
                            [
                                -122.94946458,
                                46.738014271
                            ],
                            [
                                -122.949599205,
                                46.737541767
                            ],
                            [
                                -122.949678475,
                                46.737278045
                            ],
                            [
                                -122.949714564,
                                46.737116326
                            ],
                            [
                                -122.94974959,
                                46.736959364
                            ],
                            [
                                -122.94974959,
                                46.736959363
                            ],
                            [
                                -122.949749591,
                                46.736959362
                            ],
                            [
                                -122.949749591,
                                46.736959361
                            ],
                            [
                                -122.94973308,
                                46.736640715
                            ],
                            [
                                -122.94973308,
                                46.736640714
                            ],
                            [
                                -122.949733079,
                                46.736640713
                            ],
                            [
                                -122.949733079,
                                46.736640712
                            ],
                            [
                                -122.949733079,
                                46.736640711
                            ],
                            [
                                -122.949733078,
                                46.73664071
                            ],
                            [
                                -122.949605217,
                                46.736459409
                            ],
                            [
                                -122.949605216,
                                46.736459409
                            ],
                            [
                                -122.949605216,
                                46.736459408
                            ],
                            [
                                -122.949261831,
                                46.736113316
                            ],
                            [
                                -122.949261831,
                                46.736113315
                            ],
                            [
                                -122.948934588,
                                46.735855121
                            ],
                            [
                                -122.948599149,
                                46.735470551
                            ],
                            [
                                -122.948415255,
                                46.735162898
                            ],
                            [
                                -122.948358983,
                                46.734882707
                            ],
                            [
                                -122.948398295,
                                46.734591519
                            ],
                            [
                                -122.94858351,
                                46.734419767
                            ],
                            [
                                -122.948796185,
                                46.734288201
                            ],
                            [
                                -122.949098903,
                                46.734173922
                            ],
                            [
                                -122.949513178,
                                46.734074977
                            ],
                            [
                                -122.949731669,
                                46.734017801
                            ],
                            [
                                -122.949975205,
                                46.73395407
                            ],
                            [
                                -122.950260434,
                                46.733897383
                            ],
                            [
                                -122.950260435,
                                46.733897383
                            ],
                            [
                                -122.950260436,
                                46.733897383
                            ],
                            [
                                -122.950260437,
                                46.733897382
                            ],
                            [
                                -122.950260438,
                                46.733897382
                            ],
                            [
                                -122.950260439,
                                46.733897381
                            ],
                            [
                                -122.95026044,
                                46.73389738
                            ],
                            [
                                -122.950260441,
                                46.733897379
                            ],
                            [
                                -122.950260441,
                                46.733897378
                            ],
                            [
                                -122.950260442,
                                46.733897377
                            ],
                            [
                                -122.950260442,
                                46.733897376
                            ],
                            [
                                -122.950260442,
                                46.733897375
                            ],
                            [
                                -122.950260442,
                                46.733897374
                            ],
                            [
                                -122.950260442,
                                46.733897373
                            ],
                            [
                                -122.950260483,
                                46.733897374
                            ],
                            [
                                -122.950321028,
                                46.733885341
                            ],
                            [
                                -122.95032103,
                                46.733897406
                            ],
                            [
                                -122.950321267,
                                46.735294626
                            ],
                            [
                                -122.950321267,
                                46.735294627
                            ],
                            [
                                -122.950321267,
                                46.735294628
                            ],
                            [
                                -122.950321268,
                                46.735294629
                            ],
                            [
                                -122.950321268,
                                46.73529463
                            ],
                            [
                                -122.950321268,
                                46.735294631
                            ],
                            [
                                -122.950321269,
                                46.735294631
                            ],
                            [
                                -122.950321269,
                                46.735294632
                            ],
                            [
                                -122.95032127,
                                46.735294633
                            ],
                            [
                                -122.950321271,
                                46.735294634
                            ],
                            [
                                -122.950321272,
                                46.735294634
                            ],
                            [
                                -122.950321272,
                                46.735294635
                            ],
                            [
                                -122.950321273,
                                46.735294635
                            ],
                            [
                                -122.950321274,
                                46.735294635
                            ],
                            [
                                -122.950321275,
                                46.735294636
                            ],
                            [
                                -122.950321276,
                                46.735294636
                            ],
                            [
                                -122.950321277,
                                46.735294636
                            ],
                            [
                                -122.950321658,
                                46.735294634
                            ],
                            [
                                -122.951713874,
                                46.735287197
                            ],
                            [
                                -122.952424551,
                                46.735283401
                            ],
                            [
                                -122.952435225,
                                46.736733801
                            ],
                            [
                                -122.951712601,
                                46.736712737
                            ],
                            [
                                -122.951214825,
                                46.736698227
                            ],
                            [
                                -122.951214824,
                                46.736698227
                            ],
                            [
                                -122.951214823,
                                46.736698227
                            ],
                            [
                                -122.951214822,
                                46.736698227
                            ],
                            [
                                -122.951214821,
                                46.736698227
                            ],
                            [
                                -122.95121482,
                                46.736698228
                            ],
                            [
                                -122.951214819,
                                46.736698228
                            ],
                            [
                                -122.951214819,
                                46.736698229
                            ],
                            [
                                -122.951214818,
                                46.736698229
                            ],
                            [
                                -122.951214817,
                                46.73669823
                            ],
                            [
                                -122.951214817,
                                46.736698231
                            ],
                            [
                                -122.951214816,
                                46.736698232
                            ],
                            [
                                -122.951214815,
                                46.736698233
                            ],
                            [
                                -122.951214815,
                                46.736698234
                            ],
                            [
                                -122.951214815,
                                46.736698235
                            ],
                            [
                                -122.951214815,
                                46.736698236
                            ],
                            [
                                -122.951214815,
                                46.736698237
                            ],
                            [
                                -122.951224304,
                                46.73706361
                            ],
                            [
                                -122.951226103,
                                46.738035388
                            ],
                            [
                                -122.951226344,
                                46.738165393
                            ],
                            [
                                -122.951226634,
                                46.738321752
                            ],
                            [
                                -122.951052034,
                                46.738722854
                            ],
                            [
                                -122.951052034,
                                46.738722855
                            ],
                            [
                                -122.951052034,
                                46.738722856
                            ],
                            [
                                -122.951052034,
                                46.738722857
                            ],
                            [
                                -122.951052034,
                                46.738722858
                            ],
                            [
                                -122.951051125,
                                46.739192394
                            ],
                            [
                                -122.951068559,
                                46.740787147
                            ],
                            [
                                -122.951068559,
                                46.740787148
                            ],
                            [
                                -122.951068559,
                                46.740787149
                            ],
                            [
                                -122.951068559,
                                46.74078715
                            ],
                            [
                                -122.951068559,
                                46.740787151
                            ],
                            [
                                -122.95106856,
                                46.740787152
                            ],
                            [
                                -122.951068561,
                                46.740787153
                            ],
                            [
                                -122.951068561,
                                46.740787154
                            ],
                            [
                                -122.951068562,
                                46.740787155
                            ],
                            [
                                -122.951068563,
                                46.740787155
                            ],
                            [
                                -122.951068564,
                                46.740787156
                            ],
                            [
                                -122.951068565,
                                46.740787156
                            ],
                            [
                                -122.951068566,
                                46.740787156
                            ],
                            [
                                -122.951068567,
                                46.740787157
                            ],
                            [
                                -122.951068568,
                                46.740787157
                            ],
                            [
                                -122.95170896,
                                46.740790181
                            ],
                            [
                                -122.95230335,
                                46.740792988
                            ],
                            [
                                -122.952324747,
                                46.742426887
                            ],
                            [
                                -122.951707502,
                                46.742423579
                            ],
                            [
                                -122.94503377,
                                46.742387811
                            ],
                            [
                                -122.945033769,
                                46.742387811
                            ],
                            [
                                -122.945033768,
                                46.742387811
                            ],
                            [
                                -122.945033767,
                                46.742387812
                            ],
                            [
                                -122.945033766,
                                46.742387812
                            ],
                            [
                                -122.945033765,
                                46.742387812
                            ],
                            [
                                -122.945033764,
                                46.742387813
                            ],
                            [
                                -122.945033763,
                                46.742387813
                            ],
                            [
                                -122.945033762,
                                46.742387814
                            ],
                            [
                                -122.945033762,
                                46.742387815
                            ],
                            [
                                -122.945033761,
                                46.742387816
                            ],
                            [
                                -122.94503376,
                                46.742387817
                            ],
                            [
                                -122.94503376,
                                46.742387818
                            ],
                            [
                                -122.94503376,
                                46.742387819
                            ],
                            [
                                -122.94503376,
                                46.74238782
                            ],
                            [
                                -122.94503376,
                                46.742387821
                            ],
                            [
                                -122.945032702,
                                46.74608078
                            ],
                            [
                                -122.94497998,
                                46.746088808
                            ],
                            [
                                -122.944979979,
                                46.746088809
                            ],
                            [
                                -122.944979978,
                                46.746088809
                            ],
                            [
                                -122.944979977,
                                46.74608881
                            ],
                            [
                                -122.944979976,
                                46.74608881
                            ],
                            [
                                -122.944979975,
                                46.746088811
                            ],
                            [
                                -122.944979974,
                                46.746088812
                            ],
                            [
                                -122.944979973,
                                46.746088813
                            ],
                            [
                                -122.944979973,
                                46.746088814
                            ],
                            [
                                -122.944979973,
                                46.746088815
                            ],
                            [
                                -122.944979972,
                                46.746088815
                            ],
                            [
                                -122.944979972,
                                46.746088816
                            ],
                            [
                                -122.944979972,
                                46.746088817
                            ],
                            [
                                -122.944979972,
                                46.746088818
                            ],
                            [
                                -122.945023458,
                                46.751892906
                            ],
                            [
                                -122.945033906,
                                46.753287472
                            ],
                            [
                                -122.945057216,
                                46.754821809
                            ],
                            [
                                -122.945061514,
                                46.75613047
                            ],
                            [
                                -122.945061514,
                                46.756130471
                            ],
                            [
                                -122.945061515,
                                46.756130472
                            ],
                            [
                                -122.945061515,
                                46.756130473
                            ],
                            [
                                -122.945061515,
                                46.756130474
                            ],
                            [
                                -122.945061516,
                                46.756130475
                            ],
                            [
                                -122.945061516,
                                46.756130476
                            ],
                            [
                                -122.945061517,
                                46.756130477
                            ],
                            [
                                -122.945061518,
                                46.756130478
                            ],
                            [
                                -122.945061519,
                                46.756130479
                            ],
                            [
                                -122.94506152,
                                46.756130479
                            ],
                            [
                                -122.945061521,
                                46.75613048
                            ],
                            [
                                -122.945061522,
                                46.75613048
                            ],
                            [
                                -122.945061523,
                                46.75613048
                            ],
                            [
                                -122.945061524,
                                46.75613048
                            ],
                            [
                                -122.946593858,
                                46.756134688
                            ],
                            [
                                -122.946393165,
                                46.756440949
                            ],
                            [
                                -122.946393164,
                                46.75644095
                            ],
                            [
                                -122.946393164,
                                46.756440951
                            ],
                            [
                                -122.946393164,
                                46.756440952
                            ],
                            [
                                -122.946393163,
                                46.756440953
                            ],
                            [
                                -122.946393163,
                                46.756440954
                            ],
                            [
                                -122.946393163,
                                46.756440955
                            ],
                            [
                                -122.946393163,
                                46.756440956
                            ],
                            [
                                -122.946393163,
                                46.756440957
                            ],
                            [
                                -122.946393164,
                                46.756440957
                            ],
                            [
                                -122.946393164,
                                46.756440958
                            ],
                            [
                                -122.946393164,
                                46.756440959
                            ],
                            [
                                -122.946393165,
                                46.75644096
                            ],
                            [
                                -122.946393165,
                                46.756440961
                            ],
                            [
                                -122.946393166,
                                46.756440962
                            ],
                            [
                                -122.946393167,
                                46.756440962
                            ],
                            [
                                -122.946393168,
                                46.756440963
                            ],
                            [
                                -122.946393169,
                                46.756440964
                            ],
                            [
                                -122.94639317,
                                46.756440964
                            ],
                            [
                                -122.947225566,
                                46.756711525
                            ],
                            [
                                -122.947225567,
                                46.756711525
                            ],
                            [
                                -122.947225568,
                                46.756711525
                            ],
                            [
                                -122.947225569,
                                46.756711526
                            ],
                            [
                                -122.94722557,
                                46.756711526
                            ],
                            [
                                -122.947225571,
                                46.756711525
                            ],
                            [
                                -122.947225572,
                                46.756711525
                            ],
                            [
                                -122.947225573,
                                46.756711525
                            ],
                            [
                                -122.947225574,
                                46.756711524
                            ],
                            [
                                -122.947225575,
                                46.756711523
                            ],
                            [
                                -122.947225576,
                                46.756711523
                            ],
                            [
                                -122.947225577,
                                46.756711522
                            ],
                            [
                                -122.947225577,
                                46.756711521
                            ],
                            [
                                -122.947675989,
                                46.756006842
                            ],
                            [
                                -122.94767599,
                                46.756006841
                            ],
                            [
                                -122.94767599,
                                46.75600684
                            ],
                            [
                                -122.948021776,
                                46.755215135
                            ],
                            [
                                -122.948297252,
                                46.754913458
                            ],
                            [
                                -122.949619092,
                                46.754009926
                            ],
                            [
                                -122.949619093,
                                46.754009925
                            ],
                            [
                                -122.950342412,
                                46.753433324
                            ],
                            [
                                -122.950342413,
                                46.753433323
                            ],
                            [
                                -122.950919847,
                                46.752828664
                            ],
                            [
                                -122.950919848,
                                46.752828663
                            ],
                            [
                                -122.951637651,
                                46.75189646
                            ],
                            [
                                -122.951637652,
                                46.75189646
                            ],
                            [
                                -122.951637652,
                                46.751896459
                            ],
                            [
                                -122.951637652,
                                46.751896458
                            ],
                            [
                                -122.951637653,
                                46.751896457
                            ],
                            [
                                -122.951637653,
                                46.751896456
                            ],
                            [
                                -122.951637653,
                                46.751896455
                            ],
                            [
                                -122.951637653,
                                46.751896454
                            ],
                            [
                                -122.951637656,
                                46.751896454
                            ],
                            [
                                -122.951699114,
                                46.751816639
                            ],
                            [
                                -122.951699114,
                                46.751816633
                            ],
                            [
                                -122.951699115,
                                46.751816632
                            ],
                            [
                                -122.951699116,
                                46.751816632
                            ],
                            [
                                -122.951699117,
                                46.751816632
                            ],
                            [
                                -122.951699118,
                                46.751816632
                            ],
                            [
                                -122.951699119,
                                46.751816631
                            ],
                            [
                                -122.95169912,
                                46.751816631
                            ],
                            [
                                -122.951699121,
                                46.75181663
                            ],
                            [
                                -122.951699121,
                                46.751816629
                            ],
                            [
                                -122.951699122,
                                46.751816629
                            ],
                            [
                                -122.953288144,
                                46.749752984
                            ],
                            [
                                -122.953760574,
                                46.749124602
                            ],
                            [
                                -122.953760575,
                                46.749124601
                            ],
                            [
                                -122.953888689,
                                46.74891953
                            ],
                            [
                                -122.953888689,
                                46.748919529
                            ],
                            [
                                -122.95388869,
                                46.748919528
                            ],
                            [
                                -122.953989512,
                                46.748673068
                            ],
                            [
                                -122.953989512,
                                46.748673067
                            ],
                            [
                                -122.953989512,
                                46.748673066
                            ],
                            [
                                -122.9540405,
                                46.748406227
                            ],
                            [
                                -122.9540405,
                                46.748406226
                            ],
                            [
                                -122.9540405,
                                46.748406225
                            ],
                            [
                                -122.954044158,
                                46.748184148
                            ],
                            [
                                -122.954042569,
                                46.747972713
                            ],
                            [
                                -122.954025669,
                                46.7460864
                            ],
                            [
                                -122.955598825,
                                46.746099217
                            ],
                            [
                                -122.955598833,
                                46.746150531
                            ],
                            [
                                -122.955598833,
                                46.746150532
                            ],
                            [
                                -122.955598833,
                                46.746150533
                            ],
                            [
                                -122.955598833,
                                46.746150534
                            ],
                            [
                                -122.955598833,
                                46.746150535
                            ],
                            [
                                -122.955598834,
                                46.746150536
                            ],
                            [
                                -122.955598835,
                                46.746150537
                            ],
                            [
                                -122.955598835,
                                46.746150538
                            ],
                            [
                                -122.955598836,
                                46.746150539
                            ],
                            [
                                -122.955598837,
                                46.746150539
                            ],
                            [
                                -122.955598838,
                                46.74615054
                            ],
                            [
                                -122.955598839,
                                46.74615054
                            ],
                            [
                                -122.95559884,
                                46.74615054
                            ],
                            [
                                -122.955598841,
                                46.746150541
                            ],
                            [
                                -122.955598842,
                                46.746150541
                            ],
                            [
                                -122.958718221,
                                46.746176236
                            ],
                            [
                                -122.958718222,
                                46.746176236
                            ],
                            [
                                -122.958718223,
                                46.746176236
                            ],
                            [
                                -122.958718224,
                                46.746176235
                            ],
                            [
                                -122.958718225,
                                46.746176235
                            ],
                            [
                                -122.958718226,
                                46.746176235
                            ],
                            [
                                -122.958718227,
                                46.746176234
                            ],
                            [
                                -122.958718228,
                                46.746176233
                            ],
                            [
                                -122.958718229,
                                46.746176232
                            ],
                            [
                                -122.95871823,
                                46.746176231
                            ],
                            [
                                -122.95871823,
                                46.74617623
                            ],
                            [
                                -122.958718231,
                                46.746176229
                            ],
                            [
                                -122.958718231,
                                46.746176228
                            ],
                            [
                                -122.958718231,
                                46.746176227
                            ],
                            [
                                -122.958718231,
                                46.746176226
                            ],
                            [
                                -122.958718231,
                                46.746176225
                            ],
                            [
                                -122.958718231,
                                46.746176224
                            ],
                            [
                                -122.958718231,
                                46.746176223
                            ],
                            [
                                -122.95871823,
                                46.746176222
                            ],
                            [
                                -122.958580527,
                                46.745873456
                            ],
                            [
                                -122.958547011,
                                46.745655478
                            ],
                            [
                                -122.958566971,
                                46.745259655
                            ],
                            [
                                -122.958660418,
                                46.744559589
                            ],
                            [
                                -122.958792816,
                                46.744312711
                            ],
                            [
                                -122.959102146,
                                46.744054269
                            ],
                            [
                                -122.959423977,
                                46.743790448
                            ],
                            [
                                -122.959423978,
                                46.743790448
                            ],
                            [
                                -122.959972836,
                                46.743287842
                            ],
                            [
                                -122.959972837,
                                46.743287841
                            ],
                            [
                                -122.960229112,
                                46.743038814
                            ],
                            [
                                -122.960486759,
                                46.742843697
                            ],
                            [
                                -122.960624121,
                                46.742747814
                            ],
                            [
                                -122.960624122,
                                46.742747814
                            ],
                            [
                                -122.960834477,
                                46.742584796
                            ],
                            [
                                -122.962152607,
                                46.742595316
                            ],
                            [
                                -122.962152608,
                                46.742595316
                            ],
                            [
                                -122.962152609,
                                46.742595316
                            ],
                            [
                                -122.96215261,
                                46.742595316
                            ],
                            [
                                -122.962152611,
                                46.742595315
                            ],
                            [
                                -122.962152612,
                                46.742595315
                            ],
                            [
                                -122.962152613,
                                46.742595315
                            ],
                            [
                                -122.962152614,
                                46.742595314
                            ],
                            [
                                -122.962152614,
                                46.742595313
                            ],
                            [
                                -122.962152615,
                                46.742595313
                            ],
                            [
                                -122.962152616,
                                46.742595312
                            ],
                            [
                                -122.962152616,
                                46.742595311
                            ],
                            [
                                -122.962152616,
                                46.74259531
                            ],
                            [
                                -122.962152617,
                                46.742595309
                            ],
                            [
                                -122.962152617,
                                46.742595308
                            ],
                            [
                                -122.962152617,
                                46.742595307
                            ],
                            [
                                -122.962152617,
                                46.742595306
                            ],
                            [
                                -122.962169803,
                                46.738990701
                            ],
                            [
                                -122.962169803,
                                46.7389907
                            ],
                            [
                                -122.962169803,
                                46.738990699
                            ],
                            [
                                -122.962169803,
                                46.738990698
                            ],
                            [
                                -122.962169802,
                                46.738990697
                            ],
                            [
                                -122.962169801,
                                46.738990696
                            ],
                            [
                                -122.962169801,
                                46.738990695
                            ],
                            [
                                -122.9621698,
                                46.738990694
                            ],
                            [
                                -122.962169799,
                                46.738990693
                            ],
                            [
                                -122.962169798,
                                46.738990692
                            ],
                            [
                                -122.962169797,
                                46.738990692
                            ],
                            [
                                -122.962169796,
                                46.738990692
                            ],
                            [
                                -122.962169795,
                                46.738990691
                            ],
                            [
                                -122.962169794,
                                46.738990691
                            ],
                            [
                                -122.962169793,
                                46.738990691
                            ],
                            [
                                -122.959032926,
                                46.738964203
                            ],
                            [
                                -122.959033498,
                                46.738689398
                            ],
                            [
                                -122.959110101,
                                46.738688604
                            ],
                            [
                                -122.959110102,
                                46.738688603
                            ],
                            [
                                -122.959110103,
                                46.738688603
                            ],
                            [
                                -122.959110104,
                                46.738688603
                            ],
                            [
                                -122.959110105,
                                46.738688602
                            ],
                            [
                                -122.959110106,
                                46.738688602
                            ],
                            [
                                -122.959110107,
                                46.738688601
                            ],
                            [
                                -122.959110108,
                                46.738688601
                            ],
                            [
                                -122.959110108,
                                46.7386886
                            ],
                            [
                                -122.959110109,
                                46.738688599
                            ],
                            [
                                -122.959110109,
                                46.738688598
                            ],
                            [
                                -122.95911011,
                                46.738688597
                            ],
                            [
                                -122.95911011,
                                46.738688596
                            ],
                            [
                                -122.95911011,
                                46.738688595
                            ],
                            [
                                -122.95911011,
                                46.738688594
                            ],
                            [
                                -122.95911011,
                                46.738688593
                            ],
                            [
                                -122.959095079,
                                46.736053612
                            ],
                            [
                                -122.959095079,
                                46.736053611
                            ],
                            [
                                -122.959095079,
                                46.73605361
                            ],
                            [
                                -122.959095079,
                                46.736053609
                            ],
                            [
                                -122.959095078,
                                46.736053608
                            ],
                            [
                                -122.959095078,
                                46.736053607
                            ],
                            [
                                -122.959095077,
                                46.736053606
                            ],
                            [
                                -122.959095077,
                                46.736053605
                            ],
                            [
                                -122.959095076,
                                46.736053605
                            ],
                            [
                                -122.959095075,
                                46.736053604
                            ],
                            [
                                -122.959095074,
                                46.736053603
                            ],
                            [
                                -122.959095073,
                                46.736053603
                            ],
                            [
                                -122.959095072,
                                46.736053602
                            ],
                            [
                                -122.959095071,
                                46.736053602
                            ],
                            [
                                -122.95909507,
                                46.736053602
                            ],
                            [
                                -122.959095069,
                                46.736053602
                            ],
                            [
                                -122.958083344,
                                46.736052926
                            ],
                            [
                                -122.958083343,
                                46.736052927
                            ],
                            [
                                -122.958083342,
                                46.736052927
                            ],
                            [
                                -122.958083341,
                                46.736052927
                            ],
                            [
                                -122.95808334,
                                46.736052928
                            ],
                            [
                                -122.958083339,
                                46.736052928
                            ],
                            [
                                -122.958083338,
                                46.736052929
                            ],
                            [
                                -122.958083337,
                                46.736052929
                            ],
                            [
                                -122.958083337,
                                46.73605293
                            ],
                            [
                                -122.958083336,
                                46.736052931
                            ],
                            [
                                -122.958083336,
                                46.736052932
                            ],
                            [
                                -122.958083335,
                                46.736052933
                            ],
                            [
                                -122.958083335,
                                46.736052934
                            ],
                            [
                                -122.958083335,
                                46.736052935
                            ],
                            [
                                -122.958083335,
                                46.736052936
                            ],
                            [
                                -122.958083334,
                                46.736052936
                            ],
                            [
                                -122.958087373,
                                46.736510857
                            ],
                            [
                                -122.955903116,
                                46.736556122
                            ],
                            [
                                -122.955888693,
                                46.735295352
                            ],
                            [
                                -122.958137983,
                                46.735282589
                            ],
                            [
                                -122.958137984,
                                46.735282589
                            ],
                            [
                                -122.958137985,
                                46.735282589
                            ],
                            [
                                -122.958137986,
                                46.735282589
                            ],
                            [
                                -122.958137987,
                                46.735282588
                            ],
                            [
                                -122.958137988,
                                46.735282588
                            ],
                            [
                                -122.958137989,
                                46.735282587
                            ],
                            [
                                -122.95813799,
                                46.735282586
                            ],
                            [
                                -122.958137991,
                                46.735282585
                            ],
                            [
                                -122.958137991,
                                46.735282584
                            ],
                            [
                                -122.958137992,
                                46.735282584
                            ],
                            [
                                -122.958137992,
                                46.735282583
                            ],
                            [
                                -122.958137992,
                                46.735282582
                            ],
                            [
                                -122.958137993,
                                46.735282581
                            ],
                            [
                                -122.958137993,
                                46.73528258
                            ],
                            [
                                -122.958137993,
                                46.735282579
                            ],
                            [
                                -122.958127043,
                                46.734394224
                            ],
                            [
                                -122.958127043,
                                46.734394223
                            ],
                            [
                                -122.958127043,
                                46.734394222
                            ],
                            [
                                -122.958127042,
                                46.734394221
                            ],
                            [
                                -122.958127042,
                                46.73439422
                            ],
                            [
                                -122.958127042,
                                46.734394219
                            ],
                            [
                                -122.958127041,
                                46.734394218
                            ],
                            [
                                -122.95812704,
                                46.734394217
                            ],
                            [
                                -122.958127039,
                                46.734394216
                            ],
                            [
                                -122.958127038,
                                46.734394215
                            ],
                            [
                                -122.958127037,
                                46.734394215
                            ],
                            [
                                -122.958127036,
                                46.734394215
                            ],
                            [
                                -122.958127035,
                                46.734394214
                            ],
                            [
                                -122.958127034,
                                46.734394214
                            ],
                            [
                                -122.958127033,
                                46.734394214
                            ],
                            [
                                -122.956275304,
                                46.734300497
                            ],
                            [
                                -122.956271926,
                                46.734025707
                            ],
                            [
                                -122.956271926,
                                46.734025706
                            ],
                            [
                                -122.956271926,
                                46.734025705
                            ],
                            [
                                -122.956271926,
                                46.734025704
                            ],
                            [
                                -122.956271925,
                                46.734025703
                            ],
                            [
                                -122.956271925,
                                46.734025702
                            ],
                            [
                                -122.956271924,
                                46.734025702
                            ],
                            [
                                -122.956271924,
                                46.734025701
                            ],
                            [
                                -122.956271923,
                                46.7340257
                            ],
                            [
                                -122.956271922,
                                46.734025699
                            ],
                            [
                                -122.956271921,
                                46.734025699
                            ],
                            [
                                -122.95627192,
                                46.734025698
                            ],
                            [
                                -122.956271919,
                                46.734025698
                            ],
                            [
                                -122.956271918,
                                46.734025697
                            ],
                            [
                                -122.956271917,
                                46.734025697
                            ],
                            [
                                -122.953917398,
                                46.733906195
                            ],
                            [
                                -122.953917265,
                                46.733898831
                            ],
                            [
                                -122.96575339,
                                46.733902471
                            ],
                            [
                                -122.965631499,
                                46.734029774
                            ],
                            [
                                -122.965395038,
                                46.73422311
                            ],
                            [
                                -122.96499843,
                                46.734470521
                            ],
                            [
                                -122.96436718,
                                46.734437357
                            ],
                            [
                                -122.964367179,
                                46.734437357
                            ],
                            [
                                -122.964367178,
                                46.734437357
                            ],
                            [
                                -122.964367177,
                                46.734437357
                            ],
                            [
                                -122.964367176,
                                46.734437357
                            ],
                            [
                                -122.964367175,
                                46.734437358
                            ],
                            [
                                -122.964367174,
                                46.734437358
                            ],
                            [
                                -122.964367173,
                                46.734437359
                            ],
                            [
                                -122.964367172,
                                46.73443736
                            ],
                            [
                                -122.964367171,
                                46.734437361
                            ],
                            [
                                -122.964367171,
                                46.734437362
                            ],
                            [
                                -122.96436717,
                                46.734437363
                            ],
                            [
                                -122.96436717,
                                46.734437364
                            ],
                            [
                                -122.96436717,
                                46.734437365
                            ],
                            [
                                -122.96436717,
                                46.734437366
                            ],
                            [
                                -122.96436717,
                                46.734437367
                            ],
                            [
                                -122.964384377,
                                46.735465326
                            ],
                            [
                                -122.964384377,
                                46.735465327
                            ],
                            [
                                -122.964384377,
                                46.735465328
                            ],
                            [
                                -122.964384377,
                                46.735465329
                            ],
                            [
                                -122.964384378,
                                46.73546533
                            ],
                            [
                                -122.964384379,
                                46.735465331
                            ],
                            [
                                -122.964384379,
                                46.735465332
                            ],
                            [
                                -122.96438438,
                                46.735465333
                            ],
                            [
                                -122.964384381,
                                46.735465333
                            ],
                            [
                                -122.964384381,
                                46.735465334
                            ],
                            [
                                -122.964384382,
                                46.735465334
                            ],
                            [
                                -122.964384383,
                                46.735465335
                            ],
                            [
                                -122.964384384,
                                46.735465335
                            ],
                            [
                                -122.964384385,
                                46.735465335
                            ],
                            [
                                -122.964384386,
                                46.735465336
                            ],
                            [
                                -122.964384387,
                                46.735465336
                            ],
                            [
                                -122.966105887,
                                46.735483031
                            ],
                            [
                                -122.96610256,
                                46.736445675
                            ],
                            [
                                -122.96610256,
                                46.736445676
                            ],
                            [
                                -122.96610256,
                                46.736445677
                            ],
                            [
                                -122.96610256,
                                46.736445678
                            ],
                            [
                                -122.96610256,
                                46.736445679
                            ],
                            [
                                -122.966102561,
                                46.73644568
                            ],
                            [
                                -122.966102561,
                                46.736445681
                            ],
                            [
                                -122.966102562,
                                46.736445681
                            ],
                            [
                                -122.966102563,
                                46.736445682
                            ],
                            [
                                -122.966102563,
                                46.736445683
                            ],
                            [
                                -122.966102564,
                                46.736445683
                            ],
                            [
                                -122.966102565,
                                46.736445684
                            ],
                            [
                                -122.966102566,
                                46.736445684
                            ],
                            [
                                -122.966102567,
                                46.736445685
                            ],
                            [
                                -122.966102568,
                                46.736445685
                            ],
                            [
                                -122.966102569,
                                46.736445685
                            ],
                            [
                                -122.96610257,
                                46.736445685
                            ],
                            [
                                -122.968554622,
                                46.736486122
                            ],
                            [
                                -122.968547045,
                                46.73722289
                            ],
                            [
                                -122.968547045,
                                46.737222891
                            ],
                            [
                                -122.968547045,
                                46.737222892
                            ],
                            [
                                -122.968547046,
                                46.737222893
                            ],
                            [
                                -122.968547046,
                                46.737222894
                            ],
                            [
                                -122.968547046,
                                46.737222895
                            ],
                            [
                                -122.968547047,
                                46.737222895
                            ],
                            [
                                -122.968547047,
                                46.737222896
                            ],
                            [
                                -122.968547048,
                                46.737222897
                            ],
                            [
                                -122.968547049,
                                46.737222898
                            ],
                            [
                                -122.96854705,
                                46.737222898
                            ],
                            [
                                -122.96854705,
                                46.737222899
                            ],
                            [
                                -122.968547051,
                                46.737222899
                            ],
                            [
                                -122.968547052,
                                46.7372229
                            ],
                            [
                                -122.968547053,
                                46.7372229
                            ],
                            [
                                -122.968547054,
                                46.7372229
                            ],
                            [
                                -122.968547055,
                                46.7372229
                            ],
                            [
                                -122.97132587,
                                46.737240332
                            ],
                            [
                                -122.971325871,
                                46.737240332
                            ],
                            [
                                -122.971325872,
                                46.737240332
                            ],
                            [
                                -122.971325873,
                                46.737240331
                            ],
                            [
                                -122.971325874,
                                46.737240331
                            ],
                            [
                                -122.971325875,
                                46.737240331
                            ],
                            [
                                -122.971325876,
                                46.73724033
                            ],
                            [
                                -122.971325877,
                                46.73724033
                            ],
                            [
                                -122.971325877,
                                46.737240329
                            ],
                            [
                                -122.971325878,
                                46.737240328
                            ],
                            [
                                -122.971325879,
                                46.737240327
                            ],
                            [
                                -122.97132588,
                                46.737240326
                            ],
                            [
                                -122.97132588,
                                46.737240325
                            ],
                            [
                                -122.97132588,
                                46.737240324
                            ],
                            [
                                -122.97132588,
                                46.737240323
                            ],
                            [
                                -122.97132588,
                                46.737240322
                            ],
                            [
                                -122.971328411,
                                46.736834598
                            ],
                            [
                                -122.973755651,
                                46.736849966
                            ],
                            [
                                -122.973755652,
                                46.736849966
                            ],
                            [
                                -122.973755653,
                                46.736849966
                            ],
                            [
                                -122.973755654,
                                46.736849966
                            ],
                            [
                                -122.973755655,
                                46.736849965
                            ],
                            [
                                -122.973755656,
                                46.736849965
                            ],
                            [
                                -122.973755657,
                                46.736849964
                            ],
                            [
                                -122.973755658,
                                46.736849963
                            ],
                            [
                                -122.973755659,
                                46.736849962
                            ],
                            [
                                -122.973755659,
                                46.736849961
                            ],
                            [
                                -122.97375566,
                                46.73684996
                            ],
                            [
                                -122.97375566,
                                46.736849959
                            ],
                            [
                                -122.973755661,
                                46.736849958
                            ],
                            [
                                -122.973755661,
                                46.736849957
                            ],
                            [
                                -122.973755661,
                                46.736849956
                            ],
                            [
                                -122.973755661,
                                46.736849955
                            ],
                            [
                                -122.973723889,
                                46.736634363
                            ],
                            [
                                -122.973949613,
                                46.736474423
                            ],
                            [
                                -122.973949614,
                                46.736474422
                            ],
                            [
                                -122.973949615,
                                46.736474421
                            ],
                            [
                                -122.973949616,
                                46.73647442
                            ],
                            [
                                -122.973949616,
                                46.736474419
                            ],
                            [
                                -122.973949617,
                                46.736474418
                            ],
                            [
                                -122.973949617,
                                46.736474417
                            ],
                            [
                                -122.973949617,
                                46.736474416
                            ],
                            [
                                -122.973949617,
                                46.736474415
                            ],
                            [
                                -122.973949617,
                                46.736474414
                            ],
                            [
                                -122.973950494,
                                46.736303013
                            ],
                            [
                                -122.974037478,
                                46.736306345
                            ],
                            [
                                -122.974037479,
                                46.736306345
                            ],
                            [
                                -122.97403748,
                                46.736306344
                            ],
                            [
                                -122.974037481,
                                46.736306344
                            ],
                            [
                                -122.974037482,
                                46.736306344
                            ],
                            [
                                -122.974037483,
                                46.736306344
                            ],
                            [
                                -122.974037484,
                                46.736306343
                            ],
                            [
                                -122.974037485,
                                46.736306343
                            ],
                            [
                                -122.974037485,
                                46.736306342
                            ],
                            [
                                -122.974037486,
                                46.736306341
                            ],
                            [
                                -122.974037487,
                                46.736306341
                            ],
                            [
                                -122.974037487,
                                46.73630634
                            ],
                            [
                                -122.974037488,
                                46.736306339
                            ],
                            [
                                -122.974037488,
                                46.736306338
                            ],
                            [
                                -122.974037488,
                                46.736306337
                            ],
                            [
                                -122.974037489,
                                46.736306336
                            ],
                            [
                                -122.974037489,
                                46.736306335
                            ],
                            [
                                -122.974079348,
                                46.735517527
                            ],
                            [
                                -122.974079348,
                                46.735517526
                            ],
                            [
                                -122.974079347,
                                46.735517525
                            ],
                            [
                                -122.974079347,
                                46.735517524
                            ],
                            [
                                -122.973937864,
                                46.734947133
                            ],
                            [
                                -122.973946049,
                                46.734945448
                            ],
                            [
                                -122.974028858,
                                46.734945386
                            ],
                            [
                                -122.97412622,
                                46.734955058
                            ],
                            [
                                -122.974239912,
                                46.735052395
                            ],
                            [
                                -122.974713397,
                                46.735501344
                            ],
                            [
                                -122.974713398,
                                46.735501345
                            ],
                            [
                                -122.974713399,
                                46.735501345
                            ],
                            [
                                -122.9747134,
                                46.735501346
                            ],
                            [
                                -122.974873467,
                                46.735568316
                            ],
                            [
                                -122.975056894,
                                46.735709186
                            ],
                            [
                                -122.975807431,
                                46.73636398
                            ],
                            [
                                -122.975807596,
                                46.736364124
                            ],
                            [
                                -122.976834993,
                                46.737260328
                            ],
                            [
                                -122.977890611,
                                46.738181149
                            ],
                            [
                                -122.977890612,
                                46.738181149
                            ],
                            [
                                -122.977890613,
                                46.73818115
                            ],
                            [
                                -122.977890614,
                                46.73818115
                            ],
                            [
                                -122.977890615,
                                46.738181151
                            ],
                            [
                                -122.977890616,
                                46.738181151
                            ],
                            [
                                -122.977890617,
                                46.738181151
                            ],
                            [
                                -122.977890618,
                                46.738181151
                            ],
                            [
                                -122.977890618,
                                46.738181154
                            ],
                            [
                                -122.981820612,
                                46.741609308
                            ],
                            [
                                -122.981820613,
                                46.741609309
                            ],
                            [
                                -122.981820614,
                                46.741609309
                            ],
                            [
                                -122.981820615,
                                46.74160931
                            ],
                            [
                                -122.981820616,
                                46.74160931
                            ],
                            [
                                -122.981820617,
                                46.74160931
                            ],
                            [
                                -122.981820618,
                                46.741609311
                            ],
                            [
                                -122.981820619,
                                46.741609311
                            ],
                            [
                                -122.98182062,
                                46.741609311
                            ],
                            [
                                -122.98182062,
                                46.74160931
                            ],
                            [
                                -122.981820621,
                                46.74160931
                            ],
                            [
                                -122.981820622,
                                46.74160931
                            ],
                            [
                                -122.981820623,
                                46.74160931
                            ],
                            [
                                -122.981820624,
                                46.741609309
                            ],
                            [
                                -122.981820625,
                                46.741609308
                            ],
                            [
                                -122.981820626,
                                46.741609308
                            ],
                            [
                                -122.981820626,
                                46.741609307
                            ],
                            [
                                -122.981820627,
                                46.741609306
                            ],
                            [
                                -122.981820628,
                                46.741609305
                            ],
                            [
                                -122.981820628,
                                46.741609304
                            ],
                            [
                                -122.981820629,
                                46.741609303
                            ],
                            [
                                -122.981820629,
                                46.741609302
                            ],
                            [
                                -122.981820629,
                                46.741609301
                            ],
                            [
                                -122.981823639,
                                46.740234743
                            ],
                            [
                                -122.985810577,
                                46.74029416
                            ],
                            [
                                -122.985810578,
                                46.74029416
                            ],
                            [
                                -122.985810579,
                                46.74029416
                            ],
                            [
                                -122.98581058,
                                46.74029416
                            ],
                            [
                                -122.985810581,
                                46.740294159
                            ],
                            [
                                -122.985810582,
                                46.740294159
                            ],
                            [
                                -122.985810583,
                                46.740294158
                            ],
                            [
                                -122.985810584,
                                46.740294157
                            ],
                            [
                                -122.985810585,
                                46.740294156
                            ],
                            [
                                -122.985810586,
                                46.740294155
                            ],
                            [
                                -122.985810586,
                                46.740294154
                            ],
                            [
                                -122.985810586,
                                46.740294153
                            ],
                            [
                                -122.985810587,
                                46.740294152
                            ],
                            [
                                -122.985810587,
                                46.740294151
                            ],
                            [
                                -122.985810587,
                                46.74029415
                            ],
                            [
                                -122.985920227,
                                46.735835885
                            ],
                            [
                                -122.985924623,
                                46.735828987
                            ],
                            [
                                -122.985960835,
                                46.735828384
                            ],
                            [
                                -122.986014307,
                                46.735824816
                            ],
                            [
                                -122.986076892,
                                46.735826861
                            ],
                            [
                                -122.985997371,
                                46.739174227
                            ],
                            [
                                -122.985997371,
                                46.739174228
                            ],
                            [
                                -122.985997371,
                                46.739174229
                            ],
                            [
                                -122.985997372,
                                46.73917423
                            ],
                            [
                                -122.985997372,
                                46.739174231
                            ],
                            [
                                -122.985997372,
                                46.739174232
                            ],
                            [
                                -122.985997373,
                                46.739174233
                            ],
                            [
                                -122.985997373,
                                46.739174234
                            ],
                            [
                                -122.985997374,
                                46.739174235
                            ],
                            [
                                -122.985997375,
                                46.739174235
                            ],
                            [
                                -122.985997376,
                                46.739174236
                            ],
                            [
                                -122.985997377,
                                46.739174237
                            ],
                            [
                                -122.985997378,
                                46.739174237
                            ],
                            [
                                -122.985997379,
                                46.739174237
                            ],
                            [
                                -122.98599738,
                                46.739174238
                            ],
                            [
                                -122.985997381,
                                46.739174238
                            ],
                            [
                                -122.988808147,
                                46.739243035
                            ],
                            [
                                -122.992874379,
                                46.739306121
                            ],
                            [
                                -122.99287438,
                                46.739306121
                            ],
                            [
                                -122.992874381,
                                46.739306121
                            ],
                            [
                                -122.992874382,
                                46.73930612
                            ],
                            [
                                -122.992874383,
                                46.73930612
                            ],
                            [
                                -122.992874384,
                                46.739306119
                            ],
                            [
                                -122.992874385,
                                46.739306119
                            ],
                            [
                                -122.992874386,
                                46.739306118
                            ],
                            [
                                -122.992874386,
                                46.739306117
                            ],
                            [
                                -122.992874387,
                                46.739306117
                            ],
                            [
                                -122.992874388,
                                46.739306116
                            ],
                            [
                                -122.992874388,
                                46.739306115
                            ],
                            [
                                -122.992874388,
                                46.739306114
                            ],
                            [
                                -122.992874389,
                                46.739306113
                            ],
                            [
                                -122.992874389,
                                46.739306112
                            ],
                            [
                                -122.992874389,
                                46.739306111
                            ],
                            [
                                -122.992874389,
                                46.73930611
                            ],
                            [
                                -122.992874389,
                                46.739306109
                            ],
                            [
                                -122.992874388,
                                46.739306108
                            ],
                            [
                                -122.992874388,
                                46.739306107
                            ],
                            [
                                -122.992874388,
                                46.739306106
                            ],
                            [
                                -122.992874387,
                                46.739306105
                            ],
                            [
                                -122.992874386,
                                46.739306104
                            ],
                            [
                                -122.99146871,
                                46.737815955
                            ],
                            [
                                -122.99229544,
                                46.737415287
                            ],
                            [
                                -122.992295441,
                                46.737415286
                            ],
                            [
                                -122.992295442,
                                46.737415286
                            ],
                            [
                                -122.992295443,
                                46.737415285
                            ],
                            [
                                -122.992295444,
                                46.737415284
                            ],
                            [
                                -122.992295444,
                                46.737415283
                            ],
                            [
                                -122.992295445,
                                46.737415283
                            ],
                            [
                                -122.992295445,
                                46.737415282
                            ],
                            [
                                -122.992295446,
                                46.737415281
                            ],
                            [
                                -122.992295446,
                                46.73741528
                            ],
                            [
                                -122.992295446,
                                46.737415279
                            ],
                            [
                                -122.992295446,
                                46.737415278
                            ],
                            [
                                -122.992295446,
                                46.737415277
                            ],
                            [
                                -122.992295446,
                                46.737415276
                            ],
                            [
                                -122.992295446,
                                46.737415275
                            ],
                            [
                                -122.992295445,
                                46.737415274
                            ],
                            [
                                -122.992295445,
                                46.737415273
                            ],
                            [
                                -122.992295445,
                                46.737415272
                            ],
                            [
                                -122.992295444,
                                46.737415271
                            ],
                            [
                                -122.992295443,
                                46.737415271
                            ],
                            [
                                -122.992127255,
                                46.737238751
                            ],
                            [
                                -122.992447439,
                                46.737101429
                            ],
                            [
                                -122.99244744,
                                46.737101428
                            ],
                            [
                                -122.992447441,
                                46.737101427
                            ],
                            [
                                -122.992447442,
                                46.737101427
                            ],
                            [
                                -122.992447443,
                                46.737101426
                            ],
                            [
                                -122.992447443,
                                46.737101425
                            ],
                            [
                                -122.992447444,
                                46.737101424
                            ],
                            [
                                -122.992447444,
                                46.737101423
                            ],
                            [
                                -122.992447444,
                                46.737101422
                            ],
                            [
                                -122.992447445,
                                46.737101421
                            ],
                            [
                                -122.992447445,
                                46.73710142
                            ],
                            [
                                -122.992447445,
                                46.737101419
                            ],
                            [
                                -122.992447445,
                                46.737101418
                            ],
                            [
                                -122.992447444,
                                46.737101417
                            ],
                            [
                                -122.992447444,
                                46.737101416
                            ],
                            [
                                -122.992447444,
                                46.737101415
                            ],
                            [
                                -122.992447443,
                                46.737101415
                            ],
                            [
                                -122.992447443,
                                46.737101414
                            ],
                            [
                                -122.992447442,
                                46.737101413
                            ],
                            [
                                -122.99164817,
                                46.736193947
                            ],
                            [
                                -122.992241859,
                                46.736236796
                            ],
                            [
                                -122.99224186,
                                46.736236796
                            ],
                            [
                                -122.992241861,
                                46.736236796
                            ],
                            [
                                -122.992241862,
                                46.736236796
                            ],
                            [
                                -122.992241863,
                                46.736236795
                            ],
                            [
                                -122.992241864,
                                46.736236794
                            ],
                            [
                                -122.992241865,
                                46.736236794
                            ],
                            [
                                -122.992241866,
                                46.736236793
                            ],
                            [
                                -122.992241867,
                                46.736236793
                            ],
                            [
                                -122.992241867,
                                46.736236792
                            ],
                            [
                                -122.992241868,
                                46.736236791
                            ],
                            [
                                -122.992241868,
                                46.73623679
                            ],
                            [
                                -122.992241869,
                                46.736236789
                            ],
                            [
                                -122.992241869,
                                46.736236788
                            ],
                            [
                                -122.992241869,
                                46.736236787
                            ],
                            [
                                -122.992241869,
                                46.736236786
                            ],
                            [
                                -122.992250114,
                                46.735966956
                            ],
                            [
                                -122.992254275,
                                46.735647507
                            ],
                            [
                                -122.992254275,
                                46.735647506
                            ],
                            [
                                -122.992249479,
                                46.735476281
                            ],
                            [
                                -122.99854821,
                                46.735507907
                            ],
                            [
                                -122.99851542,
                                46.740589618
                            ],
                            [
                                -122.99851542,
                                46.740589619
                            ],
                            [
                                -122.99851542,
                                46.74058962
                            ],
                            [
                                -122.998515421,
                                46.740589621
                            ],
                            [
                                -122.998515421,
                                46.740589622
                            ],
                            [
                                -122.998515421,
                                46.740589623
                            ],
                            [
                                -122.998515422,
                                46.740589624
                            ],
                            [
                                -122.998515422,
                                46.740589625
                            ],
                            [
                                -122.998515423,
                                46.740589625
                            ],
                            [
                                -122.998515424,
                                46.740589626
                            ],
                            [
                                -122.998515425,
                                46.740589627
                            ],
                            [
                                -122.998515426,
                                46.740589627
                            ],
                            [
                                -122.998515426,
                                46.740589628
                            ],
                            [
                                -122.998515427,
                                46.740589628
                            ],
                            [
                                -122.999422527,
                                46.740854473
                            ],
                            [
                                -122.999422528,
                                46.740854473
                            ],
                            [
                                -122.999422529,
                                46.740854473
                            ],
                            [
                                -122.99942253,
                                46.740854474
                            ],
                            [
                                -122.999422531,
                                46.740854473
                            ],
                            [
                                -122.999422532,
                                46.740854473
                            ],
                            [
                                -122.999422533,
                                46.740854473
                            ],
                            [
                                -122.999422534,
                                46.740854473
                            ],
                            [
                                -122.999422534,
                                46.740854472
                            ],
                            [
                                -122.999422535,
                                46.740854472
                            ],
                            [
                                -122.999422536,
                                46.740854471
                            ],
                            [
                                -122.999422537,
                                46.740854471
                            ],
                            [
                                -122.999422537,
                                46.74085447
                            ],
                            [
                                -122.999422538,
                                46.740854469
                            ],
                            [
                                -122.999422539,
                                46.740854468
                            ],
                            [
                                -122.999422539,
                                46.740854467
                            ],
                            [
                                -122.999422539,
                                46.740854466
                            ],
                            [
                                -122.99942254,
                                46.740854465
                            ],
                            [
                                -122.99942254,
                                46.740854464
                            ],
                            [
                                -122.999426816,
                                46.74045755
                            ],
                            [
                                -122.999897471,
                                46.740459915
                            ],
                            [
                                -122.999897472,
                                46.740459915
                            ],
                            [
                                -122.999897473,
                                46.740459915
                            ],
                            [
                                -122.999897474,
                                46.740459915
                            ],
                            [
                                -122.999897475,
                                46.740459915
                            ],
                            [
                                -122.999897476,
                                46.740459914
                            ],
                            [
                                -122.999897477,
                                46.740459913
                            ],
                            [
                                -122.999897478,
                                46.740459912
                            ],
                            [
                                -122.999897479,
                                46.740459912
                            ],
                            [
                                -122.999897479,
                                46.740459911
                            ],
                            [
                                -122.99989748,
                                46.74045991
                            ],
                            [
                                -122.99989748,
                                46.740459909
                            ],
                            [
                                -122.99989748,
                                46.740459908
                            ],
                            [
                                -122.999897481,
                                46.740459907
                            ],
                            [
                                -122.999897481,
                                46.740459906
                            ],
                            [
                                -122.999933899,
                                46.73929512
                            ],
                            [
                                -123.004070028,
                                46.73927952
                            ],
                            [
                                -123.005716191,
                                46.739273312
                            ],
                            [
                                -123.005716192,
                                46.739273312
                            ],
                            [
                                -123.005716193,
                                46.739273312
                            ],
                            [
                                -123.005716194,
                                46.739273311
                            ],
                            [
                                -123.005716195,
                                46.739273311
                            ],
                            [
                                -123.005716196,
                                46.739273311
                            ],
                            [
                                -123.005716196,
                                46.73927331
                            ],
                            [
                                -123.005716197,
                                46.73927331
                            ],
                            [
                                -123.005716198,
                                46.739273309
                            ],
                            [
                                -123.005716199,
                                46.739273308
                            ],
                            [
                                -123.005716199,
                                46.739273307
                            ],
                            [
                                -123.0057162,
                                46.739273307
                            ],
                            [
                                -123.0057162,
                                46.739273306
                            ],
                            [
                                -123.005716201,
                                46.739273305
                            ],
                            [
                                -123.005716201,
                                46.739273304
                            ],
                            [
                                -123.005716201,
                                46.739273303
                            ],
                            [
                                -123.005716201,
                                46.739273302
                            ],
                            [
                                -123.005741825,
                                46.73849013
                            ],
                            [
                                -123.006961522,
                                46.738498585
                            ],
                            [
                                -123.006941235,
                                46.739490477
                            ],
                            [
                                -123.006941235,
                                46.739490478
                            ],
                            [
                                -123.006941235,
                                46.739490479
                            ],
                            [
                                -123.006941235,
                                46.73949048
                            ],
                            [
                                -123.006941235,
                                46.739490481
                            ],
                            [
                                -123.006941236,
                                46.739490482
                            ],
                            [
                                -123.006941236,
                                46.739490483
                            ],
                            [
                                -123.006941237,
                                46.739490483
                            ],
                            [
                                -123.006941237,
                                46.739490484
                            ],
                            [
                                -123.006941238,
                                46.739490485
                            ],
                            [
                                -123.006941239,
                                46.739490485
                            ],
                            [
                                -123.00694124,
                                46.739490486
                            ],
                            [
                                -123.006941241,
                                46.739490486
                            ],
                            [
                                -123.006941242,
                                46.739490487
                            ],
                            [
                                -123.006941243,
                                46.739490487
                            ],
                            [
                                -123.006941244,
                                46.739490487
                            ],
                            [
                                -123.006941245,
                                46.739490487
                            ],
                            [
                                -123.007111968,
                                46.739488701
                            ],
                            [
                                -123.007078158,
                                46.7401169
                            ],
                            [
                                -123.006811561,
                                46.741150099
                            ],
                            [
                                -123.006094198,
                                46.743008161
                            ],
                            [
                                -123.00609238,
                                46.743009009
                            ],
                            [
                                -123.004070268,
                                46.742434205
                            ],
                            [
                                -123.004070267,
                                46.742434205
                            ],
                            [
                                -123.004070266,
                                46.742434205
                            ],
                            [
                                -123.004070265,
                                46.742434205
                            ],
                            [
                                -123.003626232,
                                46.742307984
                            ],
                            [
                                -123.003626231,
                                46.742307984
                            ],
                            [
                                -123.00362623,
                                46.742307984
                            ],
                            [
                                -123.003626229,
                                46.742307984
                            ],
                            [
                                -123.003626228,
                                46.742307984
                            ],
                            [
                                -123.003626227,
                                46.742307984
                            ],
                            [
                                -123.003626226,
                                46.742307984
                            ],
                            [
                                -123.003626225,
                                46.742307984
                            ],
                            [
                                -123.003626224,
                                46.742307985
                            ],
                            [
                                -123.003626223,
                                46.742307985
                            ],
                            [
                                -123.003626223,
                                46.742307986
                            ],
                            [
                                -123.003626222,
                                46.742307987
                            ],
                            [
                                -123.003626221,
                                46.742307987
                            ],
                            [
                                -123.003626221,
                                46.742307988
                            ],
                            [
                                -123.00362622,
                                46.742307989
                            ],
                            [
                                -123.00362622,
                                46.74230799
                            ],
                            [
                                -123.003626219,
                                46.742307991
                            ],
                            [
                                -123.003626219,
                                46.742307992
                            ],
                            [
                                -123.003495187,
                                46.743053857
                            ],
                            [
                                -123.00309169,
                                46.745350009
                            ],
                            [
                                -123.00309169,
                                46.74535001
                            ],
                            [
                                -123.003056828,
                                46.746011867
                            ],
                            [
                                -123.003056828,
                                46.746011868
                            ],
                            [
                                -123.003056828,
                                46.746011869
                            ],
                            [
                                -123.003056829,
                                46.74601187
                            ],
                            [
                                -123.003056829,
                                46.746011871
                            ],
                            [
                                -123.003056829,
                                46.746011872
                            ],
                            [
                                -123.00305683,
                                46.746011873
                            ],
                            [
                                -123.00305683,
                                46.746011874
                            ],
                            [
                                -123.003056831,
                                46.746011874
                            ],
                            [
                                -123.003056831,
                                46.746011875
                            ],
                            [
                                -123.003056832,
                                46.746011876
                            ],
                            [
                                -123.003056833,
                                46.746011876
                            ],
                            [
                                -123.003056834,
                                46.746011877
                            ],
                            [
                                -123.003056835,
                                46.746011877
                            ],
                            [
                                -123.003056836,
                                46.746011877
                            ],
                            [
                                -123.003056836,
                                46.746011878
                            ],
                            [
                                -123.003056837,
                                46.746011878
                            ],
                            [
                                -123.003056838,
                                46.746011878
                            ],
                            [
                                -123.004070535,
                                46.746014314
                            ],
                            [
                                -123.004825558,
                                46.746016128
                            ],
                            [
                                -123.005344131,
                                46.746017369
                            ],
                            [
                                -123.005344132,
                                46.746017369
                            ],
                            [
                                -123.005344133,
                                46.746017369
                            ],
                            [
                                -123.005344134,
                                46.746017369
                            ],
                            [
                                -123.005344135,
                                46.746017368
                            ],
                            [
                                -123.005344136,
                                46.746017368
                            ],
                            [
                                -123.005344137,
                                46.746017367
                            ],
                            [
                                -123.005344138,
                                46.746017367
                            ],
                            [
                                -123.005344138,
                                46.746017366
                            ],
                            [
                                -123.005344139,
                                46.746017365
                            ],
                            [
                                -123.00534414,
                                46.746017364
                            ],
                            [
                                -123.005344141,
                                46.746017363
                            ],
                            [
                                -123.005344141,
                                46.746017362
                            ],
                            [
                                -123.005344141,
                                46.746017361
                            ],
                            [
                                -123.005344141,
                                46.74601736
                            ],
                            [
                                -123.005355891,
                                46.745817088
                            ],
                            [
                                -123.005538466,
                                46.745496657
                            ],
                            [
                                -123.005978058,
                                46.745101352
                            ],
                            [
                                -123.006544079,
                                46.744748301
                            ],
                            [
                                -123.007386338,
                                46.744411688
                            ],
                            [
                                -123.008196514,
                                46.744294843
                            ],
                            [
                                -123.009075805,
                                46.744197619
                            ],
                            [
                                -123.00983613,
                                46.744078453
                            ],
                            [
                                -123.012429668,
                                46.743993456
                            ],
                            [
                                -123.012429669,
                                46.743993456
                            ],
                            [
                                -123.014255848,
                                46.743626898
                            ],
                            [
                                -123.014255849,
                                46.743626898
                            ],
                            [
                                -123.01425585,
                                46.743626898
                            ],
                            [
                                -123.01425585,
                                46.743626897
                            ],
                            [
                                -123.014255851,
                                46.743626897
                            ],
                            [
                                -123.014255852,
                                46.743626896
                            ],
                            [
                                -123.014255853,
                                46.743626895
                            ],
                            [
                                -123.014255854,
                                46.743626894
                            ],
                            [
                                -123.014255855,
                                46.743626893
                            ],
                            [
                                -123.014255855,
                                46.743626892
                            ],
                            [
                                -123.014255855,
                                46.743626891
                            ],
                            [
                                -123.014255856,
                                46.74362689
                            ],
                            [
                                -123.014255856,
                                46.743626889
                            ],
                            [
                                -123.014255856,
                                46.743626888
                            ],
                            [
                                -123.014371914,
                                46.735530529
                            ],
                            [
                                -123.015961891,
                                46.735523721
                            ],
                            [
                                -123.015961892,
                                46.735523721
                            ],
                            [
                                -123.016384214,
                                46.735494102
                            ],
                            [
                                -123.016384215,
                                46.735494102
                            ],
                            [
                                -123.016384216,
                                46.735494102
                            ],
                            [
                                -123.016384217,
                                46.735494101
                            ],
                            [
                                -123.016384218,
                                46.7354941
                            ],
                            [
                                -123.016384219,
                                46.7354941
                            ],
                            [
                                -123.01638422,
                                46.735494099
                            ],
                            [
                                -123.016384221,
                                46.735494098
                            ],
                            [
                                -123.016384222,
                                46.735494097
                            ],
                            [
                                -123.016384222,
                                46.735494096
                            ],
                            [
                                -123.016384222,
                                46.735494095
                            ],
                            [
                                -123.016384223,
                                46.735494094
                            ],
                            [
                                -123.016384223,
                                46.735494093
                            ],
                            [
                                -123.016384223,
                                46.735494092
                            ],
                            [
                                -123.016384223,
                                46.735494091
                            ],
                            [
                                -123.016384223,
                                46.73549409
                            ],
                            [
                                -123.016372151,
                                46.735416214
                            ],
                            [
                                -123.017706276,
                                46.735386784
                            ],
                            [
                                -123.018580865,
                                46.735448573
                            ],
                            [
                                -123.018580866,
                                46.735448573
                            ],
                            [
                                -123.019545399,
                                46.735407975
                            ],
                            [
                                -123.0195454,
                                46.735407975
                            ],
                            [
                                -123.019545401,
                                46.735407975
                            ],
                            [
                                -123.019545402,
                                46.735407975
                            ],
                            [
                                -123.019545403,
                                46.735407974
                            ],
                            [
                                -123.019545404,
                                46.735407974
                            ],
                            [
                                -123.019545405,
                                46.735407973
                            ],
                            [
                                -123.019545406,
                                46.735407972
                            ],
                            [
                                -123.019545406,
                                46.735407971
                            ],
                            [
                                -123.019545407,
                                46.735407971
                            ],
                            [
                                -123.019545407,
                                46.73540797
                            ],
                            [
                                -123.019545408,
                                46.735407969
                            ],
                            [
                                -123.019545408,
                                46.735407968
                            ],
                            [
                                -123.019545408,
                                46.735407967
                            ],
                            [
                                -123.019545408,
                                46.735407966
                            ],
                            [
                                -123.019545408,
                                46.735407965
                            ],
                            [
                                -123.019545408,
                                46.735407964
                            ],
                            [
                                -123.019545408,
                                46.735407963
                            ],
                            [
                                -123.019545408,
                                46.735407962
                            ],
                            [
                                -123.019026852,
                                46.733906728
                            ],
                            [
                                -123.019026852,
                                46.733906727
                            ],
                            [
                                -123.019026852,
                                46.733906726
                            ],
                            [
                                -123.019026851,
                                46.733906725
                            ],
                            [
                                -123.018876375,
                                46.73347109
                            ]
                        ]
                    ],
                    [
                        [
                            [
                                -122.954002234,
                                46.730492144
                            ],
                            [
                                -122.954219871,
                                46.730447449
                            ],
                            [
                                -122.954219872,
                                46.730447448
                            ],
                            [
                                -122.954973212,
                                46.730184513
                            ],
                            [
                                -122.954973212,
                                46.730184512
                            ],
                            [
                                -122.954973213,
                                46.730184512
                            ],
                            [
                                -122.955415065,
                                46.729945765
                            ],
                            [
                                -122.955559798,
                                46.729867561
                            ],
                            [
                                -122.955559799,
                                46.72986756
                            ],
                            [
                                -122.955669786,
                                46.729813829
                            ],
                            [
                                -122.955787067,
                                46.729778762
                            ],
                            [
                                -122.955813954,
                                46.729771909
                            ],
                            [
                                -122.955830604,
                                46.729767665
                            ],
                            [
                                -122.956049577,
                                46.729711852
                            ],
                            [
                                -122.956049578,
                                46.729711852
                            ],
                            [
                                -122.956049579,
                                46.729711852
                            ],
                            [
                                -122.956075763,
                                46.729699562
                            ],
                            [
                                -122.956077913,
                                46.729698964
                            ],
                            [
                                -122.956120871,
                                46.729686035
                            ],
                            [
                                -122.956266167,
                                46.729686128
                            ],
                            [
                                -122.956382201,
                                46.729691873
                            ],
                            [
                                -122.956617977,
                                46.729703547
                            ],
                            [
                                -122.956754731,
                                46.729716647
                            ],
                            [
                                -122.956886775,
                                46.729754563
                            ],
                            [
                                -122.957051195,
                                46.729810082
                            ],
                            [
                                -122.95718473,
                                46.729862487
                            ],
                            [
                                -122.957288655,
                                46.729961368
                            ],
                            [
                                -122.957589822,
                                46.730277005
                            ],
                            [
                                -122.958140894,
                                46.730823001
                            ],
                            [
                                -122.958402582,
                                46.731100079
                            ],
                            [
                                -122.958505826,
                                46.731233355
                            ],
                            [
                                -122.958505827,
                                46.731233356
                            ],
                            [
                                -122.958505828,
                                46.731233357
                            ],
                            [
                                -122.958505829,
                                46.731233357
                            ],
                            [
                                -122.95866237,
                                46.731334374
                            ],
                            [
                                -122.959157051,
                                46.731766156
                            ],
                            [
                                -122.959157052,
                                46.731766156
                            ],
                            [
                                -122.959157053,
                                46.731766157
                            ],
                            [
                                -122.959597879,
                                46.732011283
                            ],
                            [
                                -122.959597879,
                                46.732011284
                            ],
                            [
                                -122.959937618,
                                46.73216497
                            ],
                            [
                                -122.959937619,
                                46.73216497
                            ],
                            [
                                -122.95993762,
                                46.73216497
                            ],
                            [
                                -122.960200975,
                                46.73221362
                            ],
                            [
                                -122.960200976,
                                46.732213621
                            ],
                            [
                                -122.960200977,
                                46.732213621
                            ],
                            [
                                -122.960587903,
                                46.732210928
                            ],
                            [
                                -122.960587904,
                                46.732210928
                            ],
                            [
                                -122.960587905,
                                46.732210927
                            ],
                            [
                                -122.960587906,
                                46.732210927
                            ],
                            [
                                -122.960963341,
                                46.732087868
                            ],
                            [
                                -122.961822413,
                                46.731804132
                            ],
                            [
                                -122.962507335,
                                46.731578729
                            ],
                            [
                                -122.962877975,
                                46.731486078
                            ],
                            [
                                -122.963032847,
                                46.731449809
                            ],
                            [
                                -122.963324516,
                                46.73138813
                            ],
                            [
                                -122.963393083,
                                46.73137363
                            ],
                            [
                                -122.963601828,
                                46.731337139
                            ],
                            [
                                -122.963829886,
                                46.73130553
                            ],
                            [
                                -122.964070496,
                                46.731272181
                            ],
                            [
                                -122.964233279,
                                46.731254133
                            ],
                            [
                                -122.964540374,
                                46.73122855
                            ],
                            [
                                -122.964593599,
                                46.731224116
                            ],
                            [
                                -122.965083954,
                                46.731183266
                            ],
                            [
                                -122.965441479,
                                46.73115348
                            ],
                            [
                                -122.96544148,
                                46.73115348
                            ],
                            [
                                -122.965621386,
                                46.731117549
                            ],
                            [
                                -122.965621387,
                                46.731117548
                            ],
                            [
                                -122.965621388,
                                46.731117548
                            ],
                            [
                                -122.965947006,
                                46.730973718
                            ],
                            [
                                -122.966163946,
                                46.730875342
                            ],
                            [
                                -122.96633588,
                                46.730823877
                            ],
                            [
                                -122.966446821,
                                46.730796037
                            ],
                            [
                                -122.966520892,
                                46.730777448
                            ],
                            [
                                -122.966660504,
                                46.730749716
                            ],
                            [
                                -122.966683041,
                                46.73081698
                            ],
                            [
                                -122.966739821,
                                46.731066798
                            ],
                            [
                                -122.966741423,
                                46.73136142
                            ],
                            [
                                -122.966073576,
                                46.731359421
                            ],
                            [
                                -122.966073575,
                                46.731359421
                            ],
                            [
                                -122.966073574,
                                46.731359421
                            ],
                            [
                                -122.966073573,
                                46.731359421
                            ],
                            [
                                -122.966073572,
                                46.731359422
                            ],
                            [
                                -122.966073571,
                                46.731359422
                            ],
                            [
                                -122.96607357,
                                46.731359423
                            ],
                            [
                                -122.966073569,
                                46.731359424
                            ],
                            [
                                -122.966073568,
                                46.731359425
                            ],
                            [
                                -122.966073567,
                                46.731359426
                            ],
                            [
                                -122.966073567,
                                46.731359427
                            ],
                            [
                                -122.966073566,
                                46.731359428
                            ],
                            [
                                -122.966073566,
                                46.731359429
                            ],
                            [
                                -122.966073566,
                                46.73135943
                            ],
                            [
                                -122.966073566,
                                46.731359431
                            ],
                            [
                                -122.966092645,
                                46.733728028
                            ],
                            [
                                -122.965918345,
                                46.733730196
                            ],
                            [
                                -122.965918344,
                                46.733730196
                            ],
                            [
                                -122.965918343,
                                46.733730196
                            ],
                            [
                                -122.965918342,
                                46.733730196
                            ],
                            [
                                -122.965918341,
                                46.733730197
                            ],
                            [
                                -122.96591834,
                                46.733730197
                            ],
                            [
                                -122.965918339,
                                46.733730198
                            ],
                            [
                                -122.965918338,
                                46.733730198
                            ],
                            [
                                -122.965918338,
                                46.733730199
                            ],
                            [
                                -122.965753396,
                                46.733902464
                            ],
                            [
                                -122.965753396,
                                46.733902465
                            ],
                            [
                                -122.965753395,
                                46.733902466
                            ],
                            [
                                -122.965753395,
                                46.733902467
                            ],
                            [
                                -122.965753394,
                                46.733902467
                            ],
                            [
                                -122.965753394,
                                46.733902468
                            ],
                            [
                                -122.965753394,
                                46.733902469
                            ],
                            [
                                -122.965753394,
                                46.73390247
                            ],
                            [
                                -122.965753394,
                                46.733902471
                            ],
                            [
                                -122.965753392,
                                46.733902471
                            ],
                            [
                                -122.953917265,
                                46.733898831
                            ],
                            [
                                -122.953856867,
                                46.730530122
                            ],
                            [
                                -122.953859263,
                                46.730528964
                            ],
                            [
                                -122.954002234,
                                46.730492144
                            ]
                        ]
                    ],
                    [
                        [
                            [
                                -122.883345,
                                46.473709
                            ],
                            [
                                -122.889858,
                                46.473715
                            ],
                            [
                                -122.889849,
                                46.478215
                            ],
                            [
                                -122.883336,
                                46.478209
                            ],
                            [
                                -122.883345,
                                46.473709
                            ]
                        ]
                    ],
                    [
                        [
                            [
                                -122.586703,
                                46.519998
                            ],
                            [
                                -122.593221,
                                46.520021
                            ],
                            [
                                -122.593188,
                                46.524521
                            ],
                            [
                                -122.586669,
                                46.524498
                            ],
                            [
                                -122.586703,
                                46.519998
                            ]
                        ]
                    ],
                    [
                        [
                            [
                                -122.551954,
                                46.526866
                            ],
                            [
                                -122.558473,
                                46.526891
                            ],
                            [
                                -122.558436,
                                46.531391
                            ],
                            [
                                -122.551917,
                                46.531365
                            ],
                            [
                                -122.551954,
                                46.526866
                            ]
                        ]
                    ],
                    [
                        [
                            [
                                -122.626825,
                                46.533817
                            ],
                            [
                                -122.626856,
                                46.529317
                            ],
                            [
                                -122.633375,
                                46.529339
                            ],
                            [
                                -122.633345,
                                46.533838
                            ],
                            [
                                -122.626825,
                                46.533817
                            ]
                        ]
                    ],
                    [
                        [
                            [
                                -122.717146,
                                46.530313
                            ],
                            [
                                -122.723666,
                                46.530329
                            ],
                            [
                                -122.723643,
                                46.534829
                            ],
                            [
                                -122.717123,
                                46.534813
                            ],
                            [
                                -122.717146,
                                46.530313
                            ]
                        ]
                    ],
                    [
                        [
                            [
                                -122.867671,
                                46.544591
                            ],
                            [
                                -122.874192,
                                46.544598
                            ],
                            [
                                -122.874182,
                                46.549098
                            ],
                            [
                                -122.86766,
                                46.549091
                            ],
                            [
                                -122.867671,
                                46.544591
                            ]
                        ]
                    ],
                    [
                        [
                            [
                                -122.919312,
                                46.629089
                            ],
                            [
                                -122.912781,
                                46.629084
                            ],
                            [
                                -122.912781,
                                46.629083
                            ],
                            [
                                -122.906954,
                                46.629078
                            ],
                            [
                                -122.906962,
                                46.624579
                            ],
                            [
                                -122.913493,
                                46.624584
                            ],
                            [
                                -122.913493,
                                46.624585
                            ],
                            [
                                -122.919147,
                                46.624589
                            ],
                            [
                                -122.919147,
                                46.624575
                            ],
                            [
                                -122.925678,
                                46.624579
                            ],
                            [
                                -122.925672,
                                46.629079
                            ],
                            [
                                -122.919312,
                                46.629075
                            ],
                            [
                                -122.919312,
                                46.629089
                            ]
                        ]
                    ],
                    [
                        [
                            [
                                -122.951308355,
                                46.641000177
                            ],
                            [
                                -122.951268759,
                                46.640967205
                            ],
                            [
                                -122.949847029,
                                46.639782078
                            ],
                            [
                                -122.949847029,
                                46.639782077
                            ],
                            [
                                -122.949847028,
                                46.639782077
                            ],
                            [
                                -122.949847027,
                                46.639782077
                            ],
                            [
                                -122.949847026,
                                46.639782076
                            ],
                            [
                                -122.949847025,
                                46.639782076
                            ],
                            [
                                -122.949847024,
                                46.639782076
                            ],
                            [
                                -122.949847023,
                                46.639782076
                            ],
                            [
                                -122.949847022,
                                46.639782076
                            ],
                            [
                                -122.949847021,
                                46.639782076
                            ],
                            [
                                -122.94984702,
                                46.639782076
                            ],
                            [
                                -122.949847019,
                                46.639782076
                            ],
                            [
                                -122.949847018,
                                46.639782077
                            ],
                            [
                                -122.949847017,
                                46.639782078
                            ],
                            [
                                -122.949847016,
                                46.639782079
                            ],
                            [
                                -122.949847015,
                                46.639782079
                            ],
                            [
                                -122.949847015,
                                46.63978208
                            ],
                            [
                                -122.949847014,
                                46.639782081
                            ],
                            [
                                -122.949847014,
                                46.639782082
                            ],
                            [
                                -122.949847014,
                                46.639782083
                            ],
                            [
                                -122.949847013,
                                46.639782084
                            ],
                            [
                                -122.949847013,
                                46.639782085
                            ],
                            [
                                -122.949847013,
                                46.639782086
                            ],
                            [
                                -122.94982783,
                                46.641083004
                            ],
                            [
                                -122.949811107,
                                46.641077393
                            ],
                            [
                                -122.94866947,
                                46.640189377
                            ],
                            [
                                -122.948669469,
                                46.640189376
                            ],
                            [
                                -122.948669468,
                                46.640189376
                            ],
                            [
                                -122.948669468,
                                46.640189375
                            ],
                            [
                                -122.948669467,
                                46.640189375
                            ],
                            [
                                -122.948669466,
                                46.640189375
                            ],
                            [
                                -122.948669465,
                                46.640189375
                            ],
                            [
                                -122.948669464,
                                46.640189375
                            ],
                            [
                                -122.943940209,
                                46.640092746
                            ],
                            [
                                -122.941978165,
                                46.639704565
                            ],
                            [
                                -122.941978164,
                                46.639704564
                            ],
                            [
                                -122.941978163,
                                46.639704564
                            ],
                            [
                                -122.941751752,
                                46.639703361
                            ],
                            [
                                -122.941754429,
                                46.637519012
                            ],
                            [
                                -122.941754429,
                                46.637519011
                            ],
                            [
                                -122.941754428,
                                46.63751901
                            ],
                            [
                                -122.941754428,
                                46.637519009
                            ],
                            [
                                -122.941754428,
                                46.637519008
                            ],
                            [
                                -122.941754428,
                                46.637519007
                            ],
                            [
                                -122.941754427,
                                46.637519006
                            ],
                            [
                                -122.941754426,
                                46.637519005
                            ],
                            [
                                -122.941754425,
                                46.637519004
                            ],
                            [
                                -122.941754424,
                                46.637519004
                            ],
                            [
                                -122.941754424,
                                46.637519003
                            ],
                            [
                                -122.941754423,
                                46.637519003
                            ],
                            [
                                -122.941754422,
                                46.637519002
                            ],
                            [
                                -122.941754421,
                                46.637519002
                            ],
                            [
                                -122.94175442,
                                46.637519002
                            ],
                            [
                                -122.937511501,
                                46.636910918
                            ],
                            [
                                -122.937689869,
                                46.636841643
                            ],
                            [
                                -122.93768987,
                                46.636841643
                            ],
                            [
                                -122.937918484,
                                46.636735562
                            ],
                            [
                                -122.937918485,
                                46.636735562
                            ],
                            [
                                -122.937918486,
                                46.636735561
                            ],
                            [
                                -122.938027272,
                                46.636655847
                            ],
                            [
                                -122.938099571,
                                46.636614942
                            ],
                            [
                                -122.938298256,
                                46.636531003
                            ],
                            [
                                -122.938524064,
                                46.636478493
                            ],
                            [
                                -122.938524065,
                                46.636478493
                            ],
                            [
                                -122.938524066,
                                46.636478493
                            ],
                            [
                                -122.938524067,
                                46.636478492
                            ],
                            [
                                -122.938524068,
                                46.636478492
                            ],
                            [
                                -122.938524068,
                                46.636478491
                            ],
                            [
                                -122.938524069,
                                46.63647849
                            ],
                            [
                                -122.93852407,
                                46.63647849
                            ],
                            [
                                -122.93852407,
                                46.636478489
                            ],
                            [
                                -122.938524071,
                                46.636478488
                            ],
                            [
                                -122.938524071,
                                46.636478487
                            ],
                            [
                                -122.938524071,
                                46.636478486
                            ],
                            [
                                -122.938524072,
                                46.636478485
                            ],
                            [
                                -122.938524072,
                                46.636478484
                            ],
                            [
                                -122.938524072,
                                46.636478483
                            ],
                            [
                                -122.938524072,
                                46.636478482
                            ],
                            [
                                -122.938524071,
                                46.636478481
                            ],
                            [
                                -122.938524071,
                                46.63647848
                            ],
                            [
                                -122.938524071,
                                46.636478479
                            ],
                            [
                                -122.93852407,
                                46.636478478
                            ],
                            [
                                -122.938524069,
                                46.636478477
                            ],
                            [
                                -122.938524068,
                                46.636478476
                            ],
                            [
                                -122.938524068,
                                46.636478475
                            ],
                            [
                                -122.938524067,
                                46.636478475
                            ],
                            [
                                -122.938524066,
                                46.636478474
                            ],
                            [
                                -122.938524065,
                                46.636478474
                            ],
                            [
                                -122.938524064,
                                46.636478474
                            ],
                            [
                                -122.938524063,
                                46.636478474
                            ],
                            [
                                -122.938398949,
                                46.636463349
                            ],
                            [
                                -122.938372241,
                                46.635032817
                            ],
                            [
                                -122.938372241,
                                46.635032816
                            ],
                            [
                                -122.938372241,
                                46.635032815
                            ],
                            [
                                -122.93837224,
                                46.635032814
                            ],
                            [
                                -122.93837224,
                                46.635032813
                            ],
                            [
                                -122.93837224,
                                46.635032812
                            ],
                            [
                                -122.938372239,
                                46.635032811
                            ],
                            [
                                -122.938372239,
                                46.63503281
                            ],
                            [
                                -122.938372238,
                                46.63503281
                            ],
                            [
                                -122.938372237,
                                46.635032809
                            ],
                            [
                                -122.938372236,
                                46.635032808
                            ],
                            [
                                -122.938372235,
                                46.635032807
                            ],
                            [
                                -122.938372234,
                                46.635032807
                            ],
                            [
                                -122.938372233,
                                46.635032807
                            ],
                            [
                                -122.938372232,
                                46.635032807
                            ],
                            [
                                -122.938372231,
                                46.635032807
                            ],
                            [
                                -122.93819299,
                                46.635033321
                            ],
                            [
                                -122.938178894,
                                46.634187325
                            ],
                            [
                                -122.938178894,
                                46.634187324
                            ],
                            [
                                -122.938178894,
                                46.634187323
                            ],
                            [
                                -122.938178894,
                                46.634187322
                            ],
                            [
                                -122.938178894,
                                46.634187321
                            ],
                            [
                                -122.938178893,
                                46.634187321
                            ],
                            [
                                -122.938178893,
                                46.63418732
                            ],
                            [
                                -122.938178892,
                                46.634187319
                            ],
                            [
                                -122.938178891,
                                46.634187318
                            ],
                            [
                                -122.93817889,
                                46.634187317
                            ],
                            [
                                -122.938178889,
                                46.634187317
                            ],
                            [
                                -122.938178888,
                                46.634187316
                            ],
                            [
                                -122.938178887,
                                46.634187316
                            ],
                            [
                                -122.938178886,
                                46.634187316
                            ],
                            [
                                -122.938178885,
                                46.634187315
                            ],
                            [
                                -122.938178884,
                                46.634187315
                            ],
                            [
                                -122.929026115,
                                46.634223039
                            ],
                            [
                                -122.928906805,
                                46.634219449
                            ],
                            [
                                -122.928906804,
                                46.634219449
                            ],
                            [
                                -122.928906803,
                                46.634219449
                            ],
                            [
                                -122.928906802,
                                46.634219449
                            ],
                            [
                                -122.928906801,
                                46.634219449
                            ],
                            [
                                -122.928906801,
                                46.63421945
                            ],
                            [
                                -122.9289068,
                                46.63421945
                            ],
                            [
                                -122.928906799,
                                46.634219451
                            ],
                            [
                                -122.928906798,
                                46.634219452
                            ],
                            [
                                -122.928906797,
                                46.634219452
                            ],
                            [
                                -122.928906797,
                                46.634219453
                            ],
                            [
                                -122.928906796,
                                46.634219454
                            ],
                            [
                                -122.928906796,
                                46.634219455
                            ],
                            [
                                -122.928906796,
                                46.634219456
                            ],
                            [
                                -122.928906795,
                                46.634219457
                            ],
                            [
                                -122.928906795,
                                46.634219458
                            ],
                            [
                                -122.928906795,
                                46.634219459
                            ],
                            [
                                -122.928977806,
                                46.638610175
                            ],
                            [
                                -122.928977806,
                                46.638610176
                            ],
                            [
                                -122.928977806,
                                46.638610177
                            ],
                            [
                                -122.928977806,
                                46.638610178
                            ],
                            [
                                -122.928977807,
                                46.638610179
                            ],
                            [
                                -122.928977807,
                                46.63861018
                            ],
                            [
                                -122.929061918,
                                46.638761068
                            ],
                            [
                                -122.929142473,
                                46.63998829
                            ],
                            [
                                -122.929142473,
                                46.639988291
                            ],
                            [
                                -122.929142474,
                                46.639988292
                            ],
                            [
                                -122.929142474,
                                46.639988293
                            ],
                            [
                                -122.929142475,
                                46.639988294
                            ],
                            [
                                -122.929142475,
                                46.639988295
                            ],
                            [
                                -122.929142476,
                                46.639988296
                            ],
                            [
                                -122.929142477,
                                46.639988296
                            ],
                            [
                                -122.929142477,
                                46.639988297
                            ],
                            [
                                -122.929142478,
                                46.639988298
                            ],
                            [
                                -122.929142479,
                                46.639988298
                            ],
                            [
                                -122.92914248,
                                46.639988298
                            ],
                            [
                                -122.929142481,
                                46.639988299
                            ],
                            [
                                -122.929142482,
                                46.639988299
                            ],
                            [
                                -122.929142483,
                                46.639988299
                            ],
                            [
                                -122.929142484,
                                46.639988299
                            ],
                            [
                                -122.931382888,
                                46.639931347
                            ],
                            [
                                -122.931362175,
                                46.641075209
                            ],
                            [
                                -122.931362175,
                                46.64107521
                            ],
                            [
                                -122.931362175,
                                46.641075211
                            ],
                            [
                                -122.931362175,
                                46.641075212
                            ],
                            [
                                -122.931362176,
                                46.641075213
                            ],
                            [
                                -122.931362176,
                                46.641075214
                            ],
                            [
                                -122.931362177,
                                46.641075215
                            ],
                            [
                                -122.931362178,
                                46.641075216
                            ],
                            [
                                -122.931362178,
                                46.641075217
                            ],
                            [
                                -122.931362179,
                                46.641075217
                            ],
                            [
                                -122.93136218,
                                46.641075218
                            ],
                            [
                                -122.931362181,
                                46.641075218
                            ],
                            [
                                -122.931362182,
                                46.641075219
                            ],
                            [
                                -122.931362183,
                                46.641075219
                            ],
                            [
                                -122.931362184,
                                46.641075219
                            ],
                            [
                                -122.931362185,
                                46.641075219
                            ],
                            [
                                -122.931420274,
                                46.641076363
                            ],
                            [
                                -122.93444142,
                                46.641135821
                            ],
                            [
                                -122.934442018,
                                46.641164567
                            ],
                            [
                                -122.934467162,
                                46.642371999
                            ],
                            [
                                -122.934117144,
                                46.642382977
                            ],
                            [
                                -122.934117143,
                                46.642382977
                            ],
                            [
                                -122.934117142,
                                46.642382977
                            ],
                            [
                                -122.934117141,
                                46.642382977
                            ],
                            [
                                -122.93411714,
                                46.642382978
                            ],
                            [
                                -122.934117139,
                                46.642382979
                            ],
                            [
                                -122.934117138,
                                46.642382979
                            ],
                            [
                                -122.934117137,
                                46.64238298
                            ],
                            [
                                -122.934117137,
                                46.642382981
                            ],
                            [
                                -122.934117136,
                                46.642382982
                            ],
                            [
                                -122.934117136,
                                46.642382983
                            ],
                            [
                                -122.934117135,
                                46.642382983
                            ],
                            [
                                -122.934117135,
                                46.642382984
                            ],
                            [
                                -122.934117135,
                                46.642382985
                            ],
                            [
                                -122.934117135,
                                46.642382986
                            ],
                            [
                                -122.934113484,
                                46.642550217
                            ],
                            [
                                -122.934103588,
                                46.643003384
                            ],
                            [
                                -122.934102572,
                                46.643051314
                            ],
                            [
                                -122.934031539,
                                46.643004432
                            ],
                            [
                                -122.93393805,
                                46.642942731
                            ],
                            [
                                -122.933864653,
                                46.642894288
                            ],
                            [
                                -122.933864652,
                                46.642894288
                            ],
                            [
                                -122.933864651,
                                46.642894287
                            ],
                            [
                                -122.93386465,
                                46.642894287
                            ],
                            [
                                -122.933864649,
                                46.642894287
                            ],
                            [
                                -122.933864648,
                                46.642894286
                            ],
                            [
                                -122.933864647,
                                46.642894286
                            ],
                            [
                                -122.933864646,
                                46.642894287
                            ],
                            [
                                -122.933864645,
                                46.642894287
                            ],
                            [
                                -122.933864644,
                                46.642894287
                            ],
                            [
                                -122.933778772,
                                46.642924923
                            ],
                            [
                                -122.933593135,
                                46.642991145
                            ],
                            [
                                -122.932207838,
                                46.643485301
                            ],
                            [
                                -122.932129432,
                                46.643516208
                            ],
                            [
                                -122.932129431,
                                46.643516209
                            ],
                            [
                                -122.93212943,
                                46.643516209
                            ],
                            [
                                -122.93212943,
                                46.64351621
                            ],
                            [
                                -122.932129429,
                                46.64351621
                            ],
                            [
                                -122.932129428,
                                46.643516211
                            ],
                            [
                                -122.932129428,
                                46.643516212
                            ],
                            [
                                -122.932129427,
                                46.643516213
                            ],
                            [
                                -122.932129427,
                                46.643516214
                            ],
                            [
                                -122.932129426,
                                46.643516214
                            ],
                            [
                                -122.932129426,
                                46.643516215
                            ],
                            [
                                -122.932129426,
                                46.643516216
                            ],
                            [
                                -122.932129426,
                                46.643516217
                            ],
                            [
                                -122.932129426,
                                46.643516218
                            ],
                            [
                                -122.932129426,
                                46.643516219
                            ],
                            [
                                -122.932129426,
                                46.64351622
                            ],
                            [
                                -122.932129427,
                                46.643516221
                            ],
                            [
                                -122.932129427,
                                46.643516222
                            ],
                            [
                                -122.932129427,
                                46.643516223
                            ],
                            [
                                -122.932129428,
                                46.643516224
                            ],
                            [
                                -122.932129429,
                                46.643516224
                            ],
                            [
                                -122.932129429,
                                46.643516225
                            ],
                            [
                                -122.932191206,
                                46.643569976
                            ],
                            [
                                -122.932303366,
                                46.643667553
                            ],
                            [
                                -122.932412823,
                                46.643762778
                            ],
                            [
                                -122.932412824,
                                46.643762779
                            ],
                            [
                                -122.932614524,
                                46.643895898
                            ],
                            [
                                -122.932614532,
                                46.643895898
                            ],
                            [
                                -122.932614532,
                                46.643895899
                            ],
                            [
                                -122.932614533,
                                46.6438959
                            ],
                            [
                                -122.932614533,
                                46.643895901
                            ],
                            [
                                -122.932614533,
                                46.643895902
                            ],
                            [
                                -122.932614534,
                                46.643895902
                            ],
                            [
                                -122.932614534,
                                46.643895903
                            ],
                            [
                                -122.932614535,
                                46.643895904
                            ],
                            [
                                -122.932614535,
                                46.643895905
                            ],
                            [
                                -122.932614536,
                                46.643895905
                            ],
                            [
                                -122.932614537,
                                46.643895906
                            ],
                            [
                                -122.934254116,
                                46.644978005
                            ],
                            [
                                -122.934254232,
                                46.644978082
                            ],
                            [
                                -122.934330873,
                                46.645028661
                            ],
                            [
                                -122.934330874,
                                46.645028662
                            ],
                            [
                                -122.934330875,
                                46.645028662
                            ],
                            [
                                -122.934330876,
                                46.645028662
                            ],
                            [
                                -122.934330876,
                                46.645028663
                            ],
                            [
                                -122.934330877,
                                46.645028663
                            ],
                            [
                                -122.934330878,
                                46.645028663
                            ],
                            [
                                -122.934330879,
                                46.645028663
                            ],
                            [
                                -122.93433088,
                                46.645028663
                            ],
                            [
                                -122.934330881,
                                46.645028662
                            ],
                            [
                                -122.934330882,
                                46.645028662
                            ],
                            [
                                -122.934330883,
                                46.645028662
                            ],
                            [
                                -122.934330884,
                                46.645028661
                            ],
                            [
                                -122.934330885,
                                46.645028661
                            ],
                            [
                                -122.934395328,
                                46.644977434
                            ],
                            [
                                -122.935259231,
                                46.644267536
                            ],
                            [
                                -122.935312372,
                                46.644223859
                            ],
                            [
                                -122.935325203,
                                46.644213313
                            ],
                            [
                                -122.935403781,
                                46.644260007
                            ],
                            [
                                -122.938300166,
                                46.645981835
                            ],
                            [
                                -122.93805301,
                                46.646724938
                            ],
                            [
                                -122.937902194,
                                46.647178372
                            ],
                            [
                                -122.937901893,
                                46.647178317
                            ],
                            [
                                -122.937874094,
                                46.64716726
                            ],
                            [
                                -122.937818264,
                                46.647148153
                            ],
                            [
                                -122.937561847,
                                46.64703121
                            ],
                            [
                                -122.936869069,
                                46.646723508
                            ],
                            [
                                -122.936869068,
                                46.646723508
                            ],
                            [
                                -122.936869067,
                                46.646723507
                            ],
                            [
                                -122.936869066,
                                46.646723507
                            ],
                            [
                                -122.936869065,
                                46.646723507
                            ],
                            [
                                -122.936869064,
                                46.646723507
                            ],
                            [
                                -122.936869063,
                                46.646723507
                            ],
                            [
                                -122.936869062,
                                46.646723507
                            ],
                            [
                                -122.936869061,
                                46.646723508
                            ],
                            [
                                -122.93686906,
                                46.646723508
                            ],
                            [
                                -122.936689394,
                                46.646831694
                            ],
                            [
                                -122.936682625,
                                46.646830439
                            ],
                            [
                                -122.936568686,
                                46.646772062
                            ],
                            [
                                -122.936478085,
                                46.646717133
                            ],
                            [
                                -122.93617475,
                                46.646523476
                            ],
                            [
                                -122.935802056,
                                46.646285537
                            ],
                            [
                                -122.935569852,
                                46.646137291
                            ],
                            [
                                -122.934026182,
                                46.645150782
                            ],
                            [
                                -122.933632705,
                                46.644898559
                            ],
                            [
                                -122.933632674,
                                46.644898539
                            ],
                            [
                                -122.933624,
                                46.644892979
                            ],
                            [
                                -122.933589552,
                                46.644870897
                            ],
                            [
                                -122.93316515,
                                46.644598845
                            ],
                            [
                                -122.933164705,
                                46.644598559
                            ],
                            [
                                -122.932243901,
                                46.64400853
                            ],
                            [
                                -122.932243899,
                                46.644008529
                            ],
                            [
                                -122.932237704,
                                46.644004559
                            ],
                            [
                                -122.9322315,
                                46.644000605
                            ],
                            [
                                -122.932130529,
                                46.643936254
                            ],
                            [
                                -122.932069592,
                                46.643897417
                            ],
                            [
                                -122.932066776,
                                46.643895623
                            ],
                            [
                                -122.932066771,
                                46.64389562
                            ],
                            [
                                -122.932066764,
                                46.643895615
                            ],
                            [
                                -122.931971794,
                                46.643835088
                            ],
                            [
                                -122.931823263,
                                46.643738925
                            ],
                            [
                                -122.931616928,
                                46.643602779
                            ],
                            [
                                -122.931539678,
                                46.643549945
                            ],
                            [
                                -122.931334176,
                                46.643404536
                            ],
                            [
                                -122.931269852,
                                46.64335773
                            ],
                            [
                                -122.93119552,
                                46.643302118
                            ],
                            [
                                -122.931138414,
                                46.643258316
                            ],
                            [
                                -122.931116297,
                                46.643240926
                            ],
                            [
                                -122.931024043,
                                46.643168391
                            ],
                            [
                                -122.930927607,
                                46.643092567
                            ],
                            [
                                -122.930882155,
                                46.64305611
                            ],
                            [
                                -122.930667692,
                                46.64288064
                            ],
                            [
                                -122.9303829,
                                46.642647629
                            ],
                            [
                                -122.930358859,
                                46.642627959
                            ],
                            [
                                -122.930354704,
                                46.642624559
                            ],
                            [
                                -122.930350542,
                                46.642621167
                            ],
                            [
                                -122.92919922,
                                46.641682611
                            ],
                            [
                                -122.928984999,
                                46.641507592
                            ],
                            [
                                -122.928938768,
                                46.64146904
                            ],
                            [
                                -122.928880443,
                                46.641419401
                            ],
                            [
                                -122.928856339,
                                46.641398888
                            ],
                            [
                                -122.928818953,
                                46.64136707
                            ],
                            [
                                -122.928730014,
                                46.641288287
                            ],
                            [
                                -122.928688545,
                                46.641250062
                            ],
                            [
                                -122.928681424,
                                46.641243497
                            ],
                            [
                                -122.928616686,
                                46.641183823
                            ],
                            [
                                -122.928573129,
                                46.641142862
                            ],
                            [
                                -122.928388613,
                                46.640965847
                            ],
                            [
                                -122.928317923,
                                46.64089803
                            ],
                            [
                                -122.928226481,
                                46.640810306
                            ],
                            [
                                -122.927257098,
                                46.639879659
                            ],
                            [
                                -122.92693524,
                                46.639568542
                            ],
                            [
                                -122.926732743,
                                46.63935242
                            ],
                            [
                                -122.925669554,
                                46.638098891
                            ],
                            [
                                -122.925669437,
                                46.638098746
                            ],
                            [
                                -122.925669379,
                                46.638098678
                            ],
                            [
                                -122.924316188,
                                46.636503134
                            ],
                            [
                                -122.924077976,
                                46.636222112
                            ],
                            [
                                -122.924077973,
                                46.63622211
                            ],
                            [
                                -122.924077963,
                                46.636222097
                            ],
                            [
                                -122.923970701,
                                46.63609556
                            ],
                            [
                                -122.92385661,
                                46.63597514
                            ],
                            [
                                -122.923842811,
                                46.635960576
                            ],
                            [
                                -122.92379298,
                                46.63590798
                            ],
                            [
                                -122.923591588,
                                46.635695417
                            ],
                            [
                                -122.923321701,
                                46.63541056
                            ],
                            [
                                -122.923237701,
                                46.63532656
                            ],
                            [
                                -122.923203701,
                                46.63529256
                            ],
                            [
                                -122.923059701,
                                46.63516156
                            ],
                            [
                                -122.922957701,
                                46.63507656
                            ],
                            [
                                -122.922796701,
                                46.63495556
                            ],
                            [
                                -122.922684701,
                                46.63487756
                            ],
                            [
                                -122.922493701,
                                46.63475656
                            ],
                            [
                                -122.922325701,
                                46.63466056
                            ],
                            [
                                -122.921939535,
                                46.634465654
                            ],
                            [
                                -122.92137279,
                                46.634179605
                            ],
                            [
                                -122.921372789,
                                46.634179605
                            ],
                            [
                                -122.9213727,
                                46.63417956
                            ],
                            [
                                -122.918812343,
                                46.632887399
                            ],
                            [
                                -122.918809071,
                                46.632885748
                            ],
                            [
                                -122.9188087,
                                46.63288556
                            ],
                            [
                                -122.917461465,
                                46.632205403
                            ],
                            [
                                -122.917366699,
                                46.63215756
                            ],
                            [
                                -122.917201699,
                                46.63208056
                            ],
                            [
                                -122.917086719,
                                46.632032123
                            ],
                            [
                                -122.917033798,
                                46.63200983
                            ],
                            [
                                -122.916947699,
                                46.63197356
                            ],
                            [
                                -122.916860513,
                                46.631939989
                            ],
                            [
                                -122.916859465,
                                46.631939585
                            ],
                            [
                                -122.916773699,
                                46.63190656
                            ],
                            [
                                -122.916686962,
                                46.631876178
                            ],
                            [
                                -122.916683615,
                                46.631875005
                            ],
                            [
                                -122.916596699,
                                46.63184456
                            ],
                            [
                                -122.916508889,
                                46.631816797
                            ],
                            [
                                -122.916381111,
                                46.631776396
                            ],
                            [
                                -122.916324699,
                                46.63175856
                            ],
                            [
                                -122.916267946,
                                46.63174184
                            ],
                            [
                                -122.914693168,
                                46.631277886
                            ],
                            [
                                -122.914650326,
                                46.631264915
                            ],
                            [
                                -122.914261144,
                                46.631143917
                            ],
                            [
                                -122.914115839,
                                46.631097601
                            ],
                            [
                                -122.91234231,
                                46.630527757
                            ],
                            [
                                -122.912342309,
                                46.630527757
                            ],
                            [
                                -122.9123423,
                                46.630527754
                            ],
                            [
                                -122.912341698,
                                46.630527561
                            ],
                            [
                                -122.911586178,
                                46.630284986
                            ],
                            [
                                -122.911586172,
                                46.630284984
                            ],
                            [
                                -122.91158615,
                                46.630284977
                            ],
                            [
                                -122.911470906,
                                46.630241574
                            ],
                            [
                                -122.911537228,
                                46.630227658
                            ],
                            [
                                -122.911710656,
                                46.630207296
                            ],
                            [
                                -122.911806634,
                                46.630199944
                            ],
                            [
                                -122.911847652,
                                46.630196802
                            ],
                            [
                                -122.91195625,
                                46.630188484
                            ],
                            [
                                -122.912163446,
                                46.630179805
                            ],
                            [
                                -122.912332222,
                                46.630178575
                            ],
                            [
                                -122.912474431,
                                46.630177539
                            ],
                            [
                                -122.913116286,
                                46.630172862
                            ],
                            [
                                -122.913199103,
                                46.630173402
                            ],
                            [
                                -122.913558128,
                                46.630180699
                            ],
                            [
                                -122.913740984,
                                46.630190005
                            ],
                            [
                                -122.914468537,
                                46.630249342
                            ],
                            [
                                -122.914624864,
                                46.630262092
                            ],
                            [
                                -122.914726448,
                                46.630270377
                            ],
                            [
                                -122.914728698,
                                46.63027056
                            ],
                            [
                                -122.915807339,
                                46.630357714
                            ],
                            [
                                -122.915879699,
                                46.63036356
                            ],
                            [
                                -122.915952178,
                                46.630367654
                            ],
                            [
                                -122.918540011,
                                46.630513833
                            ],
                            [
                                -122.918623699,
                                46.63051856
                            ],
                            [
                                -122.918707486,
                                46.630520947
                            ],
                            [
                                -122.919131468,
                                46.630533029
                            ],
                            [
                                -122.919385693,
                                46.630540274
                            ],
                            [
                                -122.920517828,
                                46.630572535
                            ],
                            [
                                -122.920518699,
                                46.63057256
                            ],
                            [
                                -122.920847619,
                                46.630581837
                            ],
                            [
                                -122.92084762,
                                46.630581837
                            ],
                            [
                                -122.920847621,
                                46.630581837
                            ],
                            [
                                -122.920908699,
                                46.63058356
                            ],
                            [
                                -122.920969801,
                                46.630584038
                            ],
                            [
                                -122.922095036,
                                46.63059285
                            ],
                            [
                                -122.9221857,
                                46.630593559
                            ],
                            [
                                -122.922276343,
                                46.63059153
                            ],
                            [
                                -122.92487105,
                                46.630533427
                            ],
                            [
                                -122.925200299,
                                46.630526054
                            ],
                            [
                                -122.92529055,
                                46.630524033
                            ],
                            [
                                -122.925332855,
                                46.630523384
                            ],
                            [
                                -122.925679715,
                                46.63052051
                            ],
                            [
                                -122.925679754,
                                46.630520509
                            ],
                            [
                                -122.9276865,
                                46.630503855
                            ],
                            [
                                -122.927686797,
                                46.630503853
                            ],
                            [
                                -122.92768689,
                                46.630503852
                            ],
                            [
                                -122.928324701,
                                46.630498559
                            ],
                            [
                                -122.929108701,
                                46.630444559
                            ],
                            [
                                -122.929556701,
                                46.630355559
                            ],
                            [
                                -122.929926701,
                                46.630256559
                            ],
                            [
                                -122.930251701,
                                46.630121559
                            ],
                            [
                                -122.930622701,
                                46.629930559
                            ],
                            [
                                -122.930878701,
                                46.629798559
                            ],
                            [
                                -122.931484701,
                                46.629447558
                            ],
                            [
                                -122.931786701,
                                46.629258558
                            ],
                            [
                                -122.933071701,
                                46.628262558
                            ],
                            [
                                -122.933624701,
                                46.627846558
                            ],
                            [
                                -122.933743701,
                                46.627775558
                            ],
                            [
                                -122.933925701,
                                46.627666558
                            ],
                            [
                                -122.933983701,
                                46.627631558
                            ],
                            [
                                -122.934232701,
                                46.627511558
                            ],
                            [
                                -122.934379701,
                                46.627444558
                            ],
                            [
                                -122.934514701,
                                46.627387558
                            ],
                            [
                                -122.934648701,
                                46.627329558
                            ],
                            [
                                -122.934678701,
                                46.627316558
                            ],
                            [
                                -122.933399711,
                                46.626182886
                            ],
                            [
                                -122.933400477,
                                46.626180499
                            ],
                            [
                                -122.93340603,
                                46.626170535
                            ],
                            [
                                -122.9335517,
                                46.626087558
                            ],
                            [
                                -122.933883424,
                                46.625898002
                            ],
                            [
                                -122.9338877,
                                46.625895558
                            ],
                            [
                                -122.9339957,
                                46.625829558
                            ],
                            [
                                -122.9341027,
                                46.625755558
                            ],
                            [
                                -122.9341767,
                                46.625696558
                            ],
                            [
                                -122.9342697,
                                46.625613558
                            ],
                            [
                                -122.9343537,
                                46.625526558
                            ],
                            [
                                -122.9344107,
                                46.625458558
                            ],
                            [
                                -122.9344777,
                                46.625365558
                            ],
                            [
                                -122.9345367,
                                46.625268558
                            ],
                            [
                                -122.9345867,
                                46.625164558
                            ],
                            [
                                -122.9346227,
                                46.625074558
                            ],
                            [
                                -122.9346517,
                                46.624976558
                            ],
                            [
                                -122.9346667,
                                46.624902558
                            ],
                            [
                                -122.9346787,
                                46.624803558
                            ],
                            [
                                -122.9346737,
                                46.624628558
                            ],
                            [
                                -122.9346577,
                                46.624529558
                            ],
                            [
                                -122.9344457,
                                46.623789558
                            ],
                            [
                                -122.9344187,
                                46.623656558
                            ],
                            [
                                -122.9344167,
                                46.623643558
                            ],
                            [
                                -122.9344007,
                                46.623522558
                            ],
                            [
                                -122.9343907,
                                46.623388558
                            ],
                            [
                                -122.9343927,
                                46.623040558
                            ],
                            [
                                -122.934393562,
                                46.622911227
                            ],
                            [
                                -122.934393562,
                                46.622911222
                            ],
                            [
                                -122.934393673,
                                46.622894581
                            ],
                            [
                                -122.934393673,
                                46.622894531
                            ],
                            [
                                -122.9343937,
                                46.622890558
                            ],
                            [
                                -122.934393721,
                                46.622886484
                            ],
                            [
                                -122.934397453,
                                46.622183542
                            ],
                            [
                                -122.93439916,
                                46.621862045
                            ],
                            [
                                -122.934401696,
                                46.621384154
                            ],
                            [
                                -122.9344017,
                                46.621383558
                            ],
                            [
                                -122.934408696,
                                46.620113191
                            ],
                            [
                                -122.934408696,
                                46.620113164
                            ],
                            [
                                -122.934408699,
                                46.620112558
                            ],
                            [
                                -122.934409917,
                                46.619882954
                            ],
                            [
                                -122.934417569,
                                46.619742508
                            ],
                            [
                                -122.934558094,
                                46.619736507
                            ],
                            [
                                -122.934919971,
                                46.619738837
                            ],
                            [
                                -122.935054234,
                                46.619739702
                            ],
                            [
                                -122.935496828,
                                46.619742552
                            ],
                            [
                                -122.935497699,
                                46.619742557
                            ],
                            [
                                -122.938058663,
                                46.619758305
                            ],
                            [
                                -122.938140714,
                                46.619759932
                            ],
                            [
                                -122.938210493,
                                46.619762271
                            ],
                            [
                                -122.938346732,
                                46.619769943
                            ],
                            [
                                -122.938356831,
                                46.619770743
                            ],
                            [
                                -122.938376099,
                                46.619772268
                            ],
                            [
                                -122.938425788,
                                46.619776202
                            ],
                            [
                                -122.938610976,
                                46.619796667
                            ],
                            [
                                -122.938641311,
                                46.619800977
                            ],
                            [
                                -122.93876169,
                                46.619820585
                            ],
                            [
                                -122.938780967,
                                46.619824128
                            ],
                            [
                                -122.93889399,
                                46.619847159
                            ],
                            [
                                -122.938911934,
                                46.619851177
                            ],
                            [
                                -122.93903087,
                                46.619880366
                            ],
                            [
                                -122.939035536,
                                46.619881612
                            ],
                            [
                                -122.939037019,
                                46.619882009
                            ],
                            [
                                -122.939043752,
                                46.619883808
                            ],
                            [
                                -122.939160959,
                                46.619917691
                            ],
                            [
                                -122.939220295,
                                46.619936159
                            ],
                            [
                                -122.939286853,
                                46.619957731
                            ],
                            [
                                -122.939806003,
                                46.620132701
                            ],
                            [
                                -122.940070575,
                                46.620221871
                            ],
                            [
                                -122.940087686,
                                46.620227638
                            ],
                            [
                                -122.9412357,
                                46.620614557
                            ],
                            [
                                -122.9413637,
                                46.620654557
                            ],
                            [
                                -122.941495701,
                                46.620690557
                            ],
                            [
                                -122.941629701,
                                46.620721557
                            ],
                            [
                                -122.941765701,
                                46.620747557
                            ],
                            [
                                -122.941903701,
                                46.620768557
                            ],
                            [
                                -122.942182701,
                                46.620796557
                            ],
                            [
                                -122.942286701,
                                46.620800557
                            ],
                            [
                                -122.942427701,
                                46.620803557
                            ],
                            [
                                -122.942709701,
                                46.620792557
                            ],
                            [
                                -122.942942701,
                                46.620768557
                            ],
                            [
                                -122.943171701,
                                46.620729557
                            ],
                            [
                                -122.943350701,
                                46.620689557
                            ],
                            [
                                -122.943567701,
                                46.620627557
                            ],
                            [
                                -122.943775701,
                                46.620551557
                            ],
                            [
                                -122.943935701,
                                46.620482557
                            ],
                            [
                                -122.944087701,
                                46.620406557
                            ],
                            [
                                -122.944266701,
                                46.620300557
                            ],
                            [
                                -122.944430701,
                                46.620184557
                            ],
                            [
                                -122.944499701,
                                46.620126557
                            ],
                            [
                                -122.944579701,
                                46.620059557
                            ],
                            [
                                -122.944701701,
                                46.619936557
                            ],
                            [
                                -122.944747029,
                                46.619882324
                            ],
                            [
                                -122.944758789,
                                46.619876798
                            ],
                            [
                                -122.944900234,
                                46.619896894
                            ],
                            [
                                -122.945396663,
                                46.619992109
                            ],
                            [
                                -122.945512443,
                                46.620019122
                            ],
                            [
                                -122.945582743,
                                46.620041537
                            ],
                            [
                                -122.945867844,
                                46.620163892
                            ],
                            [
                                -122.946001588,
                                46.620230558
                            ],
                            [
                                -122.946021663,
                                46.620240565
                            ],
                            [
                                -122.946190833,
                                46.62032489
                            ],
                            [
                                -122.946525925,
                                46.620519945
                            ],
                            [
                                -122.946711873,
                                46.620644956
                            ],
                            [
                                -122.946844945,
                                46.620739782
                            ],
                            [
                                -122.94684548,
                                46.620740186
                            ],
                            [
                                -122.946846384,
                                46.620740868
                            ],
                            [
                                -122.946847772,
                                46.620741915
                            ],
                            [
                                -122.946946701,
                                46.620816556
                            ],
                            [
                                -122.947069701,
                                46.620924556
                            ],
                            [
                                -122.947125701,
                                46.621005556
                            ],
                            [
                                -122.947271702,
                                46.621374556
                            ],
                            [
                                -122.947337702,
                                46.621464556
                            ],
                            [
                                -122.947450702,
                                46.621554556
                            ],
                            [
                                -122.947595702,
                                46.621599556
                            ],
                            [
                                -122.948010702,
                                46.621590556
                            ],
                            [
                                -122.948212702,
                                46.621555556
                            ],
                            [
                                -122.948312702,
                                46.621554556
                            ],
                            [
                                -122.948347445,
                                46.621564614
                            ],
                            [
                                -122.948403153,
                                46.621588136
                            ],
                            [
                                -122.948690267,
                                46.621692998
                            ],
                            [
                                -122.949028702,
                                46.621843556
                            ],
                            [
                                -122.949343702,
                                46.621942556
                            ],
                            [
                                -122.949729405,
                                46.622029995
                            ],
                            [
                                -122.949774181,
                                46.622040146
                            ],
                            [
                                -122.950137702,
                                46.622122556
                            ],
                            [
                                -122.950342951,
                                46.622140205
                            ],
                            [
                                -122.950350603,
                                46.622141551
                            ],
                            [
                                -122.95045093,
                                46.622154193
                            ],
                            [
                                -122.950566914,
                                46.622178247
                            ],
                            [
                                -122.950570152,
                                46.622179053
                            ],
                            [
                                -122.950570672,
                                46.622179183
                            ],
                            [
                                -122.950572785,
                                46.622179709
                            ],
                            [
                                -122.950706536,
                                46.62221973
                            ],
                            [
                                -122.950816444,
                                46.622264153
                            ],
                            [
                                -122.951079385,
                                46.622402221
                            ],
                            [
                                -122.951229722,
                                46.622497747
                            ],
                            [
                                -122.951333362,
                                46.622568023
                            ],
                            [
                                -122.951442947,
                                46.62264994
                            ],
                            [
                                -122.951463903,
                                46.622683323
                            ],
                            [
                                -122.951467557,
                                46.622689727
                            ],
                            [
                                -122.951536703,
                                46.622843556
                            ],
                            [
                                -122.951559703,
                                46.623059556
                            ],
                            [
                                -122.951525703,
                                46.623149556
                            ],
                            [
                                -122.951447703,
                                46.623275556
                            ],
                            [
                                -122.951335703,
                                46.623383556
                            ],
                            [
                                -122.951099703,
                                46.623500556
                            ],
                            [
                                -122.950461703,
                                46.623697556
                            ],
                            [
                                -122.950057703,
                                46.623760556
                            ],
                            [
                                -122.949632702,
                                46.623733556
                            ],
                            [
                                -122.948993702,
                                46.623643556
                            ],
                            [
                                -122.948568702,
                                46.623598556
                            ],
                            [
                                -122.948347702,
                                46.623533556
                            ],
                            [
                                -122.948165702,
                                46.623570556
                            ],
                            [
                                -122.948042702,
                                46.623606556
                            ],
                            [
                                -122.947930702,
                                46.623696556
                            ],
                            [
                                -122.947852702,
                                46.623795556
                            ],
                            [
                                -122.947852702,
                                46.623930556
                            ],
                            [
                                -122.947896702,
                                46.624056556
                            ],
                            [
                                -122.948008702,
                                46.624200556
                            ],
                            [
                                -122.948120702,
                                46.624290556
                            ],
                            [
                                -122.948323702,
                                46.624371556
                            ],
                            [
                                -122.948803703,
                                46.624515556
                            ],
                            [
                                -122.949355703,
                                46.624651556
                            ],
                            [
                                -122.949598703,
                                46.624624556
                            ],
                            [
                                -122.949788703,
                                46.624597556
                            ],
                            [
                                -122.950158703,
                                46.624516556
                            ],
                            [
                                -122.950920703,
                                46.624301556
                            ],
                            [
                                -122.951210703,
                                46.624237556
                            ],
                            [
                                -122.951592703,
                                46.624202556
                            ],
                            [
                                -122.951812733,
                                46.624202556
                            ],
                            [
                                -122.95181122,
                                46.625906957
                            ],
                            [
                                -122.956777839,
                                46.625908932
                            ],
                            [
                                -122.956886967,
                                46.625908975
                            ],
                            [
                                -122.957074913,
                                46.62590905
                            ],
                            [
                                -122.95708725,
                                46.625909055
                            ],
                            [
                                -122.957223936,
                                46.62591578
                            ],
                            [
                                -122.957069704,
                                46.626022556
                            ],
                            [
                                -122.956890704,
                                46.626139556
                            ],
                            [
                                -122.956733704,
                                46.626265556
                            ],
                            [
                                -122.956588704,
                                46.626427556
                            ],
                            [
                                -122.956542704,
                                46.626517556
                            ],
                            [
                                -122.956520704,
                                46.626589556
                            ],
                            [
                                -122.956531704,
                                46.627534556
                            ],
                            [
                                -122.956587704,
                                46.627894556
                            ],
                            [
                                -122.956642705,
                                46.628046556
                            ],
                            [
                                -122.956710705,
                                46.628154556
                            ],
                            [
                                -122.956843705,
                                46.628317556
                            ],
                            [
                                -122.957001705,
                                46.628470556
                            ],
                            [
                                -122.957427705,
                                46.628749556
                            ],
                            [
                                -122.958020705,
                                46.629055556
                            ],
                            [
                                -122.959005705,
                                46.629541556
                            ],
                            [
                                -122.960081705,
                                46.629722555
                            ],
                            [
                                -122.960428706,
                                46.629830555
                            ],
                            [
                                -122.960534944,
                                46.62987938
                            ],
                            [
                                -122.960670237,
                                46.629941557
                            ],
                            [
                                -122.961133706,
                                46.630154555
                            ],
                            [
                                -122.961459706,
                                46.630262555
                            ],
                            [
                                -122.961773706,
                                46.630334555
                            ],
                            [
                                -122.961964773,
                                46.6303664
                            ],
                            [
                                -122.962096178,
                                46.630394416
                            ],
                            [
                                -122.96222454,
                                46.630434108
                            ],
                            [
                                -122.962523706,
                                46.630541555
                            ],
                            [
                                -122.962948706,
                                46.630721555
                            ],
                            [
                                -122.963009706,
                                46.630755555
                            ],
                            [
                                -122.963093706,
                                46.630803555
                            ],
                            [
                                -122.963183706,
                                46.630848555
                            ],
                            [
                                -122.963452706,
                                46.630830555
                            ],
                            [
                                -122.963956706,
                                46.630731555
                            ],
                            [
                                -122.964092953,
                                46.630731555
                            ],
                            [
                                -122.964099982,
                                46.630731555
                            ],
                            [
                                -122.964114986,
                                46.630731555
                            ],
                            [
                                -122.964150781,
                                46.630731555
                            ],
                            [
                                -122.964292072,
                                46.630738243
                            ],
                            [
                                -122.96441589,
                                46.630755932
                            ],
                            [
                                -122.964526134,
                                46.630782091
                            ],
                            [
                                -122.964620497,
                                46.63081342
                            ],
                            [
                                -122.964758905,
                                46.630875738
                            ],
                            [
                                -122.964909238,
                                46.630965958
                            ],
                            [
                                -122.964987707,
                                46.631019555
                            ],
                            [
                                -122.965188707,
                                46.631226555
                            ],
                            [
                                -122.965490707,
                                46.631456555
                            ],
                            [
                                -122.965826707,
                                46.631559555
                            ],
                            [
                                -122.966289525,
                                46.631689863
                            ],
                            [
                                -122.966434984,
                                46.631757705
                            ],
                            [
                                -122.966707161,
                                46.63192769
                            ],
                            [
                                -122.96679553,
                                46.631999364
                            ],
                            [
                                -122.966911593,
                                46.632116995
                            ],
                            [
                                -122.966917573,
                                46.632123768
                            ],
                            [
                                -122.966939298,
                                46.63214837
                            ],
                            [
                                -122.967041824,
                                46.632264475
                            ],
                            [
                                -122.967161106,
                                46.632408353
                            ],
                            [
                                -122.967200864,
                                46.632459471
                            ],
                            [
                                -122.967257737,
                                46.632532593
                            ],
                            [
                                -122.967284644,
                                46.632567188
                            ],
                            [
                                -122.967368136,
                                46.632679874
                            ],
                            [
                                -122.967405114,
                                46.632732303
                            ],
                            [
                                -122.967524409,
                                46.63291654
                            ],
                            [
                                -122.967587925,
                                46.633035646
                            ],
                            [
                                -122.967617358,
                                46.633107759
                            ],
                            [
                                -122.967663503,
                                46.633272696
                            ],
                            [
                                -122.967674245,
                                46.633321783
                            ],
                            [
                                -122.967705708,
                                46.633465555
                            ],
                            [
                                -122.967714712,
                                46.633498803
                            ],
                            [
                                -122.967752924,
                                46.633664299
                            ],
                            [
                                -122.967755002,
                                46.633700645
                            ],
                            [
                                -122.967754101,
                                46.633830733
                            ],
                            [
                                -122.967751027,
                                46.633845264
                            ],
                            [
                                -122.967627708,
                                46.634003555
                            ],
                            [
                                -122.967602708,
                                46.634065555
                            ],
                            [
                                -122.967561708,
                                46.634164555
                            ],
                            [
                                -122.967485842,
                                46.634233055
                            ],
                            [
                                -122.967458623,
                                46.634176373
                            ],
                            [
                                -122.967438074,
                                46.634133556
                            ],
                            [
                                -122.967438073,
                                46.634133555
                            ],
                            [
                                -122.967438073,
                                46.634133554
                            ],
                            [
                                -122.967438072,
                                46.634133554
                            ],
                            [
                                -122.967438071,
                                46.634133553
                            ],
                            [
                                -122.967438071,
                                46.634133552
                            ],
                            [
                                -122.96743807,
                                46.634133552
                            ],
                            [
                                -122.967438069,
                                46.634133551
                            ],
                            [
                                -122.967438068,
                                46.634133551
                            ],
                            [
                                -122.967438067,
                                46.634133551
                            ],
                            [
                                -122.967438066,
                                46.634133551
                            ],
                            [
                                -122.967438065,
                                46.634133551
                            ],
                            [
                                -122.967438064,
                                46.634133551
                            ],
                            [
                                -122.967438063,
                                46.634133551
                            ],
                            [
                                -122.967438062,
                                46.634133551
                            ],
                            [
                                -122.967438061,
                                46.634133551
                            ],
                            [
                                -122.96743806,
                                46.634133552
                            ],
                            [
                                -122.967383537,
                                46.634160955
                            ],
                            [
                                -122.96711198,
                                46.634297573
                            ],
                            [
                                -122.966841684,
                                46.634391048
                            ],
                            [
                                -122.966515722,
                                46.634484532
                            ],
                            [
                                -122.966149956,
                                46.634588994
                            ],
                            [
                                -122.966149955,
                                46.634588995
                            ],
                            [
                                -122.96583198,
                                46.63468796
                            ],
                            [
                                -122.96541854,
                                46.634814446
                            ],
                            [
                                -122.965418539,
                                46.634814446
                            ],
                            [
                                -122.965418538,
                                46.634814446
                            ],
                            [
                                -122.965052963,
                                46.634995858
                            ],
                            [
                                -122.964851605,
                                46.635101245
                            ],
                            [
                                -122.964851604,
                                46.635101246
                            ],
                            [
                                -122.96485153,
                                46.635101285
                            ],
                            [
                                -122.964780707,
                                46.635128555
                            ],
                            [
                                -122.9647803,
                                46.635138565
                            ],
                            [
                                -122.964780295,
                                46.635138568
                            ],
                            [
                                -122.964758928,
                                46.635149751
                            ],
                            [
                                -122.964758927,
                                46.635149751
                            ],
                            [
                                -122.964758926,
                                46.635149751
                            ],
                            [
                                -122.964758926,
                                46.635149752
                            ],
                            [
                                -122.964592166,
                                46.635303634
                            ],
                            [
                                -122.964544537,
                                46.635342109
                            ],
                            [
                                -122.96425032,
                                46.635408114
                            ],
                            [
                                -122.964250319,
                                46.635408114
                            ],
                            [
                                -122.964250318,
                                46.635408115
                            ],
                            [
                                -122.963964267,
                                46.635567488
                            ],
                            [
                                -122.963964266,
                                46.635567489
                            ],
                            [
                                -122.963964265,
                                46.635567489
                            ],
                            [
                                -122.963964264,
                                46.63556749
                            ],
                            [
                                -122.963964263,
                                46.635567491
                            ],
                            [
                                -122.963964263,
                                46.635567492
                            ],
                            [
                                -122.963964262,
                                46.635567493
                            ],
                            [
                                -122.96381376,
                                46.635908166
                            ],
                            [
                                -122.96381376,
                                46.635908167
                            ],
                            [
                                -122.96381376,
                                46.635908168
                            ],
                            [
                                -122.96381376,
                                46.635908169
                            ],
                            [
                                -122.96381376,
                                46.63590817
                            ],
                            [
                                -122.96381376,
                                46.635908171
                            ],
                            [
                                -122.963870174,
                                46.636237811
                            ],
                            [
                                -122.963815489,
                                46.636721321
                            ],
                            [
                                -122.963681211,
                                46.637188333
                            ],
                            [
                                -122.963181652,
                                46.637979618
                            ],
                            [
                                -122.962843923,
                                46.638567359
                            ],
                            [
                                -122.962816762,
                                46.63861463
                            ],
                            [
                                -122.96275491,
                                46.638677993
                            ],
                            [
                                -122.962412053,
                                46.639029201
                            ],
                            [
                                -122.961840008,
                                46.639419397
                            ],
                            [
                                -122.961840007,
                                46.639419397
                            ],
                            [
                                -122.961315726,
                                46.639809591
                            ],
                            [
                                -122.961315725,
                                46.639809591
                            ],
                            [
                                -122.961315725,
                                46.639809592
                            ],
                            [
                                -122.961164871,
                                46.639985418
                            ],
                            [
                                -122.961061502,
                                46.639996436
                            ],
                            [
                                -122.961061501,
                                46.639996437
                            ],
                            [
                                -122.9610615,
                                46.639996437
                            ],
                            [
                                -122.961061499,
                                46.639996437
                            ],
                            [
                                -122.961061498,
                                46.639996438
                            ],
                            [
                                -122.961061497,
                                46.639996438
                            ],
                            [
                                -122.961061496,
                                46.639996439
                            ],
                            [
                                -122.961061495,
                                46.63999644
                            ],
                            [
                                -122.961061495,
                                46.639996441
                            ],
                            [
                                -122.961061494,
                                46.639996442
                            ],
                            [
                                -122.961061494,
                                46.639996443
                            ],
                            [
                                -122.961061493,
                                46.639996444
                            ],
                            [
                                -122.961061493,
                                46.639996445
                            ],
                            [
                                -122.961061493,
                                46.639996446
                            ],
                            [
                                -122.961074838,
                                46.641312416
                            ],
                            [
                                -122.961101167,
                                46.643908769
                            ],
                            [
                                -122.961101274,
                                46.643919298
                            ],
                            [
                                -122.960547539,
                                46.643934727
                            ],
                            [
                                -122.960504537,
                                46.643935925
                            ],
                            [
                                -122.960504536,
                                46.643935925
                            ],
                            [
                                -122.960504535,
                                46.643935925
                            ],
                            [
                                -122.960504534,
                                46.643935925
                            ],
                            [
                                -122.960504533,
                                46.643935926
                            ],
                            [
                                -122.960504532,
                                46.643935926
                            ],
                            [
                                -122.960504531,
                                46.643935927
                            ],
                            [
                                -122.96050453,
                                46.643935927
                            ],
                            [
                                -122.96050453,
                                46.643935928
                            ],
                            [
                                -122.960504529,
                                46.643935929
                            ],
                            [
                                -122.960504528,
                                46.643935929
                            ],
                            [
                                -122.960504528,
                                46.64393593
                            ],
                            [
                                -122.960504528,
                                46.643935931
                            ],
                            [
                                -122.960358123,
                                46.644301046
                            ],
                            [
                                -122.960295056,
                                46.644458326
                            ],
                            [
                                -122.960287968,
                                46.644461466
                            ],
                            [
                                -122.960141608,
                                46.644509013
                            ],
                            [
                                -122.958851403,
                                46.644855857
                            ],
                            [
                                -122.958715946,
                                46.644885571
                            ],
                            [
                                -122.958699769,
                                46.644883002
                            ],
                            [
                                -122.958687403,
                                46.644880377
                            ],
                            [
                                -122.958040225,
                                46.644613672
                            ],
                            [
                                -122.957955485,
                                46.644578747
                            ],
                            [
                                -122.957955484,
                                46.644578746
                            ],
                            [
                                -122.957955483,
                                46.644578746
                            ],
                            [
                                -122.957955482,
                                46.644578746
                            ],
                            [
                                -122.957955481,
                                46.644578746
                            ],
                            [
                                -122.95795548,
                                46.644578746
                            ],
                            [
                                -122.957955479,
                                46.644578746
                            ],
                            [
                                -122.957955478,
                                46.644578747
                            ],
                            [
                                -122.957955477,
                                46.644578747
                            ],
                            [
                                -122.957955476,
                                46.644578747
                            ],
                            [
                                -122.957955475,
                                46.644578748
                            ],
                            [
                                -122.957955474,
                                46.644578749
                            ],
                            [
                                -122.957955473,
                                46.64457875
                            ],
                            [
                                -122.957914311,
                                46.644629042
                            ],
                            [
                                -122.957830285,
                                46.644731679
                            ],
                            [
                                -122.957826489,
                                46.644730965
                            ],
                            [
                                -122.957680349,
                                46.644687649
                            ],
                            [
                                -122.957226115,
                                46.644527404
                            ],
                            [
                                -122.957126384,
                                46.644492221
                            ],
                            [
                                -122.956813214,
                                46.644361351
                            ],
                            [
                                -122.955879279,
                                46.643907037
                            ],
                            [
                                -122.955879221,
                                46.643907009
                            ],
                            [
                                -122.955879203,
                                46.643907
                            ],
                            [
                                -122.955175983,
                                46.643564915
                            ],
                            [
                                -122.95504577,
                                46.643493407
                            ],
                            [
                                -122.955064863,
                                46.643442782
                            ],
                            [
                                -122.955064863,
                                46.643442781
                            ],
                            [
                                -122.955064863,
                                46.64344278
                            ],
                            [
                                -122.955064863,
                                46.643442779
                            ],
                            [
                                -122.955064863,
                                46.643442778
                            ],
                            [
                                -122.955064863,
                                46.643442777
                            ],
                            [
                                -122.955064863,
                                46.643442776
                            ],
                            [
                                -122.955064863,
                                46.643442775
                            ],
                            [
                                -122.955064862,
                                46.643442774
                            ],
                            [
                                -122.955064862,
                                46.643442773
                            ],
                            [
                                -122.955064861,
                                46.643442772
                            ],
                            [
                                -122.95506486,
                                46.643442771
                            ],
                            [
                                -122.955064859,
                                46.64344277
                            ],
                            [
                                -122.955064858,
                                46.64344277
                            ],
                            [
                                -122.955064857,
                                46.643442769
                            ],
                            [
                                -122.95430894,
                                46.643088158
                            ],
                            [
                                -122.954308939,
                                46.643088157
                            ],
                            [
                                -122.954308938,
                                46.643088157
                            ],
                            [
                                -122.954308937,
                                46.643088157
                            ],
                            [
                                -122.954308936,
                                46.643088157
                            ],
                            [
                                -122.954308935,
                                46.643088157
                            ],
                            [
                                -122.954308934,
                                46.643088157
                            ],
                            [
                                -122.954240814,
                                46.643102224
                            ],
                            [
                                -122.954103019,
                                46.643043
                            ],
                            [
                                -122.954032648,
                                46.643008762
                            ],
                            [
                                -122.953691567,
                                46.642814165
                            ],
                            [
                                -122.952656558,
                                46.642130106
                            ],
                            [
                                -122.951797446,
                                46.641429371
                            ],
                            [
                                -122.951797445,
                                46.64142937
                            ],
                            [
                                -122.951797444,
                                46.64142937
                            ],
                            [
                                -122.951797443,
                                46.641429369
                            ],
                            [
                                -122.951797442,
                                46.641429369
                            ],
                            [
                                -122.951797441,
                                46.641429368
                            ],
                            [
                                -122.95179744,
                                46.641429368
                            ],
                            [
                                -122.95179744,
                                46.641429366
                            ],
                            [
                                -122.951568474,
                                46.64124261
                            ],
                            [
                                -122.951388373,
                                46.641074747
                            ],
                            [
                                -122.951308356,
                                46.641000178
                            ],
                            [
                                -122.951308355,
                                46.641000177
                            ]
                        ]
                    ]
                ]
            },
            "properties": {}
        }
    ]
}