{
    "type": "FeatureCollection",
    "features": [
        {
            "type": "Feature",
            "geometry": {
                "type": "MultiPolygon",
                "coordinates": [
                    [
                        [
                            [
                                -122.650828,
                                48.721995
                            ],
                            [
                                -122.64403,
                                48.721974
                            ],
                            [
                                -122.644062,
                                48.717476
                            ],
                            [
                                -122.650859,
                                48.717497
                            ],
                            [
                                -122.650828,
                                48.721995
                            ]
                        ]
                    ],
                    [
                        [
                            [
                                -122.641492,
                                48.73695
                            ],
                            [
                                -122.634692,
                                48.736929
                            ],
                            [
                                -122.634724,
                                48.732431
                            ],
                            [
                                -122.641524,
                                48.732453
                            ],
                            [
                                -122.641492,
                                48.73695
                            ]
                        ]
                    ],
                    [
                        [
                            [
                                -122.6352,
                                48.744005
                            ],
                            [
                                -122.628399,
                                48.743983
                            ],
                            [
                                -122.628432,
                                48.739485
                            ],
                            [
                                -122.635233,
                                48.739507
                            ],
                            [
                                -122.6352,
                                48.744005
                            ]
                        ]
                    ],
                    [
                        [
                            [
                                -122.675578,
                                48.737245
                            ],
                            [
                                -122.67379,
                                48.73724
                            ],
                            [
                                -122.673773,
                                48.739914
                            ],
                            [
                                -122.673208,
                                48.739912
                            ],
                            [
                                -122.673197,
                                48.741724
                            ],
                            [
                                -122.670758,
                                48.741717
                            ],
                            [
                                -122.670737,
                                48.744938
                            ],
                            [
                                -122.669922,
                                48.744935
                            ],
                            [
                                -122.669917,
                                48.745704
                            ],
                            [
                                -122.667916,
                                48.745698
                            ],
                            [
                                -122.667898,
                                48.748406
                            ],
                            [
                                -122.666529,
                                48.748402
                            ],
                            [
                                -122.666397,
                                48.749932
                            ],
                            [
                                -122.664251,
                                48.749926
                            ],
                            [
                                -122.664232,
                                48.752773
                            ],
                            [
                                -122.661577,
                                48.752836
                            ],
                            [
                                -122.661556,
                                48.755982
                            ],
                            [
                                -122.661032,
                                48.75598
                            ],
                            [
                                -122.661029,
                                48.756455
                            ],
                            [
                                -122.658598,
                                48.756448
                            ],
                            [
                                -122.658576,
                                48.759598
                            ],
                            [
                                -122.657974,
                                48.759596
                            ],
                            [
                                -122.65797,
                                48.760142
                            ],
                            [
                                -122.651167,
                                48.760122
                            ],
                            [
                                -122.651168,
                                48.759925
                            ],
                            [
                                -122.651005,
                                48.759925
                            ],
                            [
                                -122.651036,
                                48.755427
                            ],
                            [
                                -122.651802,
                                48.755429
                            ],
                            [
                                -122.651804,
                                48.75508
                            ],
                            [
                                -122.654236,
                                48.755087
                            ],
                            [
                                -122.654257,
                                48.751937
                            ],
                            [
                                -122.654781,
                                48.751938
                            ],
                            [
                                -122.654783,
                                48.751576
                            ],
                            [
                                -122.653768,
                                48.751573
                            ],
                            [
                                -122.653799,
                                48.747075
                            ],
                            [
                                -122.659614,
                                48.747092
                            ],
                            [
                                -122.659753,
                                48.74455
                            ],
                            [
                                -122.661122,
                                48.744554
                            ],
                            [
                                -122.661126,
                                48.743888
                            ],
                            [
                                -122.663127,
                                48.743894
                            ],
                            [
                                -122.663146,
                                48.741186
                            ],
                            [
                                -122.66396,
                                48.741189
                            ],
                            [
                                -122.663966,
                                48.74042
                            ],
                            [
                                -122.666404,
                                48.740427
                            ],
                            [
                                -122.666421,
                                48.73798
                            ],
                            [
                                -122.665428,
                                48.737977
                            ],
                            [
                                -122.665413,
                                48.740298
                            ],
                            [
                                -122.658612,
                                48.740278
                            ],
                            [
                                -122.658643,
                                48.73578
                            ],
                            [
                                -122.661427,
                                48.735789
                            ],
                            [
                                -122.661439,
                                48.733935
                            ],
                            [
                                -122.659065,
                                48.733928
                            ],
                            [
                                -122.659082,
                                48.73137
                            ],
                            [
                                -122.657927,
                                48.731367
                            ],
                            [
                                -122.65795,
                                48.727911
                            ],
                            [
                                -122.65499,
                                48.727902
                            ],
                            [
                                -122.655021,
                                48.723404
                            ],
                            [
                                -122.661819,
                                48.723425
                            ],
                            [
                                -122.661796,
                                48.72688
                            ],
                            [
                                -122.664756,
                                48.726889
                            ],
                            [
                                -122.664739,
                                48.729431
                            ],
                            [
                                -122.665953,
                                48.729435
                            ],
                            [
                                -122.665936,
                                48.731989
                            ],
                            [
                                -122.667065,
                                48.731992
                            ],
                            [
                                -122.667075,
                                48.730411
                            ],
                            [
                                -122.673962,
                                48.73044
                            ],
                            [
                                -122.673947,
                                48.732742
                            ],
                            [
                                -122.675607,
                                48.732747
                            ],
                            [
                                -122.675578,
                                48.737245
                            ]
                        ]
                    ],
                    [
                        [
                            [
                                -122.643276,
                                48.748092
                            ],
                            [
                                -122.639392,
                                48.74808
                            ],
                            [
                                -122.639424,
                                48.743582
                            ],
                            [
                                -122.646225,
                                48.743603
                            ],
                            [
                                -122.646219,
                                48.744506
                            ],
                            [
                                -122.650103,
                                48.744518
                            ],
                            [
                                -122.650072,
                                48.749015
                            ],
                            [
                                -122.64327,
                                48.748995
                            ],
                            [
                                -122.643276,
                                48.748092
                            ]
                        ]
                    ],
                    [
                        [
                            [
                                -122.622017,
                                48.744356
                            ],
                            [
                                -122.628818,
                                48.744378
                            ],
                            [
                                -122.628705,
                                48.749034
                            ],
                            [
                                -122.623832,
                                48.749018
                            ],
                            [
                                -122.623801,
                                48.753137
                            ],
                            [
                                -122.616999,
                                48.753115
                            ],
                            [
                                -122.616943,
                                48.748531
                            ],
                            [
                                -122.621907,
                                48.748548
                            ],
                            [
                                -122.622017,
                                48.744356
                            ]
                        ]
                    ],
                    [
                        [
                            [
                                -122.609801,
                                48.759473
                            ],
                            [
                                -122.60732,
                                48.759464
                            ],
                            [
                                -122.607355,
                                48.754967
                            ],
                            [
                                -122.614429,
                                48.754889
                            ],
                            [
                                -122.614425,
                                48.755375
                            ],
                            [
                                -122.616636,
                                48.755383
                            ],
                            [
                                -122.616601,
                                48.759881
                            ],
                            [
                                -122.609798,
                                48.759858
                            ],
                            [
                                -122.609801,
                                48.759473
                            ]
                        ]
                    ],
                    [
                        [
                            [
                                -122.626725,
                                48.759883
                            ],
                            [
                                -122.626759,
                                48.755385
                            ],
                            [
                                -122.633561,
                                48.755407
                            ],
                            [
                                -122.633528,
                                48.759905
                            ],
                            [
                                -122.626725,
                                48.759883
                            ]
                        ]
                    ],
                    [
                        [
                            [
                                -122.643657,
                                48.766083
                            ],
                            [
                                -122.650461,
                                48.766103
                            ],
                            [
                                -122.65043,
                                48.770601
                            ],
                            [
                                -122.649752,
                                48.770599
                            ],
                            [
                                -122.649748,
                                48.77127
                            ],
                            [
                                -122.642943,
                                48.771249
                            ],
                            [
                                -122.642975,
                                48.766752
                            ],
                            [
                                -122.643652,
                                48.766754
                            ],
                            [
                                -122.643657,
                                48.766083
                            ]
                        ]
                    ],
                    [
                        [
                            [
                                -122.605829,
                                48.775148
                            ],
                            [
                                -122.599024,
                                48.775125
                            ],
                            [
                                -122.599059,
                                48.770627
                            ],
                            [
                                -122.605864,
                                48.77065
                            ],
                            [
                                -122.605829,
                                48.775148
                            ]
                        ]
                    ],
                    [
                        [
                            [
                                -122.640579,
                                48.774408
                            ],
                            [
                                -122.64076,
                                48.774409
                            ],
                            [
                                -122.640765,
                                48.773609
                            ],
                            [
                                -122.64757,
                                48.773631
                            ],
                            [
                                -122.647539,
                                48.778128
                            ],
                            [
                                -122.647359,
                                48.778128
                            ],
                            [
                                -122.647353,
                                48.778927
                            ],
                            [
                                -122.640547,
                                48.778906
                            ],
                            [
                                -122.640579,
                                48.774408
                            ]
                        ]
                    ],
                    [
                        [
                            [
                                -122.629097,
                                48.780788
                            ],
                            [
                                -122.629064,
                                48.785286
                            ],
                            [
                                -122.622257,
                                48.785264
                            ],
                            [
                                -122.622291,
                                48.780766
                            ],
                            [
                                -122.629097,
                                48.780788
                            ]
                        ]
                    ],
                    [
                        [
                            [
                                -122.614319,
                                48.785395
                            ],
                            [
                                -122.607513,
                                48.785372
                            ],
                            [
                                -122.607548,
                                48.780874
                            ],
                            [
                                -122.614354,
                                48.780897
                            ],
                            [
                                -122.614319,
                                48.785395
                            ]
                        ]
                    ],
                    [
                        [
                            [
                                -122.618396,
                                48.799892
                            ],
                            [
                                -122.611588,
                                48.799869
                            ],
                            [
                                -122.611617,
                                48.796137
                            ],
                            [
                                -122.610846,
                                48.796006
                            ],
                            [
                                -122.610881,
                                48.791509
                            ],
                            [
                                -122.614034,
                                48.7915
                            ],
                            [
                                -122.609425,
                                48.791485
                            ],
                            [
                                -122.60946,
                                48.786987
                            ],
                            [
                                -122.616267,
                                48.787009
                            ],
                            [
                                -122.616233,
                                48.791487
                            ],
                            [
                                -122.622983,
                                48.791461
                            ],
                            [
                                -122.622995,
                                48.789828
                            ],
                            [
                                -122.629803,
                                48.78985
                            ],
                            [
                                -122.62979,
                                48.791491
                            ],
                            [
                                -122.634701,
                                48.791507
                            ],
                            [
                                -122.634704,
                                48.7911
                            ],
                            [
                                -122.641511,
                                48.791122
                            ],
                            [
                                -122.641479,
                                48.79562
                            ],
                            [
                                -122.636489,
                                48.795604
                            ],
                            [
                                -122.636486,
                                48.796011
                            ],
                            [
                                -122.636158,
                                48.796018
                            ],
                            [
                                -122.636145,
                                48.796149
                            ],
                            [
                                -122.618425,
                                48.796162
                            ],
                            [
                                -122.618396,
                                48.799892
                            ]
                        ]
                    ],
                    [
                        [
                            [
                                -122.626535,
                                48.807337
                            ],
                            [
                                -122.623843,
                                48.807329
                            ],
                            [
                                -122.623877,
                                48.802831
                            ],
                            [
                                -122.630686,
                                48.802853
                            ],
                            [
                                -122.63066,
                                48.806299
                            ],
                            [
                                -122.633352,
                                48.806307
                            ],
                            [
                                -122.633319,
                                48.810805
                            ],
                            [
                                -122.626509,
                                48.810783
                            ],
                            [
                                -122.626535,
                                48.807337
                            ]
                        ]
                    ],
                    [
                        [
                            [
                                -122.675019,
                                48.809337
                            ],
                            [
                                -122.668209,
                                48.809318
                            ],
                            [
                                -122.668239,
                                48.80482
                            ],
                            [
                                -122.675048,
                                48.804839
                            ],
                            [
                                -122.675019,
                                48.809337
                            ]
                        ]
                    ],
                    [
                        [
                            [
                                -122.686135,
                                48.817352
                            ],
                            [
                                -122.679324,
                                48.817333
                            ],
                            [
                                -122.679353,
                                48.812835
                            ],
                            [
                                -122.686163,
                                48.812854
                            ],
                            [
                                -122.686135,
                                48.817352
                            ]
                        ]
                    ],
                    [
                        [
                            [
                                -122.622795996,
                                48.819705463
                            ],
                            [
                                -122.622519079,
                                48.85657234
                            ],
                            [
                                -122.622371794,
                                48.856579875
                            ],
                            [
                                -122.62222422,
                                48.856432967
                            ],
                            [
                                -122.622174938,
                                48.848291378
                            ],
                            [
                                -122.615306285,
                                48.848285439
                            ],
                            [
                                -122.615324245,
                                48.846534628
                            ],
                            [
                                -122.616663337,
                                48.846531388
                            ],
                            [
                                -122.616700363,
                                48.842033137
                            ],
                            [
                                -122.616816868,
                                48.842031324
                            ],
                            [
                                -122.616924092,
                                48.840936401
                            ],
                            [
                                -122.61698673,
                                48.837439346
                            ],
                            [
                                -122.611530783,
                                48.837499563
                            ],
                            [
                                -122.612103117,
                                48.837507013
                            ],
                            [
                                -122.612043883,
                                48.841119839
                            ],
                            [
                                -122.606832702,
                                48.841136338
                            ],
                            [
                                -122.606756018,
                                48.843856904
                            ],
                            [
                                -122.604128358,
                                48.843857953
                            ],
                            [
                                -122.604113951,
                                48.844743658
                            ],
                            [
                                -122.595820151,
                                48.844733097
                            ],
                            [
                                -122.595804823,
                                48.842949263
                            ],
                            [
                                -122.598272173,
                                48.842952262
                            ],
                            [
                                -122.598259038,
                                48.841160906
                            ],
                            [
                                -122.600771709,
                                48.84116974
                            ],
                            [
                                -122.600739799,
                                48.839364908
                            ],
                            [
                                -122.606977608,
                                48.839322747
                            ],
                            [
                                -122.606974011,
                                48.837460736
                            ],
                            [
                                -122.602135761,
                                48.837441849
                            ],
                            [
                                -122.602121619,
                                48.836546011
                            ],
                            [
                                -122.596570029,
                                48.836510747
                            ],
                            [
                                -122.596451577,
                                48.83637427
                            ],
                            [
                                -122.595172267,
                                48.836773281
                            ],
                            [
                                -122.593730342,
                                48.836770899
                            ],
                            [
                                -122.593258678,
                                48.837044623
                            ],
                            [
                                -122.592286982,
                                48.837909576
                            ],
                            [
                                -122.592066527,
                                48.838444008
                            ],
                            [
                                -122.592172722,
                                48.839437619
                            ],
                            [
                                -122.592031378,
                                48.838260575
                            ],
                            [
                                -122.592406376,
                                48.837596179
                            ],
                            [
                                -122.593616637,
                                48.836781781
                            ],
                            [
                                -122.594665838,
                                48.836263783
                            ],
                            [
                                -122.597576377,
                                48.835095446
                            ],
                            [
                                -122.598263378,
                                48.834387172
                            ],
                            [
                                -122.598641375,
                                48.833560779
                            ],
                            [
                                -122.598822043,
                                48.83269777
                            ],
                            [
                                -122.59857584,
                                48.831968232
                            ],
                            [
                                -122.596401773,
                                48.829198838
                            ],
                            [
                                -122.594948441,
                                48.828429027
                            ],
                            [
                                -122.593710847,
                                48.828211662
                            ],
                            [
                                -122.594053119,
                                48.827224138
                            ],
                            [
                                -122.595524939,
                                48.825839241
                            ],
                            [
                                -122.594194858,
                                48.826979432
                            ],
                            [
                                -122.593933067,
                                48.827394533
                            ],
                            [
                                -122.593665083,
                                48.828208646
                            ],
                            [
                                -122.593116428,
                                48.82812576
                            ],
                            [
                                -122.592676624,
                                48.828277035
                            ],
                            [
                                -122.591743231,
                                48.828282768
                            ],
                            [
                                -122.588833837,
                                48.827714634
                            ],
                            [
                                -122.588032376,
                                48.827109032
                            ],
                            [
                                -122.587575375,
                                48.826252768
                            ],
                            [
                                -122.587346839,
                                48.825145441
                            ],
                            [
                                -122.586939239,
                                48.824811172
                            ],
                            [
                                -122.584928429,
                                48.824336031
                            ],
                            [
                                -122.582019829,
                                48.824208634
                            ],
                            [
                                -122.581005237,
                                48.82375517
                            ],
                            [
                                -122.579959973,
                                48.822401834
                            ],
                            [
                                -122.579813768,
                                48.821438769
                            ],
                            [
                                -122.580408943,
                                48.819027253
                            ],
                            [
                                -122.579631036,
                                48.819012422
                            ],
                            [
                                -122.579143014,
                                48.821715175
                            ],
                            [
                                -122.579485541,
                                48.822912971
                            ],
                            [
                                -122.579452213,
                                48.823524579
                            ],
                            [
                                -122.579958616,
                                48.824057178
                            ],
                            [
                                -122.581151217,
                                48.82461925
                            ],
                            [
                                -122.582394955,
                                48.824965652
                            ],
                            [
                                -122.583735695,
                                48.824727654
                            ],
                            [
                                -122.58540122,
                                48.825030445
                            ],
                            [
                                -122.586318147,
                                48.825663578
                            ],
                            [
                                -122.586791551,
                                48.826294972
                            ],
                            [
                                -122.587166547,
                                48.827285839
                            ],
                            [
                                -122.587771619,
                                48.828052783
                            ],
                            [
                                -122.588602818,
                                48.82855945
                            ],
                            [
                                -122.589454424,
                                48.828778446
                            ],
                            [
                                -122.593575023,
                                48.829017977
                            ],
                            [
                                -122.595749224,
                                48.830168183
                            ],
                            [
                                -122.59680922,
                                48.831260385
                            ],
                            [
                                -122.597628355,
                                48.831803041
                            ],
                            [
                                -122.597807346,
                                48.832109441
                            ],
                            [
                                -122.597741554,
                                48.832774971
                            ],
                            [
                                -122.597365754,
                                48.833322434
                            ],
                            [
                                -122.592833552,
                                48.836185228
                            ],
                            [
                                -122.591048422,
                                48.837951173
                            ],
                            [
                                -122.591080553,
                                48.839318778
                            ],
                            [
                                -122.590703349,
                                48.840441974
                            ],
                            [
                                -122.590621553,
                                48.842105976
                            ],
                            [
                                -122.589667137,
                                48.843220625
                            ],
                            [
                                -122.584768468,
                                48.843219176
                            ],
                            [
                                -122.584737372,
                                48.837311189
                            ],
                            [
                                -122.579093168,
                                48.837260781
                            ],
                            [
                                -122.579090282,
                                48.837573841
                            ],
                            [
                                -122.57721169,
                                48.837553928
                            ],
                            [
                                -122.573709175,
                                48.831735713
                            ],
                            [
                                -122.573710164,
                                48.833613713
                            ],
                            [
                                -122.573673789,
                                48.832283974
                            ],
                            [
                                -122.565352122,
                                48.818324936
                            ],
                            [
                                -122.563606317,
                                48.81481289
                            ],
                            [
                                -122.56350443,
                                48.815046097
                            ],
                            [
                                -122.546706105,
                                48.814994054
                            ],
                            [
                                -122.552051686,
                                48.820677889
                            ],
                            [
                                -122.552065002,
                                48.826060035
                            ],
                            [
                                -122.551770596,
                                48.826064121
                            ],
                            [
                                -122.551747064,
                                48.829870148
                            ],
                            [
                                -122.554980222,
                                48.829907142
                            ],
                            [
                                -122.554964887,
                                48.831688588
                            ],
                            [
                                -122.553610896,
                                48.831689686
                            ],
                            [
                                -122.55360889,
                                48.833452619
                            ],
                            [
                                -122.489181823,
                                48.833321928
                            ],
                            [
                                -122.489154,
                                48.836103
                            ],
                            [
                                -122.48234,
                                48.836073
                            ],
                            [
                                -122.482387,
                                48.831575
                            ],
                            [
                                -122.484287807,
                                48.831583371
                            ],
                            [
                                -122.46370167,
                                48.821983718
                            ],
                            [
                                -122.459336214,
                                48.818972315
                            ],
                            [
                                -122.459486307,
                                48.804355329
                            ],
                            [
                                -122.480368744,
                                48.804431014
                            ],
                            [
                                -122.480292041,
                                48.808060743
                            ],
                            [
                                -122.48569337,
                                48.808099942
                            ],
                            [
                                -122.48564035,
                                48.817397778
                            ],
                            [
                                -122.496799497,
                                48.817492121
                            ],
                            [
                                -122.496802863,
                                48.81695644
                            ],
                            [
                                -122.507652378,
                                48.817040181
                            ],
                            [
                                -122.507658549,
                                48.815248502
                            ],
                            [
                                -122.504945902,
                                48.815225824
                            ],
                            [
                                -122.504935372,
                                48.80434023
                            ],
                            [
                                -122.50494812,
                                48.804192863
                            ],
                            [
                                -122.508253181,
                                48.804161785
                            ],
                            [
                                -122.508163764,
                                48.798784641
                            ],
                            [
                                -122.509980599,
                                48.79842918
                            ],
                            [
                                -122.511778563,
                                48.799031357
                            ],
                            [
                                -122.514434932,
                                48.799026442
                            ],
                            [
                                -122.515741243,
                                48.80069699
                            ],
                            [
                                -122.518800468,
                                48.800715214
                            ],
                            [
                                -122.518796564,
                                48.800821331
                            ],
                            [
                                -122.530791077,
                                48.800426141
                            ],
                            [
                                -122.523974193,
                                48.793323564
                            ],
                            [
                                -122.526940212,
                                48.79331234
                            ],
                            [
                                -122.526954443,
                                48.789468927
                            ],
                            [
                                -122.524264341,
                                48.789476986
                            ],
                            [
                                -122.524262451,
                                48.785869056
                            ],
                            [
                                -122.522977131,
                                48.785914354
                            ],
                            [
                                -122.522970791,
                                48.784254244
                            ],
                            [
                                -122.518599155,
                                48.784223979
                            ],
                            [
                                -122.518564,
                                48.782506934
                            ],
                            [
                                -122.518144425,
                                48.782504411
                            ],
                            [
                                -122.518136511,
                                48.782357832
                            ],
                            [
                                -122.518113232,
                                48.770950568
                            ],
                            [
                                -122.511635393,
                                48.769523759
                            ],
                            [
                                -122.507955446,
                                48.76953345
                            ],
                            [
                                -122.507967994,
                                48.768456496
                            ],
                            [
                                -122.512313212,
                                48.768435679
                            ],
                            [
                                -122.513280462,
                                48.766331396
                            ],
                            [
                                -122.514143401,
                                48.765827473
                            ],
                            [
                                -122.515463185,
                                48.766228207
                            ],
                            [
                                -122.516278744,
                                48.764783066
                            ],
                            [
                                -122.515100298,
                                48.764200442
                            ],
                            [
                                -122.509489617,
                                48.762509962
                            ],
                            [
                                -122.509838767,
                                48.761852252
                            ],
                            [
                                -122.510339655,
                                48.761409841
                            ],
                            [
                                -122.510674248,
                                48.761365331
                            ],
                            [
                                -122.511319039,
                                48.760858125
                            ],
                            [
                                -122.511222938,
                                48.760719904
                            ],
                            [
                                -122.511360457,
                                48.760829711
                            ],
                            [
                                -122.511240265,
                                48.760705773
                            ],
                            [
                                -122.511537665,
                                48.760708143
                            ],
                            [
                                -122.511240416,
                                48.760705651
                            ],
                            [
                                -122.51150635,
                                48.760508495
                            ],
                            [
                                -122.511889492,
                                48.760640298
                            ],
                            [
                                -122.512741037,
                                48.759840313
                            ],
                            [
                                -122.514024322,
                                48.760731497
                            ],
                            [
                                -122.512935015,
                                48.761983466
                            ],
                            [
                                -122.5130166,
                                48.762365369
                            ],
                            [
                                -122.513535347,
                                48.763079666
                            ],
                            [
                                -122.515772279,
                                48.763796525
                            ],
                            [
                                -122.516087575,
                                48.763978185
                            ],
                            [
                                -122.515663868,
                                48.763804462
                            ],
                            [
                                -122.515663849,
                                48.763804473
                            ],
                            [
                                -122.516481608,
                                48.764254409
                            ],
                            [
                                -122.518609451,
                                48.765029852
                            ],
                            [
                                -122.522805394,
                                48.766157595
                            ],
                            [
                                -122.528501707,
                                48.768432375
                            ],
                            [
                                -122.529580388,
                                48.76930664
                            ],
                            [
                                -122.531258627,
                                48.771453956
                            ],
                            [
                                -122.532456836,
                                48.772645467
                            ],
                            [
                                -122.532772511,
                                48.773625467
                            ],
                            [
                                -122.53316356,
                                48.774178188
                            ],
                            [
                                -122.536141658,
                                48.776264694
                            ],
                            [
                                -122.539984403,
                                48.777063789
                            ],
                            [
                                -122.551510688,
                                48.777329404
                            ],
                            [
                                -122.554276207,
                                48.777825556
                            ],
                            [
                                -122.559373311,
                                48.77791401
                            ],
                            [
                                -122.561438931,
                                48.778540183
                            ],
                            [
                                -122.564971823,
                                48.780063601
                            ],
                            [
                                -122.56681812,
                                48.780565973
                            ],
                            [
                                -122.567498608,
                                48.780440829
                            ],
                            [
                                -122.569289057,
                                48.780740413
                            ],
                            [
                                -122.571049229,
                                48.780594121
                            ],
                            [
                                -122.571690522,
                                48.780830265
                            ],
                            [
                                -122.573572902,
                                48.780374502
                            ],
                            [
                                -122.573871162,
                                48.781999711
                            ],
                            [
                                -122.576395432,
                                48.783285747
                            ],
                            [
                                -122.576946365,
                                48.784001407
                            ],
                            [
                                -122.577796957,
                                48.784573136
                            ],
                            [
                                -122.578854105,
                                48.784812235
                            ],
                            [
                                -122.58101959,
                                48.786233491
                            ],
                            [
                                -122.581137937,
                                48.786323635
                            ],
                            [
                                -122.581122411,
                                48.786935574
                            ],
                            [
                                -122.581516012,
                                48.787552289
                            ],
                            [
                                -122.58241739,
                                48.788385639
                            ],
                            [
                                -122.583303068,
                                48.788939828
                            ],
                            [
                                -122.58374952,
                                48.788846327
                            ],
                            [
                                -122.584063165,
                                48.78916471
                            ],
                            [
                                -122.589212432,
                                48.789199847
                            ],
                            [
                                -122.589435285,
                                48.79024185
                            ],
                            [
                                -122.589288813,
                                48.791038776
                            ],
                            [
                                -122.589426113,
                                48.791306149
                            ],
                            [
                                -122.590861049,
                                48.791401415
                            ],
                            [
                                -122.590521533,
                                48.790281353
                            ],
                            [
                                -122.59047499,
                                48.78920788
                            ],
                            [
                                -122.595789497,
                                48.789120328
                            ],
                            [
                                -122.595739129,
                                48.795261069
                            ],
                            [
                                -122.595175169,
                                48.795743709
                            ],
                            [
                                -122.595625949,
                                48.804347502
                            ],
                            [
                                -122.595419175,
                                48.81922271
                            ],
                            [
                                -122.622347468,
                                48.81911286
                            ],
                            [
                                -122.622377,
                                48.815206
                            ],
                            [
                                -122.629187,
                                48.815228
                            ],
                            [
                                -122.629154,
                                48.819726
                            ],
                            [
                                -122.622795996,
                                48.819705463
                            ]
                        ],
                        [
                            [
                                -122.534062004,
                                48.77486302
                            ],
                            [
                                -122.534066318,
                                48.774865536
                            ],
                            [
                                -122.533144521,
                                48.77425197
                            ],
                            [
                                -122.534062004,
                                48.77486302
                            ]
                        ],
                        [
                            [
                                -122.54138034,
                                48.784441122
                            ],
                            [
                                -122.541216324,
                                48.802432426
                            ],
                            [
                                -122.568451841,
                                48.802537608
                            ],
                            [
                                -122.568606122,
                                48.784546239
                            ],
                            [
                                -122.54138034,
                                48.784441122
                            ]
                        ],
                        [
                            [
                                -122.577792629,
                                48.801666645
                            ],
                            [
                                -122.579758562,
                                48.797049847
                            ],
                            [
                                -122.579710822,
                                48.797551849
                            ],
                            [
                                -122.577975026,
                                48.801656664
                            ],
                            [
                                -122.578845849,
                                48.802240425
                            ],
                            [
                                -122.579298343,
                                48.802336437
                            ],
                            [
                                -122.579851228,
                                48.80221398
                            ],
                            [
                                -122.580260163,
                                48.801765646
                            ],
                            [
                                -122.581225031,
                                48.801202444
                            ],
                            [
                                -122.581568631,
                                48.800609977
                            ],
                            [
                                -122.583350357,
                                48.798547251
                            ],
                            [
                                -122.583989636,
                                48.798467761
                            ],
                            [
                                -122.584658819,
                                48.797679388
                            ],
                            [
                                -122.586702887,
                                48.79755998
                            ],
                            [
                                -122.587012833,
                                48.797273975
                            ],
                            [
                                -122.587111365,
                                48.796788576
                            ],
                            [
                                -122.587375467,
                                48.796589908
                            ],
                            [
                                -122.588128246,
                                48.796746166
                            ],
                            [
                                -122.588599054,
                                48.796676843
                            ],
                            [
                                -122.588157367,
                                48.796360436
                            ],
                            [
                                -122.58825523,
                                48.796054966
                            ],
                            [
                                -122.587667755,
                                48.795881962
                            ],
                            [
                                -122.586816966,
                                48.796472626
                            ],
                            [
                                -122.58716043,
                                48.795997043
                            ],
                            [
                                -122.587863765,
                                48.795540776
                            ],
                            [
                                -122.587733835,
                                48.795288434
                            ],
                            [
                                -122.587914038,
                                48.794614364
                            ],
                            [
                                -122.587671719,
                                48.794720143
                            ],
                            [
                                -122.585806665,
                                48.797106635
                            ],
                            [
                                -122.586163777,
                                48.797116984
                            ],
                            [
                                -122.586425226,
                                48.796696178
                            ],
                            [
                                -122.586753943,
                                48.796578856
                            ],
                            [
                                -122.586345397,
                                48.797225312
                            ],
                            [
                                -122.585917347,
                                48.797396033
                            ],
                            [
                                -122.585836352,
                                48.797215764
                            ],
                            [
                                -122.585043147,
                                48.797419825
                            ],
                            [
                                -122.584889553,
                                48.796951435
                            ],
                            [
                                -122.583602041,
                                48.79700003
                            ],
                            [
                                -122.583957835,
                                48.795833114
                            ],
                            [
                                -122.584464634,
                                48.795599178
                            ],
                            [
                                -122.585086355,
                                48.794782781
                            ],
                            [
                                -122.585839086,
                                48.794524979
                            ],
                            [
                                -122.586395624,
                                48.793896715
                            ],
                            [
                                -122.586917689,
                                48.793782174
                            ],
                            [
                                -122.586934161,
                                48.793646897
                            ],
                            [
                                -122.58638724,
                                48.793366625
                            ],
                            [
                                -122.585695653,
                                48.794083382
                            ],
                            [
                                -122.585007307,
                                48.794198945
                            ],
                            [
                                -122.584530758,
                                48.794863024
                            ],
                            [
                                -122.584498439,
                                48.794647044
                            ],
                            [
                                -122.584842223,
                                48.794045575
                            ],
                            [
                                -122.585315222,
                                48.793842363
                            ],
                            [
                                -122.582099045,
                                48.79315182
                            ],
                            [
                                -122.582231986,
                                48.793441052
                            ],
                            [
                                -122.581263368,
                                48.794086564
                            ],
                            [
                                -122.581902766,
                                48.793441174
                            ],
                            [
                                -122.581591361,
                                48.792513377
                            ],
                            [
                                -122.582034035,
                                48.791984244
                            ],
                            [
                                -122.582280231,
                                48.791238445
                            ],
                            [
                                -122.582884035,
                                48.790820722
                            ],
                            [
                                -122.580789431,
                                48.790386163
                            ],
                            [
                                -122.579930132,
                                48.790760824
                            ],
                            [
                                -122.579078376,
                                48.793213811
                            ],
                            [
                                -122.579175344,
                                48.794500605
                            ],
                            [
                                -122.57897784,
                                48.795345227
                            ],
                            [
                                -122.579369764,
                                48.796462483
                            ],
                            [
                                -122.579286918,
                                48.797010552
                            ],
                            [
                                -122.578239145,
                                48.798374132
                            ],
                            [
                                -122.577616351,
                                48.800333331
                            ],
                            [
                                -122.576798861,
                                48.80157164
                            ],
                            [
                                -122.575686225,
                                48.80184704
                            ],
                            [
                                -122.574820308,
                                48.80245475
                            ],
                            [
                                -122.574329201,
                                48.803037996
                            ],
                            [
                                -122.57431182,
                                48.803460938
                            ],
                            [
                                -122.5728891,
                                48.8046337
                            ],
                            [
                                -122.572692506,
                                48.805217987
                            ],
                            [
                                -122.572659899,
                                48.806144661
                            ],
                            [
                                -122.57234735,
                                48.806655839
                            ],
                            [
                                -122.572884911,
                                48.80762947
                            ],
                            [
                                -122.572819095,
                                48.809050585
                            ],
                            [
                                -122.571623465,
                                48.808984656
                            ],
                            [
                                -122.570924572,
                                48.809317044
                            ],
                            [
                                -122.570347348,
                                48.809321965
                            ],
                            [
                                -122.569287419,
                                48.80964066
                            ],
                            [
                                -122.569173654,
                                48.809909788
                            ],
                            [
                                -122.569383131,
                                48.810045042
                            ],
                            [
                                -122.570284784,
                                48.809554205
                            ],
                            [
                                -122.571037795,
                                48.809530184
                            ],
                            [
                                -122.571804622,
                                48.809749091
                            ],
                            [
                                -122.572985988,
                                48.809204568
                            ],
                            [
                                -122.573845238,
                                48.809109654
                            ],
                            [
                                -122.574568586,
                                48.808553739
                            ],
                            [
                                -122.576002631,
                                48.808587246
                            ],
                            [
                                -122.575463766,
                                48.808198369
                            ],
                            [
                                -122.574909231,
                                48.807431634
                            ],
                            [
                                -122.573812157,
                                48.80781443
                            ],
                            [
                                -122.573585633,
                                48.807534771
                            ],
                            [
                                -122.573454434,
                                48.80694944
                            ],
                            [
                                -122.573440967,
                                48.804637375
                            ],
                            [
                                -122.574209964,
                                48.80389358
                            ],
                            [
                                -122.575027565,
                                48.803437779
                            ],
                            [
                                -122.575485961,
                                48.80278278
                            ],
                            [
                                -122.577792629,
                                48.801666645
                            ]
                        ],
                        [
                            [
                                -122.5802981,
                                48.828294699
                            ],
                            [
                                -122.577880031,
                                48.826765299
                            ],
                            [
                                -122.577558203,
                                48.826790842
                            ],
                            [
                                -122.57746006,
                                48.827321361
                            ],
                            [
                                -122.577654285,
                                48.827924872
                            ],
                            [
                                -122.577524567,
                                48.828157963
                            ],
                            [
                                -122.577262668,
                                48.828328279
                            ],
                            [
                                -122.576603895,
                                48.828145899
                            ],
                            [
                                -122.576083547,
                                48.828314534
                            ],
                            [
                                -122.574937434,
                                48.830352398
                            ],
                            [
                                -122.57513171,
                                48.830497172
                            ],
                            [
                                -122.575406432,
                                48.83043545
                            ],
                            [
                                -122.57585408,
                                48.830130989
                            ],
                            [
                                -122.576163275,
                                48.830366033
                            ],
                            [
                                -122.576065616,
                                48.831481502
                            ],
                            [
                                -122.575474941,
                                48.83326928
                            ],
                            [
                                -122.575812633,
                                48.833369717
                            ],
                            [
                                -122.576482834,
                                48.832661518
                            ],
                            [
                                -122.57666823,
                                48.832725221
                            ],
                            [
                                -122.5760616,
                                48.833982645
                            ],
                            [
                                -122.575980054,
                                48.834773841
                            ],
                            [
                                -122.57647006,
                                48.83587293
                            ],
                            [
                                -122.577023464,
                                48.836342222
                            ],
                            [
                                -122.57883424,
                                48.835998979
                            ],
                            [
                                -122.578706109,
                                48.835099184
                            ],
                            [
                                -122.579031103,
                                48.835055049
                            ],
                            [
                                -122.57994864,
                                48.833996446
                            ],
                            [
                                -122.582044907,
                                48.831170643
                            ],
                            [
                                -122.581757034,
                                48.831025719
                            ],
                            [
                                -122.581405965,
                                48.831357098
                            ],
                            [
                                -122.580769173,
                                48.83071617
                            ],
                            [
                                -122.580962307,
                                48.830096309
                            ],
                            [
                                -122.580754841,
                                48.829807371
                            ],
                            [
                                -122.580901573,
                                48.829403371
                            ],
                            [
                                -122.580527172,
                                48.828600976
                            ],
                            [
                                -122.5802981,
                                48.828294699
                            ]
                        ],
                        [
                            [
                                -122.585012634,
                                48.803861044
                            ],
                            [
                                -122.58972423,
                                48.799775646
                            ],
                            [
                                -122.591586762,
                                48.79901758
                            ],
                            [
                                -122.592404766,
                                48.798381777
                            ],
                            [
                                -122.592846441,
                                48.797654644
                            ],
                            [
                                -122.593015226,
                                48.796778042
                            ],
                            [
                                -122.595025125,
                                48.795902668
                            ],
                            [
                                -122.595023862,
                                48.795777816
                            ],
                            [
                                -122.59372882,
                                48.796407227
                            ],
                            [
                                -122.593050575,
                                48.79641384
                            ],
                            [
                                -122.592360236,
                                48.793406637
                            ],
                            [
                                -122.591787159,
                                48.792406034
                            ],
                            [
                                -122.590918848,
                                48.791570384
                            ],
                            [
                                -122.589451904,
                                48.791473026
                            ],
                            [
                                -122.591346007,
                                48.793583041
                            ],
                            [
                                -122.591736605,
                                48.794933839
                            ],
                            [
                                -122.591752339,
                                48.795725571
                            ],
                            [
                                -122.591589208,
                                48.796210768
                            ],
                            [
                                -122.59000141,
                                48.798454167
                            ],
                            [
                                -122.58740161,
                                48.800181166
                            ],
                            [
                                -122.586764743,
                                48.801132434
                            ],
                            [
                                -122.585146144,
                                48.802332166
                            ],
                            [
                                -122.584343609,
                                48.803237836
                            ],
                            [
                                -122.58313241,
                                48.80599537
                            ],
                            [
                                -122.581870941,
                                48.80782597
                            ],
                            [
                                -122.581412541,
                                48.80888584
                            ],
                            [
                                -122.581458809,
                                48.810370443
                            ],
                            [
                                -122.582194942,
                                48.811425644
                            ],
                            [
                                -122.583893545,
                                48.813132044
                            ],
                            [
                                -122.58397301,
                                48.81349224
                            ],
                            [
                                -122.583811344,
                                48.814004437
                            ],
                            [
                                -122.583466948,
                                48.814372034
                            ],
                            [
                                -122.581471216,
                                48.815291366
                            ],
                            [
                                -122.580833745,
                                48.815774836
                            ],
                            [
                                -122.58026081,
                                48.816681371
                            ],
                            [
                                -122.580227744,
                                48.817373973
                            ],
                            [
                                -122.579634174,
                                48.818848096
                            ],
                            [
                                -122.580431944,
                                48.818863289
                            ],
                            [
                                -122.58057017,
                                48.818166843
                            ],
                            [
                                -122.580895971,
                                48.817601377
                            ],
                            [
                                -122.581095571,
                                48.816432576
                            ],
                            [
                                -122.581388967,
                                48.816073779
                            ],
                            [
                                -122.58220783,
                                48.815581981
                            ],
                            [
                                -122.583711034,
                                48.815011647
                            ],
                            [
                                -122.584153171,
                                48.814671378
                            ],
                            [
                                -122.584481038,
                                48.814141776
                            ],
                            [
                                -122.584547571,
                                48.813107439
                            ],
                            [
                                -122.58417157,
                                48.812251437
                            ],
                            [
                                -122.582490768,
                                48.810662036
                            ],
                            [
                                -122.582130835,
                                48.810129973
                            ],
                            [
                                -122.582458235,
                                48.808124975
                            ],
                            [
                                -122.582851968,
                                48.807469777
                            ],
                            [
                                -122.584145369,
                                48.806196976
                            ],
                            [
                                -122.585012634,
                                48.803861044
                            ]
                        ],
                        [
                            [
                                -122.581112362,
                                48.790280912
                            ],
                            [
                                -122.583011,
                                48.790674817
                            ],
                            [
                                -122.583065357,
                                48.790557572
                            ],
                            [
                                -122.581855755,
                                48.790310231
                            ],
                            [
                                -122.581112362,
                                48.790280912
                            ]
                        ],
                        [
                            [
                                -122.606179724,
                                48.819657458
                            ],
                            [
                                -122.605736765,
                                48.819744169
                            ],
                            [
                                -122.60555127,
                                48.819827111
                            ],
                            [
                                -122.605091115,
                                48.820132845
                            ],
                            [
                                -122.60477792,
                                48.820412904
                            ],
                            [
                                -122.604612946,
                                48.820630429
                            ],
                            [
                                -122.604513729,
                                48.820920039
                            ],
                            [
                                -122.604529345,
                                48.82159499
                            ],
                            [
                                -122.604305023,
                                48.821947864
                            ],
                            [
                                -122.603246321,
                                48.822418736
                            ],
                            [
                                -122.602929017,
                                48.822629174
                            ],
                            [
                                -122.602729901,
                                48.822965551
                            ],
                            [
                                -122.602713656,
                                48.823953957
                            ],
                            [
                                -122.60241098,
                                48.824232559
                            ],
                            [
                                -122.601728547,
                                48.824354224
                            ],
                            [
                                -122.60147916,
                                48.82444542
                            ],
                            [
                                -122.600959603,
                                48.825061194
                            ],
                            [
                                -122.600002476,
                                48.825004473
                            ],
                            [
                                -122.59777442,
                                48.825069097
                            ],
                            [
                                -122.597568087,
                                48.825144126
                            ],
                            [
                                -122.597128835,
                                48.825563729
                            ],
                            [
                                -122.596761261,
                                48.825667679
                            ],
                            [
                                -122.596108549,
                                48.825701878
                            ],
                            [
                                -122.595773133,
                                48.825799268
                            ],
                            [
                                -122.596922942,
                                48.82566675
                            ],
                            [
                                -122.597156667,
                                48.825584435
                            ],
                            [
                                -122.597785398,
                                48.825095815
                            ],
                            [
                                -122.600974038,
                                48.825088289
                            ],
                            [
                                -122.601505071,
                                48.824467069
                            ],
                            [
                                -122.602438107,
                                48.824253438
                            ],
                            [
                                -122.602754888,
                                48.823958997
                            ],
                            [
                                -122.602771148,
                                48.822969688
                            ],
                            [
                                -122.602964724,
                                48.822643328
                            ],
                            [
                                -122.60433801,
                                48.821964697
                            ],
                            [
                                -122.604570623,
                                48.821599257
                            ],
                            [
                                -122.604555031,
                                48.820923109
                            ],
                            [
                                -122.604813913,
                                48.820426635
                            ],
                            [
                                -122.605578339,
                                48.819847967
                            ],
                            [
                                -122.606179724,
                                48.819657458
                            ]
                        ],
                        [
                            [
                                -122.609953838,
                                48.820269938
                            ],
                            [
                                -122.611197037,
                                48.820309871
                            ],
                            [
                                -122.611905351,
                                48.820084913
                            ],
                            [
                                -122.612270982,
                                48.81978337
                            ],
                            [
                                -122.612486243,
                                48.819178831
                            ],
                            [
                                -122.612072023,
                                48.819940984
                            ],
                            [
                                -122.611184902,
                                48.820283577
                            ],
                            [
                                -122.609967118,
                                48.82024392
                            ],
                            [
                                -122.608467296,
                                48.819699689
                            ],
                            [
                                -122.607483624,
                                48.819470616
                            ],
                            [
                                -122.607147513,
                                48.819478833
                            ],
                            [
                                -122.606424426,
                                48.819584576
                            ],
                            [
                                -122.607475779,
                                48.819497613
                            ],
                            [
                                -122.609953838,
                                48.820269938
                            ]
                        ]
                    ],
                    [
                        [
                            [
                                -122.650050678,
                                48.819436741
                            ],
                            [
                                -122.660655586,
                                48.819394435
                            ],
                            [
                                -122.660749493,
                                48.826955366
                            ],
                            [
                                -122.66048619,
                                48.834822704
                            ],
                            [
                                -122.660598837,
                                48.849577503
                            ],
                            [
                                -122.660460357,
                                48.862733757
                            ],
                            [
                                -122.630341164,
                                48.862649656
                            ],
                            [
                                -122.630339199,
                                48.860981315
                            ],
                            [
                                -122.633071746,
                                48.860992961
                            ],
                            [
                                -122.633113417,
                                48.856743379
                            ],
                            [
                                -122.649783313,
                                48.856788839
                            ],
                            [
                                -122.650050678,
                                48.819436741
                            ]
                        ]
                    ],
                    [
                        [
                            [
                                -122.595273795,
                                48.884737461
                            ],
                            [
                                -122.595826975,
                                48.869836517
                            ],
                            [
                                -122.601756211,
                                48.8699104
                            ],
                            [
                                -122.604635063,
                                48.869138183
                            ],
                            [
                                -122.605581435,
                                48.869335747
                            ],
                            [
                                -122.606232606,
                                48.868885351
                            ],
                            [
                                -122.604011684,
                                48.866785532
                            ],
                            [
                                -122.603668701,
                                48.866244115
                            ],
                            [
                                -122.603924321,
                                48.866243663
                            ],
                            [
                                -122.604504807,
                                48.86701472
                            ],
                            [
                                -122.606490555,
                                48.868838334
                            ],
                            [
                                -122.60649681,
                                48.868501163
                            ],
                            [
                                -122.609035899,
                                48.868490513
                            ],
                            [
                                -122.6089993,
                                48.870028786
                            ],
                            [
                                -122.611758928,
                                48.869988581
                            ],
                            [
                                -122.611783086,
                                48.868157967
                            ],
                            [
                                -122.616645363,
                                48.86810351
                            ],
                            [
                                -122.616557992,
                                48.884459926
                            ],
                            [
                                -122.613993195,
                                48.884463711
                            ],
                            [
                                -122.617383624,
                                48.891719154
                            ],
                            [
                                -122.603594143,
                                48.892045309
                            ],
                            [
                                -122.592665337,
                                48.884742146
                            ],
                            [
                                -122.595273795,
                                48.884737461
                            ]
                        ]
                    ],
                    [
                        [
                            [
                                -122.587872,
                                48.894031
                            ],
                            [
                                -122.581051,
                                48.894007
                            ],
                            [
                                -122.581070018,
                                48.891695057
                            ],
                            [
                                -122.57337419,
                                48.891729716
                            ],
                            [
                                -122.57303019,
                                48.891895716
                            ],
                            [
                                -122.57279231,
                                48.895271834
                            ],
                            [
                                -122.567660782,
                                48.89529391
                            ],
                            [
                                -122.567920453,
                                48.865203781
                            ],
                            [
                                -122.570132173,
                                48.865187386
                            ],
                            [
                                -122.571145445,
                                48.864795384
                            ],
                            [
                                -122.571768848,
                                48.86414998
                            ],
                            [
                                -122.571999048,
                                48.863539045
                            ],
                            [
                                -122.571884647,
                                48.862674974
                            ],
                            [
                                -122.570446646,
                                48.861338173
                            ],
                            [
                                -122.57000598,
                                48.860661841
                            ],
                            [
                                -122.56992537,
                                48.860183166
                            ],
                            [
                                -122.570203411,
                                48.85968664
                            ],
                            [
                                -122.571887874,
                                48.858838229
                            ],
                            [
                                -122.575016574,
                                48.858044585
                            ],
                            [
                                -122.576280757,
                                48.857274315
                            ],
                            [
                                -122.574953166,
                                48.858206553
                            ],
                            [
                                -122.574940742,
                                48.859111846
                            ],
                            [
                                -122.579158469,
                                48.859128952
                            ],
                            [
                                -122.576597823,
                                48.861591212
                            ],
                            [
                                -122.574978307,
                                48.862508604
                            ],
                            [
                                -122.574970096,
                                48.862974907
                            ],
                            [
                                -122.57903674,
                                48.863018701
                            ],
                            [
                                -122.578649894,
                                48.8769999
                            ],
                            [
                                -122.581296503,
                                48.877017
                            ],
                            [
                                -122.581293779,
                                48.880055002
                            ],
                            [
                                -122.58433436,
                                48.880061619
                            ],
                            [
                                -122.584398717,
                                48.878409492
                            ],
                            [
                                -122.585766691,
                                48.880336837
                            ],
                            [
                                -122.588341313,
                                48.882375649
                            ],
                            [
                                -122.588317689,
                                48.884539864
                            ],
                            [
                                -122.588568984,
                                48.885876152
                            ],
                            [
                                -122.589131614,
                                48.886969569
                            ],
                            [
                                -122.590210553,
                                48.888272506
                            ],
                            [
                                -122.58926259,
                                48.888282267
                            ],
                            [
                                -122.589223191,
                                48.891779272
                            ],
                            [
                                -122.587890567,
                                48.891773909
                            ],
                            [
                                -122.587872,
                                48.894031
                            ]
                        ]
                    ],
                    [
                        [
                            [
                                -122.806462116,
                                48.964315559
                            ],
                            [
                                -122.8028489,
                                48.967227399
                            ],
                            [
                                -122.800443957,
                                48.969463775
                            ],
                            [
                                -122.791697019,
                                48.969294573
                            ],
                            [
                                -122.792166043,
                                48.951199781
                            ],
                            [
                                -122.769914973,
                                48.95083553
                            ],
                            [
                                -122.769576971,
                                48.964488237
                            ],
                            [
                                -122.768226944,
                                48.964351217
                            ],
                            [
                                -122.768227131,
                                48.964155583
                            ],
                            [
                                -122.767022271,
                                48.964116204
                            ],
                            [
                                -122.766123264,
                                48.963831212
                            ],
                            [
                                -122.764652171,
                                48.963035683
                            ],
                            [
                                -122.763597341,
                                48.962252659
                            ],
                            [
                                -122.760154987,
                                48.961147015
                            ],
                            [
                                -122.757710735,
                                48.961010364
                            ],
                            [
                                -122.756350537,
                                48.96066306
                            ],
                            [
                                -122.752896113,
                                48.959359543
                            ],
                            [
                                -122.751773995,
                                48.958764187
                            ],
                            [
                                -122.750648684,
                                48.958563673
                            ],
                            [
                                -122.750070214,
                                48.958296315
                            ],
                            [
                                -122.74972286,
                                48.957807522
                            ],
                            [
                                -122.748235235,
                                48.957306257
                            ],
                            [
                                -122.748092974,
                                48.957482823
                            ],
                            [
                                -122.743093788,
                                48.95916751
                            ],
                            [
                                -122.74093711,
                                48.960251525
                            ],
                            [
                                -122.738691156,
                                48.961145309
                            ],
                            [
                                -122.735487116,
                                48.961721099
                            ],
                            [
                                -122.735472,
                                48.964554
                            ],
                            [
                                -122.728641,
                                48.964538
                            ],
                            [
                                -122.728642,
                                48.964404
                            ],
                            [
                                -122.72723,
                                48.964401
                            ],
                            [
                                -122.727255,
                                48.959903
                            ],
                            [
                                -122.734085,
                                48.959919
                            ],
                            [
                                -122.734085,
                                48.960053
                            ],
                            [
                                -122.735103463,
                                48.960055165
                            ],
                            [
                                -122.735431819,
                                48.9598638
                            ],
                            [
                                -122.735773168,
                                48.960641347
                            ],
                            [
                                -122.736030901,
                                48.960756408
                            ],
                            [
                                -122.736088734,
                                48.960601546
                            ],
                            [
                                -122.735967618,
                                48.959274309
                            ],
                            [
                                -122.735312778,
                                48.959490647
                            ],
                            [
                                -122.734511147,
                                48.959401155
                            ],
                            [
                                -122.734348533,
                                48.958776443
                            ],
                            [
                                -122.735114249,
                                48.958744689
                            ],
                            [
                                -122.735949843,
                                48.959006493
                            ],
                            [
                                -122.735860589,
                                48.958286209
                            ],
                            [
                                -122.735649923,
                                48.958067871
                            ],
                            [
                                -122.734923927,
                                48.957911209
                            ],
                            [
                                -122.734090502,
                                48.95795279
                            ],
                            [
                                -122.73367161,
                                48.957681145
                            ],
                            [
                                -122.732497175,
                                48.957629415
                            ],
                            [
                                -122.731052473,
                                48.956580558
                            ],
                            [
                                -122.731048615,
                                48.956060894
                            ],
                            [
                                -122.731314667,
                                48.955937026
                            ],
                            [
                                -122.731050075,
                                48.955789199
                            ],
                            [
                                -122.731097502,
                                48.946964987
                            ],
                            [
                                -122.726180166,
                                48.946947623
                            ],
                            [
                                -122.726223672,
                                48.93813977
                            ],
                            [
                                -122.719495,
                                48.938124
                            ],
                            [
                                -122.719496,
                                48.937915
                            ],
                            [
                                -122.719034,
                                48.937914
                            ],
                            [
                                -122.719059,
                                48.933416
                            ],
                            [
                                -122.725886,
                                48.933432
                            ],
                            [
                                -122.725885,
                                48.933641
                            ],
                            [
                                -122.726297834,
                                48.933641894
                            ],
                            [
                                -122.726333887,
                                48.928967952
                            ],
                            [
                                -122.731194126,
                                48.928973758
                            ],
                            [
                                -122.731290654,
                                48.910982472
                            ],
                            [
                                -122.72655088,
                                48.910965537
                            ],
                            [
                                -122.726711218,
                                48.902204699
                            ],
                            [
                                -122.726560904,
                                48.892986745
                            ],
                            [
                                -122.731387086,
                                48.89299113
                            ],
                            [
                                -122.73139193,
                                48.892086943
                            ],
                            [
                                -122.731539638,
                                48.892079872
                            ],
                            [
                                -122.751947194,
                                48.892344204
                            ],
                            [
                                -122.75260213,
                                48.893106183
                            ],
                            [
                                -122.75260922,
                                48.893879696
                            ],
                            [
                                -122.753300221,
                                48.895547696
                            ],
                            [
                                -122.753264221,
                                48.896621696
                            ],
                            [
                                -122.753090221,
                                48.897078696
                            ],
                            [
                                -122.753297221,
                                48.897352696
                            ],
                            [
                                -122.755030222,
                                48.897741696
                            ],
                            [
                                -122.757285645,
                                48.897699734
                            ],
                            [
                                -122.761259107,
                                48.897920432
                            ],
                            [
                                -122.762509567,
                                48.898579706
                            ],
                            [
                                -122.764144529,
                                48.900409173
                            ],
                            [
                                -122.764985944,
                                48.901049455
                            ],
                            [
                                -122.767592953,
                                48.901720659
                            ],
                            [
                                -122.77072684,
                                48.902796903
                            ],
                            [
                                -122.771026392,
                                48.902740279
                            ],
                            [
                                -122.770279225,
                                48.903250694
                            ],
                            [
                                -122.77116184,
                                48.903678795
                            ],
                            [
                                -122.770964672,
                                48.903851386
                            ],
                            [
                                -122.769432722,
                                48.904952867
                            ],
                            [
                                -122.765852358,
                                48.906886827
                            ],
                            [
                                -122.764878111,
                                48.907137753
                            ],
                            [
                                -122.76254691,
                                48.907112191
                            ],
                            [
                                -122.7602051,
                                48.907800339
                            ],
                            [
                                -122.758811456,
                                48.907968706
                            ],
                            [
                                -122.75755966,
                                48.90833426
                            ],
                            [
                                -122.756328099,
                                48.90839541
                            ],
                            [
                                -122.755127393,
                                48.908853801
                            ],
                            [
                                -122.75130148,
                                48.911041869
                            ],
                            [
                                -122.749482713,
                                48.912642458
                            ],
                            [
                                -122.74827723,
                                48.914156303
                            ],
                            [
                                -122.747602134,
                                48.915288925
                            ],
                            [
                                -122.746488809,
                                48.917495276
                            ],
                            [
                                -122.746100079,
                                48.918541006
                            ],
                            [
                                -122.746108208,
                                48.918954266
                            ],
                            [
                                -122.74588486,
                                48.919164612
                            ],
                            [
                                -122.745409445,
                                48.921404173
                            ],
                            [
                                -122.745232988,
                                48.921474722
                            ],
                            [
                                -122.744878069,
                                48.91997184
                            ],
                            [
                                -122.745314065,
                                48.918740873
                            ],
                            [
                                -122.745457109,
                                48.917836682
                            ],
                            [
                                -122.744836427,
                                48.919970798
                            ],
                            [
                                -122.74520538,
                                48.921496693
                            ],
                            [
                                -122.745084107,
                                48.922049792
                            ],
                            [
                                -122.745365947,
                                48.922752678
                            ],
                            [
                                -122.7454618,
                                48.92375958
                            ],
                            [
                                -122.745428987,
                                48.927666563
                            ],
                            [
                                -122.745586791,
                                48.928841944
                            ],
                            [
                                -122.745948449,
                                48.929809728
                            ],
                            [
                                -122.747401171,
                                48.932289759
                            ],
                            [
                                -122.749375809,
                                48.934611861
                            ],
                            [
                                -122.751866908,
                                48.936526853
                            ],
                            [
                                -122.75509214,
                                48.938502291
                            ],
                            [
                                -122.75937377,
                                48.940183148
                            ],
                            [
                                -122.76288091,
                                48.941322048
                            ],
                            [
                                -122.769381722,
                                48.942707268
                            ],
                            [
                                -122.771303459,
                                48.942834095
                            ],
                            [
                                -122.771354717,
                                48.942684709
                            ],
                            [
                                -122.770743233,
                                48.942582491
                            ],
                            [
                                -122.770753413,
                                48.942399076
                            ],
                            [
                                -122.771919228,
                                48.940953839
                            ],
                            [
                                -122.774045085,
                                48.939385127
                            ],
                            [
                                -122.781239669,
                                48.935168657
                            ],
                            [
                                -122.784661984,
                                48.933547072
                            ],
                            [
                                -122.786854686,
                                48.932708505
                            ],
                            [
                                -122.787270306,
                                48.932261093
                            ],
                            [
                                -122.787062896,
                                48.933013315
                            ],
                            [
                                -122.786384067,
                                48.934019527
                            ],
                            [
                                -122.785305864,
                                48.934403419
                            ],
                            [
                                -122.785302817,
                                48.935209724
                            ],
                            [
                                -122.785080961,
                                48.935271001
                            ],
                            [
                                -122.786043752,
                                48.936488999
                            ],
                            [
                                -122.787176172,
                                48.936563934
                            ],
                            [
                                -122.787873854,
                                48.936434827
                            ],
                            [
                                -122.78813484,
                                48.936033914
                            ],
                            [
                                -122.788106357,
                                48.93538715
                            ],
                            [
                                -122.786996021,
                                48.934809363
                            ],
                            [
                                -122.787007226,
                                48.934344063
                            ],
                            [
                                -122.78721952,
                                48.933804928
                            ],
                            [
                                -122.788701795,
                                48.933598584
                            ],
                            [
                                -122.788880508,
                                48.933324587
                            ],
                            [
                                -122.788845881,
                                48.933199549
                            ],
                            [
                                -122.787794459,
                                48.933151242
                            ],
                            [
                                -122.787904587,
                                48.932068167
                            ],
                            [
                                -122.787549834,
                                48.931536719
                            ],
                            [
                                -122.788484357,
                                48.931966667
                            ],
                            [
                                -122.789671793,
                                48.932171698
                            ],
                            [
                                -122.791390983,
                                48.932027282
                            ],
                            [
                                -122.792518325,
                                48.932105192
                            ],
                            [
                                -122.794639907,
                                48.932779282
                            ],
                            [
                                -122.797967853,
                                48.933383144
                            ],
                            [
                                -122.815209945,
                                48.938306297
                            ],
                            [
                                -122.817964555,
                                48.938966017
                            ],
                            [
                                -122.818539545,
                                48.93917578
                            ],
                            [
                                -122.819619234,
                                48.939709001
                            ],
                            [
                                -122.820821711,
                                48.940534713
                            ],
                            [
                                -122.822156857,
                                48.942121691
                            ],
                            [
                                -122.822631219,
                                48.944441029
                            ],
                            [
                                -122.822297755,
                                48.945281068
                            ],
                            [
                                -122.822284442,
                                48.945709287
                            ],
                            [
                                -122.821028277,
                                48.947054799
                            ],
                            [
                                -122.820257035,
                                48.94821573
                            ],
                            [
                                -122.819297362,
                                48.951632169
                            ],
                            [
                                -122.817703811,
                                48.955670147
                            ],
                            [
                                -122.81741186,
                                48.956032734
                            ],
                            [
                                -122.817606137,
                                48.956028977
                            ],
                            [
                                -122.817411864,
                                48.956032754
                            ],
                            [
                                -122.815097423,
                                48.957907275
                            ],
                            [
                                -122.813119738,
                                48.95917617
                            ],
                            [
                                -122.811420114,
                                48.960227903
                            ],
                            [
                                -122.808833169,
                                48.9615262
                            ],
                            [
                                -122.808257656,
                                48.962046578
                            ],
                            [
                                -122.808053601,
                                48.962510813
                            ],
                            [
                                -122.806462116,
                                48.964315559
                            ]
                        ],
                        [
                            [
                                -122.818189204,
                                48.939072223
                            ],
                            [
                                -122.818232551,
                                48.939076974
                            ],
                            [
                                -122.818135636,
                                48.939043417
                            ],
                            [
                                -122.818189204,
                                48.939072223
                            ]
                        ]
                    ],
                    [
                        [
                            [
                                -122.672173,
                                48.938934
                            ],
                            [
                                -122.665345,
                                48.938914
                            ],
                            [
                                -122.665375,
                                48.934416
                            ],
                            [
                                -122.672202,
                                48.934436
                            ],
                            [
                                -122.672173,
                                48.938934
                            ]
                        ]
                    ],
                    [
                        [
                            [
                                -122.437518094,
                                48.705647288
                            ],
                            [
                                -122.439647628,
                                48.70624279
                            ],
                            [
                                -122.441674281,
                                48.706477029
                            ],
                            [
                                -122.453880507,
                                48.70632082
                            ],
                            [
                                -122.453497819,
                                48.733836176
                            ],
                            [
                                -122.446656778,
                                48.733827657
                            ],
                            [
                                -122.44666105,
                                48.734837396
                            ],
                            [
                                -122.442430315,
                                48.734841514
                            ],
                            [
                                -122.442436675,
                                48.735606725
                            ],
                            [
                                -122.421201242,
                                48.735568865
                            ],
                            [
                                -122.420755287,
                                48.751252018
                            ],
                            [
                                -122.419567762,
                                48.75125196
                            ],
                            [
                                -122.419581249,
                                48.751644449
                            ],
                            [
                                -122.415346505,
                                48.751646646
                            ],
                            [
                                -122.415359379,
                                48.75326851
                            ],
                            [
                                -122.411582553,
                                48.753334846
                            ],
                            [
                                -122.411451455,
                                48.752635244
                            ],
                            [
                                -122.410645246,
                                48.751724081
                            ],
                            [
                                -122.410747248,
                                48.751739973
                            ],
                            [
                                -122.410102923,
                                48.75017235
                            ],
                            [
                                -122.409076045,
                                48.749933189
                            ],
                            [
                                -122.407956976,
                                48.750009782
                            ],
                            [
                                -122.407699969,
                                48.750170384
                            ],
                            [
                                -122.407372671,
                                48.750824369
                            ],
                            [
                                -122.406125464,
                                48.750881221
                            ],
                            [
                                -122.405808325,
                                48.751167177
                            ],
                            [
                                -122.405095232,
                                48.751398099
                            ],
                            [
                                -122.403406115,
                                48.751109536
                            ],
                            [
                                -122.402322183,
                                48.751095498
                            ],
                            [
                                -122.3993507,
                                48.750081183
                            ],
                            [
                                -122.39837038,
                                48.750498925
                            ],
                            [
                                -122.397912208,
                                48.751395581
                            ],
                            [
                                -122.396825342,
                                48.750865098
                            ],
                            [
                                -122.396546363,
                                48.750580155
                            ],
                            [
                                -122.396380368,
                                48.748957531
                            ],
                            [
                                -122.396629041,
                                48.748509875
                            ],
                            [
                                -122.392307,
                                48.748487
                            ],
                            [
                                -122.392323,
                                48.747189
                            ],
                            [
                                -122.389891,
                                48.747176
                            ],
                            [
                                -122.389918,
                                48.744953
                            ],
                            [
                                -122.387543,
                                48.744941
                            ],
                            [
                                -122.387598,
                                48.740443
                            ],
                            [
                                -122.394398,
                                48.740479
                            ],
                            [
                                -122.394372,
                                48.742701
                            ],
                            [
                                -122.395615,
                                48.742708
                            ],
                            [
                                -122.395641,
                                48.740571
                            ],
                            [
                                -122.402441,
                                48.740607
                            ],
                            [
                                -122.402428,
                                48.743864
                            ],
                            [
                                -122.404734,
                                48.743876
                            ],
                            [
                                -122.404687377,
                                48.747831933
                            ],
                            [
                                -122.405678817,
                                48.747837084
                            ],
                            [
                                -122.406109493,
                                48.711861736
                            ],
                            [
                                -122.433288763,
                                48.711991785
                            ],
                            [
                                -122.433391114,
                                48.703475975
                            ],
                            [
                                -122.437518094,
                                48.705647288
                            ]
                        ]
                    ],
                    [
                        [
                            [
                                -122.374907,
                                48.734672
                            ],
                            [
                                -122.374962,
                                48.730175
                            ],
                            [
                                -122.381761,
                                48.730211
                            ],
                            [
                                -122.381706,
                                48.734709
                            ],
                            [
                                -122.374907,
                                48.734672
                            ]
                        ]
                    ],
                    [
                        [
                            [
                                -122.394178,
                                48.738104
                            ],
                            [
                                -122.387378,
                                48.738068
                            ],
                            [
                                -122.387432,
                                48.73357
                            ],
                            [
                                -122.394232,
                                48.733606
                            ],
                            [
                                -122.394178,
                                48.738104
                            ]
                        ]
                    ],
                    [
                        [
                            [
                                -122.370272,
                                48.741326
                            ],
                            [
                                -122.363472,
                                48.741288
                            ],
                            [
                                -122.363528,
                                48.73679
                            ],
                            [
                                -122.36737,
                                48.736812
                            ],
                            [
                                -122.367378,
                                48.736177
                            ],
                            [
                                -122.372711,
                                48.736206
                            ],
                            [
                                -122.372714,
                                48.736006
                            ],
                            [
                                -122.379514,
                                48.736042
                            ],
                            [
                                -122.379499,
                                48.737226
                            ],
                            [
                                -122.383307,
                                48.737246
                            ],
                            [
                                -122.383294,
                                48.738285
                            ],
                            [
                                -122.386996,
                                48.738305
                            ],
                            [
                                -122.386941,
                                48.742803
                            ],
                            [
                                -122.38014,
                                48.742767
                            ],
                            [
                                -122.380153,
                                48.741727
                            ],
                            [
                                -122.376451,
                                48.741708
                            ],
                            [
                                -122.376466,
                                48.740524
                            ],
                            [
                                -122.374125,
                                48.740511
                            ],
                            [
                                -122.374122,
                                48.740711
                            ],
                            [
                                -122.37028,
                                48.74069
                            ],
                            [
                                -122.370272,
                                48.741326
                            ]
                        ]
                    ],
                    [
                        [
                            [
                                -122.38006986,
                                48.747709089
                            ],
                            [
                                -122.381406299,
                                48.748424789
                            ],
                            [
                                -122.381499561,
                                48.748674597
                            ],
                            [
                                -122.382465364,
                                48.749516399
                            ],
                            [
                                -122.38549357,
                                48.751565801
                            ],
                            [
                                -122.387614905,
                                48.752269668
                            ],
                            [
                                -122.388284248,
                                48.752242172
                            ],
                            [
                                -122.388954782,
                                48.752420802
                            ],
                            [
                                -122.389584562,
                                48.752240971
                            ],
                            [
                                -122.390468906,
                                48.752734669
                            ],
                            [
                                -122.391333575,
                                48.752586269
                            ],
                            [
                                -122.392765772,
                                48.753205601
                            ],
                            [
                                -122.393933506,
                                48.753319668
                            ],
                            [
                                -122.395118634,
                                48.753841414
                            ],
                            [
                                -122.39577277,
                                48.754381866
                            ],
                            [
                                -122.39686223,
                                48.754651152
                            ],
                            [
                                -122.39752023,
                                48.755218474
                            ],
                            [
                                -122.397508701,
                                48.755551464
                            ],
                            [
                                -122.398625169,
                                48.756330998
                            ],
                            [
                                -122.399080297,
                                48.756462121
                            ],
                            [
                                -122.39904581,
                                48.757264429
                            ],
                            [
                                -122.398732806,
                                48.757157533
                            ],
                            [
                                -122.399041811,
                                48.757496508
                            ],
                            [
                                -122.399001738,
                                48.771402681
                            ],
                            [
                                -122.410077964,
                                48.771512537
                            ],
                            [
                                -122.410007075,
                                48.774257498
                            ],
                            [
                                -122.420992366,
                                48.774075246
                            ],
                            [
                                -122.421000856,
                                48.782305872
                            ],
                            [
                                -122.420202332,
                                48.782332771
                            ],
                            [
                                -122.419568454,
                                48.7825737
                            ],
                            [
                                -122.419946561,
                                48.782993624
                            ],
                            [
                                -122.420217483,
                                48.783631253
                            ],
                            [
                                -122.420240032,
                                48.78508616
                            ],
                            [
                                -122.41993405,
                                48.785109906
                            ],
                            [
                                -122.420138775,
                                48.785952195
                            ],
                            [
                                -122.415426901,
                                48.78593676
                            ],
                            [
                                -122.415274145,
                                48.791817383
                            ],
                            [
                                -122.410026137,
                                48.78890373
                            ],
                            [
                                -122.409666558,
                                48.788938057
                            ],
                            [
                                -122.408211136,
                                48.78782273
                            ],
                            [
                                -122.405230894,
                                48.786171357
                            ],
                            [
                                -122.405254061,
                                48.78381908
                            ],
                            [
                                -122.400927818,
                                48.783789337
                            ],
                            [
                                -122.38825313,
                                48.776741731
                            ],
                            [
                                -122.378187783,
                                48.771473123
                            ],
                            [
                                -122.378251606,
                                48.765684501
                            ],
                            [
                                -122.367614574,
                                48.765619556
                            ],
                            [
                                -122.346181683,
                                48.754063321
                            ],
                            [
                                -122.349098061,
                                48.752436912
                            ],
                            [
                                -122.351877991,
                                48.751438043
                            ],
                            [
                                -122.353280118,
                                48.751460734
                            ],
                            [
                                -122.353836397,
                                48.750908451
                            ],
                            [
                                -122.354597337,
                                48.750560889
                            ],
                            [
                                -122.354368996,
                                48.750944945
                            ],
                            [
                                -122.354346972,
                                48.751395651
                            ],
                            [
                                -122.354683932,
                                48.752234261
                            ],
                            [
                                -122.35630554,
                                48.753609694
                            ],
                            [
                                -122.35699926,
                                48.75477118
                            ],
                            [
                                -122.357061907,
                                48.754982449
                            ],
                            [
                                -122.35706271,
                                48.755230378
                            ],
                            [
                                -122.356880841,
                                48.754575047
                            ],
                            [
                                -122.357062923,
                                48.755305525
                            ],
                            [
                                -122.356864276,
                                48.755547025
                            ],
                            [
                                -122.356013762,
                                48.755623237
                            ],
                            [
                                -122.35585023,
                                48.755775024
                            ],
                            [
                                -122.355801154,
                                48.756351856
                            ],
                            [
                                -122.356210722,
                                48.756965858
                            ],
                            [
                                -122.356793763,
                                48.757464003
                            ],
                            [
                                -122.357238103,
                                48.757628405
                            ],
                            [
                                -122.359206328,
                                48.757635924
                            ],
                            [
                                -122.358846185,
                                48.757574936
                            ],
                            [
                                -122.360167346,
                                48.757739493
                            ],
                            [
                                -122.361356071,
                                48.758388848
                            ],
                            [
                                -122.362580763,
                                48.759718202
                            ],
                            [
                                -122.363105303,
                                48.759937005
                            ],
                            [
                                -122.363595376,
                                48.759921672
                            ],
                            [
                                -122.366348916,
                                48.759064202
                            ],
                            [
                                -122.366734922,
                                48.758670465
                            ],
                            [
                                -122.367159536,
                                48.757202495
                            ],
                            [
                                -122.36782018,
                                48.756895071
                            ],
                            [
                                -122.368428114,
                                48.756907471
                            ],
                            [
                                -122.369851186,
                                48.756267466
                            ],
                            [
                                -122.369932411,
                                48.755628383
                            ],
                            [
                                -122.369711858,
                                48.754925552
                            ],
                            [
                                -122.369967587,
                                48.754441865
                            ],
                            [
                                -122.37024429,
                                48.752337286
                            ],
                            [
                                -122.370749586,
                                48.751081463
                            ],
                            [
                                -122.370838134,
                                48.75010008
                            ],
                            [
                                -122.3714727,
                                48.750437669
                            ],
                            [
                                -122.372384171,
                                48.750649603
                            ],
                            [
                                -122.372639778,
                                48.75033607
                            ],
                            [
                                -122.373921308,
                                48.749911445
                            ],
                            [
                                -122.376586905,
                                48.749979603
                            ],
                            [
                                -122.377426502,
                                48.750353001
                            ],
                            [
                                -122.378138708,
                                48.750383802
                            ],
                            [
                                -122.379168891,
                                48.749621991
                            ],
                            [
                                -122.378466808,
                                48.749171597
                            ],
                            [
                                -122.378567072,
                                48.749093983
                            ],
                            [
                                -122.378384845,
                                48.748851634
                            ],
                            [
                                -122.378766675,
                                48.748640136
                            ],
                            [
                                -122.379427546,
                                48.74913488
                            ],
                            [
                                -122.378130368,
                                48.747698426
                            ],
                            [
                                -122.38006986,
                                48.747709089
                            ]
                        ]
                    ],
                    [
                        [
                            [
                                -122.431097143,
                                48.800440728
                            ],
                            [
                                -122.425467202,
                                48.798329856
                            ],
                            [
                                -122.417824139,
                                48.793243729
                            ],
                            [
                                -122.417479683,
                                48.793239881
                            ],
                            [
                                -122.42113938,
                                48.79316478
                            ],
                            [
                                -122.421143907,
                                48.790832335
                            ],
                            [
                                -122.421290054,
                                48.790410004
                            ],
                            [
                                -122.421669093,
                                48.79005689
                            ],
                            [
                                -122.421533334,
                                48.789872412
                            ],
                            [
                                -122.421687541,
                                48.789495915
                            ],
                            [
                                -122.432417457,
                                48.789406018
                            ],
                            [
                                -122.432284469,
                                48.801194877
                            ],
                            [
                                -122.431097143,
                                48.800440728
                            ]
                        ]
                    ],
                    [
                        [
                            [
                                -122.433017397,
                                48.789543573
                            ],
                            [
                                -122.439800407,
                                48.789502459
                            ],
                            [
                                -122.43996001,
                                48.791215939
                            ],
                            [
                                -122.437254765,
                                48.791212538
                            ],
                            [
                                -122.437316428,
                                48.793004316
                            ],
                            [
                                -122.434603899,
                                48.793000857
                            ],
                            [
                                -122.434850288,
                                48.800167859
                            ],
                            [
                                -122.448414572,
                                48.800184653
                            ],
                            [
                                -122.44830082,
                                48.796837045
                            ],
                            [
                                -122.458740318,
                                48.796898042
                            ],
                            [
                                -122.458782827,
                                48.797799577
                            ],
                            [
                                -122.459156548,
                                48.797797604
                            ],
                            [
                                -122.458811608,
                                48.798282947
                            ],
                            [
                                -122.458819788,
                                48.802074951
                            ],
                            [
                                -122.433473746,
                                48.801946706
                            ],
                            [
                                -122.432284469,
                                48.801194877
                            ],
                            [
                                -122.432417458,
                                48.789406018
                            ],
                            [
                                -122.433162291,
                                48.789408581
                            ],
                            [
                                -122.433017397,
                                48.789543573
                            ]
                        ]
                    ],
                    [
                        [
                            [
                                -122.39663,
                                48.800234
                            ],
                            [
                                -122.403438,
                                48.80027
                            ],
                            [
                                -122.403385,
                                48.804768
                            ],
                            [
                                -122.402363,
                                48.804762
                            ],
                            [
                                -122.402352,
                                48.805729
                            ],
                            [
                                -122.395543,
                                48.805693
                            ],
                            [
                                -122.395597,
                                48.801195
                            ],
                            [
                                -122.396618,
                                48.801201
                            ],
                            [
                                -122.39663,
                                48.800234
                            ]
                        ]
                    ],
                    [
                        [
                            [
                                -122.537401,
                                48.833956
                            ],
                            [
                                -122.544373,
                                48.833891
                            ],
                            [
                                -122.544332,
                                48.838388
                            ],
                            [
                                -122.53736,
                                48.838454
                            ],
                            [
                                -122.537401,
                                48.833956
                            ]
                        ]
                    ],
                    [
                        [
                            [
                                -122.537604,
                                48.83924
                            ],
                            [
                                -122.544417,
                                48.839268
                            ],
                            [
                                -122.544377,
                                48.843765
                            ],
                            [
                                -122.544218,
                                48.843765
                            ],
                            [
                                -122.544217,
                                48.843906
                            ],
                            [
                                -122.537402,
                                48.843879
                            ],
                            [
                                -122.537444,
                                48.839381
                            ],
                            [
                                -122.537602,
                                48.839382
                            ],
                            [
                                -122.537604,
                                48.83924
                            ]
                        ]
                    ],
                    [
                        [
                            [
                                -122.550117,
                                48.85023
                            ],
                            [
                                -122.539118,
                                48.850177
                            ],
                            [
                                -122.539119,
                                48.850044
                            ],
                            [
                                -122.538232,
                                48.85004
                            ],
                            [
                                -122.538273,
                                48.845543
                            ],
                            [
                                -122.549502,
                                48.845611
                            ],
                            [
                                -122.549501,
                                48.84573
                            ],
                            [
                                -122.550083,
                                48.845732
                            ],
                            [
                                -122.55009,
                                48.844972
                            ],
                            [
                                -122.551489,
                                48.844977
                            ],
                            [
                                -122.551493,
                                48.844555
                            ],
                            [
                                -122.558307,
                                48.844581
                            ],
                            [
                                -122.558268,
                                48.849079
                            ],
                            [
                                -122.556868,
                                48.849074
                            ],
                            [
                                -122.556865,
                                48.849496
                            ],
                            [
                                -122.550124,
                                48.84947
                            ],
                            [
                                -122.550117,
                                48.85023
                            ]
                        ]
                    ],
                    [
                        [
                            [
                                -122.482416,
                                48.845987
                            ],
                            [
                                -122.482787,
                                48.845989
                            ],
                            [
                                -122.482796,
                                48.845114
                            ],
                            [
                                -122.48961,
                                48.845144
                            ],
                            [
                                -122.489565,
                                48.849642
                            ],
                            [
                                -122.489194,
                                48.84964
                            ],
                            [
                                -122.489185,
                                48.850515
                            ],
                            [
                                -122.482369,
                                48.850485
                            ],
                            [
                                -122.482416,
                                48.845987
                            ]
                        ]
                    ],
                    [
                        [
                            [
                                -122.571349,
                                48.850439
                            ],
                            [
                                -122.564534,
                                48.850413
                            ],
                            [
                                -122.564573,
                                48.845915
                            ],
                            [
                                -122.571388,
                                48.845941
                            ],
                            [
                                -122.571349,
                                48.850439
                            ]
                        ]
                    ],
                    [
                        [
                            [
                                -122.482725,
                                48.857818
                            ],
                            [
                                -122.482319,
                                48.857817
                            ],
                            [
                                -122.482365,
                                48.853319
                            ],
                            [
                                -122.489181,
                                48.853349
                            ],
                            [
                                -122.489165,
                                48.854904
                            ],
                            [
                                -122.489571,
                                48.854906
                            ],
                            [
                                -122.489525,
                                48.859404
                            ],
                            [
                                -122.482709,
                                48.859374
                            ],
                            [
                                -122.482725,
                                48.857818
                            ]
                        ]
                    ],
                    [
                        [
                            [
                                -122.482345,
                                48.860632
                            ],
                            [
                                -122.482715,
                                48.860634
                            ],
                            [
                                -122.482725,
                                48.859694
                            ],
                            [
                                -122.489541,
                                48.859724
                            ],
                            [
                                -122.489496,
                                48.864222
                            ],
                            [
                                -122.489125,
                                48.86422
                            ],
                            [
                                -122.489116,
                                48.86516
                            ],
                            [
                                -122.482298,
                                48.86513
                            ],
                            [
                                -122.482345,
                                48.860632
                            ]
                        ]
                    ],
                    [
                        [
                            [
                                -122.482704,
                                48.866709
                            ],
                            [
                                -122.489522,
                                48.866739
                            ],
                            [
                                -122.489476,
                                48.871237
                            ],
                            [
                                -122.489061,
                                48.871235
                            ],
                            [
                                -122.489046,
                                48.872683
                            ],
                            [
                                -122.482228,
                                48.872653
                            ],
                            [
                                -122.482274,
                                48.868155
                            ],
                            [
                                -122.482689,
                                48.868157
                            ],
                            [
                                -122.482704,
                                48.866709
                            ]
                        ]
                    ],
                    [
                        [
                            [
                                -122.481911,
                                48.888373
                            ],
                            [
                                -122.488731,
                                48.888403
                            ],
                            [
                                -122.48873,
                                48.888553
                            ],
                            [
                                -122.489163,
                                48.888555
                            ],
                            [
                                -122.489117,
                                48.893053
                            ],
                            [
                                -122.482296,
                                48.893023
                            ],
                            [
                                -122.482298,
                                48.892873
                            ],
                            [
                                -122.481864,
                                48.892871
                            ],
                            [
                                -122.481911,
                                48.888373
                            ]
                        ]
                    ],
                    [
                        [
                            [
                                -122.372034,
                                48.893414
                            ],
                            [
                                -122.371533,
                                48.893411
                            ],
                            [
                                -122.37159,
                                48.888914
                            ],
                            [
                                -122.37841,
                                48.888951
                            ],
                            [
                                -122.378407,
                                48.889182
                            ],
                            [
                                -122.378908,
                                48.889185
                            ],
                            [
                                -122.378853,
                                48.893682
                            ],
                            [
                                -122.372031,
                                48.893645
                            ],
                            [
                                -122.372034,
                                48.893414
                            ]
                        ]
                    ],
                    [
                        [
                            [
                                -122.440736,
                                48.893942
                            ],
                            [
                                -122.438445,
                                48.893931
                            ],
                            [
                                -122.438496,
                                48.889434
                            ],
                            [
                                -122.445316,
                                48.889467
                            ],
                            [
                                -122.445314,
                                48.889641
                            ],
                            [
                                -122.447605,
                                48.889652
                            ],
                            [
                                -122.447556,
                                48.894149
                            ],
                            [
                                -122.440734,
                                48.894116
                            ],
                            [
                                -122.440736,
                                48.893942
                            ]
                        ]
                    ],
                    [
                        [
                            [
                                -122.436445,
                                48.894077
                            ],
                            [
                                -122.429624,
                                48.894043
                            ],
                            [
                                -122.429675,
                                48.889545
                            ],
                            [
                                -122.436496,
                                48.889579
                            ],
                            [
                                -122.436445,
                                48.894077
                            ]
                        ]
                    ],
                    [
                        [
                            [
                                -122.482352,
                                48.903749
                            ],
                            [
                                -122.489174,
                                48.903779
                            ],
                            [
                                -122.489129,
                                48.908277
                            ],
                            [
                                -122.488808,
                                48.908276
                            ],
                            [
                                -122.488792,
                                48.909888
                            ],
                            [
                                -122.481968,
                                48.909858
                            ],
                            [
                                -122.482015,
                                48.90536
                            ],
                            [
                                -122.482335,
                                48.905361
                            ],
                            [
                                -122.482352,
                                48.903749
                            ]
                        ]
                    ],
                    [
                        [
                            [
                                -122.342477104,
                                48.706636733
                            ],
                            [
                                -122.343620269,
                                48.704561984
                            ],
                            [
                                -122.344790239,
                                48.703947055
                            ],
                            [
                                -122.346445104,
                                48.703801732
                            ],
                            [
                                -122.347688104,
                                48.703435732
                            ],
                            [
                                -122.350379104,
                                48.701949732
                            ],
                            [
                                -122.351863452,
                                48.700751982
                            ],
                            [
                                -122.351493314,
                                48.72954585
                            ],
                            [
                                -122.339740979,
                                48.729479071
                            ],
                            [
                                -122.338947978,
                                48.728762555
                            ],
                            [
                                -122.338448057,
                                48.728517062
                            ],
                            [
                                -122.337432736,
                                48.728591807
                            ],
                            [
                                -122.335440959,
                                48.728076963
                            ],
                            [
                                -122.334044245,
                                48.728305566
                            ],
                            [
                                -122.333543139,
                                48.728221612
                            ],
                            [
                                -122.331914855,
                                48.72732283
                            ],
                            [
                                -122.330409507,
                                48.72584407
                            ],
                            [
                                -122.3298441,
                                48.72579923
                            ],
                            [
                                -122.329851756,
                                48.724968194
                            ],
                            [
                                -122.329176295,
                                48.724190023
                            ],
                            [
                                -122.328220985,
                                48.723878593
                            ],
                            [
                                -122.327267377,
                                48.722613839
                            ],
                            [
                                -122.326509302,
                                48.722366514
                            ],
                            [
                                -122.327023372,
                                48.721785867
                            ],
                            [
                                -122.326894991,
                                48.721163261
                            ],
                            [
                                -122.32631354,
                                48.721366806
                            ],
                            [
                                -122.325858431,
                                48.721849626
                            ],
                            [
                                -122.325485028,
                                48.721811475
                            ],
                            [
                                -122.325193783,
                                48.721539881
                            ],
                            [
                                -122.324494693,
                                48.721517809
                            ],
                            [
                                -122.324738763,
                                48.72219528
                            ],
                            [
                                -122.325522815,
                                48.722479901
                            ],
                            [
                                -122.324740525,
                                48.722636443
                            ],
                            [
                                -122.324308911,
                                48.722353205
                            ],
                            [
                                -122.323620921,
                                48.720963912
                            ],
                            [
                                -122.322537023,
                                48.720679222
                            ],
                            [
                                -122.322015125,
                                48.720737084
                            ],
                            [
                                -122.321719829,
                                48.720330341
                            ],
                            [
                                -122.321706076,
                                48.720025914
                            ],
                            [
                                -122.322723819,
                                48.719550732
                            ],
                            [
                                -122.324128298,
                                48.719641201
                            ],
                            [
                                -122.324569961,
                                48.719424959
                            ],
                            [
                                -122.324657057,
                                48.71932851
                            ],
                            [
                                -122.324728633,
                                48.719156465
                            ],
                            [
                                -122.324739465,
                                48.718677348
                            ],
                            [
                                -122.324623786,
                                48.718267214
                            ],
                            [
                                -122.32432853,
                                48.718018036
                            ],
                            [
                                -122.323726232,
                                48.717692765
                            ],
                            [
                                -122.323682577,
                                48.717599033
                            ],
                            [
                                -122.323772065,
                                48.716952167
                            ],
                            [
                                -122.324595719,
                                48.716609319
                            ],
                            [
                                -122.324742705,
                                48.716431773
                            ],
                            [
                                -122.32468361,
                                48.716170722
                            ],
                            [
                                -122.324483974,
                                48.716033958
                            ],
                            [
                                -122.324507636,
                                48.714266622
                            ],
                            [
                                -122.324862334,
                                48.714013061
                            ],
                            [
                                -122.325848529,
                                48.713911566
                            ],
                            [
                                -122.326362436,
                                48.713752572
                            ],
                            [
                                -122.326924171,
                                48.713900029
                            ],
                            [
                                -122.327207328,
                                48.713937889
                            ],
                            [
                                -122.327411235,
                                48.713902506
                            ],
                            [
                                -122.32795587,
                                48.713623376
                            ],
                            [
                                -122.32809906,
                                48.713446108
                            ],
                            [
                                -122.327207643,
                                48.713910127
                            ],
                            [
                                -122.326439246,
                                48.713717093
                            ],
                            [
                                -122.324842174,
                                48.713989007
                            ],
                            [
                                -122.324114388,
                                48.7145093
                            ],
                            [
                                -122.3234015,
                                48.715191799
                            ],
                            [
                                -122.323352854,
                                48.715415288
                            ],
                            [
                                -122.323495936,
                                48.715638848
                            ],
                            [
                                -122.324487908,
                                48.716068896
                            ],
                            [
                                -122.324712608,
                                48.716313076
                            ],
                            [
                                -122.324566277,
                                48.716589824
                            ],
                            [
                                -122.323807693,
                                48.71687406
                            ],
                            [
                                -122.323663991,
                                48.717159726
                            ],
                            [
                                -122.323641058,
                                48.717600395
                            ],
                            [
                                -122.323689416,
                                48.717706171
                            ],
                            [
                                -122.324470706,
                                48.71815393
                            ],
                            [
                                -122.324652602,
                                48.718428245
                            ],
                            [
                                -122.324687487,
                                48.719152443
                            ],
                            [
                                -122.324540784,
                                48.719405355
                            ],
                            [
                                -122.324117902,
                                48.719614298
                            ],
                            [
                                -122.322885289,
                                48.719481161
                            ],
                            [
                                -122.321816497,
                                48.719909352
                            ],
                            [
                                -122.321633593,
                                48.720068932
                            ],
                            [
                                -122.32167918,
                                48.720335957
                            ],
                            [
                                -122.322036959,
                                48.720772523
                            ],
                            [
                                -122.321850222,
                                48.721007459
                            ],
                            [
                                -122.320813343,
                                48.720578843
                            ],
                            [
                                -122.319745499,
                                48.720794572
                            ],
                            [
                                -122.319455678,
                                48.720744688
                            ],
                            [
                                -122.320243569,
                                48.71991087
                            ],
                            [
                                -122.320453523,
                                48.719363898
                            ],
                            [
                                -122.320909701,
                                48.719294005
                            ],
                            [
                                -122.32122437,
                                48.718891066
                            ],
                            [
                                -122.320840982,
                                48.717834857
                            ],
                            [
                                -122.320516161,
                                48.717599602
                            ],
                            [
                                -122.319908043,
                                48.717515047
                            ],
                            [
                                -122.319651705,
                                48.717613249
                            ],
                            [
                                -122.319720209,
                                48.71807288
                            ],
                            [
                                -122.319081338,
                                48.717698808
                            ],
                            [
                                -122.318522249,
                                48.717821745
                            ],
                            [
                                -122.31875349,
                                48.718749399
                            ],
                            [
                                -122.318461093,
                                48.719387599
                            ],
                            [
                                -122.318019423,
                                48.71975271
                            ],
                            [
                                -122.316744441,
                                48.719885471
                            ],
                            [
                                -122.316009797,
                                48.719590998
                            ],
                            [
                                -122.315154773,
                                48.718251343
                            ],
                            [
                                -122.315284428,
                                48.71703761
                            ],
                            [
                                -122.314072335,
                                48.716050175
                            ],
                            [
                                -122.313214519,
                                48.714794219
                            ],
                            [
                                -122.312585251,
                                48.714457885
                            ],
                            [
                                -122.312084049,
                                48.71482347
                            ],
                            [
                                -122.311789774,
                                48.714769792
                            ],
                            [
                                -122.311634376,
                                48.714639983
                            ],
                            [
                                -122.3118279,
                                48.713734468
                            ],
                            [
                                -122.311747503,
                                48.713273813
                            ],
                            [
                                -122.310445602,
                                48.71234716
                            ],
                            [
                                -122.309999003,
                                48.711579712
                            ],
                            [
                                -122.310054004,
                                48.711326932
                            ],
                            [
                                -122.310198525,
                                48.71132059
                            ],
                            [
                                -122.324545936,
                                48.711405604
                            ],
                            [
                                -122.324641925,
                                48.704756742
                            ],
                            [
                                -122.327468102,
                                48.706186735
                            ],
                            [
                                -122.329143153,
                                48.70658835
                            ],
                            [
                                -122.329999998,
                                48.706986151
                            ],
                            [
                                -122.330731103,
                                48.707757734
                            ],
                            [
                                -122.330784103,
                                48.708729734
                            ],
                            [
                                -122.332267103,
                                48.709080734
                            ],
                            [
                                -122.333853104,
                                48.709860734
                            ],
                            [
                                -122.335169692,
                                48.709527679
                            ],
                            [
                                -122.336255104,
                                48.709693734
                            ],
                            [
                                -122.337492741,
                                48.709591438
                            ],
                            [
                                -122.337519,
                                48.70759
                            ],
                            [
                                -122.343011761,
                                48.707621521
                            ],
                            [
                                -122.342720104,
                                48.706747733
                            ],
                            [
                                -122.342477104,
                                48.706636733
                            ]
                        ],
                        [
                            [
                                -122.311665363,
                                48.714655598
                            ],
                            [
                                -122.311679274,
                                48.714661156
                            ],
                            [
                                -122.311665362,
                                48.714655589
                            ],
                            [
                                -122.311665363,
                                48.714655598
                            ]
                        ],
                        [
                            [
                                -122.327040815,
                                48.706977257
                            ],
                            [
                                -122.326120141,
                                48.707610596
                            ],
                            [
                                -122.326067719,
                                48.708012398
                            ],
                            [
                                -122.32623171,
                                48.708066347
                            ],
                            [
                                -122.326249555,
                                48.708536286
                            ],
                            [
                                -122.325648741,
                                48.710915748
                            ],
                            [
                                -122.325657332,
                                48.711064944
                            ],
                            [
                                -122.326302685,
                                48.71093974
                            ],
                            [
                                -122.327041891,
                                48.711337924
                            ],
                            [
                                -122.329506112,
                                48.709384147
                            ],
                            [
                                -122.329798013,
                                48.708351482
                            ],
                            [
                                -122.329122759,
                                48.707600817
                            ],
                            [
                                -122.329135399,
                                48.70722319
                            ],
                            [
                                -122.3286117,
                                48.706868861
                            ],
                            [
                                -122.328134477,
                                48.706731744
                            ],
                            [
                                -122.327040815,
                                48.706977257
                            ]
                        ]
                    ],
                    [
                        [
                            [
                                -122.323642183,
                                48.715700508
                            ],
                            [
                                -122.32339428,
                                48.715411682
                            ],
                            [
                                -122.323438552,
                                48.715204994
                            ],
                            [
                                -122.324507636,
                                48.714266622
                            ],
                            [
                                -122.324483974,
                                48.716033957
                            ],
                            [
                                -122.323642183,
                                48.715700508
                            ]
                        ]
                    ],
                    [
                        [
                            [
                                -122.351699,
                                48.721428
                            ],
                            [
                                -122.351757,
                                48.71693
                            ],
                            [
                                -122.358554,
                                48.716968
                            ],
                            [
                                -122.358497,
                                48.721466
                            ],
                            [
                                -122.351699,
                                48.721428
                            ]
                        ]
                    ],
                    [
                        [
                            [
                                -122.364171,
                                48.725215
                            ],
                            [
                                -122.364227,
                                48.720717
                            ],
                            [
                                -122.371025,
                                48.720755
                            ],
                            [
                                -122.370969,
                                48.725252
                            ],
                            [
                                -122.364171,
                                48.725215
                            ]
                        ]
                    ],
                    [
                        [
                            [
                                -122.352841,
                                48.730692
                            ],
                            [
                                -122.352784,
                                48.73519
                            ],
                            [
                                -122.345984,
                                48.735152
                            ],
                            [
                                -122.346043,
                                48.730654
                            ],
                            [
                                -122.352841,
                                48.730692
                            ]
                        ]
                    ],
                    [
                        [
                            [
                                -122.360974,
                                48.738353
                            ],
                            [
                                -122.354174,
                                48.738315
                            ],
                            [
                                -122.354232,
                                48.733817
                            ],
                            [
                                -122.361031,
                                48.733855
                            ],
                            [
                                -122.360974,
                                48.738353
                            ]
                        ]
                    ],
                    [
                        [
                            [
                                -122.193703,
                                48.791759
                            ],
                            [
                                -122.186896,
                                48.791711
                            ],
                            [
                                -122.186969,
                                48.787213
                            ],
                            [
                                -122.193775,
                                48.787261
                            ],
                            [
                                -122.193703,
                                48.791759
                            ]
                        ]
                    ],
                    [
                        [
                            [
                                -122.200992,
                                48.808792
                            ],
                            [
                                -122.194182,
                                48.808745
                            ],
                            [
                                -122.194255,
                                48.804247
                            ],
                            [
                                -122.201063,
                                48.804295
                            ],
                            [
                                -122.200992,
                                48.808792
                            ]
                        ]
                    ],
                    [
                        [
                            [
                                -122.347248,
                                48.804774
                            ],
                            [
                                -122.347189,
                                48.809272
                            ],
                            [
                                -122.34038,
                                48.809233
                            ],
                            [
                                -122.340439,
                                48.804736
                            ],
                            [
                                -122.347248,
                                48.804774
                            ]
                        ]
                    ],
                    [
                        [
                            [
                                -122.218212,
                                48.821063
                            ],
                            [
                                -122.21819,
                                48.82247
                            ],
                            [
                                -122.224896,
                                48.822515
                            ],
                            [
                                -122.224894,
                                48.822699
                            ],
                            [
                                -122.225029,
                                48.8227
                            ],
                            [
                                -122.22496,
                                48.827198
                            ],
                            [
                                -122.218148,
                                48.827152
                            ],
                            [
                                -122.218151,
                                48.826968
                            ],
                            [
                                -122.218015,
                                48.826967
                            ],
                            [
                                -122.218036,
                                48.825634
                            ],
                            [
                                -122.211255,
                                48.825588
                            ],
                            [
                                -122.211401,
                                48.821017
                            ],
                            [
                                -122.218212,
                                48.821063
                            ]
                        ]
                    ],
                    [
                        [
                            [
                                -122.225025,
                                48.828554
                            ],
                            [
                                -122.225095,
                                48.824056
                            ],
                            [
                                -122.231906,
                                48.824102
                            ],
                            [
                                -122.231904,
                                48.82423
                            ],
                            [
                                -122.232674,
                                48.824235
                            ],
                            [
                                -122.232606,
                                48.828732
                            ],
                            [
                                -122.225794,
                                48.828687
                            ],
                            [
                                -122.225795,
                                48.828559
                            ],
                            [
                                -122.225025,
                                48.828554
                            ]
                        ]
                    ],
                    [
                        [
                            [
                                -122.303834,
                                48.83304
                            ],
                            [
                                -122.303896,
                                48.828543
                            ],
                            [
                                -122.310708,
                                48.828584
                            ],
                            [
                                -122.310646,
                                48.833081
                            ],
                            [
                                -122.303834,
                                48.83304
                            ]
                        ]
                    ],
                    [
                        [
                            [
                                -122.243337,
                                48.829063
                            ],
                            [
                                -122.243269,
                                48.83356
                            ],
                            [
                                -122.243122,
                                48.833688
                            ],
                            [
                                -122.23631,
                                48.833643
                            ],
                            [
                                -122.236378,
                                48.829146
                            ],
                            [
                                -122.236525,
                                48.829018
                            ],
                            [
                                -122.243337,
                                48.829063
                            ]
                        ]
                    ],
                    [
                        [
                            [
                                -122.170219,
                                48.840572
                            ],
                            [
                                -122.163406,
                                48.840523
                            ],
                            [
                                -122.163481,
                                48.836026
                            ],
                            [
                                -122.170294,
                                48.836075
                            ],
                            [
                                -122.170219,
                                48.840572
                            ]
                        ]
                    ],
                    [
                        [
                            [
                                -122.256115,
                                48.836309
                            ],
                            [
                                -122.263046,
                                48.836286
                            ],
                            [
                                -122.26298,
                                48.840784
                            ],
                            [
                                -122.256048,
                                48.840807
                            ],
                            [
                                -122.256115,
                                48.836309
                            ]
                        ]
                    ],
                    [
                        [
                            [
                                -122.290345,
                                48.845764
                            ],
                            [
                                -122.289436,
                                48.845758
                            ],
                            [
                                -122.289433,
                                48.845976
                            ],
                            [
                                -122.282619,
                                48.845934
                            ],
                            [
                                -122.282683,
                                48.841436
                            ],
                            [
                                -122.283592,
                                48.841442
                            ],
                            [
                                -122.283595,
                                48.841224
                            ],
                            [
                                -122.290409,
                                48.841266
                            ],
                            [
                                -122.290345,
                                48.845764
                            ]
                        ]
                    ],
                    [
                        [
                            [
                                -122.349589,
                                48.890177
                            ],
                            [
                                -122.356556,
                                48.890263
                            ],
                            [
                                -122.356499,
                                48.894761
                            ],
                            [
                                -122.34953,
                                48.894675
                            ],
                            [
                                -122.349589,
                                48.890177
                            ]
                        ]
                    ],
                    [
                        [
                            [
                                -122.136047,
                                48.91948
                            ],
                            [
                                -122.13605,
                                48.91933
                            ],
                            [
                                -122.13513,
                                48.919323
                            ],
                            [
                                -122.135208,
                                48.914826
                            ],
                            [
                                -122.144643,
                                48.914842
                            ],
                            [
                                -122.144567,
                                48.919339
                            ],
                            [
                                -122.142875,
                                48.919326
                            ],
                            [
                                -122.142871,
                                48.919531
                            ],
                            [
                                -122.136047,
                                48.91948
                            ]
                        ]
                    ],
                    [
                        [
                            [
                                -122.134005,
                                48.931658
                            ],
                            [
                                -122.132741,
                                48.931648
                            ],
                            [
                                -122.132775,
                                48.929716
                            ],
                            [
                                -122.132388,
                                48.929713
                            ],
                            [
                                -122.132466,
                                48.925216
                            ],
                            [
                                -122.132645,
                                48.925217
                            ],
                            [
                                -122.132685,
                                48.922878
                            ],
                            [
                                -122.13951,
                                48.922929
                            ],
                            [
                                -122.139475,
                                48.924945
                            ],
                            [
                                -122.141495,
                                48.92496
                            ],
                            [
                                -122.141451,
                                48.927518
                            ],
                            [
                                -122.143539,
                                48.927534
                            ],
                            [
                                -122.143513,
                                48.929041
                            ],
                            [
                                -122.146727,
                                48.929065
                            ],
                            [
                                -122.146651,
                                48.933562
                            ],
                            [
                                -122.135988,
                                48.933439
                            ],
                            [
                                -122.135998,
                                48.932886
                            ],
                            [
                                -122.133984,
                                48.932871
                            ],
                            [
                                -122.134005,
                                48.931658
                            ]
                        ]
                    ],
                    [
                        [
                            [
                                -122.153771,
                                48.942692
                            ],
                            [
                                -122.146943,
                                48.942641
                            ],
                            [
                                -122.14696,
                                48.941655
                            ],
                            [
                                -122.145354,
                                48.941643
                            ],
                            [
                                -122.145315,
                                48.94394
                            ],
                            [
                                -122.138488,
                                48.943889
                            ],
                            [
                                -122.138533,
                                48.94126
                            ],
                            [
                                -122.13739,
                                48.941251
                            ],
                            [
                                -122.137467,
                                48.936754
                            ],
                            [
                                -122.141458,
                                48.936784
                            ],
                            [
                                -122.141461,
                                48.936601
                            ],
                            [
                                -122.143934,
                                48.936619
                            ],
                            [
                                -122.143949,
                                48.935723
                            ],
                            [
                                -122.150776,
                                48.935774
                            ],
                            [
                                -122.150735,
                                48.938171
                            ],
                            [
                                -122.153847,
                                48.938194
                            ],
                            [
                                -122.153771,
                                48.942692
                            ]
                        ]
                    ],
                    [
                        [
                            [
                                -122.141305,
                                48.944139
                            ],
                            [
                                -122.145627,
                                48.944171
                            ],
                            [
                                -122.145639,
                                48.943442
                            ],
                            [
                                -122.152467,
                                48.943492
                            ],
                            [
                                -122.152396,
                                48.9477
                            ],
                            [
                                -122.156115,
                                48.947727
                            ],
                            [
                                -122.156039,
                                48.952225
                            ],
                            [
                                -122.153672,
                                48.952207
                            ],
                            [
                                -122.153636,
                                48.954323
                            ],
                            [
                                -122.148321,
                                48.954284
                            ],
                            [
                                -122.148273,
                                48.957072
                            ],
                            [
                                -122.141444,
                                48.957021
                            ],
                            [
                                -122.141638,
                                48.948639
                            ],
                            [
                                -122.141227,
                                48.948636
                            ],
                            [
                                -122.141305,
                                48.944139
                            ]
                        ],
                        [
                            [
                                -122.148475,
                                48.948129
                            ],
                            [
                                -122.148447,
                                48.949787
                            ],
                            [
                                -122.149251,
                                48.949793
                            ],
                            [
                                -122.149282,
                                48.947967
                            ],
                            [
                                -122.148068,
                                48.947958
                            ],
                            [
                                -122.148065,
                                48.948126
                            ],
                            [
                                -122.148475,
                                48.948129
                            ]
                        ]
                    ],
                    [
                        [
                            [
                                -122.304777,
                                48.966153
                            ],
                            [
                                -122.30484,
                                48.961656
                            ],
                            [
                                -122.31167,
                                48.961697
                            ],
                            [
                                -122.311608,
                                48.966194
                            ],
                            [
                                -122.304777,
                                48.966153
                            ]
                        ]
                    ],
                    [
                        [
                            [
                                -122.262757,
                                48.990532
                            ],
                            [
                                -122.262823,
                                48.986034
                            ],
                            [
                                -122.269657,
                                48.986078
                            ],
                            [
                                -122.269591,
                                48.990575
                            ],
                            [
                                -122.262757,
                                48.990532
                            ]
                        ]
                    ]
                ]
            },
            "properties": {}
        }
    ]
}